id,prediction
1250fe6ab2501ae4,0.5574620962142944
4fbab755bfcf465f,0.4582521617412567
4d6304cc98b81a8c,0.4464039206504822
a809b19c92e9daf4,0.5229052901268005
3ccad1bf7f44c589,0.5497136116027832
7795a06aa5cbe430,0.5444920063018799
28af0871a0681c07,0.49596747756004333
9280b1e7072fdc13,0.4734274744987488
6bf69513bef4c0c2,0.5378891825675964
f7fd604f6e07b199,0.4740971326828003
d8b4c33e8608d08d,0.5427978038787842
2e7153c0ccd7d034,0.4416428506374359
d0eb9c54bc3a37cd,0.5240966081619263
6c01fc2521a95590,0.41067421436309814
ffabbfb8b90f312b,0.4594460725784302
60116f1c52120a24,0.4635685086250305
7a59318e34aa61eb,0.4395999312400818
5ad7a6704a597906,0.5638278722763062
c5d1c3cdf2251742,0.5122827291488647
bcf0cae14588a6b6,0.5386613607406616
eff3cde2a6bfa7cd,0.5663237571716309
f5f9223e61004908,0.4344572126865387
7dbf422a00b5b453,0.5635846853256226
2e18f7fa801b66b5,0.4907643795013428
27c2d6c675b7d6fe,0.5438324213027954
d735b9ea8ab0c1f1,0.5023514628410339
a1dbdf2a82551998,0.48130136728286743
e326a8ca1387b8b4,0.3982697129249573
83d81a13ab44b0ec,0.49775928258895874
e423d691f0bef087,0.5218136310577393
b8449f8465f841f8,0.43295547366142273
396fcfbf8ca3938b,0.5142626166343689
a4f54ed36b6f2532,0.49994978308677673
f5f7749edea24aaf,0.5095376968383789
6031d7a0e5f7cbe9,0.47057580947875977
cbed1fe352738635,0.5601216554641724
43d032f08cafd06c,0.48035192489624023
398b454c07c94453,0.5177793502807617
98e58f51f46d41c8,0.4566933214664459
35e3b38a2c4c061d,0.48987942934036255
f669fed0d7b2be69,0.45407092571258545
4343a3198ad18f94,0.5241653919219971
286dcaceaf14195c,0.45017606019973755
6d31943d73e557f0,0.556207001209259
96fc1ab78fbc38bb,0.5038118362426758
9105e809298e7b66,0.5432643890380859
98689fbe16c8c5d8,0.5334087610244751
4119e6b9a996dc39,0.5453200340270996
0434d0e1d924225e,0.4661983847618103
add066c1ca678e3e,0.47491562366485596
8266bcf55befe5e7,0.5082284212112427
e127c97a40366419,0.531010627746582
fcac887caa93157c,0.518114447593689
ed36fd7023c90b88,0.5600775480270386
9a560ae1581e2d49,0.5299255847930908
dac65e9b0fd31a16,0.5173133611679077
aadd3b506a3dfc07,0.4887967109680176
5a9d379bfeb3c193,0.5096478462219238
1e39a79971888dc9,0.5057233572006226
9152c1406588aead,0.4279540479183197
f29b35ce10a05b93,0.40161216259002686
2761fd374af3c006,0.5281089544296265
f23d8ab48166bf67,0.5083735585212708
fc37a809cbb43ae4,0.499118447303772
e49cf9ccb8e9144a,0.5074177980422974
33b959d6d918c8e2,0.46688681840896606
0bff758ad8e741c0,0.5066090226173401
5a1b5492b76a5a20,0.4883740544319153
d2d81b425df0fccf,0.4046127200126648
368171c5e027b715,0.48782747983932495
344ed5be6f49ac1b,0.5162224769592285
b7fcc52840ebb5c7,0.44633278250694275
15d774f2052ed5d5,0.5401355624198914
8a5c75670c7f1066,0.4857967793941498
90a2c6cc0f287a4f,0.4959777295589447
d01d2cbf118f0d06,0.3790571689605713
4dd46f0d95f3f61b,0.4229899048805237
49cc7830d5417d02,0.5601825714111328
08000b54456bf6df,0.5239053964614868
0c7627d3c7257a25,0.5299809575080872
a6a0dca26d222c55,0.5470529198646545
8dcc49d22bac1c2c,0.5468828678131104
e2b27d8e249cf277,0.5417931079864502
cfa33f937eade2dc,0.4584122598171234
c420c831eeaf6200,0.524193286895752
140901dc450b5bd4,0.5222513675689697
c46ab2eb15de5bcf,0.5066874623298645
cceb81a2b5e42046,0.5284141302108765
6da4322f19f9fd60,0.5237640142440796
797c1918def91dfc,0.4602615237236023
0497842424b34377,0.510113000869751
6cc497d556ccdaea,0.49435701966285706
bf896477a64a7ddc,0.5097838044166565
26d69236552de05c,0.5641992092132568
95699fc630369940,0.544448733329773
8a2860c22b1614d3,0.45108190178871155
b6bddfbfd68c6c57,0.45101746916770935
1ac3d3c51700e6ee,0.43847739696502686
780832978c54ba4b,0.5095466375350952
67da8bf5ddfae55b,0.4216383993625641
a5a32c166bd1541c,0.5015366673469543
10d1c1c5c86de101,0.49087077379226685
b2cdc4158b134798,0.477242112159729
ce12535cef086afc,0.47608843445777893
df27746f33913448,0.4410141110420227
438b67056da2823c,0.4619031548500061
6582e935bcb7d153,0.52146315574646
16824a558c4409ad,0.5242706537246704
bdd4de8261e571a7,0.5204786062240601
3c17efcae543c3f1,0.5441856384277344
6f8b9cd6795e5a9b,0.46176519989967346
c96262a7417c27ee,0.4965374171733856
f811fe5c70fd65ca,0.4631844162940979
bc68dad37a757b68,0.4763295650482178
cde9f0619e9067c3,0.5173240900039673
34b5c377323ed662,0.496035099029541
26c9b93a4c466557,0.5128265619277954
b2820b79981a3037,0.5095818042755127
056b30701278e828,0.47639000415802
652940f4c0042532,0.5540290474891663
8778b3dc8c8baf55,0.48814257979393005
7ef76402b997dbc1,0.5248041152954102
5da7d9fea345ea09,0.5076701045036316
b48a0e6dc8f43633,0.5166823267936707
cb05a18955f7fecb,0.5214126110076904
57b4085f455e4091,0.49231666326522827
51e58f2a1292a8a1,0.5158129334449768
7bb87b23a4fb6e45,0.445740282535553
dd7a5a80050f7e95,0.4009014368057251
12d07c02c5a9f1e0,0.54792320728302
af2c156f264e62ae,0.5422430634498596
e51ffc46a74a4812,0.47812673449516296
336fd8e1638c96e8,0.4812556803226471
6cbd2479bdf1416d,0.5127997398376465
cd86e74b598c9e38,0.5090221166610718
7e33fd4940d75e39,0.5017359256744385
2b00271a130cd1f2,0.5199101567268372
945c3627da1d17e3,0.40420204401016235
58e84b0a096a9f7f,0.47530055046081543
d5d1bdba367d5d9b,0.4400605857372284
beb84a541b9670ad,0.4117008447647095
065d53a7ce0acece,0.5040854811668396
62e0a5d42b8e3ac1,0.5121703743934631
952c04b48ff09eb9,0.5221612453460693
a490f8418a01d948,0.4914766550064087
6f6fd89390a0dd9e,0.49665769934654236
58c0286d310efa19,0.5133388042449951
ad93812d0fdb426d,0.42533624172210693
5138204564910629,0.5270423889160156
0a29304fae0accd9,0.4280696511268616
28f16a43a49ccae4,0.5357290506362915
b86577416c00b3b9,0.5443052649497986
70ae0a1e9b45d737,0.5244410634040833
695db4cf6a0127bf,0.4962436854839325
924a4e5a530e5e97,0.5098366737365723
411ab10b223fea2a,0.49046874046325684
01ac0cdbc321ca32,0.4596359431743622
64366e421003fd91,0.5649204850196838
24e599afb5f59f05,0.49698305130004883
ad6c5757ecdbee37,0.553484320640564
c9162865f478b72b,0.38285285234451294
9ae85d678e149aeb,0.5261803865432739
e099ad466dbc16a1,0.5449673533439636
8210e765470b0ddd,0.46349647641181946
10cc92fb4dd6c45f,0.5523386001586914
43c1594e32ba4811,0.4817159175872803
ec913acd075182c7,0.5384329557418823
8c13db6272cc6e79,0.49350255727767944
58966663bb681194,0.4559357166290283
279fda23df721f28,0.5499869585037231
261f900cae677b8a,0.46254855394363403
644dbab569159eee,0.5209462642669678
cd8605388485be5f,0.5555760860443115
dfbb2d223a9dc599,0.565867006778717
bcd76b0242a5da10,0.5352716445922852
ffb294402d015dba,0.5029629468917847
3b7f5d74fdffcc2c,0.404807448387146
b6964f2d243ce3b4,0.5295026302337646
d1bb09ac61915136,0.5523543357849121
5dfe43036e536146,0.5405521392822266
c41b99c4b7a3d3e0,0.5296797156333923
a269e8966bdacae1,0.5264481902122498
92f1418fcb428e67,0.5518237352371216
ab3c18bfcafa2e7a,0.5046254992485046
60d641840b189b22,0.4873393774032593
d95075c567a8f898,0.5148435235023499
73c6556ed1ab8ea9,0.4913451075553894
0b0626d1bc975fb2,0.541954755783081
6073dff935d53f22,0.4538179636001587
fbc0a2ef085397f7,0.4954143166542053
789f045dfee9c06d,0.4601157307624817
cbcbc3f095ede178,0.48089152574539185
04e158a39908cd75,0.406665563583374
15ec9a41896fed5c,0.4341292977333069
58f07eb46f3860ec,0.5180214047431946
94e21bf9d279caa2,0.524296760559082
7a59a3f3ad48adb0,0.5583682656288147
0a48fc0638483288,0.540908694267273
9d1db92ad0182992,0.5317463278770447
a3adb048ca4af883,0.49194854497909546
6fb731b9a4fd8956,0.5041924118995667
5ca9123ee6c6edbc,0.5320863127708435
f7e251669a3f4b23,0.5365879535675049
0142043df0382aaf,0.49863970279693604
30dbd1b25f04a00f,0.5717564821243286
37230cab45311271,0.4744894206523895
faac9093f6ed899c,0.5455573797225952
04058000abc90feb,0.5299676656723022
cf0a1b949ac1b51d,0.44968658685684204
b36c6a2e66a37332,0.49523764848709106
a8491ae6ea9df903,0.44640859961509705
2b8828cb740101a5,0.5325345993041992
9784f1d013f1bc00,0.5015307664871216
f137bb535af5a61d,0.5461829900741577
b2497efb5675d49b,0.510009765625
5028a76609930f01,0.5134381055831909
c5184ffdd194f00b,0.5397413969039917
9a32a7a7e26f44ba,0.4879804253578186
218319c6a0e2ade3,0.4820282459259033
dec3d843f126c79d,0.5484384298324585
fe2b407d97fb3f9c,0.47986912727355957
c5cca4233f64349e,0.5021704435348511
d50910b9b6e7b42c,0.5447095632553101
1c447567c15450ea,0.38227641582489014
f2a8231228a64b3d,0.521196722984314
753565291f29236e,0.4409039616584778
e06e12d11c875dbe,0.49114513397216797
5f30562e27ad0b38,0.5469405055046082
4bf94204f29a3be8,0.518109917640686
7c8e4c30ce9654a4,0.4965910315513611
1286bd63ba5ccd19,0.5573123693466187
a2321ada75f1c64f,0.4232027530670166
b1a883b9e86ef78f,0.46992170810699463
059d44b2162c510c,0.49112051725387573
3cf799fc161ce2f4,0.4297657907009125
19ad0d1e64bd95bd,0.5313085317611694
910907706ab04d12,0.5074891448020935
e82ececca9d33f79,0.5547013282775879
6e11bf3b406181a0,0.519532322883606
d59fe1adfef01ac4,0.46857893466949463
163f0e0f54661968,0.472924143075943
782f51b3e3330d41,0.4900206923484802
d1394b326dabdd4d,0.4410436153411865
191136dd74345554,0.470256507396698
e30efb02ea3221f5,0.5075744390487671
3f5073af84c16a57,0.4997447729110718
308852f1c058e4de,0.4075944125652313
1f1d112bd7442ad0,0.5556907653808594
2d6703935c00ed20,0.571993350982666
133541c0d426af7f,0.49010616540908813
359104af02c2ce9e,0.5307280421257019
d45c0d4d7881f8be,0.5145120620727539
ce07e522d0885630,0.5018196105957031
b045895d8b4f3338,0.5452337265014648
9fb49eabd304b139,0.5518627166748047
5641185cd1d75930,0.49360954761505127
0a57b8b93341dcb2,0.4761499762535095
d0bcbcfc5be9b50d,0.5082260370254517
8a65e9fc89f9a147,0.4635328948497772
482305dcce44e5a2,0.5011951923370361
d96a2a0e1fa82622,0.40319085121154785
d547f4d2ac89835d,0.5265336632728577
92221fb0887a842c,0.44785282015800476
d200bf13ca4f8dfc,0.46450531482696533
cb0a67137af052f6,0.4554083049297333
47ac7c7b159640db,0.507892370223999
f540846f2b729afd,0.5149136781692505
d3e2453e3076ab87,0.521464467048645
97e09ea514e36f77,0.5095625519752502
4c80946dbdaef5b2,0.5394364595413208
97e9c9e412ddd768,0.5422041416168213
aeee7b65895431d9,0.48338156938552856
43ceb68460d2a92c,0.5339313745498657
53508c2c48370216,0.5118381977081299
6546d07bb706246e,0.4592363238334656
c5bc8fb5519b52cf,0.5225555896759033
7462eacdd63c69ae,0.5360552072525024
1c518ff724f4ae8d,0.529621958732605
fa367ba4b665dc04,0.530817449092865
d196afbba24b78cb,0.5184160470962524
349a7c2d71efbbba,0.5544085502624512
ff2067345a90d5c0,0.5049784183502197
3caea1ae27171bd7,0.5118868947029114
6d77bee2b51fab5a,0.502915620803833
ecf215285c55a288,0.5242066383361816
ea3482a21d0edd1d,0.5543292164802551
d252f183de2fa66f,0.48433738946914673
2e51e8e5d16fcd26,0.5549875497817993
3e8e5581b1ff5c11,0.4355238378047943
11a29d08a7be3792,0.49772709608078003
3e20c21fab57c4c3,0.5118132829666138
739a2ff43fae7933,0.46124744415283203
734f5d8b5483da2c,0.5132026672363281
9c0b6ff0e9087ee5,0.5031830072402954
49a87a6facca6d69,0.5173647999763489
9902e7f9262a6060,0.49859118461608887
ea7e5484021bb0c6,0.4769688844680786
b604cb07652fe0a5,0.46759700775146484
02d1b00c25b8d1d6,0.47296929359436035
e2f7f00c2b9c1a84,0.5343917608261108
13a0a988f818d27a,0.3538965582847595
e16331b6828d3bea,0.517291247844696
20c4d60e03a3607a,0.537049412727356
e540c37215924def,0.48314017057418823
0798fe85d13e0939,0.5051313638687134
fa95997cad3a5056,0.5139232873916626
16499378d5711aab,0.3821137547492981
7e288d4cef0ceaa1,0.4481448531150818
f23c0aeea1c32ee0,0.4049921929836273
118aeacab3392ecf,0.4704204797744751
f1c9e0214410bb5c,0.46558088064193726
c77652b431e61c1f,0.4379768967628479
1cf1e15311df1c40,0.5432519912719727
9368bdba410497e2,0.5180740356445312
a8d393c59f8e3f57,0.4588753581047058
c1dd0f6e197a66f0,0.4913191795349121
1a92ffef36cb3720,0.48448610305786133
4657e8f2abc8a755,0.5472923517227173
c9459883d860d0c4,0.4911784529685974
a3d69f5063780960,0.5079325437545776
01ddd2db0b3ab82b,0.532554030418396
a680699711bb3980,0.48386889696121216
5b4589baeb5976a0,0.564961314201355
d289d7c606bb9101,0.5367900729179382
586060c7cebaf9f3,0.5019752979278564
45f0ec3a64908fe1,0.437669962644577
3f774b76c007c971,0.48931705951690674
0a22300500ff7fc9,0.5346119403839111
cbf4735ab34034f6,0.5060571432113647
8fa69ce07cc197fa,0.5648599863052368
814f97af33640b69,0.5059650540351868
b3fdef6d77c452f3,0.44028139114379883
6d7f3c2a21dc1387,0.5074306726455688
794492b30e769715,0.5232793092727661
3f3769346fce63e2,0.5542100667953491
06b23e4da546ed6d,0.5601687431335449
ea52c45031bb545b,0.5262871980667114
9691a73fd4bd4a58,0.5128873586654663
63d372a66d866ac2,0.4866349995136261
2ca433e7c70d1e33,0.5208579301834106
c8fceb13b073136d,0.5504857301712036
e97150a3438233dd,0.5595201253890991
b298f254cf9e67b5,0.5090311765670776
2c4e313b35f15803,0.4364941716194153
a36f29529bf910bc,0.5143571496009827
4f8415cc5197c3b5,0.49254411458969116
a91a003c0b7d3a2e,0.5430052280426025
63220fb1aac92c66,0.46764352917671204
b9f6294945b19d4b,0.5074112415313721
cdb9147a9432df3a,0.5206655263900757
8174537a87cf50fc,0.44786137342453003
b4fb17605b531d8a,0.5200074911117554
c0b0b9ab938f6fe8,0.5333919525146484
8f01c4b267433d4f,0.47314491868019104
4ce17b851ac85383,0.44888073205947876
208a46609cb7d6ca,0.46818286180496216
b00d43248eb1b033,0.5236217975616455
d90ca5052e2175ea,0.4618195593357086
27d6d7c02a94257a,0.4535055458545685
e35e2acdf9faf78a,0.502066969871521
8210ba5a39007704,0.5470868945121765
7225ba7c9f607f87,0.4594801962375641
c3f28e9f9974dd1a,0.5554361939430237
c1213b8a6c3113d5,0.5170210003852844
62c2782ac46b31c1,0.5130857229232788
c42e1f7b047f8f97,0.4299336075782776
dd7bad6fbd16cfc7,0.5390101671218872
854be2e9286e79f5,0.48301172256469727
5d20be07fde028ee,0.48174968361854553
bfc095547fcc9910,0.5327669382095337
7e23b107dd9f4acd,0.5269707441329956
c6ee447ac035ff2c,0.46442627906799316
f2156431ed873d1a,0.5229803323745728
39778fe93bf3c0a9,0.5266141891479492
faca0dd5cad89cc3,0.5498149394989014
157bdaf9322d10a5,0.49226248264312744
6814f2ef089f93ba,0.520392894744873
5abeeb912ef1d36a,0.48177027702331543
053724736e65c824,0.5084741115570068
eee5c81b1affe48b,0.45089972019195557
6eff2d267937766f,0.5155506134033203
00b4d7e0848adfec,0.5242303609848022
de5295a94f8b4e34,0.45599040389060974
95172138538629fa,0.4030553698539734
806ad645844e4383,0.5036232471466064
10dad7ad79cb2c14,0.5492818355560303
ae938cae52366924,0.4461040198802948
12867897c4d4e2c8,0.5281475782394409
2699390ca07a0f38,0.4839162826538086
7af5569e93623618,0.5531709790229797
9d9a26428cd838fd,0.5152372121810913
caba9f97172c12ab,0.5181400775909424
83322054fcddbd25,0.5044841766357422
a7384fc948ea14fb,0.45761632919311523
e8790c5bcc7f1d73,0.5623760223388672
c813ce404d98816c,0.38851356506347656
7c6a8807a1d93a21,0.5602283477783203
0b80080d5e06cbb4,0.5137920379638672
e527a1d40699c3c1,0.5383994579315186
0ca7c86352fe9618,0.5165901184082031
c1723b4665d1f5eb,0.5201640129089355
63084e6ab0219d0c,0.4673425853252411
14d5065007ec0afc,0.4844735562801361
95fcf7056a9f9e5f,0.44187143445014954
f684d284847f7467,0.5378773808479309
b9d75c90400ace25,0.5189353227615356
987e263852945277,0.541374683380127
3798af3bc5b0755c,0.5211691856384277
d03afd8b9b021ebb,0.5289129018783569
6f544889a3243e53,0.49297285079956055
4d5321d6ede7fe56,0.5066344738006592
c3bbc4a38a82af99,0.5632650852203369
abcc4aece158a9e1,0.516907811164856
baa1eea41a20129b,0.5177969932556152
f65bd7f00b5affb8,0.5543003678321838
90ee09efc5730d37,0.4965060353279114
92004606cdaf9273,0.4928046464920044
ee0a58cbba1b9f31,0.3958277702331543
18553fb9a50418bd,0.5681086778640747
858d26093a758ec0,0.5124908089637756
2810a7a7e6668ce5,0.42873257398605347
ea08f8365df7f4f0,0.49189090728759766
fc25cb8c64341009,0.5085227489471436
b097e1e72e170ae4,0.5382473468780518
de4dbf01f8fd1eb5,0.557839035987854
ef7156f53cae5046,0.5053027272224426
d98d01f970389cc9,0.5555190443992615
9533880811f6e042,0.5411676168441772
2d567cfcb47a0750,0.5098074078559875
6a41904b32f512fa,0.46433091163635254
f1d8b31965e176ac,0.4867396950721741
a2eee2c60cdd04c6,0.476929634809494
431eee919844b3f4,0.44803768396377563
f8c76c5d1713b7a4,0.5095160007476807
1534a4fa88f2d593,0.5054143071174622
4b56da01b8c085a4,0.5020355582237244
46b5a4b48152c0d3,0.5322381258010864
f732efe69f337e97,0.476803719997406
fa3ab82f6859aa68,0.44051939249038696
5c163bd40d1883ff,0.5399652719497681
7e58017a13af4160,0.3469604253768921
c3fb6000a591a452,0.48685237765312195
4fbbd97cb1067d6c,0.45730656385421753
75e01b3741dc0781,0.5385863780975342
dbc7f272b28b598a,0.5284291505813599
1be10e2e357ecd24,0.44595494866371155
307940f3aa062e13,0.5086252689361572
6784e844870c3374,0.4897475242614746
ae02e39de6b19a20,0.5028467178344727
95c722a07a439759,0.5203765034675598
1ea89f8f601f20cd,0.44769689440727234
8a6a5d33840b5819,0.46875131130218506
c9e550a91d762fd7,0.5036712288856506
0818df421ffa800e,0.3851688504219055
7e5fa3635dfe9e7e,0.5474069714546204
3b34ee8559c61993,0.5375214219093323
7c1e8ba7ca71180b,0.5431241393089294
6ecb269a017fd7d8,0.4787548780441284
7b13c3f3fc46ffa7,0.4724668264389038
3491b10cf4ab397f,0.5212836265563965
331c0d218408c708,0.5484462976455688
e52f2ca00fa049ce,0.5005974769592285
41bad0f4d94c5ddc,0.46198004484176636
4cde062fd90896df,0.4570200443267822
47beac4f1c2e0d48,0.4914854168891907
bb99a2f5c115f653,0.5050375461578369
fb2839094fc0ebc1,0.4898192286491394
9d4627c487f46198,0.48965609073638916
2c540522d5f164f0,0.44223886728286743
03bf1aab305a2ccc,0.5608015060424805
5f932bf14a12d082,0.39546555280685425
d401807915ea6ecf,0.5153535604476929
4a02da109bcef770,0.5168933868408203
7bd4ddacbd73d710,0.4823704659938812
d9ca097240d56fc6,0.47406435012817383
b304696dcfecd5f3,0.5176347494125366
f24fb21d7d1db9c0,0.4961729347705841
600c62aa1c0200cc,0.5178579688072205
75b8852d766d8c69,0.555547833442688
5e2e0be720a0f748,0.4755235016345978
a2138496a261f00f,0.42346298694610596
6dbe333be1fc79b7,0.5094673037528992
8b61255b64dfed3a,0.4890131950378418
4c43125d23ef39bc,0.5568512678146362
1513fff643bd9548,0.39637017250061035
9941af95a82d9449,0.5325744152069092
fb5a98d830615c95,0.3544688820838928
3081f39ecfd24cc4,0.502834677696228
5cb1462fc3c452af,0.4722357392311096
568a2980cd0c89ae,0.5390710830688477
fda929fca2a208b8,0.52154541015625
adc0bc4e4fbf991c,0.5402546525001526
e466013ede060d44,0.5123348236083984
61962a0984a5c707,0.3992336392402649
5c87804b96c22562,0.5212172269821167
56c935dae41d6a7d,0.5045992136001587
06fe59fb072b3ec1,0.5014442801475525
36b36f9d7f56726b,0.537998616695404
6372f78f0ac522bc,0.5126221776008606
1b03cfd53a8ff974,0.5310481786727905
448b1dba023a10fb,0.5473504066467285
aa91ff590c3326c8,0.48358047008514404
f0dd5115e61815dd,0.46432870626449585
5d20b128382ab96d,0.48469147086143494
1c072dd80976dff8,0.5434964895248413
2f1e1856527cefe9,0.5063244104385376
2c5636d8a3f33a55,0.44958195090293884
b3c83d62d6c63a29,0.524384081363678
41b608c7c69ff62a,0.5099432468414307
17728278642097df,0.5168670415878296
2f5b766bd6cd23d5,0.5102347135543823
2b427f51e0d8d3f0,0.5230770111083984
0783f981fa54a088,0.5111914873123169
e1d50ca6d10fd4cc,0.4816145896911621
650c699575e956c2,0.5290336608886719
99920920dad8967a,0.4536580443382263
f0d63f66f4a80055,0.5313696265220642
6d2a616769659491,0.5406650304794312
0b88495c17478f94,0.5393061637878418
2233a17681a08800,0.5336267948150635
14c6e29da5c8fb3c,0.5018353462219238
8c656dce660a4866,0.5114491581916809
0cde06f28c886358,0.4776308536529541
680751318adba352,0.4400794506072998
db276c5c6e48ae82,0.5272297859191895
0977dd00a98f3acb,0.5095522999763489
8e9b783ab3d492f6,0.5353721976280212
c51257f302007234,0.529472827911377
2314a6a92328b6c5,0.508665919303894
f42e4342ff089df2,0.5279927253723145
673ff387e5d7da9e,0.48863685131073
fad087d7560e68eb,0.4592711627483368
1ffdc4dbe8157951,0.5421892404556274
69d2e4987996dd91,0.44667530059814453
96f517bfd4a71811,0.48277831077575684
9e79e9653d5cc93a,0.554767906665802
a21ed79d27362c9b,0.4714515209197998
67036ffdd26eca17,0.55686354637146
02bb700f1d616c6b,0.4763830304145813
67b8c09f6bb41304,0.5217543840408325
2d926351d4d3bb24,0.46696269512176514
2af5ca62275cf1d9,0.48748260736465454
bf527dc0c222d208,0.524239182472229
991e42a8f24d726c,0.5372510552406311
0ba413efcb23a231,0.489263117313385
4a1b04974fa1a6b4,0.462921679019928
0e41962fda4d3617,0.5035028457641602
57aec92bc50b2f5f,0.42743581533432007
2a66dbbb971a349e,0.5034600496292114
6e665c7d0f9c0f47,0.5257744789123535
adc0bbfbbdefc109,0.49669116735458374
de7e158288aff213,0.5563169717788696
7512441cd9938897,0.4821622371673584
63f2f52b83bf9676,0.4763947129249573
98856b25ac6e2f82,0.3966274857521057
16abca832b6976ae,0.49245068430900574
1fe8b80203194a1f,0.5413228273391724
464b7d2aa6ebff78,0.4374929666519165
9d44996f6049e6a4,0.49929964542388916
0c9e5c6369af7008,0.5072425603866577
3ec0b0e59e9e8e49,0.4632859230041504
2023efcf9ab963c0,0.4290178120136261
8ca0235375f52f40,0.5336235761642456
4ffa7985a48d2978,0.46333736181259155
fb8bcdd8ad4ebcfd,0.5077804923057556
340b22fc83ecb35e,0.5197240114212036
fc659c117040eac1,0.4572330117225647
adebc63f67a58e85,0.5031872391700745
3c79f24e85e2ad26,0.46991702914237976
df0f84f33e943953,0.5182257890701294
44f61ccf17ffef4c,0.48930254578590393
9f5fee7b96f69548,0.5327529907226562
cd6adb9f94ab73e6,0.517423152923584
f34151b0d9f1df16,0.5231226682662964
b965b65896bea6dc,0.47017109394073486
18996d59ac4bca73,0.5271123647689819
d9f2019e305c3853,0.5212914943695068
a657b9a6b72b26b5,0.5307261943817139
c88f70f1bac9db52,0.5054759979248047
9f8a2b832ab9a0d1,0.5421699285507202
a52abe348919552e,0.48914286494255066
2aa6c72b472f2dd4,0.46962952613830566
f0f654758c09eeb4,0.47885662317276
68fbaeecbcb723f1,0.4323667287826538
31aba77f167ccfd6,0.5233762264251709
4f905ebcaa775517,0.4433400630950928
bbc6c87e35f6beb5,0.5270612239837646
39c471c65fae2c19,0.5342053771018982
14ecf4c29c53d17b,0.5227904915809631
dbe7170172ea73a6,0.5132367610931396
e87532b27b6ed690,0.5045484900474548
807d52a2f214b4d4,0.5458695888519287
ad8104551460e45d,0.495914101600647
0849672144d04203,0.5366483926773071
91e2b58a0650b9d9,0.4882824718952179
c50ae0d7325ca120,0.5014608502388
e3cd09934976632c,0.5580507516860962
a162b96911f0a98f,0.5114665627479553
b14428a39df3a92c,0.5024056434631348
9384f881a4da6a53,0.5225691795349121
c8f7be930b65f726,0.5236520171165466
e1d8c6d8ef48b8aa,0.4742209017276764
7171cba43c88aec3,0.3832862675189972
0e2e9e6262b4e590,0.4526938199996948
ea0311b25a16d974,0.46668219566345215
f169d8807b0c30f6,0.5110322833061218
e6799d1a28b3c61c,0.4945923686027527
5d0ced29e9e4ae2b,0.4724574089050293
aa8eb6096f3c52b7,0.5020708441734314
2329d763e2b1f76f,0.5260955095291138
03d2a8f183c63225,0.45669713616371155
ec6fd0e29bc95599,0.5397586822509766
b633219c51a209b5,0.40333986282348633
56549dc1fa92d950,0.5135506391525269
be234881e78fb876,0.5219122171401978
4595acd84f6b4118,0.5036851763725281
03ebdb4c4dd1fcf2,0.513789176940918
1338ff605ab7edce,0.5563613176345825
53249240e6641a50,0.5259565711021423
06beeb745b4f5701,0.47055724263191223
b844850fa3b6d3ab,0.5344843864440918
58b6ab9c1915c9c8,0.5565348863601685
6aaa3abd318d7d5e,0.4947115480899811
f1b5fa46bed3f8bb,0.5020158290863037
2059c9e4b28ab37e,0.4552976191043854
d13a6f272701f6eb,0.5083978176116943
8f030cadddf2e056,0.4406951665878296
0681548f8b236742,0.5422964096069336
b4e9b0e0452ef357,0.49379342794418335
8a0e8715fbcab831,0.507814884185791
3c8d76b32b66b686,0.4917548894882202
06885efe1aa65007,0.4899798035621643
ec096f25862ab3a9,0.569424033164978
b6018414176b2570,0.3564595878124237
fa4a275ab871a905,0.5567623376846313
cb98fb138ece0002,0.4597014784812927
fcd38811d428239d,0.4856904149055481
4d8df99c2f990f28,0.5408498048782349
e9bfc31338084a75,0.5204702615737915
b0adee944cb9a4e2,0.5404987931251526
05de255849055faa,0.5039390921592712
e6188d25356aefbc,0.5508109331130981
75d6cce6da9f057d,0.5432034730911255
b719e6685b4e7108,0.5186260938644409
8cb228bfe8f5a434,0.49153947830200195
b9a4449c8c283d22,0.5152460932731628
c9663b421d597e52,0.4815276861190796
ea408a694c543a3a,0.5596880912780762
6e53791d702bd519,0.49882280826568604
9b217e8adf4d3d84,0.4620215892791748
50149d2776fb9393,0.47498366236686707
bde1ae6b39186d31,0.5277867913246155
c21bc801479dd7dd,0.48079317808151245
fcc9b483f02ee0c3,0.5136940479278564
377f78016c656d70,0.5538361072540283
0e645edd4c372263,0.5315126776695251
7a82e0d563295c0e,0.4762845039367676
e0c5f8d152c64d9b,0.5204386711120605
d8d39a9cb86516f1,0.46755534410476685
4eb007c9ff35c8f6,0.5225403308868408
c998d08daa4613f1,0.5042743682861328
1ddbd9350c8fda85,0.41989004611968994
3eff040a1c0b974b,0.5395845174789429
98e5cb0b93f09d24,0.5462892651557922
cb580dd5424227d2,0.35606831312179565
38136edfe6bb963f,0.5045002698898315
23850671561a5cf3,0.5331668853759766
11c01fc0c89ae17e,0.475941002368927
5f142d4098944ab8,0.536773145198822
b583b7d8036fb58e,0.48165327310562134
5bc0b104f09b3061,0.5248459577560425
88f7f383adea81f0,0.4948408603668213
4a6f46c4152a3374,0.5200072526931763
5bad0b6805b44c21,0.5546106100082397
3260077b3a1349df,0.467041552066803
a080095139409f49,0.544021725654602
af1aabe01d138f5e,0.4667731821537018
2c492a68e7c80590,0.4489544630050659
ec05760fc7ca8b80,0.4800860583782196
0f5599dc13664a4c,0.5164344906806946
3119b03ff27bd3fe,0.4947241246700287
a255ae69d6f0b028,0.5299775004386902
2fe5c3fa42ee17e0,0.49931228160858154
8a0b09ee53727d9f,0.5036883354187012
4e253f809ad4d38c,0.466306209564209
46a95b019898b0b4,0.5096806287765503
637b51aff318f6e1,0.5559524297714233
f476d0b62c6d17f1,0.5161213874816895
3ee81b0b52197d35,0.5135866403579712
5348d92bfe270bf3,0.5327915549278259
d6034641ac316561,0.4364519715309143
9452a2c45b1be903,0.5313376784324646
3b9c7334e87a445a,0.5021459460258484
c334220850aacc5a,0.4958452582359314
d07f2b93b2dbf0e6,0.5051654577255249
bf1b77e01a1660e7,0.49210435152053833
b004b9fb545c05bf,0.5450625419616699
a572e0b6070214b0,0.53653883934021
6152017150adb616,0.4970884919166565
3b5cef8bd046d562,0.525985598564148
a8fdc98134d14630,0.41640642285346985
317695ecd9b9ab3e,0.494334876537323
719217d5dea67572,0.5161727070808411
33d376904b5ebf77,0.4711894989013672
d0ee2f6df381b86d,0.4841419458389282
bb5f6e379a1b1c90,0.5519759654998779
ea58076ffd7fe327,0.4586317539215088
76dee50b1d171ce3,0.5345941781997681
faa422e324b1b0f2,0.5266655087471008
2eda223a7e5e59da,0.5280724763870239
3579a0fba70af3aa,0.524425745010376
89a5f39b83ca5992,0.5568354725837708
df79b41d6bd4968c,0.5276514291763306
2aa9c236063007a6,0.49397188425064087
2c2d06a236aecaf4,0.40604162216186523
6a721aa64773427c,0.4871353507041931
c802495fb86f201d,0.47810959815979004
914a73e2ae66bb7f,0.5204768776893616
3d14264ab4d0018e,0.49889296293258667
422b8d11247ff2d0,0.44826680421829224
03472ff4848af1a9,0.40307122468948364
7b807b9ae6d6efa0,0.5464246273040771
1eaa77156c3def59,0.4711264967918396
7cff9ff9ffe1a86c,0.45440739393234253
9f2d2add48f6bcdc,0.48508018255233765
baf0743a98308b20,0.5537075996398926
29c5f4be1d61e069,0.5261961817741394
eaab441bbb94d564,0.5034304857254028
65b4f53e20310fd0,0.4085952043533325
af0ca124d2d31965,0.5399706363677979
dfbaa2120f58fb56,0.5087741613388062
a2f860bf348874d9,0.478563129901886
e6d9546e579621b5,0.467311292886734
0302da75f564fbcb,0.49827420711517334
9d075404b544f6be,0.516778290271759
0c6df373e8178e9b,0.542523980140686
1fc218df68b8efe6,0.4743998348712921
ccd52a94a6c1fa64,0.54155033826828
f74d2a942455b2f9,0.5545017719268799
a0b09e396e04b905,0.5494363307952881
d80f27f105c08189,0.5163276791572571
e66b881f810ae7db,0.5024569630622864
1f7a5d511b197953,0.47212743759155273
7c80cf7c02a3ef6e,0.523206889629364
4a73d39ca31760eb,0.522184431552887
0fbb430803e51867,0.5412639379501343
fdd0091d85e8ef4d,0.4990869462490082
77f05c4dc7ed9b61,0.502221941947937
74f7179e8ffd0dd3,0.4795326590538025
4824cd82d04a65ab,0.5162370204925537
b29d5d155ef30363,0.409637987613678
bc8b75d1a5314230,0.47749608755111694
5254267602ccef0f,0.4676935374736786
cdc355dc62d269eb,0.533184289932251
7f5dd41884899dc4,0.5517023801803589
fe173436a942f65e,0.5518994331359863
4fd782322b70e55a,0.47515082359313965
e041af0316809172,0.5038217306137085
d52c5052db2dcaa1,0.5046855211257935
855706ea6b9da38e,0.4958471655845642
e9b40521a47f5cf5,0.501157283782959
72dcde2d20d8447c,0.4056203067302704
0d19010aa051be7f,0.5096893310546875
ae8d42dade89327e,0.5290790796279907
9fe59fddb2c45c2a,0.5319157838821411
a578103adbbdda00,0.519167959690094
992fa4cd1856e2d1,0.48094314336776733
438478b2f44bd504,0.5109550952911377
c81be89cc3260350,0.5215636491775513
9bdfc032b3f4591b,0.49603021144866943
d99a2f6e7a52805d,0.4481692612171173
1273c5aead3b7d9c,0.5143131017684937
cb31cb6337bc982b,0.48826417326927185
9f883fa0b521e3eb,0.5525155067443848
442fb965dca3a440,0.45121118426322937
c25e0ae8687b6890,0.41016072034835815
81674bd16367797d,0.4880330562591553
c3e1861376ec73f7,0.5148609280586243
f685a62e1433133e,0.5327739715576172
09e74b202c8c0f6e,0.4884968400001526
722cc7a9ef8f455a,0.3760080635547638
f880301eaa5e4f9e,0.46937257051467896
d123d8842bd0c15e,0.5351910591125488
d7e082ab2038ead8,0.4630104899406433
a0a39f1999e477f4,0.4768829643726349
59aa12abbc8c337a,0.4244658946990967
a70ac9f6d0ad3867,0.5308064222335815
8b60851aa2e38496,0.540037989616394
cfd55c1570e45968,0.5005079507827759
78a07798627e9fbe,0.5131480693817139
6172e63aa3e302d5,0.4722420573234558
95d071b3d6f5ac34,0.5225493907928467
2643e8e403ce3c84,0.4638828635215759
cbe7deab13fb4f71,0.5041886568069458
46c95d05af0180af,0.5494135618209839
e6f7e0b79f22cc65,0.5156943798065186
2ef383c171171de4,0.4792255163192749
de79c3967141c7ee,0.5103049874305725
128793b52b6793d9,0.44202232360839844
ced04221529f35f3,0.5280333757400513
01af960cbebb3ee9,0.5154903531074524
641653409ada2b11,0.5120410323143005
64309095952748f0,0.5027332305908203
d848eefd5b12f165,0.5378692746162415
4d938d12dcdf4acd,0.5098981857299805
205e8782ab15ef7b,0.47439056634902954
eb36d79e72d6c14e,0.5226202011108398
19e9a58d7f078635,0.5114726424217224
d22cde36d66f5098,0.4556984305381775
117ebd11bd22d957,0.5350067615509033
9878ba3f4b8ba719,0.4944767355918884
a02ff6d03cdcda9c,0.503580629825592
d20728fc61b4b7f8,0.489329069852829
b8024f552e9f2d8f,0.49097302556037903
7187a71c9125ed0d,0.4750758111476898
a7b9a2282a07f13b,0.5308613777160645
5e785a9f77d779b6,0.4929654002189636
b142def0ad1739f4,0.5563107132911682
3cd6109bc8896f84,0.5334787964820862
e98a6c74356b1fd9,0.49048352241516113
7ed003531658383c,0.5330256223678589
3dbc1778d958f5e6,0.5203406810760498
745c6da26534235a,0.5246766805648804
38bae70a808c5e89,0.4172220230102539
8b2ddc63f843688f,0.4774915874004364
0df93ba2b1faab5a,0.5396438837051392
0ba336eab06078ca,0.5204799175262451
671a7055def7e48e,0.4989321827888489
a13799462606f82b,0.48410800099372864
fc3c91c129df5b89,0.5362430810928345
12b382b44078baf9,0.5215409994125366
1f92be208ce7046d,0.5189592838287354
7673fb5aa104c7b7,0.5029112696647644
f3d1d85373ad992d,0.48005425930023193
c7ec6e77c81bf6bb,0.4999699592590332
e62957a1ab5e3524,0.5055723190307617
a10819513cfd27fa,0.3727908134460449
f50d2b8ad3985d73,0.51865553855896
e4c61a03472fc35d,0.4865475296974182
37e7ec4c5cd27469,0.5340116620063782
33bf831fd4901f6c,0.4615822434425354
499c45b0eeeb6afd,0.507384181022644
02ff0c883f83a943,0.4898664653301239
200cb7f6d5ff52b1,0.4200034439563751
e828f0d6f4374124,0.5541883111000061
8d20361f40679ef1,0.504786491394043
a60ca3c860eb0762,0.5279639959335327
aa983d6370f5c2d3,0.48554226756095886
2c99926af9ce4369,0.5388984680175781
22c7d817ea88c68b,0.473538339138031
2027d6f7f66ba31c,0.5661042928695679
a073231d898e1e68,0.5237179398536682
0a561b5a2ac4dfbe,0.4700735807418823
1d55f462eb49505f,0.47383368015289307
0bba4f52fd1bab28,0.4737500548362732
97d34471eaee2c50,0.47919315099716187
2a34d29c1c7ddebe,0.5463498830795288
c45ae835d8af54e1,0.48683106899261475
721973c14e2e1197,0.5637694001197815
6746f263f6576e6d,0.5463393330574036
2405b3b868cf26a6,0.5140142440795898
8f6a9e0e17065115,0.4912060499191284
b7bdb5d3e1c16eb8,0.5523121356964111
257bdd696bf1d115,0.4993343949317932
4693e46b5e4d6414,0.4794166088104248
866f08aa2a6326ff,0.4959042966365814
3debf687844feb76,0.5042693614959717
da86f5a41a83c8c6,0.5212796926498413
53b347156b3b445c,0.5326852202415466
a2d940ffeec7a666,0.5111985206604004
7a7b592c99b3d5a0,0.5256657600402832
3ed09e945dd8bdf6,0.4893983006477356
fc5145b5fa778491,0.519318699836731
5816836606370c54,0.47757989168167114
e8af614f4dfb6d93,0.5460208058357239
b06d4243727b267c,0.5101053714752197
871eb2b84223a764,0.5289312601089478
6095a7209d0c64df,0.4927648603916168
d965f717fbbb6550,0.45859792828559875
c5304086f6182834,0.4555915594100952
ce6e23b873445054,0.5655443668365479
d9e61ed7552cbc34,0.5121833086013794
73f0810a04382e99,0.4812157154083252
44383d0c0395bd30,0.5105873346328735
3c29093c7e58397c,0.5339879989624023
1246d9afb500ebd1,0.5222564935684204
08fce0218a1f26e3,0.4092338979244232
70f35352b627b3af,0.5378641486167908
a2b1308f967701f8,0.4730859398841858
da9958269a24851a,0.5564824938774109
2c03d3814d10ef24,0.5400850176811218
6c08ae664c591d5d,0.4933224320411682
6e67cc8970a759ac,0.5113953948020935
d597dc32617fc726,0.48503994941711426
507f393992185bc5,0.4862307608127594
84be02385965cb1d,0.5186153650283813
5fa1af0ac36525f9,0.46023935079574585
0b8d6c0a4adba6c3,0.4682006537914276
9964a5411b7aab12,0.4392661154270172
24a988cc32b6566a,0.5158501863479614
ea69f3c1345644d4,0.41447940468788147
51c035ab331b893f,0.5145217180252075
cd09cf0d779c50f4,0.5399256944656372
9229c3dd60f3070d,0.4607984125614166
b6632cd111d69d3a,0.5092859268188477
fd25454096b1ce27,0.533297061920166
cdf7180b81dd0edc,0.5090653896331787
5189c2988c1a5a11,0.539044976234436
53f5966f4dd384c9,0.520782470703125
b46834ea858efd0b,0.4767354428768158
44a0371c7377ef07,0.4955466091632843
55a7c89c251b98db,0.5209751129150391
3ce6279a0076c374,0.4206469655036926
ad65df3f3775e0ee,0.513593316078186
85f23801572f2564,0.4992298185825348
d2e266cffbc67b2e,0.5287365317344666
24149a05d3c8d3fc,0.48959624767303467
74e9466fd4b54cdb,0.5171654224395752
7b3d0cd7df6cd20b,0.5329021215438843
91569d01903e6304,0.3981177806854248
8c4f5964c08cc931,0.5173359513282776
c9cfe7b7d2f3cf8c,0.5133427381515503
082ba4b813b3c895,0.5280391573905945
39ce7400fe340d6e,0.5055443048477173
b2682df1c830a253,0.5275459289550781
67c2150edbf8978f,0.4989968538284302
9c1a9186983b721d,0.4787025451660156
5e58897dbced93eb,0.5195045471191406
a5edd8ac4104b837,0.5289161205291748
72eefaf36f344f5d,0.5558230876922607
6be2157087ed2bd2,0.5209326148033142
793db004355fbd9a,0.5130062103271484
293ab9be3d469a68,0.4685022830963135
6d3e050326d6e27f,0.46257078647613525
62f1db0c018109d5,0.5335396528244019
570557d0010103c7,0.4763014316558838
d5978456b70ea775,0.4941595196723938
432861b7d24bb675,0.5159737467765808
95d426b4b1a4f7ed,0.45687127113342285
b066c3a97145d619,0.5425602197647095
ebcec28cc1750ac9,0.4947795569896698
86901265621a7a30,0.4797675311565399
f7f9440b2de617fc,0.4824526011943817
742c4786bf709bb6,0.5141527056694031
61b01c79b75f28c7,0.505126953125
c0825ec9b871decc,0.5283478498458862
085aa798695f0031,0.4542158842086792
cbddfb7f45afef34,0.48454615473747253
2900b846b32314b9,0.5112277269363403
a913350def34041a,0.46913135051727295
e7477760f0dd05ca,0.48366162180900574
c760303875df89a1,0.5110699534416199
36025d1f5da60ab1,0.5368989109992981
78f72c0afdeb3bd4,0.5483404397964478
a706b3534db564ac,0.5029487013816833
7b538ad0452ade04,0.487044095993042
7d1878e5af129807,0.4340147376060486
df5c716dd44290ff,0.49616360664367676
4625c52a21e8dc42,0.49835866689682007
fbb21905d08ea53c,0.4971243739128113
790ba1127ba745db,0.5187022686004639
7f2849dd0bdbb7f5,0.5155308246612549
793935bf1ce343fe,0.4712448716163635
a83aa1e6ca859ebd,0.47659385204315186
de31c2b5ea2d0149,0.4861440062522888
ec6f844c0728e0ff,0.5214894413948059
001b152e2ae92dbb,0.5385709404945374
5c3bb4d93419b0f7,0.4166983664035797
c9b098956f2dd06d,0.489446222782135
41d5e2d040cec93f,0.5348027348518372
751232f42587f7f5,0.4973689913749695
77d23b35ca0a0984,0.5000091195106506
e21aad6dbe99108a,0.4823346734046936
b70b940799d6851f,0.48399436473846436
4cfb944d230e062a,0.5275352001190186
8e60e8d281589163,0.553149938583374
e8ba664ddfb10286,0.5055150389671326
97ea815960e2baaf,0.41159600019454956
4426dd8d924ab34e,0.46429508924484253
b6aaf5aad070a8c4,0.527595579624176
58063b33f83980ea,0.4193632900714874
8a7511a20ea8a13a,0.5513328313827515
db4fc1549c08af97,0.5531744956970215
e6f7cc036cb25583,0.48886561393737793
6e338c8b55c1cc33,0.5257406234741211
ae25942179672f74,0.4703958332538605
2dbc277cbe60527d,0.5172421932220459
4aed2b7c0075050a,0.5516899824142456
6c08a409fe5402ce,0.5280581712722778
c6eb6fa4b77b3ea4,0.49819666147232056
e00278bb57b65090,0.507980227470398
39953d0cfe8f88d1,0.46959975361824036
15f115b5b3413317,0.5128078460693359
1c4e63bc5fe2f779,0.4484650194644928
33d5259918915dd1,0.5218261480331421
1960149a79598fa0,0.37928906083106995
9a5d36739def31aa,0.5144786834716797
3a2f991d8b829cd6,0.4877955913543701
221cfd20ee1f21d4,0.5076804161071777
61f6558f14c0013f,0.4629886746406555
6baad1758bd25e76,0.4077722430229187
d971df9f1c639660,0.5519616007804871
1ba7bca278375511,0.5480965375900269
7f5c14e450c0183a,0.5115307569503784
e84e88f75b75469c,0.5198749303817749
d9cfef84223c355b,0.4499680995941162
c9aebd133789a964,0.4642685651779175
818cd5c587f675d6,0.54325932264328
60a798d9cc544ff4,0.499237060546875
37c26186144f0f9e,0.5046441555023193
e571b9642fb8f3cc,0.515916109085083
466b89fcdf604dd6,0.543725848197937
171779028cb2c2da,0.41767972707748413
c7a5990d6d1a1c76,0.5093970894813538
75800c3cb656df83,0.4708958566188812
36ed63397159e8df,0.4915107488632202
ba7fa2ea03e21cec,0.5095654726028442
36148a2ad96d2bc9,0.5261977910995483
4b3c0722987fd46e,0.524947464466095
01bcd240c213718d,0.4896698594093323
f2235dcb9f35f454,0.39824339747428894
064371a6e9e150a2,0.5425440073013306
66696ee7edfe65ff,0.5077759027481079
ff00b8f3bed17d9c,0.495341420173645
a1c3866636bc0b02,0.5540000200271606
9651506c6ca59f10,0.5163735151290894
9f89285523ea65e8,0.5236603021621704
963342dae0f745bc,0.5135531425476074
0fdbfc5265d87eb0,0.4816821217536926
207595bc0d8732fe,0.5116151571273804
561d5cd4f3d40698,0.5069122314453125
d62092fafb7ea922,0.488775372505188
ab70d0844e4a01ef,0.5090841054916382
ac2db96854ed0e64,0.4454670250415802
cd8c966244b3203d,0.534792959690094
5347e7dbecec0fd4,0.5388225317001343
c99aac06cc3cb9df,0.4735652208328247
6c9e04e85a20997e,0.5085479021072388
b80cea973861cf51,0.538859486579895
9fc40fa2d8763730,0.5177909135818481
ba437eec0849339b,0.49459969997406006
e8445eebb5de78de,0.523655354976654
d4d378c88229148d,0.4843718707561493
26d95b354067b599,0.5244933366775513
424b40efc604d299,0.5277411341667175
155b7fc6730c32c9,0.46874481439590454
0c93336b66edd0ec,0.5528950095176697
cd50e97f880a9998,0.4687051773071289
1d37ab47a76bf2f2,0.4584318995475769
4f00f84f097b7a5e,0.5064198970794678
d8e4bc4c7e5a6da2,0.5095012187957764
0ad1cfb948c512df,0.5492379665374756
1e812b52a3010224,0.5098151564598083
3453b437414d4251,0.4979555010795593
d18485982f043fdf,0.5301699042320251
5ab2eab9e8dacf02,0.4853971600532532
f6f1cc488cabcb68,0.48638996481895447
63cfcf8b2aaa9eda,0.5271775722503662
ff8680013c4e03ba,0.532605767250061
2932d4d7167d707b,0.5514394044876099
b5ecb3bd95386b6f,0.5418387055397034
89689df9220d2430,0.4806874990463257
9616ca3b5473cd03,0.4927314817905426
7e9187bac38ce4c9,0.47490859031677246
4686144f420148dd,0.5024135112762451
4ea3633b5d5ea503,0.4911237955093384
f2882ab63b6e884e,0.5092733502388
3b3efa24dc4e023e,0.5037420988082886
643f41e370281f06,0.4758284389972687
756b4bbeb6d833fe,0.529041051864624
6a7ce83defdf046d,0.45355695486068726
56bc66cac41d6cc0,0.49805331230163574
90d7321c97122b7b,0.539174497127533
7dcddd9cadf65537,0.5458563566207886
b6a9c5ca1b50217b,0.5541349649429321
1282af8b30269004,0.49340373277664185
2b46c72a1b5ed1c5,0.5141758918762207
f365bf0375251423,0.38760584592819214
e49cae1f67bd4831,0.5178883671760559
dafd781171a521bc,0.4955746829509735
c16243b1171354dd,0.48345327377319336
ab35140daca0af2a,0.42782062292099
502b309b4964a722,0.4578864574432373
8bad7e256479f155,0.5202856659889221
48da2f7c6943b18c,0.46407628059387207
fd4f4e033d3da993,0.5013382434844971
1058863b1f450200,0.5281028747558594
01db17da663786ed,0.5475236177444458
2e8a62f0dc3334e5,0.535365641117096
20e9c2b9f0b9f2ef,0.4783289134502411
3ce4f032c8f1bb13,0.520750880241394
a52cbe34d7d22e14,0.4657628536224365
9331975f8ca125a2,0.4416261911392212
2c32f3a93011ec35,0.5495927333831787
db649fcb4198d72e,0.5021098852157593
287f66b9dc1cedb0,0.516273021697998
083005767cafc5d5,0.5391491651535034
8548ce9c2c94ccb7,0.4857702851295471
e2a27fe580941348,0.5048508644104004
368c4e924374b958,0.41409897804260254
d8cafc7b99cbeac0,0.47900325059890747
b1e26699a000570b,0.4627779722213745
9a1280a3cb35f931,0.5144715309143066
1db3d5d1350a991f,0.42001116275787354
6c91c8544f0bed3c,0.5397861003875732
460dd5f58a04d2b7,0.5238308310508728
4eee91acea2ad37a,0.5301740169525146
6fc410e8e065179f,0.4844570755958557
6ef189b6d009f8fc,0.46468502283096313
8cf2be6b2f48860e,0.47391223907470703
0b8731d684721333,0.38031694293022156
e4f77f235a9350f6,0.5093635320663452
703f51477c17c954,0.5465439558029175
da0da105785c6b88,0.5194066762924194
843441c326654d71,0.46050626039505005
a931390a46df12e6,0.5552634000778198
1ccb35fc03643fb9,0.46160566806793213
7fd0b237bdc4637b,0.4516734480857849
49e55e6fff55dac5,0.5396289229393005
2faa8c7417670a9e,0.43174365162849426
d1c7dd1cbdaf9f67,0.5085171461105347
d2fcdd7308110723,0.4886467456817627
96988f7b5cdd84e0,0.4624252915382385
b9a7aba505245234,0.4368963837623596
d4245bd02965186d,0.3968510627746582
0f506dcbebc353a5,0.39195775985717773
003bcadc560022c3,0.5517517328262329
40d8d025a9c5fbe5,0.49970144033432007
67c0144ab1a2df20,0.5329054594039917
99816557f5c0296e,0.5100095868110657
1386562ae2b88c1d,0.5299007892608643
a5b9d90a85eff40b,0.48385196924209595
982f9968fa43d776,0.5419812202453613
3880096fdb8a94bd,0.5193455815315247
200ef8eccc4fd605,0.5104421377182007
bfdfe49ee1b80229,0.530493438243866
21d71c9d82344457,0.47704747319221497
0242395be7364dc7,0.5438100099563599
8cdc3e5d82458a30,0.5200396776199341
6e13bc2c84ca8658,0.5396360158920288
7bbeba763c2b44b1,0.48187100887298584
1ceacd8622374b02,0.5324978828430176
40d62cb26f074fe5,0.4751281142234802
f7bcbd6dd85edda3,0.5463491678237915
82c9c31b28f31c9d,0.5051820278167725
76eb26fb80ab17fc,0.48489809036254883
f77597c6154295c6,0.5121334195137024
e40af9053632dfe9,0.4655599594116211
7ed52b2786c66b33,0.49810874462127686
df5bc2181753a3c1,0.5149376392364502
86397164ee64ebac,0.5095014572143555
e67fa0a5dab75eb7,0.4914078712463379
5c68274d397026ed,0.508873701095581
d1e6b2f798f0f493,0.4741136431694031
6b5f1f5023085471,0.49393701553344727
ab86dbe70d9e931c,0.45604753494262695
82928119ad4cbd58,0.4302141070365906
701f2e26adfabd99,0.5042195320129395
6c8264bf13acd4c5,0.4982144236564636
7355e59ef7bd9809,0.4970439076423645
c229362411902074,0.48767969012260437
e91acedb3815e96e,0.489373117685318
97bf020e318afd34,0.4254235327243805
5ca8b42035471c53,0.5158955454826355
3cb71bd32f48514b,0.4786117374897003
69cfb956e0bb45d2,0.5339598655700684
96366fdc7b02fccd,0.5338414907455444
d4813936e7b86ed8,0.5039757490158081
90f479ad9970f627,0.5131570100784302
a78af6319d17adfb,0.5351822376251221
e9655b141b567e3a,0.5496277213096619
87cad563a3182a4b,0.5523241758346558
f8091062410ad9dd,0.477294921875
bc637014ca83420a,0.5304720401763916
d53caadf026ec8d1,0.5410308837890625
d277563bd247f255,0.4520069360733032
ce6e2b7d47846116,0.5121166110038757
76d916289911e550,0.48000991344451904
eb2db89d67ffaa6c,0.5110491514205933
597b0789a5838127,0.4619179964065552
d0999da83d4b6ac4,0.49088531732559204
37ae0307a9bdabec,0.5280700325965881
c515bd921332c4a7,0.4995361566543579
847c89a9b0371d47,0.5416158437728882
c94e451f91ecb725,0.4767191410064697
a06c83f17a1cd2fc,0.5006268620491028
ca270cfda03169ac,0.5122281908988953
94f29117220ee13f,0.539488673210144
e9286ddda5105272,0.48752498626708984
52fcea08032dc454,0.4869937300682068
bb831f31bfade395,0.5229941606521606
1bbac6286d53e48a,0.4934931993484497
a01035009ebcb2ff,0.5031198263168335
e613ff8906bcd990,0.4893624186515808
3b744e39c420e383,0.5406808257102966
2c9487271aa6adce,0.5015334486961365
8ed23b43a771b49f,0.45444613695144653
5f0aa4d38955f1b0,0.5278751850128174
d2508a1e8070e572,0.539067268371582
9c45ef29bd3b484c,0.5014368295669556
5ecba6de82229b33,0.44659578800201416
688a7ad30d3e71c9,0.46363353729248047
3ed899838e9f5d49,0.3907703459262848
67a8308178158f7a,0.4972902834415436
34e3fabfa8727c99,0.5311832427978516
fa59de500a4c2629,0.5008702278137207
9c5f578093c31575,0.5051753520965576
6a57f4bb5712a199,0.48140162229537964
b5518339ea8c40df,0.5358904600143433
483b92b43fc6084e,0.5086830854415894
09fcf2db2a39fe97,0.5081644654273987
30eb23d32d87b7f5,0.4547866880893707
dac57794f1e78970,0.5503472089767456
85b2bc12a45ee554,0.4864092469215393
646647554f6ccebe,0.5143133401870728
6d8ad854f3c5a03d,0.44825980067253113
663ed8f30b72dd17,0.514161229133606
dfeb2f23be8ac6c1,0.5161866545677185
29972645efeabb6a,0.529698371887207
158165743263171f,0.4995442032814026
b33a53c2ce4e9400,0.4939519166946411
a65b89f1d77d1548,0.5405093431472778
b55a09b2ff7f5052,0.5160258412361145
1f0e283fa84a35a3,0.5127487182617188
b70463dde5b88355,0.47252213954925537
f5f0f29024a2558c,0.5112076997756958
867df342828c11db,0.5313353538513184
d45050b9ea20316c,0.5177698135375977
190bb8e5d9a012dc,0.5418620109558105
2b0e4025430c556b,0.4825207591056824
751961d382eea1e7,0.5285657644271851
830982b025be8845,0.4194885492324829
29b1e9038869f0ab,0.5442725419998169
c3df647c24a4d398,0.49109554290771484
cf689c8ca0bb3dd4,0.49959659576416016
07d1339c7eaff1d7,0.5461362600326538
aa76312b62c5f69d,0.4887266159057617
34c07892e8dc640f,0.5230566263198853
d1a87ca431aa855a,0.4892696738243103
6a314747f092eec0,0.46960753202438354
6eedcd9940abf3d6,0.5460821390151978
cdf569473af8173e,0.496833860874176
16dcf0aa2ac7ea5e,0.4555894136428833
39ba97b07077d841,0.5271298289299011
5848ba1bce3029a6,0.5319067239761353
ec8eba0b5f2d6f3a,0.3715192675590515
429ccca8c1807162,0.5523775815963745
2c625bfe53de4bf8,0.5422532558441162
0e9a961d846620b5,0.499146044254303
28d6388da42a0893,0.5403433442115784
d9401ba85a0d7110,0.44905078411102295
61db21cee8e16674,0.5269134044647217
91ed053bd94042cc,0.5052721500396729
a340068caa5274c5,0.46852707862854004
9dbc3a01e51234ca,0.43772900104522705
566420bc8f8b82bc,0.5110478401184082
c93a1d4323af5879,0.4706280827522278
273546cec5f15a4f,0.5153014659881592
beaa06d23d1c9537,0.5482953190803528
6c2c5fd8cfadc6b6,0.4973495602607727
5830b2859866a794,0.4782761335372925
29e537a4de2eb69b,0.509178638458252
856b4bc6f071802c,0.46574851870536804
47f842f4a45a146b,0.4753809869289398
0614750b062e949a,0.5351682901382446
904d7f2dc3de46eb,0.5118476152420044
ba636f0aa046b7dd,0.4668579697608948
a56d53a85f5ce3ff,0.49482864141464233
0dc9a904a84a3bdf,0.48554810881614685
e8aaa91c6beb8d42,0.4756350517272949
48721fbe0d8321ff,0.49223172664642334
5cff6b5680142487,0.5451722145080566
2e020dc866a628a2,0.47493302822113037
5da1431b7c405dea,0.5460987687110901
e02bac57df96e5b4,0.4823282063007355
9efa596c679194f9,0.5139481425285339
7cc76adb610d411f,0.4841003715991974
677dfc0b9f687224,0.42136985063552856
efe4a9e6fc646125,0.4890037775039673
96f6037cab588b04,0.49984174966812134
8e65314724e33bca,0.49606579542160034
cdd98f08c60cd093,0.5182570815086365
b44bfee0df46ba46,0.545078456401825
0b692159c74db529,0.4868031442165375
a8f268d2dbdffc06,0.5129181742668152
60de433fa6ddd739,0.496964693069458
f28edaae8bbd8f5d,0.5353304147720337
8c3b1e23534b7575,0.5294320583343506
0d1a326646f4d47e,0.4883285462856293
b2752074ab40346a,0.4987717568874359
c1db155a7c835e90,0.5498679876327515
b25c2fcc25aea4e8,0.5422132015228271
8cb8302f38a50a42,0.49778980016708374
fdf8f05aa796f0e1,0.5394406318664551
4b8c552c99920c7b,0.4894682765007019
26df1901e11ea00b,0.4504324197769165
08cd529dfa03d489,0.5151035189628601
db79f3353b55d868,0.5093863010406494
5df57f98671f04ec,0.5446494221687317
a6badb303cd115e1,0.4682810306549072
e29182f723c0caee,0.48555853962898254
4a839f466f876fc5,0.4938849210739136
b01fad3629848c79,0.523567259311676
49a712ad729cc19d,0.475666880607605
1d2549a908f9ddad,0.5337579846382141
ba97bd94c54d0710,0.4495808482170105
6c840c9646c585f7,0.5207918286323547
dbb3fc3a56eb3001,0.5351712703704834
4aef6fc81820af97,0.5202641487121582
4d6423cb918d11a9,0.47864410281181335
c0a7129d7b6ddfe3,0.551332950592041
8baf1c77c75e4170,0.5417172908782959
fd33523d92ac348c,0.4986375570297241
eed8264e621d26ba,0.49934133887290955
c1bd2fdc51f509ac,0.4946935176849365
9f08b2c6d448d4bd,0.5078799724578857
1d898c4fe33cf570,0.4875339865684509
ae5d1bd56757e2ce,0.4948160648345947
4a2cb3e750aeb952,0.4827766418457031
fad5b16ce6a61fe4,0.4995760917663574
9acd38757086bb40,0.4698324203491211
118ad4aaf9a5f9c4,0.5140666961669922
305c1324721d9810,0.5135875940322876
1be3ccdcb6a06237,0.525641679763794
0d0a5fdf8b716e24,0.46119391918182373
0adf31dc747368f0,0.47869354486465454
7f13578b0944bf94,0.475938081741333
ef17cbf1c68a34ac,0.5114895105361938
0fcb5bc641c39fcf,0.44245657324790955
1e15261e30827661,0.37082409858703613
265e3123cc080056,0.4979419410228729
a40ac2248e249b43,0.5207017660140991
7a157a3dcb53ea3d,0.48184749484062195
750295d4495ad991,0.5117003917694092
a1c168753923562a,0.5419936180114746
b79cad069f0e8781,0.5313280820846558
1878677b8464246e,0.5030986666679382
0d7683876af60185,0.5407394170761108
5acf0f060796d457,0.4869982600212097
1500d3c03a539f9f,0.39684683084487915
c4619a92571bdf64,0.5058948993682861
b249ce0e74c8f6b7,0.5069398880004883
ca085d9ed0b73a9e,0.5003607869148254
5ef559f7d55cbf67,0.5260209441184998
3978c216391051a1,0.5305331945419312
6003f9cf83d0d463,0.4170025587081909
bfd48c43aac6e03b,0.4499267339706421
5b23045c5e91c5e0,0.4890558421611786
d272a6ea6e5bc001,0.5127487182617188
b8d978c4711c2fde,0.5413708090782166
db55f1957ca4f25c,0.4896414875984192
63159a3b706652b7,0.5341551899909973
70f15717d0452f91,0.5383807420730591
51cecd65880f9f85,0.5342227220535278
c863ec36ca84d953,0.537029504776001
c12efa3829235c33,0.5057568550109863
6dc70f00e02b5f63,0.5065516233444214
bc2ca35ec8cb3144,0.42946964502334595
8fab517f8054589b,0.47587743401527405
23b24be8421989d4,0.4951792359352112
767525641ecd6ecc,0.5049828290939331
987fedb36cc2651e,0.476465106010437
7f4e64884016765a,0.41875120997428894
9a7eecc9f7b52ddd,0.5327509641647339
ef20f197dc6d164e,0.5258259773254395
b52b1c15be789a47,0.5060998201370239
a83a05e98d5f46c6,0.52427077293396
7c4cdd4a835cbe3a,0.5439300537109375
fdcb9f2c4d2ae187,0.5182263851165771
1672e08186c7eaa5,0.5077106952667236
7ae70f4671683502,0.4948469400405884
70a227b864b71d07,0.5363466739654541
1f74b9f818d4f1cd,0.5274993777275085
496dab593f2aac1d,0.46674519777297974
c30a7ee73a43e88a,0.5034749507904053
0c2689466a7a333f,0.477941632270813
8d8149b5934315f0,0.4970286190509796
23bc29382eb02754,0.5231571197509766
4dfdbdab586a63c1,0.5482392311096191
310c853cde0d5e02,0.4672761559486389
c0c24087c8cd23ad,0.48982423543930054
a5edb76757e6abcb,0.3907516598701477
04045d302ae83170,0.5613949298858643
72af6b29736710fc,0.5025776624679565
01859200131484ba,0.5138190984725952
401bae024a3a96b6,0.4197327792644501
261876c212f3070d,0.5011980533599854
d5943357401792d9,0.5294551849365234
a3b6ae0622a12040,0.507440447807312
63e3a98cd3ef6ccb,0.4952770173549652
1cf9def1834b917b,0.5078491568565369
cf0151abe2dfac02,0.37338322401046753
f8f8acb9f9152101,0.5175131559371948
46d905fa07c5f506,0.5133020281791687
5eec1f94d6dad6c0,0.4767073094844818
15cade9bad93cdbb,0.5142615437507629
3b9bdc0209d44a8d,0.5070131421089172
a64a77dfb1b65bfc,0.5033665895462036
ce97167b38c51cb3,0.5167068243026733
8348e0986ba57315,0.4991007149219513
4a630f7051a071f3,0.4562503695487976
2484c68e287a3a53,0.487395703792572
78f87a512922a086,0.4971787929534912
958774c387cdbd1a,0.47571492195129395
ef6412697268c42e,0.46927130222320557
b3ee570451c23f12,0.46887025237083435
42c661597ad8565f,0.5314667224884033
fc66d80a666eb4a3,0.5036575198173523
b8bc7b49047eb2c8,0.49718230962753296
18fa7194c32d3201,0.5259103178977966
90dfac01d937fac6,0.43987131118774414
28bdfc846ac0c6d4,0.4323713183403015
bfde2d1695841d7f,0.517969012260437
36368bba6ddda61b,0.5472759008407593
a356eb6fb85249e6,0.472148060798645
8f10f26e2251039d,0.49145734310150146
96330627d45ffeb1,0.4630543887615204
321d7f3f06d81972,0.4780641198158264
362a4d238bde15ed,0.5568885207176208
2620f9f276196f81,0.47877833247184753
cfabed3dba92e7a7,0.5000770092010498
fb1d7cbdcaa47fb2,0.469487726688385
302afad865740b72,0.5383334159851074
c965185abc15d80b,0.5559988617897034
b5d97494bc5e1721,0.542591392993927
471bd81741b2ecd0,0.5320088267326355
9cf16953d8033bba,0.4370768070220947
98346b2d6dd94d97,0.5213766694068909
557edad683046771,0.47011715173721313
3192bad6c7d509aa,0.5347718000411987
528268ccb80f69da,0.4168996512889862
f5313267db045498,0.5477885603904724
ca3dc230db530cf8,0.4808104336261749
5a7ddfdca04df007,0.5009356141090393
4ca5a059aa66adc9,0.5365082025527954
b40e6ec13291a795,0.5156394243240356
4e108f7bde7f4686,0.4542999267578125
de98ce97a3f9f1e8,0.5092496275901794
3a72812a9951d6c1,0.5242568850517273
28aac22673edbef4,0.5175134539604187
4b61416a51a5a793,0.5532964468002319
d52a353e4968c4bc,0.4888012707233429
dc270cac209fa08b,0.48751431703567505
d480f8f458f74c86,0.5112354755401611
56e6747996306633,0.5063077807426453
eb82fec2c2739d6d,0.47680744528770447
f28dda2dfe66ed2b,0.54045170545578
d90eb2ad1b7f23a6,0.490837424993515
68e2918c5b291ec7,0.5181078910827637
f8770600fb311153,0.5050587058067322
517f3dbb5584b41a,0.5066249370574951
6ff1ca0c8e153661,0.49117159843444824
411dd60c5471b372,0.49014273285865784
927fbf156a514671,0.5132636427879333
04e23d4046118134,0.5419007539749146
86ddb286d831b865,0.4915185570716858
8fb0960d14a0e398,0.417705774307251
9f02d1aaecc30f31,0.524455189704895
0ad62df4aa623615,0.5220661163330078
f6b328481450565c,0.5300214290618896
bdb191aa1146a2c5,0.5513306856155396
c9f36a3608e9b7ee,0.5414774417877197
b547d656f2e24fa4,0.4882606267929077
51feec706c0ce305,0.538500964641571
912b82724f44fa33,0.5066418051719666
c5796c56dc373262,0.5362273454666138
4580b12731e85f73,0.452705979347229
73e3179d6b44f0b0,0.48962289094924927
3c2cd4359f2dde94,0.46392834186553955
547721759e7650d9,0.5400196313858032
1fa50477f10d1496,0.5155951976776123
953dd39f1b731a53,0.5426117181777954
7d49674751dcbb28,0.5405535697937012
af61d2763192c76d,0.5133784413337708
febc93761226d9a8,0.5418862700462341
0e7b77694efac948,0.5275382995605469
0c80756124ff4cc7,0.508827269077301
61c91bbd4e3be01f,0.45712941884994507
3b7d154c7b259a30,0.4979633390903473
4f7989360439bb79,0.37861311435699463
eb89fdeb52f4955e,0.5038204193115234
11c1ae0b9c05f343,0.5300406217575073
569ca55c2338677d,0.4295991063117981
4dcca38214de2499,0.5024789571762085
eab9ff30667e6bc0,0.5390050411224365
56c7d6ae0d8f67dd,0.4738841652870178
8e4cf81aa6cb3bfa,0.54691082239151
ad1cea13d2a88c15,0.49016812443733215
b9e8c990f8fd89e8,0.5153661370277405
3969af6bb35735ef,0.5205632448196411
4fc6de3919bbf565,0.5026062726974487
34b2e6495694fb67,0.5503720045089722
b09e05a44f7f5bcf,0.3907262086868286
73d4bc46b9ed7701,0.5024728775024414
b318f0ffde3fdca8,0.5425529479980469
3da56ca723795502,0.5031443238258362
1580c0d9b418b7c6,0.49707940220832825
82214d6cf9625324,0.4982266426086426
de2dab776b52ffdc,0.5504489541053772
3805b451781b5e3c,0.5018198490142822
6db8075428c8868c,0.5103021860122681
f08802b3175e6716,0.4326484799385071
0cf2c4a1345a9efc,0.464969277381897
8534323da4e76a87,0.5212257504463196
0a7c5c2e660e7418,0.5236577987670898
c1cc55284262d958,0.4879333972930908
64e37dbdfa4a76a9,0.5502512454986572
c8da3e59c44eb249,0.4788248836994171
b3c39faa7e12569d,0.5005044937133789
68365aaf08690db6,0.5373393297195435
21462fa567b93ee7,0.4961896538734436
aaf79a1a9b77d426,0.48794031143188477
a1354f1a322894b7,0.4459264874458313
f8aa83b03ec994d9,0.5167010426521301
73e857e622eecc67,0.49850791692733765
09ccc2a986e078e4,0.47261500358581543
dd7dc1ec9cd9ecd6,0.5277920365333557
349dd7a2a2e63a91,0.558165967464447
b5ed53c5bc2baa3a,0.48761916160583496
87f7bc329f92c1ca,0.5063607692718506
1eab2765df5a9e01,0.46996742486953735
71bcf899036aac4e,0.5151593685150146
cc891ed608aab1e0,0.4188527464866638
989161dea8c4dbdb,0.47231340408325195
42a9cad106a1b6f7,0.4771993160247803
ac4b050c89700f86,0.49848783016204834
5254b636263e361a,0.5174214839935303
3e804750f1154925,0.5521654486656189
91509f01c96a0923,0.5347377061843872
a032e39826437fed,0.49384909868240356
385250bca2b37de0,0.4951973259449005
83981e0eb9356326,0.5579333305358887
72fbfdba55f464d6,0.5200663805007935
70c737115091702b,0.4891349673271179
4f057a00fe581954,0.5258763432502747
2e152688a33b4049,0.4837641417980194
ce8d1c65ff65e133,0.4513712525367737
926e7e1831cc33e4,0.4785241484642029
3bdba7c754c6cf26,0.5391908884048462
2d209c96c1d2649b,0.5036231279373169
1435a27ca3c4d407,0.4239141047000885
83830f8279d2c7b4,0.4772973656654358
9a59cc516871c04c,0.526044487953186
91ca4ca3edf661b3,0.548957347869873
9b36e30f4980d1d1,0.48016881942749023
a06f6ae6b31f7018,0.5300083160400391
02b37b0f6aecbf85,0.49133041501045227
58699666648a127e,0.4730110168457031
19b87107bea1d482,0.5436805486679077
df123c4acaf91a61,0.5136070251464844
f3d1d4eabdcb4829,0.5280910730361938
85f330ffed9570b7,0.5033413171768188
2800c74265d11954,0.4939609169960022
9a9a3f0eebb91984,0.5054323673248291
2a6c66f8ef2691e0,0.49188232421875
3ebb41cab378bafe,0.5139373540878296
403b4d91676ec91a,0.4772418737411499
9aa07744ecec0a26,0.4757252037525177
76d8dae258381107,0.4854118525981903
150f8233b842c818,0.5303339958190918
697a412d90e23b7e,0.5207030773162842
388ee5cad5bf4fe8,0.406076580286026
7e8c3534195fbfed,0.5028676986694336
732746fffda61eb2,0.5016497373580933
3ebe57f53e973139,0.5049374103546143
fae56a1c9547a944,0.511778712272644
258599564f32b0fd,0.5107793211936951
b46aea9cf44c8ed8,0.4945501685142517
7aea0a3ac8c1d2f0,0.4780162572860718
53bbd87592aaaac9,0.4791831970214844
2d4dca84660e5f8a,0.5339017510414124
bd1a0117b0b42e90,0.529863178730011
1b1e547f6a949b56,0.5549831390380859
d040379b561d9037,0.5166671276092529
def282afca16c8dd,0.49081146717071533
4cc939bab4b55ff1,0.375480055809021
67ed817a5f443a2c,0.5100562572479248
107ac2cf1da3b1d8,0.5580134391784668
ec1ae2129a70e053,0.5650150775909424
5733559fec519d54,0.5425227880477905
17d60f4031be462a,0.5014525651931763
e8004ea002b1edf7,0.5236979722976685
56563ee14d1923cf,0.49699002504348755
87b007291e579c51,0.4683358669281006
840975014a8b955b,0.5129441022872925
5a9039ab9ab45712,0.41014206409454346
e77ebbab8f667eaf,0.501672625541687
f2ff69b892e4ec7b,0.48992395401000977
605bc60abca32531,0.509559690952301
2f2c9a42a4b61bba,0.44243964552879333
68621240d69e5bb6,0.47478851675987244
5cb2aaa7f4ba33ec,0.4992452561855316
08754a84ea040ab3,0.538611114025116
6a6752201ad17034,0.5152500867843628
abc511d2b9a0285b,0.5217298865318298
c9631d67d8e58eae,0.46117836236953735
d1ca0b682b8b9488,0.41907572746276855
ad9ff3a664587ca6,0.5200655460357666
4190754e9d0cf0da,0.49691611528396606
6d6d3050bc0d06ba,0.4628167450428009
f0814ad42f2b1c55,0.5085387825965881
a5b401a205376918,0.5253880620002747
619eb0bb30606601,0.5437169075012207
355b216af1c43395,0.4695492684841156
53cef950382474a8,0.48070061206817627
70542daa72dcce08,0.4946308434009552
13f743618210abf4,0.5305978655815125
ea6c5ffa55eedbc1,0.5318098664283752
026b95ca496fa546,0.499351441860199
1dd9911cfb00da66,0.5343185067176819
4f70b9220c08a327,0.5636278390884399
7335c32775b9266d,0.5068727731704712
9ad167994dc66e4b,0.5419076085090637
574635f6e7976cc4,0.5346046686172485
4560d2a0ea06974f,0.5437156558036804
7225c1060cd4fe2f,0.49651435017585754
fb220c8769505477,0.4782657027244568
aa44df71613e3138,0.5357526540756226
0002af5deb195952,0.3790048658847809
93565407241370c7,0.4976809024810791
6e69a152a7380f27,0.5416668057441711
c3a98e1846d6dc11,0.4945620000362396
d84f1675ce29e6ae,0.5082157850265503
702ad36b6e06d0ef,0.5493649244308472
4ee879025a6e2e30,0.4944443702697754
a5bc66e3409032c5,0.5587233304977417
e3e48d9498157f77,0.4383639693260193
0b1b232210599b44,0.5006909370422363
55b0589cd293c1b8,0.5389987230300903
4b69faf5d02da638,0.41346853971481323
5d982f7837a0ae72,0.49892714619636536
1e83922704f44a22,0.5130828022956848
29490dad63d8506b,0.4866558909416199
566cb4a93cb5a193,0.5301122665405273
5a4eba6d3bac695a,0.520611584186554
da30ed0051eb46e1,0.5067480802536011
d241ab779490f46e,0.4803111255168915
3f2911cb046b004c,0.5398786067962646
1ff548a2a0b039cf,0.5155014991760254
14d668258a0877b3,0.5049641728401184
58c5bc2cbe645e8e,0.5380495190620422
dce515d690cf258a,0.4854433536529541
85c60c9c41d721d1,0.42072901129722595
7e4c8163b16e9350,0.4757485091686249
6cad2ad61d3aa43a,0.513969898223877
45da1d4004feae4c,0.43479734659194946
632e8fe5b01a4833,0.4955623149871826
8ffe24f9707e59de,0.485681414604187
d99e23164704ea54,0.4722525179386139
a96f9039b0d420f5,0.4886242151260376
9c9d2817cfac7842,0.4515766501426697
9e308a9bccb2c3e4,0.4852796792984009
0ecc7f4f43caccf7,0.5336501002311707
ef9ce01ee9956a48,0.4980315566062927
87c5891ccb4f716e,0.5081827044487
184235d2c683fd31,0.4848513603210449
37b7ba8e8834e362,0.4964037537574768
14400cc10f6ad1fa,0.549450695514679
213937dedaaad95a,0.46948182582855225
5ab163cfebea05a9,0.4666016399860382
652515e299a5d492,0.546194314956665
26403cb97ac1463a,0.5325456857681274
60759e213b651713,0.48834359645843506
ec6b02ae1d7cde29,0.4624648094177246
86235b3bbc0e246a,0.5618462562561035
7b7e6a48a87f3ee3,0.5358582735061646
4fa1bdb9b538c2da,0.5450127124786377
b616b6c7470d0292,0.508496105670929
9aae5ceedffaaaee,0.49381786584854126
00a7bce4b462ea72,0.52076256275177
4700f289e4300920,0.4878711700439453
645ef1058b39485c,0.3687840700149536
c4b60fbf1e33241e,0.5232994556427002
0c7adb969e9ff94e,0.5509301424026489
2c952489e062d294,0.51624596118927
3472574873c94dad,0.47460275888442993
084a1eb590b1625e,0.5115652680397034
9d555eac34ec4d3e,0.4482349157333374
8010d7a3da4e033d,0.4664379954338074
7648521dd96da627,0.3830810785293579
8cc51ab606342543,0.520176887512207
6b4d19c5e372b9df,0.49313825368881226
169b71f78cd9d2c0,0.510014533996582
eb90565829eb5568,0.543133020401001
688928b9d04d1c74,0.501331090927124
789ae2087c82fa45,0.49438807368278503
50db23afa88c28d2,0.47850555181503296
72361e0ca5cd47ff,0.5442426800727844
914b476411767caf,0.46544119715690613
58ba91c258e10b97,0.5232700109481812
c4d3159a103025f1,0.495186448097229
521bc9644abca8dd,0.4805849492549896
e55896bd13be49df,0.5305024981498718
4b01301eb4e3ea5e,0.5485649108886719
5ce01072f4026a2f,0.5304242372512817
0e3c948ff1471301,0.511048436164856
a976189d80ab4cc8,0.5232886075973511
b672afe005cb614f,0.5017640590667725
ee48c0dce0ed2727,0.41380494832992554
494d3a9d9b661f08,0.4847554564476013
5aa15f69c83c8636,0.4841466546058655
3c3cc8153ce1c22c,0.5103724598884583
e1571c1932287913,0.532223105430603
a3bea2516b16c60e,0.48336803913116455
0ddf6d238268db89,0.4208613634109497
a792e44618740b82,0.5160160064697266
f9317104f5e74c69,0.550917387008667
b6887f0952d15253,0.5426229238510132
74f923e1bd133d91,0.534568727016449
2ceb7a89760dfcad,0.5196993350982666
3b900a1013e5481b,0.5410548448562622
ebf54a377610b9c4,0.5037367343902588
8abf23d75d4d217a,0.5306070446968079
3db5c2d00c26496f,0.5079538226127625
76388c6ee1cb8005,0.5303149819374084
c131d8cd10c73f5d,0.4105633497238159
0ade960966ef25d6,0.5430983304977417
2360b36dc462c76d,0.5462609529495239
7e21876bf6bda2cf,0.4930807948112488
c2405bb16979f6e3,0.5117044448852539
3877e3e9555b708e,0.49463221430778503
a3ecd3c30b7bdd81,0.4885820746421814
f895f42aba3d5a5d,0.49817031621932983
5b07ef30b82dc697,0.5226849317550659
8b881d4004f8ad92,0.5134032964706421
a7e493b7d68758c3,0.5051639080047607
ec63c0d334d2ffd5,0.501105785369873
011b305e1523ea3a,0.5296574234962463
d0639c360e5c0f14,0.5153532028198242
3893cdb2b8c613b4,0.5239300727844238
84be3f017ccc2ac3,0.5602405667304993
7e47650f24c07f74,0.5056704878807068
4f56d68ce9267dc2,0.41832345724105835
cc9a431ba22597ac,0.47560471296310425
740906a15dbf3e50,0.5107145309448242
36cd96f0bd008ac6,0.4803074896335602
2b968cbaf257c9d5,0.4759290814399719
8c641ebb939dcf09,0.5184362530708313
8e3f9c353fddc61d,0.43264997005462646
b4b82361f2e4dfe6,0.5361588001251221
46bfe9180395b9e1,0.4845840334892273
f21da25ff1427560,0.4753822684288025
fe7e63a02e755909,0.5040004849433899
1afadcdec2a3fba5,0.4202425479888916
a800964810f925d5,0.5086261630058289
b559c8ed8d9aa3cf,0.48411205410957336
910a3b1e49572326,0.5122789144515991
d20caaf803a68da8,0.45243191719055176
c8eb24a5fdba52bd,0.4924953281879425
9ed27625d2933ceb,0.4908443093299866
97b922eb58924877,0.5210552215576172
438389845c2955fc,0.4394899904727936
7c14f0fd3b51f813,0.5043081045150757
b1d9a7f7562acbda,0.4888560175895691
edcb3278a528b7a1,0.4836259186267853
bb54a0138ec5ad7c,0.49463382363319397
b3db4f145a524fd8,0.4882327914237976
faf6282de8f8be67,0.5146395564079285
4d76aa288030e2ee,0.38738399744033813
c5234ca14c0ab5e8,0.5514074563980103
fffbaae07c73cbe8,0.4993720054626465
092e29170fbae3bd,0.5058910846710205
f70c1922743bea28,0.536194920539856
cc347c4fa2c3a1ee,0.5118237733840942
6fc2c0d1ef296b2d,0.5517616271972656
e495ee1fc2c89d89,0.4577275514602661
db7fb70469be7347,0.5359014272689819
0b1e7bd74be89c1a,0.504573404788971
28e059a87aa0082e,0.5429996848106384
3323a8d3241248be,0.4918326735496521
39fe3552a85419a5,0.5189158916473389
ca58d35becf3c934,0.5167979001998901
06ffba725aa238b5,0.5503595471382141
c0a5b6bd2f091a87,0.5079919099807739
a9fbc30226ce8619,0.5085141658782959
aa5fcb8be319d886,0.4131925106048584
2bf1ae030ecce986,0.5027429461479187
4b1d8410e79f5475,0.5038720369338989
e224ca7482bb2d55,0.5137839913368225
58c6fd1e075c20c0,0.5465705394744873
e812dbb5346ecf32,0.5412026643753052
ffa00d60be0cbeb5,0.5011681914329529
d4d0b48f68f581dd,0.5302283763885498
9dded373f0fea86d,0.48091694712638855
e50d7e03cf486a45,0.5185174345970154
a3b0dd6b4c00471f,0.5457319617271423
1697064248f18a42,0.5513123273849487
3801cd62061c2b8d,0.41083216667175293
1c237bc8a45709e5,0.505608081817627
5efba85914b600bc,0.5140628814697266
05b8b23740cd9093,0.46462249755859375
8721a2734e41b795,0.4819028973579407
f669ee68d3396661,0.5569468140602112
45348aea713c5a23,0.5123673677444458
fd342ba0078c9277,0.5010380148887634
6c6f43e0ddef4c04,0.4904402196407318
001823decdc02768,0.4919887185096741
c0f2458da86b7862,0.5480847358703613
59918764961d6c64,0.49996045231819153
bd7fee214f160709,0.46734803915023804
65aef9a5d145835e,0.48176243901252747
c6d4a51ee8760f4f,0.5148722529411316
8400b5b80bfbdbf9,0.4767422080039978
ea2854b74a25025d,0.5196094512939453
c8947c0d970060e7,0.45840704441070557
b52b02abe4a69015,0.5387760400772095
9eadfb310fa5d86f,0.5230013132095337
eb758ac0bca565bd,0.5480438470840454
3f980f28b518f3f5,0.5427742600440979
f14501252452144f,0.5129801630973816
afbc5bb716272896,0.5389745235443115
ad38e41d291470bc,0.512260377407074
9511602d90e90f05,0.5394105911254883
1c1f468794c951af,0.5082105398178101
48f9698751264d33,0.4014907777309418
49b8d8a7d1259f27,0.5320614576339722
4788594bc4174f4d,0.5049073100090027
9bba3553165dbe4a,0.5121094584465027
91f8add4f04e7cfc,0.535041332244873
d60ffb626876b807,0.496410071849823
a4746cb6e6daa380,0.4771972894668579
dbaf896b1387b2f9,0.38826391100883484
50591f79e8d94aa4,0.5316570997238159
4c66ac6e1a166569,0.41040804982185364
f1fe84e3513bf733,0.4788292646408081
8c6afa8afc2f3f56,0.5017328262329102
46c640e19e6243c1,0.523309588432312
073dd975fde2766f,0.5102424621582031
8fb0c1cc1a4b745e,0.40367501974105835
daf6630b2daead7a,0.5222803354263306
f4cb0c95e97b8d44,0.482295423746109
47db304f1031a063,0.5208178758621216
38b838c95ed85a64,0.49545150995254517
1b459a2f0e1159e2,0.47826093435287476
4a05c415aafd741f,0.5072084069252014
696614537e188e61,0.5151181221008301
b04beb8cba5dbcbb,0.5332581996917725
9362ecfb5b7b5b16,0.4713751971721649
dbaeb09932616ca0,0.43628478050231934
fd754b52c49e9218,0.5284361839294434
80168712a8d1fbad,0.5384215712547302
6bb047d578057250,0.5038315057754517
3b044121470af117,0.4826015830039978
90094abc836d67c4,0.5460062026977539
418d831ed47d89b8,0.5103614330291748
4aff17a3e0f06761,0.5131561756134033
e191497fd036c2bd,0.44088080525398254
130923000a1c5d84,0.5150887966156006
53e1113fb699c2f3,0.5009728670120239
5246576c887fb99b,0.3869941532611847
c1cc3d7e4d992461,0.533396303653717
79ca1176c75216a9,0.40133726596832275
cd33f4d0842aca78,0.46353772282600403
6230329f27819050,0.40514832735061646
1ec3b51815018cf4,0.4832528829574585
73cbd958520e0901,0.4094099998474121
9adafbe6cc69f7c6,0.4531193971633911
5aac8a06d115f3e5,0.5387150049209595
5a63ab8984a4a485,0.5187100768089294
8bed3229abf261ab,0.5386741757392883
b163cb1cc0951413,0.40931597352027893
66d0b40b237013e5,0.5151087641716003
e18115812836e5ee,0.5278304815292358
46378292ea7e2624,0.5181519985198975
2dae824f93d11e95,0.5370477437973022
5b0dddbfe5bcf190,0.521497368812561
e10f3ae449b2d634,0.4498346447944641
f976cd08de31984f,0.4888566732406616
2ced57187fd0420f,0.48635023832321167
b92568cb119b0d44,0.4877445101737976
20b02683431dd9dd,0.49151331186294556
74163d6ef934e21f,0.5328240394592285
a24784e3c87402de,0.488728404045105
f137694f3639e737,0.47588443756103516
208653341980a631,0.5237873196601868
68b034f1cf062887,0.46759873628616333
63147f8b1cd0feb8,0.528857946395874
11a5d36415fbd0bb,0.4994463622570038
50eabc94707281e9,0.5285848379135132
13d206fc02c08e9a,0.5152018666267395
238834e299f8e0e1,0.5045088529586792
ef48953a8edc97b3,0.5304141640663147
38e3a59ac5a2c212,0.4844236671924591
c5c1992423096a6b,0.5404492616653442
88962e1c9bff5a03,0.510293185710907
fef1e7d8194c2830,0.5320756435394287
cc85eed8b1a77bba,0.5488386154174805
8738198e6dca57a5,0.4539284110069275
92fa8d78d1f96653,0.5358362197875977
f8ecaf231cd847fe,0.508914589881897
ed363a71467b2681,0.5030641555786133
002c86490502254c,0.48954468965530396
6853d0990d5b2a2b,0.5283870697021484
48e189bdb53d69b1,0.5514534711837769
9b10f470f43f5fc2,0.5553341507911682
c9385435652016f0,0.3914640545845032
1d1c0ed24c54b8a7,0.513650119304657
52d70c086b62a4dc,0.47984063625335693
a77fe31b8f9bf022,0.5503954887390137
61d59a6afbf62a12,0.48066413402557373
f5244b719b542a63,0.43835538625717163
a6b33da4a6453cb1,0.5235521793365479
75b560f6187856ff,0.5344489812850952
21db5f0202f0b581,0.5048661231994629
c2c9e6689cca07f4,0.5481488704681396
2475d448b6b1bf8a,0.506385087966919
27ded754572f09f3,0.5253627300262451
44c1747eb89b275e,0.4817844033241272
5c7e492f0ac63410,0.4835314154624939
6cbbc8487aa4bcb4,0.5048214197158813
55d1e55e4e7fdc83,0.5016566514968872
cf58eed3f72e5e74,0.5126144886016846
de2579fe317ac114,0.40886184573173523
b971da4a5636a3d6,0.5071549415588379
e8e225ed339f851a,0.48414698243141174
c0249290e873be8c,0.4970959424972534
8ace0f6d4a4180bf,0.5091671347618103
bacbafde66ac0d77,0.5069413781166077
4ff9476f8adea2d2,0.5286383628845215
1598a0ef9134fd79,0.47657835483551025
2c200891626e693c,0.508014976978302
c92ca744dc9c0b13,0.5285831093788147
768d004321518353,0.539732813835144
4c05ae9002e91506,0.4671507477760315
6903d0beaf1ab0aa,0.52164626121521
61e12e5453d42e2f,0.5260464549064636
ff7bf99ea7045f0a,0.4986816346645355
6ccfaa50b921848f,0.4869743287563324
405456b83c233dd8,0.530135989189148
d3060376067235f8,0.5246031284332275
b8df00fdfc287901,0.5363262891769409
0d092bdcc24e695d,0.49899202585220337
6d0c8a49eddb1ce1,0.5179389715194702
4348110e3a69e65d,0.5105659365653992
7923879020d4f3f4,0.4710560142993927
f611acb33c29e88b,0.5323793292045593
b106393cc6d959ea,0.5444236397743225
49e99c645e0809b2,0.5252670049667358
dce0de01b4b70997,0.5477793216705322
0a261a026b4aed05,0.40740013122558594
d81bdd437e8dd93d,0.5267109870910645
e2263ab25fbb12e1,0.5271697044372559
75b0ba87b00e0a5a,0.5371284484863281
fb3d144b6621f154,0.5213544368743896
f17f2ce110bb1e78,0.479319304227829
4e2c40d8bb74198a,0.5143809914588928
95f87ec4a72b2871,0.5327125787734985
ada27eabeeccacbc,0.5036028623580933
dd7787249bd8e1e9,0.46689122915267944
6399f23f22b6b126,0.49494755268096924
6a82b70a21f5fe66,0.4667963683605194
2a694528315daff4,0.5090843439102173
18265cb10fb417d7,0.5224388837814331
8aac4d946bd76470,0.478823184967041
a9b9e92fd624572e,0.5167124271392822
a791eddefab258ad,0.4859717786312103
7afa1075c337bde4,0.520893931388855
f7c94cbd8cfd3a21,0.5305088758468628
faa3fe65fe341487,0.5351043939590454
922e7779472d2f16,0.4851551651954651
86c9455c7a03327d,0.5298339128494263
1c36022a982a3fc6,0.46720731258392334
e53f259db35d3b24,0.46983230113983154
02c53b9d97abab65,0.5038843154907227
01abda4c649674cd,0.5341936349868774
1a7a47d619e75518,0.47117388248443604
85ab09a6d24ca295,0.5326089859008789
f5325a433ee41bd8,0.514081597328186
b4aeb2d39c68e312,0.41041481494903564
453fbe9a49460b69,0.45505616068840027
f9596d028ee2ae1a,0.4169647693634033
787bda172c485ec4,0.519639253616333
b26465b846af2a24,0.4986498951911926
98e400e93ce4eec2,0.4931145906448364
191396d016531f48,0.4501326084136963
a6cc1f2c2b247763,0.42110204696655273
efd75ee9ca2f9e28,0.48240765929222107
271096655a478f20,0.550936222076416
dad26191d6b45825,0.5363227725028992
4d135df02b40fe0e,0.5509210824966431
9d9e6625ad77588c,0.3956592082977295
53cf917737f3ede3,0.5158724188804626
533afeb19060dd32,0.5080203413963318
a2e8b1304c16cd4f,0.5297060012817383
7bc07af7d7656d14,0.5430545210838318
d2b0637fff5ffc8c,0.5301369428634644
59dd6989fb3c7914,0.5142964124679565
42ae5bcc7bddb132,0.4910804033279419
ffe35b808c7de0b9,0.4773141145706177
b674958f8597132f,0.508419394493103
69562ea76ffec24a,0.4982224702835083
532381df719b8e0b,0.490278422832489
6e9801672614def3,0.5261190533638
17150c44565c79ab,0.5321173667907715
4162473a51702e5e,0.4896042048931122
e552ad348cbd335c,0.5355039238929749
278b3812c23badc3,0.47669267654418945
83d1d89756ed9598,0.4784310460090637
17c612b2c42df355,0.5282028913497925
72d6cd9f406d3002,0.5108140110969543
af0cd0f644537dfb,0.5414553880691528
c016822372bcc876,0.38842225074768066
3b65bc5d79775de3,0.5042194128036499
605a46a53547002a,0.5034143328666687
ea29752a1f6ed35b,0.512683629989624
96fff6ea5b20a9be,0.499447226524353
4e5511611201e973,0.47405439615249634
9826836cc156f575,0.5302163362503052
169ec61840d48798,0.40743592381477356
6501e75448bd53be,0.5099308490753174
492c6e60f52230be,0.44332990050315857
83c3fedb3ed62926,0.509361743927002
ffd07c85d82a0960,0.5187150239944458
8c0381e09d02d3d4,0.4908788800239563
012ecf373a7e638b,0.48786336183547974
3f5d639f030fe464,0.5084505081176758
1d3595171233d227,0.45292407274246216
eb8dd6c6e277a075,0.5716469287872314
1fbed131eeeba537,0.49851348996162415
d299596464dc3afa,0.4947153925895691
255360ff3046a609,0.5168724060058594
96d9b26941680361,0.5324510335922241
6c1e6ea975cd1bae,0.4500151574611664
45d464f8cb876f7a,0.5372921228408813
47fe6dbf4af51121,0.4855949878692627
2af3977c3abb0af7,0.4779472053050995
0a1a42cd9c0ddd27,0.5608066320419312
faf54fd57b53c1f0,0.5215322971343994
cca7db47c34d94d7,0.5218391418457031
67d1b92a23efd280,0.5330321192741394
d58cbcf9d7066748,0.4841461181640625
23c3dab2093b9bcb,0.5191779136657715
1db08e4064f3b0a4,0.534207820892334
c06b45a6110d4cdf,0.44649994373321533
ac3d826fa1b30f89,0.41642114520072937
0b46eb618099cccf,0.4875306487083435
5f7f6d2ed02e834f,0.5237091779708862
e67d70f35adecf52,0.49851059913635254
1f42778b6a875e23,0.43138542771339417
c5a60db8753fc08f,0.4834190309047699
a3e8aa0e0777701c,0.4684920608997345
da7e3fe1009910bf,0.5036089420318604
f249b59cfdc1e3ab,0.5191832780838013
b14f9955540b8e56,0.4560105800628662
af3e647fbc90b4c1,0.5388665199279785
633e1a2104b88aac,0.542907178401947
f5c80459b48470eb,0.4109213054180145
b53fd744e0a11d84,0.500961184501648
66708ccd53d84896,0.4554491341114044
535f71f1113e84d7,0.4755716621875763
90543e13215f01b7,0.49287810921669006
041bb1b1c9a4f3f8,0.5070610046386719
38ac613f15a6fea3,0.5374881029129028
3f4c6951a1508be5,0.46938157081604004
c38bff86c4936729,0.4895380437374115
2b14dd9d704e5b2c,0.5121586322784424
0d3d4af472de8d91,0.5271799564361572
4f7e5dc5327aff79,0.5147238969802856
b99164d9956cc9a3,0.49692803621292114
93cf8e1297ba56e2,0.522828221321106
a8011bde67d4cb57,0.5488237738609314
99d19627eb6e0c5f,0.4728226065635681
5b4911896e49849f,0.49724578857421875
2b24b878de6bea50,0.5263395309448242
7ddfcdc10598fef2,0.4094034433364868
799acc2e8e49829e,0.47701674699783325
e594314bf5de9dc8,0.5314486026763916
ca2afdb2093e8bc9,0.5111779570579529
9fd86a3817f712c2,0.5148063898086548
6f3300ad98c78fe0,0.4699941873550415
251b56e874c03102,0.52425217628479
aafc169a46e572c6,0.5127221345901489
ea6615a45310d21e,0.5360302925109863
9c79d308ee7b5dab,0.5040616393089294
9d1fe55f16b374a5,0.4802077114582062
241a95a5dde16d8f,0.5408315658569336
f54d4836f6080fa0,0.4422011375427246
98a877c8bb5c4dec,0.4760015606880188
8577c7329adce8bd,0.4836365580558777
6ebd64d14bcf1d3d,0.4858130216598511
7816b5d466d7214e,0.5170036554336548
c0f5d1bf0764f2ba,0.49381184577941895
6a5822d3b2667285,0.3853464126586914
8d6dd78054245ae8,0.513038694858551
c19840de567900f0,0.5261834859848022
d758bc10b3e0ab93,0.5098810791969299
51c02e72fb123a4f,0.517741322517395
39f5993ba6ba5119,0.4995042085647583
04bcd4d9a4bea578,0.5088362097740173
173e70f08f4d28e7,0.5353347063064575
f1455c637e9960f9,0.5519726276397705
b19ae576d9e6885e,0.5461164712905884
c7219a4e65637ed2,0.5218679904937744
a73bd482cdc8962c,0.5060123205184937
502cd404fabc512e,0.46445539593696594
461d807ba80b86b9,0.4942286014556885
13fd13d6003e7c55,0.5450320839881897
87cf47ccd2fa472f,0.5330830812454224
b8015ed0b62aa8bf,0.5319225788116455
2fbe057e4fb17944,0.4113786220550537
07e9f72f3b9b8e4b,0.5289340615272522
dc7151a3dee099cc,0.3978106379508972
8f1ecf515245b3c5,0.5113680362701416
173a3115c46f66ce,0.5445640683174133
d56bee726ecfaa15,0.45332619547843933
e6790924a1fe7914,0.5357933640480042
dcc23aaefeabe64b,0.4888734221458435
c1d13e081b541f0f,0.5008583068847656
05826db84d5d1375,0.528473973274231
894f7c428a5cb364,0.5463857650756836
a36360d3d8525756,0.5207798480987549
cd5fd8d11cb60687,0.5234411954879761
9ed20524a4c6b36b,0.47271645069122314
7291d2fdd31f56a8,0.5149827003479004
0618b309827934fb,0.5244098901748657
64662c833715c5f8,0.5137193202972412
6405a558496cb82b,0.4004928767681122
4f59c7c441ba30a1,0.4080287516117096
7fbd1c16d1c10cef,0.42748990654945374
d9a8be504983a6d2,0.5052229166030884
66fec1a9e777c0f6,0.5545181632041931
b16976df07c51f7c,0.5155149698257446
60374b178d77bc9b,0.5517794489860535
8e36da10220cc63b,0.4555504024028778
31d0eb86dc6d99a1,0.47569406032562256
5b853ba72fd0b1e8,0.4876777231693268
f7440d1e304db418,0.5145491361618042
a60827adc6e13389,0.5318142175674438
bc5921ffad7ea650,0.4800446629524231
5940d4e9f62a4406,0.5171617269515991
d0c0f7e441b575d3,0.4896758794784546
db2e6748d167dfee,0.5334198474884033
ea7423d3fc348421,0.5275167226791382
a65567eea2595afd,0.47933894395828247
e0a74c976cfd60ec,0.40284329652786255
053b6c92edd0addb,0.5544785261154175
abd28c6d24321be6,0.38336384296417236
e1a6dfcc4c7070b8,0.48445820808410645
d36136c65b768db4,0.4534549117088318
0527061036ff158c,0.42355847358703613
a4c0e6c755fba0b6,0.5370947122573853
bdff3e5f8818740f,0.5249289274215698
0c75afac762d5db9,0.4230051636695862
ab32094080f9859d,0.5370230674743652
96b8f2e161d08465,0.5323310494422913
3a93d4441ec6f916,0.49684321880340576
9f8d1289c09f60d2,0.49846506118774414
5b2b75e97e6969bf,0.5429219603538513
2d426801765fa28d,0.4959295094013214
7cac525ddb097489,0.5232115983963013
8825b4f4775d5a58,0.5439352989196777
49fc34d8a36bb83d,0.5249574780464172
c94ab3f1deeff2d7,0.4581960439682007
bf09d2495157975a,0.5223054885864258
362535ab33c3fd75,0.4535251259803772
fc5a4f5da3ced5b5,0.4996909499168396
19e4ac1e63279432,0.5299005508422852
0dc97d322f454169,0.4757794141769409
ea9758438680fa98,0.46539920568466187
258e09a7158299e4,0.5196205377578735
86ecc9ee623e9c5d,0.5077383518218994
bd98398beb4b80f7,0.455350399017334
fead3f607e94bd11,0.5188746452331543
d2e75c1c00599cbd,0.5250219106674194
33698dc4ca409967,0.45353105664253235
972a152b181b715a,0.5136761665344238
66a56d2f48421a63,0.5445576906204224
48e7f2ef91593ce9,0.48516467213630676
51d2ffb4b411d25a,0.5299474000930786
91c939f4e4952a7d,0.4472115635871887
2341d25bc14f7669,0.5294196605682373
b0761e58b1183b2b,0.4758414328098297
c5dac01360336fc3,0.5272824764251709
77a7fcbaff968d5e,0.47138771414756775
83dcb4a2accf496d,0.4587389826774597
db4847cfe637a3f7,0.49949753284454346
fa403f202f322eb6,0.5383976697921753
ee157d9d33c6f9a3,0.5389127135276794
2d49e089e1d0712f,0.5271693468093872
8c7defce949cf97d,0.5160018801689148
f59e915831c30df9,0.5577690601348877
07a66207ba9b9062,0.5075538158416748
a122c904aade8cd1,0.5302400588989258
02b251f79dcaf3af,0.5226526260375977
86b87a289e61ce24,0.4930669665336609
8a08baee32ebec87,0.5211724042892456
5f93878426044234,0.4737512767314911
61732c1cf2f7ecc9,0.5164190530776978
e3f0cac28057c933,0.4917379319667816
631c996b6331de6b,0.5239992141723633
0eae1a681313467a,0.5147054195404053
9db550c834df74a9,0.5127453804016113
e4f24e37e88cdda9,0.5037791132926941
175d1127fba642b0,0.5222244262695312
fd1840eac1012c08,0.45959097146987915
98bfb0c2626be13e,0.5360263586044312
35c05be93b4336bc,0.5116044282913208
60c6498d7e1bc04d,0.5116462707519531
abd7253dceb8cbcd,0.4919503629207611
dade1d05cbf9c5d0,0.4971266984939575
237ce4dc698117bf,0.5004128217697144
b19dc098261f07c9,0.5205775499343872
ca0f2c72af703fd7,0.5300679206848145
1ebd129f507932fa,0.4861166179180145
9a6369d9cb0889b3,0.4988565444946289
4778511af05f9c46,0.5475020408630371
17ccf319b0c71456,0.52739417552948
2661b311ec5bd041,0.4719858169555664
bf6723cfdd634a90,0.5312306880950928
1a6fab736b3f0c89,0.5005566477775574
5657c9a01e49d93e,0.45419228076934814
ded620ccabe8b488,0.5369275808334351
cd19fc73844d2108,0.47771015763282776
3f5f3eb465cf2f21,0.4232969582080841
962f2282689122d5,0.4281664490699768
06c96c9edc201ef3,0.530204176902771
cda7325dcd290ed4,0.5127407312393188
03c00a3ea254ae15,0.48630455136299133
7dc0e32986b1abf7,0.5284830331802368
6c20a319f495100a,0.5288573503494263
48a9254bd99dc56f,0.4543042480945587
d41c3d01eded8123,0.5236002206802368
0cc252b29493665f,0.5176197290420532
599e2968144e89ed,0.5363264083862305
dd053578e5111cc9,0.5155799388885498
542319e0ecfd38d6,0.4988991618156433
8931855cba3415c6,0.4611855149269104
c019e102513f348f,0.5235037207603455
36af8b6927c5983c,0.39276599884033203
0f2c141cf2781264,0.542587399482727
c5eab81460582108,0.48130539059638977
3b473c353dd454cc,0.5108770132064819
a7c0beb24303359b,0.49561816453933716
7f3af9f895eb2d0e,0.5433239936828613
2c965e55981ebee4,0.5603013038635254
f9abf63e2b6f138b,0.5255304574966431
e60aa37eed0a594b,0.5463110208511353
679f26aa84b34dc0,0.5211504101753235
51c4ffc344c0f1fb,0.5298415422439575
3809a89ed78d6f41,0.4480598270893097
06d4d2f36aea6100,0.509572446346283
a5701e1463a161d3,0.516239583492279
980f6ebfc0714438,0.5274646282196045
af1df20ac5ad2196,0.4510208070278168
0b238d98c8f6db48,0.4990864396095276
587042c144cbd09c,0.48723310232162476
2f038f73f2424205,0.4945085048675537
7a00b54c6b7aeb9d,0.530941903591156
e9279753024e51e6,0.5499666333198547
e493650f41667b0a,0.540309727191925
2e7ee96b052010d6,0.5144675970077515
bce8c821fca8330f,0.45620474219322205
7d4f98007b7af666,0.4844593405723572
ab11a451b79e7bea,0.5124572515487671
d5a127df7af9111a,0.49659860134124756
1b0f24e2c7ea32fe,0.5318257808685303
4fc00e411a9b3a95,0.48511070013046265
d85bf6241f2a1e98,0.45991605520248413
8f2751e06447d544,0.5324684381484985
ac91ac9f52e3e221,0.49852871894836426
ed3470abc000e9a3,0.5125975608825684
4c476cb511ba5aca,0.46931061148643494
7c76cf584dbe95f5,0.39746707677841187
4609473661a3ae6f,0.48412561416625977
364ac7d4c4c58195,0.43554145097732544
e990fd08b402db1e,0.514717161655426
d3f8c77fda88a558,0.49780550599098206
be7cf0d76fcb5236,0.48536568880081177
558f6fbd7c0d3aa4,0.49495333433151245
a3ddbf35a11ece0c,0.5326199531555176
951c13d48adde479,0.4932393729686737
6640a0fefe1a4007,0.5486454963684082
84cd1cee2983c757,0.4778253436088562
86b6d1563faa84c7,0.4948631525039673
7a19cdaf179544ec,0.5239983797073364
cab7e1155fed53bb,0.5166085958480835
5abf818ace077ce0,0.521113395690918
eb9c7c670ce08f76,0.5283085703849792
6d48714c747a1aca,0.5364187955856323
6c125562a9050aa8,0.4040760397911072
c08af85e515902ce,0.4028053283691406
dcdfe0743031ed85,0.49394547939300537
95e35af495873580,0.5299725532531738
0757e120c57e72b5,0.5059405565261841
735405a880d11f5f,0.5354822278022766
6d7fcf95884b14c2,0.536674439907074
ac397685b80b414c,0.5184847116470337
534ddea111896592,0.4792984127998352
7ad335f2d89c5e2b,0.4900193214416504
87935ef9b8335b3d,0.45936477184295654
6566e20e83da95f9,0.5084773898124695
613728e3d372a6a6,0.5487596988677979
f36cff8703c2a0a4,0.49022185802459717
2433bd78bae5ec47,0.5168449878692627
cb61df669a660d5a,0.4782959818840027
87cf76aac69cbcfe,0.5284714698791504
2c93b1f5f54be713,0.5344617366790771
dad79707e0cfe635,0.5102721452713013
238d4363eb05ada2,0.5152347087860107
6fabf50f4b9681e5,0.4651975631713867
277e5ca9d9485c62,0.48544204235076904
061f0f93ae31fc7d,0.5040135383605957
52e5d87df1993b55,0.5216359496116638
71d48e5cab9989b7,0.5135717391967773
32ccee7bdf9e03ae,0.47401857376098633
7aa8190faebe5e00,0.5309281349182129
0a98b83d17a8a5ee,0.5052878856658936
1a25986785f40936,0.5073186159133911
d11c95e06db9de14,0.5587400197982788
c626c87700551a69,0.500074028968811
2f95bbdd220e8072,0.3857273459434509
30d3adcf757be582,0.4854540228843689
a0ba2a225bdefdec,0.420867919921875
6812e6571521f9d6,0.51280677318573
ebd64125d8848f76,0.5231916904449463
80638c9f1f11ee9b,0.5142360925674438
9572af7767da65aa,0.5386242866516113
a581f16deadc042c,0.528841495513916
5c2077199770f61b,0.5381011962890625
7574ff5af35740af,0.5068597197532654
6c8632759f26d0b9,0.5048303604125977
41e6d2f7b34aacf9,0.4890468716621399
6e878740891f7b10,0.5289701223373413
eb6cfdf78e423f51,0.5426674485206604
1c30986c122fc8a7,0.5041754245758057
c629d317da76b689,0.4771045744419098
f2b4d916cf2ee5fa,0.503133237361908
88008278137512b7,0.4812912940979004
da6c3c090e29bb50,0.5085912346839905
b05b46f8b855cceb,0.5257123708724976
8187854541a972d6,0.4579240679740906
59736ea164049499,0.48712241649627686
93d699dd2ca41195,0.43974554538726807
de2b0f36b9e1ca42,0.5050277709960938
d47ad5162f5793a8,0.5308430790901184
4237344b26d0bbe1,0.40943726897239685
44bc1c08a7a3c86d,0.4745863676071167
3783a99c55855712,0.5116299390792847
5e0990c01c898b12,0.47063854336738586
5b8291ffddd95769,0.5351799726486206
2dd155c965a48a42,0.5402774810791016
65c565cf9902e93e,0.5258496999740601
e23083b631c2d654,0.5187952518463135
99c6cdb1723b2fca,0.5343884229660034
451f17af9197bf77,0.5110722780227661
f13c22b48cca8fef,0.5570489168167114
bca03eadee3d1bf9,0.5182846784591675
6922e5b92cd763e5,0.5049212574958801
238920e38b64ecf1,0.5024083852767944
75424ad3483ddbd8,0.39362412691116333
d164158ccb8033a8,0.5150237083435059
14215864f2f90e64,0.5334903001785278
bd180dbe03131b78,0.4876565933227539
a443b8871e85f55b,0.5448540449142456
764d980117131396,0.4520507752895355
72600122e0c0f045,0.4430447220802307
875095cbf8c92909,0.45699742436408997
62aee24a9477652d,0.48862573504447937
6772eddb8f5565f3,0.4834252595901489
50c26d77b0c5832b,0.46444815397262573
498cba3a9d2ab23f,0.5374679565429688
0eb8c8c3e5963387,0.5109272003173828
7716fc19a08e683d,0.510651171207428
a9976fcbd9818b44,0.5442338585853577
339e82e8fad5250a,0.4585820436477661
c015f3fd388b42c0,0.46656355261802673
00d10a85a8fcc9ac,0.5181553959846497
08c9f8e70a9ca91b,0.5386785268783569
83ec7cbc9da362b0,0.4917445778846741
ad1a73116525d3bd,0.5204821228981018
32ea8606aaebc69b,0.49547237157821655
208c0da370541f98,0.5430065393447876
ee7936579c226497,0.5288277864456177
ab346fc22e688057,0.44377973675727844
eff0ad02c4a8af28,0.5466049909591675
3d905200b73fe025,0.518305242061615
82d33ad88f787747,0.5429142713546753
09c2a26263cb5f36,0.45998644828796387
44bbef42538b25ce,0.5514469146728516
2b5da0353b7a4c2f,0.5488855838775635
504779ffbd0e0327,0.4952436089515686
cc857947fa4a4967,0.4695051908493042
3d0e4863ca213900,0.48310545086860657
dab300dea6d47023,0.4473583400249481
16d5a399075bc40a,0.48195725679397583
c976a94fbe1b6d6a,0.5411301255226135
b6d21c667a59429d,0.48017647862434387
58f2e5a1770ab222,0.5216763019561768
9f22e4bb565d5a8b,0.5414025783538818
4d292b2997ea0e63,0.40764254331588745
c2801761dab82af0,0.5331202745437622
9c1f89705647eefe,0.4915878474712372
ff42fee7a880341a,0.5104743242263794
2d9be0378bebab03,0.48915165662765503
11ee54fff7612cbc,0.481848806142807
eecbc96e0f3500c8,0.5398187041282654
b3d4b90dfcb33d2a,0.45251938700675964
1912de3192ce122f,0.4953114986419678
072ed9a8c8acdc26,0.4638238847255707
fa1ab6e3898a38a3,0.5172915458679199
f488df9fa6dab7cd,0.5479682087898254
1cfb2b0f89edcde1,0.4402683973312378
7ee7c57db6a259b8,0.4732903838157654
faab8a66a37028ab,0.4817948341369629
01239162992819e5,0.5296265482902527
39e2e2151c7ac46c,0.540784478187561
31a3183ffe6bfdd9,0.5258585810661316
f7a1e294a071e7ef,0.5518603920936584
6c25a00003791145,0.5314117670059204
7ffc502759f89ca7,0.45465007424354553
5b23a59383ddcfea,0.5001503825187683
28c5f536860f5caf,0.5329864025115967
4f30f4406d5a46e2,0.48697611689567566
a2d29961eddaa204,0.5353546142578125
3deb443b06e3388c,0.4716084599494934
f94fb3db9aead97e,0.5055286884307861
7ec319d74b1bd965,0.5287714004516602
9d3c61ba416e924c,0.5048384666442871
c9718d03e06bf2a6,0.3948912024497986
c81ae2b0c08df887,0.4962977170944214
6273f37802ac01bb,0.4087393283843994
3aaf6116a8dce7fa,0.4959028661251068
1b3a593ce6754f96,0.5524128079414368
e4a36cee83abde0d,0.49241024255752563
7f8735adb4acdb1d,0.5119121670722961
8a22a0fac5a5dbb7,0.446689248085022
f5c998e5bb26c411,0.5171765089035034
481c79e6f59b38c3,0.5175892114639282
8a26954153bc5b07,0.5336630344390869
1fe95cfd8b5ad4fa,0.4996526837348938
70c3dbe4c7eb636c,0.46553218364715576
941abb8271e4d89b,0.5323641300201416
f9f3464d6522759e,0.5080010294914246
2ffcf809e0c84d0e,0.48513877391815186
0da5c28538016edd,0.41415101289749146
f64a6d05ad38a53f,0.49167507886886597
2ce4de66dde01a8c,0.49426156282424927
f023dda81d771544,0.48862147331237793
fce053f8a0b72cc6,0.47406792640686035
b55c2c761c74023e,0.5386887788772583
c6f9f69a7049675e,0.4852665662765503
fa83910bf46c3cd7,0.5116666555404663
97f17a5b54867486,0.496772825717926
d071c3598d86062b,0.5172494649887085
b4d67b72013e014d,0.45704323053359985
c58abc42795309f7,0.4597890377044678
7dedfdecae48e713,0.5023634433746338
b229dd0312bbbe79,0.5159577131271362
714d8800874bcaba,0.5598948001861572
5a2ae5831758132d,0.4952273964881897
28a9e904c4978147,0.45377713441848755
62685729ba7fe12c,0.5186787247657776
52b1896598efa94b,0.5373889207839966
89f6464cbe3210df,0.5268265008926392
ddd86c1692298402,0.5081531405448914
0580a3773bfd934c,0.5279046297073364
d2fe1fe91bd8e3a6,0.5311396718025208
36548d1f39f5bad0,0.5487743616104126
3e764d96c41267ca,0.5314450263977051
a430af93dc85ad9b,0.5208714008331299
60a83a3c9e8f15bb,0.4248434901237488
8192ba1d358c2d32,0.5454816222190857
5464e56a207702fb,0.5222263336181641
6c13d2acc324d855,0.4647047817707062
7fd04a4ec3e1e3c6,0.5105533599853516
25ea56e3cd923cc2,0.49319830536842346
8a6349baba153cf1,0.5136967897415161
69d986c0ca9f6e0e,0.5450827479362488
5f3aefff313045a4,0.39625751972198486
7711d56996ee2c88,0.5144266486167908
9e45da0cba0c5e35,0.5529069900512695
050aca6dbda0a833,0.5184239149093628
f501879fc24c9488,0.5240153074264526
68d2a6347e7035f2,0.5287477970123291
aa8f4afe812fed41,0.5194177627563477
0c8a108fa01feeab,0.4826835095882416
d72706c1d6928360,0.5014047622680664
fc788112e7fd1291,0.5411686301231384
55768ac63f722889,0.4768390655517578
f8bd7db0cc3513ee,0.4612654447555542
86ba32db78f80384,0.49854952096939087
dea61b1bcd756a23,0.5096678733825684
0235ce2172ea6159,0.45450228452682495
e4eace36c2444e3f,0.5440967082977295
4627f23a067fc10b,0.49876752495765686
fcef851a2e58929a,0.503103494644165
8293d0e3525aa562,0.5329662561416626
69587034ba6100e1,0.41043704748153687
501c12ea31f3e26a,0.4962487518787384
f55760516af57809,0.4512161612510681
a5fb737a811ca7b9,0.43697914481163025
e5fdb39378878784,0.5494581460952759
f724f277de77e5f2,0.509111225605011
5abb29d6cbcc6d6b,0.4500550925731659
394488a8afc4375d,0.5280174016952515
3a785e82dbbe9296,0.4488339424133301
dad8f470bf1f974d,0.549251914024353
018f10e4a4155f10,0.4982384741306305
09af1b13a3581d8c,0.53944993019104
a9458afa6ee20e23,0.5308979749679565
b99fea6e6784dc23,0.5378395318984985
55d3ea4fa459f9b3,0.4956759214401245
20608ed0d3f922bf,0.5261207818984985
e1193b9d306caa86,0.441618949174881
92c6e7bd6b961acc,0.5363852977752686
6596e76305ed22c1,0.5338302850723267
17bfd5655ca403ea,0.5272402763366699
bc06915f325d4d84,0.5314439535140991
b52b21d20b7e5ac1,0.4762684106826782
3e9b4ca0fa4e7825,0.5134512186050415
375047f6a991556c,0.5311943292617798
ffa7c958f185a945,0.476300448179245
273d4c80fdb79f87,0.4905738830566406
686afd18a641b52c,0.5252735018730164
0e70c65a5d9003d4,0.5401029586791992
14f87d7924e2259d,0.5516778826713562
fdb6d4a1e5a44b17,0.4578329920768738
43498b2144828357,0.5574057102203369
068fd096654f1964,0.5042941570281982
6d856e289e3d84de,0.5199466943740845
213251f129511400,0.5219548344612122
f671a6cfca683361,0.47567620873451233
4f78ec5b5a721e38,0.5322252511978149
cd43145464c9dbf0,0.5090181827545166
e0ac9d512d859461,0.4759429395198822
ae389401eb8fe02a,0.4894825220108032
80acca4f90b76a9c,0.5495500564575195
e563160fc1447b86,0.4836653172969818
0e9584a6cdd0a16a,0.5188339352607727
417add788b7ed344,0.47601795196533203
ebf96d375550ea05,0.5103549957275391
9935c200020576aa,0.49745553731918335
8ea73d9ab19a6cfa,0.49878212809562683
0c08f4ba921b299d,0.5410629510879517
5ec83ca7d0b883d3,0.5000249743461609
2e2558a35c9b0c71,0.5082674026489258
a6d66d15e9417858,0.5389118194580078
e8aa3402507fcda1,0.5140402317047119
5fb0d54cf242bf58,0.48564445972442627
a9dab282a9b36dfd,0.4923504590988159
1bf5fb505959d570,0.4926255941390991
bd7d971a1b063957,0.5203825831413269
edbc4322c1f8e01f,0.44810283184051514
ffa0281009979363,0.46550366282463074
7ce9efed08ac3403,0.5250777006149292
2dc2313b11376e1e,0.5093809366226196
31ce5a2316354177,0.5462875366210938
855d1e256ecfdb99,0.5098605751991272
58b2559841b83ca1,0.38951927423477173
03c757129f5671c9,0.531877875328064
3d42c3c682986ea7,0.5256116986274719
c15886e8283d675d,0.5198602676391602
e94d45dee2882763,0.514758288860321
288d620259b17799,0.5278729200363159
5b875dcf2acde519,0.5555582046508789
f7c1c08524cd1109,0.5329322218894958
c385d9b070bbee2a,0.5036864876747131
f0511be611a597b6,0.5237503051757812
782de8e422fd65ed,0.4123007357120514
bcc6b5ecbee4f569,0.48194631934165955
248e46bbefeecda4,0.5334471464157104
f3e318df42ce6b59,0.5209049582481384
ffba3674a258fa9e,0.49143826961517334
4506916d0f0cc963,0.5154350399971008
868a5710e0716e2b,0.49611788988113403
372d820305798ba5,0.44696491956710815
8550859e1bdec771,0.4548484683036804
b2a3d72ac8b9df10,0.48050081729888916
bf7194a31ff20585,0.4497392177581787
72eb21a7f898659d,0.5087655782699585
936a66898d2ae84b,0.5115978121757507
2d93829a17f27ca3,0.41417914628982544
7f60ad41c87f729b,0.3994663655757904
b49318c00b1e17ef,0.4896240234375
399c1d4e30982654,0.47105491161346436
87cbff81d5c6be93,0.5131896734237671
591718580e14c1cf,0.46047964692115784
8cfe6ffb103a848f,0.4939099848270416
3b611486fc71358a,0.46942397952079773
9ae9612410b1eb98,0.5561634302139282
539a1e4006d98451,0.42233461141586304
a33d6346d4f8c1e5,0.5300452709197998
57980aef3241160b,0.5159375071525574
a7be8031516f8093,0.5448660254478455
3f95d64fd9c1ace5,0.4612882137298584
f3049c7d0c89723d,0.4918474555015564
189a035ff45c576b,0.5551308989524841
c75d240002a3d852,0.41235318779945374
8745bf231601802b,0.5057988166809082
b16814a73b76120d,0.5012481212615967
5ed9c7d55e2df7cc,0.5178970098495483
02435c8f62214e76,0.5275373458862305
9b039b8d4dacdec9,0.5040916204452515
459614437c178947,0.5360430479049683
414d5447b568f73b,0.44967806339263916
3e988fc17618de8c,0.4329055845737457
330a0a9bcf37c73a,0.43142539262771606
309fe4396cc38b79,0.5053169131278992
3086aa4966a31bb3,0.4948960542678833
aa72152e95b2f76b,0.48447278141975403
93480665f80686a0,0.5203434228897095
3defd4dc819ef0bf,0.5008372068405151
6999c143f478dab3,0.5433993339538574
b981ba6f3f0f3859,0.5187194347381592
7f85ae6bec2bb818,0.4954770803451538
bac602c1b62ed7cd,0.5260345935821533
dae06ee07bc79bcd,0.5038402676582336
b7eec9117d8c0d29,0.5182209610939026
c4c4b40c52ac98b2,0.5040003657341003
1eff2060dbbaa2d4,0.5149785280227661
1e86b61476c586a7,0.4984346628189087
9c700392e50b63ce,0.4873797297477722
b2ff1d387be27ec2,0.4886332154273987
8c6519a2797083b1,0.5242407321929932
e83d6a0c957fb12f,0.4984891414642334
09c96f11563abc3e,0.5094466805458069
8c271be3e94a1493,0.5195625424385071
0af11fd95eaa6a29,0.5330185890197754
31b6338805287342,0.4710635542869568
a7ad6a43a1c50144,0.4978845715522766
623c4bc2777d7f41,0.411857932806015
dcce0c0eb178eacd,0.505008339881897
153b8fac4bb08a6b,0.5036342144012451
85c4af1a038798ad,0.5292150974273682
d505e293d42af6e2,0.4539772570133209
cfaa14f071715dea,0.4701295793056488
6c0b972ee2e64190,0.4611316919326782
5f7c22eecfa6dd83,0.5428401231765747
71610d432ca515ef,0.5333624482154846
f238b769d03fbc82,0.5028712749481201
ae6c1acbe31c0118,0.5499997138977051
59f242cbb93952ee,0.5359271764755249
66e9b3923ded72a6,0.49378037452697754
51ec4aa73222aa48,0.47511768341064453
b04d6ff82e51d0fe,0.45265430212020874
ee5c3fea9d9cbd8e,0.5447568893432617
cdba37f7b1270ae3,0.48557937145233154
dd58ef4d93055241,0.3924826383590698
67b7e7ed20722e70,0.468726247549057
0a0faa9780cf9107,0.4301018714904785
e630e916be2dff63,0.46375444531440735
2aeb77c385e46ccc,0.5291131734848022
672c7869fad978e4,0.5341799259185791
b053bf533eaa7f07,0.5429952144622803
7278dead402682e3,0.5456997156143188
c0fc89fcf8e7a8be,0.502800703048706
864ee454148e1c74,0.3957909941673279
717ff1eeab449812,0.5202243328094482
63323bde290276ef,0.5374561548233032
60707438a975c6cd,0.5089670419692993
0b80c470d1ee24b0,0.5123082399368286
9ca244a4ef5a9d7a,0.4792657196521759
cd5d6029b26713f3,0.5310953855514526
015f0a7730730fe7,0.5151184797286987
5958e2cfc9474ea6,0.49605152010917664
7cde9e30f6ae31f5,0.49900734424591064
42d023d1c1549ddd,0.4996856153011322
f709eb7c964fe8f0,0.5402540564537048
487f7c59270b1eed,0.48313647508621216
49ba7440cf2fbbc3,0.45219266414642334
fd3d575a69d0f183,0.5065575242042542
606ec226ccee0397,0.5107859969139099
74890f04e40123e5,0.5041348934173584
e2f3eb302a0474df,0.48861294984817505
056bc960a86f8e76,0.5613064169883728
a527717f538435e5,0.5333929657936096
5d05cedecd22a189,0.5452260971069336
42df3f91ded002b1,0.5425851345062256
be08c8a7bb9be616,0.3904048204421997
73eaf7d21ec9c3dc,0.5153666734695435
8140285d50b2ef27,0.5521358251571655
a1556675cb78a7b8,0.514652669429779
c2c91eec147af896,0.513038694858551
a14deedccfa273e5,0.4948747158050537
84a4cbbbb0583cdb,0.481886088848114
38a3a3cfc06e073b,0.5438048839569092
a3ca2863e32a1b90,0.5116838216781616
a489947f2883c22f,0.5217999815940857
e96ef0cd390430ba,0.399029940366745
6d75820c5b0f4964,0.5543221235275269
8d96aa316f56a7a8,0.49273765087127686
79cdddc56c835857,0.5319448709487915
7bf1de8773d72c2e,0.5425996780395508
ced98573fdddd794,0.47101590037345886
8acef98e9d88f4b7,0.49744361639022827
2cab90111007dee7,0.48348844051361084
32b04df2157c0be5,0.5056517124176025
a7ecc14220a9a153,0.48278021812438965
32c35875f3ceb6ed,0.5185160636901855
d939e5fbe8cdce86,0.5307867527008057
0abbd35087e742c8,0.48576292395591736
9428eae39bcb6a9e,0.5092200636863708
95db771d0d8da413,0.529615044593811
bc54bb2cc0677a28,0.4710448980331421
471caacce2c170ac,0.5198580026626587
b829c50db2346f63,0.5237627029418945
2fc080b0762755cd,0.5416337251663208
f8a21b053f1aba68,0.5508824586868286
6453c573351e84cd,0.4336591362953186
a8498337946efba1,0.5194752216339111
ea1d30a63e26326c,0.45995306968688965
1331c40cce94d71b,0.48797136545181274
3d30e7c46f09df31,0.48135942220687866
b7ab80f5223a109f,0.5303189754486084
a9e0b2141fc76d14,0.43384259939193726
d6693d2e3d4a9c28,0.5162080526351929
afec8ce3a75d6257,0.5410640835762024
17cacf117de36c24,0.5276515483856201
de637d9e9f258aa2,0.47316160798072815
3d8f61bbedff1069,0.4117462635040283
367fdac7b25b9439,0.5506759285926819
e346cf377470f91d,0.508882999420166
45e8a6948ab2aa9d,0.4480080008506775
24883899600063d0,0.4847910404205322
c38fe720ac9245d9,0.5100312829017639
1fa1aef76be7da45,0.4874086380004883
5747b0298052ed99,0.5451632738113403
bc837c3ea77fe688,0.5074971914291382
43f5616d521219d8,0.5358098745346069
901e1df1d5582dec,0.4651971459388733
5c562d39e2107618,0.5349379777908325
b288198423cf3ebd,0.5077320337295532
332afdb7169422dc,0.48760414123535156
bda9410d7582fbfc,0.42767030000686646
24547f8530a166c7,0.509391725063324
807c0177eb4cc2fb,0.4216582179069519
a5b81a4a76b3ec26,0.5057449340820312
b018b697cad0837e,0.4804743528366089
100d3b14548238ea,0.534300684928894
2d48fad6b1880c2b,0.5228900909423828
74375e41940525ed,0.5196847915649414
2d5b7feaeb0b00b6,0.4665469825267792
3fb07fa085272b35,0.5084221363067627
f4636f9fd41e24bc,0.5325355529785156
239e3e3f59c1c963,0.4837169945240021
81307756b7110a86,0.48663049936294556
c6140e132b3193b6,0.5014681816101074
787b20884bd68eed,0.4984738230705261
f36b2fd17c109586,0.46780839562416077
71672829e33a2873,0.49528950452804565
9c383779545eeada,0.46106234192848206
a4cd65d4f78fe811,0.5242376327514648
2ef3d1d1fcf7ded4,0.4616158604621887
2006a38571b819d4,0.5057128667831421
e15025217e86a3c5,0.4635968506336212
6ae252d4af6ecff3,0.5351932048797607
c1a0fe35643470e9,0.46737802028656006
f9ec861adbebdd7b,0.512787938117981
fb643d2905350337,0.5376732349395752
3a48503e5262dec8,0.542250394821167
a21fd817d2b87323,0.49313056468963623
9a7789d61c45bdc3,0.5014122724533081
508467036bc0907f,0.5353037118911743
8ba35622b0af1c09,0.45335105061531067
1fd4ef043b7bed10,0.537771999835968
b9eca04e769d2c15,0.5543180704116821
0c0713f5f733483d,0.5543340444564819
86a6fdc7f96a6f57,0.4652000665664673
adc0364c24a06078,0.5177857279777527
a56e2171db3637e5,0.4129437208175659
9bc2558b893e60c9,0.4821402132511139
6440063556428cf2,0.43149977922439575
f9e9e8ea26691ca1,0.5369547605514526
65232b944a8e4795,0.49946311116218567
5c0f759301c79eea,0.4781106114387512
b1760c8b3676b239,0.45552241802215576
2ec1b8cbb9a36f07,0.49885791540145874
15359ce7c5203f8a,0.5542684197425842
7196fedf201a13c7,0.541235625743866
9e7fc222cb8be701,0.48607710003852844
caeea77c45135ac2,0.5476512908935547
daa7b827ac3a6b6a,0.5187324285507202
18bfa26dd03ee3c6,0.5259076952934265
2025bb88bfbaa36d,0.5264260768890381
9994e8685ff61a21,0.3908619284629822
ab1253a1582281bc,0.4937858581542969
cc574c6ca348c665,0.5385900139808655
32f36745943568a1,0.5363041162490845
0cb7771482711430,0.5172308683395386
88b5caa0cf6e48fa,0.5548288822174072
c13abd30fef955b4,0.5133202075958252
fdb33e9b7f711856,0.5476878881454468
d7179e719486f24e,0.5301277041435242
6d26dfb3f034d4ed,0.5049379467964172
fc1d598b14b9b01f,0.508783221244812
c587a1bcc188af10,0.4505057632923126
42f6acda66981679,0.556800365447998
26bba8e6ed0e9f06,0.5034548044204712
5cf787cb77bc3d2d,0.5227130651473999
273b8f7098571e65,0.4691832959651947
ab166fa809eb69fb,0.41797906160354614
585923d2a6048a8e,0.5100586414337158
b355d2888a1f7075,0.4986138343811035
521d8ffdc3c02f99,0.47974252700805664
26c15428aec19839,0.4554411768913269
13e9141770f748f9,0.49431028962135315
6c4165790be7f998,0.5370334982872009
e626ad6c3da8ebd6,0.542957603931427
7181ee77b7fe5431,0.5299373865127563
19319c9d7fd34d14,0.5148231983184814
0273538532e491fd,0.45499539375305176
fe22d8081e621cb4,0.5423433780670166
68c533bf762c8aaa,0.5179625749588013
9321da9942fc176d,0.51469486951828
9174479edb10408b,0.5428257584571838
e32d46a7eff102b5,0.496004194021225
697f7992c982bdd8,0.4698755443096161
b346731d37292278,0.46678221225738525
2668618a4deac245,0.4672290086746216
c73167bcc108fcab,0.5304605960845947
0e9a166ffec06367,0.492184579372406
b650a8fd52f12305,0.493441104888916
bf2a8702c2c67904,0.4304971694946289
edd4c2820c7e0337,0.5120885372161865
7673360162f9ac8e,0.548252522945404
d6fd4090706a4265,0.4750567674636841
f86eceb58e7fa718,0.5079047679901123
87b4e6fc765e1772,0.4878997802734375
fb7c274ecb21bc0c,0.4565771818161011
f9b4fd6724590362,0.4652031660079956
edd27d265834b333,0.4669458866119385
e93563fde3d2ae04,0.5024425983428955
15d00544977ae072,0.5124281048774719
7cfc2adda464f309,0.5135359764099121
6fb5993944f98534,0.5555276870727539
ca93e09add429835,0.437402606010437
5ac9c99adb8c4d78,0.5179444551467896
b86ae875af573c77,0.4835182726383209
2dcb9f9c853b2d38,0.5194336771965027
0bf910f75f857250,0.530393123626709
1cdefc72205dba42,0.5220577716827393
bb4c2100fd7d16f2,0.5497900247573853
f17cabab6a846f3c,0.5313570499420166
9eccacd6c028fb66,0.5100526213645935
b1d19818a95fc5e0,0.5384281873703003
74ce655bb11a649c,0.5113656520843506
7cb63db2c91abc7f,0.5140752196311951
4ad90a326a67c6ee,0.48360908031463623
46e6aba9b89965db,0.3873674273490906
b16dd6f47b248093,0.4762395918369293
70b815c36d64124f,0.41875573992729187
3a07a74433ba3bbd,0.5229282379150391
659e6eacb36e0acd,0.519605278968811
91e55ee0bb84f2ae,0.5117121934890747
c11afc13d1365e34,0.4674627482891083
5bb4aa88dd12b74c,0.5122731328010559
17c0e72cdeb2a23a,0.4984705448150635
b89af3081b46d72f,0.4974033534526825
eeb8a7f0d47c9cea,0.47518211603164673
ebfda3cc6ecfced3,0.5123583078384399
f9b22860a0a26dc7,0.4303588271141052
82b115f89b352e43,0.5125104188919067
1c621818167e1391,0.3931947350502014
1eaa47609f75ed97,0.5021420121192932
2ab1136a95ff51b6,0.5111114382743835
ef157083f3807e57,0.48559409379959106
80f7e88f6ef76b09,0.5139042735099792
d2eb013117300d51,0.4730687737464905
49913ec2e484504a,0.5545685887336731
6010701ae9dc72c6,0.5098316073417664
8b9abea25aa6f042,0.4935745298862457
d8fe8036a114cf1a,0.5170440077781677
6bba4686bcfb441d,0.4766179919242859
73f882dc8c8276f9,0.4682038426399231
b992898f46d4b9db,0.39817994832992554
9919e034a5c3af36,0.47544780373573303
3c3f0670a03bcb1c,0.5180140733718872
4f3a5ea46e11c37f,0.515372633934021
1e4c174c967664bf,0.4713398814201355
3b682dd065a6b6ab,0.5443048477172852
e111af35be9de586,0.5230000019073486
4fae4d275e3e7009,0.4398725628852844
c5fa6e39b46916e5,0.5028805136680603
5243131eb524365c,0.5465245246887207
c6d2151d290eca3c,0.5468734502792358
9d3fb3bbd3e5034e,0.5463216304779053
21037d9985a60c20,0.4750402271747589
616f038ab4f60fbb,0.5130287408828735
df195bbc39efc548,0.5175778865814209
cb6a3857d54346b4,0.5177996158599854
aaa3e1f0ba00f631,0.42136549949645996
c86bb4b77b45da17,0.5555769801139832
7af7711c38a4df68,0.4708676040172577
c9f8d05b649ad098,0.5233968496322632
360b79fecd6b8a21,0.5348056554794312
57e20268b6ecdd11,0.46385127305984497
0b34b8a6db7e4ab7,0.48497435450553894
ff9e0f88a1e0c759,0.5215148329734802
82179ae3b9fd061d,0.46274030208587646
414bff91708928e5,0.46925270557403564
75b92b13ad4e9835,0.4917936325073242
05ed5ff8d1c60e88,0.5099810361862183
173e913160a84dfb,0.5451078414916992
aaaa425b1d9d6594,0.5188308954238892
44fe98a8ff9dd887,0.4493744373321533
5efd67d5727d4c15,0.5087788105010986
07da1370ac3743fc,0.5121029615402222
6f10f95d6f3fcce2,0.4994828402996063
b159818a341b3e20,0.49839499592781067
93ef6c62d899e211,0.47003239393234253
2f08ee70ff69aa9f,0.5302176475524902
a0a54981b24a879f,0.5156570672988892
ba850d7a9eb18c26,0.47674277424812317
ac08648aeb3c574c,0.5521672964096069
5515772ce43c249c,0.5117841958999634
ecf22e765b502f74,0.5217201113700867
ab5b68cef0f41f28,0.4006040394306183
cc4fd17060850b54,0.5274989604949951
5b944a87fdd3b987,0.5230671167373657
950e7e9fc88d5ed5,0.48377782106399536
1344634c7685df31,0.48875856399536133
4d0129794c0ded23,0.520675539970398
e225ce181dbcef89,0.5382208228111267
6cd4bf96a848a0d2,0.5567016005516052
2edc47a1aecc5499,0.5110106468200684
42325311bf77b68d,0.509209394454956
7b6d4b4c8baf8eb6,0.43007180094718933
c70be5e5701d4362,0.519935131072998
6fa79a16eb41f687,0.48019999265670776
5ea1e93eaa155aac,0.4288468360900879
42ebab5a59ecba59,0.4955751299858093
8ec597f97f642236,0.5568540692329407
f858411181747d4f,0.5313551425933838
8630de506b47cf60,0.44758275151252747
168fb2ffb90705b0,0.5461833477020264
641cd555cf1f2a85,0.5467766523361206
4847ef5a63b2a51f,0.5115889310836792
926f86c9fe2ef784,0.5411330461502075
fe41f16cc1a0da83,0.5355038642883301
e967fe28343c5c6a,0.5141665935516357
632df4d1ed72ee81,0.48282724618911743
a455a28c9020cacb,0.5357564687728882
5b73647a1c7f3db3,0.4659375548362732
51a378d185d6ebb5,0.5361806154251099
709f3c512b4338d9,0.4869123101234436
7ad3f5a8a2132cbd,0.5326429009437561
6d8e773ad1dd5f60,0.5096574425697327
eaaac411e0495ee2,0.4982028007507324
438158cce433c441,0.5178066492080688
d28c919ba71d3ef7,0.45722436904907227
b67c27b46e946e7e,0.46382415294647217
e124e79677900e82,0.42348575592041016
5208c2fcf70690d9,0.5165137052536011
dcf6db6beea96ce2,0.5160467624664307
3ed7d000ff5cb047,0.5343331098556519
3672a3da709def36,0.4592432379722595
522cf13f4467d470,0.44710293412208557
f13632cb98231e8a,0.5608178973197937
3e1575ecbdb513cb,0.5317249298095703
a1a3bd0a1a2d0862,0.5154449343681335
e35fbdaea01fa70d,0.51133131980896
79350f9c5baaece1,0.5304983854293823
2d9c07794d711b05,0.46961528062820435
4a23d1821a6a0d9f,0.5055423974990845
8c48094368cc4b6b,0.47102731466293335
ee8b80fc2ba1c62e,0.5507097244262695
40846372c3da2603,0.4160141944885254
d2f9a8c7562631f0,0.4992254078388214
ae3dd4b040b8594f,0.49840444326400757
526f683d6a5aa55b,0.5236437320709229
0e19886757b7d771,0.49672356247901917
88fde3093fa2cc0a,0.4639783799648285
cd7d5969432f3d79,0.48413193225860596
d7be112bf75ca21a,0.5561965703964233
1f3902772c059f51,0.39878135919570923
e2d2f339879ed02e,0.5335018634796143
abffb2e3928c9fa9,0.49471864104270935
24fa12971151ccd2,0.5489814877510071
3280ed4eb873b11e,0.5040667653083801
d574e213f12bbd54,0.4675532579421997
92e119d74a301c78,0.5183935761451721
ddf810e88be57767,0.46796876192092896
841987a4c6b900c1,0.4646111726760864
8676e53c00f9ddf1,0.5036435723304749
e2c8c517d3043d54,0.5160355567932129
906e4982906e8182,0.5403251647949219
3b2c088d6e6641de,0.5472617149353027
07171a66afff2892,0.5266820192337036
5cfe9a8b881f19c4,0.49445998668670654
6c01023e1cd518de,0.5511850714683533
487deebeae42f80a,0.5125999450683594
c520819a59dc5920,0.5120513439178467
8113bb7d3207698f,0.47869154810905457
012fdc435a1daf7b,0.46949172019958496
a56aa8c37a01e237,0.47787490487098694
c747d7109314c3bb,0.5342674255371094
4d4e5b5b437e5ea8,0.5211397409439087
cf7cb89b600c54cc,0.42167431116104126
eec1509d547df6bd,0.5213717222213745
7f4e174a220ad589,0.5301810503005981
ae595d6675ec0bc2,0.44894939661026
2c6b7045f0f89389,0.5283551216125488
a526d238e1e3edbc,0.42004257440567017
4e0f86d4ec37f9e0,0.5185403227806091
fcbb07ddd3fab04d,0.5250377655029297
56f951b2b824fa5c,0.528175950050354
2b0b52fc6580fa69,0.5214216709136963
3375a36c02066fa5,0.4859827160835266
c66119e65d4b29f8,0.5585295557975769
794a67ded0b8a79c,0.4752543568611145
3eb904452f7ea174,0.5215871334075928
46e1c01fc11c6093,0.5302726030349731
c832ebb5f179d223,0.4477997422218323
4c3b3d712993d3eb,0.5006522536277771
d4db0e5ad03c7985,0.526506781578064
172c6ef226fa26d3,0.3935444951057434
09142c8fe8c14f9a,0.5186270475387573
2f0d76aa70090d4d,0.47334274649620056
6e59fa5f5cb6d4bb,0.4642942547798157
a256608431d5bf57,0.5292837619781494
a7e32276554933c7,0.5006956458091736
c2bfa604853ceece,0.517336368560791
15c62359c66544b3,0.47713324427604675
9c0a5bb6449dbb51,0.49337202310562134
e43fa5b7a4efd348,0.5380649566650391
9ca4c1fe0ed6ef81,0.4740248918533325
0aa608e9906bbd30,0.5098233222961426
a16dfeb3a3e2b018,0.5570073127746582
7f73be15c06c50d0,0.4867464601993561
86ef9cf3f469faa7,0.5098379254341125
cf469c023b430b12,0.4036106467247009
b3149a70a183808d,0.46457746624946594
268781d20fdcd0da,0.5108051896095276
658841c1b4eaced7,0.5323193073272705
aed54eeeab52891b,0.480387419462204
b1938918b36b1431,0.4721516966819763
7f2f0e67e977882f,0.5192049741744995
7401ec90e14985b2,0.4199065566062927
bd66e52b57e717fc,0.5126537084579468
1f1bf60535751ef5,0.5513792037963867
2b5a36433bcff01f,0.5101559162139893
679c1eca33df9b3b,0.5159580111503601
83ae0707f46ac4b8,0.49386459589004517
eebcd0ff7d04f335,0.5581356883049011
0f95b3169857d6d2,0.5327616333961487
aed2a39beefbf62b,0.5426098108291626
c3f30ba817f14a31,0.5442389845848083
7bc3c4d020fec9bc,0.49720877408981323
094d258ced0164f8,0.5008876323699951
3a5cced74bbdb6e0,0.533888578414917
1fa78a13a7d368bc,0.5240594148635864
36b880a824dc2644,0.5303704738616943
895c9a7fc25447f9,0.5128337740898132
6f5f1f5d2ae0e775,0.5102859139442444
7425260a466e5584,0.5233238935470581
2ce3c5dca6f65260,0.48012518882751465
e71cd01ba3e3e20e,0.5203702449798584
348eaa423cf4a060,0.5127182006835938
30526d94020424f4,0.5019041299819946
d0896764ef96806c,0.5460119843482971
ce52cdf339f7dae9,0.45839741826057434
033440caadc670f3,0.5560919046401978
dd3988f2d552b916,0.519960880279541
99114321079905ad,0.5055568218231201
8f936d33de3e5115,0.5291802883148193
880031937ee5fdc5,0.47314390540122986
8393a2c65c8aed4a,0.49540311098098755
d425735359f7ddce,0.5123435258865356
9268c2eb2fdb0d15,0.45573148131370544
75fbbeef2f83d0e0,0.502997636795044
940bd756784cf90d,0.5452325344085693
2ddfe27087de4d6b,0.45830732583999634
64b74173a57b21d6,0.44017356634140015
a527becd9374dabe,0.5723098516464233
51b58aadb8ab1454,0.5018187761306763
90c0c904e3fcb387,0.4761679768562317
23d447f138ea3316,0.46090835332870483
42220dcf9943a46e,0.5094799995422363
4947d51d5014043d,0.5485091209411621
e073306938eadd72,0.4038618206977844
3e641de152b2ab23,0.43358802795410156
f5acec8759a43c24,0.5140959024429321
105191703f6dcd12,0.49241381883621216
9085ff91f6e21077,0.5162416696548462
522cd0c39d5e011e,0.5173673033714294
55e99d1f58fff10f,0.4986698031425476
378204e7666b0b76,0.5281691551208496
09a1f1e9f1f0a87e,0.5052276849746704
d0d18f1fec12825e,0.5177255272865295
b041e10902c6abe7,0.5271080732345581
7a3585d24206b2ab,0.5565781593322754
44da8f21dc289488,0.4464157819747925
638b883d34bf6440,0.5175994038581848
8f46f451ef2d08f6,0.5322458148002625
04a99d9eebd247ab,0.5327469110488892
102937c286eb81b1,0.39919334650039673
01a71f4299c076ec,0.48532697558403015
38ee2b9ef52d7619,0.5196876525878906
9335677cfed47360,0.560230016708374
52fc4961062ede12,0.5333486795425415
9e233c485e1f1a02,0.494440495967865
1d29194ab6607ada,0.520268440246582
3af335328fb570fd,0.4602758288383484
2e6e59522a79f408,0.4639885425567627
71706bd7780e5b99,0.475451797246933
b0ca75db824361f7,0.47998344898223877
5bb2cf8492e5d003,0.42498743534088135
72778fa179c39879,0.5324406623840332
59097e2f72c26bd7,0.48974716663360596
b05d0c2940384ad3,0.4440597891807556
b5b55138e48a9c77,0.4675799012184143
9cbd3163b7e38f7d,0.5175594091415405
cb27319be97a550b,0.49915972352027893
47754622dea35286,0.5083998441696167
7684fa6c858775e2,0.44286274909973145
bd2a095252a25d9f,0.5082709789276123
a48c91d037696671,0.5463269948959351
e98237d6e3277b04,0.5290122032165527
735880780c6a95d4,0.48501041531562805
6cd7629182479817,0.4959467649459839
7079a978aab64a13,0.43829846382141113
3703a4e7933e6cd2,0.49874043464660645
685cf7de03fc5803,0.5380618572235107
d8a3706118244f2b,0.414803147315979
c7a60218c086c10b,0.4099275469779968
78ef6f893f2cfee8,0.5746612548828125
3bf4abfc19dabaf7,0.47676676511764526
563bf3701c68c364,0.526733934879303
27caa9307768ccf3,0.4589351415634155
aa8ff522c25642a5,0.46298402547836304
1c09087e0198238c,0.4909229278564453
5606eb6dfb00e036,0.46684321761131287
7ef55ac754a6564d,0.5434255599975586
86b9468c4cd5167d,0.5272895097732544
1e530262887631ec,0.547023355960846
f6a923f05bcbd65d,0.5267773866653442
d2105ceacb0d0d97,0.4647730588912964
792d2b2df171ec9d,0.46806102991104126
47be51287f21c6a8,0.5128687620162964
13a774e005abf4f9,0.5146428942680359
383d1fec9aac2276,0.5135945081710815
80a99ce26c02bbf8,0.537779688835144
9a37f13473513d65,0.4379740059375763
76bbfa563968ec4f,0.4948539733886719
b0349b27e1b5dbf7,0.45119431614875793
47a708d76dd7bee6,0.43268218636512756
0a77b5b72b058465,0.495238721370697
fb81aed00f161312,0.5240769386291504
4af3938f82ec5e29,0.5470490455627441
60a092227c806927,0.5443244576454163
10bfa258099847fa,0.4374919533729553
109d74c96fa86d05,0.4954320788383484
68d550f7fdc2c094,0.47824299335479736
11d7db6f28a7420d,0.5227968096733093
ed099452ae351508,0.5289198160171509
66e3f0f1f49f40ff,0.4553270936012268
07cfcd803ed3443f,0.55040442943573
a3506eefe45f98c4,0.5260165333747864
e9822ca076846293,0.3990364670753479
d766dadfb310f1a1,0.4908989667892456
bfc8634d0d3b9299,0.565886378288269
6ab124eab6c8123b,0.49603986740112305
ea17e675296e8126,0.5205408334732056
34e0ec38a1de0fa4,0.4388222098350525
0f5821270aa5b51a,0.5564776659011841
9ce8b40180665ca9,0.5162537097930908
0cc27e21a903e17a,0.5285060405731201
3a808f3f4a45512d,0.4825206995010376
276961214a4e74bc,0.4553300142288208
b3f958c7e242aaec,0.45797258615493774
475d4b06a42bcb84,0.5272186994552612
03cd31d138ae3928,0.5039465427398682
1b0c4ac48b359655,0.5018720626831055
4ff546ba1313e131,0.5347156524658203
4f9d900ae9ff11c7,0.4822874069213867
42513fabe05d195f,0.48539185523986816
6346043c125acdb4,0.48419737815856934
3dfbac782cd8f503,0.46717721223831177
3347a364a849fa51,0.44241124391555786
76ded6137768a576,0.4010135531425476
430652e124415c1b,0.44752952456474304
b4501cd3e1920624,0.5195643901824951
f604b286a7fd0c30,0.49894869327545166
e8ecc39ca024d2fc,0.530326247215271
0d2918d9b7ad8554,0.5070022344589233
e3fcf4ea82a4a1ef,0.478412389755249
d4be676ffb18de52,0.5149744749069214
639060bdbb29774a,0.5456576347351074
a52e02ac8c8f7068,0.4991677403450012
d1502b2225002573,0.5005182027816772
270f7ff739080f15,0.5615957975387573
4e82c7c58ff05b43,0.5134930610656738
1acb0e59f57038ff,0.5271711349487305
92efb170701ef911,0.5288140773773193
0c58664adf36aaaf,0.5615265965461731
b626cdb15de5cb2b,0.5343294739723206
6a4dc41dddfbc594,0.5276730060577393
ca68af395afbdada,0.4818868637084961
3425385e041d269e,0.5105935335159302
d41f96f3010251c7,0.49721208214759827
0157fbf0e4403ca8,0.49743494391441345
0facbcc4a338c198,0.49377578496932983
c08ef2413efbf302,0.49757397174835205
bfb1f52cd784cda9,0.5289286375045776
9f6da6c75de6959a,0.516983151435852
50886ea5bd01f4e9,0.5263943672180176
9f157b52bf08e467,0.5365006923675537
21ff9e7a3b11c4c3,0.41690799593925476
6f0335e79875506c,0.5257798433303833
edaadd76001f1228,0.507469892501831
e61420cd1fb88951,0.47973883152008057
4cb1aab4aca6af35,0.4922700822353363
68968338099f2896,0.45241087675094604
3888e2efc941e563,0.5640345811843872
f51862d52a480897,0.5413841009140015
08c94c91f921212e,0.5267969369888306
7696680299541925,0.4287624955177307
62f3b4a53d980596,0.46248549222946167
b3a4c2749c3b1a8f,0.457491397857666
a1d3a83c82bb1d60,0.5178940892219543
60e251fcc7943602,0.5491525530815125
1a7e581d45a777a0,0.5300432443618774
fae3b038f4cac99b,0.476914644241333
2b970a5643c49a14,0.5396311283111572
6ad86652f9c03f13,0.5622843503952026
35a4a501136787c8,0.44990843534469604
c48f68a3fde2f2f9,0.5342159271240234
0f5ecc2deb56a574,0.5277408361434937
2e848575d09bac79,0.42558959126472473
afe92dca36b0a9f2,0.4885755181312561
41a29acd2f6eaaf1,0.46920567750930786
2e32feffc5faa03c,0.5469569563865662
eec2066419e963ab,0.5291385650634766
6df44b97e2f1fd24,0.5312702655792236
efc794fd4600554f,0.52666175365448
5b2b59eab68223c8,0.5272766947746277
b5169299d6bd32a6,0.5076087713241577
356149b81f90901b,0.4724920988082886
2025bd42e8724353,0.40431007742881775
6ddc3bbc12280b63,0.48737210035324097
254447256e3c4269,0.5392469167709351
5d25c361f53bf799,0.5181185603141785
5b90cdf91b785200,0.45836204290390015
694f7fc82059bb1c,0.5226726531982422
21f2f4554fe2f474,0.5330381393432617
19e88acf66eb55b1,0.4837857484817505
1c2a4fb626d6dcd0,0.46414658427238464
fd125d7c2867b0d0,0.5127572417259216
b6a652ffb9f9e2be,0.4985101819038391
be883613296d3e0d,0.5002850294113159
9a1c2e726a410d75,0.48912882804870605
63b3a7a974cc3a98,0.524195671081543
92f01d22e3df9dd1,0.5006945729255676
3418cb3cf4a8f1ac,0.4427602291107178
539ef6886d9a9dbe,0.49905040860176086
6fbf607cd97e849a,0.46380627155303955
3fa2800934b4b79c,0.5747144222259521
63f582ea2e20ae33,0.504827082157135
7f3aa82492cf2fa8,0.4940202832221985
65d0039844f8ec6d,0.5039875507354736
b26d39f54ab1bcc9,0.5354797840118408
8596c87465af1e8c,0.4049544930458069
4b6d1d16d6261003,0.4545723497867584
7f9521c146284575,0.5389404296875
6b0145a976ad5c23,0.4663403630256653
e5fc16e9a3fe758d,0.48365622758865356
4f6ec7057f5b861d,0.4434499144554138
615cce824c735a34,0.5287814140319824
6184a1d54236fc2a,0.49362581968307495
1e7aed7e31c1f2a6,0.5144503712654114
4dbe2525806d3b8e,0.5706399083137512
6eb989a251e33935,0.5223208665847778
ebed64d44019b1c7,0.533653974533081
7b45eca0d3dfc168,0.5250676274299622
e932e06a9c517708,0.5229743719100952
ebb5ab2cacf5cada,0.4644157886505127
4ae610688725b970,0.5356229543685913
43c326932f089c57,0.4039561152458191
0014e5010b375079,0.5500578880310059
c14ef82f3e39a8ac,0.4841850996017456
02e0057b2ac36fc6,0.48135435581207275
1f6ae6c61f6b6a45,0.4399452805519104
e9fb1a2639952165,0.5252770185470581
04b99007cf8b7eb9,0.5174258947372437
4b0d44163939f4d8,0.5640912055969238
9afc5f3fa7aed4d9,0.48184454441070557
70fd857ae1ebccdc,0.5011700391769409
2ea23ae295336b6e,0.4846031069755554
f724fa084aabdac2,0.5168519020080566
9688e46d9ba077e5,0.5438907146453857
9f42d5e47763f904,0.5314439535140991
a12e6a34d66dd5fb,0.5191442966461182
cd0d9bfa6c1806e1,0.4236927628517151
39b8e4c8009d55cf,0.46876388788223267
c4a3a9ba056a4d2e,0.5056503415107727
2c95523481694803,0.45164066553115845
6ea3ae7099c04656,0.5309240818023682
8d8c984456f01256,0.47150522470474243
463ae7d73ee5bc3e,0.5524601936340332
7d6a5a1679f9e6ba,0.47673168778419495
577a9bc812495baf,0.49067628383636475
993f53b2eead1b91,0.5290671586990356
9124ac2b0523833d,0.5551854968070984
066b248a8f7c4178,0.5086487531661987
b0f7e47da35e463f,0.5108349323272705
4f6f54354318b4b3,0.5520760416984558
7724a54ee9b16d11,0.44588401913642883
9dfdbef7679ff3c6,0.48328208923339844
2e24f7d5d25ea5d2,0.46024882793426514
68b734172421decb,0.507240891456604
6a616b5dc33c5bbf,0.5091536045074463
4f9e1cb89cb30b9e,0.5549489259719849
1cc330644edd5e08,0.47397705912590027
7bc347d246078008,0.5249974727630615
835b9641628041f4,0.43910372257232666
5734de734a7d6f09,0.5499786734580994
1d62232ae05c758a,0.5309295654296875
e010cc8b77c4fdad,0.5551856756210327
d7b977b5a7bf4b67,0.5296680331230164
e21bf39bc59fb637,0.5181253552436829
d908bf8e8657af34,0.49995172023773193
8ad3fd18490f94ab,0.5449634790420532
65be592aee19b5d3,0.4751424193382263
12f9dcb98637be04,0.49166929721832275
96f72e1531e1d383,0.5126904249191284
302299de3c629bcd,0.41315194964408875
e7687322b5142838,0.469623327255249
b1a96d4d49506ccc,0.5197693109512329
a471dcc682d44663,0.4922599494457245
bfafaa49c6b4265f,0.49143677949905396
535e34fc67712bb7,0.5174021124839783
aaf25c20634be895,0.5169886350631714
25bce930322cf2b9,0.5268824696540833
06a4bd36ebb99eb7,0.47745898365974426
9fbb9d30f5fe952c,0.4988202452659607
c45c6417520d1a4e,0.5213353037834167
1de91b564d5c8d9c,0.5156235694885254
73ce4f1e769d2737,0.5268571376800537
60cc952cedd01742,0.47040608525276184
5e0473a84d2e2513,0.44739702343940735
ec5249201b30923f,0.48256534337997437
409a7fe0b41c6620,0.5267925262451172
51e3a1902475e242,0.4947786331176758
0f8fc4d7a72a4f12,0.5485879182815552
e760ffc97c1c3b92,0.4502166509628296
68b95658838513d4,0.530650794506073
cb428fea727589f8,0.5236953496932983
65430a8a88bae246,0.5040997266769409
5e2b7d42d169c686,0.5324752926826477
cce489a717a3ba29,0.5496713519096375
d8fcd4d18b3f2824,0.4682181477546692
d4225a1ab7a1d499,0.5321762561798096
fa5891627dc5f466,0.49569445848464966
749974510c102ca6,0.4375654458999634
078dc93ce1d35e08,0.4753124713897705
67eeded5b798814e,0.4755392074584961
d28e9620930180d6,0.47038358449935913
276eba91ce065bf2,0.500271201133728
a62034327a7cca1a,0.5601628422737122
115e6a32d5345453,0.5313246250152588
63bd78d8c4449408,0.5532091856002808
f1943784d72f3b56,0.5247535109519958
970d1495c2f4e481,0.4841681718826294
8c3f5e416ed1e2bb,0.39049243927001953
89e31ae8ec94e4c8,0.5058495402336121
6deb66516bf5fb79,0.46575927734375
d54dbbce6182881b,0.5144182443618774
f8a5b4816c103e23,0.49908769130706787
aeccb825381f8e31,0.5213370323181152
729d6c5c5b8c7555,0.5507111549377441
79a6fb968ec307c5,0.5284804105758667
0092b7fc50eb4c3e,0.5774688720703125
c815078a80dbe9a2,0.4256456792354584
a074f9d74a9b83cf,0.5462720394134521
2cabb672ea608e22,0.5376728177070618
2de9b1cb274f5120,0.5684065818786621
de2e672647cc7bf0,0.540806770324707
c41a2b6ae2ad5323,0.5260521173477173
bebbadd160e53b10,0.48064932227134705
5d254d222568ea5f,0.5343042612075806
b43912b01b1b9495,0.49268314242362976
1009908b938d07c9,0.4854945242404938
e0102119673ca785,0.49464383721351624
296431f60d119e43,0.4441947340965271
430a8103ced55258,0.5203852653503418
f8117723759d8a00,0.5277326107025146
2d683c2f196b4ae9,0.4274173974990845
c9f8c037f6507f87,0.4565008580684662
bfbf8f05f867b3ae,0.530253529548645
9aa48dfeff040099,0.5231099128723145
ab55b5a336495d11,0.4354194402694702
f32947092374e0e8,0.5540347099304199
58968438ccdb5dc8,0.45566654205322266
2158fba7a1f568fb,0.44519150257110596
13f7eb7ce05a5269,0.43955153226852417
a99a5645c4b85542,0.4626709818840027
cdf7e9101223aa4c,0.5398368835449219
6a3e06d6fe56fd41,0.5242705345153809
dc7dfb4613085782,0.46955546736717224
d08343df2dfddb5c,0.39212435483932495
275c82050350de0f,0.5489040613174438
eb73fb513475d2f1,0.5212253332138062
9326733d864934d9,0.511202335357666
1dedaf4fc793a283,0.5254563689231873
002661bceadcc98c,0.46624523401260376
c5244673a3f15399,0.5013121366500854
61405c17003a92e7,0.5684054493904114
903c78270b395a8d,0.4473903179168701
533a38643a1c91a1,0.5012824535369873
665a3f6809dc2e71,0.4629642069339752
be6b2db2aa23ccb4,0.5763843655586243
70f5299cbf2d88e0,0.5269884467124939
e336851e23947bbe,0.40516120195388794
380abd957f55dee9,0.559151291847229
bf1d1ab2645129e6,0.5300729274749756
b5871fea71744630,0.46668684482574463
0192bf2295a5d51a,0.4372495114803314
56bb575b2a188594,0.4700556695461273
8a13c9396dec730d,0.5528824329376221
e3b2e31b7885c1da,0.49493134021759033
f5a37d2c5b6814a9,0.434844434261322
bdf5ae2dd0cacfce,0.5354995131492615
6de11bd2d1c7f057,0.49661222100257874
ab7e223292d56578,0.5137158036231995
086a67bac452c8e1,0.4798892140388489
b2f83d63903e1f45,0.5078573822975159
82bed61a2f5a79e6,0.5265198945999146
eed29e2d1bde5249,0.4544346034526825
8464d34c2a2a8a11,0.48308151960372925
d185cf3ca5c8f84e,0.518976628780365
135de9e15053fcb3,0.5158928632736206
72ce63e76fbc49ae,0.5520334243774414
e3ce5cbcaa97a921,0.39130955934524536
721ced1dbde9ac48,0.5368342399597168
9d57e7a454d93bd2,0.421927273273468
2d6d2d3f86dd3916,0.45442211627960205
643216a6a60adced,0.5319974422454834
f9e8dbb34f31a6ad,0.5530880689620972
04b4147982577da3,0.5289667248725891
b8ae68a335fc3bac,0.5266077518463135
f22495628319bd3f,0.5007252097129822
704555ff4f57bc6b,0.5519397854804993
7ca28817c3aee568,0.5067253708839417
6d46ea7b5dec7f19,0.45080631971359253
afcfeb3a8458e036,0.5207874774932861
402a2c109a86982c,0.524152398109436
288e84b5b6118317,0.5224233865737915
acecda87ca435416,0.4886111319065094
4e4d23801d116e6d,0.41461917757987976
27b33518337e4e11,0.5310574173927307
3c150b016f4dd733,0.4894665479660034
81b9fbb81c4acd73,0.4986391067504883
81099c8418dc2646,0.4811016917228699
9231891f5af48d4a,0.47020119428634644
74bf45bf18978857,0.5564138889312744
bec9b2ac09c6f65b,0.5410293936729431
2a4b3ccfe91cf92b,0.4613932967185974
0540cec05a3905b3,0.4435696005821228
cd61c027098d49c3,0.4976879954338074
afb6a4b9e26665c4,0.5138311386108398
54de601bf1f4adb4,0.5205790996551514
9bdc78a82e62fa7f,0.47998547554016113
b8ce59c366ab96ff,0.463115930557251
f7c124c61e7e642c,0.47083353996276855
ee60cb03038d68ad,0.5523262023925781
702f6c6885116a5c,0.49634870886802673
804934839e534214,0.49474865198135376
817fe268bbf77683,0.47593462467193604
12dc2cb7d744df26,0.4772934913635254
7053b669ac774141,0.5602021217346191
adbd1f471b223611,0.5199950337409973
e617332c221c1d0a,0.4457899332046509
5970fe7b9fb42c57,0.522086501121521
9fc7db7f0c005995,0.5596507787704468
4b3169972dfad20f,0.5359914302825928
04271cd64ecbf6f3,0.5523017644882202
4d7a2d672c9fffb0,0.4781185984611511
270187d5341510f5,0.5415554046630859
8b8e63d23dcd2cb3,0.47100168466567993
9e4dc8f928dd6946,0.5377500057220459
70c544b553e216e7,0.49056220054626465
d49c179c776a1cfd,0.46069657802581787
bf3f29cc7db120e0,0.45646411180496216
6212d4fdb3c936c9,0.5302015542984009
d60a16e00b53c3d9,0.5247233510017395
11eebdd49693a217,0.5155384540557861
1039e0b34d31816f,0.5135821104049683
9d19be058847cb20,0.42739027738571167
0f701b07db99209a,0.5193778276443481
217e0a53fb0409a7,0.51414954662323
6f15e1d3268a94c5,0.5720957517623901
dd84f68a46096472,0.5374201536178589
565cfdc0ec0bf7ba,0.5008351802825928
0bd2554b1a355aa5,0.4918360710144043
2c0e561ba0e6582b,0.5033824443817139
a49a3990b9051076,0.5308090448379517
d5553a8310e3af95,0.5473056435585022
939f0bb598595c37,0.5530529022216797
74cccbca0ed55a5b,0.3907942771911621
45d3b60ffcf18fce,0.5492068529129028
964d787819533a9d,0.46101266145706177
b877a7d8dd127f94,0.45407071709632874
f256f02a526e3561,0.44571685791015625
0179c0f3045ff36d,0.4822089970111847
f56dde07bc98b9bb,0.48837852478027344
133c2f9d6f179243,0.4950489103794098
77cd4c5403cc4968,0.4748081862926483
48078a493af2fbb6,0.4411378502845764
2d4d501d8338401c,0.5482813119888306
5c4d2002c6126d57,0.4543234705924988
eebb6c0e43e24792,0.4736347496509552
1edc2adbf32ca908,0.49760791659355164
a9e8605a67f040ee,0.4517095685005188
5f2630d501114e42,0.4599899649620056
95a7dd63edb2dc47,0.4928660988807678
a5d3afc644c2c0ae,0.5530955791473389
9a0bc4dcd1726979,0.4963430166244507
801fb0aa53d3c7a0,0.5272495746612549
2e18cb790fa51ae0,0.49224966764450073
f8d305467fafd439,0.5340408086776733
ef0c08741c20371a,0.38122373819351196
b42e278dedb96017,0.5332890748977661
511d0368b7cd3209,0.47445428371429443
cb3f852bd48e075e,0.47766023874282837
4638ceaca2895c65,0.5755900144577026
eb87861240095996,0.5148602724075317
944ab207b33e3d21,0.5348778963088989
25d830a9ddbe384a,0.5214380621910095
f190814058632cf7,0.5311257839202881
a9726fa7567a804d,0.5280042886734009
057a69a83c42033b,0.45911020040512085
c9f33527094b8354,0.5197343230247498
393e0566eca23d88,0.46481233835220337
9fedd74c0234f4a9,0.5340341329574585
8e32eea303462ef5,0.4963451027870178
69f5130f6cf0dc39,0.5210167169570923
36f5d5ec47939211,0.4775523543357849
e1aff7ec07d870db,0.542589545249939
c261a1859e49b7a4,0.5551888942718506
b601b6b4302ce8a3,0.5513110160827637
a0be5720d01aaa3c,0.5157968997955322
66b87d31f678daae,0.4479924738407135
49ac732ee517dcb5,0.5478612184524536
58444a9fb99da595,0.4356781840324402
697b45d0b9a07624,0.49734556674957275
42a672d4147049fc,0.5493634343147278
f5519dffecb47112,0.5355648994445801
992f2482180cf018,0.45604920387268066
aa19f9759820f2ef,0.5236706733703613
95426a2deb265f6d,0.546667754650116
fd24ea27463845cd,0.5613824725151062
4b12b125a4d917be,0.45903006196022034
3e228a267f96a5b7,0.4693746566772461
b15379416c4dc541,0.3740749955177307
1189665b2cde55a6,0.5454721450805664
618a21accd9babbe,0.5149204134941101
607196a31ac368d3,0.5109976530075073
61a243a55f46a9a4,0.5292873382568359
7f66f24055e062d3,0.5204166173934937
3f1c6da93b0a86a3,0.510428249835968
a7a096efffb59f30,0.4400840997695923
6711e6392b19b99f,0.48407745361328125
07b721bfbdc52a29,0.4607420563697815
7ee18c916b2e83ce,0.4517143666744232
2c8bfb80461a39b0,0.5146987438201904
31c6df221836dcbb,0.5034874081611633
0d04199262736aa2,0.5134804248809814
e9b1b0f1dc0ee8e2,0.5208531618118286
ffcd53a0864285ef,0.4231469929218292
a3b6c464340f0c09,0.500715970993042
be9ab7bb68aec49f,0.4993116557598114
12dccb465285c085,0.5503774285316467
2c1477a0a67b0030,0.5281517505645752
2f69f4e80c052d6a,0.5164823532104492
e699c939bdc6a7c1,0.41565871238708496
efc764120284aba7,0.500036358833313
0ade267e3198f81f,0.39878758788108826
ec491497ab93829f,0.5219869613647461
561846c3599b50c7,0.5011328458786011
91d5c8b3d76438df,0.45156827569007874
3785d5d9ccfd50e5,0.48737025260925293
e11b59e6415ad6f2,0.534623384475708
fcc9ea12492f72cb,0.4931658208370209
f67b3a895d0a31e2,0.5692751407623291
f64a0b8dcd8098b5,0.5228668451309204
25ebc95a932664b7,0.551673412322998
abb85acb2a10b196,0.52760249376297
9739875d7e64f711,0.5193932056427002
69fa6aa07da32f5f,0.539084792137146
8493a7ccd56a20da,0.5157231092453003
9ac449ad2ee9455f,0.5390763282775879
e7881d2d48f3e069,0.5545874834060669
55c6746029be7064,0.5089679956436157
61b9bd5381ed0d64,0.48041361570358276
2c5f26eb8bafd05b,0.45654022693634033
9be595890fe6f779,0.5263118743896484
49942cd0132cd006,0.5278730392456055
1e0255bf84c146cc,0.4448844790458679
bba01091f52cc0fe,0.4685341715812683
88ba5eecad2821b1,0.5077367424964905
9d9872d1d83000f1,0.4411923289299011
a4fc09cfc0b23cb9,0.542421817779541
e4464f059449c06a,0.5341373682022095
47878c0c5c765cd0,0.45930343866348267
6b6f761d9cc9ad4c,0.3949035406112671
dbae74e7f8d256b6,0.4437852203845978
1116f0385553f13d,0.478462815284729
6cd90df5430383c6,0.5793020725250244
cade4392b43d8449,0.5275452136993408
51290f28a0d25bcc,0.5563520193099976
45332c9257ca7ebe,0.4706619381904602
766f6773295b52aa,0.5276257395744324
ee63c76dc18d1252,0.4895612597465515
f21987a60cbb8789,0.4337884187698364
64c926f2556bbd2b,0.37052032351493835
08417193ef40e98f,0.5079470276832581
31d672396f715211,0.5604027509689331
689c0c1ea32ee4d8,0.5037538409233093
e7b3e9d96f8b26f6,0.5432504415512085
f1cd370d39396c83,0.5331810712814331
a8921d39f7200514,0.3842431306838989
0ee3133a9b32043b,0.4801044762134552
89d424b611ceff4a,0.4998787045478821
7be22d53a32e18d3,0.5241079330444336
f385fc5d188da196,0.41622430086135864
14c36f7b2780e193,0.4470621943473816
79d486e8ded17aec,0.5115944743156433
590d812ec55db552,0.547412097454071
7eb9c013482df48a,0.5023279190063477
3ef885de5f02a293,0.4949541985988617
5917a00ee868d08a,0.5241031050682068
6268bb1a4b04d9ad,0.4615495204925537
7f0d216003470477,0.4634665250778198
087a1e961b42dcd1,0.5539332628250122
5506b9810e5a0b13,0.5564953088760376
b6d3fb0e6ae94289,0.4942758083343506
20285c2b637cbeca,0.5395447611808777
88c290e066f4c1e7,0.49271440505981445
166ee48f356ca787,0.4505475163459778
d374b9d55973dbdd,0.524466872215271
dd1eb5ecf5e814f5,0.5264866352081299
e881462dc8cfbdbe,0.5169131755828857
992fddd7296b1efc,0.5510927438735962
4e9342366b597213,0.5495951175689697
8af518f0ed8481c4,0.5277060270309448
7b5741f173638160,0.537339985370636
251c85875db03f5c,0.4550946354866028
f574a7c57bcd6849,0.5267704725265503
70bb38d69f46f860,0.491091251373291
22ab28d226a182ef,0.5018821954727173
df20df513cbab88f,0.5317667126655579
ddf04c0498a051f1,0.512377142906189
6209a0c791241b26,0.5331410765647888
3620cfba27720128,0.44313013553619385
e07883df2e67d1a8,0.5438783168792725
2029d52961d232a3,0.5166786909103394
857dfed331ef8066,0.4699874520301819
59f0b402da65a745,0.5149828791618347
e15578348b7c32b1,0.5541952848434448
f4765493e35f98f9,0.5226070880889893
81fba177d394025b,0.4816320538520813
b6d547448fc1a218,0.49260956048965454
393268f0c447a51a,0.5143706798553467
6e06957b3dd1197f,0.5031430721282959
a5e2bb186bf6d5d0,0.487159788608551
32238fccff1af59f,0.5523381233215332
ca65338d56fccf63,0.48926883935928345
e84784e3f7b71b5a,0.564929187297821
d8bd6495f94a7a57,0.5162441730499268
341afec9647a4cbe,0.5415723919868469
3fe85015fd7ce761,0.48116666078567505
e218d1d8e088a6cb,0.5441429018974304
e29a1b4470c0c41b,0.49600568413734436
f618476132263e7a,0.5464966297149658
c057840ed3b2a1e2,0.4504084885120392
cf16e535dbaf4a39,0.4240608811378479
5d816f22b1b13776,0.4997732639312744
e0e0fe5dd764e7a2,0.4824197292327881
6c54a8bdb8d3959c,0.5291208028793335
a14eb99ade1850ff,0.5168417692184448
ff888b611da41e45,0.4919523596763611
e0f4edc605e21c58,0.5557516813278198
46acda994da174ca,0.48118215799331665
a2b6d80fefa3f1bb,0.4618617296218872
b62f84b548a0cff7,0.5142170190811157
0863a66cad515da8,0.4831421971321106
a822a66c8f3c8ea3,0.48675626516342163
92e5d04220915a8e,0.4453057646751404
5c18bcd2234fd53e,0.524771511554718
f36c4549198d4f40,0.5250474810600281
f939d06f4cd482fc,0.46804070472717285
4e3c9d38dd95d7db,0.4123992919921875
be508356ce934b43,0.5227080583572388
9e40a9bd0435ad74,0.5380235910415649
51676aba747bc716,0.5000394582748413
814e16f4cd12a3d1,0.5391701459884644
3502c72075ef9c5d,0.5439542531967163
65cb9848e70fc6ef,0.5101712346076965
4d966be606836fb3,0.5393558144569397
034fa9d1ec0cec61,0.5288518667221069
033599f903b9b858,0.5396538972854614
5a93de0ab3fad65f,0.5419536828994751
5f4ab6c0e2de320d,0.44485604763031006
cf63ab1e1abe8536,0.4571315050125122
0757909aa4c829f8,0.4357399344444275
1ab3674cb2445e9e,0.4799017906188965
4b09134e5ab8292b,0.3911290168762207
a7b45bcc9f1fc12c,0.49009665846824646
a496e7e502630a0e,0.45851242542266846
fd6c8c38feb90835,0.5146124958992004
3529fc66f6e0d388,0.49783504009246826
d53ec91b8816633a,0.4597056806087494
9b8d789e41e23dce,0.4495334029197693
d2e823a33ad662e9,0.48216283321380615
b58c6d77aedf7ae0,0.5413072109222412
9250504b95ad3a9a,0.46961045265197754
ce5f0cb9936f9514,0.48655545711517334
b3eb38e59c52182d,0.570792555809021
823c5a61e2b3fe7d,0.49328458309173584
e38bf2e82629e4fe,0.49017125368118286
888cc64b0b90f9aa,0.49524807929992676
2190af5d49d63f19,0.4965445399284363
6b8549610f7ab324,0.3965836763381958
e80b3569789f7929,0.4290078282356262
edae3d56810fa6f9,0.4710839092731476
943aefbe3c217b23,0.5124880075454712
8e8ee1a76d9eab64,0.47143590450286865
4a2501f45d054ba5,0.48866164684295654
d363ca0cb1a968f4,0.5537731647491455
e7be7a5f93904168,0.5625735521316528
973038db716a5d3b,0.5194988250732422
03aeff9414d5882c,0.46057558059692383
aedd1276d9a1d0dd,0.5390965938568115
5a4f85e51a50927f,0.5413624048233032
95835d124930f9d0,0.5521778464317322
ac54f54f19023ea3,0.5220866203308105
2092cf1c2bf9200f,0.4880911409854889
91c35ea50f5b2857,0.49613577127456665
373b098b938446be,0.5339478254318237
9ea3303d6bf1a142,0.47900390625
b86ee456437dd3ac,0.531639575958252
f972c8ec9598c44d,0.5079846382141113
3d9cebd07c86fd06,0.5126463174819946
60464aab70b5ad2d,0.5369476079940796
0d649694b151a91d,0.5140824317932129
1d6986f8ff700e15,0.5195621252059937
46f4d811282e0b9c,0.5131409168243408
0df4bfa04859ac8e,0.5498054623603821
514bbb959ac8528a,0.4854773283004761
4f3e7d2d977349a0,0.45824432373046875
674787fc4130aded,0.5066086053848267
dc72c5233acca571,0.5708420276641846
28f28ba8c88c9802,0.5004444122314453
3d52c9e76c88d835,0.5506002306938171
93f4d455888619dc,0.5393127202987671
62f7dd80bf9d976f,0.5367681980133057
2c420048242c3889,0.539580225944519
57ac93ad2b7cbe93,0.5220242142677307
6f6a9962968992c3,0.45190000534057617
aef134bea7c679db,0.48759156465530396
a16223428c352a45,0.5400441884994507
739538a68b836810,0.5079050660133362
9934248b6a4e4cc0,0.4949599802494049
9cc8866fd6eba78e,0.5590826272964478
2a3ce4d6fbbbedca,0.4583948850631714
4dfe11ab9b5807a2,0.4758414328098297
2024d03e61f26c7d,0.5481866598129272
9a64062abbf60def,0.44838201999664307
21d600270cdeec2f,0.4984988570213318
a25a1b91e96e9b3a,0.5029005408287048
205d1bded75e0760,0.507178783416748
2d9bf60b8223e0f4,0.5370117425918579
f2ffd213267d9de1,0.4876753091812134
c0c36289e811f1d8,0.5170843005180359
a218d567f74a0a92,0.4038460850715637
627dcd5635750893,0.4598672389984131
5f2cd228cb07fc47,0.48593685030937195
f77e6d7ebb580d69,0.44892367720603943
e35f2220cdfe1ea0,0.5158575773239136
038132de7a788f59,0.4918181896209717
0a77f2c9a6046b07,0.521282434463501
5d64a607ceaf0c79,0.5319839715957642
176d0c5a2c4a7c11,0.509444534778595
f8ce79a3820f4ab2,0.4229487180709839
8f1b86bc34668d4f,0.5318063497543335
383ae109ee269d8d,0.5430927276611328
cd18a83d2ecc24b5,0.5554961562156677
fad4b3a64de4216c,0.49592673778533936
e3d8c2fa08f8e323,0.4772947430610657
4e16a6fef9f409a7,0.44634774327278137
b96681f626e35495,0.4802209138870239
b26d8af1dbad79d2,0.47557055950164795
179515e6455bc908,0.5491678714752197
035147cce4a74cfa,0.5105503797531128
b4cda30ef2b53ca6,0.5524610280990601
7c8c957d44ba1136,0.5343294739723206
364a03c553a567a6,0.5237313508987427
81921352ed0279a8,0.505231499671936
fc766a84aa40f1a2,0.4951992332935333
61652a476b5b1bd6,0.4809904098510742
d0e32b82e03677c4,0.5210230350494385
47dd2c117745162f,0.41309958696365356
113d043af5f2c9ed,0.5511445999145508
4de9652f5fbe5c65,0.45531874895095825
8dbcef32a32b87b2,0.4941217303276062
f7b70154a0d70f0f,0.4902746081352234
2dde9bf45163c001,0.4837445914745331
d4773a4bf3e5cbc7,0.5123972296714783
aea94b42959a32f4,0.4605306088924408
7896f7ef6d5bfeb0,0.4893653392791748
9df318df5af850d8,0.5220847129821777
914aba228774be08,0.4974633753299713
fab43b6eefd06bd4,0.5421738624572754
ac7914b89d0bd2ca,0.44927647709846497
8e72125ee78c2f66,0.4930780529975891
5899b87dff49a7a5,0.5260434150695801
1147a98614398244,0.5366209745407104
fb27d8e63e915ffe,0.5520063042640686
487ebab34eea1454,0.561099648475647
e3131c734df08622,0.5450862646102905
372541d930c9acef,0.4869106411933899
71219fa2e975e514,0.4812186062335968
ab2cbd81ea28d774,0.45117151737213135
e70f318faa0da20e,0.5350533723831177
8db40d1eb4c57483,0.47436755895614624
f76dc4f129841602,0.4974427819252014
8b1d6044f45b43a6,0.5449560284614563
c46f2b2a21f8a21e,0.5148917436599731
7a0cfed6111c6800,0.48084914684295654
acbec5e53a98e0e8,0.5544512867927551
50642d1325d78408,0.5233008861541748
4f04186ba614008f,0.5716199278831482
4579e66047d7eae4,0.5508342981338501
33cd0dc2b6c5e810,0.5091942548751831
1e2e29c704a6b60b,0.4823662042617798
5b5388fb9bc9dc1b,0.48143288493156433
c55d37ae7ffe4c15,0.4431980848312378
163930ea4ba52fe6,0.4780810475349426
1a576a38393b764a,0.519433856010437
67e0e2d4aa553b05,0.4004141092300415
d5700d88c795c2bc,0.42334091663360596
840d96143baa1f50,0.47723251581192017
bed2ba01865d6759,0.4873470664024353
5ee21c8398f81052,0.43329524993896484
5344edad981fb4c3,0.5076866149902344
b915dc79aaf77fd1,0.49891433119773865
264498cfbc724c94,0.5664593577384949
c8a3bcc36e51cff3,0.4497171640396118
a970cad269e5996c,0.4768831133842468
9693a2c6a3cf3511,0.5372806787490845
ca436ff42bd75bb8,0.5169570446014404
565a82bef755c12b,0.4987875819206238
8e6944df95c9b0be,0.529395341873169
ebec96464411d6bb,0.5362245440483093
14b195e5d6b5cbb2,0.5397412776947021
7eb200c4a4b06adb,0.5104401707649231
9a8b883719f6ee96,0.5367802381515503
c7c847ded4b4f8da,0.49979695677757263
cb358d8057fed7fd,0.49263709783554077
bb7b971b136292d8,0.4501155614852905
35e8dd402d2c4888,0.5180824995040894
4480a34213e32e4e,0.5003498196601868
c0e2923804c506d8,0.4831044375896454
83929981f27578d6,0.48282676935195923
3f49230ff97fa8d4,0.4709198474884033
91080b6a567ec43a,0.4620458483695984
c1166e0f959c331b,0.5324195623397827
ec6e5f4a88957e56,0.5314270257949829
2c6649bc41b11031,0.4023020267486572
ef741ff146537bbf,0.42136988043785095
a464ba9d1bc6ef5d,0.551621675491333
5f832ab3a4dae23c,0.48226428031921387
a20c4ab60a97f603,0.48930037021636963
add297e6369ace92,0.48202401399612427
a51f2ac160561823,0.4800760746002197
0af5f67a6d5253f3,0.5380500555038452
dc563b611641892b,0.5175660848617554
85e0e1ed797182c6,0.40645161271095276
6d55fe49fd65c0d2,0.49988752603530884
0c3bab8f64737961,0.48912426829338074
62330d7bbeede49c,0.4314199686050415
1ca4ae0d09438d3b,0.49339139461517334
d98dd69afdcb6ba0,0.5496008992195129
c378f004e64db755,0.48530566692352295
057257a8b8304710,0.4827950894832611
33b0215d5c29d213,0.5411127805709839
67e11c5fa004b389,0.3940887451171875
9e13b5611d80ffbb,0.45190760493278503
e43f949ac3e7a809,0.47767651081085205
50299a551ba9c030,0.4682561159133911
b8ff253007d6356b,0.43354058265686035
34ca231b1447ffc0,0.5548782348632812
03d73713d24e8245,0.4802148938179016
1b318ea83615cb6c,0.5397055149078369
6bfc8c687e675586,0.4582172632217407
0979f3e1035769c3,0.5118333697319031
56e5be36614f6601,0.48349177837371826
c0a041767cdd0086,0.5147981643676758
595d265e0f2f4507,0.5271621942520142
610b5a7e129717d3,0.546684980392456
811488dbbf5ef30e,0.3910052180290222
7d22abe8405dfcf5,0.5475679636001587
dac0e0bb506d22ad,0.5030933022499084
c2559ff34240fbaa,0.4520794153213501
4eda7eef51fec45e,0.5732944011688232
cf0fd34817906e72,0.5250587463378906
cbbcc48d2fd8c490,0.46815621852874756
926d322b481566ed,0.5158364176750183
84a8c8de7b5e326a,0.5101186633110046
96b8c74f5e2ff1ea,0.4795646071434021
85cfb1bc5d43cedc,0.4917536973953247
ed6c99a571d9c936,0.5075713396072388
0b939db8cef232a4,0.5460097789764404
a1b2c4730d49852d,0.48475420475006104
4b4b6fd54799c5c6,0.5648687481880188
3496b3561ea56039,0.520614504814148
5fb9b6e4c4ffd389,0.5351902842521667
5e5340d66213282f,0.4849678874015808
bb3a84493fc570dc,0.5280210375785828
fb80ff328c91544e,0.5367268323898315
5c9269998e887ec4,0.5306785106658936
75c1660a4199d1b8,0.5571956634521484
d8a4a7ad3f45956a,0.5369219779968262
70c6e36419a187e2,0.47297096252441406
b097901c519b16d3,0.5338308811187744
55c11c7c203d76fd,0.5591259002685547
caea279a9ced3377,0.4504709541797638
05b4a68f016cd2ee,0.49726125597953796
f51d9e1e324832d4,0.4539308547973633
83dd342b6efc66bd,0.5033040046691895
a172d7ac0e4dfa88,0.5042769908905029
2587308c36b20f6b,0.48950594663619995
e2a016dbb2126786,0.5062639713287354
769b864a68df2fe6,0.4812014698982239
82a1ad534d7c7f9c,0.5517686009407043
c95a364bf1f89e87,0.4772546887397766
7e146428274ed921,0.4927714467048645
0a3923ff04b0e828,0.49768808484077454
0ab50017059b7444,0.5417478084564209
f5d33c33d84fc938,0.5671898126602173
f4751b826d233ebc,0.4687493145465851
f79634611cfbdbac,0.553015410900116
8ae8e7217d482e1e,0.5483667850494385
edffd146048bf2dd,0.4987865686416626
f4a0c3e9f23f56f7,0.4969032406806946
2ccee5e56c8d1bae,0.510809063911438
3e2539df820eb209,0.5083404183387756
98596d104576b0e2,0.4717259407043457
4f2693dcd209faf2,0.5513086318969727
88bc11382a35936f,0.4487117826938629
4cf2015e4df49895,0.5006664991378784
5d736b398a2adc6d,0.5620691776275635
a40d496a6ef7bd22,0.4875577986240387
105592870cac6c10,0.46461498737335205
0aa939454449e1d2,0.5402116775512695
a5daf591febd7938,0.5175161957740784
5efe8ab4e03d7240,0.4131040573120117
30844049929e70f3,0.47311997413635254
d7e9fc01a2e1542c,0.48577237129211426
16d4b6cdc782c971,0.4896727204322815
7b48146278957ca6,0.45763540267944336
b75e2b3155587002,0.5082799792289734
8982a3d6df8653af,0.5247213840484619
1564a201fd002bc9,0.4945920705795288
8b2f6cd3fdb9cb25,0.5311697721481323
6e71667477bb294d,0.4610193371772766
2ca528f07b845aa9,0.4135611653327942
d47d4788a5412ded,0.5327852964401245
9bcf6639a9f26fd1,0.5186251401901245
d4866e039d3eb51c,0.4671436846256256
679c950505ff6ff7,0.5248240828514099
c95aacd25e096de0,0.5523200035095215
b94532506731cd13,0.5100311040878296
2756a84726a93d91,0.4310567080974579
a24c367346665e77,0.44130241870880127
5ce52c212d783420,0.5229679346084595
1de5bcd85453a68f,0.4629988968372345
58646c61ad86d790,0.5010195970535278
5f09b6901b584511,0.503288209438324
a90c7c00c6f0fb56,0.4281301498413086
d9094c43ee37cb45,0.48559898138046265
da446416250ea42c,0.5587124824523926
6077375fc1fcbf5c,0.42751073837280273
1c6fc165f2a810f9,0.47069859504699707
4bc57c54aa984aad,0.4393807053565979
ddbc1ec93bd72071,0.3946453928947449
79da30d798a79bd2,0.4949553608894348
1012374fcf554ee4,0.44159358739852905
f00ddf0918049b5a,0.5043128728866577
abf5f0dd8f87dc8b,0.5478988885879517
52ff37c4f50a57ba,0.47660043835639954
0fdd8cea3867eac0,0.5291825532913208
3e787c7450cfb3bd,0.48574984073638916
965df71e50bbec25,0.5576044917106628
50a1805fbf0fafa8,0.5422558784484863
91ca35b8f67d8242,0.5231289863586426
addde871d12dfa9b,0.4163024127483368
409766c9137f3a2c,0.49474114179611206
acfe4981733f87dd,0.5164257884025574
c9823239c55e6556,0.5261238813400269
3c20e87edab585df,0.5415745973587036
a6bff530837a2049,0.518681526184082
2129905013638d96,0.45874011516571045
6c00e07b1e366e88,0.5254188776016235
f6d83e44ccfa7b2b,0.5026086568832397
76d30c1c643abc6f,0.49725764989852905
c1a52e8b53382212,0.5223719477653503
f80cd96ad2e2b846,0.5085312128067017
538107f7958f88e8,0.5346609950065613
bd157f5c43177829,0.3920947313308716
63b330db6ba7e490,0.5282943248748779
33e7bf568b758bb3,0.5224770307540894
84cea1e61e7dac65,0.510442316532135
bbafb76457ab6a2a,0.440155029296875
a40b7050432159fb,0.5507216453552246
0cdbf30713b3c2d7,0.5083392858505249
1ddaa9d1db4f300f,0.49323180317878723
ca43dbcb3f6764e6,0.49834179878234863
af8a9b4ff8e857a2,0.4842076897621155
8d6f99d1b127dff1,0.5282097458839417
fe1a50fb3b272f4e,0.5044891834259033
1c17b8847fd0d01c,0.5572683811187744
22da1a19ccbc8eec,0.5457086563110352
379b3037aa59ec84,0.5231733322143555
e2bf0fcdbdb5f073,0.46794354915618896
b7020c6f35cdb97a,0.5116388201713562
9bcca5f95ec0ada4,0.5274316668510437
d823898a6c0f593b,0.4936051368713379
48cdbafa1b488eef,0.4355813264846802
947d082ab6ae109d,0.4864545166492462
214c4a99f7985805,0.4718911349773407
62477e3392de9be4,0.4895215630531311
aad4c01d582608ec,0.4899357855319977
3b3d6454d76a320f,0.495083749294281
219a1f56f38f1f5c,0.5411138534545898
ee2a8da0a4495bd5,0.48238405585289
8fe0dd0316807c77,0.4807732105255127
e31932ee83a0b5dd,0.5720576047897339
d3c610729b746102,0.48051267862319946
7fe9a0a0658fb249,0.5352102518081665
83d5945f2eba3896,0.5578694939613342
418673e5516999f1,0.48181116580963135
855b1100235e1920,0.5564901828765869
ae9ef660dd756531,0.550047755241394
918c0450a03a2233,0.5385646820068359
8afd47640b8f7c42,0.5407068729400635
c25cbf2fb20cf719,0.5046323537826538
17a7a602a75ce023,0.5165891647338867
b5bdf5e7308066a4,0.4978402256965637
471889c14756222b,0.48214131593704224
6bab2423592ede80,0.5231054425239563
fea30c756eaeb0bb,0.5323943495750427
8817225c8bce7075,0.5446568727493286
6390c0eac9da272e,0.5405381917953491
831fe110f0389c87,0.4974499046802521
2c0f43bff936e17f,0.5115619897842407
c4f12f424b0243bd,0.4016995429992676
2ee39b5ffc719104,0.4617302417755127
6b3b901cb9aa3e8f,0.48299646377563477
ff897eb6dde97635,0.4718649983406067
a1257f8b2e56baa0,0.5186827778816223
dea8c00d3eace40d,0.41337043046951294
1f0618ea5ef6e29d,0.48470422625541687
bc4e64740d64c619,0.5443153381347656
8bbb69366c8959e1,0.5243957042694092
62a69c4f6ae8f5e6,0.48541495203971863
cd0cb0c4940fa051,0.4767817258834839
ea5be54f48e9f3d7,0.5331335067749023
2437257538743fe1,0.4864995777606964
d61e242bf7dbb7c4,0.5365346670150757
db0f3a9c188e543b,0.5043281316757202
7794ace88ac0655b,0.5532731413841248
30026958f1ffbc9b,0.4064487814903259
c748a27eed77db35,0.5191569328308105
e254185a132951cf,0.4438626170158386
b5ce1173db08a021,0.45861539244651794
4c40a32342f44be0,0.5347146987915039
f0f8554dd3494886,0.5148816704750061
4390fa8666f65ab8,0.38714686036109924
7c22d0565432ff98,0.4674232602119446
6af1b17012211f15,0.5148695707321167
a2c660b53ee998c8,0.520110011100769
7c0b3d1ef0f9bfe9,0.4791499674320221
3044a7eb677288f2,0.5567669868469238
f5387ddead21b74c,0.5222479104995728
22648e03c35cec01,0.5023411512374878
f701e25e0ba29781,0.4758109152317047
26bffbdac1dc3920,0.5510729551315308
0d0e4750a7b3fa1f,0.4933469295501709
9e794e20c759fd1e,0.5145973563194275
c7c6c1da255afbff,0.5056599378585815
97b4d694042b8b99,0.5404760241508484
3515c30380032345,0.4819798469543457
78c12e98a4c9c99c,0.4415726065635681
4a7742fc9e4481fc,0.4958256781101227
40a54e0cd40a41ee,0.5015847086906433
01e7382a9fc3a66a,0.43950724601745605
deb333645f78f68e,0.5669935941696167
6b8038a16cc21fd0,0.4788312315940857
0db99a7baf3fae60,0.5497258305549622
0c5858d48472c909,0.4959213137626648
77ee5fc2a35e31ea,0.4270426630973816
3201a92ffcfc1fdf,0.45639896392822266
0e88897cb42e5f16,0.5482125282287598
90e2dff1d486e9fd,0.48089954257011414
71e73e4362b36985,0.49382859468460083
6b184d36e8760bc3,0.5048050880432129
1759d676f735fdbe,0.4751584231853485
f91c37ef461e6b30,0.5269172191619873
839fe228f7f98f92,0.5113176703453064
ef04cfd69dd607aa,0.5540894269943237
8e1d91000327f3c4,0.4654374122619629
c5db578d84fbbf11,0.5386227369308472
1a88a2d4827396d0,0.5568808317184448
5243406c542cdfb1,0.5821757316589355
0f7ea6ed3e6897e9,0.5528534054756165
7d888909444a713f,0.5065138936042786
307713502b884c66,0.5230064392089844
bc322fa271012b94,0.5238314867019653
9584f6c74181274c,0.4897140860557556
e56b27d104712c8e,0.4972268342971802
79c65104cea04d0e,0.47153425216674805
dc38dc12e520496c,0.49235057830810547
1c2f98a7f1e1910d,0.5307251811027527
702b166eb6e5bda5,0.5570862293243408
dcb9205afb98f78d,0.4919849634170532
051f43dce523f5d3,0.5397031903266907
740435c4862d056f,0.506650447845459
1bc2a09282aed535,0.5439844727516174
ad8208180272a60f,0.432098925113678
c78c5c5592eab867,0.48749840259552
4b17257b6ceef5e4,0.5428308248519897
2e7c74f906fc4f6f,0.5130435228347778
b60d00c9c6b5ea69,0.4373122453689575
4ab7dacdfa4c5659,0.5346578359603882
8226cbb17c74d5d6,0.46559369564056396
7b4b77d667270d46,0.5139957666397095
483b7a3e2e613329,0.481389582157135
6b3de887805dc0ac,0.49118441343307495
83b5f9538162b4b9,0.527480959892273
b276483a791aee07,0.5487590432167053
bdf77a6fca2ed014,0.4400993883609772
91363a3ece51f3ed,0.5523569583892822
b953900c2a4549b6,0.48524004220962524
8d95e01b6802eeee,0.4801517128944397
a705619218957bf0,0.5334422588348389
105cbc2de49ee53e,0.4682261347770691
cf5963b39005e8a1,0.5106561183929443
f5ed02ab100d3bb0,0.44479209184646606
7ebca59c48768b2e,0.4067912697792053
25a8ba2d4e4e6ea0,0.49840718507766724
8965c150e6ac6c29,0.5176198482513428
7159dbeeec1c60f7,0.5194269418716431
df573346472ab6db,0.5361682772636414
1542ea44e8b777bc,0.5310247540473938
103426862108b7c4,0.4866885542869568
75d8f93525a1b591,0.4804393947124481
bfa7ebbc74f7f33c,0.45440176129341125
6717e909607a958d,0.5135793089866638
c5e931ad4c86d012,0.4721759557723999
bf7dbc361b7ace5b,0.5427563190460205
c1da8a337d1cb369,0.5204269886016846
44ddf2cbcd2c0b5e,0.45643702149391174
bbdc8551a0754d9e,0.5317596197128296
83f435fab6d7d8c2,0.4825032949447632
09cf813128a2f4ac,0.4006938934326172
ed54e3d11a076888,0.47343242168426514
7b7f72f2840ac1e7,0.4958266615867615
d91cd0f4c9fd17ac,0.5217512845993042
475d1ef8c140f640,0.44782519340515137
f44b7b0a88338cac,0.5467100143432617
19f4cad4b2f7501e,0.4678318500518799
44e359bedbe65c11,0.49868717789649963
297de35d5d61602a,0.5408843755722046
d515c9fa9020287e,0.4804731011390686
ef44c690fcf7e51e,0.38951200246810913
04139ed0e139de25,0.5429368615150452
30442470e7f173c4,0.49844974279403687
141e5bc0f85f163d,0.4671905040740967
588aa4f9ce396888,0.5297825336456299
e00aeaf664d89092,0.4295716881752014
c170126ebe7dcd15,0.48795902729034424
da8011d35c065ce4,0.5022335052490234
e9a137acb725fcf9,0.5078678727149963
b52e6f0e0a215498,0.5785337686538696
56d29f8cb4a5825d,0.5340548157691956
6e9f661e30ff1f05,0.5285264253616333
876fca68a3750f7a,0.4474150538444519
7f94a12ca842b3f0,0.4645848274230957
4a27716c8797e201,0.48844924569129944
f47dc080a5d93a5f,0.5533565282821655
e238016e8e230649,0.5249388217926025
e5205d7c26329a95,0.520965039730072
d75a56e7845d445c,0.4384634494781494
7cdc47b631c35405,0.5144439935684204
c86dcd074f699d74,0.521073043346405
9bd5198d5ee525af,0.5116713047027588
73f29dc0fdb3127f,0.43466711044311523
e3325ce1680f7db5,0.47822433710098267
de8c3824633517fe,0.4421771168708801
66c4a0f30ff4eb20,0.556937575340271
266a2433d98e44eb,0.5133693218231201
076692565c45dd11,0.48551487922668457
d4008776a53b164d,0.5572928786277771
2ce7da1f56af83c0,0.4983956515789032
e6ba832ce3bd18f8,0.5058420300483704
efd0b591d19bde12,0.5419463515281677
8b5a2e514081cc8b,0.48603352904319763
80d9b499a8295e0e,0.5366284847259521
48d84711a07def6d,0.5442515015602112
3c080deb9b4afee0,0.5279251933097839
1dc52e53925b33a9,0.5071573257446289
b5a0af673af82609,0.5121419429779053
390d36da449ce040,0.40079784393310547
93c4761b85e8b8ef,0.5165103077888489
9a5180dfa8ea1d0a,0.5295823812484741
49954309f64c3557,0.452811062335968
92e3bd2111127851,0.4867927134037018
1db3900193adbf43,0.49752238392829895
8de32f734fafbd91,0.512906551361084
aabbf4c9c16f2e98,0.548228919506073
eb4aef33b35ec644,0.50281822681427
96a554f43948f090,0.5293155908584595
29a0e9806efff872,0.49689748883247375
233262c7ed623388,0.5140108466148376
81dc6583bb62f231,0.5406403541564941
8d3e3f40486aec00,0.5303581357002258
9e18bdfc50f9f607,0.5156086683273315
2809010b2ce56c8c,0.5266373157501221
7017cde03d4f492b,0.5158965587615967
1a270d37e6a7b8ee,0.5449197292327881
5fddae8658dd12e7,0.5170114636421204
08b45bfab54b4e5c,0.4991399049758911
ccdd55842b0da728,0.5271819829940796
bb0c99c6af4f305b,0.48636162281036377
b08aba19fc050e5a,0.4508742392063141
9527279abbe35bdd,0.5442513823509216
60c8b2de34e1b477,0.43200647830963135
f4bc72fdb3489221,0.5486587285995483
b08681d89ee62238,0.4708680212497711
670e6e4f1f6ea8da,0.43731290102005005
6f7e08600ed1a444,0.4969944655895233
4d6647431c865502,0.47263962030410767
a39e6db06d76cedd,0.5038707852363586
0f8fa5868c4ff5b5,0.527695894241333
36bd2aae08d70085,0.4783172011375427
0f32307ca4b166c3,0.4680402874946594
fbc869638bfc589d,0.4664521813392639
5573c433d8a71908,0.5194922089576721
476a040d21619e24,0.5441147089004517
ffb5a34428f3eeb0,0.5197674036026001
00eb7a8cbe6796ec,0.55764240026474
830eca0716ef6680,0.49431145191192627
3eea8c68e86fba21,0.45378437638282776
0e6181cc47dc52a5,0.5232293605804443
1a1405a1ed5883ae,0.5259788036346436
b2baa8fb02787f29,0.5198898315429688
9228712bd5cc08e8,0.5226839780807495
bdcf7c7919fca733,0.5110894441604614
a196e2341af885f5,0.47738566994667053
aa5b05dca876e55c,0.5021196603775024
54e3ee8939a4c12a,0.4833105504512787
c9b97d3fe98ec64c,0.5118852257728577
93bdf96e102b18ed,0.4820091724395752
ce629e0a94977180,0.5376867055892944
ecf67c9c43cce0bf,0.4879639148712158
64c033198abb1457,0.5438216328620911
5d5478ad13ed6c74,0.5266419053077698
6aae28fcc1fe097b,0.507564902305603
265b73078799a596,0.5224517583847046
1c0a80e3236aadc7,0.5139021873474121
ce20a99a3232f1ae,0.4966191053390503
91720543540b2c3c,0.527296781539917
41e12c843de57fab,0.48586031794548035
9522e60cafc46e37,0.5362033843994141
14e66e4adbc03a9a,0.5487771034240723
d90a0c694ec5c074,0.5017584562301636
2a4166ae7b1131aa,0.5001912117004395
cd690ff112ae267e,0.5065119862556458
a6bc4098d6420a1d,0.5175678730010986
3e962060342b7df3,0.4849247932434082
dbb3a5c06004e84e,0.5092684030532837
c4b9af86eb553adc,0.49000340700149536
22b5369a72592fbb,0.38712888956069946
28474112b1f945d8,0.5101326704025269
baa4a0b743c6ec02,0.4276876747608185
63dd6de38cbcd799,0.49597012996673584
52dacd22de43efd9,0.5004703402519226
2f429d43cebdb678,0.538774311542511
36b5138f907cbd02,0.5320806503295898
e4bf9b6fb7cb2352,0.4299526512622833
5993b1594054fb0b,0.405151903629303
6480f1060e35b4e1,0.5269563794136047
c43f91c746e369ef,0.5286939144134521
e48fde39f90b2d68,0.5166351795196533
cc52d9836f9e3d48,0.5247630476951599
128b8c6aaa16bde6,0.5592618584632874
50641bbb445c66bc,0.48799946904182434
1db44bfe905de895,0.5790711045265198
644fe4287c8ee642,0.5273195505142212
08e33b7338201ff4,0.48491448163986206
d39ec4b27f6f7876,0.5088603496551514
84a204632f4aaec4,0.5073385238647461
e2c5283a86bb64fa,0.45078045129776
43355c7afd92b95b,0.48637980222702026
0f109d2e1ea2c2f9,0.4732017517089844
8b8848178baf1ae3,0.5074923038482666
1e7962489c4871b9,0.5225214958190918
341138552e12278c,0.5104970932006836
538152204a7b1ab4,0.4147799611091614
d717fc32d6daf420,0.5418473482131958
97fb4729d44eefd6,0.5612436532974243
db482eb2d3a38dff,0.5329742431640625
fcaa434ca97068a4,0.5319551229476929
27e87177c0c0f77e,0.40674886107444763
664c3f865e2967c5,0.5300413370132446
b0cf48504d989cd4,0.48749595880508423
2aa74114e858bbc3,0.45752936601638794
cae4e8f89a95bafa,0.5433794260025024
13a66c3c9bad12b6,0.4969242215156555
4f4cd16f761307ff,0.45615679025650024
b5e143f139117c97,0.5116187334060669
350dee1a85046f79,0.44482558965682983
c99dbd9d4e00d9a8,0.4390309453010559
51e6f5019b0d4a9e,0.5401780605316162
7e144e242c9d998b,0.508287787437439
1ecd57c34904c499,0.45475369691848755
a72f12bd51428157,0.5405672788619995
d67897cd1504fa59,0.5037956237792969
7d152638a7c13921,0.5156348347663879
9604b63e5b7d2614,0.541496992111206
fc2e6d3f571519e7,0.5454931259155273
2db149c366a0423d,0.48610830307006836
ce043a6ecf1a3fba,0.47025150060653687
c99a182da2509a11,0.5428286790847778
45468ff391cb8e5c,0.5378885269165039
21476292a364bc9e,0.5226155519485474
16f58fe48dbb6e02,0.4965318441390991
984ab37e73ea9d9d,0.4900239109992981
d0cb9fb63229c2f8,0.4741364121437073
8e59710c2b051c14,0.519241452217102
4232b45f900f1652,0.41498303413391113
273d9135de643e5c,0.512068510055542
6a7e83d642a55e75,0.46490776538848877
a1f7061fb98a31e0,0.4966892600059509
1ca0c3c56c3139d3,0.3937056064605713
04e2a7437e4bd232,0.5438258647918701
ffcd2ce99ca4723f,0.47969040274620056
2ac20640807f818c,0.48670345544815063
2adcdf7e4cb0525f,0.49895864725112915
f7ba71d65919dd14,0.5751135349273682
7686a46feab68601,0.503315269947052
ea5558a522603132,0.49262505769729614
e2303465dc7e8f5d,0.555877685546875
3c5ad11e505f472d,0.5016112923622131
f2fd691af1282024,0.4793325662612915
c3ca40b82075f08c,0.550667405128479
c9b76be10ddfccd3,0.4342707395553589
48885eff5295bd51,0.5534898042678833
2ba11fe73ed20dcb,0.47062844038009644
d023a4ba02874efc,0.4207306504249573
8478bc1711559ece,0.5241795778274536
d86ebf66841ebba7,0.5288612246513367
38bb79fe15633742,0.5321688652038574
83b3ee87dc7fccb8,0.5810167789459229
76a0731e2331b682,0.5175496339797974
f45c2d68663381c5,0.5078856945037842
d81aea89a36cb01c,0.37032851576805115
56e3c985dbfe7a44,0.5019994378089905
de59455fc7b612b9,0.5031890869140625
cb7ac8439e2777ca,0.43963146209716797
d6ce52614f087410,0.5403639674186707
8c9074659d565d91,0.5285114049911499
dcf63a20a1b597e0,0.5249351263046265
7cc53ec0300463c6,0.5049148797988892
5718fbe69a83cfc6,0.5278087854385376
d728313931cad770,0.5331326127052307
0e96e60c3c31016d,0.5568852424621582
e06cba9926c6f92b,0.5046977996826172
5649350b6ed39af0,0.4839285612106323
3cb894c13d496fc4,0.5229822397232056
fcbc9d36afff1e65,0.49022746086120605
e2df0cec4361e6bf,0.5363479852676392
481291f0c24b6ee9,0.5053966641426086
febb0c976cb334b0,0.44977855682373047
62e0116184b47901,0.5026443004608154
bbdbe006a2fd0979,0.4876709282398224
9f6f54d29acc7ad4,0.5524201393127441
d12e732973e6faab,0.49579954147338867
a808fa042b8568a5,0.4912276864051819
6501d4a55066f959,0.5375884771347046
481ef6aed32765dc,0.5106703042984009
26aa054305ecb2f7,0.5299029350280762
b0998dbc1ca2de26,0.43421733379364014
fa831ad2eb424fa9,0.512069821357727
da48402efc89e239,0.4805145263671875
0f96eb44746b512c,0.5323624610900879
6185a3abd3ac6be9,0.47333192825317383
c4a02e8527de3bc5,0.5247872471809387
14a6223930d88fec,0.4711841940879822
0baf1fc4be817454,0.5015501379966736
6ff7c8db55790a77,0.48726069927215576
87e60836cee95957,0.43729907274246216
7ee3cd226c3e725d,0.473974347114563
b99c1d5e38a7edea,0.5047014355659485
c149b24cb8892179,0.5236619710922241
9975a710cfd19ba4,0.5174493789672852
e4820475376fc9b6,0.48370546102523804
77a316610fc0f3d0,0.5551217794418335
daf3c402da5ba88a,0.5431504249572754
27cb92eb113e3ae0,0.44414132833480835
4872a581c6eebcfa,0.48315754532814026
e98b4f0592892e9f,0.4830349385738373
8ba3db25a8bb804a,0.4522620439529419
1a1f111f52762791,0.5630139112472534
d2a332adbcf3b850,0.4479255676269531
d4ef042ce90357b6,0.5175132751464844
f72f3eb49048eff2,0.5627862215042114
914ca259211d7ee4,0.5063146948814392
3750a774b9acea5b,0.45802223682403564
b3ccca5ef795eaa9,0.4286445677280426
0e1bdf52fa83481c,0.5082880258560181
4c67debcde3b6c6f,0.48867422342300415
d0f497ddfbb66925,0.49332094192504883
2c09dbb9f4738d76,0.5621905326843262
d5b9e0de47514b53,0.4985732436180115
c4532b5d2c8097fe,0.4829367399215698
6c0f5c9d857a11bb,0.5470130443572998
016c55a0ca0f7c60,0.5154274702072144
d6aceba6bb377188,0.5145972967147827
6833446594cef94a,0.4724544882774353
155ab4351ff60a27,0.4400980472564697
442b727292e30389,0.4765169620513916
7b183926b3863475,0.5415459871292114
a41b3b8181439c34,0.526983380317688
2bd0e639e2e5edab,0.45714640617370605
9e04466c5f128c13,0.48434123396873474
58bd2b376019da12,0.5359658002853394
06391243cbca5d92,0.4987022578716278
65362939d53c7eec,0.5015807151794434
891ecbed21ca324f,0.47977179288864136
336c5af66205ad4c,0.5044471621513367
d5d4ac65bf899751,0.4987359046936035
29645893f56e0877,0.5372892022132874
353e4f609307d89b,0.4148212671279907
035a5051673957e2,0.4458109736442566
54deade61b004ce1,0.5019057393074036
d23b1f93958412de,0.52625572681427
0a8c4459fcac4dea,0.5426746606826782
bba535d1143d5a0f,0.5268702507019043
6bc374dd49670aa1,0.5060820579528809
e83a98354ba44bde,0.5222965478897095
29dff3306c5eb620,0.5209246873855591
ba8c23bc8e5c29a4,0.4863305985927582
0f49466917c06915,0.5121317505836487
2e468d28781203c4,0.5576702356338501
383cd99dae3828cd,0.5188925266265869
2db18826de27dd77,0.5216346383094788
0658f3a696c94b42,0.4601934552192688
72829bb38e7997aa,0.5761611461639404
54cf89e92e805571,0.46029913425445557
32fca861b8585b99,0.45141273736953735
21888def0dab897b,0.521325945854187
f4245db3a4d160ec,0.49784114956855774
6edac915087ab83e,0.5272601842880249
f8eb539571c8426c,0.48276203870773315
ed66736b8ba7ce3b,0.43431729078292847
c3ee702cba913ee4,0.5156657099723816
37c82fa16c396ee4,0.384427547454834
d2de11d9c0bc562c,0.5127792358398438
5eda712809fb2f34,0.4400749206542969
562ce778892100aa,0.4761735200881958
974b9e194ea4038b,0.4310922622680664
b545cc8be5d5edce,0.5042190551757812
0295a38be4abd25c,0.5141962766647339
d1e674bddd1ef255,0.46074074506759644
64473a7d8b3713f2,0.5360867977142334
8787eb36071cf50e,0.5548287630081177
5c3906a050bc13f9,0.5069571733474731
66f8fda806326991,0.39810067415237427
828ec2340ee322b8,0.504684329032898
162fa8c4ed12f570,0.4153232276439667
15c95d21c4a617e1,0.5479898452758789
32f8e812f2c13b8e,0.561802864074707
91fd25e8f085434c,0.484671413898468
80a8498256a253ff,0.5541301965713501
a1765a30ad578e5e,0.4682820439338684
7b6aa13036949af2,0.49863338470458984
b66c238b2d509529,0.5765469074249268
3d749204f5a6be1b,0.5260679125785828
a1f16252d0d38f97,0.5370398759841919
dc3b0f51dcbde119,0.471336305141449
809f7f22b73ceac6,0.538965106010437
9ed9c0fbc5364d43,0.532364010810852
1ad9c64b54a77e43,0.48067742586135864
d1304b7eb709151a,0.48885688185691833
03b4be889f5a8008,0.5584198236465454
6dde87ca0c658dba,0.48702144622802734
a3c68e622e9822b0,0.5115416646003723
3efd6793fbe5b008,0.4703128933906555
a900d422dee524b8,0.5249972343444824
4a7941fec7e14f1e,0.5182679891586304
4c9f0c1b40ac3170,0.4948970675468445
d0b85493601cf17e,0.49029871821403503
d8a4de61d6f5b61a,0.5512586832046509
aa6e0ab62e58850d,0.5090802907943726
d57376892fe315c7,0.49091196060180664
e3701be99e6fa221,0.5232769846916199
79cae3246961fd40,0.4599504768848419
79965c1b75486367,0.4827333092689514
facb0b648392949b,0.40623265504837036
11155e44822aa6e2,0.5040279626846313
d3d234b294d8db9c,0.46865782141685486
9543f5674852c9a8,0.47607988119125366
d76c257cb978e218,0.4990725517272949
698f4340eab16e31,0.5528912544250488
0d2efd82e794a0cf,0.5069485902786255
ee2aea6a3280742c,0.5102995038032532
7ef50061ee507494,0.525792121887207
8518236a5b87ceae,0.5817989110946655
18950a1f5cb66e33,0.5235447883605957
6c979bf591a952c6,0.4538498818874359
55de7a89a87ed4b3,0.42193737626075745
4b36f0be7537ad2c,0.5232691168785095
ec29247d564c4fa5,0.5050541162490845
1f4754138bbde7b6,0.49366843700408936
56750237deef899b,0.5169954299926758
2be433da17f18749,0.4884864091873169
64030102afbc2129,0.5699341297149658
77fb2d71395e7c42,0.5650132894515991
5c82b15ae2487ba1,0.5103240609169006
3a1573dd5668a20f,0.5458437204360962
81e562b1df71f41a,0.41040557622909546
9d802898e0f07d12,0.5109502673149109
1fa95a57e89880ac,0.47918975353240967
f6f6b99def4c12d6,0.5153837203979492
608e1f9956b64c52,0.4835500717163086
3299f21bdc343c94,0.5347648859024048
1d48535e8b05ccb5,0.4060000777244568
1a4f3ddb5bd92377,0.40779441595077515
f81d0a71148f4b44,0.5563279390335083
9eba4455e775aee5,0.5176373720169067
58471da0a3df8c80,0.5203698873519897
5f283364ca1f7dd3,0.4902225136756897
edc59c62fd039d73,0.535061776638031
60b0c68000bae50f,0.4536094665527344
250ee8228b3d95be,0.5548684000968933
8c0ebe5ee7f3b108,0.5122658014297485
f2fcc8f61cbcd9c4,0.4813423156738281
d29cd418759de386,0.5601174235343933
08cc5eaa642f1936,0.4894549250602722
78f56dfca2742694,0.5608169436454773
cb3fa068c149d7e7,0.4818043112754822
d00f61e7a0844ca5,0.47114259004592896
7f226151983e2c94,0.5301163196563721
90ec9a2def9093fd,0.537372887134552
72f4152114ede526,0.5005901455879211
9404a785c45c414b,0.5161150693893433
1dda8a974d78154b,0.5406999588012695
553bdc5c612b49e2,0.5318869352340698
36cf014c5e19ddd6,0.4824638366699219
2950927273175569,0.4606713652610779
d514d1b127ee2b3a,0.5103932023048401
d5291aca75a21005,0.5587362051010132
58d64c47bde7827c,0.4314824640750885
61ab3d4904ad0c94,0.47505444288253784
e12cd080a451006a,0.5326365232467651
9e34d404c05219ca,0.4535185694694519
7d06f955966a7772,0.49493080377578735
861d2821541a5c6d,0.45044469833374023
353aba4859542d82,0.5199416875839233
2f401479197a354d,0.4982638955116272
e9ce92187413acb6,0.48789605498313904
2173850de6a97341,0.4824484586715698
20c6d35deaa8a18f,0.43328940868377686
7194d335ed01887a,0.47721290588378906
3cfe34d1304955ec,0.4410064220428467
c4e57cde708db5ba,0.38986533880233765
c252c595657c460d,0.5165841579437256
893fb521d3a8c921,0.5181952714920044
15f5167d5bffedcb,0.566333532333374
a4dd5347f8c1c253,0.4806707799434662
b3eb641e3b6c0b60,0.5367886424064636
b1ae0531a58682d3,0.5126734375953674
d53646367bd97880,0.49761220812797546
40ec759290772ea0,0.5688292384147644
abda6fa2c30d465d,0.5266063809394836
2134ea59fa6107d5,0.5263595581054688
ea7af2e2c12d2f7a,0.5178853869438171
8079ac81c8160363,0.43969160318374634
7c20cd18372aa37c,0.4679328203201294
1d279258c06e3038,0.4930371642112732
f19098246249517d,0.505007266998291
fa2080dc003a5664,0.5068658590316772
28ed2928814f993d,0.5185361504554749
150d4f73f5223280,0.4901508092880249
eca29d8d935ca745,0.4775278568267822
3795da1c04b6453f,0.46199995279312134
9d9c805e7e3ce759,0.4796442985534668
ac771324afff811f,0.499112069606781
15414b174448c265,0.5185808539390564
9aabab16f358f75f,0.49711039662361145
b94f60f2f4dec393,0.48788145184516907
b0ace99714d380e5,0.4548988938331604
c39551039e9e8f5b,0.48231759667396545
82aeb0ee8f561d61,0.5233837366104126
41e370cf6b1a3880,0.5251671671867371
53bc9f2458548a54,0.47935885190963745
0b6814d07482b1d8,0.47385793924331665
d1aa493f95be36b0,0.5637893676757812
5fb5755c84aa012f,0.4914456307888031
9fe07fd902f37dcc,0.47606831789016724
76175aad07a086a8,0.46876078844070435
75008cca8b4712f7,0.5277701616287231
eb33f8f9fff56564,0.5043528079986572
b0916710f2fc5388,0.5151739716529846
8987774442a0097f,0.5356007814407349
54b1f6ad4076cb89,0.44982266426086426
5eab63ea3475cfe4,0.46344178915023804
fc03a622f2074d32,0.4799748659133911
e6bff913b9c4c8a0,0.47635841369628906
46f03c24954fce8b,0.5015459060668945
12e9485b556480a7,0.5129899382591248
b97834133b4ce922,0.49440526962280273
3316a3373e4a2678,0.522035539150238
113ed6136dc85664,0.5097071528434753
48d7aa419bf7ec2f,0.5382157564163208
5bf9115e5db449ea,0.493897020816803
95be40988c2eb868,0.5076016187667847
78304b6b082f5e26,0.5266915559768677
e4c6d54edd56c8c1,0.48659589886665344
62150ec6681c421c,0.5017870664596558
00c39c54f41cdd0e,0.5604814887046814
00363111e7133575,0.5571343898773193
0adbe21fe089e39f,0.5089235305786133
21f147e04c4f221b,0.5123896598815918
eb6c5a6881b754de,0.5297195315361023
3e9de693107e3908,0.5087339878082275
f40ccca2a86f16c1,0.5610612034797668
fa3366b9747827cd,0.5540549755096436
add924fa6e41ca62,0.548638105392456
400c208c1b89add0,0.5306286215782166
11d5132db1dbec07,0.5095449090003967
86f650c30a1ffb98,0.5183737277984619
b5c56aa554e490d0,0.4658454656600952
ff81ace4f98a1686,0.4620565176010132
f645ea3176a14e19,0.5378009080886841
b7b95847fe564ae2,0.4710126519203186
b7a5ebeaac6cb34e,0.508361279964447
039eb700cc87adde,0.5234346389770508
afa30e9569a337ea,0.49625474214553833
9de060463076a39a,0.5177387595176697
3395d99d4d1ebc8d,0.5010085105895996
20deb82d5c0bcbe9,0.5393376350402832
da93790ae32ab3c1,0.48543089628219604
ce7c32fe298971fa,0.5036498308181763
c51cae63d57e07c1,0.44959211349487305
6bd8198bd8c27382,0.5077532529830933
51b8eaa68c9b8a2c,0.5018429756164551
29e35f0fe79143d3,0.556259274482727
9f7d29bb979eab63,0.5322844982147217
4f901ad6932257b1,0.5013787150382996
8beddb11701c563f,0.5638704299926758
f9f62f1523fe5f8b,0.524681806564331
903d236cfe42d340,0.4957624673843384
4fec9e6d29f7e8cb,0.49151960015296936
22bc058f11669dc5,0.49010056257247925
a17dde16948a760c,0.45500147342681885
0e6b0f1b75d18908,0.5040395259857178
637082d3dc252b25,0.46044403314590454
e84070fe3c0d0a2e,0.5530775785446167
d8694f8ab01fe181,0.4465324282646179
0afadbbcbd6c0825,0.46355533599853516
140bc1739f5e72b1,0.47782018780708313
c9d1da6e6cab5883,0.5167643427848816
d787e3c843d5feea,0.418503999710083
f590b70209216bf9,0.5097911357879639
b3d5fc7689c1280a,0.4126441180706024
e5893375e9986b01,0.4629100561141968
fcd480f8c13ff570,0.5283635854721069
f2ae054dbd5c90f0,0.39393532276153564
aae91d2da5036042,0.42339104413986206
0a7c5de6baef1580,0.4371902048587799
010edca7d956b6ea,0.43493837118148804
1693538f38112609,0.5664023160934448
4819a1a122fb1b22,0.4128742218017578
9bfc5752f96114c2,0.47917187213897705
a9ab186c2aef825d,0.5061521530151367
fe7e273442115de7,0.5140283107757568
047dc77b638b61b0,0.4455055594444275
73a0c5a51f1c2bed,0.549728512763977
6fff3dd2a4670e0c,0.46529000997543335
479b1a1ad27252e5,0.5597743391990662
467a4a857b5e48b3,0.4804673194885254
6b7c0578dd14ff55,0.49908798933029175
e3b7a7e4e8571f26,0.53870689868927
f415df1ea68ef22a,0.5005136728286743
8a6e9e84c03115d1,0.5050696134567261
4bad6f94e2752ae3,0.5655309557914734
0305ead14e348b7e,0.5611071586608887
6db54fc45b5b1b9b,0.5001627206802368
a1c079ec771a519e,0.47971054911613464
3ecd1fb928d75775,0.5236567258834839
305a1c0a30d71021,0.43363940715789795
7a0bbea3ccd0bb7a,0.5202963948249817
3f2d405589d6f586,0.42109495401382446
2be48ca1282f0c77,0.467049777507782
4c612db7cc3af9dd,0.5583069324493408
73542bcaa21095eb,0.457309365272522
9602f207a0e7753b,0.5179072618484497
2a38eee4b3a5a1c1,0.505622386932373
d9b158d10c2a6f65,0.538526177406311
1d938214e1898cee,0.5240573287010193
2f6022d343a202be,0.5576746463775635
6d35c4449e7cb1f7,0.5020742416381836
56f62ae065988b20,0.5068508386611938
8a85d7ccbaa735a7,0.5336365699768066
115fecf3c37bc2a1,0.46602094173431396
8a8b4f62eebbcb53,0.49997901916503906
4e70c3f8b54da6c3,0.47198808193206787
accde491f1af85bd,0.4524255394935608
05361da83650a6b6,0.5260990858078003
68ed7bc70d8ccf16,0.5504626035690308
7c8e128896c5d6b6,0.47044017910957336
dc997724c896f92a,0.5394501686096191
6d6f2e2d73e3c53d,0.5156396627426147
c83e0719ab56a94b,0.5116544961929321
e4702305a619a541,0.47900354862213135
d7110da108739ffd,0.4935053288936615
791db5199789ba1f,0.5055956840515137
ca67e33feb9500b7,0.5178364515304565
5161fe625446f31a,0.50803542137146
cc2ce837b9188f00,0.5324742794036865
a5f7978f19207be4,0.4936123490333557
44d74d454515b7bc,0.4673096537590027
a20b02bd24d45fff,0.4284660518169403
660f3e853f779815,0.4801598787307739
ae83a134844a189c,0.48657649755477905
1f4abecf177a0849,0.494315505027771
ed536586bd9b44a8,0.4633585214614868
f99a8dbeac6f9ca5,0.5122370719909668
a2ae721bbd0b69ec,0.5036928653717041
35bf8a4c15b615c7,0.5671066045761108
feab23b225692fc9,0.5193871259689331
d06a5b694255d1f2,0.5106617212295532
99f5784e073dd934,0.4881308674812317
8b9bbfa8b09122ce,0.501352071762085
95b6513b7ffe88eb,0.5548210144042969
94b5686113b6a20f,0.5076327323913574
62976233a7ccbdfe,0.5590966939926147
21148c1ea4a54614,0.4948541522026062
83c604b9212357da,0.5666123032569885
5bb39f6f5e4a2028,0.4772945046424866
cb44ac2f4e367885,0.4889061450958252
e1e2049184d9265e,0.4934755563735962
a1ead21e182ec143,0.4122399687767029
69587c38853087fd,0.5199218392372131
29f35b8dcaace2a1,0.49699974060058594
8167146852ca11d2,0.5160105228424072
1a21f4bcbe9b9f21,0.5367925763130188
1a5d89e99ecb8abf,0.47346925735473633
2195bb718dfcb1df,0.4869591295719147
1b67f13d5c30137e,0.5050951242446899
06513d46011a8029,0.5520777702331543
149120586753b1ae,0.4734763205051422
faba56619c261d8f,0.4955716133117676
091f9c75ba16a708,0.5055010318756104
42f26d75712a91d2,0.47838902473449707
a42fc4163d34d03d,0.561633825302124
f1156c247c275aeb,0.4764460325241089
db081fa8e4370257,0.542060136795044
e25269d29979d370,0.49763497710227966
729599695a457532,0.5269161462783813
798a413b1dcedb59,0.5336201190948486
537ea46cfe8af210,0.42474740743637085
8bd020bbb0d18074,0.4050882160663605
ebdc9a0e2ef35530,0.5398276448249817
147bc5c6f68bde7d,0.465260773897171
62e6d72c7625a677,0.5117030143737793
2c940fb78f8ed48f,0.542407751083374
3032f3c10fceba58,0.4493856132030487
21e9e9f9a64a247e,0.48177099227905273
8fd36ac3ed097413,0.42747095227241516
24aa38e79b18e693,0.500278115272522
10deaefe9b5f7fa4,0.44963550567626953
5243ea1a110d3657,0.4594610631465912
dd5be9e33a72741c,0.5221701860427856
f48f332b4c355109,0.4712306261062622
9516e8a399b2b171,0.46755388379096985
9f9673b4af9cd0cf,0.4379844665527344
a318780735cd6b39,0.4778096079826355
f4572c9aaa9f9893,0.5272250771522522
e429a73948d961b2,0.5126582384109497
7f07416a9f93e386,0.5268357992172241
b1d58efc771be9d3,0.5762656927108765
8557a03ed69560a2,0.4721878170967102
710dda2437e7bd85,0.5544781684875488
b1775738843e9e95,0.4739181399345398
5eb58fae26d6b3a6,0.5646273493766785
a4c6312e5f506e75,0.4752746522426605
eb0b796c443f6c0c,0.5184483528137207
a5ceab24336313a8,0.4807891249656677
8ddd128998d06f11,0.4829283356666565
a370540c02824688,0.516913652420044
a7911b7c2fc38eb0,0.5180635452270508
d760dc759e9e53d2,0.48369094729423523
9b3e18e34a850a9e,0.517464280128479
9e844665356db584,0.39052483439445496
cb294b1ebcb97875,0.4605061411857605
5bd93881f12ae332,0.41113901138305664
e34a1dc029ef18bb,0.5447348356246948
40ad9f935cd7404e,0.5245772004127502
1108064959165fb7,0.4659460783004761
1ebeaa2e37b06745,0.5728514194488525
e33874600989cef0,0.49509379267692566
fa5f2051189548b9,0.45208361744880676
adee2f7fd936355c,0.5002593994140625
a31a514db96dfaab,0.45508021116256714
fc39d1d7ba207770,0.4631999433040619
0f8d4e65bbb33564,0.49582117795944214
b74e30029a4db811,0.5615583658218384
b0e076eec6caa538,0.49594151973724365
6b0912652350890e,0.5259739756584167
f1d0942722a33dea,0.504218578338623
ee4127591cd16280,0.502972424030304
4a9f450e33498c44,0.49743303656578064
12a797abb70acd04,0.48984694480895996
c2791a92d86f4726,0.46917176246643066
a7cb0c8c7dfb711e,0.5723456740379333
58bf7f167acdb649,0.4882533550262451
55825a2a44c5070c,0.49928614497184753
48ead59af2ceaaaa,0.4833243191242218
6d692aa8589234f0,0.4997074604034424
7fed2da0acd39b85,0.41784417629241943
098715e69062feb2,0.4521671235561371
27ae9448896cc10c,0.5069282650947571
813056cdba07893b,0.4761316776275635
6b0e0599ad60bf89,0.42573854327201843
089704d2055f99f0,0.5177022218704224
1a101a6ac7514760,0.5165477395057678
760a2973169829a3,0.5113301277160645
05c1438aa38aefb2,0.5330322980880737
ae5470877b151ace,0.5599044561386108
aa90b6fc155a4967,0.5300108194351196
dc1fc0e33961e828,0.4846186637878418
a13437c278b6ff0d,0.5080362558364868
21766409d7571dca,0.5189586877822876
12be95e5d481306e,0.4888439178466797
84603f79332980cd,0.5141668915748596
ccd0e1d5501e5ce5,0.5160324573516846
014d7ea0c7d7cd4b,0.4341461658477783
d20b49e55538d209,0.4237210154533386
4f0b99c80bb8e847,0.46560192108154297
578027e8bcc938e6,0.4930564761161804
bc7d415e819ae143,0.529327392578125
5b45ccbc63a90612,0.5181522965431213
e8e1a3a894cb51fe,0.422573059797287
26c7355379cd7832,0.49022388458251953
a44e64618290b33b,0.5293189287185669
57f4e7e31026dbc1,0.5558098554611206
8117e82c89fd8f2f,0.5123104453086853
6f2d1de9e6681ebb,0.5538647174835205
e7271a2da9750ab7,0.5596164464950562
dae891021b835f64,0.4631338119506836
0067e8e5c1eb7636,0.5463402271270752
eb49658df2993406,0.45714280009269714
4f8461b3ad37aeb2,0.55799400806427
9b727f8a0bfaa56c,0.5007672309875488
9fbebe7d2d921772,0.5104019641876221
93921d615d2efe9b,0.5008489489555359
e04468a5bee8a182,0.5089453458786011
2987fa7d76cef12c,0.49584317207336426
72ce173f1158d1a4,0.4744482636451721
b3764f25d18c74f7,0.521761417388916
f8c3a0a58049a1bc,0.46301060914993286
200739ed84a04146,0.5339500904083252
895ec3e8b80b0169,0.48987168073654175
a2effa595ab99c0b,0.49915701150894165
c606d9a48151f238,0.4898539185523987
18d66b94b6bf7f00,0.5433879494667053
a5917e266ef46cea,0.48472344875335693
79d9e3d2f0e6bdea,0.5697927474975586
50971e05418d6576,0.5247839689254761
6c5aac9623057af1,0.46079903841018677
8765213a3b384105,0.5674726963043213
3e999081e4583b6f,0.509576678276062
4ef186a1b4097076,0.4763432443141937
16c950a6dde0d189,0.5091307163238525
618f945c6d801ab4,0.5224263668060303
92eb2c41d418d9df,0.5111138820648193
f6e4a12ae854e2a9,0.4851299226284027
17cee0662fd5592a,0.48459291458129883
43a91790b04f22b8,0.5094735622406006
56fc0857a56cb83e,0.4543103575706482
8f0e1de27200fbe8,0.5651841759681702
5e1f60a258fc760c,0.503779411315918
f7c1416b623b9196,0.5738275051116943
5784765e8af9dcef,0.525556206703186
b765fe803859bc0e,0.4609053134918213
f5fca0b2a39d2c1e,0.5079110860824585
ec1f32197c17ac15,0.5332365036010742
10c6aa3761af493f,0.4968189001083374
cff6990e765344d9,0.5208472013473511
d14484e152707459,0.4915963113307953
53d287b90a99e777,0.43199849128723145
c79bbf9c4abc3bc7,0.4966151714324951
1b2ce3cb4d92a197,0.4356386065483093
69b06f19d22a09d0,0.4584827423095703
7877542570be2212,0.5446276664733887
a84b2af849ff7718,0.4875900447368622
3e0e424d0992292e,0.44052064418792725
b38177b395efadfe,0.39887985587120056
0ad36e31d716579d,0.53492271900177
a2104d80c0dcd85c,0.5177359580993652
968aa536a4d50220,0.4746387004852295
b285a641965534a3,0.5037233829498291
acd2986f8d5e813d,0.5186883807182312
3a52f762d13048a6,0.48140162229537964
adf9d00c647487fd,0.5597496032714844
d60d4dd6c5e44ee1,0.48659172654151917
f2c4cd27f9f62b32,0.4930110573768616
e799e07b4ea92217,0.5134458541870117
5ba9a45536a89ffd,0.5007922053337097
acc0db65f61652ad,0.5170292854309082
e9fa526e7b6171de,0.4613277316093445
7d796bde744b639f,0.5008714199066162
098239749d4dbced,0.5315792560577393
f8d2b1bae5a0b542,0.39050617814064026
c624af0c34175875,0.46086856722831726
e264c410ac09e310,0.4989067316055298
35f5054b86729b9a,0.5612438917160034
7173dae7abf72dca,0.44743144512176514
52342aa01a232b8b,0.5409679412841797
616a4bfb2a9a1722,0.4944338798522949
6b8d10c81c73e74d,0.47482168674468994
3635ba8702d17640,0.49073922634124756
52c723a5589008c1,0.401388943195343
30f627927fc8472e,0.5262682437896729
eae9032b41d598ae,0.4865846633911133
b385c8f882d59f7d,0.5340882539749146
284d93ec3e2d9904,0.46390271186828613
43221b309141d88e,0.46584874391555786
b282c41f7e4693ef,0.5130868554115295
14d49b7a505ec046,0.5554919242858887
22c580182970534a,0.5085265040397644
b2c8f127b4e2f66c,0.5626791715621948
865573a81555da76,0.4828435480594635
e879e6a217631272,0.5667173862457275
d6b8879f17c853dc,0.502190351486206
346821b03ed8241d,0.5152513980865479
24324290dec76bc0,0.4902917146682739
d62672f6fde5884b,0.5170720219612122
9fe394f000f8a87b,0.4755747318267822
de1efec1cabca080,0.5321664810180664
e7315a5aa8074c54,0.5095575451850891
c3348bf52b9febb0,0.4937645196914673
1aa0a2e564a3c544,0.5166187286376953
693e8c16f1d0d6d3,0.5553696751594543
4a920a28b74f3c30,0.48688262701034546
31e0cbb3785d03a6,0.5248017311096191
6108e2e9a99916c1,0.4745536744594574
51ebad174932d809,0.4309030771255493
a7814c959ba6af9b,0.5228801965713501
ec6ae52d3c46fb22,0.5279116034507751
e0167495b093eb22,0.4682908058166504
1e609dec75522ebb,0.4775363802909851
186305a4c7cd6239,0.5314757227897644
86970644a08a230b,0.522601306438446
a415f7dc3876bb0e,0.425834596157074
47af3321504880af,0.4538305401802063
f7073133b23a0bf4,0.518625020980835
787294cd995e9e3d,0.5464969873428345
cb8e9cd11b163c0a,0.4971674978733063
a12aa1cc0b0b1240,0.4595620036125183
150b13f690c0598d,0.5234079360961914
59ea195e967b08ed,0.5372313857078552
e8b92674ebb5e0d2,0.4250319004058838
1ac315861ed1b3de,0.4887315034866333
4810be37c348918a,0.46850141882896423
e5e9f09dc6a28a96,0.5289093255996704
6050f5d83dd31ded,0.5183335542678833
90d0413916bf2a7d,0.5696631669998169
734466c08903a63c,0.49467962980270386
913413f620e7d511,0.5350618362426758
a8954cd79a372423,0.49560075998306274
60656a11faa0e052,0.5643261671066284
ac6dfd38945cd2aa,0.5572872757911682
1498cf52dc34287f,0.4960446059703827
8a208e61222f015e,0.4897071421146393
bb457ed5f4d7cd53,0.48328301310539246
81b0459ce47600c0,0.4937436580657959
6deab9b4f74edf3b,0.515467643737793
040c6e08861e1104,0.47839778661727905
8646561399947b23,0.5344659090042114
6d581307d84a1a8c,0.491163432598114
23768194d2b33cf9,0.5403003096580505
d24690e44d9b4c55,0.455866277217865
73fc085474ab33e0,0.4990771412849426
bb5973e8ab48d516,0.5449486970901489
631b136bde45f7db,0.506284236907959
0170ab06815da6dd,0.4751286506652832
828bac226e8b076b,0.5342467427253723
22e62690dee6a1f0,0.531371533870697
4ba107edbb1a2d2e,0.4569239616394043
cbe7ba7e7e468455,0.5222165584564209
df0d83465ddcd17e,0.42797303199768066
68eaa292ebb0eb97,0.487765908241272
db26dcc076b9f3a5,0.5078938007354736
cd0b92a880ecff81,0.4573531150817871
0dd4607aa766e765,0.5038720369338989
d57234bbe815dbcb,0.4692906141281128
d804a8a7bf3eaa43,0.5070889592170715
3e446cc20f4ba8f5,0.5165562629699707
9a34c353d14ee107,0.5258260369300842
124cd4dbf3d309bd,0.48590099811553955
e88d0efdd35e3e1d,0.5405030250549316
a0510fa1bd4f6609,0.48572707176208496
6edf31e523ad5ce8,0.5523818731307983
1659f191a461bd5b,0.4460660517215729
1ae483cd21ba0f41,0.49835723638534546
45013d42848c6f87,0.5621148347854614
af1fb303c78dc390,0.5271325707435608
3073500c09075aa5,0.5175552368164062
c15405d3dff7d115,0.5248072147369385
e50402f96200c3ec,0.5676601529121399
60da47afc3414e90,0.4108591675758362
b29e4581bcbf6dc9,0.48749804496765137
26f7cfc3048a6134,0.5608750581741333
6c92a0eabf7b0481,0.45452582836151123
6c4e642a3c84d8a5,0.47284072637557983
10f692018921173d,0.47958555817604065
dc936a451f7a71c4,0.5183248519897461
15c586d915d0b9ab,0.4915928840637207
4cf2758d644c6620,0.5233398675918579
f9011cee0538f938,0.5148274898529053
b3fa5e0723f9117d,0.5033610463142395
ed250cb2ea676d6a,0.4681931138038635
c3a0a9c7ef05bf6c,0.3875013589859009
87c8f44e5a1322d6,0.499238520860672
326dd40948c36058,0.5140619277954102
8c35336d07e7c147,0.4409143924713135
7a17d0d7e3c26cb3,0.5018962025642395
ad3a3a94ccf33c5e,0.4672245979309082
860d05d0c6bf7cfe,0.5449047088623047
415eca82933a8c33,0.49220937490463257
932f6063ecb768f7,0.5179393887519836
666144bbdab2431c,0.5007967948913574
d42255e21b879ab5,0.5035281181335449
5fa3cb657b016cb6,0.457250714302063
f582e7bd2ebdf488,0.525564432144165
a0f729757c1b10eb,0.5296550989151001
6c5e6407f2af164f,0.40636909008026123
55f6fe7517a1783b,0.431532084941864
bdc8e73f936f0a25,0.46291831135749817
e47227e17028f344,0.4824698269367218
fedbaf6b79e4b044,0.478452205657959
c227c8c1d45a7dc0,0.5267244577407837
32d1785b0435b917,0.47873455286026
c77104be3c717bbd,0.5174288749694824
96578e220d216c53,0.5487719774246216
c4bd208efcff22b9,0.5147435069084167
e78136a1105aaa89,0.5146698355674744
964a04b535eeb44c,0.4999748766422272
a73ebaef8a4ceae8,0.5643667578697205
821fb112d4d6bf56,0.5163626670837402
a960071179947518,0.5528928637504578
c78d9bd0e7e37a26,0.4786564111709595
a86a6c74d33f66ca,0.5049001574516296
2bb67d4a2721592a,0.43004268407821655
e04959173cf32f15,0.4910524785518646
659b5d9eaf5b32fb,0.47011083364486694
d6887eb3cb3a9390,0.4971153140068054
89a795927b57a6a8,0.5389461517333984
81509c895e299fc9,0.47842681407928467
feb5404cf04143ed,0.40293413400650024
725f864609dd8bdb,0.5000472664833069
2eab67168824e958,0.4774855375289917
0d1e7f6a65a14b8c,0.4951133728027344
5fd5a6b3fc727e4c,0.4792320728302002
0d16ade1dbb6cd33,0.5188971757888794
e05722782cd25274,0.5027467012405396
c60adb197d234a8f,0.5585782527923584
986cac5a3040dddf,0.48491233587265015
6de9a768c9d6ca4c,0.5313786268234253
b83a83adb91edfd7,0.5044128894805908
174a4000791899a8,0.482897013425827
21c9665365f5fcb7,0.5357533693313599
43ac7cde82144381,0.559623122215271
05e76db6fb4d86a7,0.5015254020690918
2c83550a903e71c2,0.46912553906440735
3b3a61875779f9af,0.5145082473754883
f1e4d7c5cc538f27,0.5228692293167114
8432f0c69366eac5,0.49158263206481934
003b6200bb355dc2,0.5211200714111328
7dee9da42c8e65f6,0.5253353118896484
43a73b47db49c24f,0.5700315237045288
8ab8c031fde89d58,0.5015923976898193
7165fd64f62d30f8,0.5150586366653442
db7baa1cdbdcd771,0.549608588218689
f6b8afc8f4b9d6b9,0.4249919652938843
522dddf53a76a67e,0.5140859484672546
8783449d6dfbe5e7,0.5183042287826538
666502febf0f0704,0.5026335120201111
20dbbbde0acdb722,0.48032230138778687
4f914a130bf00ecc,0.519291877746582
1ab27e672872a0fb,0.5313746929168701
d0a431ff6dd8f8d2,0.46400099992752075
e642026103acbcc4,0.4672631621360779
11b7887a3aac33cc,0.5213111639022827
6dbfe1545d233809,0.49726033210754395
551e0214e682a2df,0.510791540145874
2911980f087e4df7,0.48914745450019836
78cebf02f4a5ae00,0.4340212643146515
aafbddec8e925965,0.5309736728668213
7cd8d05921cefec2,0.5482926368713379
199b1daff6ef3aca,0.5151474475860596
82919643bec4292e,0.44595569372177124
9b2ec1ea732a3f5b,0.47541719675064087
4a6cd936e11de1bd,0.437674343585968
60bf8f9d9ea157e5,0.5321745276451111
214a0376583dcd3a,0.5383111238479614
8482327535dbc155,0.47461870312690735
ff370ce6c998066e,0.4543471932411194
af7ee93d51a51ca6,0.5347617864608765
2857456bb3fba62a,0.5098847150802612
33db923284ab891b,0.4935121536254883
bf8d138e3b0f5c6b,0.5180835723876953
5e0305b647873a7a,0.49573129415512085
a0a904f9dda41736,0.49999332427978516
98d8441aa06894ed,0.5626565217971802
1a14b20f978d1213,0.4936439096927643
3aadb4381ce1c4ef,0.5243488550186157
c189b9ecb2b6d5e7,0.5639764070510864
6bfedb64d5a79c2a,0.47129619121551514
250986beaa954a4e,0.4916403293609619
446a5117a0c2c8af,0.5543900728225708
6ece8ce670607419,0.5403321981430054
966f5387581b3d31,0.3945867419242859
862c1ca72b6791b5,0.468961238861084
3bb151f877a07c00,0.4988260865211487
28e0fe1aa5bfaa0f,0.5744965076446533
dd320839901f3c7a,0.5579235553741455
b6a6b3eb0532fdfc,0.5115576982498169
5bdbe05ec6158ecc,0.5256413221359253
53786ed54321a686,0.48946088552474976
e77ed9e43ca4570d,0.4999092221260071
6c79ef797c15494b,0.5040513277053833
c58c78ca38a99fed,0.47407352924346924
355b627fa74decdc,0.38174402713775635
96226d7f8888f4c9,0.5225992202758789
35c4fd3ee931b2b8,0.4752369523048401
7524485d2ae22e9f,0.5081748962402344
0a13d4a1eb31ec45,0.5186644792556763
3d21b253d68c8bba,0.45985668897628784
137f505aa866de12,0.5219839811325073
5718f9d8c0719118,0.4942817986011505
01beffb6b882d4ab,0.45543578267097473
15a2e6f6dbe594da,0.49655985832214355
6aa1f50b4cadfd42,0.5247957706451416
bdc5cac434f55152,0.47120654582977295
1e37ab28dbdbcb36,0.5128124952316284
536b0165edcc4165,0.5573756694793701
a1e442449dffafab,0.5522576570510864
7addffc439e27eef,0.444027304649353
330258c22000a95c,0.4686596989631653
d33f7e45b9ca60ff,0.379584938287735
ee53b3030ff9b8d4,0.5363268852233887
28459b1a14057151,0.5570274591445923
b464663fc04f2c27,0.49205324053764343
aa1634b8f582a630,0.5257742404937744
26fbece164326ce5,0.5161308646202087
5f8f1bd985a59bbd,0.5027327537536621
e2e2964ad441b91a,0.5009370446205139
0dcf09c0089d22c3,0.5223439931869507
15c6a9b7fec40bbb,0.5028735399246216
ab8c7c1b246e72ab,0.48979705572128296
e9a5c0de1cf034ae,0.5503183603286743
aaacf2bf502f2763,0.5178709030151367
1981d7bfcb634cdf,0.5542479753494263
7c17c5dceda60ab5,0.4161875247955322
2ab57892a6dd8e32,0.5195342302322388
428b9ae91d5d2b02,0.5181573629379272
b474693b1004abf9,0.530746579170227
c80ce90f4802a37f,0.5153796076774597
5dc55859d6825c66,0.4754011631011963
0e194ce93689b603,0.4535379707813263
61d6622845ff5130,0.47968605160713196
89b80c5cbf0675a5,0.5427883863449097
f59e0543732a79fb,0.4906441569328308
5c0712abf2ff6936,0.5362278819084167
22d394f044f461ab,0.519388735294342
46b9c11265c2b45f,0.4760374426841736
f86fc6bd2126fe46,0.4813346266746521
0c1e5bbab9cc719f,0.5284326076507568
feab0ef4c586dbbd,0.46182698011398315
ca16edf5560df7cb,0.5066334009170532
db4cead94e2fe6b9,0.506251871585846
daab65929e1dcd98,0.38557034730911255
36e614fe5c7ce4c6,0.5285749435424805
d89f9d8dec5b7085,0.49441471695899963
63f0b9b04375ee3d,0.5652577877044678
1931be5f9db0f66d,0.5148675441741943
58fa0daa8313556d,0.4841090738773346
c07931ae0c5e7d39,0.5255786180496216
02905beb996867ed,0.46267905831336975
0227568b422941c0,0.5332379937171936
9b7df0a380055c8b,0.48719078302383423
972185fa82d842bc,0.5144896507263184
933f06b2f7d2f27b,0.46360212564468384
a9db5235856ee26b,0.49784237146377563
9b2e4f729f6ae4de,0.45686930418014526
79eb51050e224c4b,0.4681813418865204
f50c500bcb7ab66a,0.4765833020210266
a1ef4db4928b0fbd,0.5081983208656311
ac364b4e45fde678,0.4892646372318268
358b10f508f5d7f4,0.49723970890045166
420be984836c00bf,0.4802458584308624
0da5ba8dc3984f76,0.43295639753341675
9e04d5f7720e7fae,0.5224915742874146
941f93f05ccc48b0,0.5560355186462402
22b16d6d96abc265,0.44305315613746643
d36c319cf810a597,0.4695442318916321
c77777ded12e40e3,0.4902194142341614
9dff29c16b91e652,0.43897581100463867
c212a6d94080ec58,0.5206788778305054
eb0ce2fb0affb6e4,0.4994955062866211
636078f9d79aad5c,0.5538891553878784
5269af23e02222b0,0.49599289894104004
830cff631e75d886,0.48705247044563293
30e425d4368c6fac,0.5184246301651001
6f87f0ee2e3acbd1,0.4848212003707886
6dfc62a521c5dfa0,0.5744860768318176
9298fc9bf3aef4cd,0.497541606426239
9251b12c216c2b66,0.5010524988174438
f29bdc91485f1ba5,0.4934539794921875
70e0fae77a29162e,0.5397220253944397
215e1f6989ccad85,0.48296505212783813
c754817fb4a8b7f8,0.5023292303085327
e3590fccfe55458c,0.5052369236946106
3cc4e67701e5555e,0.43527984619140625
963ec2598f78b583,0.5388364791870117
5f6d876ff2241d25,0.5137463212013245
7a3f3499da6cc1ec,0.5272051095962524
c1315b64b0202c2f,0.4717627167701721
033eff9520f16f60,0.5222328901290894
61b8a6280c4a64c5,0.4911549687385559
37c77cab7e322393,0.5243661999702454
b62d9a42d92e3488,0.5400143265724182
27b9562e7c9b3420,0.5005877614021301
e94b945d12378537,0.4600573778152466
89dfe5cc4661ae4c,0.47238510847091675
e7104b4554b0d80c,0.5617800951004028
7357671b37befec6,0.5333727598190308
c7b7da305d235b97,0.49482566118240356
d75af7f69568e2d9,0.4935971200466156
98101319d102ceed,0.47467249631881714
6407743d206c2560,0.42960476875305176
a97e1d323ef8f625,0.4855353832244873
3afcbb29d4614ad6,0.5254275798797607
ce1f90b1196d00b1,0.47268855571746826
0ffafbc2c8a6630a,0.44202136993408203
5608f525ac95c49e,0.4699016213417053
3ac04caa4d294c9f,0.5163594484329224
e593f02b35520bd7,0.5077273845672607
47633023da0a5c2c,0.4698505699634552
fb4c7de601da6959,0.5149801969528198
41dbf4f5a0e4ddd3,0.4992344379425049
7a3d82988e4e051c,0.5567188262939453
57071df0f2ced4d5,0.49226200580596924
5720f4cc641fdf72,0.5460178852081299
9c6969927780355d,0.4945162832736969
2c5f8e70b6921e1a,0.5218404531478882
26926c931e48f1f9,0.4963197112083435
06eed622783897e8,0.4866427779197693
8847692278ba7c06,0.5529487133026123
8c3738e8879aa615,0.5086378455162048
1fc70e56ecbb247b,0.5132027864456177
84fa0f0839ef4fc5,0.48136070370674133
d80c4ea2f4bf881b,0.5147325992584229
f0147afcb931cf70,0.5123497247695923
e1c370c315656a4d,0.5230005979537964
7169c549a1731dca,0.5000513792037964
2744aed7e836956d,0.5116698145866394
362ec6d9f0500047,0.3819335103034973
c4101287e039302f,0.511801540851593
c208d679277133cb,0.49855363368988037
cbf9c2f46b0d22d3,0.49764251708984375
69aaedcf441fc997,0.5453848242759705
1d7c14f15b3e98e3,0.5217709541320801
3b205c2544d4f30d,0.43953806161880493
c78d47532482e65e,0.5197967886924744
b8b83bb1cd74ea6b,0.487308144569397
ccf164236bfe4fb5,0.5065432786941528
2940daad5b82647f,0.43213725090026855
39f3575a4aa2fa70,0.5344915986061096
269f965ff0358f4a,0.48813194036483765
bad0f8df3973b890,0.5355271100997925
132b0e4a85d08855,0.5473127365112305
71487eed1cd1ff78,0.5330268740653992
2affb96bb6917cb8,0.4711727797985077
9b1baad9c7649b7c,0.5071463584899902
81a2b5bd919d3292,0.5313969850540161
54bc14e1bc97468a,0.443164199590683
b22bc6efd307f989,0.508952260017395
663ef969dd3f1161,0.5508894920349121
a08f104d63449817,0.4386839270591736
b3e624028468559c,0.48092955350875854
7a9ef449002b3a3a,0.4881817102432251
ffc4f7f0cec64464,0.47222745418548584
cf67420048f1dabd,0.4786193370819092
9e48499cc28cba70,0.4980144500732422
8c82ee31328e2d41,0.5182874202728271
f379746e74fb3f11,0.4974048137664795
5989aab50d1a4472,0.5075560212135315
42381ee70eac1fb4,0.528549313545227
6c7d3d623801f918,0.37532368302345276
b0daa7b592ba432a,0.4982959032058716
4a5422097463a144,0.5455915331840515
4f3aa2b34a8a715b,0.4880247712135315
93bb49d017a5edf6,0.5581560134887695
76960e476539c3ed,0.5311659574508667
133c436fd5695d5d,0.4729401767253876
17d38549bdcf1670,0.4902677536010742
2b5397a1cb79a8a9,0.4718089699745178
79257e4640490170,0.5067740678787231
6e6411b92d142e96,0.5735881328582764
3b7876729815da5f,0.46221649646759033
7299b9833fee606e,0.4980003833770752
03c0e0629a796704,0.5461288690567017
91805df0caf6fbe2,0.4711973965167999
6e3a6d018398021f,0.5562161207199097
18148e95926320e0,0.5255539417266846
2b790d628db9996c,0.5264108180999756
80ab51b67c2c9b9d,0.5124416947364807
ad4d5721024183b6,0.5019583106040955
5db35705259998b9,0.44987159967422485
ae866c2813a7e26b,0.5213968753814697
2462056c97d6a5de,0.5163079500198364
206ef6b2d13d064a,0.47234633564949036
d76ae297eb06d5c0,0.4945436120033264
110e7567226b8b5a,0.50970458984375
1d3f7c0557837288,0.5176323652267456
20d38cb427839be9,0.5535455346107483
48d57b31ae143349,0.49223071336746216
4447bac532e5edee,0.45401233434677124
dbfefd98fa9f2ba8,0.5380918979644775
4cd1886be5a89c49,0.5204730033874512
141df3ab55a69df4,0.552109956741333
820f502ee2e08288,0.5261156558990479
f5bfba16b3fa24b7,0.4763948321342468
655c50f875195869,0.45141512155532837
430f59937f801b86,0.5590614080429077
ce19a79660e35d2c,0.5165832042694092
4fb492c777c7c3ca,0.4985324740409851
34fe2d85bb05bae5,0.5001226663589478
14869d00896d542f,0.47379177808761597
57bc827b2a82358f,0.48126399517059326
e5400a09a5ff2669,0.5056369304656982
24fc07366a137345,0.49571526050567627
ba0c5e6827f6d8ec,0.5021645426750183
ea694e69a4187dc7,0.5412200689315796
ca50e81c2a702b36,0.5269608497619629
fe5e9be154fa1c4b,0.48423922061920166
d94aded649c6cc93,0.48436322808265686
ba96155dbe0980a3,0.4797708988189697
9b156f790e90b0a2,0.500009298324585
361cc2953fce18de,0.528760552406311
0f7220f03e2edbeb,0.5160354971885681
b1e3f74c9798fe56,0.5448676943778992
a275a8864de99c49,0.44765397906303406
ac34d2bf4c0e52ae,0.5457441806793213
ae842c5b436b84f3,0.48857128620147705
89cedf8987cff47a,0.50998854637146
78b334b76ff44a91,0.521981418132782
f43a604729f9f4e6,0.5575164556503296
b893ea4dbe0feb53,0.4262165129184723
3a1970db2785fb1e,0.5478410720825195
5bf84ac157e8df1e,0.47662901878356934
4bf8a2b6bb7f6b65,0.47122275829315186
4e88269968c22a7b,0.5642727613449097
ab7d4302c6f12439,0.47273457050323486
66e66ed7b2208e3a,0.5451494455337524
dc0f48398345ca01,0.5338448286056519
cf25b6fb2934242f,0.5088965892791748
97b360f5debe71a7,0.4671439230442047
dd4f8e1eac1a712c,0.530442476272583
407fa5b52385d1e4,0.5122244954109192
adaefbb18fb00da3,0.4837627410888672
2eedf81826b7a362,0.4618968367576599
391a20dcdefdb691,0.5356630086898804
6e2c630fae25ee02,0.4752735495567322
706f3f93d67a6372,0.5362256765365601
f8595a0689859571,0.5343136787414551
f3852d96514ac5c3,0.4927917718887329
538b3e39ef10ec30,0.49712303280830383
33d89206cbd13b86,0.4823528528213501
91cfd4553e06f278,0.46569591760635376
52763ddf480ff7bb,0.5560887455940247
ed32a90d9cd52db1,0.41432738304138184
4ceab6899e39a8b4,0.529421329498291
a6bca2ff3d6a8180,0.47675466537475586
279ddcc1eab07492,0.4962097406387329
91d22a19091370a3,0.5301235914230347
52d08c93d7503d1d,0.4833829998970032
433650a56bcaeacc,0.46743202209472656
36a8db0737d93cb8,0.47039419412612915
45d1840794538323,0.5085711479187012
de8d0894db2667c9,0.5116134881973267
67e63953bac767da,0.5568613409996033
faf128f3cb08d2ae,0.4482037127017975
710181515a8fa5ab,0.4874805808067322
689f70cde7c27e55,0.3954429030418396
5620a57fa1a82425,0.4930781126022339
19bf05e125b995f1,0.5292778015136719
642855e2104692a6,0.4648623466491699
dbc2312babc55322,0.5448148250579834
c19879a921a78c54,0.532757043838501
9e6d7068046f22ee,0.43532443046569824
2759bd077917e55d,0.5072566866874695
12a154c3feb6731d,0.543042778968811
39131e0c4f48a710,0.5265190601348877
2e64eeb2a77d4e8a,0.5009589195251465
a4d34b1c1d77f093,0.4835427701473236
792fbce4dcfaa9e2,0.5315191745758057
6fa2ce90eb6fd79b,0.5022242665290833
d5f70c4785391f13,0.474912166595459
f7135feb93336814,0.5203094482421875
ad619fdbbb0a6011,0.3890126943588257
0f62aba2c5c9cef1,0.4703890085220337
5872d5b0c7054146,0.5173506140708923
ae696a4a37141d98,0.5219045281410217
7d4a7ae29abebc9b,0.49219954013824463
fc3f05f1a8184369,0.5267335176467896
77e1531ede3bfb28,0.5192632675170898
217957183fca0bd9,0.4734938144683838
c7bde2a0390536f2,0.5539675951004028
b3c993bdb51c1493,0.5160546898841858
030d9c5c362b1a3a,0.47419077157974243
5181f7dd9f20803e,0.4943618178367615
0716850fa598c2aa,0.5610764026641846
40ba9ab0b925bc8a,0.5193856954574585
f86bf0513fda35b8,0.5340640544891357
6ca7607095918dab,0.5028851628303528
f241d4d14cd9a885,0.4311023950576782
7e5a2e95e79566d9,0.5378791093826294
30312c4f418041f5,0.486782968044281
0fa18dc962907d0a,0.5120206475257874
925a04b2d83ab41b,0.5308067202568054
db18c7ce91e99281,0.5375970005989075
3ce295313cbedcef,0.5628920197486877
e03f2851ac6bfbc6,0.4772922396659851
c84ac14678e6043a,0.5324749946594238
f2bcb41d1573ff43,0.5106019377708435
3d444d7769ba8031,0.5235128998756409
731719b432e1a0f3,0.37945666909217834
58499b2ce0eb672f,0.5122993588447571
c57ebe014d691ac5,0.4721182584762573
4fde838a869a645a,0.5317949056625366
7c1c2834946b1a94,0.5208309888839722
f6636c203efc6943,0.5124293565750122
1a0386ce14adba14,0.4573878049850464
8363d05621da603e,0.5332791805267334
dcf61270384471fe,0.46357038617134094
916389af1217bc5c,0.5582608580589294
70c2f1de38a1a0ba,0.45713478326797485
76e7573df74e71da,0.5445453524589539
428ee3c8aebfe907,0.4764174818992615
8f6b757cd723de98,0.4945896863937378
d6a44cdc299771c1,0.5366456508636475
ae03dcafe23ca951,0.4342173933982849
6894e756e5af6e6e,0.48170435428619385
32fcc1d9d1f9b78a,0.484902024269104
99bdea6728d8beb5,0.47284945845603943
efa3d9738a34f998,0.4822537302970886
0eab4b368b94fb71,0.5638536214828491
5b5da8285a07d25a,0.5163754820823669
f50cd8d3b121e2fd,0.51040118932724
973bf938d6db7d85,0.5458697080612183
f6ff98648e0dc82f,0.49805063009262085
e70153c8730cf9fe,0.4958304166793823
9340a39d7489920c,0.4938458204269409
bb44456d637e0862,0.47345030307769775
e3d93297d4255bbf,0.4956837594509125
12bf945913f5479f,0.4401230812072754
151d0ff02e66b5a3,0.500741720199585
964ac036a263092c,0.5517234802246094
758ce654f0b7c17f,0.48868751525878906
99abc0a42eeb7edb,0.5404220819473267
ef15b4aafc9ee1db,0.5238063931465149
077a3f3b7fce3d3c,0.5227892398834229
77adff3efd90a1a0,0.5047963857650757
584ba50c442256b2,0.5363574028015137
c951f5018066ac7c,0.46701884269714355
50bb179b8cf77f8e,0.5043069124221802
4812cfc8eadf30a3,0.4265417754650116
60f62017b480d590,0.5396856069564819
7a1a67c17332c7ed,0.5256186723709106
48af780118dad34a,0.552651584148407
c4ee9d0a62d75eff,0.5421258211135864
fdeb51d2f15d0989,0.4879673719406128
f14843b6a9d5dc20,0.5059775114059448
c57351477d5dc3ac,0.49672985076904297
b929df3a6af7ec1b,0.4796752333641052
02b7040162a3d056,0.4808042645454407
14ef12e99e466e88,0.48671987652778625
6ff0422c6430ae15,0.5543108582496643
16d919e717aa4fea,0.48224833607673645
934d1deb031b7c3e,0.3799605071544647
b5a7577bc56e830b,0.5558093786239624
ba4d10b4c4a3ab78,0.48057645559310913
809a5f87964915d2,0.5242159962654114
88a76830f5da54e7,0.41628122329711914
0f6f45f86eb2ab92,0.46587538719177246
f7075f562956eb27,0.4829139709472656
389ee9238e99f395,0.46640148758888245
b0699b287764cb33,0.5197081565856934
77b36220acb43194,0.5192552804946899
ad1691734d3a596c,0.4529392123222351
6e72b3a140b2c352,0.5345718860626221
0d83cf6d028b1a68,0.4946040213108063
726c5e4a783e8b6f,0.5258834362030029
4ad808cc3a033099,0.4889684319496155
b403ea32cfc4ae5f,0.46006718277931213
0d4c3b37e4e0fe83,0.5485191345214844
9f6a707f74b6ac38,0.5345879197120667
a7dbe2a08ebe6c2b,0.5560054779052734
3f62e6d5deb31b98,0.473145991563797
6b84f4610a55fc86,0.4801045060157776
2be40f7b2a5ddcd6,0.469618022441864
376fe4f35d2ee591,0.48630136251449585
db02d686ca70bc3f,0.5427234172821045
1bcef7143618bad1,0.5394191741943359
17e9aa67b278f096,0.5252806544303894
7325dfa39f5ca331,0.5162572860717773
30b6cd937c27dd3e,0.4919295608997345
a266df103191f528,0.49135249853134155
3214ccc29da6d0b8,0.49293509125709534
220c931adffe5faa,0.4548400044441223
c7e790d442ba4989,0.5026863813400269
97f95a6ff3102f65,0.4923205077648163
7f1642c0b9f47e57,0.5203894376754761
9b7d92551d198a1d,0.4928569197654724
482134caccbe2443,0.5034965872764587
84a9feffc9eb72aa,0.5431853532791138
4d5ee2a8347bf1c1,0.4993181824684143
06bdbc6945f324f8,0.45386752486228943
d2da0444fcd23133,0.5422730445861816
57a2f50ee7481375,0.5317305326461792
3615f7839717ee2e,0.4454329013824463
17c5c87d83ca9c7d,0.5521069765090942
1c0a0a87059fd105,0.4091812074184418
bf793db55ac4b773,0.5455918312072754
a59385b8dcd2659c,0.47667619585990906
5762cab15ed49a7f,0.4676216244697571
0c594cab3a0f285c,0.525794506072998
c024f6596ac54f94,0.5310838222503662
f2c073969b02dad7,0.5581237077713013
4c503775ecc808f6,0.5003544092178345
2514f7bf926eb087,0.45764780044555664
00b098f65cce0559,0.49355700612068176
9d0ee6d56dd059f0,0.5258216857910156
486e1b83607568e0,0.5244316458702087
ea138c586c7b2a47,0.5426256656646729
34496e3ebc760b91,0.517315149307251
711783abcea2a532,0.501412034034729
8be5ae5487d77e67,0.4684489369392395
040cddc7f7b3b3bf,0.5685224533081055
a20ab9cc801578bd,0.5227148532867432
2478934112ffe8ed,0.4750216007232666
1c6beddf44412ede,0.5429848432540894
e60c1b23aade5a98,0.5577207803726196
54010f0aab6637f2,0.42709144949913025
2f4b0e91e24b5983,0.5200193524360657
f96a88cefbca8203,0.5218346118927002
3b3f08cff99a8a59,0.3906053900718689
7739e2542f64b5a0,0.5099611878395081
4de103bd6e67de26,0.5430663824081421
6541cb3c0d574879,0.5028945803642273
d29c560041d3cf43,0.5047383308410645
251bee4287f738e2,0.5304491519927979
ef94eab756ad556c,0.5463012456893921
fd94e6084bccf9d4,0.48966705799102783
2fb517fcf628efdc,0.48191210627555847
ecfa834b784ef51e,0.5035300254821777
ef1a4d8449643894,0.4885888695716858
475f877b4771948c,0.5150618553161621
e8651716085f3eac,0.4991024136543274
9e11685edd12f6ef,0.4805280566215515
4deca71b83365a1d,0.54749596118927
d4e6d1e724312d5f,0.5105400085449219
cfe93f54d7ae12e4,0.48113030195236206
428dd0c42d7621cf,0.4244547486305237
95b2e896a213537b,0.5371542572975159
a3cb972ce6fbfe61,0.4894106984138489
4b7fb5604d0c5dd0,0.49520397186279297
e6269f26dfd790a6,0.5121330618858337
23c5ff144845ce75,0.49264758825302124
538b249f1206aede,0.370755136013031
e33ea362c01556ca,0.5415029525756836
ad5133566ec59ee8,0.4758349657058716
bfc4207eb1535c05,0.5409639477729797
49992723d1124ec2,0.48877212405204773
70aed5029a377726,0.46430373191833496
4686f5fdf0ef7bda,0.47727108001708984
46a911b7cee34129,0.5170198678970337
a5e05e98e41eed4a,0.5145053863525391
adb115f4e4c323b7,0.4390653967857361
9f0d6ac2cf9269ae,0.48822665214538574
efd0e17dc1fd5f36,0.5384063720703125
7a97fc0a2c463c03,0.48599040508270264
b333f90a5f6f2572,0.5229777693748474
e28b275e9c0c6751,0.5467739701271057
059c6bbe40104dcd,0.5294170379638672
fc30e1e7f0c7aa3a,0.5196102857589722
75ddb00877059d1d,0.47251567244529724
150848d169e7a253,0.5582987070083618
0f7721d0ec4d39bc,0.5186461210250854
152d08bebc68272e,0.49271291494369507
51916cc0754144b1,0.5352368354797363
ae32f4237e61e47f,0.5002181529998779
ab81b2a26cecb6fe,0.5520700216293335
47629455b6b8d277,0.5136338472366333
3f9ac451f7f46427,0.515688419342041
b310b9003b40e9c5,0.4899750351905823
dbe8f13e956c9b40,0.5158889889717102
c7799a53003878fb,0.44061970710754395
6d36ee0c536ec9eb,0.4810245633125305
149d84f0609d781b,0.5236003994941711
cb8217e9f7a17cca,0.4777262806892395
f25a6f75bdeda727,0.508017361164093
e855abfa27ceb099,0.4649733901023865
eb75a2a98764f80e,0.48926258087158203
0ef24070fc19bebb,0.5249869227409363
28ade5ebdf6a5b15,0.48256003856658936
30875f2cbac9240e,0.4708888530731201
74cac4b69661fd28,0.5274632573127747
327b6ffd6bcfb392,0.4812318682670593
2ccd4132507e6515,0.5466349124908447
531523f434acd124,0.524760365486145
d1dd6a67cf48fa4c,0.5600365996360779
b9e08e8fcf41683a,0.46971917152404785
f9aef881f96c3473,0.500553548336029
dcee80f7d6f9cbab,0.47960788011550903
0d30357b473e9fbe,0.5297636985778809
2652a38dda4c035f,0.3713676333427429
151e739cde565345,0.47382882237434387
238853097a9d592c,0.5233445167541504
34babcd9dd815a22,0.46346503496170044
400ef31ee0271c03,0.4787245988845825
6124541cbee20f49,0.486824095249176
c1d1f1fb717b116c,0.4450061619281769
3f26ebe6f593fb24,0.5004886388778687
17512553ae31e8f8,0.5537257194519043
cbd5cde02e2902d0,0.4765141010284424
4eeda98b448c8b08,0.4913250803947449
b0e731d4b36cee4e,0.5080750584602356
c07cc328acbfca0f,0.5020487308502197
9e95c4043a4e2d87,0.4838714003562927
c48bf45cf108ba68,0.4810025095939636
8d6f2bfb73aa5189,0.47534286975860596
d268278de6be3444,0.4832908511161804
f94960ac7dbe7df1,0.5005842447280884
a68ff666edeeca60,0.5446139574050903
28396406c92cd681,0.5178318023681641
598fa2c0c1faa308,0.5145144462585449
47de5c72aa127eb1,0.39133089780807495
e005a25e94ef96f1,0.5397211313247681
8072660de9590552,0.507664144039154
2feb322b29a6af79,0.49542686343193054
f96903ec63b76316,0.5479207038879395
cd58f7d97000d4fc,0.4406014084815979
ae1f0c7ae2509e4b,0.45702803134918213
9e0f2cbbc66237c9,0.5521536469459534
d7e0de4373688d09,0.5464177131652832
a921d9d122b983e3,0.4397536516189575
fd89738e3cd26bac,0.4949319660663605
11ce79221c1efd04,0.5394260287284851
6cc4be7cc79b8aa4,0.5402945280075073
abfdb7c623c46b4c,0.46154066920280457
afa60039261bf4b6,0.47148263454437256
c26c56f9c76a8c11,0.533582866191864
c11e729cd1ab79d3,0.4627341628074646
b80462cf400a4f24,0.5544506311416626
1566ee86c0c735f0,0.49278485774993896
06428a218ea172a4,0.5020300149917603
4489f8cad1a226d7,0.46887630224227905
57b58a4ca676610e,0.5114738941192627
a9883fd71a2f3039,0.4915963411331177
c7d3901939c709ad,0.5396913290023804
b928f0884a764fad,0.5231528878211975
550db23715e860a6,0.4055194556713104
ad9c482637ef3ebd,0.5651869773864746
0a2ce9cab399008d,0.5442969799041748
85d1775d0ea5d385,0.5227553844451904
8615c6fba3a87413,0.5318943858146667
d9882cd4df4e82ea,0.5460851192474365
f0d67b304dd25808,0.5398721694946289
235c9c88aad45e59,0.514033317565918
34da7447050823ff,0.4900275468826294
c3bb6041e0f72ef8,0.5304396152496338
71a0dc65d7f92a54,0.5697221159934998
3a2ca4ad2144c517,0.5248070955276489
33d0023aac2e5aad,0.5479360818862915
9d260b132bb0b505,0.5078710317611694
7dcec81820232be3,0.49689245223999023
5338840416ccb9a0,0.5169287919998169
5040054275d23e14,0.478244423866272
34134f7890cef2f7,0.5355557203292847
bd8656da1395c2b2,0.42524656653404236
b3833c79b344c6ca,0.41116398572921753
ed1bd4e5eaf4ead0,0.547167956829071
469b66f12be259a3,0.5278626084327698
59c3b20faf06dec0,0.5305936336517334
79d4dc558f56eb5e,0.5010886192321777
81e97fbdb9801cf3,0.5307461023330688
fed11500691c20fb,0.4883456826210022
d0b5c2e5c00a4736,0.5017343759536743
c71ab8ed9924a914,0.5270780324935913
713ec7f42bc974aa,0.5435245037078857
7a728dab297b1d7f,0.4865543246269226
16eef424577e0de4,0.4709469676017761
a822e3eacd7fc7e3,0.44909024238586426
ef10e6384c0023d3,0.48477572202682495
cd9335fe53157154,0.48389238119125366
c006d08a7de70410,0.5164172649383545
18cd192453dc5277,0.47543126344680786
5f0f0362ee5b19d8,0.5161604881286621
a65884b74b308c2c,0.4369467794895172
29b8c148d0638b4c,0.5327273607254028
09234c55bc2a7419,0.4723460078239441
dc86993cb0427de5,0.5440723896026611
e86e28e483b76780,0.45983102917671204
4518c4aec1ccf250,0.49674391746520996
65ec59bf2eaae2f2,0.5337241291999817
3d74efd506dd1b0c,0.5075417757034302
8b9a4872fadc64fe,0.5022925138473511
13287142d05e61d3,0.5379244089126587
71388560755856f2,0.49244755506515503
254d94354d8c65a3,0.4759335219860077
55dad9da4b3ceb50,0.4752129316329956
a66f29df7580f051,0.541817307472229
865eeb5ea1011028,0.48289358615875244
4c0ed154728dd22f,0.5565042495727539
8ccfdfb0f02cf815,0.5448624491691589
a29d0c268dc6a4c8,0.48272761702537537
7c9ccb2a89b77cab,0.5089728832244873
1de8b6d691cd1ae0,0.4842554032802582
d60942046bb4649d,0.5194982886314392
3a7159d832b406a6,0.49656516313552856
c64e6c5898482cd3,0.5020148754119873
3ae862436bd1f192,0.5217204093933105
0260eafa56431d4e,0.44335347414016724
26722d9fab978b6e,0.5022485256195068
39f3c70401e90759,0.5018669962882996
79eb6bc8ecbde141,0.5119945406913757
343c04f745c4b617,0.4961106777191162
370065b035d0a810,0.5155510902404785
f503a940c9b4c261,0.5322111248970032
df0cbad34bec857e,0.4884588420391083
1db530af34822ba1,0.445841908454895
28aa21c9aa925394,0.4664892256259918
6bd1dfb98d7e95d3,0.3671058118343353
0adf202beab07900,0.5242898464202881
97e3f78cd73a8e33,0.5302447080612183
f9dd2ffa7a175af4,0.4691636562347412
e3ffe71ea068aa15,0.5002064108848572
94d89d6ba1c71aae,0.4441448450088501
154d6e2d9817561a,0.4771442413330078
271e8820036570d1,0.5533775687217712
2c4c870b37d42170,0.5284714698791504
2aa8cbd06666a921,0.4842137098312378
c76e8822f218f77c,0.4996500015258789
47b51e28ba0e3ef3,0.5458052158355713
61eda25205da9332,0.5264467000961304
7187578a6918f6fa,0.49932995438575745
962d480203066672,0.47711992263793945
af906e95b881bef8,0.5350611805915833
3dfda6ffe79073ff,0.5379558205604553
8706fb2d6f9f5857,0.481071412563324
18904cf671a7b75e,0.5618354082107544
cd435e05418dc99f,0.4959101676940918
5a5620b98c6b8456,0.5184148550033569
9225ed60cbe890d5,0.49691295623779297
e9cec057ebc91e29,0.47537291049957275
262b9f82ffdfae30,0.48748812079429626
de762a00a3579b73,0.5208879113197327
0db60bbb29484810,0.5482555627822876
03993c4641206f34,0.4761897921562195
e4fda0e90921316c,0.43566662073135376
8328877c1b797adb,0.5110641717910767
a4215c493cc8fd44,0.5050585269927979
d271ac472f41e1a0,0.46488285064697266
50b2b7ae7d942a2b,0.5323687791824341
06a9ed85711c3b69,0.4963345527648926
f906a8aa55fc3807,0.5304650068283081
762ab824f5a5f0bf,0.3998474180698395
b04c80973553078a,0.5676795244216919
c7d879a04254c3ab,0.5312482118606567
048ad64ee00aa922,0.566470742225647
ce64c2f0894aad3b,0.549270749092102
fa5c3d87dfc1557e,0.43583762645721436
58a115f8292f9a45,0.5173609256744385
dd87cf615bfffcdb,0.5310190916061401
6e21d76c41b67ef9,0.5010226964950562
2b6af28d78f857ad,0.5103206634521484
f640cba2cb617e07,0.4900681972503662
0a65022208834d34,0.5307530164718628
a02454e9df614204,0.5251283645629883
743d8b31ffaa13d3,0.4819687008857727
b79aa377c501b132,0.4971815347671509
cf9ad779cc7abec0,0.44294100999832153
d914166c29740953,0.5427367687225342
2a0a0031bcea6a6b,0.5006588697433472
1cf7bade30995989,0.4442458748817444
6ba823536df2bf4e,0.46161335706710815
9f1b158dbb137bb4,0.5209612846374512
34d82e42a1a33f8c,0.5480151176452637
250128b5e5e01fbb,0.48230278491973877
55b2703c0a1c99c5,0.5333361029624939
f4e90b7a7fc0b43a,0.5255421996116638
e1a16509803d2a1b,0.48493170738220215
f69a176649f09a20,0.4949055314064026
81f7ed39ffc741ad,0.5355907082557678
d83e90c44e9d5b63,0.47126415371894836
829375d61846452e,0.45561063289642334
eeeeec17ed5db655,0.4152008295059204
e7522d1af77379a2,0.452830970287323
61f6924433f1f4b5,0.48256322741508484
26ae7a2df9187176,0.4833732843399048
4f2250449952d318,0.5334222912788391
7a2d217aa7d96327,0.4781345725059509
163f878c211c5a55,0.4880232810974121
e8091aab27646d42,0.4849787950515747
612e04202071234b,0.512966513633728
168ec67a19095c9c,0.4849579334259033
dcc671517a498657,0.5282942652702332
0af04535dc978d09,0.48139944672584534
1f22fbe5acbe8803,0.5491100549697876
d39d74baa0a3f26f,0.527988612651825
5a662cbc65b34e03,0.4766938388347626
de351d6d6eb7128e,0.5279824137687683
17692fa23f5ca5ad,0.45779478549957275
cb626158b4fb8117,0.5638676881790161
788c5fd33418ce13,0.48480916023254395
9695449f92ff1178,0.5325790643692017
b06c81be743d4cd1,0.5238423347473145
6d06936e8888cd15,0.5006589293479919
bc78d03c0f4ea7b1,0.4764446020126343
e524e490fe722928,0.4995443522930145
fe68dab9c1f026ba,0.49171894788742065
6171eca24cd1fdc2,0.47099769115448
52cd65a027aba26e,0.5154834985733032
2cffb7a7bf9c519c,0.48646479845046997
742688dc7f2bf5f7,0.4707168638706207
a513d9de00bd978d,0.4906582832336426
52f1d86b7f52eb31,0.5286445617675781
809ccf8aa3e1b573,0.5287760496139526
2b95545a412d5a0d,0.512225866317749
668f72c0eb63df9c,0.4895603060722351
9efb69b21cf749dc,0.5248632431030273
898a9c88fcae7b28,0.5204534530639648
8a0ddbad534ab3ad,0.3786938786506653
ab042a687399d7aa,0.4362967014312744
5a8d84df4ecf97bb,0.4925616383552551
b946e6f93877a217,0.5456447005271912
e33491557c87d6f9,0.5532131195068359
718ff48e9034be7f,0.4702940285205841
b6fc1f8d6131ea24,0.5737223625183105
168acf3c7c738f80,0.4894208312034607
4f331d3d664e9307,0.380268931388855
6e369a1a3bedf234,0.5141745805740356
e0906677c64dfa01,0.5132380723953247
daa10d472d47a49e,0.47845321893692017
003b315394dbee55,0.45436644554138184
0d4e16da97f9da7d,0.5430521368980408
874fc02ee13ceeb4,0.5202407836914062
6ab6e333f035be18,0.5509452819824219
bb83097b18a3f36b,0.5696728229522705
fb975a3f9862196e,0.4989553391933441
e7696dbe3be2df38,0.49747687578201294
cc8690b933d325fc,0.50385582447052
4c3e7bda52e741cc,0.5002016425132751
565425d7b1578538,0.5371608734130859
0fc076f0c8a84217,0.4630669355392456
69c262a1699e8958,0.47680872678756714
ad396d59931cf5e4,0.44291603565216064
eb0b2b90159a0aeb,0.4763088524341583
2316edb12ade80ae,0.502953290939331
a46612bf1c709ed6,0.5477626323699951
eda7a10d9095e734,0.5290398001670837
e5e3e72e9f205589,0.539775013923645
ce453078fee6c5be,0.5142494440078735
972da3be4ce0a247,0.5415253639221191
0ee0709c142cb1ad,0.4717043936252594
78070682cc3b57a8,0.49598169326782227
2a7a6c07b6ada8c6,0.5227745771408081
207b051be5e1ff25,0.4509052336215973
8db7e43af0345e64,0.4804608225822449
eceee75049ce3454,0.4951587915420532
d7a17c2c27fa9655,0.517955482006073
98e06daff9f57232,0.4840554893016815
aaeb99083b52815b,0.4603103995323181
b313621ba6a2bff8,0.5241938829421997
72ecf89ba4888e3b,0.5429845452308655
4bd4b1d6fa8fa079,0.48518189787864685
ea6c01c8fa0725ec,0.5378010272979736
b1f8e566a7e343f6,0.48788022994995117
bb2556c6fdba9f7e,0.47310835123062134
ec1386cc27c1f3fe,0.5178035497665405
e1e9eae1c9478a47,0.5101712942123413
459e0c54cb1ec541,0.4965374171733856
5ffec87a21694d67,0.49032753705978394
029bb0193d506b0c,0.47107404470443726
87d213f5345819ad,0.4835987687110901
57defa83eb9b10f6,0.5107181668281555
1325cbf202275506,0.5724901556968689
61f35cb21258d02d,0.5239354372024536
11bd8901331b65f8,0.4689113199710846
1e5e9821deb8064e,0.5075253248214722
061111b3cabfddce,0.49374544620513916
44cafd88093255c4,0.5213431119918823
f4a2f179d726a7b8,0.49906688928604126
9a3ea4a8d818648f,0.5201374292373657
20e0be01c84d724f,0.37604987621307373
3e35b55a11f3cbd4,0.5313805341720581
9374bc9661aeac40,0.4494682252407074
0045d75cc4707bba,0.5334315299987793
7077129d9c049310,0.5253768563270569
d0e8a57078abfa24,0.527842104434967
5a83767e9f7a756e,0.5568593740463257
321d71e0e59ef8dd,0.4463995099067688
f2c9ce978a5606af,0.4958128333091736
10856ccc9ea1249d,0.47897690534591675
8e20b71962b3b2c3,0.4966249465942383
6111c7115edab74b,0.5608477592468262
0be1f712e59d88fc,0.5299046039581299
7bb5adebcf56ca53,0.5055621862411499
319c325470a91672,0.4878661036491394
f0968aed86f117b2,0.4859459102153778
bb55335a05702a66,0.4796820878982544
ea07921ecfc03361,0.4966590404510498
983c6cef7277fa73,0.48289141058921814
e258b454bd8d8158,0.47868821024894714
930a8db573c196fa,0.5353450775146484
6b87ec3c3b41d544,0.5223593711853027
494135afe6ef466e,0.5129280686378479
8d932b12c74537a7,0.47052663564682007
66b5f29f0a1aea92,0.5457791090011597
5076d25789829cb9,0.4887123703956604
04ce4de5b953ec53,0.47405481338500977
a213e58ecbb5b08d,0.5122689604759216
0f3e9e726897c39d,0.4003407955169678
c7339653eed24903,0.5469630360603333
712324b982f89a8f,0.5702712535858154
5cccc52a1eda5445,0.4879887104034424
693373c557e62b33,0.49484682083129883
9c4297de5d7df618,0.46227729320526123
ab3e9a4d2b9d6bdc,0.5651832818984985
df8c361c771561f5,0.4872201085090637
08cff71993049703,0.4758903980255127
3636fae6c3cba809,0.5189282894134521
717d613bfd2bfcc0,0.4891982674598694
1a3479d9f673e6de,0.47669655084609985
08416583aa403bc9,0.4822351336479187
5c8577a0429e6889,0.5615168809890747
72171497113790df,0.40196388959884644
56ec03fca607fb5d,0.5195479393005371
ce6fa287752359f0,0.5167075991630554
3d95eca697154d04,0.5004449486732483
a9d1c426a863c599,0.49043864011764526
dd975593a45f4906,0.510524570941925
8ffd73c7f42f20b9,0.49871236085891724
851dd8c49977bdad,0.49186909198760986
05e63b79f1be0387,0.5102622509002686
99c56a4233575bd8,0.4341024160385132
08e90939ddd75344,0.46562767028808594
1c7c7735104ec1c9,0.5179119110107422
67298e9037628528,0.5039570331573486
94d9283883539da1,0.5480083227157593
6919fec329f09967,0.5336005687713623
2875bdf57f8caca7,0.5412763953208923
a148ac995a2f5ade,0.5332078337669373
b317e4d1ba100c9c,0.5442796945571899
1ee6549411c5b904,0.42681756615638733
3fd96e64b82ca636,0.4566109776496887
aa978904d80ee43f,0.5700019001960754
0b3329e196bacf80,0.4966539442539215
46088786608df903,0.467806339263916
6438805aefb7edc8,0.5034322142601013
66e84afe295f2cfc,0.505468487739563
81e930896f1e09e4,0.5017925500869751
4dae9a42df274293,0.5258510112762451
e3dcce620a3e96af,0.49706029891967773
4507741fd0bc92f9,0.48670366406440735
e8c32fa94344269e,0.5177385807037354
dba021d13a5bd09b,0.40500807762145996
bd349c4cbc645ab1,0.5043026208877563
d2945273d205e8b5,0.47327107191085815
8f2b5070a02c53f5,0.4955889582633972
5e48b5111b4a8551,0.5143804550170898
d7883c011db426f5,0.5442197322845459
04330e766ea0b0b8,0.46884921193122864
a96584ee80652cd4,0.561996579170227
3591f9e8c77c605f,0.3782947063446045
b744486aeac186bf,0.5378462076187134
71540d51e53af9ed,0.47407007217407227
fc0ed28e98d16a28,0.5320332050323486
586aef6c131bdadf,0.46797406673431396
c4f48f6a0628a1c6,0.4598783850669861
acdcd06fcc503a9d,0.47341078519821167
b2a846398e58fffb,0.4819633364677429
426730f0f2f59652,0.5687068104743958
1198dedf703b65a2,0.5003381967544556
e6112eb599985413,0.5356505513191223
b208d0cefbdda430,0.47041767835617065
a95c3f1c9ce9de9a,0.4891372621059418
19e464e3420554c6,0.5099767446517944
5a68e38308f5a829,0.5215493440628052
7dafdfc0b08a1acc,0.4831899404525757
4b1b93234a8f9fd6,0.4972496032714844
b498e071352362dd,0.5054761171340942
31bd4df7cc244a85,0.4824909567832947
587eb3e145253949,0.4411948621273041
f7e69f8ea84e0126,0.5122277736663818
ed07ce71e8028bbd,0.493156760931015
a6fa322be5d0799b,0.5366359949111938
9d3a96e63d67e7e8,0.47608381509780884
481624558dc9edb8,0.5445287823677063
535b06df0cfac78b,0.5074530243873596
c0c3d57ebf267130,0.4929697513580322
bdf687a5e9a841ca,0.4511486291885376
033cb279647781c5,0.49931657314300537
9a525bdea1133352,0.4933449625968933
3040d7280fc460c0,0.4359999895095825
ad1490100c6c7693,0.5033988356590271
acb5d56e76eb1173,0.529015302658081
7da3000f877419c4,0.5595792531967163
b5fd74acd9b79213,0.548621416091919
2efe4bdfd0357a9f,0.47513628005981445
9dfdeac1d9c60949,0.515934407711029
e27f9574a792324d,0.5323600769042969
1659151a5a6063dc,0.5347557663917542
39925bd96fbe84fb,0.5276049375534058
e65454d332a8b7bc,0.4879610538482666
bc72ed031ef21d97,0.4234822988510132
4b22c386b1677e52,0.47891107201576233
bdc6ba171ef14aac,0.4849740266799927
a859a5968b7796cc,0.4517786502838135
0c0504d1957ecbbb,0.4801003336906433
00ab865e4d03c17b,0.5172065496444702
a6783277611f6ec8,0.5163959264755249
68557d77870bcfbd,0.5020760893821716
2edd18532b5f7b95,0.48809680342674255
41f68499cb84f462,0.4799509346485138
027678226851f9f1,0.4915407598018646
97dc01b72425e749,0.4967438578605652
92f5c5c9e7d7099e,0.5299277305603027
1f288a38822391fe,0.5481162667274475
29c480a1922ca730,0.48446202278137207
ae77bc06fb263bd5,0.4594820737838745
7b9a77bc8617d038,0.5165764093399048
b1b82ddf65e55926,0.5425447225570679
ca8f7bfec2087920,0.5020849704742432
b7c203ebc370fe27,0.5098018050193787
0a07d979b211e086,0.5040394067764282
ac0c2f7bbc036c45,0.5148655772209167
92dcf09df8ac6fd2,0.5418541431427002
1eec0c09f0aec052,0.5288090705871582
349e5d2c0364e317,0.49638116359710693
27f326d84ebb324b,0.5434290170669556
04fe11a9282ba9d4,0.4034149944782257
b01b5a250d7ba365,0.5344175100326538
aec4fdcb77b9fa82,0.5482436418533325
748bb37e91bf6de5,0.46366119384765625
81de5edfd5415f84,0.4822837710380554
9ea501086d25810d,0.5109888315200806
88dd7b9bf7ca3e62,0.5534314513206482
88cdb6bdb23b4937,0.4427981972694397
d3287425854a41dc,0.5330414772033691
4ea1faec67dc5ec9,0.5314005613327026
1c537a57b05e9e95,0.4800722599029541
3f888ef405ba4259,0.3985925614833832
812d46dbdd4cd505,0.5269088745117188
7bddf3a442b27000,0.5526456236839294
cec08eff851c83ff,0.4873509109020233
88f7ec0a037b7bd3,0.518328070640564
b69d400a04716525,0.4653196930885315
26a104aab9415fea,0.5484764575958252
717bbae6919b6878,0.5086877346038818
f5c80d8bdce01ac4,0.5496625900268555
e1933187e8fb510a,0.4897456169128418
1cb443035fbbae45,0.5429329872131348
cf8679f100feba4d,0.4981442987918854
b65b18a48e2cd746,0.5376993417739868
56a5f98acc1b8280,0.5415198802947998
4ad69d49b37ef76b,0.5307791233062744
3c2d0df9533af710,0.5030230283737183
9860cd0b62722355,0.511119544506073
b8168e41dd6de1cf,0.4765925407409668
c7ad8a8f8dcdc7a1,0.5477371215820312
98535fbd900164cb,0.5733189582824707
1f330497db1ab337,0.48454704880714417
18925e5f609b547e,0.5293445587158203
9972db2db973c451,0.4967268705368042
f558542122213268,0.5381835699081421
a271c6c7f4bb6440,0.5423212051391602
c8897b0ab884c3f5,0.48941439390182495
362133abaf2075d5,0.5302746295928955
2638adfe69b5a424,0.4911234974861145
4ee6b08fd113faeb,0.5003506541252136
1ab5aeb4c06f7223,0.47055119276046753
af726c3fea9c2a67,0.5117682218551636
293628640b8c8857,0.4321034550666809
13892193716f1036,0.4561522603034973
086caf96ceb8844e,0.5101706981658936
803da80507e8f9a1,0.45009657740592957
d33f37fb6b0e1ccf,0.4899773597717285
0cda83d31d381dbd,0.5318194031715393
df57c8ead1023570,0.4896102845668793
a65132d494301e5c,0.5151879787445068
0a18e8757a03afb8,0.48807498812675476
b0f1bab2e9bcc0f5,0.5438395738601685
0d114b681109c548,0.4989553689956665
62398e0afc2b079d,0.5291150808334351
22a3df0752ef9260,0.5017112493515015
f2d2d9ad5ea90d36,0.47949618101119995
cb63fd83581f8a25,0.49386072158813477
1eb7a5a7d7ab7f62,0.4702645540237427
c769614eedb5b6b9,0.5076309442520142
45fc6fe84ae480ab,0.49130117893218994
aa4844c2d7736fb6,0.5111852884292603
d82de6dc3d5ee26e,0.48425960540771484
801d248442e0761d,0.4874275326728821
a7ba6414684ddbc4,0.5405292510986328
152359b19de9e351,0.5138142704963684
2a59b55e586bbb71,0.4823884963989258
31862c5763e50e9e,0.48189765214920044
60260ecc9c183f29,0.5156373977661133
17175b9f44fbc6c6,0.5117039680480957
9c4a216cf98dd642,0.5261623859405518
1ae389a644f15aaf,0.5193126797676086
5aefd5caa11dfa51,0.4898078739643097
98ee9b392380c3fd,0.5118372440338135
1cefa2d3ca2deb78,0.48662126064300537
79ff1c51167c8792,0.48310816287994385
81bd43141fc10353,0.39935004711151123
0fb8aea8153e140b,0.5693952441215515
8c26c82b46fd78e4,0.4680086374282837
951d2d406d8c5237,0.49211585521698
d97f6b479039413d,0.3739238977432251
8ca338ce4936c672,0.5010456442832947
89a8bfef12ccbe3d,0.5115529298782349
a87bd7edccae732a,0.4765048921108246
504f5d1725387208,0.5539934635162354
fe16e307a2e5488a,0.5233979225158691
5459155415509a6b,0.4948458969593048
28974815ac3a9d4e,0.5056917071342468
3f517231d13a11c8,0.4712742567062378
686d5164a3e94d81,0.48869600892066956
107127fd668f6044,0.531404972076416
a3051e51eb0f7be6,0.50862717628479
01f4ac4780da77e5,0.5031039118766785
ab4e7e5bd91bdddd,0.4794316291809082
5ba9fc6f86449276,0.4587615132331848
52467532ae8edcec,0.48916661739349365
1163ef6641c3c2af,0.5736602544784546
c2b45356b482067e,0.4947681427001953
363e66e5b6982c1b,0.48780420422554016
02235bde894adf16,0.4369524121284485
4708808966c5f57d,0.4898378252983093
edce37f898ac747c,0.4795314073562622
98871ae9c454175d,0.4439536929130554
d0759c931a47ad5f,0.4818890690803528
06e87c4694a55f86,0.4897874891757965
248a7f37192132a9,0.4742603898048401
c87fa83328a82788,0.5108311176300049
934ddc8b5355fa80,0.48703688383102417
234363b7ac1d2385,0.5754514932632446
bfd1c04dcff2dfda,0.5015279054641724
34564b1eef755273,0.49209684133529663
f7ac138a7885d77d,0.4697381258010864
e8234b2eb8cd934f,0.5240683555603027
e4303d82f39d956c,0.5399947762489319
2645f8c44dbc7156,0.5051852464675903
0ca9ac9caf41838a,0.5469875335693359
eace35b6f91d2503,0.52314293384552
dc853a8496cc7dcc,0.47770053148269653
95afa2978167a198,0.5295966863632202
8b589c71d0ba624c,0.4289364814758301
adeb19995451d65c,0.4909791350364685
04987bf59b2fbdbe,0.5689007043838501
ba936805b993df02,0.543567955493927
236d1a2365249b23,0.4981074333190918
d26a8cecde405fc1,0.4814085364341736
6baf8d2f4b34e88d,0.5031546950340271
77db34ef843d7d4e,0.5455153584480286
818923e1056b0423,0.4871011972427368
cb0d5b01d512e357,0.5514698028564453
ef4ece6f6756c6bf,0.49327144026756287
ef83613dcaa7b917,0.5118590593338013
e60cf5edc8563b91,0.40897291898727417
c140c1244792f23f,0.5204362869262695
27aac9979957ec34,0.5223823189735413
9647c16763504a2f,0.49981653690338135
20ad12691f24d4a9,0.505440354347229
46f13733533a11c5,0.5481683015823364
a228bc5795c2bf9e,0.47789812088012695
84c6a0f8fc51f070,0.518757700920105
d09082dede3788de,0.48071184754371643
5c01c08ae15de268,0.5023733973503113
abc34c79253dde5b,0.5131415128707886
c1176ecd3d95bc99,0.5786036252975464
b6435ceed94828e2,0.3785916864871979
781f7d0c797d06af,0.48661521077156067
b3c4c5d5a3e4af9d,0.5624239444732666
dc2917da43a96523,0.48711228370666504
ceddc689fc447f33,0.5512846112251282
da9f4ec0781d2e21,0.47142934799194336
f553872be547710d,0.4967617988586426
49536f5041c5660b,0.5283083319664001
95b290a39729e11f,0.43423891067504883
5b349eb0b4b88ce7,0.5044335722923279
1bcdf5b20692d6c7,0.4677791893482208
2a7b47cad05349ad,0.538848876953125
a8dd48163ab5e30d,0.40222716331481934
856294456a38a612,0.5266463756561279
11c98ed96bc73e82,0.48370039463043213
0e863beba5722c6d,0.5389438271522522
119263b11442da4a,0.5012311339378357
db4f14704af21ae0,0.47570133209228516
be5d8f37ab37ea53,0.5066592693328857
da0070fa80a34663,0.4826720952987671
66c4f3dab73fa148,0.47567275166511536
39c7d0f90092aa61,0.5186855792999268
c96db374eb3df833,0.5005731582641602
2f9cf634af939e1e,0.509675145149231
4ab25d803bed6dcb,0.5112736225128174
6b7f8e79acfc11f1,0.4881497621536255
a656105d01b3a2e6,0.501746654510498
a082888b631f4276,0.4494076669216156
4c577680210f60b6,0.45635756850242615
e0bc3a1e4464dd40,0.4850683808326721
93b529b0b1a098dc,0.5401185750961304
7922ddfae3cf4b5b,0.533676028251648
932cba7c6f363680,0.5175278186798096
2b5912eef8e19b82,0.509781539440155
24306f7f78a7b6e9,0.5318239331245422
bd6f7bcd5074d271,0.49527209997177124
23cddd2e4ba5cf06,0.5038954019546509
ca01ecaf69032660,0.5254587531089783
c09b7f4847d47927,0.46117883920669556
58aeaecafb9d19e5,0.5216360092163086
2c8fd133508481b1,0.49028700590133667
b437b6b60b3dd72f,0.5378791689872742
f780be0982effd78,0.4812754988670349
3d3a8e7da0f0e6ee,0.49882787466049194
379e496c795cb2a2,0.5021428465843201
ce0a32f1533c5aa4,0.474142462015152
fd7090e461aa48c8,0.5039643049240112
3942cfafe1357f62,0.5060979127883911
63b0624d18e8152e,0.49680835008621216
d4738465d188f23d,0.4412473440170288
b3e924f072a01254,0.4956931471824646
50cd7c4e5af718d9,0.5640637278556824
548d3339f323d65c,0.5119945406913757
f3bf179581fbfd68,0.5452908873558044
2a7e8edd0aa14b63,0.5214440226554871
28626ba12b5e591c,0.5161965489387512
8198592c60889dec,0.5186433792114258
172f83d41476924e,0.4825894832611084
a6a8caf909f6cb81,0.39164674282073975
fa8b102071b463d1,0.5242770910263062
a97a7c0634761826,0.47569650411605835
f01f2e5324fbd139,0.5150802135467529
da85672657c06471,0.4784879684448242
1b21f5dbf0fdc17b,0.49367907643318176
2fb07fe31d865c07,0.4864816665649414
35759797c510a138,0.5373797416687012
541506d042cce37d,0.546111524105072
5446a23d3a2f3f17,0.4775107502937317
e1bcdf7b1f98f4a4,0.4917382001876831
542f72e47d36d7a1,0.48581820726394653
1204eb6e4cb23c4e,0.5033889412879944
3efd5d15afcac5cf,0.5082694888114929
c99c35dcbaf8101e,0.505327045917511
16faa0bf61d1bc1e,0.5208803415298462
83401b041ea4c62d,0.5017743706703186
475003cf91feeb60,0.4402941167354584
5736588c99a333b4,0.49684810638427734
ba49295f0284f448,0.5348808765411377
632c922af6f434e6,0.488322913646698
678b4c8fb8740964,0.41898250579833984
1ce30b9e559d2c36,0.494795560836792
2b8d83892e5d5223,0.5354131460189819
b5d53aa399a68293,0.5050841569900513
f6eb80afe9c73870,0.45561379194259644
8d639c48cc137237,0.4890748858451843
6f18682cd0e013fb,0.5486850738525391
d413166b837618f8,0.48799991607666016
c5e49a2c9e058864,0.49645623564720154
742d0e9602623c10,0.4820697605609894
634824728d41cebb,0.4999372959136963
60d082da9467947e,0.5309410095214844
d501b74eedc25458,0.5165587663650513
c172132572160728,0.5135252475738525
57a58ab3935dd09c,0.5140784978866577
1df6d21fd2312198,0.4661954641342163
5fe06e4cbdb55891,0.5173101425170898
1f1257f5cca10721,0.512185275554657
c02d110f30809fbf,0.4864691495895386
cf8b961625d36bd1,0.4792342185974121
149fdddb8bd9015f,0.5167543888092041
6af3c255f0050555,0.5192726850509644
f184c65ad4adddd7,0.4969620704650879
11de49a6f77fb85a,0.38605618476867676
9f25653cbc892476,0.5007643699645996
25ccc0e7f9c070e3,0.4940747320652008
018b528585b4e9eb,0.47110942006111145
ea176e015698928d,0.5218348503112793
aa1f29cbd7154f22,0.5377318263053894
86727997ce7a1daa,0.4743885397911072
6bc7bc7456a46ef7,0.4766143560409546
820a0f614060083d,0.48258107900619507
06bdcf2bae33a813,0.5018757581710815
dd953a32f7c1044b,0.5088739991188049
9fcde3ee4a8f0172,0.5436540842056274
0f52002e4b66389b,0.5305473804473877
3ca4e81c899cc14a,0.4905892312526703
e79f12ea83dc102d,0.43208637833595276
6ae1ed4658caa7ba,0.4723460078239441
685aa0dfd1d72718,0.5291731357574463
f460f64b40a98c17,0.49397554993629456
0560b1b511c2817e,0.5220644474029541
2c65182a53f75692,0.5210943222045898
eaf84d12cfb78273,0.4935538172721863
e4e3b54e387a3fab,0.5524417757987976
402e944da1d6976d,0.4522426128387451
e260e37f54dd3341,0.5339595079421997
43faaea1fe9d21a7,0.47284212708473206
4ecde200258be4ee,0.5203745365142822
fef275d1c2ad8c77,0.47625696659088135
b655651e8ca25515,0.5596492290496826
b335bf57fa1c148a,0.4984002113342285
ca9243dd3d584c21,0.5125017166137695
2d72557458d1de5f,0.4825513958930969
0136d73d961d547b,0.5585590600967407
cce68fc7688c6831,0.479367733001709
eb9f23b88efb9471,0.5714118480682373
39ab12274b2a6376,0.5144988298416138
e1603ac924066b78,0.48066359758377075
50b8eab99e2f30d8,0.48580485582351685
ae610fcdbdb4983b,0.5000870227813721
f56d0bdf095b16f7,0.5349458456039429
bca320104bcefea8,0.5030227899551392
072564eb10e52b95,0.4836409091949463
cddb654727789f7e,0.5043531656265259
5289c5c7662f144d,0.47125571966171265
f8d13e2402d1a425,0.5007965564727783
93fea68fdfad5a8e,0.5407271385192871
101ad733abf3caee,0.5042725205421448
36e889c7285cdbdc,0.4654667377471924
0613135e975750c2,0.45966020226478577
7a3592229fabc8a1,0.5093123912811279
0a17b25609ba1fa3,0.47434818744659424
b9acf26d35f2d5cd,0.5298286080360413
e6919b129d5284e2,0.5260274410247803
c204fed01731bd84,0.47799164056777954
fa0f204b2b848583,0.46284160017967224
f6a422a46bcadb0c,0.47739237546920776
43920e8a4b3d4b81,0.48312386870384216
8f2621d942876cff,0.5303214192390442
f6ca00a542facc24,0.5207005739212036
21dcc1332c5187b5,0.4123241901397705
b2aa47136cc66373,0.5090553760528564
99d85fd4e22d895f,0.5518019199371338
6c61a4fd5a57c165,0.512036144733429
1b52448d527fd55e,0.5529110431671143
a0e42b2a4318185b,0.5172358751296997
03f45a05c2ebb8ea,0.4439488649368286
b2a531127318f94e,0.5304089784622192
72cc2fa4571b2687,0.5060676336288452
55e8e706e7da265e,0.5694150328636169
6de48ca083d77fa1,0.5143837928771973
2540da213bc3a61d,0.515925407409668
a1b019d792aa8ee2,0.5322803854942322
cebae7dc6cb52538,0.5324214100837708
ed273d3a45415a7f,0.4687901735305786
7eed9ad736fa6364,0.5730828642845154
38ac7e6774a6217e,0.49600401520729065
754c2b22c9aea483,0.4946472644805908
938a8a82d8d52468,0.4935438632965088
86734f2e3959e072,0.49341076612472534
6f0cd38f4dab397a,0.5461688041687012
b1e96492b9adb637,0.48490315675735474
3125649d2b995881,0.4828234016895294
622d90649871855d,0.5415289402008057
d0922d82f6e27cd4,0.3866543769836426
d3a12f26a4bc9aa4,0.548782229423523
316935194baea916,0.49223196506500244
97986a44d3133f14,0.481986939907074
020a66a2a18bae6a,0.5100042819976807
1eece49e0eb6fb12,0.5054090023040771
06339d5c8635c1fb,0.5032812356948853
b12e773d89613b4f,0.5127736330032349
88e0e461cca52159,0.5234599113464355
35469cf7b5cf478b,0.5245656371116638
8eb809c4fbfc194f,0.5014498233795166
7622acec84429439,0.5402326583862305
227987f132bb9958,0.4856402575969696
92c97db01739fe0a,0.5008916854858398
4bf37a3388e4e0fa,0.5322310924530029
e9d4894ec39233c7,0.5259079337120056
ac92010b616c53fc,0.5179685354232788
3e4171602e016758,0.46710678935050964
a7ffcc821e5084e2,0.5208697319030762
7c2b2b2288b6dadc,0.4437880516052246
ecc5eb61f9559448,0.5422855615615845
78221678e17db9ea,0.4053648114204407
8226533ddf22da9b,0.47569501399993896
b7a0284ea059d03a,0.4894283413887024
3f34d54cc548f004,0.5013461112976074
0a17f1235268a711,0.5079689025878906
8b075c5856f12202,0.5371477603912354
5988b9514ab54a99,0.548555850982666
40753aba88f93337,0.4432389736175537
9b7d9cc11c343649,0.568691611289978
3f6cb8ba48abff1b,0.5245446562767029
606dcf96a121beed,0.48321306705474854
56d7ecc352321fba,0.5010613203048706
37315ebbe3758dd9,0.49101072549819946
4cdc502dd10ab412,0.48075127601623535
0f70d8ec03832561,0.5009291172027588
3b4cb4c5da60036d,0.5262758135795593
d1dc0b3d534db24c,0.4880049228668213
7c41a3dd5441d9c0,0.5164968967437744
ad1abd47dd0ec200,0.4845539331436157
a2a4b836ef9924ae,0.41373854875564575
fa23c71f7c32c0c1,0.48820531368255615
d6a091fed5aece69,0.4882305860519409
b75e9bd881afe33b,0.5271778702735901
fcdf6dc220fdcc4c,0.4783746600151062
b29248f14192d075,0.49944937229156494
47b798a4dbc57ea8,0.4873207211494446
72483f752db1ea5c,0.47110217809677124
d31f0b462f9e2810,0.4894979000091553
7e7cfb31ff92f554,0.5136896371841431
9ae134e8af18d9d9,0.4841076731681824
87faef3f8f732491,0.5203122496604919
f1932d3246bc3c5a,0.4918210208415985
144e02dbeb84c26d,0.4486733675003052
1b8bd351006f39a8,0.47488000988960266
d4bea609e5fc77f4,0.38225167989730835
e880134b97fa9cd6,0.48823702335357666
d7183a85dc7ace9c,0.5122832655906677
557b1cbd269f2420,0.48747050762176514
a079ffce5020b75e,0.5038647055625916
da3d1eb3f0b5070b,0.5004849433898926
f0328249c36d5810,0.5170537233352661
906f76bc3852d89f,0.5040882229804993
2f76b088e749deeb,0.4598027467727661
48f50b00d42f6369,0.5344735383987427
51743866f8917d7f,0.5250200033187866
e5781cd031d75ca2,0.48322010040283203
309b00a63ac8d2cb,0.5339893102645874
120ec778f756d624,0.5286524891853333
6a947a1bc9bc91de,0.4751514792442322
cb6fad140633ac4b,0.48806214332580566
890f2aacb9cfe50b,0.4996897578239441
e9339e3e56490f11,0.5395674109458923
de239cc332a69605,0.5027192831039429
4406fcaec33ad753,0.5187193751335144
c72015c511a85268,0.5000581741333008
5bbf1eff92887ae6,0.5185240507125854
1581a63802196a8e,0.4993683099746704
55811a019f3941d0,0.4816822409629822
d4e0c9f81688ce06,0.510782778263092
60b9fa742f39b5eb,0.49919450283050537
73b8009f93ff3416,0.5040737986564636
14c003be04a71f01,0.42313987016677856
00437e8793992156,0.47159457206726074
fe6edbd1bc07a380,0.47288092970848083
1aad717c53afde1e,0.46133217215538025
c1119ff6aea4546d,0.5519134998321533
cc3c8166cdf8579b,0.5034375190734863
f7920e98405d7fee,0.4989161789417267
87c5a73af67b793e,0.4624609351158142
a5529f6c93070e04,0.4931792914867401
90a804e4b327eef7,0.5294561386108398
9cef35ad407c2201,0.44557255506515503
f281bbc2d3c46269,0.5415356755256653
1dca986713e51a96,0.528954267501831
f60ecf5e352a0d9c,0.5337749719619751
499d8d67bca77abf,0.48637962341308594
3b397b9fae3da6e1,0.49990570545196533
eefed530067b5341,0.570772647857666
cff6c314219a0887,0.4804571866989136
c4620be883d99db6,0.49901801347732544
a88ff0b724ad9ae8,0.48180586099624634
a6a699745f522f93,0.4445526599884033
90fde8d8264f4f00,0.48406535387039185
85e3e694280e314f,0.5121681690216064
070c8fc128c3bd8f,0.5031511187553406
b6b4957d3f37139c,0.47947627305984497
3a8d9105d4400fe6,0.5118585228919983
271c87ca6616656d,0.4524935185909271
8ca42772f82c79cc,0.5077002048492432
d06809aeb21f2cbd,0.4960182011127472
d594519cc39c7bdc,0.5462163686752319
dfc0be933abe9d31,0.5143475532531738
3e2c2e23524e8d6e,0.5472149848937988
7d37ae860e1847aa,0.5440869331359863
842fe53ddfa701fb,0.4715440273284912
487cccc08d3e2e69,0.49441421031951904
ea06cd0fdc7ef155,0.537667453289032
86d132882b63327b,0.49273115396499634
539a80c7ad111d23,0.5687716007232666
4f91f8f77b0ce8dd,0.4926154911518097
da30c29531acba51,0.501353919506073
d2cca09510390558,0.44060221314430237
e47dd5f912f8836f,0.49947255849838257
396a2853b7d37508,0.4959717392921448
9b07481e1cff3d8a,0.48302027583122253
055909a5ce6dc5f7,0.47085118293762207
2d45aa7fcea52081,0.5483275055885315
717a231374aeaecd,0.5254120826721191
6f4a8d85771ac3f9,0.48364585638046265
b919a705a7b83683,0.5175577402114868
7bc5f21f872dc887,0.5595099925994873
875d082c9316dba2,0.5281110405921936
bbd541760c542eae,0.39190492033958435
9b25ba16f2f5c6b9,0.5419067144393921
5d960ef94c8da410,0.5340417623519897
2e91f3010f3495d2,0.4518929123878479
2ae341ac583312e3,0.5059347152709961
843cea0ec163a9e8,0.5213286876678467
ae22b02f790c9c0a,0.47145378589630127
acf8dbf7dc31b4f8,0.5215528011322021
910bbd39e36be0ea,0.49154722690582275
171b79c83db52c02,0.5459338426589966
3aee3cbd8a68b847,0.5151090621948242
6b94d9828be7465d,0.4514622092247009
7344ffbc033dba8d,0.5392175912857056
0052a0791461c41b,0.5039330124855042
76a368bd518f19b3,0.5177403092384338
80c42aaeb6071ff9,0.39238572120666504
0b70b6404d9a4ef4,0.5316683053970337
0c45bf2d31914d58,0.4974157214164734
4b4dfd6f2e744496,0.527504563331604
8731d46911f96db3,0.5119717717170715
7e6a0d7f2a5217b7,0.48177623748779297
9a8b7da92d6c91ce,0.5673970580101013
c2beedece1c8aeb3,0.4982175827026367
4c4723893abe4ae0,0.5150704383850098
2fb5f4f9b00582f8,0.48297151923179626
ac46324bd7279b5f,0.5004500150680542
1270c6267e9bdff8,0.5353904962539673
9bf50bfbd82c3b84,0.48112571239471436
aaf2bdc4426cfd24,0.41028672456741333
3fd88c86930ae8ff,0.48273932933807373
8cd53ce5a350bde4,0.47521620988845825
32152c764acd55d8,0.502534806728363
500286e4c30d9815,0.5243498086929321
7adf402f51be9a7a,0.5037896633148193
be81a4f2d9b78227,0.5500760078430176
8e21e1bf783a267d,0.4848535656929016
5288a86ba9679883,0.4897938668727875
bc33a760b8b48e46,0.5041707754135132
fcd2d7c55fcd5bfb,0.5351463556289673
d16206b9f6decff2,0.5119048357009888
6c94e2308c99eea2,0.44963282346725464
2151beff16708e8b,0.39321786165237427
338de5dd765da2ba,0.5298697352409363
4f17e64321c54081,0.48114728927612305
5ef73a22e9010eda,0.5378685593605042
a377ff7bc222b725,0.4966244697570801
6a4f65550ccc18ed,0.5293110013008118
ecea5e997ab5f0c8,0.470282644033432
a4c4295e4acf7f15,0.4925777316093445
bb5caa29bf033e17,0.4821223020553589
29a9dae8d19e7474,0.5115741491317749
6a38d28a48b83623,0.48574042320251465
122a840a4bd3e8d1,0.5112156271934509
e56c74de98554c8c,0.4679020643234253
020c843589f76af1,0.5387305617332458
a47cecc6f49f6389,0.49361175298690796
331a4aaea0d168dd,0.5178369283676147
67728d5666eddba8,0.5079650282859802
e5e6b17a06a8136e,0.48835551738739014
235966293122a63d,0.4992756247520447
947c9027f376f82b,0.46428048610687256
7372ff263ff503ef,0.4816030263900757
3a3d7530862cb696,0.5019680857658386
d8dc29b7ecb8b1f2,0.5094583630561829
32dd175ff94bfa9c,0.5169409513473511
baef9a53bcf71d46,0.4983850121498108
080d85249a35a132,0.4837377071380615
5d6567fbd03d0ed7,0.4838264584541321
514b387e8b9c22a8,0.4868398904800415
e7c07b6a2e221a74,0.5385868549346924
3e3e027f3f422d1f,0.495148241519928
b2e057f4f82bd1d3,0.5183377265930176
f2682767612fbae2,0.45640361309051514
c453ab426a307268,0.48096704483032227
9708725805ec4925,0.5718296766281128
de15ba72a0ab42fc,0.5216451287269592
c0f19477d862fa68,0.44779446721076965
a82809e435bd500d,0.5081807374954224
648400960f1468d1,0.5514870882034302
212e4e6b649087ab,0.4662632346153259
d33fb68f1ea8862b,0.5046558380126953
592ccaa65a189294,0.5083128213882446
afdc567e54f253be,0.5528533458709717
22379a5021433183,0.4977577328681946
dcdd41ee9b0f422c,0.49548405408859253
dc3a1ba6da8116fd,0.5287604331970215
21efd6ceee431ee3,0.47678208351135254
3c8d4f8b9f7bf009,0.5549991130828857
c74b93c9dfa3b2d7,0.500877320766449
2a5d6c5857cf08f8,0.5406835079193115
ff42991af9217dce,0.4958580434322357
fd68b135b4b0adda,0.45412367582321167
fe0adc62270b1c33,0.45120930671691895
4b4951db0296a8f9,0.511782169342041
8672429a49029b86,0.479493111371994
fb1411b14f14c076,0.4656307101249695
b336adb5a1ad05a2,0.4648269712924957
0da61c6e611749f3,0.5178039073944092
c5c0ff8b6a9ba2a0,0.5434744358062744
7db0c24b68563199,0.5144658088684082
db1f6a033f8c937c,0.4707966446876526
e943f71953a4e1b1,0.4915146827697754
5b1cf453ed40ba0c,0.5287764072418213
c661b532d7b20f3c,0.4794635772705078
9f2ecbe1071dea7f,0.48730915784835815
45c0e3cf7785d6e3,0.5112317800521851
a36519e86f7b33b6,0.5091656446456909
d4984cf4b064b250,0.49015888571739197
be685f07128bee66,0.5102213025093079
766d5de96cfbfbbd,0.45372235774993896
316ca5057e90346d,0.521748960018158
f899153884819b21,0.5086158514022827
978a8bdb84489eb6,0.5268245935440063
eebb5880611f5bb2,0.47637033462524414
41af1d4c2331baee,0.4556540846824646
d11a41e122faaeef,0.5220961570739746
43929235652c75a6,0.5308296084403992
cc1fafb652e6b5fb,0.5286184549331665
d487b42467c03e2b,0.5558651685714722
b10e9d9beed0e132,0.5032942295074463
048a050954249ee7,0.5107589364051819
38b4ee081da72678,0.46829113364219666
5eed2226cb2ed0ad,0.4872286915779114
39520c0c98f82134,0.45956718921661377
03494f6834a595b4,0.5460120439529419
fcf16e09e2e9bc38,0.5343979597091675
e8d766ef382289f6,0.4758846163749695
9682ad049a619e14,0.5065457820892334
408c9946801b269c,0.49144619703292847
61a57924afc535bf,0.5282771587371826
8f15f87443dcc6c2,0.48687902092933655
be876e2c3155fd01,0.5192990303039551
5f13d435aa0e97a1,0.49987828731536865
87ea38057ff762d2,0.5024953484535217
2f54925b34f88432,0.5039461255073547
4aa57eb7f590fd85,0.5165144205093384
ae496940467749c5,0.5347228646278381
03c2fc88dd48cd27,0.46770161390304565
3d786b08cb78b66a,0.5147963762283325
bcd58a80d36bcedb,0.5103821158409119
8f209d5701bf6453,0.492634117603302
bbbbaea46ac230f5,0.5282328128814697
6afcdedc93007ca5,0.46328920125961304
44ba1cc5f8d8280f,0.4874301254749298
5c75ad00f01ddddb,0.4993467330932617
41a48437ca699deb,0.4041263461112976
69d2343dd6ba6a15,0.5056758522987366
c7df914a0f112067,0.5288426280021667
3ee97132766717ad,0.5203718543052673
7357554e0095a5a5,0.5161410570144653
97624b5d60c10650,0.47615301609039307
0c4fcd284913ce1f,0.5362561345100403
4c355193eb2b6be2,0.4983939528465271
f3d4c463eb03c65d,0.48188889026641846
2f2a1c9d9ecbff01,0.5526179075241089
3c44b6e3ef57c5ed,0.5017988681793213
32b4b1d88b9846b3,0.5171555280685425
2369a46c6e45613c,0.4852891266345978
cb721f168a86cd86,0.5209357738494873
8d261b19b4f2fdf6,0.48430711030960083
984b10d624423f73,0.378643661737442
fc8f81195d7558dc,0.5346693992614746
ad41c37b7890a748,0.5470013618469238
23c1236b138a0274,0.4713090658187866
247263ab4a01532a,0.5309563875198364
aeca9de3fc988af6,0.49729642271995544
da8433a142d83770,0.511573076248169
3267daf326b7c549,0.5086284279823303
b6e7f92a0881d4ce,0.4882797598838806
191455276b30e730,0.5134708881378174
fd5ddd3f253f1bf5,0.5641978979110718
bfd8b0db03565793,0.5635502338409424
0487859391d7f602,0.41740262508392334
b765d22e8f3036f4,0.47372108697891235
0de540b552c7ea84,0.45009639859199524
ef600e976b57b272,0.4839339256286621
7b8c2956fef9f724,0.44010502099990845
33086735a38ab1e0,0.5089007616043091
a22d74a6edb3112e,0.500600278377533
16d14c0a95842449,0.49986255168914795
bf0d39753cdd4d0b,0.5273228883743286
a9d2736a8fc14b51,0.5023242235183716
c904c44a396ccc64,0.5316401720046997
461c2c103c2dec4e,0.48371422290802
8d939cf2c40f70e0,0.5158788561820984
ce3fe21adb426d36,0.48045623302459717
f3f3d9bb07638fcb,0.539257287979126
571f8e6a81558b1c,0.5039638876914978
9f009842161bf943,0.5490462779998779
4eca29fd737cee11,0.49353548884391785
31671cbc2ce72b6b,0.4574977159500122
afeb7d1ec5431c32,0.45738786458969116
5c390c3bda260fcf,0.5451867580413818
b30be9ed927e6246,0.4595564603805542
977b3d0437fc4839,0.45690131187438965
f2f9341667295679,0.5442975163459778
49a2058951863800,0.5253283977508545
155c7662577d392c,0.5314322113990784
2de3b4df78220049,0.3852517902851105
d7a8868cf34fe28b,0.4981425702571869
26519f321ea7206b,0.5667510628700256
cbdd8cb41f36c61a,0.5644585490226746
8d879a6fd4efb9ee,0.5345978736877441
95eb768585602c8a,0.511836588382721
01df085c09a02f9c,0.38561034202575684
b5ccd418d8e1645e,0.4961245656013489
0de7baddb92f89ce,0.5328530669212341
13c0df6a3b4a9076,0.477319598197937
7b99f2411af4a745,0.5619285702705383
4204d3501234b008,0.47287917137145996
ba2ca82b1876f595,0.5312045812606812
52d2392ccf22b463,0.4905439019203186
da2b3546284b028e,0.531378984451294
29fe4767f36da345,0.49802112579345703
92183f5f57eef36b,0.48738157749176025
f31ceb6996d99c55,0.4820367693901062
230a0ba20ddfbecf,0.5315598249435425
105c8f60c9b0ffd3,0.5143887996673584
a821158b726e19e2,0.5389739274978638
0d05cee785a5dd4b,0.5122888088226318
361bd3bb1306226e,0.4215669333934784
6886cdcdb3c72823,0.5015809535980225
ab75ef9b5ed08c1d,0.5084852576255798
75380376cfdde602,0.500394344329834
236b07d74e8591c3,0.4776853919029236
3149d6fa046a8dd5,0.48820629715919495
ba6f413c575b5160,0.4628656208515167
c817c77ce972b674,0.5111175179481506
3ad216177085f32e,0.4936773180961609
c75d2fcd9f3421a7,0.4988635778427124
27ae7855fd6920a0,0.5057450532913208
62d98d01a8c65248,0.48593127727508545
e9fd7d80eb5f4d06,0.5159892439842224
42520e43ed81c536,0.4858338236808777
9ce82bf2173039ef,0.5162346959114075
c656c68a0ea7aa48,0.5132931470870972
7a38d18b64743d90,0.46278315782546997
6a44d5ec7bd94bd8,0.47285720705986023
4ba3ba344c6f7283,0.4906501770019531
14c0e728d699b100,0.5360927581787109
66b667ccb6d82be4,0.4849404990673065
2a6599521c1f55b8,0.4541700482368469
2e8890eed458414d,0.5034081935882568
db7735ebe91e9f93,0.5088068246841431
ad0302029a70e417,0.5000728368759155
f6afc92286d6b67d,0.462330162525177
028fdb24d9d5e611,0.5231496095657349
9f306f0bf380fc3b,0.4974655210971832
232e130d0be2da77,0.48859143257141113
097c1bc4105bf0d6,0.48267191648483276
3ab1e33d59c5a371,0.497951865196228
5e8d00472ddf27bc,0.48433005809783936
d9266d116cdd7e83,0.5178736448287964
09796ba6a182c9fb,0.4840250015258789
ab66f92c136935a1,0.5073012113571167
285722cc1ee0602d,0.4961242973804474
f337b79905ffdccb,0.5303913950920105
d186994d4aba90aa,0.4975403845310211
10f2819c7d7b4252,0.49128013849258423
c23014fbfdb4378a,0.4998576045036316
6596a0e1b196610a,0.46426087617874146
f1c079c3bc0659fc,0.44845467805862427
3da915cefb5ef2da,0.5477759838104248
fea21015001bf841,0.5259757041931152
d35254dbbc31a197,0.501557469367981
a002cd8e244d2cda,0.5465803742408752
8e182231405f25c6,0.507057785987854
127f66f440fe8046,0.5091603398323059
93cac5f103f6c955,0.5128999352455139
b370f489ebe3bfbd,0.5037251114845276
12d4ebcd8974d43a,0.4583079218864441
ea4d6195a7202db3,0.5060787796974182
0c1af3b94af82b71,0.48907315731048584
4267e18e0ae30861,0.5134662985801697
669801c36ef6fd1a,0.5170480012893677
fe1ca00018c53a51,0.5168709754943848
b2b21b5c0d5c187e,0.5074304938316345
a0da927902751312,0.4939629137516022
075cc25d2a3a9cc9,0.5021418929100037
c345fc8da6d96285,0.47213566303253174
23ba977887e91645,0.45449233055114746
74079472dfc4cbb0,0.4833364188671112
1930ea6f778821e1,0.4835768938064575
62d272405543cf3f,0.5159275531768799
d668fce3142fc056,0.4972994923591614
faa12d8e7adaaac1,0.4932090640068054
be29a0a9d2d17809,0.4580649733543396
c7633b1040940759,0.39624541997909546
1fed142649fc9e34,0.49680018424987793
6483c160ad823b73,0.5251370072364807
9821b86a41a9a3c0,0.522374153137207
c74307de4f259dc2,0.45459628105163574
a71fc67c9a81c59a,0.5383659601211548
6f9b5d48fe4c2118,0.5158542990684509
a1dd949afb1746fc,0.5058972835540771
ae4c9a80b748ff2d,0.5162937045097351
9552847c4edbac90,0.4834645986557007
5987f637ef10416a,0.4834413528442383
d05638e326fa3ad5,0.47924500703811646
ef9555b2747966a2,0.39806509017944336
1d7b6fea15c95e97,0.5056092739105225
93d2858cddaa2e29,0.4786538779735565
7228512a917c2b00,0.5366522073745728
05f41e35387c6237,0.5675464272499084
479ce228e38090a4,0.4805210828781128
aaff330cd40e42e0,0.5259360074996948
20fd5c0630b426e3,0.49541300535202026
5baf7687fd504407,0.5391644835472107
3f6239c57625a102,0.4663275480270386
173a343ee1cb1d33,0.5317275524139404
43d6f74e3a389de0,0.5316990613937378
4fbc9f3f3e388560,0.5130540132522583
31f985ab519beb42,0.5147155523300171
f335048d032f3da1,0.5344974994659424
ff78038ded6cf7da,0.4824138581752777
ac1dced634fd6fba,0.5071432590484619
e832042658124f5a,0.507482647895813
ea5591f65f869ecc,0.5015223026275635
2a9a2be2e86322b9,0.46080148220062256
35308e090a71a305,0.5111955404281616
a77fa26a10491394,0.5106778144836426
dd6d2c630c3f1aac,0.49993306398391724
d1ca49d85f7275e1,0.5230672955513
f4e3280558ec321d,0.5110193490982056
77ff9dc2c7dd168c,0.5446509122848511
1ef8f0233e146456,0.5001848340034485
aba3f79567767105,0.5203952789306641
f2a3b15266c28db7,0.4925391674041748
4e6f3b5a1016a7ae,0.48613327741622925
14fa634fe8fb8d2e,0.4875869154930115
c94a91d3c0b6c847,0.5505585074424744
d658d1540be5464f,0.4955509305000305
183ed005593cd928,0.4856089651584625
f041b3a33106ec67,0.4853702783584595
839c71ae66d7ed23,0.4804055988788605
0101226f9a0fa786,0.5355141758918762
32f83dde451af534,0.4870832860469818
7709593bbe088dc5,0.47149914503097534
3e4f68c26cc92154,0.4838999807834625
db4f5343c1901099,0.5273585915565491
77b83145d106228f,0.550740122795105
160c9c565d6b940d,0.49409693479537964
79212ad721ef9491,0.5425096750259399
c77ef80f0e316c77,0.5036486387252808
a1da221fc9c9e775,0.49799323081970215
f9a023a0d1e671d2,0.45816007256507874
e0ef128c90fc5ab9,0.49022215604782104
7f2bd26f5cc0ff03,0.5350109338760376
9dd8a64919c18533,0.5238648653030396
b760d475e877c348,0.5179886817932129
620466db9401c14e,0.5211753845214844
c97ca260febac5ed,0.5281751155853271
16a15d1423e44d4d,0.5033266544342041
2b823e6c8c82090e,0.500440239906311
c58f7edb0ad584e0,0.48370030522346497
13961904a695027b,0.49038124084472656
086a224e682ead49,0.496620237827301
1f37c4b7d57531e9,0.4995403289794922
94d590a6a199af8d,0.46106046438217163
252f355c2a917a0b,0.45750313997268677
ea5a0d49e5234176,0.487146258354187
7697bb3837e239b4,0.4430227279663086
3f2cbc8e4e24c71c,0.5022921562194824
df9783516fba4f43,0.511309027671814
ad6ceaa6d986c4f5,0.5222278237342834
3fd68f2aff49a860,0.5010178089141846
2f7d588b09c27c46,0.45938393473625183
6ba0835ccf54ef7a,0.5098446011543274
46db65a33e7d37d7,0.4049534201622009
17709d35ecc64fb1,0.5285025835037231
0f97d2ca01b42e55,0.4663223624229431
3c2a4a6662e753ff,0.4942741394042969
eaa0258891d709da,0.48594751954078674
97b7e89bd0e4363e,0.5022058486938477
097fb527592d46a4,0.4953939914703369
aa2780a635ac39e9,0.4946812391281128
1478425896f8771b,0.5013677477836609
af84df6ed8c988ba,0.479492723941803
d699ed2a7ce49d19,0.49245357513427734
3a040498a5b653e8,0.46044081449508667
0ddda8321d72ac79,0.53611820936203
b2b3f67f56dbf955,0.5039572715759277
144d71a720a4b689,0.5026383996009827
256ace8291f1bf6e,0.4842742383480072
6236f772084b02b7,0.4968988001346588
1580b4f42e00582c,0.5260459184646606
5d3c09ef270cf402,0.5023667216300964
d81f931ab5a35a72,0.5368109941482544
6dc22c3a669854df,0.5217549800872803
b6867d462a4d4f4b,0.48648369312286377
89a8c75bba710c5a,0.49910926818847656
c83eb216fbaae844,0.4500963091850281
b035cd3a064cca6e,0.5414531230926514
e927d672d0936114,0.5084444284439087
b1dba2c29c4ed0db,0.5067667365074158
3b0a3e8100f0eebe,0.49499747157096863
165da76169abde0c,0.4974699020385742
9abe9e02d8923a69,0.5051872134208679
cea9dbdbb03b81b5,0.4972325563430786
cb23d4ac03baf9cd,0.4957810640335083
4b7217d9785d1691,0.5285201072692871
21a61a1ce7af1d7f,0.48359620571136475
3fad6e75665afa89,0.47099876403808594
762630799fbe6079,0.5187129974365234
2fdb4059ebf22c5d,0.49173736572265625
b69eb5f0da8be558,0.5482560396194458
fe67a83e502ff2ef,0.4879961907863617
ba05f5fdd8d16f7d,0.5301997065544128
ec438238628a91de,0.4769003987312317
58bca865e606e35b,0.4995713233947754
0cdb9d1bfbf81fa1,0.5040607452392578
e7b9d6efd7763ff2,0.5271995067596436
7df17f72fff7a219,0.5322432518005371
cdaab37adfce6273,0.49136584997177124
f15cdad3f146bc5e,0.4021485447883606
9cbde02b096c03c1,0.47715210914611816
521be7f1bc2e8735,0.4689880609512329
e146592458804be2,0.5146117210388184
5dc12bd3edaafc35,0.5143153071403503
20d3464309ad5f1f,0.5398955345153809
1308c63fb6213338,0.5299210548400879
497467296987c035,0.40207070112228394
5a67e1889c9e575e,0.5346692800521851
2aa09a7254afcd7b,0.5136806964874268
c3d9bd5e9b3f6685,0.5213614702224731
ecfaf04892aa8a53,0.5248507857322693
dd3f8c0ce218db46,0.4671020209789276
5046c6480e4d7dce,0.5035738945007324
93986176ebe2a005,0.5021064281463623
9caabed8462a9126,0.5226644277572632
7495c6df54b02ffd,0.4818320572376251
7f842380d953b099,0.47662967443466187
0c00c2dceeed5caf,0.5124651193618774
2d1e13e6d16f4050,0.5269416570663452
a3fe1293023d2655,0.49167585372924805
21f4c6d087bbe7bf,0.4823543131351471
eba4b25cdefac258,0.5139725208282471
2cbe55cbc28ae5f8,0.5088907480239868
dedd8b65e5618d5f,0.458284854888916
118bdc5b9a553e11,0.5118497610092163
eb1ca5cc618f2e11,0.5501705408096313
85d26179c7819612,0.4825478792190552
726bc9ad2fd3622b,0.48376142978668213
ad6daaa77d6d17b8,0.5053139328956604
590c210e19eb5da1,0.39399605989456177
41d65e25666d063f,0.5018411874771118
e1a2f681c8c279c4,0.42978036403656006
40b372866aa5d84e,0.4811931252479553
e3213b79e082de1f,0.536401629447937
c21a555e2ab8835c,0.46770602464675903
e7a560a251afd3bf,0.4716915488243103
245257d454aa74d3,0.5064964294433594
cf62940a29c7a8ec,0.49050599336624146
76c7afa2a6780ef5,0.5402982234954834
8a7074ebfee1fc93,0.45625680685043335
b0dd81102da849f7,0.5282373428344727
841bb0754e90f910,0.500546395778656
969d046eb062e63f,0.5035334825515747
6d51806feb122c29,0.4803035259246826
41b86291a8f402fe,0.5265021920204163
539d7f460c967d71,0.5001782774925232
f6488c2894bd21c0,0.46304017305374146
334947b0b679bc5a,0.5259933471679688
66a903d94cf5fc79,0.48693594336509705
27ed1ec5ad580d6b,0.5093967318534851
1791590cbdd43dea,0.5282689332962036
793448d0ca3f7467,0.48983657360076904
4bad393c9a1c1bc8,0.5213673710823059
d951b83698322b58,0.5085622072219849
121813fb61f59c1b,0.5157225131988525
940b930b132c0689,0.4896090626716614
04637986402cd1bd,0.49783554673194885
12547f0ff8442baf,0.5082738399505615
40813543abee3b41,0.48004066944122314
67b1a99d8af2501a,0.5360825061798096
7b3f21b8118940f8,0.511085033416748
0d63206d5d7aeff9,0.5429842472076416
feba498d6370b518,0.3930250406265259
668501be32f2fb4c,0.4767855405807495
be1b3b603a531b34,0.3982049226760864
c2fefdedaa8737a5,0.5025287866592407
84bffbc204155cbb,0.5302094221115112
c12ad14377ebeb75,0.5046666860580444
6267afb2afc596f0,0.47113174200057983
5c5d882581f5e29c,0.5185668468475342
632965c2e5cf1cc2,0.5540537238121033
5caacd425f2aa7fe,0.4867740273475647
007392c1be183b4c,0.536279559135437
ceb58e51af405cd6,0.4867010712623596
3d2fec2360b50fc1,0.5058205723762512
4329482ed0c3370e,0.492790162563324
70ddbeb3d5e05609,0.5286399126052856
be7884a91f399e4d,0.5081424713134766
a5f72b8a634c4519,0.4954449236392975
0454cc488578f238,0.520053505897522
8a2bc234fd9b1e4d,0.5027804374694824
5078aec80b0ab152,0.5021851658821106
e8d77a659b78faa6,0.5067712664604187
ceda979e9a88d9ec,0.49555858969688416
abbeb8124830846c,0.5077968835830688
fc421ebf8577ff8d,0.49580293893814087
8e8a73cd766fb7f7,0.528714656829834
76229ad441c0e9ee,0.5287810564041138
b28897c0502c9e9d,0.4832867383956909
21eeafe81d67907a,0.5313903093338013
dd98e9980e1db0b7,0.4571346342563629
465582394eee9bcc,0.4867306649684906
58f3e08f4c5d01a4,0.5236959457397461
2df5d32ce4cc9092,0.5032199025154114
2773789aac0b6625,0.4732552766799927
fc0c123f2b78097d,0.5178410410881042
20306be49fdf8f1e,0.5021740794181824
5c7f6b9daa189fbf,0.48251402378082275
7fae1406b5e20fd9,0.5115835070610046
ebafd72c4f59eb7c,0.5106831789016724
64ec826073107e90,0.5132236480712891
7c1cc98f2f6912e5,0.4948951005935669
392d7bcb097dbb74,0.5043199062347412
69f1ca4b58a7135c,0.4986999034881592
d0f6222963dbacf8,0.5073816776275635
724e989c81162ca5,0.5002552270889282
cd8a48cdc76755ae,0.5196805596351624
afe8247fd7e55722,0.522822380065918
219543ad465e9f27,0.5199601650238037
580ba32476235a4b,0.45000457763671875
5032139c956be74b,0.505340576171875
6182e384d95807c4,0.4906890392303467
3ddcf2522fd09c58,0.4973633289337158
bde7392dda93fd84,0.4354923963546753
0d566fbef398c668,0.4819716215133667
6a5da208a5677391,0.533750057220459
1f002e09f18a0147,0.46987664699554443
dadc45494b111758,0.3932779133319855
6f71b38c26db64a4,0.4886191487312317
604fca1fdbd59720,0.4998294711112976
1c93d6b9b3f235d9,0.5006621479988098
cd1fc81a3670e1e9,0.4822584390640259
abc6731756ab5228,0.4781891107559204
d997355e027c1f70,0.5093562006950378
d6d73d14a6581f74,0.4989002048969269
71fa719d81d4fb83,0.5383633971214294
7afd8c3d0d9a0146,0.4570685029029846
6b97559edba2fef5,0.48135048151016235
69589cecbbd189cd,0.5290359258651733
87dbe06714eae9cf,0.4892047643661499
387a9fb6aa4c3ef0,0.5340790748596191
b8bcc1b991bcc87b,0.5388871431350708
015fb8d2e50bb8eb,0.4970230460166931
d7e87f75e43d2572,0.45116493105888367
972a4e527a96030f,0.4781058728694916
fd349595c1edaa3b,0.5238543748855591
a38ae5f14a49c48f,0.4841877222061157
fb0232d9b5576f98,0.5134907364845276
c39d7f56a843bbbf,0.5041466951370239
db0ddfce78887cb4,0.5012983679771423
aa45a83d9c6087fe,0.529194712638855
99850cc600f2d173,0.4586109220981598
139d09cf239eed4e,0.459410697221756
f78ef6b0fc21d394,0.5106798410415649
ed81271b3910fbf2,0.5221114754676819
a63cb163c95ed98c,0.4726399779319763
30d33805a410bb47,0.45689958333969116
3e8fe610e7aae0dc,0.5267932415008545
987ca0ff93722c5b,0.4806549847126007
ca93d08bc9ee729b,0.5351942181587219
b7788ab1e2f62aa1,0.5169476866722107
58f0ef46f426f49c,0.47934964299201965
b0428f1c79309546,0.5120117664337158
8445a249d0ab7b1a,0.4955903887748718
c696952731a9bb34,0.5128166675567627
bf76b5031e4279da,0.5121999979019165
f1feab36b125a1ac,0.4882754683494568
b1c699b06622bcf0,0.4763037860393524
3f3454cf55b3417a,0.5475778579711914
aede53336fdeb668,0.5463019609451294
561cac6e83f51340,0.5023730397224426
46ebae91cdafd717,0.5411800146102905
06df5ee4e9b244a3,0.5272889137268066
c020d8ebc2f03bc6,0.5075371265411377
11acdf5faf59b2e8,0.5059987306594849
73a411d9065f5aae,0.49926894903182983
b26b13237ba730e1,0.4809389114379883
e7bfc94e3baae478,0.5133361220359802
3111ff374983f86e,0.4997508227825165
d716b28245342d47,0.5296381711959839
8eb279f8d3f260bc,0.5264950394630432
250e8e545f02e5af,0.38162001967430115
479400e355cea29c,0.5078905820846558
9c286be1ba58c68c,0.512685239315033
45abede335b133b7,0.4940229654312134
20b283d4c822fc89,0.48225075006484985
73384645b93bd375,0.47718268632888794
ae06e9e8c8aeb670,0.45684146881103516
66eb4f778732015d,0.5229957103729248
ddeb554ad6dedee6,0.5167112350463867
0b9e023f9a7e1242,0.3812163472175598
784eb71481c2d2c9,0.508221447467804
3aae30679bbf2a8e,0.5100628137588501
2cd2faebc993f90e,0.53321373462677
5a045e13cb498a70,0.4645330309867859
990bb8effd88b0b8,0.5081046223640442
487e7cc167f8a92e,0.5007221102714539
88ce266154a351d2,0.5039836764335632
e856daa6bdcfcb65,0.49472343921661377
646b8f92aba1913a,0.5038564205169678
60d29851b6d25dbe,0.40865612030029297
4d4814b7682eb128,0.4843268394470215
d178668e5cb864d5,0.48922279477119446
ba5fd96e71f939f0,0.44476890563964844
7105b87ef1446bf1,0.539530873298645
1a7ab30bd6243682,0.4883020520210266
faff09452b563871,0.4648723304271698
2c20bc531278ad88,0.5135196447372437
ed9e735b7db97bc0,0.4990474581718445
10a3781f75d5e087,0.5103802680969238
16232f569a959112,0.4705114960670471
2bfa686af672563c,0.44879481196403503
002c9fe278350048,0.491937518119812
77fd87ba56dd0dcb,0.5276296734809875
cab77ce18c34c28a,0.508537232875824
68e0ae418275784a,0.5109259486198425
18d2e4fa59b1eb80,0.5065386295318604
7a6a35e28d8b72bd,0.5201320648193359
1fa66494cf9eb4bd,0.534752607345581
f54ab820c62e6166,0.5139617919921875
873e5538b7a3ffd8,0.49330416321754456
0b48b6ac02adeba2,0.4436049163341522
2cf1649d7a217484,0.5359559059143066
218ed013ab06ec5c,0.5273792743682861
7ce5ec18eea310bf,0.5091387629508972
7d1d94325c18403d,0.5081844329833984
c5234d46d457e8cb,0.5061566829681396
de6430fd87a948da,0.4855554699897766
14fc29f5cd48f218,0.5169237852096558
1b58fc663ddfebb8,0.48372846841812134
4e3da9f31c9e651d,0.4968757629394531
67cd83b8be0fb403,0.5181679725646973
b66f54c448d75eba,0.5092991590499878
5ca2ffe3816642a7,0.490742951631546
aa5c2625dfa8e5eb,0.48084837198257446
8b2736150a25113a,0.5372954607009888
2745fd6753b52dec,0.5126795768737793
2ae5a02d91f3ed16,0.4941450357437134
657f879f90206556,0.5135451555252075
57bdc916ac4a087f,0.5001894235610962
b0a7c162187305c1,0.5007701516151428
43fd6f787e6424e6,0.47940903902053833
02a2ba8c93de692a,0.5209802389144897
cc991684007874ca,0.49298131465911865
eb97a0dc4d674963,0.5213119983673096
f20e476d9de9561c,0.4893808960914612
f899ed7e722c7a13,0.5016042590141296
1a9d5af8756dd64b,0.4558483958244324
40a8579ed1f7ff7c,0.4723859429359436
e3bc4b8135977ff7,0.49744921922683716
b45d1fc1a7e2b6c7,0.5109578371047974
ea90bf832e8f3df8,0.5224276781082153
a368394925a3b39d,0.5188437700271606
fef0c7e556f211c6,0.48775190114974976
08fa0d03bc4cdac6,0.5254868268966675
17f8af2fb03be4e2,0.44850632548332214
d6d10d4efaf0512b,0.5169024467468262
32fe8f23ede2a0a6,0.5322704315185547
5d768bb4179bbba3,0.5566021203994751
276804ea89adac8c,0.5186764597892761
4c90b8dfaa61902d,0.49777936935424805
3c0852d703fcf29d,0.5181379318237305
118495f3882a7815,0.5384359359741211
e6349f8d291b9b81,0.5123987793922424
95f31e1b45729c36,0.5055246949195862
0d87bf8fbd863fdb,0.538182258605957
4c8929c263065dfe,0.4925200045108795
750253a814113ea7,0.5366960167884827
d140bb62cb4ec6dd,0.52436363697052
008005f5dc252137,0.3927217125892639
d76ccb80922a752b,0.4941742420196533
4d01077471436f41,0.53047776222229
2a9811b7a1601ec0,0.4109351336956024
1cd12a8bc99faffe,0.5187324285507202
2f5abd06fd51a56c,0.49914127588272095
877cac4fac74d209,0.4800468683242798
bcd07424d9817248,0.48937296867370605
c08c168729bb795e,0.5075942277908325
7a08b86368fa5538,0.49957311153411865
fee678399694075c,0.5259395241737366
042c6288f00ccf2b,0.47923552989959717
8810fa0259adc432,0.5276424884796143
401efa7f102b0e87,0.47092723846435547
833be7782742aa45,0.5021790266036987
9acd3d104aaed81c,0.4924360513687134
400dace888234c55,0.48014533519744873
e6d017be18774507,0.5394153594970703
f92833ab7b428ad3,0.49220091104507446
f40618c6c11e7608,0.544394314289093
3fff4243afef3ca8,0.4760868549346924
e38e2225c931be2c,0.505639374256134
5f066f74baa4e525,0.494948148727417
b6f3176d1010ab3a,0.4824141263961792
0ae43661f8ee403a,0.520898699760437
b8651764172d0f96,0.4945782423019409
b8fc966ee3c88cd4,0.4693354368209839
d92160b1e01f51d0,0.5284534692764282
c025c997a4d3d2f7,0.47971397638320923
1e9bbcf72561aa4d,0.4912598729133606
e00bf07a192fe889,0.44559264183044434
a8554f8e822c860c,0.5053998231887817
613c1230517c9f4a,0.49535760283470154
f1c823a181498f09,0.457537442445755
8310c740a47d8708,0.5102246403694153
042489f2f1fe803d,0.45393937826156616
f2ee6f1f4fe9fbdc,0.5255552530288696
6962c590f4a59dbd,0.5015186071395874
9b3d0d490fb37af5,0.5036150217056274
cd4d5a77e8c3968b,0.5059974193572998
ef9364b924c8219c,0.512523889541626
19accf7dd75aacdb,0.5044886469841003
2d99a169267bba08,0.4731978476047516
8c5b4cb55a437e03,0.510038435459137
e6a368ae2393f1a2,0.5092589855194092
ba025e2df4af6b44,0.48860812187194824
c7d23775ac10f587,0.5051940679550171
b863a682f18192bf,0.49515873193740845
dc59f1c6ad74493f,0.5017995238304138
1c76740d59e20d34,0.5266105532646179
092922d24ccc3652,0.466488778591156
e2cde9bfd42df4ff,0.5138970613479614
81354e61b3ad0e08,0.5176494121551514
48f8f749ab806602,0.4726504683494568
76731f5d1be4e25b,0.5110924243927002
34526621745dc9bc,0.5255084037780762
62d2acd7462e4e16,0.39551669359207153
8b0b73845f5e68ae,0.4556678533554077
63ca2d94fa403e9f,0.5357280373573303
d313bd1ad45c4c0c,0.5289042592048645
a7b5836085e1627d,0.5317150354385376
9f16fd2ed9444277,0.526738166809082
d0e0bd53a4f07d47,0.48740047216415405
8c2bc62c36e07a2a,0.5304900407791138
6e9e38d6237ea242,0.527271032333374
928e9f288ce722f3,0.48863035440444946
a7767ae59ad9c741,0.49666500091552734
23dcf4f6fe8ef970,0.43685781955718994
899f1379c6e03f67,0.47839513421058655
164927f01d4bbbf2,0.523196816444397
ef61edecefe25e03,0.5304120182991028
6dcd98e766c91eb0,0.5208001732826233
499b72752bd95722,0.506804883480072
deda6e4b2052ae34,0.4843418300151825
f8d89aa342390ecc,0.4746084213256836
fd3a1a2dd60f316f,0.5090078115463257
d64ec101a1611916,0.4470064640045166
594b676b9fd8bf43,0.5165393352508545
8cf51ca7baebe97d,0.4827214479446411
b126f6e7ce731660,0.48108577728271484
bbce83a5a773212b,0.5080135464668274
dd8869d2dadc548f,0.5376095771789551
75abe7e64b7bc22a,0.4573413133621216
8c1edf61d68bcad5,0.5332750678062439
32949781b2bbc353,0.5161250233650208
b45618acd2bd684d,0.5037379860877991
4852c24fdcfc33e9,0.48956355452537537
5b1761bf1adaf373,0.5100135207176208
0dd1efff6eeb1510,0.5232101678848267
0348d0ec18977727,0.5086032152175903
60d4632bf50ac0b9,0.3829945921897888
ae0d6c9707f201d2,0.5146682262420654
b85cce407a1c92df,0.4905296564102173
78dd1443c20354b6,0.5105186700820923
5a27d499d689f6b8,0.4875172972679138
e2f4561dc2fb413f,0.47121962904930115
c2df7ee92e2c5869,0.5264399647712708
57b9a399de4322d7,0.5289727449417114
6fc88dde3bc878e7,0.4955679178237915
f96b90571bba4e1d,0.44840139150619507
07c0f5332cd8de50,0.4597448706626892
0084d86aaea70300,0.4502635598182678
3fd49be47275c357,0.44291675090789795
a2389686f8df7404,0.5296847820281982
b4c0a630728bdd69,0.48483580350875854
33e96578b59e1851,0.525632381439209
cb219bc0d879a91b,0.5254698991775513
102cec6fabfee96d,0.4934326708316803
82a4d9f87e35ec23,0.48357900977134705
cc54e9cc00c36226,0.4452441930770874
0d471757f41ca5ba,0.47852805256843567
0511d1d45f962e43,0.47977545857429504
f4a0a8cad8bec2ec,0.4895937442779541
233cbdd72c99de10,0.518052339553833
3f5015eacf500ba7,0.5345581769943237
9abe6c3453906b30,0.5548760294914246
015e33ca1b4597a5,0.386931836605072
b4cba36a4a392057,0.5266596674919128
96f9cce47a36cc5b,0.48170751333236694
fba3ca1fbe0a7266,0.515915036201477
0f71dd7fb604e152,0.524705171585083
af7b003d32958b06,0.5276170969009399
a03ede8d0462645d,0.5061272978782654
42347484f7907a85,0.5379964113235474
bc828f9ccaebc6eb,0.5175228118896484
804b7a8e1e008475,0.5164262056350708
3cdef93c68c66869,0.533801257610321
07723a34682f0466,0.5140484571456909
8a7a44ab4af1b102,0.5172376036643982
5d0b4fec8cf9d288,0.40283679962158203
e3b4db407e798023,0.5171000957489014
a54e9907abfaed68,0.5095338821411133
d4f54e991e6ad1b8,0.5067195892333984
e61345a8b4d1798c,0.5133032202720642
5a74a8854e3d0364,0.5236956477165222
9b840cd8e2772bf4,0.5267865657806396
8cb2327cbd880ebd,0.4654006063938141
b6b248c4da28cda0,0.5138353109359741
a34413c03db2f813,0.5170902013778687
674bcc31bcf59c5f,0.5151211619377136
fbb0d142d31b7575,0.5458909273147583
64eae1140430421b,0.5046295523643494
a7905bd002888ac5,0.5251072645187378
caa30d95eb4f51f5,0.489082396030426
473f62172de6f775,0.5208096504211426
e8f9d957822574f3,0.5095404386520386
4aa386683b2f1c7e,0.5152162909507751
6aecf41be51b7b7d,0.4751119017601013
1a47009ac7b3fa0e,0.4887947142124176
562ced37c11e7896,0.5508294701576233
914623d4ed9afccc,0.4894660711288452
5b8a40d8056dfbae,0.4921567738056183
bfc91c74f5fb6a56,0.5342648029327393
884e860c59bc40ec,0.5109460949897766
cef4ab60c385948c,0.5090737342834473
4d0ef17542b75c65,0.5023570656776428
21fd23aff8b8c10c,0.5248715877532959
99ca0d5745f89c51,0.4578819274902344
b1214130d1249616,0.5144984722137451
fdc912c7f34389c5,0.45832133293151855
c4585683e7af1446,0.49433404207229614
274f97c803ff7fe1,0.49830180406570435
72edbc2e65ee39fa,0.39343342185020447
06f950347190e28d,0.4757680296897888
a7516e0e35c9efa2,0.5131855010986328
013e6d05cbdf50d0,0.5300050973892212
25f9b834a1b42a34,0.5184962749481201
2ec21335a873b59f,0.5466474294662476
d60ef0f24826912d,0.527786910533905
8afa1c925467b476,0.5199902057647705
696dfb2c16705d70,0.5044512152671814
1ad9bcad1bb8bb70,0.49742066860198975
e90eeb3ea658c633,0.5479518175125122
66b65590e008aaad,0.5045378804206848
b623b7e5f2c082c3,0.49849528074264526
2f28f02dd7510546,0.46086493134498596
4c7433b084fda0a8,0.5238041877746582
c7d4baabbae56994,0.49707210063934326
f8bd42f7d0f60939,0.4986366629600525
7c88dde1e77eb69d,0.49344921112060547
fc7e3a97acd86d98,0.5105171203613281
8c5a07461502d25a,0.5252813100814819
7bea3bddbe068828,0.5000935792922974
b0f749dd4190f365,0.491699755191803
8ef0c73919c91a52,0.48991745710372925
0e5ddac7e209292b,0.5112206935882568
9ef5d345e131b25d,0.4569944739341736
7037b9c32d6b97de,0.4964323043823242
74a6946c795e0e69,0.52774977684021
cb43bdc607528663,0.47513067722320557
d96eef487b4edcae,0.5040875673294067
78900a9ea6313a94,0.47463077306747437
efeca29153fdc37d,0.4776833653450012
ce959b730b8c9685,0.43827855587005615
e2eef11b20181965,0.4902941584587097
385089ff72841ed6,0.5082574486732483
37fa61561c869258,0.37574172019958496
557f8971b651f57d,0.5314744710922241
a7be03d1544b8b85,0.44857752323150635
4395f90981641752,0.5297364592552185
42fe191e088fa557,0.4885658621788025
0cd1c4208611faf5,0.512041449546814
b46da07fc2c77995,0.38928961753845215
9c292421bf3da27e,0.5401897430419922
0a7cfa32db0b1b58,0.5217471122741699
35403ac04f40bcc6,0.5368348360061646
d4c68f3800cc47f4,0.4991645812988281
f816e4c4493265ca,0.5202782154083252
8990f476390a6b31,0.47289401292800903
2e0b14580d57a2d4,0.5017940402030945
1d6e4af75f8bbeff,0.505333423614502
fbcfb3f3696ea3d7,0.5194911956787109
6a4a51b46776428b,0.5017755031585693
577e6ab058b0e327,0.5278091430664062
26fa7b84cb0aff87,0.4499533772468567
d0b604e7f711a591,0.5188621878623962
75ef33d5207a8939,0.4367888867855072
d995a1e5d2846886,0.4972344636917114
91d0e6eb30d51b8b,0.4977917969226837
cf100ef4254ab9f5,0.5236045122146606
45929c7f7a47f592,0.49061161279678345
bd253f34ad4120bb,0.5185973644256592
dcc91279743e5db7,0.5194571018218994
744b19ecc2a09bcc,0.5274454355239868
4fad59a00a85ea4c,0.535274863243103
10904f2456d3489b,0.4786626398563385
a1798e10edce59f6,0.5075057148933411
e9f70d1ee22fcc7d,0.5176538825035095
73e4c5628372dd66,0.5077617168426514
ee1d24f28a220705,0.49152082204818726
277be65529a7f612,0.468975692987442
da3cfd8af863a5d5,0.5279085636138916
e77b67a596294f8c,0.5144482851028442
5ce2e6ab3591f90d,0.5483269691467285
1e63880d2cfb9d3d,0.5386652946472168
8b269db6fe15bc91,0.4443229138851166
e19cc289a4d421cf,0.519064724445343
ec5705432f5b733d,0.46089768409729004
0f4716ba351e30c9,0.5098603963851929
17705b81b7a7d1b1,0.47126859426498413
7eae627c38d67d05,0.4966086149215698
89f52669d8e018d1,0.5155339241027832
6743ee1f86d1e14f,0.4890463650226593
ff60e3bd835b8110,0.514440655708313
9b8b4a6564d51bc8,0.52190101146698
4c7c39a18d86aad0,0.4851830005645752
52ada635c86144a3,0.5309136509895325
7c365e859fab86a3,0.46240290999412537
1bda46af5e141763,0.5325639247894287
a50e8a4191677c3b,0.4461219906806946
728db33711ea5011,0.5021500587463379
9f37b2e5d3ec8489,0.5625439286231995
314d6691ad377640,0.4675765633583069
ce9e331acd6d1c69,0.5166606903076172
649bfd923eda6f95,0.5019293427467346
d79949dfe2faad0e,0.4585495889186859
3c49692d4ae88228,0.5364885330200195
2c17586bf552c648,0.5042877197265625
87979dc345037a6a,0.3859120011329651
9f5958b2b3bc9942,0.49499714374542236
50fde8d49eb81900,0.5233907103538513
09415507da24327a,0.4128870666027069
b3536040f344954e,0.4886432886123657
271c8d343fcf07a5,0.5220385789871216
75cc7483039d459c,0.489963173866272
a0a3322e20ac0871,0.52848219871521
bf5e1ce4912ec3f3,0.541229248046875
50ca2ebe6233c597,0.5123682618141174
6e9e6f4d98c4ad8d,0.543732762336731
57ec44efd8370d17,0.49676334857940674
2aafcf48e34fa3ae,0.5189528465270996
37dd17dd200b72b6,0.47849327325820923
8348b2d014882fa3,0.5094057321548462
23c2df2c303a8b34,0.49077463150024414
1427828cf257a59c,0.4459851384162903
92c62f58a996c057,0.5131106376647949
743d64029a5251cf,0.5321178436279297
a876c3638e7677bc,0.4773902893066406
4bf63cc911020b78,0.4672601819038391
2a93b3a6438a42d7,0.4884680509567261
80a2adfef62e42aa,0.5681376457214355
c51d1a170238c2ec,0.5185434818267822
9fa5a26279955b69,0.5192570686340332
43b95a8bdf4dfc3b,0.5291099548339844
3194d6681c162b73,0.5297173261642456
eafee29ddbf70a77,0.5123351812362671
75a548847f3b51ed,0.46319448947906494
2f064038b0895bf1,0.5354370474815369
a082971702b9a1d5,0.4575566053390503
8a8dce6ae7c08d5c,0.5061565637588501
72c6e9d8a4e7503d,0.5160138607025146
9bbc2d063c8bedde,0.47037434577941895
fceb838d7e29ba61,0.37762078642845154
03feabab07ac773b,0.4682469666004181
efd384f3e753d02a,0.534092128276825
b4b006b1e71c3446,0.5243995785713196
44448443a8dd3c6c,0.5050303936004639
29c3df7665df76a9,0.43905073404312134
0fff6eff7263e641,0.47853872179985046
041ff8b1814522a5,0.49776655435562134
e4283909a29d1685,0.5179244875907898
c8e01b044b54ed2c,0.44822943210601807
d8199ec8bdd00023,0.5150375366210938
94df42c7e74f56b6,0.48279428482055664
fc1e64b48af3a67c,0.4914303123950958
9048fbe41e9ec5ad,0.5081671476364136
d0b0e3c5e9d4c478,0.5479130744934082
aa6fae4e51ee60ac,0.5222430229187012
0ddd26f10e2e4759,0.5225682854652405
550ec31cc2ed2a2e,0.44524943828582764
b876e3fe8ba9626e,0.46021026372909546
9d3ceb1d891414b2,0.5038900375366211
4b8528d1018f46d6,0.515987753868103
779e75c2297e5040,0.47598445415496826
d2c300f7b7d29721,0.5146790742874146
affc578ce1f7a193,0.53926682472229
8b73ac1644f6e6f5,0.49455446004867554
b917ee4a4e1ba7d0,0.528721272945404
96c8cf99250da6f0,0.5023293495178223
b46c2b9877d99db6,0.5070223808288574
621eb815b98e3963,0.545910120010376
187d7a8b8ffba584,0.47681736946105957
ca3442586068abf0,0.524425745010376
393ee1b18c618fcf,0.4970775842666626
d2234e607ea2158a,0.47498053312301636
d60fbd3d4826b1f3,0.5028032660484314
a38af74e27faca1f,0.50838303565979
650e3188ab7b0ed2,0.5209835767745972
9d3f34d556a566ca,0.4984804093837738
a6cf0bc87df32bcf,0.5200532674789429
76180503466f8e04,0.5392340421676636
ee77cd2e8c47474b,0.5146629810333252
7bc2ad87e50b4565,0.5201256275177002
cfb6396a0e871bf0,0.53754723072052
c299575729801a36,0.5471584796905518
6ed5fd2e0e0637c7,0.5027140378952026
f187103b6590b013,0.5235195159912109
705f4e4ccd26cebe,0.5141297578811646
56867446cdff2859,0.4444614052772522
aa408fafe68ea603,0.46336066722869873
d13d9dcfb29fbbaa,0.5026710033416748
14a093a4b8bf0412,0.3957984447479248
8062abd866b3cd8c,0.4978335499763489
0c1ac405a134b5e5,0.5346446633338928
229b7efa777d874e,0.49062269926071167
b2d20e0889c3c6b5,0.523919939994812
c511450599d37eb1,0.48304539918899536
23493ec4bc282168,0.5286504626274109
86009a4a66362cc0,0.522254467010498
ccfcc94025641e36,0.4684356451034546
d080c1dd801bbc1b,0.44687220454216003
d706c90ceb5c078c,0.5281186699867249
63c2d5682706b7a1,0.4986015558242798
ae398b70b5fa5cd0,0.5578707456588745
92812f75a737bfbb,0.5618923902511597
aa23702b92aa077a,0.5034689903259277
0de58e7e374363cb,0.5445832014083862
371688545aac1772,0.5064334273338318
8ba7405ab463797a,0.5298137664794922
6dfcf6ca0ef0550e,0.521540105342865
c7d8ef8e3a661893,0.48443785309791565
822b85115e6f8427,0.5314821004867554
75f0e4b139298737,0.4903518259525299
4c0b7153052c77f2,0.5081656575202942
8303973bd9481856,0.4768107235431671
01536924d74b407b,0.5262174010276794
ab1815615c3fb0de,0.3978252708911896
c4bf2ffe54d16184,0.5287356972694397
9762c7b0fc6e8cef,0.4416552484035492
151f9210afcac8ef,0.5012915134429932
599263f22be46b56,0.5082097053527832
c514111440b2d11e,0.5314170122146606
1c1160f4e5d4d689,0.5028012990951538
9a55572010ac0e7a,0.5032780170440674
f1f8ad388357920d,0.43904703855514526
64629911bbb630f2,0.576812744140625
0af5d6c4b025132c,0.5152382850646973
0b5b2f14cde882ea,0.5421072244644165
cdfb3a7efa667112,0.4611969292163849
888f9bb06a29edf5,0.47268542647361755
1073dc5ab668a439,0.5288476943969727
77e1113cd9d4a00b,0.5530275106430054
d971ff6a1c098772,0.5358144044876099
0c0288ad5aa08566,0.4443764090538025
91d29a8a86258525,0.50383460521698
7de9ccfdcb978db7,0.49855464696884155
c5e748e6a32c2989,0.509240984916687
7ac604ad0d23aae4,0.5108110308647156
7aae6d7f141b63eb,0.46831634640693665
3250dff15ad573eb,0.4558892846107483
221c16ff95555e84,0.5283259153366089
634cff310ceb5731,0.5346310138702393
b51bd7daea6a294c,0.4747232496738434
bb79a4ca0f80067d,0.5054833292961121
7f50922245e4e68a,0.44373756647109985
ba3553c6d7ef4715,0.49387308955192566
4f313e6d7395cf8f,0.5139433145523071
8643c78aef458587,0.4628281593322754
c2683c61cb39f1ee,0.5238820910453796
2d501aba051a0bb8,0.5184972882270813
0b10bb917f1d0e69,0.5105235576629639
28190762cbd25071,0.504802942276001
52bde36cc07aafe0,0.4955506920814514
e63291695d69cee6,0.49787455797195435
3b18b63e15ed6ab4,0.48920607566833496
eefa9da380c8985c,0.5028520226478577
9e5bc77d5061ae01,0.5159882307052612
7a6b0a8c36e20bad,0.5312047004699707
f5ffe3350ee7ac99,0.5161049365997314
2be9a20bd5a7836a,0.5193955898284912
e7a82d9455fc5293,0.48866280913352966
66a2fff4312f2a1e,0.49454358220100403
7628e68ad9b1d92b,0.4924249053001404
6fb0433ea017a228,0.5457061529159546
c1def71633f3bacd,0.49939072132110596
38a6fd8d3ecb25bb,0.4298681914806366
6c4ee973f0d30d17,0.5073953866958618
f1eed12af6919f92,0.40515202283859253
35331851d78c7a2a,0.4989641308784485
cd09ec3ad5e68254,0.510108232498169
801941944d7cac73,0.5056048631668091
cbef2bcad9204343,0.5160567760467529
50c3c46971ac515a,0.5091270208358765
9baef4780213cadc,0.4460466206073761
f0b8e4c094287104,0.5252499580383301
755bbbe5ef9a4e33,0.4932807981967926
451c9c6074269bad,0.38452208042144775
b3a8abd462953656,0.49911484122276306
1eb8c7b597e37e58,0.4898865222930908
07c036b36b601ce0,0.521209180355072
238ac3bc4c7d051d,0.514076828956604
430966c87bacf46f,0.5000434517860413
f5289026c8bd14fe,0.48705679178237915
fc70ffcbc9c9c5fe,0.5467509031295776
5cf1cf1822e33aee,0.5531572103500366
b81e2a3b7858f655,0.47603851556777954
f2c83f038bded63c,0.5106406211853027
4cba9f810b235412,0.5133280754089355
0ed0adbfed0fa754,0.5050338506698608
34b23ae29ab90262,0.5250189900398254
d4cedad7cfed32f9,0.45944803953170776
4bb7b92fb25ca304,0.522412896156311
eb9ee5f130840037,0.5484057068824768
809fc94b11bc5a47,0.46633729338645935
072d6e4d8db1d9d0,0.5129609704017639
eebf5d5f4cbf22f8,0.47730085253715515
30b30cfdf279d1e7,0.45942923426628113
d2b0dd26ce71609f,0.498250812292099
4e147840030f9698,0.5125476717948914
7d63ead5e377e997,0.5137786269187927
1c55a7515af9520c,0.4824824333190918
cc0e3af79526f079,0.444240927696228
28a58dbdf384a2c1,0.525128960609436
de78808c17a05330,0.39044418931007385
b0849e3836849c0f,0.3854601979255676
4569cb92031ee733,0.5240157842636108
6239dab8a3dc71c1,0.5129117369651794
023e80ab49288deb,0.48899340629577637
d6daee1b5774077d,0.5281696319580078
a1eeed993e3bf7e3,0.4925432801246643
1dc5b76e9cf9b4dc,0.44360947608947754
1e69f49473e941b8,0.5120322704315186
b404c8b4abb6d246,0.5487329959869385
07ea90a5a285251e,0.4696561098098755
b3415d9b0bdc0d8c,0.5377642512321472
8c305564318f0096,0.5106009244918823
5c7c25c5d4564d35,0.5022399425506592
e0550ea43703b931,0.5046629309654236
a020ce927e12311e,0.49624520540237427
3e518ac4e75191bc,0.41893136501312256
0ee782c42231750a,0.5551673769950867
fc0901d8e59f871a,0.5505300760269165
efd0d4f9f0185454,0.5031198263168335
5fdd12e2a37cc6a5,0.4494917392730713
9db28153c3d019db,0.45686548948287964
955d417f986cb1f8,0.5331666469573975
6b7661f3e45efb91,0.5163707733154297
54f9808df26ec12f,0.5010676383972168
5bd1809430b2cc2d,0.5187004804611206
a5e244e68990cd80,0.4681609869003296
41e72fa8a6615bb1,0.5030692219734192
8d82dbb0bc595d04,0.5243780612945557
f206bc3943fc6458,0.5333213806152344
8ef8fdd027814d77,0.5408090353012085
0ad44c08eb703bb8,0.47010934352874756
bda616bec33d0689,0.5110151767730713
829c2b8d556f85b3,0.5264349579811096
25089cb0875b4b8a,0.5235861539840698
fd30744293aa1c86,0.48008203506469727
4ab6f8cc857e30f2,0.47814491391181946
715bb6c87d10dd18,0.5057892799377441
3add5bdbafa420ed,0.508079469203949
352df8c8c9899a6b,0.5250404477119446
5d97f482d1e5f76b,0.43725576996803284
24075cb844cc5985,0.5109601616859436
3c60a1ffdf7819c8,0.5510446429252625
b867adcf65b40d84,0.4204963147640228
43b5dbf78915f08b,0.5047733187675476
9c9dc8b4782ea95f,0.5322686433792114
e89dd56c1ff3604e,0.49523329734802246
070703633efba27b,0.5023616552352905
d6e49beddce1e1cf,0.4736599922180176
44755d9142c8e209,0.5028387904167175
32ab9acac00c31e1,0.5198208093643188
b51f0cfe1d0c08f5,0.49264785647392273
c2921bf56290e8d2,0.5295529365539551
a4db47a09fc3638e,0.5221434831619263
511cf6a3b42e394c,0.48643600940704346
7b1ec87b99913987,0.5433441400527954
51c0186c374002cd,0.4154779314994812
5b25581f22431ce6,0.5233353972434998
1b25b286bf707b8b,0.4428664445877075
3921abe8c54704c1,0.5144538879394531
468d479941b9d4aa,0.5353447198867798
d090d440f295f70b,0.4874926507472992
894ef54c442e6d08,0.531863272190094
1d6b467cbbea904c,0.5353269577026367
015e221ccef3f471,0.5134850144386292
a8fe78121a4e9eaa,0.502831220626831
7a57e04d20908de4,0.5120539665222168
c0335d3b324281e9,0.47533392906188965
3894d8b086478326,0.5027726888656616
518d95db09c3f26d,0.4989076852798462
103934896208b1dc,0.4779489040374756
b86d69b5f952f91b,0.49394410848617554
81f6a1d4f79cd796,0.5400707125663757
5b46cc473dc79546,0.5004796385765076
726e3d7aa39443ac,0.4812132716178894
a3e51671fe5ef30d,0.4803486466407776
7a0802e2b05cc56e,0.46074727177619934
415842aad1ac7b88,0.4829521179199219
ca177ed486a0e52e,0.5468652248382568
67703888b1697ec7,0.510665774345398
6704e50612946beb,0.5036199688911438
a56e8e9643e3d857,0.5187668800354004
9beef3c7db8a6de0,0.4833727478981018
4c36e9a2f4d6e339,0.5261096954345703
95f7271fe389a571,0.5164832472801208
8cc509fbb4a0caa1,0.5102095603942871
e2a305a3ecfbbc24,0.5189260244369507
cda9f6d05f71464e,0.5377380847930908
14d1bfdcf42ab996,0.5336835384368896
22384e23a9b1692f,0.42927679419517517
d714a8d582af4711,0.5077807903289795
75866da872e83e19,0.4832872748374939
39efc107050dbce8,0.5196998119354248
babdc43695141db9,0.5137154459953308
2229f08b0c5abbfd,0.5207427144050598
19ef8a2557f42daf,0.5198729038238525
09f0947b580f8ff3,0.5227091312408447
7d2f495dd5661089,0.5542766451835632
66f6d94c31908fd5,0.4960334300994873
ed3f60da6e539ecb,0.5085557699203491
671a9d523127f1b0,0.5244661569595337
1b979b38d0cdf0be,0.4985564947128296
4f2f60051d3b37a3,0.5197303295135498
147bbe20be4c7562,0.5130797624588013
60edfb21f9ca9820,0.5172629356384277
dd09a6100c60c4fa,0.5094912648200989
55b3da13df2e2a0d,0.5428417921066284
f822d36456010ae8,0.5380600094795227
6b96eb4a70b83b3b,0.41883572936058044
86aed783ac9fa7d4,0.5160269737243652
9b4f3ad1ffb4a90d,0.4198218286037445
919ec7e0710f0a25,0.4874393343925476
d211cfba109a7880,0.5072382688522339
2af08afe2c108535,0.4779003858566284
492bd2e37ac499a6,0.5377554297447205
6cbda4a56bd02c22,0.5103061199188232
43f8b57efedc66db,0.5596578121185303
c20d14de5a7c9ecd,0.4646994471549988
8968ff46c25e7172,0.44805002212524414
2edcabddd802ed82,0.5082053542137146
fe1809c89391a26e,0.49701374769210815
d1bff3a764f64b4e,0.5269490480422974
94490a29f2e9499a,0.5131258964538574
0207910f845553d3,0.4988786578178406
b39522f34679e06f,0.5200053453445435
e296d8cacf5bd0c6,0.5032439231872559
2a9da016ab1a2493,0.49564871191978455
787d3cca7a19be3b,0.5248193144798279
b26e1dd215dd2c79,0.4312871992588043
2d061683c4767993,0.5042444467544556
00f7c7437cc5117a,0.4713348150253296
7304ce4de402fa96,0.49024468660354614
187ea688063c0171,0.5320250988006592
1c1c22aa199f9aa6,0.5002211928367615
2fd307c8122fb892,0.5369381308555603
8dec94d85e87b8bd,0.4700758755207062
539da5cc25522714,0.49305498600006104
c9b702dee20976e1,0.533679723739624
10d0def0bc827a0f,0.5189163684844971
157f64f9bd6d988d,0.38492363691329956
9e8fe99db741de2d,0.5211004018783569
63d9f880d5b01eab,0.4726073443889618
bbd09008e2360878,0.5247225165367126
8aa62d15c7054252,0.5314009189605713
7fb0de760c7908d6,0.4476114511489868
44108c573e4baeff,0.4631168842315674
aea8c5b9b4e32761,0.5087171792984009
c5fc315d1be87353,0.5099157094955444
ce1dc38695c3b9d3,0.4447289705276489
5b27e732e282150a,0.5221450924873352
f32e9a028a604760,0.5230330228805542
fd3e07b698281255,0.5677187442779541
22c6d3a2c3903d88,0.5055845379829407
63ad78eacc59a9d0,0.5463297367095947
d02ac43268b5ecd6,0.49967896938323975
d0227de402fa70f0,0.5434681177139282
232615e139080075,0.4548584222793579
87b127f94bef1fe7,0.48005789518356323
2f21593a447e3c21,0.4482985734939575
43f7a5a44ec33922,0.38348597288131714
ae06fc3bcbb05483,0.5002130270004272
c9fe3c8e358cf6a8,0.48815828561782837
d2150bbe9df46f70,0.43409019708633423
000d155ba5c006fa,0.5089116096496582
6548492f3e06491c,0.500457763671875
721ccb9f5f342559,0.5253207683563232
19c6dc0095f964aa,0.4985727369785309
4a2d8b3f90fa1f49,0.5252633094787598
a4f2af8e47d68d81,0.42605501413345337
ee40ec626f5124dc,0.4383169412612915
10f5a8224fd60539,0.4482571482658386
9520baa9a3e2d6d5,0.4396283030509949
c5832413b5dfb915,0.4721848964691162
093f794ea64560d7,0.4713612198829651
0bf91f8ad18505cf,0.5059095621109009
9696391aac63bb74,0.5346336364746094
3e428ca75f932174,0.5268676280975342
99d4114113a4934b,0.5269378423690796
bd31dc9b61a24874,0.4945472478866577
abf1c0eeb1e045a4,0.5398026704788208
f56a1a724221f5df,0.47619515657424927
cd475382059e09f2,0.5245361328125
1fb443a0749ac65b,0.4964194893836975
cd9100d017e81631,0.5134316682815552
3f6268c2d8e1cbae,0.5002436637878418
1ea9868ee6c44144,0.5330164432525635
598cf0024b6a6386,0.5203137397766113
a6a767760242c36f,0.4990851879119873
8e0290036fad4dcd,0.46296700835227966
d0a327da9fe2356b,0.537468671798706
8d80a370b8dde478,0.5249340534210205
27eb9c89be9aaf46,0.5113734006881714
de8ab0f7fa07641e,0.5283769369125366
24da22135c67b84c,0.5194076299667358
befd60ee89a61714,0.5134628415107727
87774cb3b52dae16,0.5177372694015503
19509f707cc372fc,0.5189653635025024
d68901c90d04a5e3,0.5036808252334595
fedcc57566937893,0.4931519329547882
fdda9c5b6d3e368d,0.5045929551124573
02bd485fcf745e4c,0.5152198672294617
81fd4eab76b08ade,0.4348357617855072
6a872a369d6e8e24,0.5197964906692505
eb5ebc931db0b975,0.5269104242324829
431d15c13e3b793b,0.5017677545547485
d47c459b31039352,0.5052920579910278
8aa9d06127d1f7e1,0.5189523696899414
2733e661b07d1286,0.5046330690383911
5a7fbfa38b64ac5e,0.4432961642742157
9951d3e3cc81e287,0.4836275577545166
0dc6fcea55c46ea0,0.48625487089157104
64d29c27a9498010,0.4886712431907654
5205a1c321f805ca,0.5144970417022705
4d8cbac60a7be013,0.4661824107170105
abc051ff28851ff4,0.5091431140899658
b8c0e64384e7ee0c,0.5749119520187378
68539abc073a46c8,0.5099819302558899
7e3926fc6d20035a,0.4881454110145569
7f9f559d81527ed5,0.555462121963501
2e60366007c10729,0.46676960587501526
61dbfa1cd33404d1,0.4278453588485718
7a2ebb0f93cc4530,0.5205942392349243
54036712e74ed320,0.48682767152786255
947050ff77597414,0.49317213892936707
c2c0e96860da725f,0.5269956588745117
49234f8f1e18ff50,0.4309130907058716
3d5bf6da270bba7c,0.4956032633781433
e6c2b23e35a71dbb,0.517019510269165
1826a50f217e676b,0.432516872882843
181a8ca7cc512f9b,0.4990554451942444
0a54cb584e164742,0.5224506855010986
cdd5da2b200e323c,0.5270153284072876
ccb7eaccf81d68be,0.5041806697845459
699d4480b4841eef,0.5213513374328613
6c8f57ef0e0fa243,0.48766180872917175
97059478015b956b,0.5249463319778442
07b0170b94bb079d,0.508549690246582
feb0ed0c437aa248,0.524154543876648
523330b00a924a44,0.5371115207672119
3ced485f2431be95,0.5247622728347778
f76730cdfc1771b5,0.5125850439071655
6aaac62d3deba8ab,0.5067976713180542
b1c25524b05e79af,0.5271745920181274
a0c7605c10fd1772,0.37565869092941284
b8eec455f9100e52,0.5469564199447632
47fe5fbf58e60400,0.49395817518234253
ba244d5dd7644691,0.47015225887298584
69a64d8388a7021b,0.48466140031814575
c7964e608a3d3bf6,0.49233484268188477
5949f20cf874ee46,0.4944996237754822
9f0f224b2eed7006,0.47884583473205566
20c39b6c8487ec61,0.5324108600616455
90a4271799795db6,0.37192580103874207
a98053690fb071b3,0.5027828216552734
a25bdeef45d4119d,0.5083828568458557
3bb523f4d5d315d3,0.5429197549819946
41c37309e86b2257,0.42721623182296753
5e71564060f1f0a8,0.5082517266273499
993db957805f9466,0.4969722032546997
592b09b8cbccf68f,0.40772369503974915
54ed7205b93c29ff,0.3673774302005768
9596328ced9ece88,0.4359935522079468
7e3f7dfaddf8eb6d,0.5094708204269409
bbdcf857324ae705,0.5281744003295898
643084e3d4be37b2,0.49638962745666504
aadcf8a234ab1a8a,0.49797242879867554
16602e3ec5f7b788,0.5002596378326416
ab2d8b529ccf7203,0.4909171462059021
2b2e0fac22658b1d,0.5211699604988098
9067bb5e7eec0a7e,0.5338956713676453
a82cf30560008413,0.49076956510543823
58aa682dcf0a100a,0.4887852668762207
c645b13d47d48cc0,0.5234994888305664
5bf30a5fd3b1c1ce,0.537355363368988
aee4578cd4182e74,0.46170473098754883
765be66e90f5e7a7,0.4454355835914612
8a4baa32660385aa,0.521660327911377
f3ee398d3e3b79af,0.5240043997764587
566982018ac57c34,0.43861788511276245
85177d2ffaed7f0d,0.4792225658893585
2ba7d7b126ecc6d6,0.5750390291213989
a4e7d5780fb00356,0.5057520866394043
39f88ade040652bc,0.5091899037361145
895087ed4ac04640,0.47570300102233887
abbda24d74d95a4e,0.48711007833480835
2fb7142d52fc4030,0.5235558152198792
5cd66511a9704d2a,0.507246732711792
912ba252e31147b1,0.5263071060180664
bc5236f2c6cfb836,0.5128724575042725
31acb0f7ab94f2b1,0.5137820243835449
84294e119f1d7c0f,0.5260453224182129
97242dfe4eb0b4e4,0.5199252367019653
2546a3a9b15f0ab7,0.5176864862442017
627a3593e34bed9d,0.4488815367221832
d04776ddc238f577,0.5145266056060791
9138e5e3122e2e8f,0.5313680768013
80d2845bfebadd2e,0.49728190898895264
4339520d190714fb,0.5142146348953247
84ab97cd38783ced,0.5221114158630371
45b271206ca39588,0.5250056982040405
eb0bc759c529154d,0.5237581133842468
4dd722362553b6c1,0.5135467052459717
2a0e996064a89053,0.493968665599823
11548fd4c9ecb165,0.537310004234314
a58588096a869ca2,0.5145922899246216
d502e4f2833f3122,0.4872942864894867
adb5b6df8e361165,0.5080364942550659
ddd5717f7403eea7,0.4827834665775299
4f43d99c24f45a01,0.47786903381347656
a66d280b0371fdd6,0.511439323425293
b3e20ab4e1b23ce5,0.5067678093910217
88ebf3748f76a7c4,0.5213147401809692
9a5e78dde4a6136e,0.5152909755706787
45651e1481e1164d,0.46190816164016724
2a2b3ea17fb8443b,0.5210831165313721
9566dd377acfa76c,0.45978230237960815
a25fd517650d78a7,0.5209022760391235
df53d028f3de30b3,0.5525562763214111
7a4326576d595d98,0.49272793531417847
fc758f2e52d96738,0.4984796345233917
a067a2d8ecba051e,0.4258773922920227
ce7a1df9a8746d70,0.5170571804046631
6defe187a3cc34a7,0.49514830112457275
a1800107fa9c2e2a,0.46824854612350464
0c625c81514a662a,0.5094401836395264
59f90579590ee914,0.5142282247543335
b926672e92e8510d,0.5157088041305542
3600ac1c09b7dfed,0.5129238367080688
fc63ebdb1d1f97ea,0.489096462726593
c047573f987bdc4d,0.4900287091732025
f88f00a828b461a1,0.38282638788223267
543c8adea08d9516,0.5037941932678223
41b194918c7504af,0.53257155418396
c6e1856bafcfee84,0.5180071592330933
05b64cb0e3cb3b7e,0.43668657541275024
8f5f938f4637c613,0.5472391843795776
b806deb2c06f9859,0.4861859083175659
e041c6e0892560da,0.5102481842041016
56343e11c89e3132,0.536292314529419
aa7bcee11ab90481,0.4986242949962616
35f506493416d26b,0.5629613399505615
e81c816a93962c9d,0.5121095180511475
e61cdc622d3d30f3,0.5273048877716064
713913159bd2e32d,0.512880802154541
c9032d081f2a8870,0.5149790048599243
14d2c997c56ee9d0,0.44077232480049133
3cff96b8ba33cd9a,0.49580320715904236
27462bbfef43fb1c,0.5032832026481628
78107ae422f4af64,0.43243011832237244
1e957cbba0131517,0.4867424964904785
7fb3fdc45fe8b630,0.5316513776779175
2091d97cfd72d3ce,0.4537544846534729
2c476f22ea773eda,0.527686595916748
a25e0a0996c286cb,0.5400213003158569
53e67c045140e02a,0.5181198716163635
3639a0451ebe4e42,0.4810420870780945
4f9b4ef99ad1ca50,0.5197725296020508
04fe0fb9d880cd54,0.48661255836486816
08870eb4f4606804,0.5596743822097778
190e83a0bab829ce,0.44886234402656555
ed0a742e24a81192,0.5068559646606445
d4818be30f54e7ea,0.48957401514053345
1a9b786f228ca35b,0.4175211191177368
91428ee4cc3f1137,0.4717486500740051
cf33bd0ce147e2b9,0.37987011671066284
74d0b4528a87431c,0.48923152685165405
42d2799d006c378d,0.4892153739929199
40c03b25868a6227,0.5100986957550049
3fb4fca61af84857,0.5158984661102295
637b41dfebfe2e02,0.4412672519683838
efbbb75dc5ebf906,0.45419031381607056
5af44fbf542b7321,0.5044732093811035
9f60e4d6d95eff9f,0.5033446550369263
4a95760f73b6a406,0.5292527675628662
529fd18329f6ef19,0.5209197998046875
387b6cc1125c750d,0.5060003995895386
26ffd76929a6ffbc,0.48747020959854126
fefe4a9156287cd8,0.5034095048904419
2778e3c082a92517,0.5435510873794556
0d43312ae39384df,0.454244464635849
fda24e88f536ab3c,0.516014575958252
e07dbcc787d4f0cb,0.4959912598133087
0047656cfd3cce69,0.51273113489151
a92bcb3bdb15fa64,0.48455220460891724
c507a302bb81dd96,0.4988875389099121
76f9558bd6e602dc,0.5395556688308716
ba3e3b9e61f21a1e,0.5353565812110901
a7bda7f32070df0c,0.5175796151161194
38b985ce77038ffb,0.48743316531181335
c88d82531561b9b0,0.5555423498153687
ced1edd967ab8682,0.530031681060791
77c366ce05b612b7,0.45003607869148254
ac3214368aa2c034,0.4918919801712036
4298c37acca732c7,0.5115611553192139
e4b67271ec284bd4,0.4900810122489929
2700a4898f67ad28,0.5336266756057739
c2bc53c13ff2b366,0.5063557624816895
d37ae4bf8b4bc737,0.5404391288757324
ca2e0c523de92a2a,0.5005520582199097
22f670b7048949d3,0.5071515440940857
0e38f06619d9bc58,0.4171738624572754
df17908d42ab14f9,0.5214257836341858
07da1b770fa582ca,0.519554853439331
fc80b3faad16cba5,0.4862370491027832
907f2ca8d40ff2ab,0.5211607217788696
d2263e7ce8441b3c,0.4276008605957031
d607d99b212c50b3,0.5038231015205383
bc4a2436b251483b,0.476825475692749
6ff34733c6f40542,0.4566424489021301
c388ee2b94ce03f7,0.5066878199577332
64cfb3186edd0e0e,0.514746904373169
a627ff171479e055,0.4566863775253296
9ddb6be844b7c0b3,0.49445849657058716
11d81a489e20ca1b,0.5221320390701294
16770eee2c54ec20,0.5209379196166992
c035b59bdf914560,0.5175467729568481
64a45318c6b31582,0.5122814178466797
c7667c8967522284,0.5151046514511108
5dd95a2fedbb3662,0.5143140554428101
e5725f0c5cc5180f,0.5033104419708252
eb538ae415bb9e9f,0.5181159973144531
803ad49b12f44e9b,0.42528876662254333
513ece1d7fa82ade,0.5249049663543701
1b9024eedd38209f,0.5280474424362183
d60643b311b0175d,0.5347726345062256
05f1f77d7209e6c5,0.5133225321769714
7aea19eb65117a35,0.5193004608154297
52715cdf8874c957,0.5116817355155945
9948bd17339dd5fd,0.5161370038986206
e755b0fcce304a13,0.4749130606651306
a13fa0ca1c8ee773,0.5265554189682007
56bb95f126c49824,0.5129684209823608
8e8da02081842616,0.5066112279891968
d8b7db714385cb20,0.5335362553596497
50b5f196f049280e,0.5216977596282959
6a9d8aaae978123f,0.5635852813720703
b7d45e481f06d6be,0.48080188035964966
ffce8b06f58bfff3,0.38981324434280396
7175cc23ccc4f911,0.5348190069198608
786ced0c3433f590,0.507872462272644
4ba2618fec0b00c2,0.5323793888092041
2b6fce5a95c74a64,0.539269208908081
027ade51298b86f9,0.4698159098625183
3ee3568bca3ec1e3,0.532841145992279
8748fb63af2f2471,0.49338194727897644
0eca356d9dd7c387,0.49363958835601807
c3e38a0e6956c51a,0.5143216848373413
7e3849938d9848df,0.5094583630561829
3168f7ba0692bf28,0.4361671209335327
05ce26bee7045f89,0.5142252445220947
709ffef96bffae54,0.5366001129150391
957b044bd1f582c4,0.3874712288379669
21dcd78faddda534,0.41946133971214294
28d770fb445d6991,0.508329451084137
baa161d138db6b4e,0.5169895887374878
ebb7e413dff31e75,0.4272351562976837
14598407f229381c,0.4719257354736328
2d6fc055f89f779c,0.49764636158943176
64ee82d29605a057,0.4375538229942322
cd5d4c21f8232f02,0.4783092141151428
e81f491a5ff23d23,0.4876783490180969
03a08ac42d9aa2e4,0.5252215266227722
acdc46b8309c017f,0.4629923701286316
08ba31011281e6e9,0.542685329914093
2785f787b47213cb,0.4884002208709717
826a16a8ba7d0955,0.5164265036582947
7962ec5d2dd94a31,0.5217673778533936
2f4888c81a9f7893,0.538780689239502
53e9231abf3b84df,0.4887998700141907
14293458cc14a982,0.5099096894264221
e886921e30793ecd,0.538024365901947
dcb2d80c9dfcffb0,0.45699700713157654
62f9cda350a68d7e,0.4801592230796814
c744f74f525e600c,0.49592792987823486
c62c5812d714aeef,0.44271528720855713
b3564ac5ef95873d,0.5095821619033813
a8d5f5be8522a3c3,0.4890069365501404
d0d47b9d325e9bd0,0.44164198637008667
28a719cc5251d03d,0.5253821015357971
fbafc956e5754c8f,0.4328097701072693
15532f059894c8ef,0.5277196168899536
618500251d3ed021,0.4539451003074646
29aac0288d8d1684,0.5235878229141235
380a64b041f914d2,0.5128897428512573
7db8facc4039f52a,0.4944063425064087
2df52467203923ae,0.5062419176101685
78d836292d33ced9,0.5623598098754883
dc0c94aba323df17,0.4827696681022644
4ee5d4d5a22eed9e,0.49351078271865845
ae3afd66393427ad,0.5179821252822876
8b9d4203b48c5d70,0.513956606388092
f733580d8e5e98f1,0.5271388292312622
e8db8fe2e251bae8,0.4956856071949005
854ad780ed2f6a94,0.3886401951313019
adc4c159571affb9,0.5419169664382935
1e6cdeffb8b7464b,0.5288125276565552
0f5084296ce611ea,0.38383764028549194
dd327aed5380a1f6,0.521941065788269
0fa5e54118eac0c3,0.5228646993637085
4d2263cf233bf47d,0.5172423124313354
716ab410e61f94e6,0.5094332098960876
26e376a58ae9cf64,0.542395830154419
f30a00be4749265f,0.49531620740890503
afc2b1746156194f,0.4827670454978943
62ce9fa5776dd395,0.5248029232025146
44b296dab610f7f3,0.4935685396194458
72af453b0163c4ba,0.5342249870300293
64538befa81ef3b3,0.5393658876419067
e6f6276964d1a225,0.523070216178894
3a6d239174450033,0.5291714668273926
7e6af1d67c084498,0.4309771955013275
85fae873781da129,0.5354796648025513
60cfb509129a3ad1,0.44441282749176025
acb50988e46940b6,0.5235906839370728
0caa7ed75e62065c,0.5057592391967773
5211d61ead94f2e7,0.5012322068214417
c0466fb44ef5637b,0.5185301303863525
7ea0ff5e6a4eabe3,0.5012558698654175
ee767dcc2a558f41,0.5573599934577942
d1723c42916689dd,0.42104384303092957
5fa1730b8f074ec0,0.5192989110946655
9532d6938b6e46f2,0.5128468871116638
374ae7a73975f954,0.49958980083465576
9d80c060b3d291f6,0.5258951187133789
89b91abdee048a35,0.5543655157089233
5913eb2a207b8847,0.5294144153594971
848e80089a470f0f,0.5115053057670593
855ee9634b0ab571,0.488405704498291
be5b93c9fbcbc5d2,0.4972340762615204
41470c24590d7d9e,0.5342988967895508
b03c6218edc8c983,0.4767080843448639
4bc9fe6b3c0826fd,0.5312039852142334
c328dd1ccd7b1741,0.5008878111839294
7545a1a9f30b1859,0.4298737645149231
d990e4d7e9217723,0.43342816829681396
adfc52e80e1c4eb7,0.5208758115768433
aa582dda8235aa28,0.4988214373588562
da84b1192891d8b5,0.547795295715332
fa329a8c2976f563,0.5131441354751587
c9df0ad4babb4175,0.5240832567214966
c3fe6f58f4721d48,0.49001991748809814
9fdb9fa69269d744,0.4446651339530945
8703155a0ed2f9cf,0.42937171459198
2bb2aad6371f6eb5,0.4826393723487854
3eff57bc0fa4d995,0.48080694675445557
8c9ed202e80b470d,0.5232000350952148
7b990581c55f181e,0.4388226866722107
2c33761059cf8afd,0.5270286798477173
1eb1eb65e4aa372f,0.5192704200744629
3ae146e5af369c7c,0.4715104103088379
4425b4083766fc76,0.5259906053543091
ecb0ee2e1a67a946,0.49090269207954407
696e442eafc6a25d,0.4669249653816223
8452ccb0f259853e,0.5279465913772583
b4c754e074056462,0.5174597501754761
d53662e68f16b332,0.49837279319763184
5a2ab17fbcdcba4a,0.44574880599975586
6312816c2e72e102,0.528030514717102
585e14b18597c4d8,0.49924561381340027
fac8ea644c79a8f3,0.4385283589363098
c20e533b82f731a9,0.5286052823066711
8627bafae66fc1d9,0.5503236651420593
69e469f905a4b084,0.5162686109542847
2ffa835c13b14b51,0.5466961860656738
8a997b7d25bd4368,0.5245093107223511
6c2638062a2e1986,0.48500075936317444
2468c1d7c36b77b4,0.5052524209022522
f3f25cbc6f5a64a7,0.5087097883224487
511dff0729b8e015,0.5326284766197205
3bc8cb70e9633141,0.5208394527435303
99169e7d45e77105,0.5353160500526428
a7a1e61ac984afce,0.5310550928115845
e8b749817a97cf53,0.5161718726158142
bfd750d48cfe8231,0.4921044707298279
ad4181bcb930e0e0,0.5206069946289062
e1add41bc47a9f14,0.4857926368713379
18f8d82582482d05,0.4777292311191559
8f71c61f56eb40eb,0.525952160358429
6488c38b99cad58f,0.46749454736709595
16b3530603c1238f,0.465226411819458
1a164a8f4821debf,0.5351922512054443
640ccce9a061250d,0.502605140209198
92e90f2e59978231,0.4554818570613861
7d5e6ef496cbcda2,0.5305399298667908
f5be3be45c0c51d4,0.5040743350982666
20e997a6c6fe4778,0.5341260433197021
482cc22ab1ca74d8,0.4106495976448059
a43d7c848b0ae8ea,0.4956926107406616
6198adf0e99234dc,0.49901843070983887
a3a348e403b4b249,0.3848010301589966
5f71aa36ad8557ac,0.5358778834342957
41e7064a64e689ac,0.45366013050079346
538a43229902ad46,0.5250229835510254
498dc2d8adbaa00f,0.48067378997802734
d799cf7a4af34971,0.5310653448104858
c2fdf2699ac8a5c1,0.5295119881629944
ea48e288fa220385,0.5357608199119568
e910ed85bb6fdadb,0.5266158580780029
f6b543d79b57bdfc,0.514032244682312
94c403d83370897d,0.3752653896808624
8fc4b2dc414e6d47,0.4845936894416809
cc5237b34c4bc3f1,0.5131124258041382
028df5e949f307bb,0.5193839073181152
fe4cbbaa21958818,0.5191285014152527
0101899500159472,0.5450631380081177
8a73f13b8d8a3472,0.5070476531982422
760721c89e8785d6,0.5069761276245117
6cdfc66d98e6428c,0.5186814069747925
bc33802c03e3170f,0.5128964781761169
4381a1f1f07e9f13,0.5418292284011841
326c1fd66b5486dd,0.4993489980697632
af29bcad863bcc0c,0.4976736307144165
0400e547b8c9944a,0.5547978281974792
18e9efa757603e95,0.4214770197868347
3a36f7ff0c5c5a0e,0.49632728099823
6415a22afdba37f5,0.5016462206840515
4534523b5adf82d8,0.3840574622154236
b386eb0e32308e9e,0.5004281997680664
95ce76f213586509,0.5300635099411011
a2e74bee5f3bb767,0.5152995586395264
744e0475be3a2f92,0.5202673673629761
badcb41ecd2a8e63,0.5266828536987305
6289250a6a3bbce7,0.49470943212509155
5a53cf99c3d8c17b,0.49151769280433655
08783070873b32cb,0.41477644443511963
d4124e310fb50876,0.5274081826210022
febc8a9ae66944c9,0.43008941411972046
271a4a269280dfec,0.458638995885849
9cd03950396523fb,0.4654538035392761
1e9c110d387dc477,0.4980825185775757
bf7834d02f7e1a5f,0.4514978528022766
a661d7c8a48c2f7a,0.4975174069404602
5d2dab0abae55685,0.4939308762550354
c5a95f5dbcfd35c8,0.4855995178222656
26b5b1c60358ee79,0.5352284908294678
7272af856c1d43cb,0.5283346176147461
6f7eb332a0695931,0.49496668577194214
4d160e4cd417159a,0.4763040244579315
ffcbec637baa6241,0.5026192665100098
b08f581d7d23af06,0.5117870569229126
e9bb78a9fb1e5920,0.5049364566802979
11490344f227ce5e,0.5004574060440063
e9dc99625783e34d,0.51600182056427
74cd166a19d08a25,0.5213449001312256
37d2cd0aa757bec1,0.3676649034023285
08d1fb755a7accce,0.4966711103916168
f42753e82e303ec0,0.5397869944572449
f2588b25708ac3b8,0.5001770853996277
b6a3870758826b04,0.5351709127426147
ae47e731c9a4b3bb,0.5018342733383179
102043963e78f22c,0.4907296299934387
2c39794a37fca5ab,0.5107932686805725
fa819dc420bde5c9,0.5544882416725159
684ddb67acb88a42,0.5030526518821716
ee7b9b2207e52324,0.41610610485076904
263ab887aebbd775,0.5186166167259216
0727f4b74959b3de,0.5475560426712036
35ad91e05f5c30fa,0.406279057264328
f7aaf0bf70ea2d05,0.5414187908172607
58ca7ffdaab4181b,0.509067714214325
fc57152e06247d4c,0.5221859216690063
bb1771027f0f53e7,0.5256359577178955
3cbe5771a8b0a9b6,0.5112020969390869
8f175e8196136e5c,0.5205243825912476
3e77a5480359f016,0.45007461309432983
b9469ea432ffbb6d,0.520248532295227
a251ade1e3d12569,0.4897540807723999
a4dc8e4494265829,0.449179470539093
9f033d5e9a884dae,0.5202556848526001
7b9424a587315856,0.5348813533782959
0aabd587c763ecf1,0.5509635210037231
9687d8e1a6c91d46,0.4679826498031616
db11c48041f7c7a0,0.44980767369270325
ff776ff4bab49648,0.46169212460517883
e2918183b3e8213f,0.535863995552063
55d49ab57f516721,0.5285069346427917
38a1d0336f3d2d02,0.5095768570899963
1694c4ff0dc14c04,0.5070134401321411
5e255991b7bb653e,0.5503596067428589
b7fe5ee42fc90bb9,0.5163429975509644
fffc0291c3c20637,0.5370486974716187
2a561d3a7649765b,0.5309387445449829
05ceeb84a557bc9c,0.4579525887966156
6a1c909155dc106d,0.521757185459137
d84dc480401b349c,0.5488786101341248
0ac5082ebf93e4c8,0.4609834551811218
a8cb8e3330e550a5,0.47848379611968994
a824d5dea8b78654,0.4970860779285431
838fded80670ec87,0.5221409797668457
6834b168816a130e,0.5247825384140015
9f08a240ac679302,0.5003609657287598
89b858033367e2fb,0.5245447754859924
f23088105044d887,0.444740891456604
eeb53f34d93cdee5,0.5272799134254456
53abe20e90608846,0.529578447341919
a9a986acf2be904c,0.43081367015838623
a463268acb23f8a0,0.47091737389564514
c6ce9eb46288df0e,0.5291898846626282
b66ed251464fac2a,0.4670237898826599
e67e4b1af0b92541,0.5281505584716797
0f123a44a72fc1c5,0.5402863621711731
1fe6a976b9bb6459,0.5194419026374817
22c6abf51b6761b8,0.5142105221748352
34a93e582f3e8f4e,0.5121122598648071
00b90d57e5451e2a,0.48183339834213257
0e6e0126ed91b7b4,0.38372278213500977
0afd1414176aa7a4,0.5254247188568115
e9fdc4e8ec1012b6,0.48594552278518677
9a6ceff0aa5b8a6d,0.45059913396835327
b15814811954831b,0.5121023654937744
70bead72e9b43777,0.5233917236328125
6d41029c51df6466,0.5233659744262695
56898d31724e854c,0.5245307683944702
e7c7d87ac54071fc,0.3927963972091675
9a63ff85b2c70a2e,0.4810386002063751
1a1767b0419dec85,0.5367136001586914
302eda41e7ea9935,0.5645713210105896
b479b3359d025841,0.5308663845062256
7cd8ac00c9ffb015,0.5341642498970032
44cd59fdad15632a,0.5053911805152893
05c7717d45696e98,0.5018015503883362
54d0892859c79d4e,0.5388487577438354
d969325217499ee9,0.49566078186035156
f5eb544d611bf29b,0.5162277221679688
838541b0cee4456d,0.525131344795227
f8bac0cf82b8e10d,0.5158035755157471
5accb00733339eae,0.5418339967727661
2753ca61bf76d0c6,0.49288037419319153
c2afa5d4e6687dc7,0.5285014510154724
20d0c7957c8611c8,0.5212301015853882
3a6df4bbd0bb6489,0.4729774296283722
9ebfc69783b3e4c9,0.5003921389579773
825177e91123adcb,0.4914424419403076
c60a71e122a3216b,0.4593276381492615
82a75f398fc6078c,0.5326200723648071
b15f14842d2d664a,0.5463661551475525
f20ccaba3dc9cd56,0.520480751991272
c4b5d7d8e88ccdc1,0.5324289202690125
b3e46713bb250464,0.5338585376739502
ec2c136a0ff251b8,0.5147526264190674
c9eca3952c286395,0.49002182483673096
a1764947b029a9fc,0.46617591381073
2abf032a3232a3b2,0.3957117795944214
4166ce31e777d46d,0.4765605926513672
635527fffae65b4e,0.49939942359924316
a36940538bc34820,0.5123072862625122
2131f4f22bc4a7a6,0.4150926172733307
9da286026d6597f9,0.5248100757598877
69d7dc0ad5af817f,0.5088099241256714
cd2fce8886b24056,0.533466100692749
79f565e9a8b2f879,0.5121365189552307
c3ce4fb7c71fc2d8,0.4577605128288269
c9d2be69e8b99b02,0.5257665514945984
7579df938a426910,0.44793713092803955
bdd32bc3fe95f58e,0.5218761563301086
d29aa533c0e4b349,0.5328241586685181
4b837685f107f4c8,0.5388509035110474
c766762d07e93dc7,0.5273319482803345
b2644e23f96fa34a,0.4526742100715637
ac34d1a89950e953,0.525574266910553
f5cd577a7e3acc4c,0.4419545829296112
6f661dd7e3e01fc4,0.5309847593307495
ec4cb747f652f757,0.5308639407157898
adb16dc377eddf5b,0.549643874168396
14aeab10441ac44d,0.47708457708358765
649402a9a0dd64cb,0.5223559141159058
89b2d6d375addec0,0.5431346297264099
bd0389705fa03243,0.49848753213882446
1152eac409b25d63,0.49362850189208984
e2101edd12297cc0,0.46228092908859253
d5e1e7fcf4d2fd7d,0.511163592338562
8d57ba6eab400ee8,0.5329489707946777
e69f99e7c268a862,0.36850568652153015
3c2a6fd8047538ac,0.5007548332214355
ba41d62e02df21ee,0.4680509567260742
5649f77c37efbbaf,0.48884695768356323
7950fc5cb064ef40,0.5191963911056519
b7dc05c36a372c30,0.4528210759162903
56ad20549e4e81cd,0.49294236302375793
518e457e277fbf84,0.4335659444332123
65a3d937ad540e4a,0.41170209646224976
152a30dfad69e7a6,0.4850351810455322
66feda6b61c1462e,0.5642687082290649
392094b4312ec79b,0.5169357061386108
a5ccfd70096b91bd,0.5431815385818481
f0119a56ea6b8227,0.5126808881759644
f11b1fcc4c7a184c,0.4492749869823456
ba072c065041cdc3,0.470974326133728
9257e8bd58e96461,0.43316650390625
d4bd0f95025446d4,0.5160658359527588
7d6e389ee9be462b,0.4101305603981018
20df537d6bf72eb8,0.5401755571365356
2550a81cb5882028,0.464152067899704
33963fe3c34800cd,0.4818757176399231
3fe4b142d6196e2f,0.3911599814891815
d0916d5071eca94f,0.4556282162666321
fe30d9b90be9e75a,0.4692319333553314
67cc5babc715fac1,0.5481611490249634
f088891bd837052b,0.5271133184432983
ab34be531086f2aa,0.537445068359375
ddc341131708a278,0.5372582077980042
fda73db2207d04f6,0.5105899572372437
9829076693837970,0.51065993309021
d67c82654ba2d30f,0.5114303827285767
5ac8cf99170398d0,0.5103539228439331
460026cf9abab432,0.5046917200088501
6de6f056cd6aea7d,0.5202335119247437
ad5a4648f83b2a87,0.499257892370224
08508b5d2df502bd,0.5106757879257202
f66fdfbf98af1d28,0.44890448451042175
050cc1262352fa5f,0.5291037559509277
0350541fb04db871,0.5332640409469604
5ec950f394112123,0.4880388379096985
b33bd42aa62d67b3,0.50871741771698
51c1e60daa5dca48,0.511292040348053
a41e6005c32ccc97,0.4723813533782959
e215bf7c0779c8c1,0.4819212555885315
cb70a6894f68586f,0.5275434255599976
c8cf20af9e0346cf,0.4951317310333252
96279c75da228675,0.5146507024765015
216347f925dec078,0.5345810651779175
ecc8fbc4309fd57f,0.45938754081726074
3ded29d8360700ac,0.5331859588623047
a3f018e19633461a,0.47737985849380493
36c625628fbfb022,0.5072356462478638
2454be017f45f62a,0.5186001062393188
4d9121054c93b653,0.5179376602172852
e8260d6fc026b8d9,0.4781647324562073
16767d3e7abd67a8,0.5209118127822876
d9f8590b75b50091,0.39986974000930786
043e48b05dfa0b81,0.44969645142555237
ba5b156efab73add,0.5828937292098999
07798a182757c1bb,0.49729204177856445
5ebb4b3d2978cb91,0.5042679309844971
f25aa207c9f9cf82,0.46648216247558594
bf1f2ad6dd26bf27,0.5369225144386292
701acf07225c2db3,0.5282561779022217
1079bcd68af31af4,0.5099538564682007
116cf81e964a0a85,0.4345669448375702
fc5698a1c00e82df,0.4460204541683197
24465f417ffff920,0.5150742530822754
cc882f107d2b8486,0.49533775448799133
9ad7f5b0b849a17c,0.5494745969772339
d025864aae97f263,0.5238751769065857
b59a8452d5cc5284,0.517032265663147
2a214b2a498468a3,0.5277613401412964
13e80541c8b41560,0.537615180015564
a7d4f8209c8dd495,0.5172879695892334
dab5147ae9b4f47c,0.5391535758972168
db9757d7dc7d838a,0.36692726612091064
28ed24f83d703b62,0.4525771141052246
c11f4764c158a967,0.49201953411102295
1923a35c2b6534a5,0.5004668235778809
e5f140f03bb9796f,0.5143617391586304
7bba5835c04b026c,0.5281827449798584
e5d639edc7d5fea1,0.5210641026496887
2fa3bc95d27a47f2,0.48179543018341064
af3fa5a80734b5e2,0.505652666091919
c116c5016bb482dd,0.5521563291549683
b4fdc583d12139c3,0.49979132413864136
87df2f98658fd55f,0.5071641206741333
5cd9b60a8269f44f,0.5360032916069031
e3be9340341d4295,0.5242270231246948
7f6df2f52da20412,0.4805716872215271
a85be7b6d894f756,0.4082452952861786
2a81de8539275191,0.47591131925582886
3c5099865a37acab,0.4944399893283844
7b629c37df0d2bcd,0.5346113443374634
b4909c98a757cbef,0.5201598405838013
114c94bbe83fd6c7,0.4433521628379822
8a4677d9689b45d3,0.47276735305786133
dbf58b431f01a79a,0.5331542491912842
fbfe277a2e81af01,0.4985588788986206
9fde0e69de386479,0.4135146141052246
39a211acaf5e834c,0.5414403676986694
a3daae8ec73440ad,0.5495131015777588
a54bcaab90d513cb,0.5267784595489502
7471729220469ee0,0.48093241453170776
6c60fa569810909a,0.5406782627105713
e9561c470f4e0cf0,0.4611292779445648
52b1f687f4932d98,0.520767092704773
332aac819ddc7575,0.5169216394424438
291a2a2ea760d29a,0.5287416577339172
6becd14fe7b32a2b,0.5227236747741699
74aba4c05f5f6dce,0.48646724224090576
824eb38be74ae270,0.47075212001800537
54d3a4bda45d1977,0.3996695876121521
9bdf3238dc31e94c,0.43671852350234985
9e80618db0130bdd,0.51005619764328
8c9fae903f762175,0.5270147323608398
718424d08d544d3e,0.5215058326721191
60a3b7370e9e3a62,0.47239038348197937
820f458d05c340e1,0.5186850428581238
ad7432bcf5423ea0,0.5216151475906372
1c91cbadb9f4f985,0.5036866664886475
92758c4bb004d33e,0.4428079128265381
5c4a1b0b9c565eb3,0.4906613826751709
e8d39739d2bb4f71,0.5342651605606079
84e314bd7ae08ba4,0.49852535128593445
9d0b88c06cae7d40,0.4884098470211029
a5ec5cd7ac8145b2,0.4935547113418579
473cca9c7fc9ebe1,0.487445205450058
65d8f5879f30e333,0.45974767208099365
cdb9f4463bb11ed9,0.46533435583114624
67b59b7d943fccac,0.5333972573280334
badc85f283b74842,0.5084606409072876
8658bc93159d1f2c,0.5003781318664551
ea87bcab54e3dd2b,0.5438318848609924
07672bbd33a2020a,0.4835062026977539
fe8e2535d4eb0db9,0.47191956639289856
2f47ef24721c7c41,0.43811991810798645
2da816d484e271dd,0.49163591861724854
37ee6c1e96f745de,0.46407580375671387
f594ad5ff0f6fe26,0.5189725160598755
3ee1e0c46f28fce6,0.5443055033683777
9561d2f157354585,0.48929062485694885
bbf94f4f3a124d47,0.4838292598724365
0fd6c5d92c971b3f,0.5395267009735107
0c017b47c26ba30a,0.4469515085220337
f153c36403d6109e,0.49996626377105713
dffbb88306e34575,0.4839341342449188
c1161e54ccb84f17,0.4578622579574585
bba6d880185ff226,0.535470724105835
a18c210ae52ea25e,0.45882824063301086
03a60ed618f5201d,0.4645266532897949
261dc9f8f604929d,0.4996621906757355
23eaead1aaf37338,0.5371869206428528
b9c661177239bd29,0.5178105235099792
dfb1b616ea7597be,0.49632421135902405
97c0b2dbe9f95665,0.45890969038009644
6a8a8c8fa7a55aeb,0.47030067443847656
7f50d34f254cd919,0.49185168743133545
fc73f41fe7d701aa,0.4989006519317627
7e56c4a945d23c8d,0.5240100622177124
22b077c1f39b8d4e,0.39102351665496826
bc3ed389a42ac069,0.40979069471359253
be7de8b1fe34fcc4,0.5324486494064331
e887daa2ad62ecca,0.39189910888671875
19484c0291f64f17,0.5271544456481934
05a758d73e2f463e,0.4943881034851074
6d4216576283d817,0.4812188148498535
be96511f3ef46daa,0.4924328923225403
a4d74ecd7c6c12fa,0.5232068300247192
3e1c1762c03fde17,0.5193425416946411
63fcaa27a93b9080,0.5147181749343872
2e3ac01d186cbae0,0.5311112403869629
0d848c38d316b95c,0.4987660050392151
ea409455840d5a96,0.5335643291473389
8b6da2e557d183cd,0.5324969291687012
782f55b95e1e7b82,0.4713396430015564
0a1cc2ff0024c60d,0.5444279909133911
b3aa5c20c46d3d11,0.5404849052429199
69252c787e8d5c1c,0.5078731179237366
9a35bc03e8bda4fd,0.49094367027282715
a238233211c205f2,0.5266064405441284
73f8c100ad8d0ea1,0.5326113700866699
05598897cc496168,0.5475855469703674
deb15f7c9b7ae810,0.44755372405052185
f975a48cfa4d5261,0.5319805145263672
c9a8a676816a12dc,0.527163028717041
05fb8bc34a9a169f,0.5572806596755981
002a2ba6c2a4e21e,0.5294092893600464
8dd044ab5b0a9158,0.4926367402076721
dc236e99d23974e8,0.5122952461242676
5d94cc1bca056fa9,0.5041354894638062
13ea1ce3c38b6815,0.521793007850647
ddcb510358182b05,0.4364023208618164
e8c9ff01979a1be9,0.5291374325752258
b92f47373cbe5cc5,0.5071631073951721
84af43f087940968,0.5004227161407471
abd50f8251bdabf6,0.5165079832077026
457d61d108fd7733,0.5125786066055298
9ce2249b6231952d,0.4715209901332855
d34c71ffc8363341,0.43085139989852905
fad760d4497a7d68,0.4526523947715759
7e1ca2ff35e48420,0.5195277333259583
7ab02a298f1540d4,0.5136843919754028
176d10d5c7f1a98e,0.37549909949302673
ba67c078de3012e2,0.5185980796813965
4f0c5c55acdb5aab,0.4734261631965637
19968ad7c8eff45e,0.5324958562850952
12b73bf04d58bdeb,0.5058550834655762
bf72a6e9c3b3710a,0.49874943494796753
c0b3bda7da0484f9,0.5486652255058289
f59a9cc7e3970b10,0.5466245412826538
7c81ab3aef05b3f3,0.5429445505142212
71f79251f3f25512,0.5354701280593872
691d1b0e6f365f2f,0.5339864492416382
0bbc8e97a0e57c45,0.5785791873931885
ce543f55bfdd17fe,0.4702613353729248
b931550c229cb1da,0.5050652027130127
4939829f893edd3d,0.4280654191970825
f42c92f621d20371,0.5099008083343506
4f12776030d7a642,0.5266708135604858
b80bf9d9b8ea2738,0.5215699672698975
f17d4911fa1c1b19,0.5201137661933899
0e65a9f254f59d1c,0.5060608386993408
4f6955f7e5a0ff55,0.5265891551971436
56667cd9b90f256d,0.5543313026428223
3ee22258c1d5ec31,0.5335072875022888
f1916657cba85eca,0.5172069072723389
174177b5220c8afa,0.5017688870429993
314763924589a9c4,0.46210506558418274
b7ad528fe345d3e5,0.4555348753929138
526e4b0c73483116,0.5357491970062256
00b86589e4a5634c,0.5013746023178101
58114bbcbda26d73,0.5415723919868469
1542cc51b4add17d,0.45600301027297974
f63b0fbb5e67a3b1,0.4639454483985901
6f131ef4e59e037e,0.5206497311592102
926ff105d5dfaa65,0.5289991497993469
5d828fd3f178d40d,0.5469011664390564
6ef4bf2fcf3faf18,0.4923185110092163
46a76b6a2720a48b,0.5496823191642761
2600297baea3605a,0.5203384160995483
adcf68e87b77cbbf,0.3991662263870239
df31dc3c83bffe11,0.483362078666687
f9d3a5e78a9392d3,0.4565589725971222
92c01a797aaf9bfd,0.5071073770523071
bbabac1c9d62185f,0.4217956066131592
7f429cd40c5547a1,0.4939797520637512
2453c82bf16a5285,0.4369945526123047
d6222dfa43605e27,0.47619807720184326
a79fe166c9597d22,0.43191850185394287
cf0ca6c6750a7fcb,0.5164573192596436
e4607edc2d9ee2ae,0.5106537342071533
917cdbb5a8a9b292,0.4910523593425751
e5b613a33ddcd464,0.5136144161224365
d85fa101ef8ddf26,0.5522069931030273
8a16bb0ba6e75f85,0.531622588634491
70be77d0285bec54,0.4540499150753021
ec9e6390ae4f72e5,0.5550894737243652
4927c7a3ea526f1c,0.5443337559700012
c5ab1d488146a3f7,0.4899139404296875
d67da7948a1ddd94,0.473965585231781
70a1b3766f861f3d,0.44392597675323486
8bdbae5b682e04ed,0.5365367531776428
a75c9aa338d124f6,0.5413001775741577
241cd4187ff479f7,0.48036515712738037
98dc5cbd516869f4,0.37168800830841064
aced01724c68d10c,0.535146951675415
77d973d230a9924d,0.5188062787055969
019d6c25348433c5,0.41385406255722046
84e3bf1afa5d6777,0.5339170694351196
72d9c1e2fec6a304,0.5245461463928223
8475587471e7f48c,0.5048280954360962
033b33ce7cc408cd,0.4678123891353607
c63a77609653e73a,0.5145144462585449
f08a7c8824054d1b,0.49701637029647827
12b188e7db19b749,0.5399773120880127
7fd4bde61b861b3f,0.49053430557250977
c02850d58f7572a3,0.386356383562088
77ea13a5257cdf4e,0.5119081735610962
da39df8524ca91a3,0.46760672330856323
8ea59ca09bfb475e,0.5031499266624451
5647547d22d614b6,0.5260350704193115
b849c3119e84f7d6,0.46203064918518066
e86bad6734d3ad22,0.5465186834335327
46226f44a4b35e62,0.536771297454834
f5d97488e5fa06e8,0.49250006675720215
1b73188c83f8161b,0.4930558502674103
f6ca67dc586c27a3,0.5509835481643677
4b0d0e69ff9e1c5c,0.433063805103302
8ada11271a389db9,0.5293897390365601
493fcb8b0ba401da,0.5604308843612671
d4e43c900d02b20c,0.47795265913009644
2625d31e1be525d0,0.5149793028831482
999711ee6fcc6283,0.536852240562439
f290cc216f5fe9ed,0.47762835025787354
7984d6e9c25b84f8,0.45375874638557434
94e3026533763544,0.5079936981201172
f0bb845098727193,0.49177855253219604
cf733377ed0b46f0,0.4895998239517212
f1dacfcb0fdbcb40,0.45935380458831787
2f77022cd3e4e2b8,0.5525309443473816
47fa080bc710c3d7,0.4615318775177002
76c81da94e3cfff1,0.5475010871887207
d49b69c77e692bf5,0.5321521759033203
b33f4cc4158855b6,0.4329501986503601
4cf279e6d74194e5,0.5211108326911926
d0226ca884c3be9a,0.5275077819824219
665e68326601d638,0.5214749574661255
cdd3aeb0e6f8dbad,0.49703139066696167
9cde921167eb8c2c,0.48974156379699707
5a7f62a4353cdbb4,0.5395863056182861
12e5a99acd327b3b,0.5339319705963135
e67d7f25f1ecdb5f,0.5338528156280518
1b5d96f4879ff210,0.5145806074142456
d04366477c213a87,0.45077478885650635
b738a0f57fb3e04d,0.49011093378067017
811390a8ae081839,0.48390746116638184
de82e449241cdb2c,0.520006537437439
c5d336dea54890f9,0.5367143154144287
32c57fc55dd84e96,0.5606540441513062
077ced8b620e2574,0.5452346801757812
dab0509a455bc39e,0.48775237798690796
b3fb51f95291bcbb,0.5254749059677124
168907accc4299bd,0.49492496252059937
b95d09d12acb0342,0.4333460330963135
4b39b20d30203c25,0.5344393253326416
e6e3973d3ecd901b,0.43916070461273193
ffbd1650495ae073,0.5353351831436157
64548cd8a30f9c97,0.47594934701919556
d127816cd1ab898f,0.5381304621696472
1a4c0c50f9504f28,0.46468475461006165
f9198d772ef1c62a,0.43867769837379456
df86eb0d741fd47c,0.4371150732040405
e696d405fcaf15d0,0.4920281767845154
e6477b5d98119b13,0.5137962698936462
c4b7e4882e81f394,0.551575243473053
d1c8a0e18aed7246,0.5447306632995605
da56240aca46ddc3,0.5115408897399902
a55702d65a77c25e,0.5316522717475891
485a43a329ba65a7,0.3939891457557678
70b6f9390aa7da57,0.5490615367889404
61bb9f105bfa3951,0.4652937650680542
979479295c9a06c9,0.4373928904533386
4b72d96bb7880e7d,0.5280561447143555
6cd5a56bdb13ee62,0.44956493377685547
bdb044e5bdbdb36f,0.5190161466598511
23e6800ec795122c,0.4843638241291046
d497ca069ae497a9,0.5462089776992798
74fadbfebb9631ba,0.4962548017501831
ca706afa0e2e945d,0.4505124092102051
24c0f7dbfff77a5c,0.5054164528846741
1fa59a64bdeca6d9,0.5245484113693237
a237d2874d2163a2,0.5095639824867249
b29307ed07f8d85d,0.5446921586990356
20359554ef0099cf,0.4307897686958313
a937d76c71bfb27b,0.48903393745422363
42f39e5a5acfff53,0.5386024713516235
13a1ffb80caf95cc,0.5128555297851562
ab362330c4190ca6,0.5486088991165161
3fe6717228855908,0.5291658639907837
0d595772a159d84b,0.5055586099624634
a983bdbb25f6144b,0.4463711678981781
7b71baa9adb404c0,0.4676077365875244
5e64d0d8a2fe3e45,0.3694029152393341
f25cf5284305c93e,0.48806512355804443
510c7ad3a78c7e18,0.5116819143295288
4838b9baa25b7a49,0.5237500071525574
62ad7c4c76af8e73,0.525451123714447
907b78cd95c2dbd7,0.5488313436508179
6e8e721d9278b48d,0.45963889360427856
4379b8a4f853c29d,0.46006065607070923
7be879706fdd8638,0.4971809983253479
da8f47bc0cda49a9,0.4778256416320801
33c8d3e8c50485c0,0.5064697265625
c2d51e0a84055cfe,0.50636887550354
9c5363217304d6f4,0.5427318811416626
3cc1e0ff5e335daa,0.5380207300186157
f0f2a9bcadb61e8e,0.48223596811294556
7e4dece3bee9c81a,0.4257833659648895
f259e7c9a48dee84,0.5050116777420044
84514b4dc152e67f,0.5568088293075562
40adf87c47c75563,0.48125243186950684
814376ab8ff7860c,0.44773536920547485
ba733f6b7a9e8e4a,0.5139693021774292
be9db96b9cd6ddfb,0.5213600397109985
7961637ab2fd087f,0.48483312129974365
e15595e0eab39368,0.46512290835380554
8d3045bd576af99f,0.5326547026634216
24b15631bd9abde7,0.5103208422660828
05bea370b543fff2,0.5547162890434265
01f6bf5c6a5a8fdd,0.47038739919662476
dfe115981b32769c,0.5287725329399109
ee0a2d4fde5d2c90,0.5399824380874634
e33b5ed5f633162c,0.4930402338504791
63d21d95b1014084,0.5071685314178467
e88e4941ffb0e97c,0.48600611090660095
56a47135f946238e,0.5187482833862305
f22afa68eca26f6b,0.48560911417007446
cd77a85a36b7f4b0,0.5097090005874634
0cef77c504b806d1,0.43674609065055847
40f52cc41cb639a3,0.5545746088027954
fbaa12b4152e55a7,0.525081992149353
f81d2099b83772e4,0.5313090085983276
c18594e3a002073a,0.5329069495201111
35c1ed8221a6ade8,0.4649369716644287
eccf23a2d137aafe,0.5294702053070068
a9567ea076be2fd4,0.4635910093784332
cde9bc2b41ef6ecb,0.5261999368667603
ddede858d8fd82eb,0.5201561450958252
4ba45344cc4f48d4,0.5066918134689331
9df3c3f3fba626cd,0.36750394105911255
ae431f55aad49a60,0.49907466769218445
aabe055a10e298dd,0.5416725873947144
8be132de4a9a1bc2,0.44898900389671326
d20b28513d4ebfea,0.41872793436050415
0f3a4f7f40cfbe95,0.4891015291213989
aed60a14d66b7523,0.5492187738418579
37874c36144f61c0,0.49180591106414795
63bf0e07c884fc7a,0.5089261531829834
5e74a1a933fa2bd0,0.5271083116531372
d7a5d7fe70223e90,0.5145083069801331
ba6a74da4febd619,0.45335954427719116
4b5d89b2a4ef99e0,0.3961789011955261
f5d11b61e34bab7b,0.5027726292610168
7b62937df72f401f,0.5583851337432861
524be083d6c6e662,0.5318847298622131
6e5d66f6e4c45b56,0.468564510345459
97287e8e86445df8,0.5319730043411255
5bf73006e32fbe16,0.492779016494751
403f786325f3f721,0.4733341336250305
6eb4349d45b6d277,0.42396652698516846
d579c3ae6d595376,0.5246300101280212
1ef5913489f9402d,0.5279697179794312
ee7bb4fe92774b7c,0.48732924461364746
4177b8ed3fe22860,0.5145514011383057
aca20e744b2263b0,0.5156005620956421
4496b0aea9c540b1,0.5140404105186462
440df6d4e909c48a,0.5429211854934692
ebc54d3b70f1650e,0.43689844012260437
6eec6b67d23e7d94,0.5588136911392212
4430f642509361e8,0.48208892345428467
576caeb3cf8bf53a,0.4800271987915039
dab5d3429733be05,0.4424760341644287
83f603d70fd49411,0.5111784934997559
e84df6d5005e53e5,0.5397565960884094
67b644d3b4ab2eea,0.4859505891799927
507873d1bcf130a6,0.4682411253452301
e85d5c18595a10b0,0.4694960117340088
2147e8798e6b34a4,0.5218690633773804
8a1eedf366545a93,0.4376645088195801
6d0bd4b914e96096,0.5366445779800415
7aa5fd6245945c20,0.4824925661087036
ba7deed153a2fa50,0.55553138256073
2e27dfeccdc32a58,0.448955237865448
3b0f4640e7a00810,0.4966932237148285
375f9e2559d5dc89,0.5101137161254883
ac27e320b2e11cdf,0.4348828196525574
bd35b031e5cf8ec2,0.4856771230697632
87b0fdbae6eab227,0.4865206182003021
65d6d91cf074d238,0.5515527129173279
3c3656bb3bb97145,0.5356262922286987
b4d22b8a7f2fc96d,0.5475029349327087
0ceaabb4197fa2e2,0.4910140037536621
7017f7fba4f6f6ed,0.48409801721572876
55984b3ad8f61b98,0.5070364475250244
8429d7c837c4f6e1,0.4305157959461212
f6625b96d065a8c4,0.5381468534469604
665a2b2b4412f87f,0.5022082924842834
6e8ae9aca4df71f3,0.5132999420166016
cee2094598089ac8,0.5299249291419983
4ae833c8f0dcee5a,0.49133414030075073
fbe48aae039f1ebb,0.5491523742675781
3c145f3ad4af6024,0.5287960767745972
e16126b82673f67d,0.5574356317520142
38a8a6457245d379,0.45776259899139404
ebecc5a354c6693f,0.5108737349510193
730d939e6a427fa2,0.5453327298164368
9142c09c85a6b02b,0.5152852535247803
0cd63722aa6f8c6d,0.43715107440948486
dad1e605c166f180,0.5221974849700928
756f6becfd3a3f56,0.5298212170600891
62c51fe4e44105a5,0.4736734628677368
ce8fc3df9e9dc078,0.5101509094238281
6d778086be2680af,0.44671645760536194
5a79769ff1c83873,0.4804815351963043
25c5d51241bd5bc4,0.5412392616271973
b9d909d0957d2687,0.5228936672210693
67d29a643bb24c63,0.5307153463363647
47a2d6003937d6ef,0.4552937150001526
f78d010a289eb9ee,0.5219417810440063
6bf6218f74291729,0.5357531309127808
e5880659dd5fbf73,0.5381629467010498
11f6a2330d5b43cb,0.47337496280670166
f776c62f39411e00,0.5073272585868835
a26fc11d0e152592,0.4710352420806885
462525e7c9ce5632,0.5106033682823181
b92210666d0e13b0,0.49461299180984497
be7e330ab1278917,0.3900794982910156
b00432563dace701,0.5306329727172852
451c3d34f3f7f856,0.5153017640113831
1ccb356c4030e9a3,0.46332216262817383
bff00359491c20f4,0.5425187349319458
f591e6baf72e3f6a,0.5175712704658508
efe6f16688c3afb4,0.4619515538215637
ac46d5b14471bff3,0.48680195212364197
f669b4563e447e96,0.4978500306606293
13fe94111d4f1aeb,0.511329174041748
0b4a8042404be5e1,0.4461255371570587
040dac7741775714,0.544384777545929
ff078ca388af03ff,0.5311800241470337
cc8cbb266b9c3f0f,0.45045751333236694
55d8d89b1a183226,0.5112515091896057
2274e7f2eb4703e0,0.4997141361236572
78205b34cd5eb263,0.4395308494567871
46f8f5a42d6c46af,0.4285292327404022
63c27e207ef1e786,0.5056421160697937
5494502d6b798356,0.532658576965332
1d12ff907790c3f4,0.4977431893348694
7a084dc13ce36d47,0.5468972325325012
70477f0b80f79459,0.49552595615386963
4a84f106acd6a2c8,0.47261759638786316
7789a08e0a91a715,0.5195115208625793
838711b3184df14b,0.4838275909423828
e194f16abae459f3,0.480047345161438
28427fdbeb2a6366,0.4869372844696045
92c4e20cee4a9fee,0.5197498202323914
d1a955711a24bcd3,0.3654555678367615
963bdaf7cd350e91,0.501829206943512
7cdf53b4f4d359e4,0.5040484666824341
cc086008bebd72b1,0.5474773049354553
6381a3092467b80f,0.448927104473114
c347d848dccb3ed1,0.5107080936431885
66230ce875ed235e,0.5361747741699219
a5ab8ed9eea9351b,0.5128453969955444
664f16b4c0837592,0.5398620367050171
dd9eae94e3579cba,0.5394479036331177
7efead5bfa679584,0.49795639514923096
932123a24348c273,0.42511993646621704
a79e31ceb99ae5ab,0.5403305888175964
e3846a3e93b6813f,0.44314903020858765
e943e1366ff6da1b,0.535194993019104
6035ada9136261d4,0.4762119650840759
95db29e9f03f39a0,0.42124637961387634
60763d2a38b6c742,0.4787638485431671
4d592acf9ae2e390,0.5458689332008362
4a0eb686ce00c3c5,0.5036211013793945
1ae8228250ba35f3,0.44798099994659424
6df5c7b3f8f63427,0.522475004196167
9e182627861ee3e5,0.5329538583755493
f3c50b3f8a2df042,0.523187518119812
a380688317c97709,0.5442944169044495
e3d51363d7877cda,0.48755544424057007
6cb81d7c948b5645,0.5538893342018127
661f4e6b8a26ec7e,0.5099338293075562
17e4fc98279c3c73,0.5416589379310608
f17552df44620740,0.48119229078292847
5f01a9e7221758b6,0.5116399526596069
528e3050115becf3,0.5188040137290955
76886fbc53439d01,0.44293564558029175
8a82f2dcc112a340,0.4851886034011841
f8fb545132d60b0e,0.5100493431091309
475f65187322808c,0.4255986511707306
e6275984c6053c26,0.5207645893096924
5ea632533a6d1a21,0.49265390634536743
f564a9ce2ff4cf59,0.5250869989395142
80a870dc50025fb3,0.5355873107910156
f6fb7ae1371fe5fc,0.5429859757423401
db197cf27f1622bf,0.481171578168869
0ee5ac1c6dc5df33,0.39668017625808716
1cc06615ff00a189,0.5155432224273682
81f939afaf1aec63,0.46327775716781616
54aae10789688d20,0.5524215698242188
9ce60b5be498263b,0.536647617816925
7d07b351001bcb34,0.501176655292511
704e2e989a2fc7fc,0.5204921960830688
f83b294a4cff387d,0.5360478162765503
7b96be27a41fe65d,0.5337320566177368
fcf7aadb95fa436c,0.472212553024292
a2058e0bbd542efc,0.5346240401268005
44f4caa8883e8e17,0.5544076561927795
f33e374ff3bac593,0.4692313075065613
7769c1bba1565f65,0.45461636781692505
0e7e3ba845869ba4,0.5460662841796875
413d87f4dc0a6f91,0.5324335694313049
22a605aa144899b6,0.5311459898948669
0535126c12afc9f3,0.5228896141052246
64288f3db1d5cbc2,0.40616554021835327
af4aa447528e34f1,0.43445995450019836
c26738c9a1c6ff96,0.4425787925720215
33178161c7f70265,0.5066662430763245
c9c86c656e8b3833,0.5396696329116821
562ba8d31e197369,0.5423566102981567
620ae87f1b5dabe6,0.5489649772644043
3edafb74da7c3b54,0.5043095350265503
e3a49c8d9be854e7,0.5195042490959167
dedd98a6676bd8f9,0.5158294439315796
750e444c35f54cf6,0.5220311880111694
09a5bd7a93f03274,0.5289634466171265
7644f3febc768f23,0.5129223465919495
a458e3dd7c459b08,0.4365290403366089
114519e84a37af1c,0.5311373472213745
7c05ab790bff3c6d,0.5538966059684753
5e75657bc9a86e72,0.4861963391304016
d93e82e12fea4b74,0.4474402666091919
b93648d36911fe41,0.49924904108047485
a4b53402b70f8ae9,0.4483776092529297
76a380d199b2a2c2,0.5250612497329712
958d969e60868a00,0.5338042974472046
e95060181499d5d4,0.46961215138435364
a9a2029d3126e14e,0.49190664291381836
fbb07565aa512d65,0.5009996891021729
0b9a8ae1aba1ee6c,0.48451972007751465
c3b80383d1ee445c,0.5271528363227844
37c5fded05a96e97,0.4550774097442627
30778a3a206be848,0.532535195350647
90d93bc2f9d4fc03,0.5135304927825928
719f5fc69c5b5f3c,0.5015160441398621
5d04cf816f8a7a52,0.49238306283950806
87b1a4d3debe9844,0.491810142993927
95082ea3c8a97324,0.5368882417678833
cb22e2fefd8b1497,0.42647862434387207
13475c6a791c41d4,0.4875994920730591
5095309b5ccfb87b,0.5255674123764038
3e912841476f9d43,0.468089759349823
d01ad97c4976566b,0.5273656845092773
4f1f93a6f28deb94,0.5338876247406006
a5e3851763290458,0.5359725952148438
1e1425e88888d619,0.46763888001441956
6531693b2ada61bd,0.5305378437042236
af6132684f736b51,0.47016245126724243
aa967125413d89b4,0.5507986545562744
4e031c4e22e5de57,0.506488025188446
a954d47d4fcfeada,0.53498375415802
b1e070717497b617,0.5199545621871948
923569e3cdd42e51,0.516202449798584
2e80e752d79a3b19,0.5028993487358093
6e55018ede95f62d,0.5171462297439575
9370cd7e3ea9d54a,0.492066890001297
13777f9e709ea5bd,0.4858171343803406
77ffe8d7a9479444,0.42325901985168457
f7175e64c1eb8f1b,0.4951142370700836
c1e24b0c4a313be6,0.4515330195426941
2a623d65abbd322e,0.5264773368835449
1e45d2c44696856f,0.5238475799560547
f383071d495f2984,0.5360615253448486
ef407fe31ba59db2,0.5099195241928101
b3a2fe31cdee795f,0.5445761680603027
923157005c21b6b4,0.4554363489151001
35375f0a848f4a38,0.5274530649185181
ff1c2a3a93eb0c12,0.5040395259857178
d45f9cb34c9f1d05,0.5513012409210205
9455c7d59904bf8c,0.471103698015213
50aa732fabff799d,0.4824526309967041
62b7d4e2c06f2a80,0.4669934809207916
82613e64eaac4f76,0.5370699167251587
d853cfc12a9081b3,0.4821639060974121
0044db770783d997,0.4751611649990082
ba1c852f03cff71a,0.38163936138153076
cba124a3c62a540b,0.519065260887146
c9af835859b707a9,0.5440809726715088
0df0cd5eb3918781,0.4723685383796692
64a86c8eaff0b4f9,0.5061047077178955
a953a33cbd70b63b,0.5341980457305908
861752c8e49b6938,0.48696690797805786
63dfce02dcea0351,0.5165432691574097
816bbc6ecf7f6571,0.5218784809112549
2e3ac07e34cde4be,0.5148453116416931
e7f88d79d90e4c05,0.41504353284835815
39e23cf2da7d5279,0.5296133160591125
ee931020cb0f028d,0.4396153688430786
fe43f76b071dbdd5,0.5294686555862427
c9217158338e4e62,0.490298330783844
5feec1e7750aeead,0.5282577276229858
11411f13835eec80,0.5336982011795044
bc6b1e09101b8c95,0.48512160778045654
67a145dcc3e21d3e,0.4806756377220154
cb5fd73cd10d62ee,0.40397703647613525
831aee4f16cb1558,0.5508720874786377
25127b2ec836a924,0.49343541264533997
e40dc15fd0c23f14,0.4585046172142029
33310fce0e7f4fc1,0.5284002423286438
40797f00611f8951,0.5018481612205505
6f9d8b9cbbd174df,0.509093165397644
0bb1d47810cf716c,0.4732705354690552
ed9b5cff09c97c8a,0.38797181844711304
36244d759768d159,0.4256882071495056
78d95e4e42ba46fd,0.5334981679916382
8ea0e554d75da021,0.5287390947341919
1bbd54a30997c901,0.4444426894187927
620dddfbeb3b6841,0.5052992105484009
1b730d30d5aec93f,0.4714760482311249
c02ec7380f9b681f,0.46754419803619385
1f8f88cd8def7346,0.46108925342559814
f2b87deeab18b30e,0.5043016672134399
87ae0d7d617daae1,0.48216867446899414
53127658fc6a10c8,0.5516098737716675
3dc2a4ada30378ac,0.5558100938796997
8dc77e370adffd9a,0.47442591190338135
e4243f46abe6159b,0.5312133431434631
14d24a6904d43b4c,0.5026565790176392
b14d477d5fecb25a,0.5150135159492493
d5d8a661afe75fab,0.5406867265701294
f031e391544a0977,0.5601950287818909
beba4c418c65778e,0.4599948525428772
5fd4cc551367ed38,0.5167399048805237
48ceea9c93576c5c,0.5439960956573486
83104b1498a42d28,0.4341643452644348
676a442f7686ec42,0.47943148016929626
2cae83095ab50813,0.5442162156105042
27171453fdfc6abf,0.5138289332389832
6e2dcbf47a5c9a0a,0.4361216425895691
8df67a454f7e080b,0.45960766077041626
7841ce38c85284ae,0.5369417667388916
dfded5ecf1c78edc,0.5051003098487854
551f40870283dc26,0.46085405349731445
a5ec2c75d11c8483,0.5371229648590088
495bd9ebaa909057,0.5076687335968018
c1446602cd69feeb,0.4800036549568176
23ecf6114b809ad8,0.5432839393615723
2fc29aeb2e759b76,0.3928883671760559
2ce4be7b7a7ac8e3,0.4637395143508911
77a0ca4b8fb99050,0.4952651858329773
38cc3a58a3ed7d8a,0.5179293751716614
d4052cbfefa60d56,0.5323667526245117
6a88ed45caf2df95,0.5330184698104858
1ed166115face766,0.4867287278175354
43e27eaf6a1e7733,0.5202944278717041
3e5163dd67747a6d,0.5306214094161987
f0d7116973d1b31c,0.5564872026443481
ed345bf525881523,0.5244682431221008
882be25f5d426180,0.4471052885055542
6e30a007fb527e00,0.4854084253311157
e20c0b60fd116ada,0.5427442789077759
803e032d520ca328,0.5544019937515259
28fc9abb13b0c42d,0.5309773683547974
e2f7431f662487ab,0.5233549475669861
faf034ec1733edfc,0.5023383498191833
2d716cf8582c2097,0.4163469672203064
9855d2b06b49427e,0.528490424156189
7aaeda7d4d52d0e8,0.43669813871383667
b3c3af81cbc48155,0.5332906246185303
651dfaa8abce2293,0.5344108939170837
57418edac6e219ab,0.5005282163619995
a106aa41c530e9d9,0.5217958092689514
b52b283b28ea4db5,0.551899790763855
941df6f416929f0d,0.47808676958084106
f6e17e42b331ff75,0.5444614887237549
6fa76e8cfc1f45b8,0.548087477684021
0d0a7da66ea0f8df,0.498332679271698
e6dce8ae9e467833,0.550311803817749
72fca8835e146235,0.41940706968307495
05c5469e6db59368,0.5183184146881104
b44c282d406633b5,0.4302722215652466
0510a4f87b7dcfda,0.46721428632736206
58e149d9289d3180,0.5300480723381042
f1e5e1636b60be42,0.5459094047546387
8d902ffd3eb3484b,0.5054410696029663
92ec6393fc5b216d,0.4450782537460327
06c777b914c35915,0.42243820428848267
1033ac954bcb9d42,0.4263592064380646
dd503e459b0d0410,0.48708128929138184
610be2fbc4534144,0.5199694633483887
9659ac8e290ae7d7,0.5323905944824219
2f12112c9f5804de,0.5266510248184204
f5f0588b3c8e6656,0.5283938050270081
068f4b686b3fb46b,0.44856810569763184
6797f1f3c47472c8,0.4858253002166748
a2406992ea980bd0,0.5404148101806641
4a4d0b6955108c1b,0.5646771192550659
578f19a45bb45712,0.4900602102279663
1020d608c1e277e7,0.4469684362411499
c3e19e2b2feafb82,0.5345470905303955
e9a39276f7890a52,0.5123822093009949
215abbd4d8ad78d7,0.5341942310333252
62db35d38ca891a7,0.5450788736343384
e8bed95b9e51dd62,0.5454072952270508
a4b2966d99d145df,0.4944377541542053
2eb8100251c18ba5,0.5211606025695801
9be82121d0ba4079,0.4250907599925995
a224ae259c45f00b,0.5329660773277283
1489f1db46d3537f,0.49528828263282776
2145e1c582dd7d48,0.518388032913208
dda55d1c7a62c5af,0.5590274333953857
73298ea2d9e63e1a,0.46100640296936035
598d900cbfece881,0.4711918532848358
9143ac090437f200,0.43994492292404175
0c02412c45660198,0.5517575740814209
ceace9efaa3c0bd4,0.5202696323394775
1144b97cf341013c,0.42265641689300537
eeff7bd23b691d3e,0.48906373977661133
81b9b64b99cfd877,0.490720272064209
b16e96a805d9027b,0.5239151120185852
fffef28001a56662,0.4433169960975647
92f938e92e820bd6,0.51285719871521
086e044363d6c351,0.5093796253204346
97300403871258ba,0.5360811948776245
d48d4d2eb9767679,0.5432655811309814
77169554b2410d33,0.43068426847457886
eb75fce49d337baa,0.4523027241230011
ab0c8f943512c3d2,0.5264754295349121
260f5ce2cd59ae61,0.45975756645202637
cb7d9abdf3814325,0.4082674980163574
2c7ff68ec6c51fe6,0.5583197474479675
abafc7558338693d,0.5276086926460266
55bbd59aee4f71c0,0.5371445417404175
52fddc693d4604c7,0.5459967851638794
731cfc118709ea40,0.5296854972839355
41f0dcc7a019a17c,0.5067386627197266
59ce3fe9fa551acd,0.4309178590774536
9f39c8afe9bb9028,0.40904781222343445
002589758978becf,0.5496092438697815
4e896495a1de4494,0.5115669965744019
fef495f2bc7f5f22,0.5414006114006042
4078e46bd7dc1813,0.514926552772522
ec0a9bc7724e2c37,0.4668635129928589
8579be61ac8c99ae,0.49458426237106323
1c9d19423db1759c,0.45857882499694824
d9218dbe271a5e2b,0.461456298828125
26cc6cefc2f19434,0.47987663745880127
2ae17dadcbd30d5f,0.528833270072937
ad073ac875d1c95b,0.4992920756340027
6571708c396dae2e,0.5521831512451172
7f82ce5a36cd4435,0.537350594997406
b03109b9914a5b41,0.5354499816894531
8a99e264abdee523,0.5362959504127502
a327af118c2903ee,0.4707478880882263
41f6df483f6b61cc,0.5162270665168762
18e1bd608f97e79b,0.43254733085632324
93706d2846294d88,0.46361565589904785
ca18f7c7a4354f1c,0.5178476572036743
56e8c093b2857f9c,0.5063966512680054
067fe1095e47c83b,0.5335757732391357
b7760ddaf608aecf,0.47847867012023926
332b8bda5b0095be,0.5126105546951294
ca3937a2855c8ba6,0.5125846862792969
ea3662e622d67548,0.5001199841499329
0d18f52df13567cd,0.5519381761550903
cce21304ebf8e784,0.5084265470504761
aa3c94928adca940,0.5296289324760437
bb80e7fdeb8fb5f0,0.39275527000427246
e4c1d52711a237cc,0.45439910888671875
89f5d314b1dfbf38,0.5335260629653931
1924931b9a136ecc,0.531811535358429
3edd9e73e15316d4,0.4468080997467041
c5b5ecd8f735a022,0.5654714107513428
f5f870d886e8e39f,0.4875752925872803
6f287653796de2c1,0.5568158030509949
741c76477740045a,0.4804844260215759
56225fd8c7446594,0.5539753437042236
b92086e2594828a8,0.4948534071445465
35d58ee95726b6a8,0.474412739276886
aa385dc81917a735,0.526562511920929
4ea4c076c73c2969,0.538683295249939
0f1833f1767b5eb6,0.5016992092132568
f89904b73ab37ab8,0.4621715843677521
3b89625b84be9608,0.5416414737701416
01c3f9f7309f2218,0.5157209634780884
f4ded90a0999ab1b,0.43486303091049194
f80a6111d3593cda,0.48940974473953247
5717dbabe9dce0bd,0.48480069637298584
322c4c687552917e,0.5394924283027649
2dc0365886aafa44,0.4680261015892029
679ebb21ea0965e6,0.5305824279785156
3e692d4881fb5520,0.4138084650039673
b64e871fe714f619,0.4812980592250824
27166bafb0e26edc,0.5352375507354736
313188a7337714f5,0.5240631103515625
541dffecb7ce9ce0,0.5051976442337036
267280c99316d7c7,0.46369457244873047
15c10b39b877d671,0.5482217073440552
ded1a5669065a738,0.46193617582321167
fce35e8b93468a17,0.4606444239616394
b1d70dc05b655527,0.5418766736984253
dbcd6ced3cd7336f,0.455405056476593
2bd3b7bdb744be6e,0.5258899927139282
847e402f2c571db3,0.45128846168518066
45c513c7cb78e106,0.5486565828323364
7f9c79097a57b225,0.5023597478866577
655b564b0bf83d27,0.4764935374259949
dbf858227db2ddea,0.5559852123260498
978edcabc56bd2c8,0.5454352498054504
a2ace9c29a23591b,0.5378719568252563
a17c584e92a36670,0.5549545884132385
e770cdb3b8d471e3,0.485260933637619
a1751f368ab8b616,0.5241012573242188
f555ec7274007a66,0.48695075511932373
5023cb79ace80c01,0.5159213542938232
c5058c4ddf5d84e1,0.549936056137085
36f17dd4fbbfe6a2,0.5273960828781128
07ae9f3aec1a43d2,0.4581848084926605
e10bad146613b87a,0.5653042197227478
38b55d29ef7e4a59,0.5045371055603027
8e2be00050064526,0.5434761047363281
b3803c02d7c8c1aa,0.39994025230407715
f7f3b7c89e29cd84,0.46682319045066833
17a6114e93f61828,0.5508478283882141
e648ed527d95b23a,0.5658922791481018
f82ebb9d29d970aa,0.4240231215953827
a135968119fb6c45,0.5372512340545654
75203cb209186484,0.474321573972702
b26e0f17efeb5cd1,0.5409035682678223
3826c7ac2e5c8011,0.4518059194087982
88c9ff4b2c9a12c2,0.5116257071495056
760be29b54cbabf1,0.5366873741149902
b634e7b8493d94a3,0.5056463479995728
0398ffccb4feb181,0.42035937309265137
0e19382b43d7e9e8,0.4249570965766907
84021b8dd11323d0,0.4323174059391022
84b46235fc243a20,0.5125490427017212
c2c959d1dc81e5d4,0.533230185508728
c5ac748b31b7d3aa,0.4411804974079132
5944a90593bfdba6,0.5471442937850952
7376cf662a03eb0b,0.5414403676986694
a7f5937040fe80a1,0.521479606628418
2236c9e302598e6a,0.4963516592979431
2818c10f59239f51,0.49549975991249084
f41fd7d756dd1ae8,0.5328546166419983
1897dab7070dcbd7,0.5240557789802551
094bf930e646ec76,0.4922817349433899
95a936c2500cf9ec,0.5165659785270691
c3716d1958d6bce7,0.5384311676025391
110c44de57aabfec,0.5011214017868042
348cd7e2a3611f3f,0.5136654376983643
e0fb379c395b0180,0.5460376739501953
e3ac48179141ce27,0.5186716318130493
14acf8d72103942c,0.4724079966545105
2cdb6a518d5fc68e,0.49778813123703003
7e796fd819e362ab,0.43673041462898254
e7f2ed32f98952fc,0.5366002321243286
fa467a4740e5d543,0.45197245478630066
0d3928c4e32ca341,0.4812936782836914
784ad6bf2acb8ec9,0.5264226794242859
8823abd6ae1160a3,0.5362151861190796
6a6328eba69161bb,0.4744113087654114
2dfe2f07d7a81155,0.5098021030426025
3beaf8876cae8c27,0.5224655866622925
65c9357953e08ff5,0.45489785075187683
8d39d7bb920225e3,0.48622381687164307
83a7e3b188364d65,0.5117759108543396
0e4fea598f6b369d,0.5302829742431641
bafe43847066ce85,0.45483464002609253
d9d283b96ba4ebcc,0.5307044386863708
3dab86bb641a4798,0.5013353228569031
dd7a4f9d55ac3a18,0.4689878225326538
6359abf075207910,0.4011985659599304
09a966b7cc0d1c2a,0.49507200717926025
ce6b6521868fcd64,0.4335235059261322
31a7bff553b0877e,0.5001211166381836
de5ad54c896f23be,0.5550463199615479
7c565445541939fb,0.5061182975769043
c3839ce0273f8e9b,0.5168319940567017
b4d2136e995dd643,0.5620403289794922
eaace29ca26764e5,0.5058345794677734
afe4654c9f982257,0.4866810739040375
b3d23421d2e1b214,0.5288400053977966
9a0ec62f27fde1f6,0.4579140543937683
2b2fe5fc84e4c610,0.432033896446228
f15d1ea1c5c09123,0.5430717468261719
8074161411a9a489,0.5016692280769348
c56f37600673e62e,0.4536813497543335
87d5e35be3fd88f9,0.5351337790489197
b94e8900f2a32383,0.507205605506897
daba3192bba75493,0.5294859409332275
6991798d647891ad,0.5249425172805786
128a9cbba45c629d,0.4242568016052246
66652d937b29bc0d,0.549978494644165
8c03c9aab010d81f,0.46736282110214233
b07fcb90ddb1935e,0.47692418098449707
0114dea2f791ae59,0.45285117626190186
aa1e85e4ba03525b,0.4589667320251465
3044124f6d866ec7,0.5142909288406372
5fbd4b9511c909d7,0.5224326252937317
b9aa6c6180550952,0.5079307556152344
5f2a599631c8cb9a,0.5047043561935425
0d1aa92355a84b36,0.43980199098587036
bf3e6892a858b4e4,0.5001922249794006
bbf7bc1acece4727,0.5259279012680054
77780f9e7e278883,0.4661216139793396
8b453c871fe843a2,0.5392273664474487
66a33919c780ae61,0.5337032079696655
4a6f68cc3d0ef267,0.4809313416481018
35b05c3e2a98d0e4,0.5358693599700928
945afd11640438b8,0.5548481345176697
3c372ff4fe17ed14,0.5258529186248779
1e4d54045dfaf1c9,0.513780415058136
e4f339b1ed3c17e8,0.580059289932251
a26d8c1c6a3edda9,0.528683066368103
360e39aa5f34689d,0.4086011052131653
ea4a724d30a1a7e7,0.5434478521347046
87a1d4047f2d1da7,0.4868062734603882
59c32e15a09ab0e8,0.5474595427513123
c575cd130822b097,0.556890070438385
08e21a1ba562aa10,0.47160109877586365
987820eec85da7be,0.5112088918685913
bed7d598c02baefc,0.535757303237915
0b4ef939cf5f11b4,0.43641114234924316
a9e19764d280d655,0.5207899212837219
5e1a4a2c84a828a5,0.4581661820411682
3c763af557e2c741,0.4474334716796875
45141d1bfe6d434e,0.5113881230354309
7046cf8a391c70b3,0.5118513107299805
f4818472669e04ec,0.5166482329368591
a4414a7839cdcdca,0.5169435143470764
0d7fc6524b883dc9,0.5212224125862122
cd0cc9a8efd522cf,0.5365740060806274
b07e0e5bdf8560f9,0.4967614412307739
61282ce266389cc0,0.496347576379776
2fdd58aec6e672b2,0.5524640083312988
7a38ffb7a606ac06,0.5678796768188477
d9166c18c7bdf5fe,0.5336693525314331
234772dfe93b148c,0.5309303998947144
e4c9575d4491f185,0.4279644191265106
b6777e9a41de3f69,0.5307720899581909
23694fcfef3643be,0.4412226676940918
fffe72dffe6a1c82,0.514366865158081
a363502f0cdb8eca,0.4731261730194092
891f9ad471d1e6b7,0.49261537194252014
88106d7791770fe9,0.5053521990776062
6d6f7ca49122201b,0.5359358787536621
0be5e39684939fa4,0.4908408522605896
b19794f4f468dbc4,0.5401137471199036
2a6be80087797866,0.4238625466823578
2b980f4b7e2b40ce,0.529058575630188
0fc76305b42401ab,0.5323781967163086
0b8327c6950469e9,0.37878739833831787
77f6b43e9deac01d,0.4710886478424072
b3f83117d6208921,0.49125146865844727
705c841ab1a9c2d5,0.4773922562599182
2983893e8935ec7f,0.5032677054405212
f578b5abc28e91f4,0.4983936548233032
876023190fd24dfc,0.5341393947601318
185745b33827c56c,0.4938352704048157
bef05c7e0a69d9b1,0.4638251066207886
0a6e2af9496a7d9e,0.5440016984939575
1312556aa98c55db,0.4623701572418213
077454c9e6138671,0.46666595339775085
3fe3330fe018baf8,0.4949427843093872
f844a9ebc7f82d5c,0.5298343300819397
a41eb96eb592e7a3,0.39301764965057373
901ee83bfea83d73,0.4888739585876465
71b0cf7467ea42f2,0.4292393922805786
00fd20bddc52cf4b,0.5455378293991089
c189b47a72a1bc7d,0.544635534286499
a71800e5308ef4f0,0.5121073722839355
deb68ad0eb06950a,0.5628215670585632
c617acd8ed4034f9,0.4940735697746277
4e4feecfbdc48f4e,0.5414410829544067
618759e4126af213,0.4509170651435852
b4d19de4c83b79f1,0.5039042830467224
4a1a1f5e4a69652c,0.4940360188484192
7050b4aa18cb98c0,0.5536931753158569
48e5d518f89a9c12,0.5296244621276855
33afcff9045f0a90,0.4590298533439636
e2ee9d36f22b8f32,0.47438377141952515
23b3fe40af10a46c,0.5127072334289551
f5c1422be5491182,0.475003719329834
ae8adb871ba16f83,0.4487344026565552
851c395c7c36d06b,0.4638937711715698
ec25a0cc5164a7be,0.5374430418014526
ed415ddf23cd0b94,0.43417075276374817
0eca6d9a49559ca5,0.47065091133117676
b810280ac912211a,0.5348647832870483
f51e444d9f113555,0.4731441140174866
8d7728f1c64e6437,0.5662304162979126
2025eb76fa05b07c,0.4254317879676819
d1b78b3d4029c979,0.5062912106513977
14bbb25fb190b379,0.5319820642471313
dbb78809b259b0fd,0.5033559799194336
fc553ecff0c08b29,0.5332112312316895
dc755b51b2c840a9,0.5201356410980225
283bb2cf3460a9e4,0.41888803243637085
02dfb3e026af0507,0.4666621685028076
7e9ad29b88e41992,0.5253736972808838
add8d72ee1e836c4,0.5132050514221191
91d31e37b078300b,0.5385437607765198
b9e17b76bbe6bc00,0.4504767060279846
df710c142779b6f6,0.5035895705223083
a7fd30d750bd598f,0.5008978843688965
d1b5e0cb2028b02a,0.5469049215316772
8c2fa7bfe1f5ded0,0.5169099569320679
743c02d258c5ece1,0.5205603241920471
c91bae038e587216,0.5477018356323242
fe724332ee4a4bbf,0.48104342818260193
7e2f40a902fd1f13,0.4864451289176941
ee240037f821630e,0.5174431800842285
10b731f91a30ce91,0.5359625816345215
091a57bf409041f8,0.4356502890586853
5dc4adb9b2b1b506,0.5093469619750977
85b9e9cbb13efad3,0.5357754230499268
f66a74a1e86cd9f7,0.5395921468734741
39eda7606ee2bbc4,0.5358015298843384
410853962e86f12f,0.4981907606124878
1e96ee4869227178,0.5480241775512695
924cf4a8c9487e6a,0.5052681565284729
6b3be41af1d5655f,0.5095376372337341
9e45a0ee4af05fe4,0.5285619497299194
df630f8fd6a917af,0.5827116966247559
5da1f83a0a024d71,0.45449724793434143
2dee2c4c7727fffb,0.4781378507614136
c8433e1325089846,0.3871609568595886
41618756e95e5397,0.5307105779647827
e654ccb2108854fd,0.5252659320831299
dda6042f91b806de,0.5355120301246643
3bddb2635c1e93e1,0.5232740640640259
d112240b7df1db69,0.37493088841438293
855f92191b6ed001,0.506767749786377
cc9a85fe1500f412,0.5174810886383057
815f4f91d3b75401,0.5332927107810974
5dfe5da5317d8fbd,0.47535744309425354
5af089cbef2c6e0f,0.44202956557273865
2bd3ec8bb4ee5b91,0.5416959524154663
2097dde7fd1bbac7,0.5426337718963623
59f33aea244a35c8,0.5537305474281311
eb298fe26936f3bb,0.5457231998443604
838d141078f3ced7,0.4899047315120697
d1fab453db6baadb,0.5165354013442993
23166a7b01fe8d7e,0.5336884260177612
5f5ff4e7c8bf4fbc,0.4688739478588104
b66a73c94bd3d648,0.4529919922351837
988f08c9d6218dfd,0.4791869521141052
f729a693e525df38,0.499298095703125
5d2a45cd8b6488b8,0.5482876300811768
0d6308b734b049eb,0.44284719228744507
6025103baa4b9018,0.524962306022644
7bd2b36aa1816ec8,0.5056235790252686
9db8f1974523ff4a,0.5443782210350037
ab1504496d49ee13,0.4863872528076172
0e92f626e7b3b746,0.40212953090667725
0d93ddf0310074e6,0.5113499164581299
b11dc77e95758df5,0.5324206352233887
2721b529ef8b5486,0.4284950792789459
98b3533d6e3b7730,0.515116274356842
9edd5f258efcc57f,0.4729810357093811
faf9875470d73b68,0.538861870765686
bac1b45c1009f823,0.46710270643234253
cc191e67f205b1d0,0.5080573558807373
b2bd87efa2c2e7c1,0.4732840657234192
740757900ead01c6,0.5118969678878784
5071c7d62ef30935,0.4755403995513916
b37522cd5e4fabd7,0.5356512069702148
4fb6cf8a199fad16,0.48005998134613037
00822ac5c8aa8564,0.4955430328845978
8ecdd544c979ccfd,0.5366978645324707
19c3f95e9cfaf047,0.43931061029434204
1e207e586f4b9a38,0.4920201301574707
89f29a633be8abc2,0.43806517124176025
9c6edf19b2f37725,0.5315073132514954
a9d0e268f1843672,0.5327833294868469
8c3304f716b4b105,0.5318723917007446
4848d37fc9a0ad20,0.52601557970047
ece14ae40d648189,0.4562254846096039
8d160aeb80177a76,0.5337787866592407
36b281917e00b23c,0.39116939902305603
95cd38141f56514a,0.47626280784606934
5c7f8fb5c1a40798,0.4694117307662964
d38a1a973db56031,0.38435715436935425
eb548554f4893490,0.49711155891418457
1037aff1014df453,0.5153567790985107
370af6fd4bb512ae,0.4968950152397156
209066e35087049b,0.4963110089302063
718b8507ba6277d7,0.4656611680984497
8b03e6de73ed3b2c,0.4894106388092041
5beaeab4adac1824,0.5451661348342896
501476a01161485e,0.515985369682312
6efa19ab054a65ff,0.40207988023757935
ce80e7f9915bb1f1,0.4393765926361084
d263f972389384ad,0.5183586478233337
81a76750de5d6a84,0.4693317413330078
e0c7947c39d16c3a,0.45458754897117615
f96c1ddc6d65a9f5,0.5463241338729858
e634b22c186d1fed,0.5295805931091309
ff156b2a6d7a7110,0.4559593200683594
e5c81fcc32b44dde,0.5284875631332397
cd66e7b7e9412b90,0.5418003797531128
51c6b8670916708c,0.569575309753418
5e0b924cccd9e8b6,0.5316554307937622
cd2329e25bd66885,0.4694438576698303
77b07cb384e5dc88,0.5564114451408386
3218f02890694ef9,0.44367459416389465
c2b95c194fb50195,0.5290638208389282
d5c690fd339ea333,0.5222967863082886
09a6b4e806ab4a31,0.4880388379096985
8509ff445315f0e7,0.5366436243057251
815cf1c2ee987dd7,0.5080658197402954
a9a2bfbcd5d11474,0.49265268445014954
a0ba3f927a30faf1,0.5134427547454834
810a4020773b5139,0.5068230628967285
b9c4d42f904bc25f,0.5185694694519043
c46346f094d85d86,0.4860447347164154
2e4d3c34f7177ddc,0.5100882649421692
c7202f4c7c889d0b,0.5355178117752075
67cdbecec963c349,0.5218725204467773
faf96513a1de5c2a,0.4958779811859131
7ee8d6a0306c7883,0.4363943040370941
1cc080337f350180,0.5530056953430176
8e0dd812c3657789,0.5218788981437683
4917cbfb736eee55,0.47876134514808655
9fb9b189567b4a01,0.4639502763748169
d0dd2ae298bab8ca,0.5382944345474243
38347cbe6e875cfb,0.5192327499389648
6183619f2d7992e5,0.4682985544204712
0494315a05e76b6d,0.5644172430038452
f1b81de1fd561af2,0.5230511426925659
5b0181745091e101,0.46861037611961365
f6becc745129e264,0.42733222246170044
cab616ed20f7f16e,0.5193885564804077
7ce063ddd523c637,0.5174617767333984
88c30d7a93b4c734,0.4753701090812683
cda02514fe3bf649,0.5178131461143494
e612b07d73183d10,0.5067369341850281
931c345f52c67dff,0.49033498764038086
69da80e3794b4f7c,0.5456608533859253
c82842acf7125365,0.5339175462722778
42ac71566e1a9554,0.4240086078643799
1c5d55171b6cb451,0.5073521733283997
328963bfd9a388d3,0.5089016556739807
2138c70d16f792b1,0.5172668695449829
2b3d947a82f466bb,0.43765729665756226
2c45b1c66764486c,0.5516078472137451
a1fbee71d1460590,0.5465489625930786
b01604580f661601,0.5397664904594421
a027bdd3f368aa12,0.5425659418106079
01ae94aab2fa9da5,0.5117174386978149
7c2fc389e5461c66,0.5446138381958008
824aef545879a803,0.5168869495391846
a5d1a894cd3edf9b,0.5184640288352966
35dace7f99bf02be,0.5420815944671631
9585430ff524d78a,0.4361233711242676
1e113cbb85cb9ead,0.4683859944343567
3f4dc7e44b8fe511,0.43904387950897217
facd0f62c4111634,0.5094447135925293
ec8fcf7fc9b60103,0.4445376992225647
0af341f2de36c9d9,0.5159584879875183
e8c819454ce472be,0.44983112812042236
591d65f7015d447d,0.5258193612098694
fcd35340ea194215,0.498333215713501
144d839c53b4e6c2,0.5189451575279236
668e14648a880ea9,0.4340522289276123
817f395a3a15c6f4,0.4237934350967407
ec1d4d3e478a91e2,0.47543758153915405
8cc01759fc8fe515,0.3863835632801056
c93abb7d871c6647,0.5170208215713501
47bc0985fd9c40ee,0.5324456691741943
b1065306ef6e2250,0.4292881488800049
df6847a460977caf,0.5395971536636353
1ba2c4d78f9e1f3c,0.43504858016967773
a4619afbe9f1bfe7,0.5089677572250366
4da3bce95464f0e9,0.517371654510498
279378a14663c90e,0.4183683693408966
5cba3f0783754bb1,0.5371078252792358
6f3208298ada74bb,0.4831956624984741
9c0e437f8f1d593f,0.4547097682952881
561fceaffc1d3401,0.5154386758804321
0565dcece67fa3d7,0.5425689220428467
2651462a63d8d57d,0.43860453367233276
68076442512e1d0d,0.5503599643707275
a1b881c7edb84d12,0.45874494314193726
6586777e2c572478,0.5170165300369263
9cdb53569f5b78e2,0.547976553440094
b0dac1cad4a0e6be,0.5177819132804871
8cfad0d7f00c8eca,0.5441895723342896
90badadfd9cdb49a,0.574110746383667
d9c31cd9b7ab3016,0.5400410890579224
5ea8751b7c7f1d7c,0.46825355291366577
9454e4c0ee3c393d,0.4804587960243225
ac2ae5cc98f8c79a,0.4955156445503235
c1b902f17e7edba3,0.5362685918807983
a059679e655f0672,0.5459316968917847
9aa03ea2b21dac30,0.4997924864292145
f72c60357bce7d33,0.5364896655082703
5d2334b76c1d0178,0.4770573377609253
770cb32bc35850f1,0.5403389930725098
bb9b5f384034a4fb,0.5428956747055054
10e922f19310f207,0.5163319110870361
a32685ae0cb1617d,0.5026597380638123
ed0774d02841a9bb,0.5286855697631836
1e20c57bf0b6fce0,0.5032687187194824
e448a5633cef7c9e,0.4810485541820526
15bebf1b11f54553,0.5608473420143127
d530feac6c0fd7f1,0.5462065935134888
fa086e5fd4a2b688,0.5347135066986084
3ae3dfe68770044c,0.4712068438529968
d482529e2baa666e,0.4656200408935547
146211c60661411a,0.47049328684806824
5a76a9d5f67cdb8b,0.5290136337280273
61fcc698e72efcc8,0.514382004737854
03c6bf1ffeb28a3f,0.5061991810798645
5221e7d8d437dea0,0.5317478179931641
c86cece705b8f470,0.5151686668395996
d893a373933dcf53,0.4730415344238281
0900a0873adc882c,0.5085328221321106
f36445ac60d07877,0.48248693346977234
ea041206ef305713,0.4878668189048767
2b952dfbd136123d,0.5437988042831421
1e7fe5a9d0d4a532,0.4474183917045593
2e5baa972210e4b6,0.554244875907898
55f4f6fdaa3d0661,0.5063501000404358
7249fc181113058e,0.5238997340202332
ba957c4aa43f91a8,0.48688751459121704
aff45f3c7d113ccd,0.46613192558288574
a934aa3ce860f0ae,0.47420668601989746
e4426b00621efe03,0.5476953983306885
5ec7da6059ea609b,0.5249258279800415
8f77bd7824a52003,0.5094107389450073
d7f135e406b9440a,0.4822157323360443
f36efdc98c4f345c,0.4350082278251648
a28f942e4fc54f78,0.44956174492836
5f06a9d00b6a26f4,0.5324505567550659
193003561ab67688,0.537101686000824
7a184463da56facb,0.5041674375534058
e117dffb75541557,0.5164021253585815
fa348b7f59d0fc1c,0.41352277994155884
5b8fdf88ac0cd3ec,0.5004509091377258
3ca27e726048344c,0.5174360275268555
1f500109eb606b1c,0.5333718061447144
f5d6cf425b9c6b8a,0.5287683010101318
90d59d7d56d5a784,0.5390965938568115
5b0b660b50187728,0.4155484437942505
e561ecf84e467764,0.4633292555809021
f9cca3e3c0b52e76,0.5124405026435852
2b19908e294564ff,0.5515503287315369
4eb12cfb65a18254,0.548508882522583
17778db6945caf55,0.513911247253418
96a61ec8c85ac16f,0.4712781310081482
45a54a57a31e9764,0.5392663478851318
dbc6d72bcdfb7bbf,0.52733314037323
030538179079046f,0.4348090887069702
6d0068729c54657b,0.500525176525116
b574d72abc80b75b,0.5623214244842529
da53505411e95889,0.5151829719543457
b47fafcc3988ccdb,0.42514586448669434
94433077e323510c,0.468758761882782
656cc62001cb36db,0.5063414573669434
d6abe887b969548b,0.4688118100166321
ca6105d06c578a54,0.47544926404953003
872886da43e6112d,0.5488535165786743
db3b55db0e4a0c5b,0.5459631681442261
15057c2d3edb291e,0.527218222618103
2bfc74d45b88f162,0.5414185523986816
30d01402090f7e09,0.531246542930603
b8d00cda6282352e,0.5082092881202698
dc194f7794add80a,0.49684858322143555
db0c3c53ba5cbc37,0.5126360654830933
1c090d1ef262d521,0.5237171649932861
af7d713f38a9fcc4,0.5091342329978943
a5b6517a351dc5c6,0.5389446020126343
299d081fcb9331c4,0.5422470569610596
b3ff3a3c6bcc02d9,0.5023663640022278
0de33f18e80e7400,0.45063382387161255
8f890cc2cd0381a8,0.5300643444061279
09d887b7bb1bd9a9,0.501349925994873
8ad7a6667ee1da9f,0.5358908772468567
724b1ba50b4fa5b1,0.5192993879318237
5695337a874c8c75,0.548630952835083
538690c2727ae47a,0.46236473321914673
6c6dd15745a7855e,0.43742215633392334
62ed8635577dce3c,0.5108107328414917
c93123107d84c992,0.5559930205345154
9b256077ce6eb1ac,0.44840162992477417
a7c5b9a12102aef2,0.5189882516860962
a0a61288b93a320a,0.5161872506141663
1466993ea0334e1b,0.5000048875808716
de92d5fe6d2d3e7f,0.5360829830169678
17cd85c7644ac1e5,0.5062693357467651
8a739df0d378f0aa,0.5342521667480469
f07ca6bf85c2239d,0.5396844744682312
b090e80faba23901,0.538375973701477
b6261cb096dd73a6,0.5252485275268555
da1a5f1b502dbb6b,0.48334264755249023
d9d2f1ca0f1a5fb4,0.5444002151489258
d422c2913f61d312,0.4710657000541687
64468ae1289b9810,0.41552734375
71012a766c25f040,0.5087675452232361
b125d8dcf9186972,0.5336717963218689
fcfc0bf319ef1b55,0.507908284664154
2169d91bad3a59fd,0.5406337380409241
b9374019926f8b27,0.5062212347984314
181b847aa92cd1b5,0.5495693683624268
48445aa96f4dcd7b,0.40581047534942627
4cb769397e891b81,0.4735969603061676
ec66bd78373d7fec,0.5399551391601562
e46bd725fe3f19aa,0.46209031343460083
39926df9099d1e38,0.4342198371887207
64aa3ebcf73f57ad,0.49329674243927
19d22eefb5528459,0.5195889472961426
b4d7a785ddb57a3f,0.4872640371322632
8a7a9e8ef0723c96,0.5311095118522644
3a1247f6bcee8d5e,0.4325921833515167
494781d2509f79fe,0.45854973793029785
c2dc5ab1444d4fa4,0.5300989151000977
97215bc197c14e76,0.49572184681892395
fc58fade8156dcc3,0.505433201789856
57d67da4422265ab,0.5094159841537476
06952f4d3b9535a9,0.4244053363800049
75c524f432334aea,0.4829685091972351
faa4824b9d5bda64,0.5144230723381042
6197874c4278c663,0.4572673439979553
76a15fd913918d29,0.4812668561935425
af39ea58eac0893d,0.5311042666435242
984cff5ba7b65a1d,0.47932660579681396
867d4628ee070913,0.4765549898147583
0ccb750ee3eee2f1,0.5464332699775696
fd0b307c82fa01f5,0.3778036832809448
b58731802e88ee86,0.4253576397895813
3c14e0a084e0fbcb,0.5222803354263306
50c4da7ca68f2181,0.4781716465950012
042079d5dfed8022,0.515394926071167
f5abe2af1ba5bc2f,0.5499719977378845
feabaf05b9c6eb4d,0.5712989568710327
2e774a16554ace78,0.5439820885658264
2abfdc4992862721,0.47297143936157227
caa1663862492387,0.5406011939048767
50e2c70be05b3ed3,0.48450571298599243
8b4205a5e42dc97c,0.44685739278793335
0547a94688f68d3b,0.5216196775436401
8999f6502cf11202,0.5340101718902588
32f1b553111a6bd1,0.38776063919067383
5d1aca888cef080c,0.48738160729408264
f08564deb54afb84,0.4504401683807373
317718de3fb5baad,0.49808600544929504
45e10d1dde62ebc9,0.5288743376731873
82fde104320a9cbe,0.5355602502822876
e83eb98ed93537c9,0.4768070578575134
ff98c2da1717c3a3,0.4178755283355713
7ca89f7b1021260f,0.5111712217330933
1799a43cdbf0c97a,0.46493372321128845
ad35e92c07ce8eaf,0.5291692018508911
f16566a3d1e86f27,0.4604257345199585
09aac3be9ab9f813,0.5056633949279785
4f2a9144eb21ab65,0.5126315355300903
048401e912d0bb76,0.4346838593482971
a717c41deb8095e7,0.4603918790817261
e12defaadb32eabc,0.48154833912849426
618f8580af912e66,0.5215781927108765
77cb9a27651d8327,0.47863906621932983
13c9d32d52c1350a,0.4497757852077484
255bdc68319bc9f8,0.4713068902492523
ae6f4db0714eb744,0.5108510255813599
addba055cded5a44,0.5118565559387207
c28595f9edd77d18,0.47174450755119324
d81d1f48270eaf34,0.5243344306945801
2973c6754bc5d89c,0.4880060851573944
f697eb235c4e56d7,0.49941301345825195
82861e5d566c7fea,0.5407087802886963
3cc5aca2309e340e,0.4713677763938904
98618cd8a586abf1,0.5374093055725098
105fb262fd52b79b,0.518092155456543
0c9bd42e98f541cf,0.48215264081954956
38f8b70c6e653f7d,0.487873375415802
fa7c675269d4b2e5,0.53360915184021
6763ab1adf812d1a,0.5670022964477539
8a05280da123062c,0.5181681513786316
e1c73f90c22069f7,0.48236972093582153
8b00bfe554230635,0.5079872608184814
b4aad1afbd142bed,0.5268427133560181
b66e34d704a7d2f9,0.5675482153892517
2bcff291159cd220,0.5296037197113037
5b88fd6d80c0f342,0.53505939245224
9f51e78e9869d7a5,0.5322129726409912
f8aefadba21b2000,0.43662065267562866
af39b58424a6f937,0.49460384249687195
0662a9c8301149e3,0.47996699810028076
43938bdb7e976787,0.5012685060501099
fbd60755438ab929,0.43385323882102966
00e65fd7d77fbb71,0.5504941344261169
86aa51ce2d30de10,0.5326378345489502
b8ae44b7c9fb40d8,0.5092241764068604
1309a31111d6dcf2,0.5390458106994629
fde045589df2471a,0.5186457633972168
af113d80ea748284,0.5326915979385376
5f99223795f8d0b2,0.48618263006210327
33b0a50f959d25c3,0.5100851058959961
3dd082d288ebe50d,0.5134589076042175
b5f125f57ace1082,0.514232337474823
cfe2997e2ac62a04,0.5372779369354248
8203aaa712a7eeb8,0.5395026803016663
d6fe4cf697a9efce,0.4537283480167389
5099d0d85001aebd,0.5210154056549072
a2029a26489fb516,0.4397939145565033
287418b29b61e677,0.46080920100212097
03dfd3572df288d0,0.4772103428840637
b742bb0decd868a4,0.5515191555023193
ff5c53a8b4c4084b,0.5124963521957397
75357f32361a2325,0.5466933250427246
a423f1cdb68bb467,0.4656679034233093
6d7112e8f1e95067,0.543647825717926
8b22483ceb32916d,0.5044183135032654
58a3ff2958072b91,0.5152231454849243
aa4de9672a1e2a1e,0.5032442808151245
4d342d17c9d0a161,0.5302934646606445
4076d93071809ed7,0.45609429478645325
e9feaacdc9ea5595,0.5026243925094604
d8d50352b2e26776,0.4255271553993225
ec917b7ba092afbc,0.5036695003509521
cff27e2abf2e12f3,0.5530098676681519
17591197c22b8d37,0.5365927815437317
88ba6575c39d13ed,0.49194052815437317
ae383ce11b2e0533,0.5213689804077148
c4e4ebcfa0a1e723,0.38640645146369934
bb8c56fb6df7bc46,0.5427236557006836
3b1454e8352bc9d9,0.5356001853942871
0024c7ea70f145d4,0.4487192928791046
5e7fb3b1651122e0,0.541535496711731
6219f6df80ea4210,0.5113980174064636
1b960b803d953a28,0.5189292430877686
bc9cb91706615328,0.5319875478744507
08c7359309d675b8,0.5072370767593384
47670a670ed9ea9a,0.5412968397140503
c350b14175b5a7c2,0.5171173214912415
2305e7b628d8042d,0.49163955450057983
4066fb9eee165b84,0.5132165551185608
82b325d3be944b5a,0.5245072245597839
b8e86b50dd636e48,0.4508569836616516
7a5e86df190d53c0,0.510525107383728
baca114c835fdc9e,0.5163549780845642
e12edcf5a38e14c5,0.3694477677345276
79304cbb3441694c,0.5151905417442322
227b315fdc87d061,0.5402581691741943
e111d1878d5cf852,0.4211849272251129
8658d07bb6286fc4,0.49850672483444214
1635c8f2c2f8db8a,0.5311028361320496
c10a6e9a301f4bfd,0.4948306679725647
e611a40542d84dac,0.5327606201171875
2a751b820418eb5e,0.5399249792098999
0215c0487a689a49,0.46438223123550415
72c94744d5626ded,0.5280158519744873
b0eb2e5839e995cf,0.5023307800292969
e9374344f5dda6ac,0.4888015389442444
3a28d8122a330482,0.43841928243637085
52a470d34163c86b,0.5343021154403687
76a3df3687a91cc7,0.45626533031463623
cba3f3cacc3322e1,0.5359336137771606
2afc7b25117230ab,0.4840681552886963
16b80d6f4b8a075b,0.5056972503662109
dc8a925618823707,0.5379068851470947
d0e748879c221c65,0.47805851697921753
059b90b6966237da,0.5154211521148682
b50b54bcc7e316b8,0.5325182676315308
8f2937e8a09203b7,0.5266361236572266
8ffba28e35542d2a,0.515282154083252
a02c332a7d5719a4,0.5326245427131653
f33a6df44b08ee42,0.5647013783454895
82780082b1f7b699,0.47797611355781555
0402d0a10086ec75,0.528339684009552
be0eb3aa57f91392,0.4556482434272766
f7113b8bd5ec0efd,0.444302499294281
33414b1deacc02d1,0.4944421947002411
df3a09631c662e89,0.5108509063720703
2bafb35f415398d9,0.5214756727218628
acb4773d0b7782b1,0.37254682183265686
f0036e97c5f8f957,0.5041074752807617
b85516d971d460fb,0.5009468793869019
490e22e8f58d2543,0.4808306396007538
6051b7f89f8e75c9,0.4728289842605591
458f34cb4d427932,0.5420820713043213
b14f325c07b82eca,0.47578850388526917
9f59980bf473a6a8,0.5354803800582886
3e0fc9bc152b52c8,0.4474249482154846
4da59de1fc5c4db9,0.4845668375492096
58bf046b7d08d4f8,0.5289744734764099
2d44c53d4e35fec6,0.5235556960105896
4259869b0ef66d30,0.5453321933746338
a7b18242c4e6c7e8,0.5273740291595459
a618d7eaa4faaaa2,0.5451521873474121
be77726f744840ad,0.4638878405094147
82f63afbc0b320fb,0.5162985324859619
92af6372660407d8,0.4254888892173767
424c276ea6979c81,0.5033366680145264
b6cdb582d9cb6610,0.5184727311134338
717eadd6388d536b,0.5435043573379517
46d3bff039b5ed49,0.4946117401123047
a072864ad7505521,0.5238485336303711
085ca40e179635ec,0.5066179037094116
470cff49e27e3148,0.5448626279830933
f9b504fea2945f45,0.5275906324386597
5f60311b8925714f,0.5250735282897949
b5ec4e3987b6db09,0.4486467242240906
5def2afe4d92e58a,0.47575801610946655
65bea202156edc75,0.45341789722442627
2093a1bcd55cfe25,0.44832706451416016
a7411378473f40d3,0.5010256767272949
7a697c1072c1a4bc,0.5082835555076599
9742625953f5bb20,0.568116307258606
bfb2dbd82909d516,0.5443481206893921
92a96d1f9a3bd330,0.5167092084884644
a8306070a42dac96,0.4898393750190735
ff88353c37bd5935,0.48503556847572327
6f5045f57ccc1170,0.5381124019622803
d9c34d232328ef8a,0.427193284034729
f9a3de0f4da604f9,0.5285969376564026
9d79edc5a36e374d,0.49120479822158813
cf11fd5719bc9122,0.5176922082901001
43bf21f1cae67d9d,0.44202375411987305
859a93c991a1652d,0.4715614914894104
9f7e24e470530b2e,0.518638551235199
2b99a04175b1b4a1,0.5171407461166382
49a707a8f10040a4,0.4905000329017639
a3f383c91f34a8e5,0.5649678707122803
1f18c29f74a4ea32,0.42501911520957947
7f6810fe40818927,0.5428628325462341
88832a908ccf382b,0.450631320476532
afc79e7350370e78,0.5799949169158936
7f0e079ca943233f,0.4341191053390503
0d0ae8648e0ccbfb,0.5293319225311279
1fe1bd8f846110d0,0.5402092933654785
3c45c0fd01d5d7cb,0.5344187021255493
33c989cd4e133e91,0.44061481952667236
41a8862df8e6aa29,0.4488903284072876
9afe104c15ac8a99,0.47595545649528503
4f68d4392fcf79bf,0.4748275876045227
b91b91ec7294b147,0.5321365594863892
0eacfa36abc1b033,0.4844207763671875
b5fb19d3327ca977,0.37860745191574097
a6db4b5ea4d79dbd,0.4839537739753723
c5b8849b4f54400d,0.5407799482345581
0a14054801d01ca2,0.5151276588439941
fc39cf5c2ae42649,0.49445873498916626
b69ec39465d77d0c,0.5131365656852722
b2d2e7bd2d7204b7,0.5385463237762451
02309de771f930c7,0.5713297128677368
b5ad7fd9b3c82811,0.5442531108856201
b2f2b2dd673bf8f1,0.5327036380767822
815e42d4c6548d65,0.5230904817581177
ca4643cca848c8ef,0.4968448281288147
c35f04499be15601,0.4472700357437134
ebeb1d55d7a4e985,0.5256606340408325
ef78d57fe55c4009,0.4524332880973816
97707d75ff927c4b,0.4575005769729614
bfded3e13afbc2be,0.476448655128479
18988ad88cb0ce44,0.5245550274848938
3634e667e4fece82,0.5334816575050354
93375cde1337ff5a,0.5397334098815918
550c45dcd71b5f20,0.5046045780181885
dbf50e437058c68a,0.5202372074127197
c94709ce812b2357,0.5218725204467773
5d683309b9bdc55e,0.4661058187484741
bd1a58fb6f857e57,0.5039294958114624
1e1a8d35fc836edd,0.47897595167160034
7d377408882c1242,0.4567387104034424
3f86782d9472e101,0.4077948331832886
dd211683c0013ab5,0.5242716670036316
6314153954b4ebc3,0.47350311279296875
82ee9479efc852c1,0.5375961065292358
8df092dd3c899460,0.47930315136909485
b25a0a51ac843316,0.52988600730896
dfd73c6237ee4430,0.47523319721221924
f2d984aded9f3d8d,0.4897526502609253
41a8033f7ba3390b,0.4880238175392151
4797abc1a364b7bd,0.5170286893844604
d3db077cd2ee54ee,0.48282596468925476
b08e03be2a44c538,0.5269910097122192
088ccc6503965837,0.5139445662498474
073eb2ad355910ce,0.5448921918869019
2ed247934a03b297,0.49454444646835327
c6db82efae0b5fad,0.5184099674224854
2111dadc8ef44547,0.4999231994152069
eb8011b67a539c50,0.5228123664855957
72b18d61432fe983,0.5122633576393127
654cfc3691d77017,0.449615478515625
1d48ff9ad448d63c,0.5249525308609009
cea9572a2e0c7a35,0.5150268077850342
5c822e1d7dfcc396,0.5330538749694824
12a76576bb404f56,0.49940311908721924
ad0bef7ec2694b53,0.4983164072036743
d0054fbbcfd9bf6b,0.44282349944114685
cf80f5ca82db1d03,0.4796231687068939
dd1976b7ca841e85,0.5374205708503723
9180bb23804e0b0e,0.531722903251648
d248679e712c00e1,0.5316092371940613
7ed9871570f399df,0.42366379499435425
8e515a41921d16e5,0.5085030794143677
52c751e3efa39f14,0.5305728912353516
43687c21756aaf97,0.5227779150009155
a51cce63273062ef,0.5213679075241089
ac9d435b6a794027,0.5655364990234375
5a7c71d8b50b2094,0.5307517051696777
c4d440e2a3bbc401,0.5075076818466187
b35a754b74970424,0.5191340446472168
509717efeee93c8a,0.4721113443374634
2d90697778301120,0.5072250366210938
e52ab93c5373b986,0.5060842037200928
ca90cbd79d2d186a,0.4684947431087494
2978c5fb43a4e258,0.5264374017715454
e0958272ccde1c16,0.5086767673492432
0b05cb2784f500c8,0.5197991728782654
bb71bfa421b8f4a2,0.5236650705337524
c3895e0a4bd3014e,0.5077378749847412
997a88278331af1c,0.3665923476219177
52dd676cf7b55feb,0.5005791187286377
ece78b12b9c9f536,0.5324106216430664
36aa7def8f367f24,0.45393115282058716
03fdcd7b1076116b,0.5209880471229553
11a0dd98f2f5fe16,0.4589974880218506
34ae8c4b5197ac83,0.5422433614730835
cd67652a09fc6529,0.49016129970550537
54cfe3f2d1dafaf3,0.5240443348884583
a9c27c842cb1f2c1,0.492334246635437
ba8f432db1aeb0e7,0.50636887550354
2db3395af238af39,0.45413893461227417
94b1c92922989855,0.5412521362304688
dd59501aa6498c53,0.5488159656524658
7d6ed1739969afdd,0.5000038146972656
88c372787e345664,0.5310697555541992
5c92b4f6e612777d,0.5093713998794556
fabd5a83a1a17ea4,0.47841566801071167
9095a24d4740eaef,0.5294462442398071
7f5d82b5109ba5ae,0.5140390396118164
b2fa4bb6541889af,0.5372347831726074
a270859bb09eaecd,0.4679103493690491
6fcb15483da1ae55,0.4442920684814453
b1ebced684d04ae8,0.5168402194976807
4a866633b47dd049,0.5200823545455933
f3b78ed644d07813,0.5247904062271118
bfbb08645dc04af3,0.5151413083076477
bf52e8a309c25947,0.44900262355804443
283cae6ea53e0ff0,0.4320986270904541
7ed940c5ce94d676,0.5358741283416748
6d8389993666a81f,0.517478346824646
474cf367c1cede9d,0.5377032160758972
df11f843eb8b2da8,0.49205681681632996
f9da6b8615a88009,0.3922726511955261
e4f9b393ce774dc2,0.5552634000778198
68f054f5916a464c,0.4066992402076721
76915233419dc7a8,0.5110319256782532
9bd71b306159feef,0.4855092465877533
96d931f30dc8f6fd,0.5234390497207642
7139cd80c06fdce3,0.49456191062927246
7ad64e9761f11ed4,0.4238741099834442
6975a427adc311d2,0.552002489566803
85000ec06e535165,0.4945868253707886
d33ae0f4083235ee,0.5692133903503418
2b6b6ef931326661,0.5382809638977051
9a3a72a695781365,0.4837021231651306
88583151d490b44d,0.47244176268577576
6730174d0421e209,0.49040719866752625
b1aed3f9846fe673,0.5340878963470459
17472394a887534c,0.43467968702316284
16d0964cc84743d7,0.48279207944869995
a3d412ebb4506ee1,0.48550477623939514
33b3b316f0425ef0,0.4981233477592468
4e8596ee5ecf754f,0.5444437265396118
7a646e75d972ce7e,0.47840648889541626
6d33661963207cac,0.5378518104553223
8fcf663c8800c0be,0.4822637438774109
5493b4711a67827d,0.5172381401062012
680505d2ccdd1fa8,0.5208491683006287
3a4d8e4c77ac47c7,0.5266475677490234
8018b65f1cbbb4c4,0.5127984285354614
e2a6f2092b630591,0.5317689180374146
ccb170f506a80504,0.5333598852157593
7519a5a2bf901c42,0.5225381851196289
3af0d160472af9eb,0.5497512817382812
34bf819d4a079bda,0.47955530881881714
e9e15bbc94baedad,0.48186570405960083
18cd0a55d310ccda,0.5176430344581604
923d7cdfa43bfdc0,0.5372928977012634
9d09ae4cac190e64,0.5272594094276428
f688746ba94054d4,0.5203465223312378
435ad5c481c73b16,0.5178289413452148
acdbde45f2a34091,0.5689387321472168
891b606e5e428afc,0.5022587180137634
570b24ef07c3ae7d,0.49675649404525757
b6314181cba27238,0.46696609258651733
27693759aeedb431,0.545336902141571
278edb80b01ab63f,0.39893805980682373
eca36135cd18c12f,0.47168803215026855
824cf5c0c242eef2,0.49137717485427856
0ded45d53073f878,0.44302064180374146
270f2366d0516774,0.5194618701934814
c38ea3f62987cccf,0.492928683757782
9d0145094fbf9868,0.5500906109809875
a1b301708d68cb7f,0.4763847589492798
150971e92c6dc14b,0.4432886838912964
b69733d859522e1d,0.5360059142112732
f04afa11cfc4c9c9,0.6027649641036987
402b8e6f00f888f2,0.5215209722518921
a2ca1b28943091d2,0.4930487275123596
f313cd53ce2bcc7b,0.529960036277771
f546abb58ba5a66c,0.470711886882782
4763fba19dbbdfb6,0.42674720287323
99fe292ea2ac35ad,0.5015599727630615
0284111852253b21,0.526979923248291
04271d8227b87bd0,0.504172682762146
a4d5d8179777ce4a,0.4852418601512909
bbf2a5d21148ec90,0.5397287607192993
574e3b8c3f654e9f,0.5133688449859619
faf94e089b4d4b67,0.4954618811607361
0fd02ca1b8cb813f,0.5483304262161255
9456c8fe77914d59,0.5188382267951965
06f791c74a28590a,0.5358098745346069
610b613905df7744,0.5184146165847778
17e35204b01527de,0.5318762063980103
638424940fbfb8b6,0.5068374872207642
63439160e2849c59,0.52751225233078
14e207030262f2bc,0.48059049248695374
4afd21bd262b37dd,0.5195838212966919
628d19ca9ebfdc2d,0.5416455864906311
a8f3b12a094217a0,0.49390360713005066
5593423ca749a6fb,0.5322835445404053
c80a052f397b66d0,0.38363003730773926
552b7d2f634a35f3,0.47467470169067383
afb6e25c207445c3,0.5192174911499023
4d7a0eedee97e1d1,0.5471081733703613
ada68a46d90327f4,0.5155783295631409
b2d5f94eacf895cf,0.5277856588363647
be64754c99930bd9,0.5894099473953247
f5fc0486212117eb,0.49360567331314087
19d45a25b766a3ec,0.47905588150024414
f96c971e6563d947,0.5284656286239624
bcfe747a68984122,0.4340893030166626
74bca21cc2c7ce3e,0.47591638565063477
83c9f80696ee4532,0.4605945944786072
76472cadb51d96e6,0.45540663599967957
7c2e05f7241f22aa,0.5355275869369507
17e859da43bbd9c9,0.5095431804656982
da6d2bd20589c3e2,0.5181630849838257
5b6c38fa64902cef,0.5705013275146484
7bb7e93b964c2c4a,0.5430846214294434
d14b83df5f05951c,0.5172127485275269
483a419f85f13893,0.4914899468421936
8539274176a58811,0.5112450122833252
bc5e3ee87bc09617,0.4686221480369568
bbdb90043e18819e,0.5291122198104858
befa74a6475b0b3c,0.5468953847885132
75f7c569326d1ed1,0.4983801543712616
577eddfdf4a6e6ec,0.4192626178264618
f2dcd0ad8b7d1b80,0.5235061645507812
9b5271db84c3781b,0.5411490201950073
537ef78f18cbde5e,0.55101478099823
acb3cf69dd549de3,0.48077863454818726
2ef72e984718eda1,0.5336045622825623
13d44f7c67a15a8a,0.45228809118270874
c7b044dedefa7e32,0.499972939491272
c83320f694559eb7,0.502902626991272
3f66c997fcbc2625,0.49448472261428833
ad3ab5297db2b0da,0.4844580292701721
1b797c3dfd1ccdb3,0.38200607895851135
b25e038617a7eaf6,0.5114450454711914
3f20631c0968fdae,0.5035140514373779
1dbef053ef65c9be,0.528379499912262
7f29aa39ccc09882,0.477929949760437
f12cc7544e16d45a,0.4450089931488037
18621f8346be881c,0.4079470634460449
a43a50499f89459f,0.46189218759536743
add69a8065977c63,0.4996512532234192
51ff16abaa2192a0,0.515933632850647
fc02c1a6c6c31370,0.47523438930511475
66b48adcfa66e48f,0.4706777036190033
ef83c48657a5393a,0.4601086378097534
8a3fe2a1633ed3c0,0.5508483052253723
254ca9b103a35f43,0.49893617630004883
2857ce99685ce135,0.5345552563667297
b38b4ddbf5df1ed0,0.5288821458816528
3998eabfd0af9efb,0.5660046339035034
aeb56ad2155728ad,0.4349714517593384
390581e2d8e579af,0.4820476770401001
c10ca3847b62907a,0.4727820158004761
983cff851cd67990,0.4729801416397095
6359b223fefb4ed4,0.48610997200012207
8f2250a3536d7c5a,0.4595666527748108
44c0d30d119411d9,0.5307061672210693
cc9c3d2b6426dfea,0.5211348533630371
47bb12d1f243d4c4,0.5171588063240051
2c5b45f0c9be5978,0.44637298583984375
e75b04a46f18fcf0,0.535635232925415
b617e146e79736a3,0.5438514947891235
1f12adbebef755c9,0.44073486328125
63e92fd49ab21f69,0.4781898260116577
1b3180fe6e193115,0.5387430191040039
ac95130290b05d8c,0.49682748317718506
66452b7a424d09a1,0.5217046737670898
a2ae968648f4bd4f,0.5099133253097534
b2e015149227dd35,0.5326047539710999
a435cb1c1239050c,0.5182517766952515
e2316a2ea20b31e8,0.5190678238868713
7ba7ff3399760e1f,0.5383667945861816
d5c480f8d9f3ea96,0.38641080260276794
1ec57a32be9446c0,0.45086240768432617
d5f6057f4c71adfc,0.4459681510925293
38cf73611609d755,0.49967753887176514
d31ba97ed8a82166,0.4559362232685089
c5177440eaa1de0c,0.4900105893611908
74c62939823d9046,0.5143067836761475
8a186ced3d261bbb,0.5224635601043701
a74f02433de29483,0.5407246351242065
7f552d054481a9ee,0.47872596979141235
632ea24e5c4fa2d5,0.5025864243507385
8ccdcd37d6d076a4,0.4818834662437439
448d12d2c6c14142,0.5673351883888245
f607cb22432ad9b8,0.5320813655853271
35cb4af188144b6d,0.5019950866699219
c650ce491a82acae,0.4787708520889282
63cff1d49ee1d563,0.4940493106842041
570107c9c64523ac,0.4900340437889099
5424358cc7e8787d,0.5202718377113342
33bbf484084b2d20,0.41440466046333313
fb3704e62bb90527,0.4688500165939331
5489ddc220c9bf44,0.5464479923248291
392fddaa24e1ea73,0.5098639130592346
a79750d5e6ca065b,0.5042458772659302
926b6ae5f5dc0855,0.5965142250061035
4d35c65ee7d556bf,0.41867202520370483
ac0e924b7f8e56ed,0.49709054827690125
5b5fee24c978957c,0.46469298005104065
77f3499e1067d310,0.5361288785934448
e40aa3c62bcd5eb6,0.505343496799469
618841191b98c05f,0.5386875867843628
43f59a8e335155dd,0.485319048166275
546aa5985977d6f0,0.4692201018333435
e3ec2ea6e2257205,0.44431227445602417
e2cfd6748ffd6f73,0.5468688011169434
b6191ff5487a5dc9,0.5211375951766968
bf13b4ba84279fb5,0.5298911929130554
71acd08ff8676c65,0.5339196920394897
0016c4352becd048,0.4974679946899414
90ee6a1a584a0270,0.5138638019561768
b13278e6b9b42b19,0.5036174058914185
e6a377e841c883fb,0.45537543296813965
b4c43d7d2f83cf6c,0.5198396444320679
7a525e7b6bac0e76,0.4535715579986572
c1ce5f7c6f763837,0.502570390701294
659198614490cc37,0.5148919224739075
9ffb63500a908156,0.4829489588737488
3637838526b218ca,0.5296053886413574
3cb59435db199bdc,0.5153341293334961
b9d443cbc7bfe2e8,0.5391238927841187
39900d1b0b0938f4,0.5303977131843567
85dabc34b6f6859b,0.5779440402984619
3358925abf39a917,0.5265094041824341
4c39fec23a3d0171,0.5014326572418213
fb5705cb5c46f1ae,0.5141886472702026
2dd6b3e06fae633a,0.431043803691864
c685f078ad1d8913,0.49008727073669434
ba2c0a7561c11b45,0.5029493570327759
bcc6100f82d8b340,0.4611210823059082
06bd6b7c87974eb3,0.5224905610084534
5840c8f251bdd726,0.5262491703033447
a12341e87df907ac,0.5179387331008911
cd4afc25a069e17c,0.5218143463134766
d9838730419ed240,0.48263251781463623
0b80d93becd5b18e,0.5378220081329346
e4aef5531c1b6eca,0.520281970500946
f57b19baa92ff60d,0.4696258306503296
79d877757f375cab,0.472306489944458
eeca03d02e332adc,0.43942543864250183
035e07dfa256d5d0,0.4827768802642822
e9e6dd2c32ec5cdc,0.5010198354721069
4d74e4961232aff2,0.5081459879875183
16709eaf8ebc5bc7,0.5385698080062866
b69b794678040e40,0.5037878751754761
750595aa32cd9220,0.5099399089813232
f81450d38ff91780,0.5233479738235474
e20be143f3358134,0.48376527428627014
cf75679b82992cc9,0.5329666137695312
23c2c7ecd77c1915,0.5347790718078613
ff33a30d389ad780,0.5270230174064636
233a340df4cff4f9,0.513985276222229
47463ced72d39873,0.49120715260505676
1ff3a93426e7b247,0.5357082486152649
ad57e35c039e39a1,0.37287795543670654
4a2dcdac29f4f8d0,0.48235997557640076
4c0166eeaed3212e,0.5232867002487183
754481395cfc7f44,0.4372280240058899
42df72df0864f4bf,0.517257571220398
774c1291b6d3696c,0.5041579008102417
d9690c92acb2e786,0.5475485324859619
6da8d9695f77460c,0.5372457504272461
7f7073c5e2049624,0.45592865347862244
45141d4e8a344b09,0.5265700221061707
563116da5c74d0de,0.5309017300605774
bccc5613596501e6,0.4348621070384979
c3bed7501ad358ed,0.48757386207580566
0caefc82bc7d1ffe,0.5342413783073425
453aac92a1bc310f,0.5090591907501221
3572a4d1bf91ed77,0.5224798321723938
17592d688330da0a,0.5186926126480103
711a07c82a8f17b9,0.4732953906059265
07e2d737b4f305b7,0.5354212522506714
75338bfd3a43c16e,0.5123724937438965
49ed34cf9514a5e4,0.4825991988182068
715a649844c6b3ad,0.4873906373977661
2a3c24b288856f6b,0.5496963858604431
9545121629ff4b3d,0.5080515742301941
8cb5d82f069692b2,0.4591766595840454
9607f9afbde9396c,0.5329483151435852
4b136f68d9dc65b9,0.45614850521087646
fe7075ce996e06db,0.5301673412322998
9bf148b12610bc7b,0.4726262092590332
b426776aa151d345,0.5331326723098755
84e7f8164d7ac672,0.4989093244075775
a1543a57ef052ee9,0.5524054765701294
2624205a6f2b08cf,0.5383193492889404
0b20a19c662d4b4e,0.524819016456604
228d6dadec66b236,0.5087459087371826
2cc0fa604a11557c,0.5265921354293823
445d9b13fd4e7780,0.5071814060211182
1ea2084cc290d712,0.44001030921936035
346d2f3f1d45d113,0.49992063641548157
708c7878a3cfc9f5,0.5494698286056519
4076d399a1ca0c1f,0.47408777475357056
6aad38ab345b4567,0.37452518939971924
8d8d76352f147864,0.5264074802398682
8c3d462609472a52,0.5219419002532959
896f23cf6f31f369,0.5030989646911621
e7da942ecd66c08e,0.5246098041534424
81f0f68ae38aa84c,0.5511130094528198
0dbc02244c255fec,0.4759938716888428
48bc8127f383f615,0.5298906564712524
b43afcce5eef0b0f,0.5312554240226746
4442997b89b39914,0.5417609214782715
089a423bb923d05b,0.577707052230835
7a1386e4d09e41c3,0.4696388840675354
21076fdb41157843,0.47816169261932373
6b5bc2a6a933416b,0.501850962638855
7adcb0dabb9b015d,0.48016253113746643
f8bb9c91640eb193,0.5329166650772095
41043e3bee30db26,0.5205270051956177
177033c840f559df,0.448375940322876
ef6c29e32ac62480,0.492313027381897
55d8ec0ad64e55ef,0.4708332419395447
f32d013b690d1842,0.5129163265228271
f2cf6bc9a071a6be,0.5406456589698792
0e82f32c01079062,0.3804280757904053
7990ee5129148f9f,0.521467387676239
04c6b3b91ec41532,0.45542439818382263
104a0f781886514d,0.4895164370536804
a2eebbb93037d4fd,0.5223091840744019
00fa71a26ac529d5,0.5442858934402466
10bc9fd517d62c68,0.5756607055664062
bf33726de6dfa9a5,0.45296669006347656
7d4d8d8a78d8b942,0.486870676279068
80409e572394809b,0.5692959427833557
9904e75dc4ffc82f,0.530148983001709
1825a146d95fe4bc,0.49031224846839905
854d01a076502be6,0.49474114179611206
e823cad43fdcfa46,0.506361186504364
5910efc52fb17f95,0.49263548851013184
acf9d472a81ed175,0.4052199125289917
52bb336a510a310b,0.5242249369621277
d948b41db7b0b7cd,0.5120252370834351
a3999cb6e0bbb1f7,0.4437480866909027
64fc1c111325f953,0.5195846557617188
538e4b9ce0e86800,0.5054940581321716
d34eaae9a3f3d3db,0.48855146765708923
9233dcf9a0d13b44,0.5379524230957031
fb2924fabd29beef,0.535402774810791
40ffc42015d1034d,0.4818112254142761
6f2e1d837da8a907,0.5022485256195068
9cafdfe35b593ed1,0.41625046730041504
eeeabd5db5c8b2cc,0.4337710738182068
23e625cfeca5206c,0.48422735929489136
2093f8a7f51997c7,0.4384211003780365
da942fa014903ce0,0.49720239639282227
b1b720c9e87d0dc5,0.5023592114448547
386bcbe41ec84834,0.4740845859050751
467179c5873c6bbc,0.513658344745636
0fd646a0f84e29cc,0.5031125545501709
20491bf94c9b91c1,0.538032054901123
a3af8667caa5a39a,0.4870414733886719
afd2e54e318e162b,0.5198935270309448
c72fecc26f49a831,0.5013236403465271
e8c81fb956999374,0.5106093287467957
db96d2111e6efa95,0.582986056804657
e45d6b85510b400d,0.5042771100997925
e04b4d90ccace3a2,0.47561901807785034
3dee847510ab0143,0.538398027420044
40cc98d85651496a,0.5261333584785461
07d69152fde41758,0.5348427891731262
6540362c4c87de88,0.43074488639831543
78bc8c414064b4e1,0.4451729655265808
d54e98db23b9c8c3,0.5413209199905396
1649a20f4979800b,0.4617239832878113
8940bf7d835a9043,0.4347159266471863
235104bebb34c5ca,0.462965190410614
5de2142fcdf20f62,0.4215734004974365
e34c9bbf1d67f3d2,0.5084467530250549
35387b971e0b88b7,0.5745949745178223
17ac4570077432c4,0.5037649273872375
20a4ad7d90faafba,0.49763768911361694
b1012f52d28574bd,0.5406662225723267
bdca6b2d26b4f2d1,0.5096241235733032
0012d0b69dba09b9,0.5159437656402588
99b3c2759de52026,0.4824633300304413
e7362956f835eae8,0.48298102617263794
b0888f527d79e10d,0.505185067653656
b1a2d4c32bbc593b,0.5294679403305054
701dc1012631dd57,0.4777601659297943
6256ad93d4906a0b,0.5027176141738892
62b25490cff238bd,0.4931993782520294
c0d93acc496d21d7,0.5190797448158264
3b341779cbf2044a,0.4581660032272339
4e0b4097ea153a1c,0.4832282066345215
d0ea37c55c25578e,0.4383901357650757
f7f98171b9d1d697,0.48641449213027954
c5c79fabe2bc7a40,0.45941147208213806
18c516a22fd5be50,0.4850669503211975
0ca445ae935bbb3a,0.5279183387756348
a32a7c1d26da77d4,0.5433034896850586
a8b657822ffc5590,0.5052746534347534
6e1304c1d5ed7305,0.5130858421325684
31b6f3b5db7a8f0d,0.5038720369338989
c1bd95d4d6e78a9f,0.4832339286804199
7ba4bfdb774e4296,0.5333641767501831
45b5ad5ed27eb468,0.5285022854804993
0c161731b94b7d0f,0.46959641575813293
9e83da4ef38bb25c,0.5240733623504639
d28fafc6ccec0f17,0.5044677257537842
35fa2e9557677ac3,0.4584510922431946
22a14efbbcbd4e60,0.4900689125061035
7e290b9c8bbefeec,0.5236159563064575
ab4f01e76dda446c,0.5324751138687134
10e6cbf13a00670f,0.5076110363006592
43c3074e642cacc6,0.5224776268005371
476204d92f6e72fd,0.5472573041915894
4a0e582e722ba08a,0.4787091314792633
3666e8061a3ca708,0.5242956280708313
8905602de8a945b1,0.4619973599910736
ad4b4d68cf6fffb6,0.5300928950309753
0ca4867d7e9f262d,0.5345864295959473
78c29eff15ba0c8b,0.5540181994438171
7b2337033b8dbedd,0.41490769386291504
746d154fc2e57a88,0.5409747958183289
35b0978fbff00d7e,0.5311415195465088
34d2b82aa5ffcb80,0.540974497795105
d456c9b829cdaef9,0.5192174911499023
d4484224186333dd,0.5841848850250244
cf58a7b7aed04ec6,0.525114893913269
d9ae5b1839ce1044,0.5208961367607117
4e92195bfe9cd921,0.4807157516479492
b29b5c4fdaa9caa2,0.5435720086097717
383103d0fa6cc5b1,0.39325928688049316
f90abc0efbd3297f,0.5124549865722656
c5aa0ed4bf2c4399,0.5091670155525208
96a25417601b051a,0.46100175380706787
b97bff39444521e7,0.4867725968360901
88a97b99ed74074b,0.49661561846733093
7629c8240d1ac940,0.43651384115219116
d5b33a592cff656e,0.4423641562461853
7a23160ed9fc7284,0.5424212217330933
3d8f4d7bcc6d8429,0.45739710330963135
1332933f0eaa0633,0.3825816512107849
3fafa400d6de8dc1,0.5432115197181702
f73a461b320b8c46,0.4911503195762634
66dbf805962b168f,0.5461510419845581
c2828cfcd8c16c44,0.5015456080436707
76c38b70cf0e52a4,0.521257758140564
3642459c368ae936,0.5314833521842957
8841d0b171498272,0.4759162366390228
51f2c325d61ae310,0.501254141330719
7df29901e43038d3,0.5314396023750305
20d1ed7532169f18,0.5035305619239807
25c75364b3edf1d5,0.463201105594635
35e34a1906554a03,0.5262149572372437
7df6ef06e97a6102,0.48596662282943726
59c2bcedcf1818e7,0.5394679307937622
19c36214532dae60,0.5152393579483032
c33572b5ff3864bd,0.527755856513977
718ff9b1f224967e,0.534669041633606
b2cd1a4b04fb0fff,0.4692613482475281
e8663234367ff511,0.5121830701828003
b01b34510bccc6fe,0.5128258466720581
c9487ed975bde194,0.5032035112380981
390a7893774dcfdb,0.4538358151912689
8c34ef99ff6bb8eb,0.464744508266449
fa8d22a792830201,0.5494257807731628
98581ae45a3b9676,0.5159248113632202
b2f808f21488cb8f,0.4349132180213928
70a6555fe511efcc,0.4690316617488861
8b83f7bd1a8b3d6e,0.4556938409805298
2775b8582663bf51,0.5202221870422363
1db00fb55db839f3,0.5419318675994873
2a0ad39ae174ae67,0.5186601877212524
ded4dde8d8ab86f3,0.5287697911262512
3a3b10bfada8960d,0.537212610244751
aa03a6c71ad28ba1,0.5113306045532227
589a101a07667c75,0.4948168992996216
ee68586ab142597d,0.5393269062042236
4c5c710da5cb689f,0.5188724398612976
282fe228f722fda3,0.5290347337722778
1063dcd3959b1829,0.55763179063797
2a46a4d5b9101f35,0.46122652292251587
dab91f6d2f0ed3bc,0.5078653693199158
8677db1685196282,0.5205684304237366
eec68c950bf76355,0.5154128074645996
15f5b680ae554deb,0.5102230906486511
c666cede5f52660e,0.4628789722919464
4e2aa0a25ee0feb5,0.44531047344207764
0d3aa6aff76b95dc,0.548714816570282
c656781d3f01c36a,0.49022209644317627
7b7b2d1743622b39,0.42425262928009033
af8177d12b2973ac,0.46587246656417847
fc8cae109c6ed27c,0.5014881491661072
42fbc36d634f42f2,0.4799198508262634
506a721a36969ff2,0.4518430829048157
0ea17f587fad4483,0.4127998948097229
ad86b04564e92f7f,0.44602730870246887
51781b13165215f8,0.49456560611724854
41085f8ddc5b9202,0.5363984704017639
b2f86f178bf106e3,0.47783681750297546
f2b6656365954e16,0.5268580913543701
98b40571cbe46bb6,0.511757493019104
dab0673f55fdfefc,0.5244269371032715
f76bc2ce4359a5e1,0.5556876063346863
c42e2b85f3413005,0.5084379315376282
b46990099c03f190,0.5204063653945923
4ea6c025e14a210d,0.513212263584137
dce923ed437cf7a6,0.5104483962059021
89ad5ac5ccee773f,0.534044623374939
8dcdb761067c1fff,0.507607638835907
ae5781f10337700c,0.5226260423660278
b9cea4b89277c77f,0.5148550868034363
7c3273cd190b26ce,0.4982606768608093
1fb68e16cbbe83e9,0.4980122447013855
7ebded5fb58d3332,0.456042617559433
270e5b602b0cc447,0.5388802289962769
6eb40657482b0d8c,0.488802969455719
22fc4f38dfd9e099,0.5261972546577454
35b875290707f81f,0.4464551508426666
c809b64cf89fc543,0.48921433091163635
76569736567b38ee,0.5766251683235168
9529b0ea580b5bb4,0.5253307223320007
2996c1ceda0d5096,0.4070414900779724
de0938dffc963684,0.5370081663131714
cb9a7996f045daa1,0.48659807443618774
2f8b83f8611a4ce8,0.5262736082077026
009a3d31d29c6c7b,0.5230396389961243
218fa4082b2ec15c,0.4911675751209259
2ae029e95ec2c23a,0.47857433557510376
cd76b494183150ee,0.3943755030632019
8eccf5c98dd9edf2,0.5315494537353516
52ac8fab1ad6dc03,0.5054727792739868
b55a64ebd8a2a9e7,0.540337324142456
b29916a2f98b4bf2,0.49708202481269836
a63e53453d9f5466,0.37512630224227905
8baf505510e94971,0.4997836947441101
35845a8f9a6b4d84,0.5351096391677856
bbe9c82490523b0e,0.4969121217727661
9be42c4d6cdc1909,0.5133205056190491
4421bc25eeb56871,0.5346021056175232
222d512044d89d89,0.4691501259803772
35876e07045c67b6,0.5303415060043335
2a8789d7b87ff140,0.5188548564910889
c7d97937fb412c7a,0.5525835752487183
2b7033f03b3895cf,0.5220675468444824
d3370a3b7987cec2,0.4622121751308441
5e11225ab865c1f6,0.3774816393852234
b5f5608650e6989d,0.463811993598938
2c1a537f624179e0,0.5081538558006287
1b5c77a527f205fa,0.5363593101501465
0f8306ea2cf55a99,0.5301966071128845
48356b2ea73594eb,0.5199005007743835
c1294aa34765cad7,0.5074828863143921
0f01ff112a8bf605,0.46040165424346924
a70bc33ef4c00d36,0.5410083532333374
4154572d657d922f,0.5306521058082581
403973d6b298e8be,0.5331592559814453
430abe935efac350,0.45895445346832275
774a673ee018c334,0.49942851066589355
f224ff4dbd0a8f25,0.4583536386489868
37b5fe9711350b65,0.5021100044250488
e9f21d520966b50a,0.5182070732116699
210eed57eb24aab2,0.40637296438217163
d68c7a3d7f2f4830,0.5131310820579529
fe70d2dafaad38f4,0.4940495491027832
8da34839385158e8,0.5178714394569397
9d9c3ad6f7102bae,0.5275207161903381
b7601c9712cf2b27,0.5352834463119507
9d36fc1c8dfcb1f3,0.42412254214286804
409c40cd5e85229f,0.5553100109100342
dbdf40ebdf7ff710,0.46314239501953125
4536339532e14d7c,0.46362870931625366
853a53bc30b11707,0.45980045199394226
8ae14d811992d6a6,0.4660593271255493
82e9235a36fa4d46,0.4980345666408539
38ae0eae32fcf74c,0.4953182637691498
f45feb2699436a6b,0.5104317665100098
749b5314b35894d1,0.5422830581665039
8023e76b21c14d9b,0.5340662002563477
06cb02f121da039e,0.48613235354423523
7df6775ce7b24fee,0.5011175274848938
c7849c9801191150,0.5348795056343079
0f8a793cc3317ce9,0.5536722540855408
8e9ea671b60d3a83,0.5139516592025757
ad30394715448dc8,0.47568660974502563
fc2a7838e418d634,0.5204474925994873
d85631ba4b6616f0,0.5027890205383301
63460c38f182fa96,0.48483866453170776
c67423b940ade99c,0.5189653635025024
90e6b5fd249a0acc,0.5295690298080444
de09ddf62479fca9,0.4776741564273834
ab373fd3ef359421,0.509609043598175
a46f77de67d23ca5,0.5204875469207764
33b56f6e231dbcd8,0.519163966178894
b70e08c86ea6e303,0.5261532068252563
3729603bacc83c25,0.5752279758453369
1d752e745bc0d356,0.5346275568008423
9de6feaf5cb2fc4a,0.5284522771835327
eb60955916eb074f,0.4867095947265625
122d94ee0953a705,0.5390206575393677
a34b9cd225518197,0.3988066017627716
b762a9e51714f996,0.49284976720809937
9fb6176a0e52620c,0.5155787467956543
f8f4cd7cfbec991e,0.5004757046699524
67f2a2b3a9a1ae42,0.4869298040866852
200de96228e19d03,0.5078240036964417
5ae6e64584101c3d,0.5268222093582153
94cc50fb9ef4f0f8,0.44909507036209106
2898bbf8c1c8dc72,0.536684513092041
c08f2584c21b863f,0.5484920740127563
616a3957867188ec,0.5257104635238647
8f90411233b06a37,0.44553524255752563
e92b5a83814691a3,0.5076307654380798
264c665b5e8143d8,0.5397924184799194
97501a6bca65d8c6,0.44504034519195557
60d4680efd080d8a,0.5102046728134155
02915f9897a37925,0.5192891359329224
cc7ff6943606f974,0.5515820980072021
7d9a2ce96ca5d0b1,0.5012547969818115
6b0ee9b362d06df5,0.49634024500846863
24adb99b892cba99,0.5172570943832397
b4bf109a47128928,0.4812828302383423
8f399b623f85c8fa,0.5129152536392212
2ecea48caa9a26a1,0.4676735997200012
8e164bae3a7c44ab,0.520684003829956
a97d91cac7cfa558,0.5036633014678955
032219c17d82ecfd,0.5291648507118225
3b44f724a2897eb0,0.41750961542129517
4155d7f46fca0bdd,0.48993349075317383
aa97217ea9087724,0.5421709418296814
5a4dac4b8bedb6e9,0.480518102645874
f0bb4e6dd1bf4590,0.4407593607902527
9850c1544c2f9af0,0.43053102493286133
0fa802b242c93b4a,0.5209047198295593
629598230aafff45,0.4796389639377594
90566837e6ef7e00,0.5087307691574097
78d950acd847b8da,0.5099058151245117
0e2b5a8b81a63f14,0.507798433303833
22fbaa63687b28f7,0.49765199422836304
df8773f538d47f13,0.4875567555427551
08075434123c26d6,0.5259860157966614
d1fc4f7ec4fae129,0.4594278335571289
3dab27d1ed6693e4,0.46236395835876465
414615a561a5c6e4,0.5276495218276978
17d740be84fc7dc4,0.5124005079269409
411126a6dc5f5e81,0.4634438157081604
82967938f0cd245c,0.5097912549972534
d74e92d597342627,0.5091381669044495
2cb0bbf2b1e1cbcf,0.5274546146392822
581461ffe5ae8883,0.49791282415390015
75841d11d5a6a74c,0.46037551760673523
a61db64251daa642,0.4895634055137634
023e204efe4b576c,0.48487189412117004
70b9563b39aa7614,0.5379495620727539
93bfa9d1797340d1,0.5280226469039917
fb8d71bd653f8fe5,0.5278235673904419
f14d22b3e0ba8b20,0.4030380845069885
812bc22a181e6f3c,0.5416433811187744
a1acfdb6d8fb23ac,0.48441585898399353
c74c0ff032b5d5c4,0.45135658979415894
68bd4a1b257ea72c,0.51690673828125
b69bea6829f676fd,0.4598361849784851
430e260ca6b81211,0.5162854194641113
b8b6872eb91099f8,0.5145785808563232
382fb27ae23f4e45,0.4039648771286011
47466d07fcc83dbe,0.5232967138290405
ea110266c460e307,0.5019136667251587
1736da6bb2ba40f8,0.4972226023674011
958fe9c4ae8ec73a,0.5164066553115845
a83c5c44c06a334c,0.45303869247436523
a2bd24ab8b3df974,0.5855792760848999
722c3c5c4cd768e2,0.5321141481399536
721cf078292ad8ea,0.5236208438873291
b4bf0398191c8c8b,0.5591392517089844
b8a0c86da9fd37e4,0.4905236065387726
a4aaa2edebd0b1e7,0.4896240830421448
489426d09df95c18,0.5517836809158325
592c485e178ef21b,0.5318590998649597
64d54f6ff4d18fa4,0.4792328476905823
d0ef8673098d35d0,0.48560622334480286
3cd9c5cae6d01a57,0.5339726209640503
67b90271cf3d5760,0.47658538818359375
cf582b355bd66d48,0.5396254062652588
87ae6eb290aa8f9b,0.466707319021225
6540649994a5a02f,0.5261658430099487
0422bb1151424bce,0.49198031425476074
7a8c16e751e98cda,0.4945942163467407
d98063679ce0e1eb,0.4729920029640198
9421fd4ecea89ab9,0.4445982873439789
09fdfbcf27909fd1,0.521148681640625
d9d9d7798eff4bf6,0.42192232608795166
21ee61d33575c4fb,0.5079257488250732
60d95213a0690ae4,0.5097479820251465
622107b31919af47,0.5338222980499268
b508bf86fce0b6e4,0.49924391508102417
e2b3733ce62ac690,0.5189650058746338
956eaef61e93d75b,0.5041353702545166
a7193e3276ac466d,0.44299429655075073
46dfa9cbe05c9113,0.5244476795196533
43ff4d0b100dc649,0.5244299173355103
5fa4ed1e9f51073f,0.49502354860305786
64d6f7d1a9771d83,0.5328072309494019
5bd3b2aa676ac8f3,0.5124714970588684
d52f9f9477b1db0b,0.5300606489181519
14d1430584194470,0.5540881156921387
7b3504afd12d5525,0.5380452871322632
c365f65c9cf1e964,0.4646073877811432
63377cc036ed1bbe,0.3875751495361328
12f66d8c9e22827a,0.5387288331985474
2465e5842a7cdd65,0.5078375339508057
ece716764dac2a50,0.5201165080070496
434ee810aed8aa1a,0.4975508451461792
82c3ea3e47e69b1b,0.5399031639099121
9322aed92e47cd1f,0.4648995101451874
0e92f528d24bda85,0.42026111483573914
cc709c5d51387758,0.5146298408508301
2eeaa61c6dde61f0,0.527445912361145
a07b2e8736cfec4e,0.5172325372695923
f23cdb93ec851bdb,0.5008642673492432
6a177150eb99b18d,0.4281359314918518
c92d9c662625d619,0.45213156938552856
2a881b6ec81e13d1,0.5175689458847046
036fb2ce794dbaa8,0.513248860836029
0decdc4ebc51e9b9,0.4894607663154602
39966106a733fe10,0.5064072608947754
ab055488a2134e58,0.5510644912719727
0f9813bea9ab31e3,0.5129463076591492
d8bf11df95c0175a,0.520909309387207
50cb41d22f082156,0.5136603116989136
f8acebe260a0eca8,0.5188291072845459
eda7222ea8dfcbde,0.492112934589386
9fd178f1fd2182d1,0.4191474914550781
424a9e40809252d3,0.4638097882270813
9e73b9c3e623826c,0.5052163004875183
8f30fd30d71a789f,0.537436842918396
d80ed491829d9d76,0.5219444036483765
9ca54e2f7564ed41,0.5312915444374084
c9f7708755f2101c,0.4990844130516052
d01ac219fa64e6af,0.4999045133590698
c2a14d0ff755c5f8,0.5226572155952454
7140157441e729b9,0.5235177278518677
550c7e7faa8eabc1,0.5180690884590149
39b8975740578d0b,0.4728623628616333
2c497a3a4f908f2d,0.46770450472831726
bd6ae792170828d9,0.5338317155838013
85893b0641446504,0.5444951057434082
6fd2c7528f4f8dd8,0.4040387272834778
0d54114f06cd635a,0.446075975894928
62a0b0ccf7652e17,0.5261449813842773
a2236edb1635d0a6,0.48998725414276123
8c48346d1892c717,0.46582603454589844
1403c4098770c539,0.5305194854736328
04946eee439d75d1,0.5239754915237427
7aec8b6e76f0ba4b,0.5465124845504761
cd93c0eb1f00c0b5,0.504817008972168
c422cd735538c555,0.4284001886844635
9fc9d33007eb8886,0.500960111618042
c270980441f30332,0.5204812288284302
15e4c481c926b103,0.41202735900878906
068cea6a36d07f5c,0.4421465992927551
66c2d40da7c1655a,0.4574044942855835
c3a18acdee990fa9,0.5581291913986206
30dd92bebab4e031,0.4983370900154114
86b16e6a3c7b683d,0.49903082847595215
b06e9ef42db80d0d,0.5093573331832886
2eb2245e420e4ed2,0.5284194946289062
aef41d0781302894,0.5603529810905457
52317f92a75660c2,0.5150991678237915
72bf44e60306bab2,0.5707392692565918
eaca4e4e2d9c80a6,0.48506760597229004
506e4499438c9c42,0.5191344022750854
65e55aa44bc979b4,0.5217310190200806
1be7de8cfa31af58,0.5231937170028687
f530773ec80826af,0.5041505098342896
b25951255476ca9c,0.505214273929596
dc693d15ae3caf2c,0.5252033472061157
c9f2beb93f7e1c36,0.48823806643486023
9263ee1c2549be94,0.4499608874320984
ce212a0cca7310ec,0.5269445180892944
e1ba5e6e9215c734,0.4673002362251282
27955ad1c2969a40,0.49622344970703125
0b89c3d2cbc43a49,0.46437138319015503
688ad1e7f067b16d,0.5280077457427979
374c6267f50900c2,0.5558820366859436
ef043778feecf49f,0.48060527443885803
b38751adbd1523f0,0.5273009538650513
5ff5b555c8a0ffa0,0.47797802090644836
5d3243d3b8631d1e,0.4957433342933655
f72e77c7d55580d0,0.48910754919052124
ad4ef3fc2297af86,0.46489566564559937
792c1b8552fab4e0,0.44248026609420776
e47cd44fcd12208b,0.5099948048591614
27ad1b15b67c00f6,0.5148405432701111
68a83c89a622b1fa,0.5050804018974304
2a9090e775ed93a7,0.5351530313491821
b63e2e9f7e4be7ba,0.5261237025260925
0d0888f0368ec1fd,0.467750608921051
cfd08955fd7e0aeb,0.5214210748672485
0da9f82aa3aab40d,0.5256112217903137
5f916ed08903fb15,0.3991855978965759
ccae8994a6ac6016,0.5148520469665527
c5d6f745e233527d,0.4832422137260437
67a707d60b5119e5,0.47015249729156494
509f337254af06a7,0.519264280796051
d331b646ffade5f3,0.5528015494346619
33745d8be9a1766a,0.4765748679637909
8e3752d56b5e70b2,0.5157238245010376
63ed448d6a8731b8,0.520488977432251
8a1accdbe578cb39,0.5241541862487793
7f2a3164a78976dc,0.5228609442710876
adf40632dc6f3736,0.41349783539772034
59ccef7dbdd2eedb,0.513472318649292
0d5afbc1eab21938,0.5106950402259827
32406895ff5e91e1,0.5192829370498657
713820556bde5587,0.46296632289886475
218350e4bdfda7c2,0.47304144501686096
b2a19b2f84ebc9dc,0.4874279499053955
7c5780f073f82144,0.4553237557411194
7ff7ec2b1baf2af4,0.5319881439208984
4725cd6a6a0dfca3,0.46561580896377563
b99119e02e94f316,0.47796696424484253
166c4e17da1830da,0.5255493521690369
12c599ea0f7a9f8a,0.5065291523933411
78e10581934968b3,0.4437124729156494
35510b31f3dda104,0.5025143623352051
a118600b714e12e7,0.42283153533935547
f498dd4a7d9c8ec7,0.5045912265777588
8ffa76c8a3a8dde0,0.4980005621910095
a76d2558aa2bf0b7,0.5315155982971191
c7bef05ddad199a4,0.5064923763275146
b3ed26f40c2d78b2,0.5299952030181885
6b10a27c232da1c0,0.4785059690475464
1122be8eba016ff3,0.49520111083984375
9b2f9d4fa6496f8f,0.505499541759491
dcb2424190de228f,0.4521058201789856
e9fc8abe9e3d3db2,0.5067678689956665
6538ea9b4fab5f88,0.542838454246521
b2b00fec78ce585e,0.474606990814209
2fbfa3c6129e8f8a,0.5175939798355103
c0661a62b3975978,0.5150096416473389
f15cd3c28f409d64,0.5254258513450623
55228930d684b9c6,0.4947967827320099
76197a81f117476e,0.5040885210037231
a1fd3f01b26b26be,0.5023691654205322
e673a062192796e2,0.4625299870967865
e78fd82940482a80,0.45220422744750977
5e35c2a6b50e688e,0.5216532945632935
59c3bbfc742f9b2f,0.5112377405166626
ec2f1f3788c36aab,0.5314870476722717
d04acb778d27996e,0.4955000579357147
3f68a277bffc72de,0.47241324186325073
bb2675e1d18441d4,0.5465046763420105
c7b77d1001a623c8,0.47500383853912354
2bce657e61490a04,0.5464688539505005
e004bb4dadb4db54,0.48293429613113403
4cdb3c479ce58119,0.5322233438491821
d44af9068c089a45,0.5321158766746521
5ca3b93f76de3bbf,0.5425252914428711
f5ab7664accea0de,0.5333654880523682
a322ad9345143ea9,0.47339844703674316
b734a4a42936cc76,0.4840099513530731
9ded7c90769f2627,0.5285743474960327
94f0e70e015c856b,0.5370115041732788
a3258c80621be91e,0.48875096440315247
5bd592487dbba58c,0.5077074766159058
18a34f7228018c0a,0.4545288681983948
2c42c834506cfb0d,0.4678168296813965
cd1d30e2ba564e3c,0.4180961847305298
e3129f1818da35aa,0.5214272737503052
e2a6bdfda1357034,0.5228842496871948
4f3b3397fd68c59e,0.49318644404411316
93a2843e2d4e5cf6,0.5296040773391724
052319c591a50ff9,0.52653968334198
0347e0d2a1bdd49e,0.505685567855835
73c7fb169acbce66,0.5093193650245667
27f07b4138b3c2fb,0.5315255522727966
988767b202080636,0.4807842969894409
ad8db401866a9e09,0.5005075931549072
882f3baedc526fc3,0.5357390642166138
db64650edc96892a,0.4738937318325043
1b10c1fc97001770,0.4938523769378662
7d7db70c25d3f96f,0.5211467742919922
99213ef3f500493e,0.5241048336029053
ee022496118f2afd,0.5062086582183838
37bd20c85e07a248,0.40942853689193726
a4ab29b9e186056b,0.5098525285720825
8b080d08334b4b94,0.5311419367790222
0a6e2f694444d7bd,0.5121191740036011
077806e22855a329,0.4932708144187927
ff27a5e1d414c1d5,0.5544904470443726
d82aff9d657d7388,0.5241925716400146
27315ad5c57ba816,0.5156257152557373
9aa393469bbb21fb,0.49148690700531006
97ca12ab5581826f,0.5216350555419922
7d7848fcb7d30227,0.49659085273742676
fbe440000432e21e,0.5126136541366577
ea0cebc3969ffc46,0.5078776478767395
fa683e10a964e513,0.5317026376724243
2d93c42c31efe98f,0.4147619605064392
e20709144764a449,0.5178676843643188
43382140e87317f3,0.5549379587173462
f71995e84fc1adcd,0.4666781425476074
36d8ae9652c62f0d,0.4042329788208008
ddc622eb2a18074b,0.4451240301132202
8fd2c57f59d780f9,0.46592721343040466
2e103323eec55fa8,0.5882259011268616
02bae3a4092f11cc,0.4809419512748718
b90f3ad22cec2952,0.5158657431602478
5841c3a30991329a,0.42581963539123535
44dd8280591cf516,0.5145207643508911
2c3353af30c1df7f,0.4596496820449829
c26354a27467f46c,0.4905484914779663
3fb8617464d0fcd2,0.4884603023529053
5813683384b71b94,0.5250451564788818
37df744a53848999,0.48973777890205383
2c1beeb4e33d0dc8,0.45803922414779663
14d44b3fdaf2e536,0.4677280783653259
8839fb5dabd92b5f,0.48811718821525574
6d1d807b443545fc,0.488946795463562
9ba1d9e25f1d4214,0.4644480347633362
4feb693a8ad1d6b8,0.4980597198009491
8ae65d7bc261f850,0.5086735486984253
97d4d1d812301dcb,0.5204312205314636
49fc7c8d000dce1c,0.5520838499069214
7ae89e9909d3b459,0.5240303874015808
54aa2f18d0c5cc66,0.5087469816207886
c48c719e70724b05,0.5413563251495361
232317c0400dc768,0.4960581064224243
456b0f6eeba138d2,0.4660685062408447
5aa8fa83253051ff,0.5314844846725464
1be8f9197c179e8b,0.5114831328392029
55a4018b5ec34887,0.4883537292480469
bcfac7ce638d7f9b,0.5208708047866821
971061461f80e176,0.47373664379119873
682caedf36ef7d69,0.4998035430908203
773ef86db84fb084,0.5122992396354675
eebe0e28a7d2fc0b,0.5453333258628845
bef6c8483128119d,0.5207945108413696
02b4c0569b56b658,0.5452408790588379
f9d6cf6dd1e909c1,0.5431854724884033
9a852d16ca8cc89f,0.5500143766403198
028f6fb9f26668db,0.46153828501701355
fdf69b9d824cc8d3,0.49648207426071167
11ee15918d0841a8,0.5274293422698975
dbf1a6a5d8c657f8,0.5222278833389282
488802b51b0f0b5d,0.4833032786846161
0233908a586b4136,0.5134461522102356
dcddcde4a6b4c04b,0.434528112411499
9dd340ff47b63381,0.5066524744033813
ce2f750f3a554b7c,0.5157949924468994
42e1e0593979eb63,0.47144654393196106
6a3f5bd083d4e009,0.4319910407066345
077deee4cdcd5b33,0.5210648775100708
4c95dccc43f985eb,0.530261754989624
d7ef77d026b03e7a,0.47945550084114075
3abbc78cba86352a,0.486922025680542
5bda05ac026bdc2f,0.49869924783706665
6b871f52f6613b33,0.5547893047332764
e6119fb29b87dee0,0.534018337726593
7e00741a69638c38,0.5158751606941223
35b02b5f77ad429f,0.40506649017333984
ac039146a2695029,0.48304247856140137
98db03c03229f869,0.5356169939041138
dcb6f13674b34424,0.4924888610839844
1a78ecb29cfe8667,0.5515276193618774
5229e6aa5dff1213,0.525969386100769
3cfa0a7e19c5bca1,0.46624499559402466
b305af3f5cba9720,0.5372201204299927
8cb593d851f06143,0.4593965709209442
9358b8ae786adfae,0.43611645698547363
41b8bcd9175941ed,0.5386634469032288
82f3a0b0aa7c7e85,0.5286300182342529
e326b3da17609d64,0.5280604362487793
c46b24abb9c67c16,0.5857740044593811
fae1492c8afcb85a,0.5306235551834106
30934e238a5db967,0.5117133855819702
282eac255403b888,0.5142598152160645
33c0a6c8393e02b3,0.529123067855835
5868283248a7798c,0.4784584045410156
161a4433e2de9647,0.5436875224113464
746f3e3c4f94372c,0.4592020809650421
63f3a3f6b9640962,0.480154812335968
d333aa525e35be98,0.41261595487594604
8792f2c8320de51a,0.5202622413635254
4918462d812f83e0,0.46124643087387085
487f42250126ed80,0.49573224782943726
0426c81b5fb57d01,0.543502926826477
823e19e00cbfe894,0.42316532135009766
9f5a6c19790dd8a6,0.5198956727981567
106bb2a4e28094e3,0.5020779371261597
0270f06cdf8dda1b,0.44411981105804443
63d0a70fb0e1b1ff,0.5321882963180542
bf6bd82b612e65ff,0.5408231019973755
77f917bda01f63d8,0.5239295363426208
e1913d1f8b19275a,0.48908132314682007
6414394addc3b93e,0.5114142894744873
b71cfd0e5555fbc0,0.46394380927085876
537bea0a9017f4b7,0.502385139465332
a5a21ccc0402ffb8,0.46078258752822876
c06c0ff37affd993,0.5005229115486145
ac539525adfc77b5,0.5129769444465637
1eae637758c51dbf,0.4050823748111725
cd3a6e40c36a34b0,0.4923088252544403
c6f86897b8813bd7,0.514848530292511
747828250a5e5926,0.4652329683303833
afecaef2b15f4ca5,0.45356935262680054
865720005986397f,0.46711069345474243
765d93db81fbf7d7,0.5264657735824585
727dff4a10aae894,0.5193268060684204
db73a067663e92ee,0.5239440202713013
79791edb92803c45,0.5473001003265381
9363d586eec8fa0c,0.4800072908401489
f9fab850f144b174,0.4685896933078766
d533664c3ca75447,0.5056524276733398
ff250c00f47a15b5,0.4859311580657959
5141d3b75a4bfa82,0.5440785884857178
ce73ba712ed9722a,0.5007226467132568
731f67bd9627db9b,0.48534685373306274
5975801d59929329,0.5234006643295288
09259414232fd491,0.42844200134277344
7bf984f123e08b19,0.5468394756317139
69fc53c68ec88ad6,0.4648814797401428
7030f2d3b3473af8,0.5193281173706055
c7d54df54a491316,0.5337697267532349
706759b72ebbd836,0.526165246963501
58bd553691d0aa01,0.4612621068954468
34f1322145254d09,0.5117049217224121
b1fac785201f07f2,0.512298583984375
30241412092662b5,0.45874279737472534
5b1857f699b5c638,0.49821504950523376
b31918c86f1f76e6,0.5220613479614258
c2ed064145c02454,0.5816320180892944
6ed0c2f0dcb460f3,0.5446882247924805
2a5b81640253c881,0.4247545003890991
5753aa182c83877c,0.4962625801563263
be5e56e6b5deb08d,0.39973244071006775
7ed92f0d725514ec,0.5464929342269897
ff4fb675bc138a2d,0.49088650941848755
1b74989a00a5f883,0.4476229250431061
0cc0058c5c184cd8,0.5246665477752686
c6f16a8482b6ebf4,0.45783567428588867
82913c8bc3cdd22b,0.5171117782592773
931778dcdc269455,0.5055414438247681
f49e18d71691aff8,0.4857335686683655
1e3b4a003197a9d0,0.5264745950698853
51a912500f3fd9f4,0.5358288288116455
b674afe70d4ad27b,0.5487773418426514
f4529e0457907c5b,0.5404874086380005
4a3a6bfeb08d19d7,0.41135403513908386
bb615d04521cecb3,0.5385850667953491
4a1cdec0cd6e0988,0.5411444902420044
9752ff37807824a5,0.5159939527511597
dd41937f436f366a,0.5300024747848511
e0378c7247d169ab,0.5099395513534546
211f1d639748279c,0.49919843673706055
8181b6d1e970308d,0.5488713979721069
271832d9de688383,0.5275720357894897
26797f6b83cc4d12,0.49194031953811646
134773aabf9af060,0.5204601287841797
53cfc6a773dc9771,0.4630202054977417
43ac0c97cd354efb,0.5120161175727844
e3a3267869294e79,0.5003520846366882
bf4438b88523b449,0.49370282888412476
1643ed035b93d0a7,0.5126624703407288
b133d4211f748fb4,0.4503178894519806
8e721218dca39d56,0.4986206591129303
f424a44263e85ad2,0.5267881155014038
0e0f7d7f22b2bca5,0.4782494008541107
20bc936f82e9d6a1,0.48928529024124146
1e1ebdfe5e97a938,0.5444045066833496
bbce23281971b502,0.530596137046814
ba067e9b90718c74,0.5164953470230103
61c31bd1c2ad382a,0.4710316061973572
dd76a33f1ab6fcc1,0.5372681617736816
9f03fdf392814833,0.5072237253189087
c9b932591ec33e42,0.4403234124183655
f2483c142181e801,0.46399688720703125
68d0dd6066f6aace,0.531650185585022
ba8f039187dc6359,0.40375983715057373
fe0a21f476035bcf,0.5414358377456665
5770d2cc2f150dbb,0.4867534041404724
f49e5ad70772c41a,0.4902757704257965
4670aa49f721520a,0.5316100120544434
ea48df8d72659b19,0.49183207750320435
0497649344c88286,0.4863380193710327
0c4dac6cf095602c,0.4881875813007355
d69f569262f1b3bf,0.5350756645202637
1572b83bd4f54914,0.5117092728614807
6f1085d308b0d399,0.46465450525283813
2ec5b22389cc8e4c,0.48256272077560425
757e3a9544e591fa,0.5222568511962891
3b0edebfa3fe5e07,0.5259742140769958
5f642c5f41397e8b,0.4712415933609009
67830b17ff7270c1,0.5013812184333801
a1a23e0bb6366673,0.5079447031021118
ac03772587bd926a,0.5185914039611816
7bd305616cf2a5c4,0.3861094117164612
73ad8f674e9682aa,0.47006091475486755
273a1739dd08a4fb,0.5023084878921509
7231eab716be92f7,0.5217683911323547
efa7ec8646fea98c,0.4566265046596527
ab640ba30b5c20bf,0.5487644076347351
7b708c44c89fa7b4,0.4957720935344696
a79fdb4b76874f03,0.5348219871520996
1c419634691e096d,0.5344656705856323
bccbdfd49c5a8346,0.5189026594161987
bfe13e710ba4ffbb,0.5289249420166016
235e1f2f3c1275e1,0.5538533926010132
5a66cb662fb73a6f,0.5330877304077148
72d1611e57f38ae3,0.49894022941589355
baf903a8b55af931,0.52254718542099
ead7566794ff0d6a,0.5275497436523438
67c61f7b52bcaea6,0.5210747122764587
3fc36efec00a25bd,0.42090871930122375
8c0607e4126f4d2f,0.5037789344787598
14fac915309706a0,0.4303426146507263
c76f61e9717ced38,0.5165630578994751
7fa95cf626a71624,0.4402567148208618
28d0dd031d073069,0.4839611053466797
413a9b4b56f67ab8,0.5099259614944458
53365c5163a1d344,0.5190581679344177
52e9c1d2c4c6a949,0.4426625967025757
5d8562218921480e,0.47673463821411133
1d08a35c3567b769,0.4493532180786133
08b68392e1a71dae,0.521577000617981
37da68e6668cad04,0.5195761919021606
c6fac25278f687e7,0.4808572232723236
10f993c14cf1ad3e,0.5280676484107971
37e4ccfb7fd87e06,0.5303715467453003
f2c9cfe53357d7bd,0.4991755485534668
74adcb3640a1ca2f,0.4771575629711151
f5a7ffa3c3bc5184,0.4823828339576721
4bd8d1e1dccae7e9,0.5333786606788635
f2aed50532ba0811,0.5424903631210327
a5fd22fc2e1ff9cc,0.5365356206893921
37d1072d814ab4e7,0.573334813117981
fc9f6988db849a3a,0.4180296063423157
aa2732e964cc4f87,0.4817429184913635
47d4475740ecd2d3,0.5342671871185303
5b9db2177870706c,0.5500887632369995
edac7c3a29887e13,0.519991397857666
346af4a59006a22c,0.5115448832511902
08d95b3d5ef81401,0.4746170938014984
3fc9496c1ee970ce,0.5056806802749634
a1713203a1ab06df,0.45263731479644775
4d9367fe8d586106,0.4672148823738098
a94c3610cf720958,0.5358008742332458
56c1246e752f9d13,0.486722856760025
9ea5e3f4d5424eee,0.4502784013748169
7887f66c34daf79e,0.5133813619613647
c333caf9df0f476d,0.5365813374519348
5463c94bb4be864a,0.4890497326850891
0c376d7f5b0f9d75,0.46517348289489746
8fe0047e8e01c950,0.4981837272644043
619918fcfb83cacd,0.5179308652877808
f893b2b6134206ee,0.5178080201148987
19f9cce32ced1d8a,0.5447860360145569
519d051cad2e3b4c,0.4830690622329712
9d1f389327def6f1,0.47602829337120056
930f4a62f0890007,0.5278967618942261
96b22bcecea89e33,0.5321507453918457
3043cf0d8a808356,0.5411158800125122
def4a61557c9f0f8,0.5242810845375061
9f0b468e225c7079,0.5399710536003113
91063d9ea01d8584,0.4644889831542969
0efdf41ca3c341d0,0.4628998637199402
29cd7924cd5f9507,0.5061811208724976
f8ba94e3f44ccea5,0.5327235460281372
11ef78fd8e086587,0.49886032938957214
16ce83f5d42e41de,0.5487314462661743
4e9526f62229ba38,0.4930860996246338
9c25dbbbf27c2cb2,0.4118829369544983
b290df37797a3624,0.46461570262908936
adf71e046ebeaecd,0.5015087723731995
6fb1d3dc176c82c7,0.5426620841026306
8292d3b4cf1215b1,0.5079640746116638
fd1ed0374a46f4c1,0.48820942640304565
2307e5c810ad8633,0.5030228495597839
a597174e76719e05,0.5033285021781921
a41750232c8b46d5,0.5491722822189331
7e7c45473a8f717e,0.485248327255249
276a35e869c2b66e,0.46074026823043823
91235854bdbd6b4e,0.5515055656433105
b3883a2bdd471990,0.5370519161224365
c030dbc715c1b8ff,0.45774778723716736
bdb893e689b9f2cc,0.4548419713973999
0304597c85bd12ac,0.5238375067710876
b5885395893940c7,0.5105423331260681
939c2ea78109b9c0,0.5174870491027832
88fd20ba5f99b08c,0.5312063694000244
2211c6d0f78cd947,0.45119941234588623
c709aecbc508a8df,0.5576342344284058
1ae60d9c9ac732dc,0.5335460901260376
5094e3f9d399e491,0.5416256189346313
53e079a6816fe306,0.4518393278121948
1ea0abfd80752682,0.49495065212249756
f16c27f28fe3e1b8,0.5049845576286316
00a53b1dfc5363ef,0.5258415937423706
6f3c5d3ce7770b4d,0.5228400230407715
b61cf9895607e8ef,0.4614412486553192
9d5bf5e4d606ec40,0.5386747121810913
3016e052b3a810ea,0.49131911993026733
a186cbd7c96a78be,0.4666363000869751
ea51ea68a6cc5b9b,0.4977472424507141
edad8fb11d913b9f,0.5184667110443115
ce1288c81fc2ea6b,0.5306279063224792
ec6720a59e2cabbd,0.519726037979126
51858b8b4dc396fd,0.5294419527053833
d96cf96328c99377,0.48562753200531006
5cad86f3a9c0e7fd,0.5229640603065491
ae019b72c7196578,0.5023763179779053
4c947c6d2c96e864,0.5278938412666321
b03723ae2b4b87d1,0.5075464248657227
4b44b768fee4374b,0.5149072408676147
f84a57c703cb3f94,0.4664457440376282
5d5fc2d5ac14331d,0.4870012402534485
90b45a3890618093,0.5046607851982117
371fc60b7dd3371f,0.5345983505249023
70b0dfb57ba92fc3,0.4705200791358948
45466a48f6bb3c5f,0.4976130723953247
1dd934ed36e5dc76,0.467360258102417
72a5e2b724a28bb7,0.5254954099655151
ffdbc289823c8fc1,0.5408043265342712
46e14d0f1ec51acf,0.510570764541626
03ed3b708bb8e37e,0.4770427346229553
362376cbb52d9f62,0.5258334875106812
84b0846e6a87eca5,0.5315287709236145
528264037a252292,0.5646653175354004
ca334a4796cc461a,0.44991064071655273
14d0165bb4af4630,0.5045444965362549
7f87ed029a792b77,0.5341660976409912
8ddc69415666c953,0.5111587047576904
f10680d5dae48fcc,0.45804542303085327
33612d81fc094284,0.5230305194854736
e31440f66f21c995,0.526938796043396
ecb63d0b126ceb3d,0.5083004832267761
471ea102d4333850,0.47118324041366577
434bda835df3a178,0.48993128538131714
0626bee44a6053c0,0.46669453382492065
4ed83740845292ee,0.5169849395751953
0d2452a3cf9b1f2a,0.5145547389984131
7c3e219a4767c118,0.46313315629959106
40dbebce9c607bfe,0.5127755999565125
041bb4a4bfe272b0,0.4906795024871826
b7071bc518a6905c,0.5700597763061523
1a8122980f182614,0.5242598652839661
12c09d503fe46c6c,0.5007361173629761
c9942ec53a5e1ea5,0.45611464977264404
e24d37ea3d91afbd,0.42733460664749146
359e71af5349db92,0.5093456506729126
81ee59e5dbee8479,0.4876774549484253
8b8f169751e3a890,0.4389154613018036
d90e704236e73079,0.5315704345703125
d35879e5bfb290f0,0.5057839751243591
fdf62acc5011b558,0.4864169955253601
d8c2cf4730bc11c8,0.5349866151809692
c3b0a75bba5b6d7b,0.5101286768913269
9dc31e9a93c5bf07,0.5202372074127197
36d660fca8458bc3,0.473573237657547
4652a7a0fa50c2d1,0.5454490184783936
4fab5b0469f2d903,0.5310242772102356
8038c8303830cfaa,0.4015102982521057
36e0e94a6f3d71b6,0.5020899772644043
bc05465c733791d6,0.5199835896492004
eee3126b66ebfbe1,0.4522918462753296
3951ab2a86d200ca,0.5137838125228882
293d677cce20a4b2,0.47087281942367554
24513a672555c551,0.4097833037376404
e7c75387bb9f6555,0.5181261897087097
439dd72dd84d3a9d,0.5308434963226318
95e0e7cd4e6baeb0,0.510267972946167
43f1e3bdf5314219,0.5142232179641724
a3ecfcaa94b3d606,0.49471232295036316
4af61e548d0f8726,0.3933621346950531
4e0b16c9149c9c42,0.4798802435398102
dc3c8b54924e8a1c,0.5267155766487122
79de0c90bebb7c0b,0.5225151181221008
e75c14775857e4fd,0.45139145851135254
d2ecb76e47551d83,0.5337294340133667
2618424220afcae3,0.5023066401481628
cad5b8aa49de5fd6,0.492474228143692
2c3c4d9a034c931d,0.5253907442092896
c6987025e98e5c06,0.468092143535614
e41e389dd1ff7f09,0.5336439609527588
4e6dcac7938031d4,0.4996587336063385
a07dd35cfbcdae9c,0.5341497659683228
1a0c68827db0159e,0.5035317540168762
6a508199b5d5ecb8,0.5146547555923462
100dd1d772d1bcb2,0.41296252608299255
cf259baad5520d61,0.5293451547622681
937ebbdb4d13989e,0.5107885003089905
4586b911f0a98593,0.5100975036621094
f1b02ceab1cc1ebc,0.5019145011901855
89e49519889d224b,0.5665032863616943
0bb828e944ee96e9,0.523063600063324
9a3b682f9d315322,0.5410631895065308
dd3ec7acb326a938,0.4566580653190613
c2af240ea8ae7a14,0.5116375684738159
327a877c314d9ab8,0.4710039496421814
96e809748a49af19,0.533145546913147
1a467dc29f5997e2,0.4933176636695862
4e88e119f404f597,0.5022907853126526
e89bc812ddb6b4bc,0.5258817672729492
988c6a0855ad3e86,0.5285276174545288
9a21084cd39fe881,0.49888166785240173
27a7dfc39ceab1ce,0.5181074738502502
5d8656042189f641,0.4849705398082733
5897da4c56bfdcef,0.4028806686401367
bcfbadba79ecb83d,0.5372016429901123
1142eebed17ce1df,0.45773613452911377
53537b73db359777,0.5302470922470093
4cd85ec097cb7f5e,0.527635931968689
2dfaa64689e8f562,0.503821611404419
0bb6abbe580aaaea,0.4752020835876465
cfebaddbb33c4a68,0.5357629656791687
c247027c14edd1ae,0.5121233463287354
e30d75dd379cb6c3,0.5322487354278564
30750f14b57ca6f0,0.5378186702728271
e0381b518b10aae5,0.5217368006706238
416d1d1b7511a621,0.5428692102432251
896ada1b80b13204,0.48592138290405273
b4fb6d2271f739ce,0.524324893951416
753626f4495dccee,0.5106652975082397
6ef66e30fa25264f,0.4723617434501648
9e56d63e4b9f29d2,0.471686989068985
86939a3bb5f804f2,0.4480755031108856
05e7c0cf8e60d946,0.49520164728164673
0b65e95950b7fc18,0.49618032574653625
5e0208ab7371de1d,0.4588823616504669
ffafadba8f7a3a7b,0.45406222343444824
498726896c12d7d2,0.5247839689254761
de7e3f9f3fc5af0f,0.43170759081840515
995df978e6b5b67c,0.5276657342910767
fa5fde81c5595d6c,0.5265705585479736
4a21c11614ab6621,0.4927680492401123
0476d671eebbbff1,0.5229027271270752
4b5db67e72a62643,0.5368578433990479
e9960b5fae6668b2,0.5182912945747375
8a714468b25dec49,0.4869849681854248
778037bdab036a37,0.4561781585216522
48a1efbdc34df5c0,0.41346946358680725
8f2244177e3a629c,0.5204913020133972
92c31733276f949b,0.5117967128753662
d37a5ec868997896,0.4964694380760193
3176fb986793c3b6,0.5259388089179993
2ebe2e1482d7ebdc,0.5130746364593506
a4cbd91b397a6d2c,0.4724513292312622
073ba0dc502f4b6f,0.528218150138855
b2fa4748eacf5408,0.4569295644760132
19da706fd9994a58,0.5565121173858643
24a78596be77719e,0.5152575969696045
fb3b0969bc214511,0.5017684102058411
a05400d2fe8ddd73,0.5120428800582886
4f407547fb633c7f,0.46012938022613525
cc7c0cb1c0d53988,0.5037587881088257
1c6d3330bbbcdf20,0.5197845697402954
b285aa62e36015dd,0.4634817838668823
61e42d69168e35ab,0.4550831913948059
c633659c9ddac78d,0.4797528386116028
8e6af6f6f8e48bd5,0.4547152519226074
4ea5bf56d2e489c7,0.5169656872749329
f0a39fee1d038084,0.505850613117218
40e13d62223b2b72,0.45023947954177856
fe9d2484561d0c7e,0.5343528985977173
20eef8a1bf3c562a,0.538629412651062
a23b58f751617952,0.5009689331054688
f0ad23f6d4a5d7bd,0.5190128087997437
fa6a90a00a73c89b,0.5213556289672852
63702fee2e93a829,0.5261896848678589
4efbe22acc40fdba,0.48425716161727905
b2184a7518718b5b,0.4678083658218384
3b4ff92d79cef3ac,0.5132209062576294
0d30ee11d9e55446,0.5179603099822998
9376b91c667fb8d3,0.45088404417037964
860de4a4ce1fac73,0.5284372568130493
2c59ace567e203b9,0.40138620138168335
344080427d565d5a,0.5198376178741455
a62eaeb60612db73,0.44907641410827637
9fd07ed319f7debe,0.5181365609169006
60d08b86b8bc1f0a,0.45734506845474243
8639839b34df2a9a,0.5375539064407349
039f382b31011557,0.5167796015739441
1482f4b75f06c832,0.4747111201286316
ee16bf270b6329d4,0.47317636013031006
75ba0583d35476d9,0.5286324620246887
eb4cab814ffb65bf,0.49934375286102295
49e43784fc64e7c0,0.5079549551010132
bbc66f4e65f1c650,0.5073171854019165
7e8d7a6779986222,0.4565680921077728
5d94d0e48e2167e7,0.5276421904563904
ed538fd22a3d518f,0.45590850710868835
a327eaea32f03e31,0.5116173028945923
7754234474352826,0.5026705265045166
8fa95ce904844cae,0.5263799428939819
4881222e18f1286e,0.5315240621566772
96ffd6223577b901,0.4998559057712555
a8180ad998139e99,0.5283951163291931
a46027f5d4e118eb,0.5086158514022827
4a69921882835511,0.49178898334503174
d705d9dfed245ef7,0.4814261794090271
a4c09e0c51c25751,0.4736784100532532
2b3c00484ab82298,0.4991585314273834
439f6775bc17aef1,0.5213909149169922
c415bb63fb6e027b,0.47089967131614685
e2eb49f91f10f1bf,0.46246904134750366
a4c26c3e82835fc4,0.5092966556549072
f904e240d36ef6ef,0.5276467204093933
2b4f47ec88b93771,0.5273019075393677
e5f8dff3e4e77060,0.46128690242767334
9e667c01bf2357d0,0.5005255937576294
14d58eedc14fcd4c,0.49889329075813293
990a945478dabd69,0.47935688495635986
f61847fce673be20,0.5121760964393616
665028c39c476ad9,0.5103926658630371
676be9687ef3dc6c,0.5231161117553711
c087431176915c6a,0.4095515310764313
119e87ed027ace6f,0.5273355841636658
e7497ea7cedef1b1,0.5331176519393921
515d9d688f2677b1,0.5039559602737427
75c592e82f5ac64b,0.5290488004684448
54c00e3dc1f054d3,0.46531766653060913
d7db0b301e45ce15,0.5000976920127869
7e7e5bf20af6fac9,0.5276905298233032
ee9769b6a3d2e34b,0.4222913682460785
bc048bee7334322c,0.5137635469436646
cfc2997ad0548b61,0.5606136918067932
003bd4d357e0c73e,0.5219812393188477
a5023ef529c8125a,0.5461841225624084
dee0afd6c0289b59,0.497275173664093
9635a00ec5298d12,0.5259264707565308
812e0c40bfdc9754,0.5057148933410645
069b8f075269ba73,0.5122331976890564
7b5f24a105afcea5,0.5054585933685303
86fafd6696a3b528,0.4886854290962219
d42f3ff6e369c316,0.5402968525886536
1d378ee3e0dc40e5,0.5035027265548706
6bb7fd55c84fd05a,0.515130877494812
c9a09551faabf08a,0.5272364616394043
e9f5223362d91c59,0.5329251289367676
e3134d122733923f,0.5166349411010742
ca29cef12d4167fa,0.5436074733734131
34583ff403c55407,0.48459625244140625
8ea524d8f0f9706a,0.4566371738910675
7c907bbf98b9256d,0.5174903273582458
56117209cced3c0e,0.5123875141143799
ca20f33cb45ae742,0.5301258563995361
2227c44a90d8e961,0.5268867015838623
8acb33d4a1ac43fb,0.5135625600814819
808443d38f693a45,0.5147031545639038
185a4b9f5d959e4c,0.511771559715271
b2bca4560db8f465,0.5300807356834412
182e5207151a3344,0.5059261918067932
181ce215282e12a8,0.5378559231758118
895b20a7f66544a8,0.5181783437728882
81ecc390ceb9859e,0.44028717279434204
9a2e4baefdd25f63,0.46974512934684753
cbf29b9f84ab9ace,0.5210171937942505
341fdc10f0472626,0.46534550189971924
3fe13489e9e97577,0.505523145198822
3d57c93182d76e94,0.5382617712020874
9011fcb8f759dd5c,0.48820406198501587
553dc8d5e3884dc0,0.45596444606781006
cf0d0cb4e5770134,0.40853971242904663
66252df324b74fc0,0.5072439312934875
dd9ac9074c2077af,0.5116828083992004
d14b9e5b9233edac,0.44879013299942017
0ad5d4d81f0df541,0.5324164628982544
da0124ee1c01d79c,0.4537016451358795
0366a85fce821443,0.5386676788330078
683e8695d0eba11d,0.5264036655426025
ddd4ac11af62513b,0.48442718386650085
56c6fc0529fd1033,0.5339925289154053
860e112036591e57,0.502377986907959
78344756aec83f69,0.5072726011276245
10e4972ffdddf512,0.4551209807395935
e846b31bdc49c9a2,0.5108299255371094
8ef45de91d866b8a,0.5445975065231323
0ce595cc23a611be,0.5397020578384399
9402e21cbaccd489,0.5199598073959351
bdc782695b10dda0,0.49228063225746155
0e34512bf9b5a194,0.49046656489372253
e0c2a28c1ba1c138,0.5093166828155518
82038771bcaf57da,0.5171467065811157
050d0b79754b64b7,0.5113141536712646
a236c3cd6b79bfed,0.4474382698535919
382b3a67ccb78a68,0.5387424230575562
4311ad2c2b03b70c,0.4630086421966553
22e1c42429f7bfff,0.49591124057769775
127d3e4c8fafeece,0.5273011326789856
a757d4047412fdec,0.44423750042915344
452870764c09dc43,0.5089924335479736
e144a6ff3658d947,0.5059505701065063
14f35a8b6cd8e21d,0.48540395498275757
d3cdafcb4e1e6f64,0.5180323719978333
01418dbfd92ac812,0.5218673944473267
2099b87132d0b804,0.5248947143554688
856dbfbacf30438f,0.45974254608154297
aff29984dc3687df,0.4704565703868866
48ae3836e830b869,0.5444337129592896
ad95980d38235554,0.5017958879470825
93d6191f1f3a499d,0.46030929684638977
503cdff276cd8fbf,0.39893513917922974
e630a5229f1e668c,0.5346956849098206
863544ffbd9e4ac3,0.512846827507019
e05f99b2fd2f6402,0.4479461908340454
681109da3ad9af83,0.4846988320350647
e219baa70bc92c5c,0.5189028382301331
78d458850502cc1b,0.5326555967330933
b5668746c5f88734,0.4069185256958008
99dcecb2d5d174a5,0.505435049533844
bd980962ee534ab7,0.5427995920181274
1581d51954e52e9d,0.503584623336792
642691738f033ece,0.5356449484825134
9ba3581abd3d8ea4,0.5052052140235901
51055c4ae3ad3a6c,0.5291152000427246
39e940b61f30f980,0.5294508934020996
debdc9e944b77fa1,0.45799267292022705
7e94252a2ae16285,0.5350356698036194
16b8c373f7165cbd,0.5168341398239136
e96d596247bb2e76,0.5184369087219238
8c09dad346ed36d2,0.5094613432884216
e252681254fa2602,0.4793715476989746
1c20c551ac0cae98,0.5358684659004211
9d0e4f0e5dff94b0,0.4803884029388428
f7686b9c9c5f2eac,0.464111864566803
088e4c4b6e2111fa,0.5311545133590698
fa80ec4fd86d0fb7,0.517693042755127
84fa204087104cc4,0.4794558882713318
c79a08048ce6da72,0.5209600925445557
81b61dd06428d0a0,0.538817286491394
f07bd10cf7098ed8,0.4101291298866272
80096405c3383a20,0.4959312677383423
81554a5f9425db20,0.5185766220092773
7765d19bb192a24e,0.4486997425556183
f4aa5f09957c921d,0.5227766036987305
ff16911b90308230,0.49153438210487366
2db010190f649152,0.535192608833313
d452422e83424ab3,0.5010527968406677
9982cb86d9945af9,0.5248763561248779
6e38093775893049,0.47421935200691223
8e485bc15d588355,0.430298388004303
bc86a3c3a1b43a4e,0.44909244775772095
09e929c8245511d0,0.5051954984664917
de0c4c2d35c0dfd0,0.5149291157722473
df26a85ac97fdc75,0.5139634609222412
13fa7584895b6ae9,0.5216827988624573
55ace065341a0f23,0.48415908217430115
4dc0fc3ff050babb,0.5225169658660889
e6d90fcc32c78adf,0.5215651988983154
d9ebeef60571a974,0.5401155948638916
0bc2b9f39fecfe77,0.5047860741615295
418f6424447c814a,0.42385202646255493
e0ba1600a308409d,0.49137622117996216
a3132dcf09573459,0.5214430689811707
58340aba1d2476c6,0.5113034844398499
1aa73b91a43f1150,0.5223881602287292
56c4fbead2003f91,0.45934009552001953
3d563d0fcc9a7244,0.48272350430488586
327c89441c802d47,0.5143724679946899
da9b90e61d13147b,0.4965531826019287
bc97d8ebe1c0dfd8,0.5360932350158691
0efbd5cbdd29cb10,0.4228547215461731
170f359a6c2d7b04,0.49104511737823486
58c3abaffbb38d0e,0.5130785703659058
8ce3a9af07d446c8,0.5418906211853027
69330e6e51383ae4,0.523061215877533
327f45e3c3a79338,0.4936017692089081
9dcf97a17c04392d,0.4495948553085327
934e9e373d8004c3,0.5083128213882446
6057cc2ccd0b0c2b,0.513511061668396
c81238fe5e82bf0b,0.5119339227676392
aebdf1ce96fc6d50,0.4552856683731079
8c262ec72b929fad,0.44957929849624634
c08caf8fed4ba7f7,0.4915955662727356
47e960f8ace1a6fe,0.53631591796875
12c9af296883d1b2,0.5150556564331055
04d44d707fd44045,0.5005446672439575
0f732c9cb3d12786,0.5069901347160339
26aeb76d0c3a9c05,0.5308853387832642
8a1f32f34c0508c9,0.49575740098953247
908058e097b7d13b,0.4867684841156006
e99519e7bd503612,0.4884827136993408
efd9d53635cf03e8,0.5240235328674316
ac03fb9f5c5632c7,0.47858962416648865
1bf20df25302b5c3,0.5356729030609131
d4c80a6d3c6d7492,0.5122271776199341
4ea8a544ecfaf756,0.5343442559242249
cfadc3fc163e5c62,0.5317319631576538
6dbdbe1abafe7c79,0.5221512913703918
1f544773c9b4d0f0,0.5239736437797546
85a5a9b073466dc6,0.5058231353759766
b50e3c0450a85f82,0.46106675267219543
7e7c44c0591c29d7,0.472774863243103
6d60831428b02660,0.5311136841773987
c08cda757162b853,0.4654511511325836
50d559a4972e0966,0.5078575015068054
4594231a2a533ebe,0.5179412364959717
8fd5be02d662b734,0.5071080327033997
61176434b4c5bdab,0.5025680065155029
13c2275102366fb2,0.4554356336593628
5f3b858c85eb985a,0.4578098654747009
023e6d0b311f451a,0.5347205400466919
3f41d64a9f0f2bb6,0.538079559803009
3756eafd0c6d4eb0,0.508832573890686
a049c70faa9d48f6,0.5016833543777466
dc48a7a0ec77d40e,0.5004583597183228
7de442f3ec0d7366,0.471449613571167
71667304a489613b,0.5408464670181274
207cedd2d1726817,0.5326941609382629
3e3524d2484f4332,0.5043398141860962
e8e886334d84f718,0.4518499970436096
5304987d8ac537fe,0.5207879543304443
3f413a9d73fe07c2,0.5397629737854004
b8468aaaa1c2bb4e,0.5279600024223328
6579dd15994bf0a2,0.5297693014144897
d33019028eef5eee,0.43732738494873047
d1d42f87f3c33079,0.5242916345596313
965f5b5833c37365,0.5017783641815186
b15256752a9c9ff8,0.4437578320503235
08884ef6f9122293,0.4064909815788269
034a832186930a03,0.5338689684867859
15f3e19f33e497af,0.5193837881088257
7e86bf4ee3e0a09e,0.5345523357391357
66813e3253c03b26,0.46981650590896606
0758b850e9bb6786,0.5266270637512207
5675ca33dc6d0315,0.5279337167739868
8ce4e640627938e7,0.4100579619407654
47e41828b76877f7,0.461872935295105
ccedf2c8d2242010,0.5264028310775757
d7bfb7ebe086b7b4,0.5148640275001526
b7313c99f4e11fb2,0.4904308617115021
0cfdbade8b9ba7ff,0.5241347551345825
21f9e8da97024956,0.4859527349472046
2df058bbbb5fbe4d,0.4936627745628357
bae73313466ec702,0.49445652961730957
6f48013c61475fee,0.5210568904876709
ae1cfdc903263153,0.4766891598701477
ac411e102e810642,0.510678768157959
3b571604a98606e5,0.40395867824554443
7871b3cd32d95a1c,0.446988046169281
fcb75b85b669f6d7,0.5284910202026367
1b17aed0ff2f5926,0.5143489241600037
0f33411d314e87f4,0.5317964553833008
4cff7ed08bbd1522,0.5383829474449158
b9f7fdddfda8a45e,0.5449594855308533
8f482a17665fef1c,0.48511719703674316
fabfbde3b255fba8,0.4939165711402893
add81a672ff8f3f2,0.5148724317550659
7951a25163e1efd4,0.5087285041809082
b9b31eb8347e7e91,0.5250567197799683
1e10dfa7bcb0c368,0.44263744354248047
a1946f4890391b38,0.5094099640846252
7c765d45fe6ef633,0.47509801387786865
2d9429817ee49e1a,0.4419809877872467
5956a106bb2fc912,0.5214306116104126
9b9b01d7d02fea87,0.5505544543266296
063c014ce2d2cfd9,0.5124666690826416
bb548d1e5e8caaf9,0.4532169699668884
cc05e9e6b36285a7,0.506629228591919
5824fe059ca57077,0.4513118267059326
dccd78fa2afd939c,0.5421338081359863
42c2c14f865c08bb,0.4568433463573456
a7ccf93df6f6ae5d,0.507002592086792
fd5429ddd82158c6,0.5401087999343872
fc837047e03c2e4b,0.5060665607452393
6d30fc138c98b0a5,0.5105271339416504
eab3d9c75fe0a904,0.5170806646347046
caf69bcce7aa41fe,0.5010803937911987
8dbfff725728f31c,0.4992656707763672
cdd00b0c754db65d,0.5287628173828125
cf89e15875792fe2,0.4428839087486267
67952852f71e77e6,0.5412461757659912
de179a02c7eff809,0.5060386657714844
32e070c59834e6bd,0.5462895631790161
11d8c637a75ee6cc,0.4451891779899597
7fa59d1dee47de33,0.5332400798797607
0cfd1574dd5b732a,0.4972730875015259
a2486c34b24c2330,0.5356317162513733
f2be26595b497aae,0.48821544647216797
198a5f2db8634367,0.46720045804977417
92d4ba1b5127e798,0.5170671939849854
f293d501fd101d21,0.508904218673706
b6e5fc35cbbc04dd,0.5564760565757751
59c8a2b30fee24e4,0.5044088363647461
f8a6dfafb6050572,0.4752073884010315
e6be06e478bc741c,0.4899689257144928
b3b2ec7b76ed87af,0.4921815097332001
8acfaf2aeaf7ab61,0.5062315464019775
c4d3c561e9c2143a,0.5268428325653076
69662060ddf8fbde,0.5334831476211548
96f61e4245305bcb,0.4207579493522644
e3c1f9cbf9e94256,0.5159474611282349
bbc2d526c0bc1fcc,0.5023868083953857
56546bbcd69abdf2,0.4277442693710327
9f1c3526766edfe1,0.45910316705703735
3cfff22c30187c20,0.5046789050102234
ae21aa22f174093b,0.5267084240913391
37b7dc914ccaf741,0.5035385489463806
925ec083c0089147,0.5091419816017151
a709bb92f4a20086,0.47316402196884155
39948711c6d02390,0.5295907258987427
fb790c15e4bde105,0.46651849150657654
29b2affde318b1cd,0.3952975273132324
ecaa6362925536f2,0.4921414852142334
172e95ccc3e40aa7,0.5446406602859497
051de457b791bf3c,0.4669060707092285
883159932eb84899,0.4971690773963928
f8c9ce218c3ed8a4,0.4946718215942383
516be0b6e82b4909,0.5336431264877319
c209d0a8004691fe,0.47796934843063354
07d1cc51b829cca3,0.5188032984733582
d4cc9486c4f7a828,0.511422872543335
8bc824eb361af810,0.5224125385284424
58eb98c1b9d5e190,0.5109939575195312
154c21e31e73846f,0.516168475151062
731c6e1fa1fa332f,0.49832883477211
b17e3baa2fb63741,0.5617204308509827
886181e5bc40b6ca,0.5210206508636475
8a8295f8bf425b3f,0.5125705599784851
bdead0bb4cd11a8e,0.5393679141998291
850905e1f4b19076,0.496596097946167
9e8d590305bf1c52,0.49124836921691895
9302065e6a6b91db,0.5443173050880432
934bacd3377e1268,0.5214691162109375
0aa364fb153b2928,0.4363625645637512
a7a1fa4141bd5a85,0.5156471729278564
c1d730cc44a87880,0.5161221027374268
7b35221734bff1ce,0.4780254662036896
b8c8cb8ebd443c3d,0.5328848361968994
bd5a1ecfb15b3129,0.535069465637207
6cb66c8ca656519a,0.4830625355243683
a482e2c1c6a8b0b1,0.3944155275821686
67afb54c3d0bdf55,0.5009199380874634
bad04ee06b9c49dd,0.4376924932003021
6a4dada54078b8f4,0.5349873304367065
d4f0a3a304537dd3,0.5258611440658569
4f5fca1e3638e673,0.5083898305892944
54ffc13e0444b0a4,0.443214476108551
ab2f5728096f5506,0.4732515811920166
e646f15e614ef41c,0.5085087418556213
06a9c0a76e16708a,0.42547810077667236
d3094721eff0a3a4,0.5147078633308411
ae77593625bcea52,0.4181043803691864
c089990a205c7608,0.5130035281181335
aee56aaa48499f34,0.5281331539154053
d3f567ad716b61fd,0.4795592427253723
f294c2c64bfb882e,0.4882553517818451
62cbb136a6f7450e,0.543386697769165
75be51b0ef5e63a6,0.47078025341033936
47f2d89c1d1c5869,0.48669254779815674
5424769044d070d0,0.5358613729476929
9376c4348f662ccf,0.5356988310813904
fa18fdebc19dda44,0.5312126874923706
b7a8b3bb5bed7c6d,0.5325435400009155
ea819ffb0d3e716c,0.5430542230606079
929437f5c9738395,0.4443853199481964
a257071748d467dc,0.5153746008872986
b32ebf072ce53ff7,0.5081765651702881
2ebc472e0c36c348,0.5008294582366943
b7336df9a7898865,0.5305348634719849
327fbd9296e3dba8,0.4245157241821289
440e08759b77f5f2,0.501242458820343
bf428f7bb0f7ec3b,0.45002037286758423
46003a5fb36e4da3,0.5079272985458374
677cd3ab48daa52c,0.4903346002101898
489c34b75da838e3,0.4623975455760956
7ed5336bdaabbc26,0.5459646582603455
45807f5a5fd3197f,0.44962871074676514
f78957957009e64f,0.5084114074707031
80a53ea49d56a801,0.5102698802947998
98502db5679f49ad,0.4970059394836426
d52f58638e16526c,0.5056197643280029
5d0873cc84aa0e50,0.5414717197418213
b2c1f917cf097be2,0.5422508716583252
f1802ad578363da3,0.4580063223838806
f313821200b37699,0.506675124168396
fc13c59ebad54a0b,0.5061887502670288
09d28964152406ae,0.5146068334579468
2561c2c20a290ec1,0.47241607308387756
80d42b81de08dfc0,0.5242658257484436
95941cb7e523748e,0.5226472616195679
bc540ad6b2c55848,0.44379276037216187
620c52136021ba0a,0.5186654925346375
1b2ebb1cbcdbad14,0.509549617767334
a059e793f9b58fa3,0.4801821708679199
0477f4a60c7aff7f,0.5005035400390625
abf6feb866133a5b,0.5001299977302551
a421797809268675,0.5418632626533508
1df597467aff67c4,0.5093560814857483
f8456d99c39210a5,0.5120598077774048
fa1e6df2e1fccb91,0.5141249895095825
02147864dca46dac,0.531217634677887
035ee5a596408c81,0.5001357793807983
cdb8a2d3e9f1e373,0.5232628583908081
36592e5ffeb52862,0.47882843017578125
0dba5be271b5271b,0.4537142813205719
65a95832999c7d8e,0.38632816076278687
b3821288c6f46898,0.5035985708236694
af51bf6d27c8c1e6,0.4790472090244293
8acf8043d5a9c727,0.5281479358673096
91ef23ccc292a0c2,0.523629903793335
623ead8d70fe842b,0.5197892189025879
91214dafe5e7c1c1,0.422239750623703
c3c3e0d4e3064202,0.5510026812553406
cdc3ae46efe0be76,0.5095381140708923
09f723390ffbb669,0.5566849708557129
0d00029574b4f02c,0.5211036205291748
e44918889df9ef96,0.52614426612854
eca0a90aaed84c7c,0.5098150968551636
bda06f1b054d5c81,0.46247124671936035
bf510c30b3eb57b7,0.5281850099563599
33a0d61fe2216cd4,0.520625114440918
bfba738a384074b7,0.44388920068740845
4ee62fdac2600953,0.49864083528518677
2cba7652990327b9,0.5045382380485535
45fe63b90da3af1e,0.5029419660568237
7cf1b050562501c9,0.46691030263900757
6b827eddcef822d0,0.512544572353363
60781c5daa7d7460,0.5343335270881653
58cd6a5706722842,0.4915270209312439
559e2d8063a74731,0.44778937101364136
5e9cc630ed1dad05,0.4491114020347595
02fa1a20fb8615c4,0.5220454931259155
504e81f41e018ce3,0.5382584929466248
9356671314a53157,0.49725696444511414
5d997806094bcca9,0.4946680963039398
e649d618859ffad1,0.5289835333824158
747f1dcab8174dac,0.518588662147522
370d1a9c96d511bd,0.5151265859603882
b6856cec3732d4bb,0.45880281925201416
8ff49a52e84f14cb,0.5205864906311035
72b2d2b353ddbb0e,0.502042293548584
874ac16f458b0bcc,0.53911292552948
4b5e730de62a539e,0.4827396869659424
b3fdc2863866632b,0.49506238102912903
9bded078a19f8565,0.472308874130249
6fbf9de6095c2c04,0.43578773736953735
170acaa60fe7988f,0.5177384614944458
a7151a14e1490b73,0.535564661026001
2cf463dbebd899ee,0.47440239787101746
76e55bd33dd3727d,0.5329549312591553
bc5534d250375157,0.49516674876213074
664ba56879ede8ec,0.46222421526908875
dce4af863e0ae729,0.45002350211143494
6bb64158a0fbb578,0.5255469679832458
ca22491f7926bdf5,0.4366928040981293
ca82bd68c90365f2,0.49722808599472046
87e9907afa32e6dc,0.49673449993133545
d93d142dfd36c7fc,0.4965119957923889
f41425929aaa0660,0.5192613005638123
075dd41b609d1f44,0.5264869928359985
009fe1cbd117aebd,0.5119332671165466
67e8b64b77227cff,0.4116157591342926
9548909fc3ba448f,0.4677354097366333
8ab02837e3b21a31,0.5356794595718384
c05b9c2d213ba90a,0.5190342664718628
64c5a89f6601ed1c,0.4962450861930847
f096b7980a85311f,0.5105154514312744
be5a26959f4296cf,0.49282094836235046
431a47dedde47b59,0.5407720804214478
b580c47c682ce61d,0.5029914379119873
4dc2ca8e6634efa5,0.5036290884017944
8a4d63c359a872bd,0.5083847045898438
d5ee9a98cdaf0b55,0.5265133380889893
a7f56de234d1bb24,0.5133746862411499
7944c426b06be7ee,0.44169655442237854
42a49901f43746b3,0.4596020579338074
3c09ef8ef86cedda,0.4950312674045563
d42d7d57ef4bab56,0.5264838933944702
9055b23efb22f3eb,0.540905773639679
e2fdf3d625233b0e,0.49484384059906006
cf513dcd1879e7a8,0.525730311870575
f14bed0676b61fc1,0.44340842962265015
e29d8c3f21117943,0.5317898988723755
4a33aebb4ff7464c,0.5248084664344788
b9f6ccd66476e514,0.48343223333358765
c9a0fe8b60a7ce04,0.5467594265937805
e135645061a6d018,0.46875080466270447
a1b6fdc5f74f0444,0.4671795964241028
43db5deee18c53e7,0.4994955062866211
761c2651930fec92,0.5043634176254272
9cb797484ba33624,0.5398015975952148
87d71866c749f593,0.49252942204475403
69034dd066e59f7a,0.4413345158100128
e6e236f1ed98e27b,0.5490714311599731
da57511abefb3113,0.561105489730835
38fd46c12a13dbad,0.5308805704116821
b53f7c3984d2045d,0.5201626420021057
423ea02af10da9ba,0.5347462892532349
d1298ac36da0df5b,0.43302541971206665
fa9a348f0bf2c7a1,0.4384861886501312
a567436bbc5f034f,0.45507216453552246
329f113785893646,0.5063689947128296
9cd284155882f36f,0.4197009801864624
6131625ede699cf8,0.5444358587265015
7a2ea485f32e8a79,0.5480567216873169
3b9ad7341e17dcdb,0.49884161353111267
dfb78ecd123569a0,0.45882442593574524
0992c4ba28173426,0.4949629306793213
ba1cb2e9434f7f5b,0.5248051881790161
ccc5e3d0e410fe0b,0.4711979627609253
725e449b7cd5a818,0.4923971891403198
6eb8482f12b73c59,0.5317018032073975
e353583b873ecc3b,0.5394119620323181
eb3a9c72251189e2,0.4711226224899292
5784273e8b919918,0.4089619517326355
a0cdbdea484f2c4e,0.4994226098060608
b4ffd8c7ddac3634,0.4780239760875702
24ea751c077d5208,0.524240255355835
03c0e12527dabf03,0.5244451761245728
aeee442d0bb76de9,0.49350523948669434
d24d366fc8d2132b,0.4545326828956604
713cca0476a1fd20,0.5090977549552917
7418e885719f7684,0.5370317697525024
c8d685a7035fbddd,0.5156444311141968
623bbb2653f9380e,0.507541835308075
9ce867b1c84d0b95,0.5180054306983948
2b4374837acd01b9,0.536531925201416
32b43c38f97cd2d9,0.5305987596511841
1cb3556fd61b1f62,0.5185250639915466
00e0f3ec8c7e3add,0.49090877175331116
6f53230c9062d41d,0.49961477518081665
94443ae7f13f5031,0.5482177734375
4e1ced12a708ab35,0.5176963806152344
81ca4886aca8be96,0.5329074859619141
d073aeee619654e2,0.4629002809524536
1dcbe73ee54b032a,0.48913097381591797
83e11db27548325a,0.49581652879714966
29f50210c69123ea,0.5267471075057983
cb9d24962425f363,0.5312840938568115
e2cb8dab7465794a,0.4889296889305115
8c28e8d504bebcae,0.537078320980072
a533fd452029fab7,0.49042993783950806
ae8984b9ab8ebd98,0.4565809667110443
b02838d734c22fb9,0.5258728265762329
0efc7ab02283d49c,0.5064989924430847
4559e2db6684edf1,0.449349582195282
5c3e8f4e7a74e7b9,0.5500852465629578
19f2b5d86d21b6de,0.4405770003795624
9270b08c64d1ba09,0.4495188593864441
2d2f53dc78f6635c,0.5306001901626587
612455ae2efae0b2,0.5360112190246582
64d6f3cd0525219b,0.4983532428741455
d5255f7e3055cc0a,0.5239537358283997
4a98ff59621f0346,0.4221549928188324
82c74c2725f54938,0.4430270195007324
37d4638a7731837e,0.5006599426269531
97948b03feeaeacc,0.4985060691833496
d88a2e6699372bc5,0.5139575004577637
8b0a7c888cc8ce21,0.45424824953079224
e335ec11caca08b2,0.5306236147880554
bcf6e4e3de8056bd,0.4825332760810852
b4cada050d3f0db4,0.563988447189331
f9a82c6799c03f30,0.4950581192970276
45586e2add733ccf,0.5303394198417664
e98373a4752dca20,0.5524252653121948
bd6f5edd0cdd353a,0.5100299119949341
2ba48476017d168b,0.5481005907058716
6349216f54ce908e,0.5444536209106445
e29117ad884bf093,0.5001797676086426
e2b197c39ba10160,0.5509873628616333
b0b288ae43b9047d,0.5093753337860107
5381ac4f395f3095,0.5413384437561035
d17b01ad05711dc2,0.5205844640731812
234b11f605e27197,0.496263325214386
c40f5bafc277194d,0.4954010248184204
fb09c4dedc0e41e1,0.40702196955680847
1f3ccd4103b46336,0.44683602452278137
7776f7770a827158,0.4470478892326355
9125687c47e817f6,0.5004377365112305
2390935e8c27505c,0.4321547746658325
b2233d02f7ade3f0,0.4655780792236328
88c83e57630c9e29,0.5453181266784668
996fb86a609c87d0,0.48313790559768677
5fdd721608991735,0.4446038007736206
52c352062d4b5a64,0.5483028888702393
6246e593c408ab9e,0.5304838418960571
15353fe20e5c1442,0.493571937084198
680ea8da149e7810,0.5084684491157532
7f0c8a5a26abbd7d,0.5075466632843018
e12046a665e943a4,0.5209761261940002
bb12ab638610e20d,0.4699421525001526
56e5c9fbe64ea642,0.4771459102630615
52d16d71b0642b31,0.5208956003189087
df579e283f2e2843,0.5270640850067139
ae59ef7ccd6745d6,0.5160976648330688
f8e3715452548f26,0.465709924697876
2e7b705ef80101f5,0.5006649494171143
7311021784729c2c,0.44160252809524536
fabb8f5760366543,0.48280787467956543
6c3012366e62081e,0.5171780586242676
9638ffd17bed880b,0.5069280862808228
b871569a56c70969,0.481628954410553
fa4a917a560bbea7,0.5263916254043579
827c994061c02ab3,0.4975520372390747
400e8cc17b6ac1f2,0.545478343963623
d88899d1f984f154,0.5397501587867737
9cff6068ec629fe0,0.4601736068725586
edb23dd44bca06ec,0.4977073669433594
ebd5ea6f22bd833b,0.5312620401382446
d0dac046553354c5,0.5212337970733643
437805cd110289bd,0.5368525981903076
c409082127552271,0.4704984426498413
fea204480943b8ba,0.4696677327156067
43644d775e70785c,0.4874008297920227
e7cc6169a34fb029,0.532751202583313
fb36d0f16ea8e92b,0.40003979206085205
7c2a4e118906b00b,0.4952491521835327
8536ff409dbe9b70,0.5060381889343262
a04241710f752b17,0.5178419351577759
39c9f2f5149f1a4d,0.49568286538124084
74b6c946e47ae13f,0.4856066107749939
eff029ec4b6456e9,0.5329630970954895
242afba9148da89b,0.5314478874206543
d0d591343a187c6b,0.5027387738227844
43549b682439da6e,0.3946418762207031
7b94079cd6db56ab,0.4972934424877167
86435581d3517e6c,0.43304017186164856
86e6accbc30dc6d0,0.49558255076408386
0fc26f702b3b60ba,0.437341570854187
1826dd596a7d5da4,0.5030132532119751
529f47a1da4ec240,0.5026797652244568
398ebe972fedd1ee,0.49539417028427124
7ccff4a554c5c6b7,0.5275046825408936
b4d406d8e0dc4688,0.5381799936294556
3e8953604561fcf7,0.4222474992275238
078c75273f3e7343,0.5472845435142517
b41d2a4b1baa97a5,0.5189106464385986
9bf765962050a27c,0.4509100914001465
091140bf9b02be91,0.5643742084503174
6dfccc52267700ae,0.4635477364063263
a1072ddbedd95709,0.508488118648529
71d7da884a152505,0.5485996007919312
14544e1c3780a775,0.4764367341995239
7b23394284c814ca,0.5417481660842896
3848445964d59517,0.49797865748405457
37abd64f798748f5,0.49419641494750977
0b0a47a74544d908,0.505008339881897
5569eb032e23a5de,0.4903312623500824
a1fc466e654f383e,0.5241858959197998
7d4a434b038c1666,0.4143033027648926
795ec9c99cc05170,0.48405778408050537
2ddbb8c6d3360c1d,0.5308083295822144
2ad1e4480901b1d7,0.4787454903125763
01f2543321635c9b,0.4992356598377228
3658aa689aa3e20b,0.5224260091781616
399341ae6d51fa37,0.5343852043151855
86acc424a1499517,0.4435144066810608
bcd832c2ddfd1ceb,0.4628804922103882
c0fde3d60c5e2587,0.5030097961425781
94051f6acf653180,0.5404226779937744
3d236ec87c368792,0.5485843420028687
334d952e5f23c272,0.4517676830291748
91bfffc24b0410e3,0.4714607000350952
618c055f41a154ee,0.5173249244689941
7f3ac10db11a68c8,0.44103288650512695
acb4558852235116,0.5372965335845947
f4f7908b28a8a816,0.5199745893478394
a640e7e663df7f10,0.4491420388221741
4644705af64d7e07,0.5075891017913818
462613cc9aa45f12,0.4532511830329895
a88cf642aebb6c54,0.49823296070098877
e3c06b5d80c18946,0.4807996153831482
d5d59402c9bc353a,0.49087390303611755
3c274e6e4b853500,0.5243468284606934
afe85116afcdaa9b,0.5282779932022095
2bd1ae7d5b3d40d7,0.5419139862060547
5c3738f3d0440673,0.4942557215690613
ba124fdfc9dc21a8,0.4956286549568176
b5b4954c3ac4cc9f,0.510649561882019
d9002dc91f5d431f,0.5366309881210327
ef7b7563fbd67bf8,0.535812258720398
852a0d51d044d829,0.525063157081604
04ffd416f0f44583,0.49106571078300476
b8388c6805c960c8,0.5416318774223328
1e3ec4fc66f5417d,0.45645973086357117
72648506005babf3,0.5302518010139465
b69c1210e3be4e10,0.5082245469093323
d7d196fd8cd1330d,0.5259109139442444
319280ddd3ae218a,0.5138113498687744
729d46ecfac24157,0.5363819599151611
f14457994e1569d3,0.518563449382782
f9d8ba9847b57929,0.5145766139030457
9f9f9b72ecc4d0d1,0.5024470090866089
6ec50edfd131e889,0.48663026094436646
4b722c30892a2e15,0.5352752208709717
69dbabc51212cab7,0.4385184645652771
a275860d3825bdf5,0.5611572265625
0e9a01a4dc9e90d9,0.5086187124252319
bf475f7c9701b511,0.5044550895690918
7b3324004d70b470,0.46972382068634033
3d4b35b6eb56b5d3,0.5404418706893921
f85c32eaa98353c4,0.5218150615692139
c3d7794a69d3223d,0.49017518758773804
c2036a427a1030a4,0.5274001359939575
dba66bd4c745608b,0.510162353515625
98374fc69f20756f,0.5270769000053406
6dd41b6d7c46c5fd,0.5602847337722778
b39bff38cf56f281,0.40194326639175415
4ef66b0d505009f0,0.5432678461074829
8d722f1898be2175,0.5166569948196411
aaf5d3f315a18386,0.48880380392074585
ba869d43368d6fbe,0.5403285026550293
b0208dcda5a961ed,0.49975550174713135
8ffc80a64a2c1b8e,0.5100431442260742
f366a7acbb5673dc,0.4719436466693878
663f19e06d526e10,0.44995659589767456
9d79fc214f5f4add,0.4788714051246643
2200014840c42817,0.5124040246009827
2b8329a446ff2bbc,0.4883563220500946
9564df80a0bf2240,0.5410643219947815
068f4e6516a2b373,0.39832353591918945
b61f9114f93f72ed,0.4991474151611328
56f12f7ccb274dfb,0.5179849863052368
dea0d3d334f06cfd,0.5014848709106445
432af7a8057012e8,0.5141749382019043
f587bc847b35eecc,0.5203647613525391
5fc4bd6e42e279a8,0.45500126481056213
b211ed5f7c28f0fc,0.5035750865936279
7512d276778bc795,0.5082840919494629
8468ee9fa783990f,0.5550867915153503
f468bdb185a23a50,0.47310978174209595
0598544fbd6d538b,0.5464648008346558
ee02b40c0e46d87e,0.5167533755302429
063854e425e42b11,0.4904897212982178
732eeebeb542c761,0.5192391872406006
94b1aabaec86de06,0.5356806516647339
8eb29962c8a4e5b2,0.5228411555290222
47bd0e4bed9a061e,0.5369804501533508
e18b1851786535af,0.46426451206207275
a9f52d24e66d66bf,0.49299901723861694
301ad97cb789555a,0.5041983127593994
f30736450efd73c3,0.498514860868454
7d183a04e3f98f97,0.4627778232097626
d195ff9a5f4aa071,0.5525155067443848
337818e7e8eec664,0.48024070262908936
0c04e1a250a130f1,0.46360427141189575
315df0d69992d29c,0.5277165174484253
ba69a26bb1570d06,0.5081688165664673
241a306610990d32,0.4467471241950989
322c972101a4d169,0.5002277493476868
4f25bcffa0a58c2b,0.534329891204834
7b80b0f06736a66d,0.5440499782562256
8b7fed16e3c78fbb,0.5263938307762146
ac8e49d31ea91457,0.5360795259475708
9bc11dbf374f2846,0.5327085256576538
02429b2376b1f044,0.496099054813385
8543789563cc2d6e,0.41981416940689087
3b5c4ee4b54a2595,0.4918452501296997
ba0e518ac6403f82,0.5158281326293945
973fc687b5a31a2f,0.5167986750602722
4111facaa8f0f35f,0.4607618451118469
10648120e8d0faac,0.541533350944519
c06997283263976a,0.5074324607849121
6356ddd85168323c,0.4339215159416199
6c00f465f85afb54,0.4891859292984009
e136d92560072de5,0.49003875255584717
e9f4becc3758babe,0.5211697816848755
8a391f57ea1bf799,0.5026734471321106
17299748724ebd63,0.5417866110801697
cf7c5d57d68feed4,0.5355551242828369
974a8b0e277076e4,0.531257152557373
72dfb33660850aaf,0.5127023458480835
ec57668196f44cc7,0.4894433617591858
3f50781da1d3e1ca,0.45620375871658325
162b926209f40b0d,0.46077030897140503
8d3016723f8cb2ed,0.5217279195785522
432231f86b9e5eea,0.5467258095741272
a948186990b45aaf,0.3989729881286621
94f75d2feb995b55,0.4942282438278198
5df475f8db4462ea,0.49835455417633057
16975651cb60c2b4,0.4893980622291565
401ccfe33d022962,0.5258342027664185
04e76e3ec2690ae9,0.5675660371780396
16b1f6332ef27cd3,0.541450023651123
3d572465b741ff9f,0.4855060577392578
6e583a8aa6c21fcd,0.45612454414367676
71ed1d4ade5d0023,0.4801868498325348
75ec4a9c7cb5937d,0.42215752601623535
9346caa38dc749a3,0.5024451613426208
1687a726e2b7413d,0.4573051929473877
2567d76bcfe8a7c8,0.5185211896896362
91ffa330289695ed,0.4964187741279602
9f60ba7db3f77636,0.4502909183502197
916aec8a16cc7f4d,0.4944430887699127
fba5cc8d930f1a53,0.5363993644714355
83c461c147b9733b,0.5312076807022095
e75bf96cb934a397,0.4838751554489136
754810ca391cca7b,0.4957820773124695
b1526f28a4e55c4d,0.44160962104797363
057c58b141513b83,0.5424398183822632
f37836bc6f472b91,0.5464605093002319
8b6fe6505e759cf9,0.5299314260482788
f20ca08306b91d7b,0.4989548325538635
6d0172de1ae13e00,0.5346015691757202
8974c615614cca1f,0.43501198291778564
925e4e7018e60ac3,0.4981432855129242
6dc08875c5d494c2,0.44888636469841003
72a14b52ff1cb89c,0.49904531240463257
1c8d680e92c7332e,0.46067604422569275
6b44f09de93f207f,0.5563821792602539
8022b90916635e7f,0.4931325614452362
429c4feb0bd36b34,0.4539981484413147
970824faedb8fd4b,0.4439013600349426
e1f356a38758dac5,0.4107521176338196
41c152377ba108e9,0.47924232482910156
159b8cadd6d52b73,0.5292528867721558
4c74e95b5f5880cf,0.5303682088851929
e9890e0cdb6f1bf6,0.4680176377296448
ce5bd8515329892d,0.5383358597755432
14543a1cf2116ecc,0.5405641794204712
0c320d855a2df849,0.5027026534080505
30c3c1de17c25b4b,0.45461875200271606
263972f3607999e1,0.48371821641921997
f77bb317cc328d67,0.5458238124847412
b30ca0388c160908,0.5333268046379089
29b098f6ad203ca0,0.45934098958969116
13fe9b67c4045231,0.545354962348938
1db20f0d35d53da9,0.4899282455444336
36d4d8c02a0de00e,0.5079532861709595
ba4763c9bd03086a,0.5170590877532959
301a5e781222f619,0.5452045202255249
228c9b9f30ab46d5,0.42943650484085083
1578c21b5a3e5b9f,0.4632975161075592
0aa8a3deac0e4efd,0.5402337312698364
531a43beb5cc22f5,0.5153974294662476
c04e0f3d62dfb0b3,0.5463317632675171
32670ed1b8e3f007,0.5100233554840088
ae5b7281580dec2b,0.4963269829750061
7ce074c086856d87,0.5784197449684143
29b5d1b983c29377,0.5037336349487305
2b89825df9d9e9d2,0.45077887177467346
be4eeaef31bf156a,0.5343211889266968
2c4302e0ba3a42ef,0.4971429705619812
3973f704e0697b88,0.39473849534988403
40d98263ad61952c,0.5086936950683594
7d2a8422e454f609,0.4859769344329834
da472d0f989b45ec,0.4075115919113159
d5e56eb172de23b8,0.5002669095993042
72443a125794cb5a,0.5435120463371277
9ea862b1edfede4d,0.4378896951675415
02b271bc32e3ba53,0.4973750114440918
e1ddd7900b75f1da,0.5110381841659546
3b014e1f8f71b6f5,0.48516130447387695
833b599bec552932,0.4852762818336487
1a0fcf546d4e16a6,0.5186634063720703
1e19ba42e61d725f,0.5476074814796448
171d452368ff1cfd,0.5377035140991211
e7ce88c6c0085908,0.5261200666427612
1c9a58e2c54f1748,0.49633288383483887
e1206e8caa3af6c0,0.5029428601264954
66da2414f1f4732a,0.5134825706481934
3d3a779336dd956d,0.5108218193054199
893dc2337776b629,0.5034463405609131
29aa8bdabb08f3b1,0.5034835934638977
ad1c72e503b2fb7f,0.49131327867507935
3ff3531194a0c464,0.5428906679153442
a66a657b629cdcf1,0.5331683158874512
6ab50b9804b12f29,0.45910218358039856
9fb48eead9d2938c,0.4709364175796509
0b00512beaacc8fc,0.4663357138633728
f72fce46f02f3071,0.4544029235839844
60a2a7f970c084f6,0.49964410066604614
52b96bb70b54f2e0,0.5039031505584717
3cfeaa5e77476590,0.51463383436203
fd0339a895d5e4c4,0.4845810532569885
6c691327edcecb20,0.4777678847312927
b989c10e38404e44,0.5498505234718323
d1eec5ea0764c776,0.5647363662719727
af464d83b780eb04,0.5277349948883057
d2437684d69f317c,0.5248285531997681
dcae7c28050c5a1c,0.479695200920105
04acd5d55738d533,0.520655632019043
a360a6c516964068,0.519472599029541
0d7288eb1e8ade22,0.5289126634597778
c78715711e00a19b,0.5323033332824707
986282028044b5e3,0.5030395984649658
8e4f9875ef47ef91,0.508504331111908
4c0c1ff5c66638aa,0.45024240016937256
be6b9674d5766abe,0.4521431028842926
36f2a81ef1ee0da1,0.5166854858398438
78c726772d715658,0.5365216135978699
6601627814af7034,0.48694443702697754
712f014702d902e7,0.4913604259490967
cda89b1cfe50d401,0.4378145635128021
8aa9c783dd29754d,0.4878278970718384
4cc266b23c06cb4a,0.5118293166160583
d47385bdc199f9f6,0.4346170425415039
77e7b26832d9f57b,0.5537729263305664
fff3890f0f4df96c,0.5043296813964844
a785a78126e080ac,0.5096309185028076
c94b3de453e599f1,0.5054854154586792
87720e32ee862fe7,0.5079952478408813
3dfce0b53ba8b6f8,0.4728415608406067
b8a4be6839156778,0.506023108959198
cccf6e59fcb4a91c,0.468646377325058
295840a34bce50c2,0.5000295639038086
55e3c93336aa7f2b,0.4779837131500244
2eeafa00f5d0073f,0.5094100832939148
f53df24c4dacd5f6,0.5130773782730103
af561e23052a2f00,0.5084574818611145
03be16fee06b3b2c,0.4891790747642517
2ce4da8ff9c39bf2,0.4248228669166565
7598770ca6fc7b6f,0.46295925974845886
911936ed982f9659,0.4835425019264221
4d7d513ab2f677f2,0.5011308789253235
5fd816167979a8c8,0.5168877840042114
9bbc145f094715d1,0.4888356626033783
a11aacac38364129,0.5615115165710449
4f741353df3816dd,0.5108612775802612
45aaee8d4f5e937a,0.414661705493927
6d322989c5fe7c31,0.5294228792190552
6fc0a31c5fd7ea23,0.44125837087631226
ea175cb9b03fcde0,0.528724193572998
3eb4b5a44ee89c8a,0.48749053478240967
8d5aefa3f71d47d2,0.5096007585525513
896999fd2bcf0593,0.5576332211494446
4f3d2a7c14eb67b0,0.49281835556030273
7d17c13365e06f15,0.5249655246734619
a957858e6beecf0f,0.44342824816703796
3f80ad06b3171dcd,0.5208319425582886
a072f35904a8a372,0.46615302562713623
8a57b760169c14cc,0.5371341705322266
16871206fb5424dc,0.515520453453064
389107a9c6f84c2f,0.5155398845672607
f71c6b8ab7d6f390,0.5401097536087036
f227468e03a7369b,0.5558217763900757
8de43891a68322fa,0.4973394572734833
f12e0344547107a3,0.38921046257019043
d4c5f8915e23409f,0.5058811902999878
d45a7d0d5cda2a91,0.47176679968833923
f66da0d87edd5337,0.5328144431114197
9379417b8310cab7,0.41568294167518616
24436af624889d23,0.5054424405097961
7be5c0d2c08e9875,0.5132729411125183
817c16a4bb7e84eb,0.4963066279888153
db871fcafc993bcf,0.5417168140411377
98ecf7159ad963f5,0.46529924869537354
31a384677d949158,0.5488172769546509
5016e1caec6a3b8c,0.5116698741912842
5226f72275826721,0.45889002084732056
568dc9c36d2f7130,0.5203081369400024
97b69c6cda5bc605,0.48943305015563965
a50ca0643a45fdd6,0.5378028750419617
305f1d17a12fe44f,0.4530354142189026
90ca8d549336596e,0.5360864400863647
38120e03fbd82abd,0.5350903272628784
c2dea3abbe703fad,0.4799864888191223
c862badbe64fd4a4,0.48384809494018555
2c4ee914dd82d818,0.552496075630188
50f2567b038df54d,0.46524304151535034
6bbdc7a2ea1c2eb0,0.45187363028526306
1f2e19d4f7d96e36,0.5302123427391052
921b357df4a56e54,0.5722776055335999
3436309ee09a67cf,0.5269945859909058
ff54615bde5da2ed,0.47665902972221375
2ed978410766dc25,0.4276629090309143
132ebb1bdb9a08c9,0.44666731357574463
81ccf85ca8a2a619,0.5352894067764282
7a9202c9381b182c,0.4923611879348755
6571bec761348e9f,0.5384609699249268
2c4a5db2cd2c1960,0.4466022551059723
b73ae556503ff3ca,0.5077173709869385
a8c183dd82bcf464,0.4657098650932312
ca4807df5c95d88c,0.5403449535369873
c4baf9a6afd24b44,0.43865418434143066
01f34e40e4cf11f8,0.5142661333084106
87950370bb5ba337,0.5274102091789246
59bd2793c7bcf022,0.5368664264678955
dadaaf0f560a3884,0.5026135444641113
59d2978098244eb7,0.4976336359977722
2e2598f45d1b93ff,0.510047972202301
0d584cd72a1ea828,0.5039278268814087
a1cf025e6bea2dbe,0.49416789412498474
60868933d26f811b,0.5326917171478271
cb8856acdcc3d967,0.5068227648735046
5de0217ab3539f1e,0.5188745260238647
001d27a492fc20e9,0.448749303817749
687f18d34d463b6d,0.5115417838096619
25bbf76650176936,0.5790659189224243
4b7be9a42f09de70,0.5361711978912354
d4290eec84e4b35b,0.5166003704071045
f1ff4025206eedc3,0.5117839574813843
61fc2d4656338872,0.5190936326980591
b12c59f3aacd5bb2,0.5095864534378052
77c830fae8c62338,0.48025935888290405
a0d4f14735fbba51,0.5137800574302673
61d0c6b7268c09ee,0.5120023488998413
8067eac134e58f62,0.49023759365081787
f663e1b2e63a69cc,0.458065390586853
c0ccdef62ac4b7c9,0.5543942451477051
ae4f568769d15d25,0.533428430557251
f260d71fdc4396f6,0.4428565502166748
c5fd16112c62d4dc,0.47203436493873596
39af786ff5452f43,0.5053917765617371
bfe7303c7a0eab12,0.4510740637779236
c6185aeee5d0b288,0.49313703179359436
d4ff15212108c8cd,0.43474167585372925
c100be5d5a540a24,0.5419641733169556
938e8990d1dd5bb9,0.5009776949882507
ca0e63372124769b,0.4387148916721344
c28e475aaa1bd636,0.5435807704925537
3668fc3d46cf70d2,0.5284125804901123
a0267aebe9db3693,0.4655570983886719
1a0c66762eb8dfd0,0.4547058343887329
6224da8d3672686a,0.5090255737304688
4324f380ec89e342,0.4948362410068512
ded375717a9e5747,0.5091007947921753
6be8866da379e628,0.49423420429229736
74082bf90160198e,0.3914209008216858
6ca72f7d5da24361,0.509983241558075
3f389f5d6abdea75,0.5326396226882935
09b41eccf9380298,0.45194071531295776
46c62928f40b84c4,0.4731026291847229
38192c518a62051e,0.5017684102058411
1e4e0377626c34b3,0.5245273113250732
43f5bd14b9867167,0.5252119302749634
b7a2d615b0eae8e5,0.4995473027229309
be401fc0c9e7100b,0.5308750867843628
f1e8b23f49a25a41,0.4781496524810791
48ae75f2bf829a2d,0.45420366525650024
f0a9854749765f10,0.5121703743934631
b88587095cea2af8,0.5281556844711304
4d53b6f496ca8799,0.5404165983200073
844ad2ad85974764,0.46752625703811646
515a39822ce0c7d6,0.5459930896759033
d20e91554439a182,0.5336491465568542
573a30a8d2391ffa,0.5278545618057251
cb8ce98f5a00f01e,0.5063727498054504
d94e9b27b1149c0b,0.45058074593544006
a6f8ffc46ad78207,0.4980517625808716
9606579289a5d208,0.5149031281471252
35b55f2a97467eb6,0.5064259767532349
8a6d69f0cfe157e7,0.46847206354141235
760aab0b5621a401,0.5457119941711426
53b9a3fa6fd5f539,0.5073726177215576
5709ac2c74a96dd9,0.5126560926437378
eb7d669e8f5f178a,0.5387418270111084
f169983b0017b3e2,0.4499509334564209
2eb1c96521f91417,0.5180705785751343
033525c79f747c3e,0.5082393884658813
6168951932d5cb53,0.5430091619491577
3ad9569eeafdb217,0.4890105128288269
ab08ee2840994c3b,0.5444060564041138
ceb3e443cd00f8a8,0.4112457036972046
3a2cf51823f33503,0.471049964427948
c6350c56cbd816f7,0.5216109752655029
c1e4e05ef0ba6635,0.5349609851837158
6987b94bd556124b,0.49346470832824707
fd084b0f8726c246,0.5370571613311768
b09b777c03f20c86,0.5374466180801392
4e168425471b5c41,0.42313194274902344
d9b1d0a688bc39d3,0.4969276785850525
6156131d703e58f0,0.521491289138794
bfe6c35d110b40cc,0.49972838163375854
f257c790f6175284,0.538811445236206
23f226c70f123493,0.49859967827796936
8cb7026d0a7df7b6,0.47185906767845154
935165d15840c3f3,0.5081390142440796
ce5c73aab0cff5a0,0.5433347225189209
46d92edff67f0c7b,0.5250874161720276
14623b69c0d54342,0.5202017426490784
314902ead1a96f3a,0.44412097334861755
28ede58777aaefdf,0.48201966285705566
5081e6b2afb1c91c,0.5082242488861084
c9e657b9d40554a7,0.5122004151344299
46ccae331ac46c43,0.5323871970176697
b0c048d3845b55b7,0.5125593543052673
e3e86764f48ad402,0.5170048475265503
7b11dcee4fe2e185,0.45670419931411743
be3289e0840645c0,0.471678763628006
ee0a78d662592f3b,0.4870225191116333
4dcd11645ba06256,0.5645997524261475
b26cd186a2416ae4,0.49436211585998535
8f8082380d952727,0.5627631545066833
dd15ce0ba8dd51a2,0.447817325592041
4294a224191be738,0.5458043813705444
9386115f86bed1b0,0.5326113700866699
f3772f9bba501b7e,0.5311388373374939
4ef0c91a98498b3e,0.5211333632469177
8ddedee40b0569f8,0.4836219549179077
da077f4bd1030bac,0.5152331590652466
ee8255f2c9ecba08,0.5097972750663757
7316c73dd8d951d9,0.5271403789520264
8e09a57ade4a6a9e,0.5487823486328125
6cb404ab15d43d27,0.5184885859489441
5e3102c94840d006,0.5519413948059082
cd03317bb94632af,0.5078643560409546
b602c68130481b0f,0.4983025789260864
e434769589fd0b88,0.48168784379959106
3cb4b9c806874f51,0.5308599472045898
e009e858409238f6,0.5023808479309082
6db0c04b53ce6a34,0.5233536958694458
dc5678e677cdb392,0.49308961629867554
8b2185f612cc6d42,0.5252540111541748
f2a71f419d132ee8,0.5206977725028992
aba3b939078b5f17,0.5149621963500977
28542584415aa0ab,0.5424509048461914
fcd3588c7a3a7bcc,0.5035322308540344
7e0c6475f99626c1,0.46181488037109375
52ac3c5ea30e1775,0.5061895847320557
1c06bc25c5fe56a2,0.46156561374664307
b958a0e9f48b83b3,0.43517938256263733
5b8efef86540b404,0.4769355356693268
ebe862d4cf6971a5,0.45247143507003784
66b3091cefdbd08e,0.49852871894836426
b4f0f933f6c79e9d,0.5313588380813599
8475c161fa4aea88,0.4654819965362549
faa9dbc750416c22,0.4953247904777527
6fd5bf3300f2d906,0.488902747631073
64a3e72c115e59f7,0.5195173025131226
224869bf3976caee,0.5450565814971924
701927fcb30d0e9d,0.5574530363082886
63a6356681b99ea8,0.47645729780197144
821b1727c6531ce9,0.5644388198852539
d7dfe1334f08be91,0.4871642291545868
f406037baab19b12,0.43936610221862793
8620fcd1f5c0f8a2,0.5093151330947876
588862f8d3d5dedc,0.5238872170448303
825529301af7ffdb,0.5465534925460815
0af5354308abca51,0.5004027485847473
a356f35b7bfc90b3,0.4900819659233093
191789dee178e266,0.5348028540611267
cee9dd879e6d6915,0.5361675024032593
9664b0674c3b9e7d,0.5679917335510254
2ce87139b8133118,0.4746232330799103
36166bc8e4aeecec,0.512730598449707
dd6f9a8b806a6732,0.5429924726486206
f44f4edf760dc4cc,0.41592562198638916
6bba24c4cf4b6744,0.46030503511428833
741fe04329b31a9c,0.49744319915771484
7003fbca5e5542dc,0.5396496653556824
ddf4229c7716567f,0.44905611872673035
7304392baa9b401e,0.49186068773269653
930e503315bb0eca,0.5147454738616943
0653ee9a47af2a94,0.5290036797523499
aa361d12e373e4ff,0.4535532593727112
ad327a1ac6c06140,0.5037527084350586
ea5cb4f58d9e409e,0.45488840341567993
8c812d85c93b11b3,0.5521907806396484
e137be6abe78f73a,0.5204099416732788
532d068c6e9d7b45,0.5112958550453186
1fe9217c88a92574,0.46960026025772095
8db561bb42c97a52,0.468325674533844
9bee296abbdcd6b6,0.5011076927185059
cdab98a967a64f88,0.42064476013183594
f40cbadeb9386e74,0.5346992015838623
b6a8dbc89a9e9991,0.49713361263275146
0a192eabdf76c014,0.4734419584274292
309b76d594ddbda8,0.5298013687133789
f0e37505f123b34f,0.5092878341674805
f710ebc92b6e48f0,0.4386579096317291
8e08c70ec5baa466,0.5054879188537598
dbdb5f1b59a63045,0.4496254324913025
b416fd6b780f368e,0.3929517865180969
0f1477ee725d66ba,0.43120819330215454
1aaf4e60e0814189,0.5371341109275818
c8936984f233b2c5,0.4562739431858063
29c5a0ec68de344c,0.5256588459014893
3e01522ecf04e9f7,0.5049850940704346
b877bc3d4a5203c4,0.4676615595817566
e2f43cf64d27fdb4,0.5336213707923889
94e74ecff7f6c6e2,0.5161399841308594
4fec91ad34d47359,0.5538991689682007
7c4f9ce821758dfa,0.527260422706604
e9fffa7ad6a08411,0.5014854669570923
275e4adcc1f36784,0.5000766515731812
deb1d4e092567502,0.48512130975723267
999857ea75f7fe27,0.5131109952926636
854b3239ec3cee9b,0.514161229133606
d0d89555ed43f528,0.5364736914634705
e2f3bde09563d240,0.5094637870788574
7bfd22b0be1724c0,0.5103971362113953
3af6c55beb39a51d,0.5101558566093445
32df4d3e47c8b23f,0.41003546118736267
a31ee7fea03251cd,0.5241097211837769
667f454efb2442a5,0.4996715188026428
720fcfde7d7d0128,0.5380523204803467
bf27b3b89e5c0b52,0.4644772708415985
954239bf93493f6e,0.426474392414093
bffa2e354ff99cb4,0.5067648887634277
c2d5cbbf15d00564,0.46746164560317993
9591bb29c4a598f9,0.504604160785675
92c0f76a2f7a220d,0.4698777198791504
6933bcdd9743607d,0.46837788820266724
91826bb517a5944d,0.528580904006958
08a630c301354450,0.5317537188529968
cd4f7edc8914792f,0.5447736978530884
ab04d480144598c3,0.5507999062538147
939ba971d5bc4a85,0.4796241223812103
ce80907c42ac7af1,0.516925573348999
7ab8a6040920c452,0.4949343204498291
7c9c0ba57d15e87c,0.4384971857070923
223d6be00570b2e8,0.53863126039505
70bb39c78632b349,0.4634086489677429
d36cf625126ef3f1,0.4935196042060852
683042e37a7bb4c7,0.44657936692237854
8f1a441442458139,0.5070177912712097
f152c8f8fe48d54d,0.5382176637649536
38c223dfcefe226a,0.5521344542503357
3e3b86dc66cd757f,0.48166990280151367
665a85007b5a5ce5,0.5030544400215149
3bab3c5c7ffe1888,0.5415436029434204
a8fe07f16f611d7c,0.5282261371612549
295064f87927e2ca,0.49523311853408813
503fb5127b2e3f51,0.5070526599884033
46453db83acc25bb,0.5565313100814819
1e88d44e2ff61c96,0.4681447446346283
faf1ddae2eb5e75b,0.5178619623184204
b62f304277e7a75f,0.5455018281936646
05dc90723d0368e3,0.530887246131897
c77f24f110080b0f,0.4670179486274719
7b44acab2e4ebeed,0.5351059436798096
9a8e8226f8a66b78,0.5112333297729492
ee579234122e81ad,0.5183655023574829
e25c68de542cfaf1,0.5017958879470825
d7f8ed5afcb15f97,0.5523638129234314
b054adbdd98c7581,0.3879861831665039
48d504d279b9c7b2,0.48018479347229004
2ab30ab72301f33b,0.4564927816390991
966c2db8dca0fcba,0.501911461353302
ed94a0194b4deb2c,0.540748119354248
006927ca1b2ab02f,0.5097993612289429
e7a1d7551874c4b6,0.5202071070671082
ecbc4b39c1eed8e2,0.5442012548446655
53b2e120b6df5bb9,0.47272318601608276
a8d46fd04b9858b7,0.5174309611320496
0328c398d04a639e,0.5339417457580566
c36b431b56275ede,0.4556713104248047
25ced1f8aa42dfe7,0.5139120221138
6e60434b8960fcff,0.45046645402908325
47395a8690f596d4,0.5281885862350464
fea58e81b2b14a6b,0.5048449635505676
3311f5b8fe246bd0,0.46246954798698425
59f9e51bbad9e7e6,0.503073513507843
9c78811098c7b94b,0.4359108507633209
6293709df50a3e31,0.503882646560669
08af6476c0f32a2a,0.5205874443054199
903388edbd89b858,0.5348020792007446
7ec18fb3a83c7584,0.5140079855918884
6d62a56fbc29e7cb,0.47003689408302307
5b8f6dc6b93d3019,0.4621863067150116
6bb6f8d67df479eb,0.419235497713089
27ed70c2f6403578,0.45553499460220337
a5a2a17011adec1e,0.5001404285430908
e37a4817b02d30ad,0.49778297543525696
105d2d22d2b42d40,0.5039461255073547
042615bdea424df7,0.5301206111907959
95e438ad89b53c47,0.5109800100326538
1e5c546fcda748ff,0.5093620419502258
d9c5c5168b892ca4,0.5082505345344543
82a0c5095cc8a316,0.49120432138442993
173faebfb9f030eb,0.5104588270187378
7edb06b94948f70c,0.49847275018692017
116acf36a3618426,0.5689806938171387
f60101aa4795b992,0.5171135663986206
5a77e327a88b150a,0.5479839444160461
6c9c04542a59964c,0.5001658201217651
3b8cabb115026e48,0.5328428745269775
c727b82474763e45,0.4390298128128052
9d53b774695ff163,0.4946044683456421
f4765ff30ac99854,0.4871683716773987
2b6dedb3c8cbceb3,0.5320079326629639
0aaec87e562d6fd9,0.4897100627422333
f56e4174ef299088,0.408261775970459
fed9614a1a71b01f,0.5617942810058594
6acc19e712eb45c6,0.4843001663684845
8f6be2ea705da875,0.5032917261123657
678d3b96504c67af,0.49157437682151794
5bf4a2abd978e12c,0.5102658271789551
2c5694dc63c28139,0.5197563767433167
307952f0088931e7,0.5008385181427002
1c58866aee3f228f,0.5436599254608154
bb39110b35ca5bb5,0.5207025408744812
3ad9525837affc85,0.40063393115997314
1e4c80a5337903fd,0.47679799795150757
d40d0a8dc2456a50,0.4997250437736511
40cb4bc6f4981003,0.5301589965820312
f9fd364e60e91609,0.4712102711200714
fb5e271d6b722509,0.499470055103302
c5cef6cf67fe25e9,0.5198150873184204
5925e667025e251f,0.5625042915344238
a1fb140625aa7166,0.5329551696777344
c3d2c0de15fbbae4,0.5428225994110107
cb4e1c42f4a3054d,0.5124320983886719
242c3dd725914033,0.540136456489563
9cd19c76f5460116,0.5568170547485352
b9f739c48a2a5b27,0.5378595590591431
f3f16134da957d76,0.5233757495880127
b99d4d5fe85e6818,0.4140791893005371
f1e87a8828495b7c,0.5582250356674194
bc20345f1d42bbfd,0.49299371242523193
a87da3261c63625a,0.406937837600708
1763a2d18c825873,0.48851335048675537
8010a88ad41c99f8,0.5122442245483398
4932198abc4b700b,0.4741203188896179
dbdbb38cd4f93a62,0.5117210149765015
1709eade286e9ef0,0.44703900814056396
6105e03596f2cc46,0.5236955881118774
ba097ce84d20a41c,0.5111457109451294
7ad27888193a7b79,0.5382611751556396
98f4debd097d0a9a,0.5624101161956787
db4d78f854b2645c,0.5309023857116699
60865f43ad679334,0.5318783521652222
74d658a73a515f92,0.5086121559143066
3db583c6999db70b,0.43855172395706177
5fdf8b8326261378,0.47013169527053833
ee0435695927c85e,0.48779988288879395
6a1bc02c29ab49a5,0.5089848041534424
06d3f5456131698f,0.5113675594329834
f132dc06238ca6f5,0.4689834713935852
ca1af1e7f72e16ff,0.4628230929374695
38f08619d477e0a9,0.5345820784568787
b444cf4bef0cd6fd,0.5443351864814758
8e9c6a18634fd132,0.5053942203521729
a6d9d2f62eb3342f,0.52496337890625
0264fc2c1770bd3c,0.4631568193435669
dd113ed3f85943b5,0.4720815122127533
7020505324be87c2,0.5367894172668457
24d574ab52539ed4,0.5410905480384827
5e7fa412a04fd750,0.4702380895614624
5b5723a4c4c6ff15,0.5177866220474243
d0b57f4baf0b1b94,0.4614558219909668
33b42e630e0bc408,0.4563547372817993
94080475278a3e31,0.48640134930610657
4c3ac8019d3a4fa0,0.45990318059921265
abd34e2e49dc5c20,0.5469462871551514
5770a16e031599bc,0.5121259689331055
b7c1cfab03264c7d,0.45510929822921753
885034a5f105439e,0.5039978623390198
d0f386b222d7e380,0.5325696468353271
34b8e9e3e2a8dcad,0.4893977642059326
e117136e72ea7f0d,0.5402032732963562
5020287ecf82e538,0.5347336530685425
6756415cf635c437,0.5380669236183167
b7ce6357b7c4939c,0.482943594455719
99781f01a0628ee4,0.5020468831062317
6ef956fbcab77ee3,0.5191683769226074
d05b1381ec366399,0.4685824513435364
ad43fff067bf85f9,0.45628130435943604
f3a81ce2b0f9a380,0.4537745714187622
075e8155bd6d6f20,0.5300017595291138
ec0ef532c54bf238,0.4865756630897522
1c504506cd06ad9b,0.5019091963768005
07567e9da39d56f4,0.48537641763687134
c2ca43862b8325ed,0.5033040642738342
f8b1338288a273f9,0.4557303190231323
7545644f15ef74db,0.5085934996604919
5c126a0e1e374015,0.5063595175743103
7a4e2531e6ab7c78,0.48274433612823486
eba8c204071e0e98,0.5532984733581543
b3f27d3286c52f48,0.412166953086853
1353c54d61d9fca8,0.4921305179595947
cced39b320770d51,0.46597886085510254
1fe2fa0f4e1587bf,0.48453372716903687
50d0af1d65bd8153,0.5066860318183899
e6ad6c2765ea2310,0.49421337246894836
de9a991b056d8a35,0.4780539274215698
0720f4cb4d0291e4,0.48365071415901184
6387833c72c2a903,0.5231766104698181
af65a1315cea58e3,0.5347491502761841
854bf962d19e0175,0.569171667098999
bf739a97614c1aed,0.5171486139297485
3a70d3cc60a5a2f0,0.46340879797935486
bfc498e57dfea5d2,0.5026564002037048
d33e9b71a2f5c905,0.5261712074279785
833590ca154b7ed3,0.5095911026000977
65ae1e120dbae6e2,0.415557324886322
a5eddddcd841a0a7,0.5201462507247925
d3059fc1682a0820,0.47633183002471924
03f8cd841d2ee32c,0.5531071424484253
bb73c2d113fdb485,0.5293039679527283
b6a9a18ee197e510,0.4590519368648529
5f7c8645c9a5b876,0.4570710062980652
7b9532b9fc5ca6ae,0.5253242254257202
f8fefd64e4fcb7b4,0.493518590927124
0840c638bf09614d,0.5512597560882568
892a7466f589292d,0.5143963694572449
06a59a20ab3aa925,0.5426206588745117
63113ec767628a91,0.4587906002998352
fa6cf009efbf82eb,0.4774687886238098
2dddebe9660bdc28,0.44028735160827637
079a20c23bec6dc0,0.44026267528533936
c601ec1f9b57752a,0.5104067921638489
d64ca5e1306dd64c,0.5084578394889832
f463f8c8b0fcc139,0.44927042722702026
e78e912f9beaf803,0.4987132251262665
b718a0854f9b1b85,0.518254816532135
e71f3a7d48bf6c43,0.5305980443954468
4bc109470689ffb4,0.4751827120780945
e522a395bdd1f66a,0.5621055364608765
67fa1cb39a564e56,0.5071742534637451
16c67a95764ff5ae,0.5345641374588013
3cb4f5eabc90de9d,0.5202986001968384
a4a2c17ac7146372,0.4633549451828003
b006a0eab556c5cc,0.5438543558120728
e7be12d7db5345ed,0.5129265785217285
614d6f85463a5fb6,0.5463361740112305
87a379baa4429f41,0.5336970090866089
909babee32d49bc9,0.4693710207939148
34a949f0e118ccc6,0.5455983877182007
af199d92da9c1bd7,0.43414419889450073
d9c8d108ed1e6e6a,0.4429413676261902
f76ffa7b3e4c9838,0.4789850115776062
a5d7ff8b92b0014d,0.5304124355316162
a235f3c702a179eb,0.5216400623321533
961e7c94821189ea,0.5076989531517029
a1e789e506ad9daf,0.5206541419029236
6b2d467c44b43254,0.5231642127037048
bf385b26c4b92cc1,0.48202335834503174
847b853fcf77c687,0.5218412280082703
47ab2a72d882ba57,0.5211035013198853
670ceb89537b0fe5,0.5018736720085144
3591c229f245bb2f,0.4765348434448242
c0cfb0530a578bd6,0.46089327335357666
2a5aa4116897aa15,0.5307577848434448
9a4bc55cf471ca5e,0.5657637715339661
f6d47aff5cfed8ea,0.4989544153213501
b2673f6ee8fa4de8,0.526513934135437
0b569e2c0c59af62,0.5364776253700256
317fc4570e4b69f6,0.4832038879394531
c33ed5b6c7847707,0.4651690423488617
786e47f105ae08cc,0.5615049600601196
6533c2e7c142384d,0.5168567895889282
2871e96d02538ae5,0.5152063369750977
ec24c170adc042a0,0.49688297510147095
e2cb32fb7d966549,0.5420413017272949
6098c7335bc8512a,0.4930490255355835
a118b8041b6e89fd,0.4830425977706909
2e67010e2a39a037,0.49136120080947876
3b99f034a9b87562,0.5549414753913879
6747d4f5a33f1dc5,0.45368120074272156
4eb101705313cb06,0.40552932024002075
305128295ce68eac,0.5109966993331909
b2ac1984061672d6,0.5176945924758911
ac9941470410bb59,0.4903777539730072
695b25a4bf0f7f8d,0.48146170377731323
e9f9dcb921fa68dd,0.47237467765808105
0b00f13bde7dd0a4,0.4715813398361206
0f7265f36f167b4a,0.5629401206970215
cae1e0647944bc8e,0.5115355253219604
e6e723baf1681584,0.5000815391540527
4254fb9887566bc9,0.5141565203666687
c657537d48e034cf,0.4758251905441284
4eaeed21ea9f654b,0.47074100375175476
6d95d6dc493daa54,0.4613776206970215
5da51edb52fdf16d,0.5060071349143982
b27a00b59d425642,0.5427150726318359
983e8317e5b0be45,0.5065541863441467
a316f861d0ac568d,0.4974643588066101
db7b5681eb63d430,0.4936753511428833
d5a196f4ee3d2dae,0.5421712398529053
c260a1579c625d4d,0.5226771831512451
c11b1bb50b9b9754,0.5486354827880859
2f866fca11af4855,0.5399715900421143
9d7f6a9bf2b66f7e,0.4647517800331116
0e53c1e65e1833e8,0.501150369644165
ba636c732e1bfb4b,0.4575737714767456
a4a7d7cf02be1e4b,0.5022088289260864
6365ad03f5dd16ce,0.5636582374572754
30eccf6690ee09b2,0.5439766645431519
36847cfe38627c3d,0.5040916800498962
0ae178df9520b022,0.4758053421974182
731abdbe5aad355b,0.5241720676422119
cd71898f64849937,0.5743110179901123
35d4c57cf767f97d,0.47489112615585327
92d91d8ad3b9f6eb,0.3951716125011444
12e061c5cc376d76,0.41351115703582764
b14371831f2b659c,0.5108705759048462
3a73d55d1dcf06fb,0.49247127771377563
a5035d50b69da3fd,0.5237970352172852
451fc4e07d9bfd48,0.45355379581451416
f19f1c67d76f6a9f,0.5107077956199646
9d8ebd6820bc72db,0.48400264978408813
9df82439a48502bf,0.5361589193344116
3f29dfd74cc7a8db,0.483197420835495
4938c320fb651c83,0.5229024887084961
0d5199b34a9c943e,0.515375018119812
c41eea09efb2a6a2,0.4591694474220276
6469b6e659c104fe,0.4835900068283081
acfd5ae92d347c97,0.5254194140434265
39f9540baaf7b261,0.5179246664047241
9d790a7be025a844,0.5207691192626953
70cbf74d56c15e4e,0.48624342679977417
9f76a1913a9eef96,0.4798544645309448
eba965bbced07774,0.47836339473724365
6a6bfd2839f904c2,0.5508192777633667
4388b394d83c2f42,0.510256826877594
3a48d3e31b30d728,0.4974265694618225
ee503cdf16c02d0d,0.5164239406585693
6dbf1b059ba7a32b,0.4473998546600342
5defb26c2ad38ff2,0.5180215835571289
1691cef5c95d691c,0.40820202231407166
af4fe6f1b4a4c788,0.49444472789764404
40e3725c0b2f9c54,0.44794946908950806
43a1ea8bb5d0e3d4,0.5364634394645691
0a4ea50480cfd294,0.5258880853652954
f9741f1119a1c728,0.5627334713935852
0c3aaffac15aab0c,0.528313398361206
6e51c53046240e0e,0.5198432207107544
b2c0878cce89d584,0.48344358801841736
90b81d95836a1bc9,0.506235659122467
0df9c4660d2ffd7e,0.5086333751678467
dc6cdb086c3d77c5,0.516924262046814
790f758ba717ff97,0.499444842338562
8f8e1680ca232e58,0.46188175678253174
496fc3cddbfabcba,0.4584706723690033
deb128c0eee1786a,0.5273727178573608
1f8798d64e7c7cfc,0.5458614230155945
11ae5da58f4e2f33,0.5159559845924377
b88792ce8b1a848e,0.48632097244262695
70a62b43bf0d5927,0.44695112109184265
99f145ba164f84d7,0.5340337753295898
b33140b126b5e5d5,0.49308592081069946
331ea75c5418dc4e,0.47167885303497314
9c47119da08383a6,0.5294061303138733
5013b9dacfdf0f19,0.5337912440299988
367f4883df781597,0.536797285079956
c7605e8efcf73ab1,0.5210307836532593
de9c47ace3a8fd8d,0.4641847014427185
7785b58492f406b8,0.48261597752571106
0cd029eba836946b,0.5267624855041504
c78e849eaf0752a3,0.5100258588790894
252b5270502fa697,0.5270813703536987
c5b485f8609a238a,0.49815839529037476
b0c6971e5e557dc4,0.47337770462036133
94ada0dc1b54f096,0.4794914722442627
2aeb4d4546168967,0.5600039958953857
a8f4daf3507e7174,0.4796193838119507
9251badf46ad603b,0.4454244375228882
0c057588f66fada0,0.46188971400260925
f4534bcb5fa85027,0.5141463279724121
70b8e1f097052f9e,0.5062626600265503
fcbf7fba44d994fc,0.5016049146652222
dd8ee8d8537a84d6,0.5216348171234131
4085ab8ff7c01df4,0.5541108846664429
a801d8caabc3815c,0.45662999153137207
76cef7fac981b4c0,0.49490076303482056
f516f33498e476d6,0.43771326541900635
cb16c45738951d38,0.47175878286361694
7f31f10a74020854,0.5136145949363708
e4e3610b16d757c4,0.5265469551086426
7330d8516f589a97,0.5099295377731323
38594cad845c184c,0.4892544150352478
5925590ac39d14af,0.5302634239196777
c3b7c3cf66054de8,0.4774014353752136
0bfe9170437075d5,0.5155178308486938
79f444be4749d8db,0.5490832328796387
0ba3061330a9831a,0.4854624569416046
2bd0f2f0eab8a6f7,0.5199832916259766
a3beb235dab0d5e6,0.5223109722137451
9bacbe7c5ca774b7,0.45141005516052246
f6bb6cb25ef73c74,0.5704457759857178
85d1635233403e04,0.49863898754119873
609efcb97d5ff20a,0.4380887746810913
00eeaf0b212a3e8a,0.5143206119537354
2462c01101b55e17,0.4695115089416504
8c8c13ed50b9c59b,0.5035552978515625
7717e9e362d328e2,0.509642481803894
15a903302f9b8862,0.5394248962402344
2e0b499632ba31ca,0.5229904651641846
6f7dcf55a6fdac5c,0.5448672771453857
26ceb06b6006d83a,0.5152577757835388
90fd7d69f10ef888,0.4980379045009613
ef06233b6622b536,0.5445018410682678
3020d617b796f549,0.475355863571167
bc82ce9969a0fa6b,0.5234898924827576
a8d057e351d7abf4,0.5218333005905151
0f36cc0cdf70a9e4,0.5424764156341553
e67f593e1ef12d04,0.46914157271385193
0f88d450911bd6f6,0.5054460763931274
5a23c906b39a7927,0.4133898913860321
7e6da720218d7cf2,0.4863489866256714
c57a8bb0532ca5bf,0.4999384880065918
de611e21b55fdb30,0.48239827156066895
47ac0af130dcb925,0.5526028871536255
64bc36f10edb900f,0.5103991627693176
d65f5ff8961a7822,0.45556479692459106
3049b95715fbfc33,0.4985787868499756
fc8ea8dbf6a8a5b7,0.462954580783844
14fc2c269ef3a9d4,0.5638684034347534
27d19dc44ccaaa10,0.5066025257110596
51595026620b2913,0.5139272212982178
a9a043c0596ce1b6,0.46677184104919434
b2e32a7e1e52dd6c,0.4548742175102234
9cde2a488427ddf4,0.45008915662765503
268cbfbf1c3093a8,0.5053043365478516
6ffa7bfde378c198,0.5525587797164917
755e125e30a37fd7,0.5000842213630676
5841ab5bb1d86518,0.4385407269001007
bc95a9a37e800a9d,0.46703559160232544
8b6a39d07ebb858c,0.5387057065963745
e2bba8df91fc5fdd,0.41561007499694824
97e03b18d867db40,0.5237288475036621
290965a718e81a3f,0.5029303431510925
c5687b56c53a557b,0.5318406820297241
846e7a3828d66209,0.5410922765731812
8fc0c68d6a3b68c2,0.49437135457992554
0496d09949e67a2c,0.5040324330329895
fca98a8feed308c3,0.4711076617240906
790808dcf59b72d8,0.5200634002685547
c08e13522ba9d87a,0.49610435962677
61dd3c4f5388255c,0.5202450156211853
7a695fd5bcf85dbf,0.4932972490787506
3ae537824f22d4e3,0.5250691175460815
9f19fe91626b02f0,0.5356127023696899
632fd519799231d9,0.4024266004562378
2d71eb71c1e1b2cf,0.5338100790977478
602b74fafa1fde77,0.5319177508354187
7da4ee33aa5f01a3,0.4572981595993042
af0fdad1de294a0d,0.5268131494522095
55fdd444ea35d918,0.5644325017929077
f330ba95e7008fb4,0.5197993516921997
50559b4334b9923e,0.48945027589797974
49cfe206a7ae3b98,0.47270089387893677
d5f97639935a0799,0.5172375440597534
93e52e3fe975d517,0.47062402963638306
481743f383d91767,0.5147848129272461
84f250fe2d5f0423,0.539573609828949
e996289a4d5d8f82,0.47762206196784973
fd100cf0becc943a,0.5171412825584412
d700be5e89e2b11c,0.4844907522201538
a3515626503329ce,0.5247329473495483
54cff9cf38ec793a,0.48250913619995117
6304401d0e8585cd,0.4590801000595093
08f40f9c37b2d7ff,0.4566301703453064
d89fe78b2a383512,0.4931334853172302
901c1ff0c6994416,0.5373252630233765
17bbbaabc170528c,0.5542384386062622
66d2e6d37491d4e4,0.4981958270072937
0633d69ffd3ed445,0.43768730759620667
78d35ae3be5ac5b7,0.49550604820251465
1cb57a4f797bab17,0.46723151206970215
7ca56e5da8b7cc5a,0.5248745083808899
35c1fb0cf464236d,0.45975261926651
a5bf529224bfda5b,0.4599190950393677
93bbad4730f3b875,0.4552384614944458
4e41b7191b7d5cc2,0.47449952363967896
22f13d7d6f50b1dc,0.5414964556694031
84d9ac9f6c6441b2,0.5077705979347229
8945af88ef18218c,0.5091115236282349
ff23407075fd22c0,0.5121246576309204
329fe4074c96cbb7,0.5500484108924866
d400da4665646ef8,0.5319012999534607
cf10e449860a7f77,0.49589818716049194
016c35374992171a,0.500252366065979
c404743e400724a3,0.5594671964645386
0aa74c759e89da77,0.5128356218338013
cd985e9e860aa07f,0.471091091632843
41b40a62a669fe75,0.46791380643844604
9bd8e89b3ef875c9,0.5302889347076416
007f82428bc8031d,0.5138301253318787
a0791658c57853e0,0.476431667804718
c7d4a7ca02c14dd4,0.4585891366004944
d25fba8aebefb23e,0.504079282283783
c23ac0cb8433eb58,0.4936259686946869
e3e569d4b92e732a,0.4819362461566925
c3bf4f068ef85827,0.5415775179862976
97bd3d210bdad2d3,0.5161299705505371
1992d47b0295ab49,0.5284209251403809
a535ba73d8e3dddc,0.43704450130462646
2178f6d4468f9994,0.48337072134017944
14018f808e942576,0.5350203514099121
562c56807abf27d7,0.4847530126571655
5ed152f36334e8b7,0.537023663520813
b9d73e1285dff79a,0.5130519866943359
b79de87843e34a5f,0.40571272373199463
6753efa19468bdb6,0.5105210542678833
49753f89bbfd118a,0.5114363431930542
5e34daed47034210,0.4390961825847626
1f0ccbbd807fdfbc,0.5222140550613403
e5cfa0c6b067e445,0.5067383646965027
75b9c90b88fd311d,0.5606222748756409
a6d76642eae7089d,0.4531474709510803
14e3e9799f3aef5c,0.4461735188961029
e046e711eef50290,0.5655490159988403
b92d86ebc912425d,0.5285677909851074
7e83996647dad8fd,0.5388832092285156
6519e72ca722ffdf,0.5649216175079346
544aabc1aac331f8,0.4943156838417053
f7ac44ff665d4070,0.4929722845554352
fd94f17c01168e29,0.5194115042686462
3a29fedfbb67ab2e,0.5475890040397644
eab9738f80655c2e,0.5078730583190918
4bc0caf2fffd7818,0.517526388168335
94dcbc30fdf15b1f,0.4861840605735779
b4682ab9ea5abfca,0.4110550284385681
cbd031eb21771760,0.5504567623138428
bf07b4b8960356bb,0.45492061972618103
807973b0d6cb72fd,0.5146688222885132
32693d95dc5ee822,0.4980730414390564
2425c43f5f636294,0.5375296473503113
10fd927fad8624d9,0.5019822716712952
643a727a7cba45b2,0.5191675424575806
b787082cd102424e,0.500076949596405
62dc68384dc09b6f,0.4653628170490265
ccadbde5f9b6d653,0.4636552035808563
2fe2f510b7cc409b,0.4878283143043518
181d10108e3bdf32,0.5166639685630798
d4b6863eaf3a1d5a,0.5167222619056702
0e403092c6861b5c,0.45834094285964966
7795d005a3e179e1,0.44233810901641846
0d2c182c494bc138,0.4807853400707245
54109c4643f996cf,0.4797391891479492
73fa2666b9e97037,0.5332266092300415
8e58d88f1c49344a,0.49949911236763
7a7197289808162e,0.5292169451713562
338998251e7fb1d7,0.5049290657043457
0826ff09e30335c0,0.48839372396469116
91950d4d66557160,0.5289524793624878
3f9995aa00d4c696,0.5604884624481201
a42f5f880f9fc746,0.5037164688110352
67a9857bd236fd0e,0.5026004314422607
d7d8678507141a2e,0.43051376938819885
115cc885ba98ab16,0.5157590508460999
8be2a57dcd4bfc1e,0.41519466042518616
edfb40f6714f6365,0.5428522229194641
56d47a1dcf46b038,0.4676312208175659
200fe849631a0dcf,0.5069506764411926
c75330b72b4ecb76,0.4903565049171448
43380fdbf7cfe960,0.5556238293647766
ca97cdc168a0769a,0.46730512380599976
db9dcfd8ac91237f,0.49108320474624634
1fd1e683da6b1388,0.5443560481071472
4f2b3431a51a77b3,0.5170751810073853
6ee9e0af6d3043b7,0.5325769186019897
38ef2aa1bfb66981,0.46016502380371094
97be933e1cb07c0b,0.5484510660171509
aa410c25c96fd576,0.5320925712585449
0ed495a29121cf06,0.5275567173957825
2a4d13fbd53a2d93,0.5187897086143494
e48324cf145eab46,0.5644457340240479
80ae74e6c6dc42a2,0.5526658296585083
609939309531a183,0.535561203956604
7c2d0b296543a199,0.5163068175315857
896fa8d17cca4f10,0.4870404601097107
2daa0e97ac1e9ab9,0.4831888675689697
3f3aaae508efc61c,0.510352611541748
13c375b975bd666a,0.5099037885665894
bbe0aa8e5a387af0,0.5267945528030396
a2fff6a9aa815873,0.5124789476394653
1e16dd972b6bd401,0.526033341884613
146e32a5245b05c8,0.4547337293624878
5d7f4061aef62963,0.5261754989624023
53948afc2bb5dc32,0.4379453659057617
c3cd231685729991,0.45390212535858154
c3e4b3b142604549,0.5521118640899658
1b78a64cad3c7ffb,0.5335723161697388
d0de80d9a3a96606,0.5059722065925598
c21ee570cc3711ec,0.47920048236846924
f36cf24a5fa8dd81,0.45074355602264404
caea20a8414e7215,0.4874819815158844
5d721adc89dc3d99,0.43404433131217957
9410d2225bdfed82,0.4599798917770386
42e4b7ee333082e4,0.41289812326431274
717f4d7bd605dcb3,0.4924374222755432
298ca710f17a6264,0.5545201897621155
a2398916b3a167d0,0.4580751061439514
9d6548ea0ec3456d,0.4957001209259033
a434807b6f696427,0.5210622549057007
360a2445b0d538f7,0.5367811918258667
4bb482a8e01d1754,0.5164257287979126
fda384225aeac282,0.47019004821777344
fbc815e6d6b892e5,0.5073168277740479
179c0ca036ee6cd4,0.5040801763534546
aad8f283fc76805a,0.513376772403717
2ec6af81f70c7694,0.4610557556152344
fa25085c735af296,0.46495863795280457
3d6148e1eaf839ca,0.4932190775871277
eca5b6c02517ae3d,0.49642348289489746
fabe046a931a8175,0.5170278549194336
1f87c0defe4c11fb,0.4663727283477783
d33b3656c0998a72,0.5047225952148438
e7f98b15fb2ecff9,0.5329214334487915
0104d7c377a2b08d,0.4255794286727905
b383c6eaae4c765d,0.505841851234436
5aa37b80271a4edb,0.5123757719993591
14cae6fa90823d66,0.47624894976615906
95749f9c35414185,0.4749339818954468
b5711210f543c2a8,0.5002878308296204
0c023810a1e004be,0.5080797672271729
6bf1b3daf8b4de5a,0.4937788248062134
acef8d052009a429,0.4096578359603882
8cfa7b6c507a7fc5,0.5216095447540283
27152e1244491675,0.5177813768386841
87c771e63f458ded,0.4768129587173462
e3ed9320be5a6d92,0.5390516519546509
476a086364b36ccc,0.514427900314331
0da0e99dd46f09da,0.5569602251052856
20a0665ec2c825c8,0.49117815494537354
8661c0ac892b4776,0.4954338073730469
0757320ab57d6571,0.4915582537651062
ddb81277a386a6ab,0.4961284399032593
d2bdbc18887d2bdb,0.4401485323905945
4ed70309bd62ec07,0.44905632734298706
d99616d426cfe79c,0.46332475543022156
d4dcf96f0a432f51,0.5004751682281494
ebc84ae9ced09a60,0.47821852564811707
709ea162404211ed,0.5372433662414551
3ced02ad4af14977,0.49849817156791687
537429d75845ee29,0.5608594417572021
1c3d4495a5faa80a,0.5506193041801453
8df57a5fe4e9988a,0.525053858757019
ea38cba8577a958d,0.5169004797935486
e8a4ece47637ba1b,0.4886716604232788
1cac384e0996250f,0.515489399433136
a35f8af5784a4dfa,0.5031550526618958
099764beee9ffeb0,0.5390419363975525
9a1a01c157efa42f,0.40834110975265503
642413251518fc9f,0.4940049648284912
623db5bf62584c70,0.4987491965293884
c027dfaa174090fa,0.5296373963356018
8031e8ba552f75c7,0.5141680240631104
f4ed92e1fc5dd606,0.5291085243225098
731f8af6e1ade52d,0.486907422542572
23e1852b8045b664,0.44569456577301025
e68e9f57b5c24e5d,0.48409658670425415
85c57545af25d76d,0.500274121761322
2d6e182165aa37ae,0.5217633247375488
ae126c3c3f804e42,0.5358864068984985
2c7eaef795824167,0.5587111115455627
3bcda6350205cd88,0.5000728964805603
68716650679f2f7a,0.498890221118927
516d5f85c21244e6,0.5314047336578369
932274b039e4d16e,0.5175721645355225
3fff5d83df1c0bdb,0.47239023447036743
1a11a1037ca732e5,0.5253047943115234
ba7258b80173cc9e,0.4580090641975403
97cb703bb3c2a822,0.45224958658218384
a6b8ce16cd47c569,0.502763569355011
37f55d83073e2e57,0.5472678542137146
75f542e438fa0c50,0.47301197052001953
ea2f52896a0a1685,0.4334902763366699
e544d266e5abe0da,0.41261231899261475
6550e88720ea80ef,0.4264744818210602
e557cba81be73da9,0.5279718637466431
8ee465487525ce6f,0.5360155701637268
951156c8d823640b,0.5364359617233276
78fc500dd1640fea,0.41827893257141113
7ee4aa38884ef67d,0.5167074799537659
05e208b983b53bbc,0.5061051249504089
e104baaef684646b,0.5502262115478516
dabb79a379aba864,0.48760563135147095
c649e90fccdbe920,0.4216155707836151
64a9acdfa99e6153,0.4461989998817444
97a8fcfd42121407,0.4992116689682007
848cb0196901929f,0.5093910694122314
d5dffdd5dfa6276b,0.47378405928611755
f14439f129180c3f,0.5643454790115356
06ef8013c6734d99,0.5291739106178284
3f0c82c7382190e8,0.5093750357627869
02d2a372d40aee72,0.5155764818191528
b5b8d4a0749484f6,0.5353533625602722
a73a1f66cda1e6be,0.4811651110649109
c8767396d2d1a09e,0.4794677495956421
5949b2aa7d821587,0.5498108863830566
8c011689cfdbd670,0.43743038177490234
819a12dadc1ef68c,0.5379698872566223
8ec309d9e4dce7bd,0.5245519280433655
4cad06c1486a458a,0.4870094060897827
3c795f44de62c562,0.49679893255233765
46fb4e3418b93279,0.5260978937149048
4615f8ad48ec8d6b,0.5419102907180786
958a8c91efac30e8,0.5059155821800232
7c6c1197c0bf561e,0.5160537362098694
f196ee440a33966f,0.5268417596817017
6a891638e4b9756b,0.5456716418266296
5225bc93bcadfaaf,0.5236750841140747
540130bedc47d39d,0.5034546852111816
ca347f4b15bf335f,0.5021547079086304
db92a4232798fefe,0.5074676275253296
71a5ffb6eed01cf8,0.5150367021560669
bca76d10c28cd6df,0.47564592957496643
f4158ca1dcf4a767,0.5149421095848083
66f10c16df3f3761,0.42550015449523926
f9b02b6cfe5be85c,0.4977685809135437
32bea922d2597541,0.5524932146072388
7350cecedff4e8c7,0.47789984941482544
56c51f769b877a33,0.5291332006454468
c5c33a5698b1cc37,0.528450071811676
325207612c14f6c6,0.4980221092700958
dadcc87421ef3bd1,0.5161099433898926
dba616ddc4568248,0.43898993730545044
6acef428d939881b,0.4613288938999176
c83b76283e80fabd,0.499822199344635
1e9887174ef47531,0.4765917658805847
825038939c6a50f6,0.521748423576355
e634c0622d383574,0.4979628622531891
4bfbaec0ba995ed4,0.4866786003112793
6c93e6b15f362afd,0.49456751346588135
4a8661da1f767c20,0.5172120332717896
bcddbc7093feb638,0.49081969261169434
c818e3dc81e73ce1,0.5302154421806335
e6a38f7fc12efe5e,0.5413333177566528
3455e01a30f49756,0.4750182032585144
a509d51b1c5b58c6,0.455671101808548
70ae56d2797ed6f4,0.4915348291397095
f15c29925521ecbc,0.5344191789627075
03be312beeed1e1d,0.4157145321369171
dcebd2f7b069692f,0.5137715935707092
51885b93bd192ac5,0.4963608384132385
35372cf51bc302ca,0.5339953899383545
a11b5b70f5cb6a64,0.5329071283340454
8b76db8b12c7237a,0.5040270686149597
8890d3b8219aa0cf,0.4992915391921997
c920fa42a77fe99b,0.5009527802467346
ac003eea623c0913,0.5264445543289185
45e16087fb8b6da8,0.5330531597137451
9f327175303feca3,0.5161398649215698
047b6719c65978d0,0.4954723119735718
49731c0161721cb1,0.4477125406265259
2cb601384df69ba2,0.5145392417907715
da775c6ca04a1465,0.5118259191513062
f27448cd1ae7665a,0.539594292640686
67ad377661b29c23,0.4212527275085449
858743c167fbd3b6,0.5254743099212646
2b54a8c88d02feea,0.5104367136955261
367701fd6f883c60,0.4997122287750244
d1410c742c4b7f61,0.5388361811637878
c7f7422b241adcaf,0.45433688163757324
b0dc824f8ae9e88b,0.518565833568573
0a4bc0a7f32cb323,0.4897111654281616
9a688f0ff1309cf9,0.4986221194267273
8215eb63255e2d66,0.552034318447113
222f9c1739a3aa24,0.5186353921890259
43bcc046be9590ed,0.4927535653114319
931e818cef8e0387,0.49391812086105347
bfa65304829c524c,0.5317662954330444
7cea941430b11f47,0.4227789640426636
fe156133f77fae73,0.4574321508407593
fc108b02d550b039,0.45819103717803955
8118d18d13aa1481,0.46826258301734924
0025933c30976710,0.5095775723457336
6f4f3a8e9cb6cfd2,0.5041212439537048
987ebb3fc9841d8e,0.5517430305480957
504fdc6e5a3026b0,0.4842888116836548
660a054419be40c9,0.48692798614501953
84016ed5e9ee38c5,0.5146450996398926
907f7ba83349bfb6,0.5125550627708435
9868d5047c929127,0.47890526056289673
571d4c3267600c35,0.45150017738342285
d28ca3281326fbbe,0.5348647832870483
ad8ca9c2e6a0fbf3,0.5089696049690247
c902d2f1a70ab8e1,0.49938344955444336
c52cbe8c32583707,0.5081436634063721
99cb7a63bd574848,0.4363517761230469
2e9e4c4dde404110,0.39751946926116943
ae314e771cb1cc2b,0.5378701686859131
70ed17206f618ba9,0.5405595302581787
b61954e52d123a27,0.5486418604850769
bf33622d32886c1b,0.5340510606765747
a49c0ff88e5f110b,0.5317838191986084
5059f8bbf438467c,0.5000991821289062
24c73cb9ae186de4,0.5037109851837158
59ee4ef9fb83cf7c,0.5038337707519531
5d1ae39e1a8c71d6,0.5542410016059875
0c7490247ae0ee48,0.4728468954563141
56508ebc0d175a7f,0.5360999703407288
ba31e04be130400b,0.5020241737365723
a8a5554dd864c0cf,0.4450395107269287
710e021227d5b146,0.49440157413482666
5c01ccd914914246,0.5024285912513733
c63880ca922311f7,0.4911345839500427
1c7a37cde660bbb9,0.5460638999938965
1a9b43c068b8e7c9,0.5468704700469971
c13e23e78fce1e0a,0.5220667123794556
979dae344fc69d28,0.5480896830558777
e4618e4c8f6630db,0.5072121620178223
5a9be8286d53ba2a,0.49094241857528687
e89a9067c7711370,0.46413201093673706
6980752e59d7b2fe,0.5289791822433472
fb3b4019603b047f,0.5503326654434204
0ce1f3b4707cf2e5,0.5736095905303955
000c5706be9a57ea,0.5228808522224426
7ca0bd09237e20b1,0.4825935363769531
90f4da10d3026b65,0.5071536898612976
a8c1ada6a9270f94,0.5434693098068237
0e77057de5a913bb,0.49482661485671997
a69d5c36b47fef4d,0.5222017168998718
4d2642397d420dd3,0.5344840884208679
4e08768627384a25,0.49333271384239197
88a78386224d0e12,0.5341551303863525
13a1907c00ff1d3e,0.49880456924438477
0c21aef238a35f76,0.45240384340286255
cfcd5e85e14d15c8,0.4975554347038269
1878cf455952d326,0.5287127494812012
01017ee903c62c56,0.41145312786102295
122765a420e7df90,0.49146509170532227
c4b4eb3b482f51d4,0.3965112566947937
935055109743e578,0.4225269556045532
aa34bfac69bd6a52,0.47241300344467163
e19c5271629e80b6,0.5024820566177368
601cfaf23d9b6401,0.44457894563674927
6fbb43fb8126ea47,0.5105266571044922
1c20815a3c641691,0.5176622867584229
a15dfe2ce4b4177d,0.49351251125335693
e8cacc7fd7fe10c1,0.4867011308670044
cf1a7bc06a7017c6,0.5080974102020264
b733483424960296,0.5181455016136169
23716947ed9d49bb,0.4886470437049866
d65cb0095e1d20df,0.5077739953994751
3016664434bd1957,0.5585739016532898
20fa5d491b11fd39,0.4700794816017151
7fef13153fd14486,0.5874432325363159
bb1ba3b649507765,0.5457941293716431
a4f7e2f9064845ee,0.5142693519592285
355f6bfea9f223e5,0.43978092074394226
6ecee8489392e597,0.4880411624908447
992cd408cb5bf81d,0.5435138940811157
5dfbb5c2d1eb4988,0.4936511516571045
f70b32f82b3e8e7b,0.3945634365081787
53835bc1c1a562bf,0.504921555519104
40c4f4636b43c2da,0.5132577419281006
cc2e0e421b9150b0,0.4844241738319397
c8c412d63fcca838,0.5389297008514404
d2786f14de6a28a3,0.5422866344451904
c3b349971ebfaa4a,0.4533856511116028
154da2408d4245a0,0.49998706579208374
276787a4141cfa79,0.5173823833465576
83d73f0abf83a0ed,0.5024631023406982
c1a0404af9068bb4,0.44434842467308044
11added8a706c39e,0.5142344832420349
3bc590bb17652278,0.4370844066143036
cec9ea2e28e2e74d,0.5315145254135132
d34251238bf75335,0.46287283301353455
025ead47fabb5636,0.4830522835254669
52ccd898b003b51f,0.5369178056716919
7c10354dd9454eac,0.46684831380844116
baddc34754a1dcd7,0.4460160732269287
f0f426be418f133d,0.5579380989074707
bf2f9d49d3d7b7ca,0.4263029098510742
d095ceca014151be,0.4919406473636627
24f834b7dee030ed,0.5059211850166321
886b17f030a9b9a8,0.5248209238052368
08a4f96b4be8d509,0.4712427258491516
da989d6dad43ec54,0.5049947500228882
ac0607e067dde82d,0.5481305122375488
f0f1706fa8002d30,0.5019876956939697
7aaaa21fff742705,0.49766844511032104
fb9ca5400e878bdb,0.49334245920181274
44d1c3c4c63c5b75,0.5665565729141235
5c64dc21c28894e5,0.5536336898803711
53fad3a99699a5ee,0.4966575503349304
42aba0c732a69e52,0.4551379680633545
cfc2c3c3268f582f,0.474481463432312
2d1c4bc9a5353f5c,0.4604666233062744
ad06aea33bdd7046,0.4973815977573395
6e16214b9865993c,0.4982835650444031
aa85f0e48e714af5,0.5120754241943359
fcdb56e02b7b9518,0.5053876042366028
2e5434cfe484ca47,0.5414800643920898
53e9cb90f3bfefed,0.5171260833740234
8a60a8d6129d9a6b,0.5457960963249207
118ecc75ff8d7915,0.47107961773872375
545b4e9b170573d4,0.543526291847229
8eacbff22dd24575,0.538819432258606
ad4672fc0fde7429,0.46117570996284485
378bc74d6e7ff828,0.4281630516052246
14a8f7c291e367a0,0.39741384983062744
a6477cbdc7220a6d,0.48456400632858276
8983647ed20a61d8,0.5486681461334229
87e821fa88836ccf,0.4950111508369446
7a518437081e6fed,0.5385061502456665
729aed211605512f,0.4892955720424652
3bfb0a47dc52a175,0.4193522334098816
dbfd3bfe02c75cec,0.49712905287742615
c5b3a049f646c062,0.5362578630447388
8f28ce826cca2b70,0.5340014696121216
09db6f4be2e54458,0.5070865154266357
c968a28594bb92fc,0.531062662601471
cdabdd0835606291,0.5230587720870972
5859d54400a699e0,0.4851052761077881
9a78feb22fdf4d1a,0.48595690727233887
c66feeaaa9cf377f,0.502416729927063
48323d3db57e01bf,0.5367790460586548
756e8bec31f154d8,0.5135712623596191
a4cf3365f478e5ad,0.5371202826499939
ba8614975783a634,0.4079335331916809
8be16fdbfe8fc536,0.41995611786842346
8ef1435916b99b45,0.5389916896820068
0a68744d066416ed,0.4608408808708191
eeb059996ec20ce7,0.5436570644378662
2ef60b1c475d7b94,0.523654043674469
f92d936af3470ce3,0.5211029052734375
ade82c998edfd3e5,0.46973997354507446
e8d3c393b0794785,0.4023343026638031
1520298404d80d00,0.518085777759552
6cd0e9582e60a138,0.5229042768478394
8dceb203f2ab9be7,0.5014530420303345
328f4c1b87c38b87,0.47293806076049805
75922b0bb3331379,0.5590476989746094
eecfcb5ac96a61a9,0.4876752495765686
1f3c02d85e991c64,0.47988393902778625
da622a79ce1a741c,0.5144178867340088
ec0ec35c3080f8fb,0.517232358455658
1ed7e7c8652d59c9,0.537946879863739
6e456c962b74e364,0.4272436499595642
343cfc4a4dd675ef,0.5339338779449463
0b22332fe5c9d6d6,0.4602929651737213
4d80b5c89773c2e1,0.5279367566108704
52084726670bd4d2,0.4148186445236206
12ba70efc71480f1,0.5348323583602905
45e121bdcc7543d0,0.49732375144958496
aac44c82f4c9acba,0.42500168085098267
2e00f8adb329f0a6,0.5592426657676697
4a2cef28da2ac680,0.49767428636550903
73db87445c0d14cb,0.5057594776153564
a0055eaf4036dba9,0.4945904612541199
287882d174168992,0.46546638011932373
77950f17633e2869,0.5497637987136841
f0d5c8d319952174,0.5367522835731506
11ae85ae98f2edd9,0.4633403420448303
d8fc89d6fb7d708a,0.5049798488616943
f7094d5bfdf5c9da,0.5413503646850586
f7abbe1988889979,0.5092783570289612
0bd7bb2214c43315,0.5375441312789917
7d86a30bb3a22ea3,0.4954944849014282
e8871ee618162d53,0.5362703800201416
2c8ccbc41da5052c,0.5259387493133545
9a3344af0788b1d0,0.4889109432697296
910728be4ee020e6,0.4818204641342163
1f09ef4f934467ff,0.49388039112091064
5ccbc29194546e63,0.559485673904419
fd9aa1fa31ad2c37,0.48393338918685913
cd20322456feec33,0.5458595156669617
a581581c41c5f5c3,0.5150763988494873
aeb2f0213e33cbca,0.5471733212471008
26eb51d2b93a2e01,0.5565896034240723
7575d385702c5642,0.502943754196167
19d6299d8c1aabc9,0.5355461835861206
635f079f727a876c,0.4012760519981384
ebc7ae2223cc8714,0.5174580216407776
3a39947732fc6248,0.5056664943695068
343ff86a07b26d56,0.5538173913955688
99ba08606550fbb4,0.4345827102661133
ad86adc61d41dd2b,0.4832078814506531
dfdde1e2ea21ef46,0.5242602229118347
b538f33bb1dfaeb2,0.4898555874824524
f362a5ca052e5684,0.43650877475738525
45b938bd91719a4a,0.47367119789123535
ad17f930443c3133,0.535102367401123
c7ccaac8805bc4f6,0.5171641111373901
0f927c1f9282725b,0.5370302200317383
dddcc18e614e75ba,0.48671096563339233
762e4e3a53e15ab1,0.4015905559062958
ea4cb632df7bb200,0.45003992319107056
78de718d18848ecf,0.5247563123703003
5f131fb885e1cdc2,0.5053548812866211
095201f2a637afcb,0.5332573652267456
d895d33068b2d9c1,0.554781436920166
2f913770093d4454,0.5048282146453857
6d47851b7a9cbe1d,0.474229633808136
656ad1dc462047a3,0.537091851234436
0a9fa596a913d2fd,0.5026783347129822
090fe09ef4f02c12,0.5634898543357849
9fdc84f9a2b6c975,0.5047622323036194
4aebecbf7dc93af5,0.45612630248069763
ef2a43e3e89fd3df,0.5218369364738464
7f39ee31bdef0f38,0.5053926110267639
e5164bcb85c6a26f,0.46850377321243286
e597e817ba0a9ff5,0.42656973004341125
84da47143fa441b8,0.510343611240387
475c9b4ff7b2391e,0.49405205249786377
976ab6936b648d9f,0.5200140476226807
a3b3f4b0ed7a5247,0.511428713798523
fc9c4ccc35cda758,0.46672195196151733
b39252d85cb446cc,0.5083972811698914
9efadf6e998d2dac,0.4210067391395569
5ac8169e547e4e04,0.48007071018218994
f11214bc53a0b099,0.5322635173797607
b87f53b8dfeca996,0.5001964569091797
cdba3ac84efaa474,0.5034160017967224
a3798c8e97604e9f,0.4258374571800232
b5e1804551b90832,0.5304011702537537
d04b68f51df0ead8,0.49941402673721313
1c22ff6078839b53,0.5427595376968384
81180bf8192ca3ac,0.5263311862945557
4f512c7b8df1f5b5,0.49512964487075806
dd5cbe4fd1479f0e,0.4830971360206604
6a79cb5f4a088a84,0.4932764768600464
288e08fe97e53599,0.4647376537322998
3f7586fad2ed9a82,0.46328476071357727
4294949c4a728eed,0.4557386636734009
9961efdbff564514,0.5293434858322144
134daddbbe4d5e8b,0.5362685918807983
b79aa1ae2a9538c2,0.5368198156356812
f327c07f26c74969,0.5036255121231079
92ee568bba7a7872,0.5353891849517822
3b5ccd31e8b4d437,0.5235680341720581
6b2306f7952c2a78,0.4699651598930359
0d4fd6452993c250,0.43670177459716797
be0b4efb123b187f,0.5080292224884033
4d166ed97ef8fc71,0.3754367232322693
61007ec2ad3e73cc,0.5012868642807007
1eba998f7d8b2592,0.4855848550796509
9cdeb647dac23a97,0.5508580207824707
23c1f1ccf368b2cc,0.41974931955337524
1f121bfb3ed00015,0.4816424250602722
6b7a7ef60c9414cc,0.4635281562805176
a92f936447786231,0.507639467716217
22ce387098fabac3,0.4173910617828369
9a1b17389a6d4293,0.4988192617893219
7453ed51623c90e5,0.421120285987854
3794b5c8a7565363,0.5034219026565552
6c4461c2fce71bd7,0.45830124616622925
9c555e75c3f7c765,0.5245916843414307
549d5e37b603981c,0.4798975884914398
828b9d279aebe330,0.49496594071388245
5d6ccffb0d025077,0.4913458824157715
87b4d3d06ddbcd87,0.564138650894165
6e7d37bd20eb45e7,0.4459936022758484
f95317cb10ec0e6f,0.3733997344970703
a39a879fa508d80b,0.5298202037811279
3b53ece0114405f9,0.5293805599212646
508e3867d870734b,0.5316348671913147
a40559315f4da70e,0.5010249614715576
3f0d54f01cf2f8bd,0.47541022300720215
53eae6e90b14e95b,0.5061059594154358
6690b85b5a933f20,0.5310916304588318
ae5e27ec965f2c89,0.49320080876350403
f5f03e58428b798a,0.437203586101532
6b03e13087b41a13,0.518191933631897
d353bdf08e1a83e9,0.5224612951278687
45957922556c4a04,0.5138148069381714
15cf57bb7b642ce6,0.5131267309188843
641c27613d34d759,0.4089342951774597
73eb5520cb1e7a05,0.503749668598175
5a7043ddf07c104a,0.5383812785148621
2acb4606ff9ff02a,0.4933584928512573
d1478598c7f4ae17,0.5508244037628174
d9253455256cec57,0.4891166090965271
6d09133bd53425b0,0.5076568126678467
832f1254f5b90513,0.525258481502533
97bad4be486fa1a9,0.512389063835144
1dccf2bb8b0b09be,0.5077446103096008
a272a207f14339cd,0.5481931567192078
1132e8cee8473e46,0.49304986000061035
0120f87ebfaad958,0.5152044296264648
fc391f3f9589f68e,0.5448738932609558
a2d6f8d13436d70b,0.5357518196105957
0033730fe59621c8,0.5002955794334412
567b66ac804e267c,0.424060583114624
c26a7d28b5602a11,0.5153192281723022
dd459701b38ed58d,0.503294825553894
a604610ef83fa49a,0.5569635629653931
666266f79091ded1,0.40650683641433716
66a8e2ffe78859bb,0.5422402620315552
fffd310ed5ca68ca,0.5440073013305664
4d848c39514fe843,0.5370304584503174
7ea74e7e2224672d,0.5095025300979614
d27e077b99ab58c9,0.5218721628189087
54667d086944b6dc,0.5036922693252563
c86caeecab5863a9,0.4948987066745758
55b0ef984eb112e1,0.4952765703201294
be2ba70bddb9ef04,0.558914303779602
ef9c59930867b023,0.5284119844436646
54cb33ecb0a41b57,0.5263323783874512
6e56136be6fc2045,0.5408639907836914
77ab4efd8e0d8b4f,0.5523136258125305
e377a7303daaf770,0.48613157868385315
2a690dc34bbdada4,0.5268158912658691
ba438fb0092e0018,0.4942266345024109
3b834b4712d6e44c,0.425634503364563
48f5a15c43f13146,0.4791710376739502
86cc0743922c9d23,0.49874529242515564
dfca135b55b0aa81,0.4838597774505615
e7cc53a6abdbad14,0.5385572910308838
7c7e7be573656220,0.5092376470565796
69e629732344d41e,0.5238490104675293
1db4cc967a29cbc8,0.4986828863620758
5545be199f5efe12,0.5179517269134521
3e5cf96a2217a6b0,0.5149891972541809
4b44d91ad5779d3f,0.43201160430908203
8cf194dfd5d066bf,0.5412617325782776
63f2e75ee7483868,0.5050057768821716
4c730cf88e21058c,0.5307712554931641
4c991600ee967e87,0.5209790468215942
695dbb3a48c0c449,0.408753365278244
095032e8bd608dd1,0.5476871728897095
a4a4813b9363110b,0.3991106152534485
c5fd4f28747401f0,0.5396331548690796
cba37a3f68c4ea67,0.525275707244873
5925edbaaf9680c4,0.4381198287010193
a0c24316fe6aae35,0.5280466079711914
555888956fdd6b2e,0.4557221531867981
c7cfb9dfe3acf80f,0.5468690395355225
6da8ff17c01ffa2b,0.5023825764656067
b559d4391d625fe0,0.5112093687057495
1038cf6ead2b4cd5,0.4631291329860687
62eff8ed3164fcc0,0.5397548675537109
a7b661361a4db8f9,0.5365654230117798
b09dbea8f4b3ed94,0.5282735228538513
6943e45df1ce21d6,0.5410072207450867
ee55536c41449d10,0.4540776014328003
70ec8aaaf3694d3f,0.5453609228134155
dbcec4053c5109e2,0.47163623571395874
18cdd9c506d25888,0.5299371480941772
7896dc3b6632db8e,0.49364173412323
401fb97b0cf3de61,0.5071829557418823
11096161ed15cd5b,0.49927204847335815
21f48481cb1b651d,0.5196909308433533
f27b08292b9ac0a1,0.4515424966812134
4370d10396661110,0.47983694076538086
7498091af6aaf82f,0.5101031064987183
1cdef54714d0b9bb,0.4833028316497803
dcffba319a51f334,0.5328245162963867
fc0d506f0d2dafd1,0.49496012926101685
9d57a24a2fca2cde,0.5131112337112427
3bb122cc704eb0e3,0.45532724261283875
85db76442fdc56a5,0.5226522088050842
53c66485ea5a4067,0.5080932974815369
6b1a2fb107d8c6e7,0.4960950016975403
9d0c34e2dda0e8c6,0.460814893245697
9629425a1dc55d13,0.4315022826194763
9b8e296dfb049d69,0.5378526449203491
8d0edc842f3b5b2b,0.4925691485404968
90a746e140478a19,0.4222867488861084
1ba67964eb5f9a85,0.43468764424324036
e097d900a2ec398c,0.5152047872543335
c314dba1da7a1d5c,0.542597770690918
cea8d7ee300e80a1,0.5011031627655029
e1365b0470c042db,0.5356638431549072
1f71e465d8ee7457,0.4969961643218994
b1e06f55bd12b099,0.4825400114059448
c0bc40705f021327,0.5373985171318054
e06621da72936db5,0.4816489815711975
3bd8f6ebdb8fe51d,0.5654220581054688
1eb008b56c966156,0.46232572197914124
dff766ff0ed577d3,0.5123357772827148
60f6a65ddf92e11b,0.48233211040496826
5dc82962ce68738e,0.5237516760826111
87d65373a4523175,0.529383659362793
9ba6f59dfa7f22e1,0.47791847586631775
3a222faf1db7d127,0.5202970504760742
67745b0a19ce37a6,0.43514642119407654
7e8768083a3ee55c,0.5103572010993958
9d7a51d09fe0fb1d,0.5049242973327637
8b187bbc37d9b4f3,0.5092052221298218
5ac70dbd45e81f63,0.5157068371772766
cd502d8872c78e28,0.5185792446136475
d2fbc99eaade6c70,0.5009791851043701
28e1f9a2b893042b,0.3794803023338318
996ccb0950a6966d,0.4898228645324707
7c1144722a0335ca,0.5471841096878052
4ca59e94c071b15b,0.3874583840370178
7b70b3e2b825c999,0.5011632442474365
085a22e54727aec6,0.5116634368896484
06a5835a707a84da,0.5097340941429138
81df296b1ddb4054,0.49938976764678955
21cf1d36c8736f6b,0.5516575574874878
3c0a6aec8408453c,0.42851167917251587
c87790ad64893844,0.5542900562286377
e67a07e55d739a6f,0.4990253448486328
de238215bb07020a,0.5340418815612793
76e7fc936f0636aa,0.5256270170211792
dbd3c7d58564cedd,0.5046676993370056
c694e7b9e0a5e6bf,0.45842209458351135
cfc62a07189573c8,0.5303783416748047
fb4f04798a450dc6,0.46357759833335876
4a985106d6b60746,0.5195081233978271
48a4d3d2dedac685,0.4283691644668579
4f3d033fda620318,0.5170111656188965
c17770172677825e,0.49110478162765503
60cbef137535ad76,0.5318008661270142
ebea2b21557f8824,0.5057950019836426
21e424f465957291,0.43952086567878723
d2bf410fe54265e5,0.5105906128883362
97ec1d00dff2b6b5,0.528286337852478
9f1ba5fcc55bbf0b,0.5176050066947937
db13264b18952d78,0.40403780341148376
009b69a48aef6f69,0.5169458389282227
8382de83042a70c9,0.512898862361908
c657c36d6cb92f23,0.5032930970191956
7a9f42650e42fc31,0.48136281967163086
bbf83234626fc603,0.5427707433700562
e5a1305c7570743f,0.5011075735092163
1e60f4f069cdbe67,0.548048198223114
89c1e15e1b40a5e1,0.5205343961715698
73789cd17cb61485,0.431971937417984
8703afceaabbdc49,0.5302218198776245
588e5f82e53ac4ba,0.5303295850753784
bca03da175662296,0.5219988822937012
537e47db7d38e671,0.5043495893478394
640c065a5790dd9d,0.5048536658287048
f1f7e18ff75544af,0.47345876693725586
aace84b6fa083ed5,0.49976396560668945
fdd147c22d24a77b,0.534858226776123
ab77df05d1564ae0,0.479073166847229
a64ecd713665c878,0.47300243377685547
8358df5ab01238d5,0.5260195732116699
ff25be5cbc53996f,0.4394376873970032
b13480f8b5bee657,0.467924028635025
0783026320f41cbb,0.498282253742218
5e145ba86f764bbd,0.5095954537391663
c02b450124faef66,0.5163900256156921
3520c1bf69e4e536,0.5293602347373962
06230541c5cf5239,0.3884170353412628
d892b74f6175d8f1,0.5176583528518677
c44d005f60263d93,0.5104306936264038
cebe00826e1f4a5f,0.48997485637664795
3e10571655c8d57a,0.534754753112793
8548b1046335f754,0.5060892105102539
200d02644e438edb,0.4123373031616211
357a3f89ef9bc4fa,0.49704962968826294
b6e9a1790d93b0f4,0.5572357177734375
ba2876777f95d40f,0.4618770182132721
cf349a835d0132bd,0.5454455018043518
d54e4b186899ca7f,0.45676738023757935
f5edd09579828e66,0.4965294599533081
f1eb8e6c0bcc28d6,0.49911344051361084
6fa3f2bce044380c,0.5167120695114136
a46550e3f608134e,0.5650683641433716
e736ec1ab78acef5,0.4936431348323822
3b76fdc3703494eb,0.4830324649810791
5d049f9454db6d70,0.5539231300354004
f4263de529de7e83,0.5488535165786743
531fc7709adc020c,0.4202996492385864
0a58e0331a0a4878,0.516680121421814
d185f2230935d226,0.46196919679641724
7ea23966a700fd7f,0.4992116689682007
37e090243a1a5067,0.523589015007019
f9f311f130b4522e,0.49446624517440796
094442464aaf7edf,0.52720046043396
d06e17fa3a404300,0.536623477935791
0ebd60e998c96266,0.4516006410121918
483e07c0737ad7a6,0.488798588514328
6d34ef8f8738fba0,0.42928066849708557
1abfaafc16e8909e,0.5001153945922852
0ef1252eaf90eb5a,0.46459025144577026
fb40dcb9568d64bd,0.5361757278442383
74c8c1ca7a358d0e,0.5012747049331665
2c1617fe37da1e2d,0.4331662058830261
bdf2990f73491377,0.550604522228241
56041f2a1f0c2172,0.5374906659126282
d4b7c8416417ad0d,0.543169379234314
80b439fab06e6472,0.5467575788497925
cd19d1e1b23141ad,0.5031287670135498
077baf8878374552,0.48129183053970337
25cd00e8b573e769,0.5509345531463623
fb76de0f1d383c2d,0.4975293278694153
d7e33f64f4581cab,0.5399630665779114
834c5eb9dff20c12,0.5122905373573303
ed1695d0a2c2a351,0.5093015432357788
96a9c17ba1504edd,0.3923344016075134
2cb1ca7f4e1d13d1,0.5177468061447144
4069da25647e07c2,0.4544704258441925
d58b26ae05a7f203,0.5206977128982544
795d0b17f0dd3418,0.479522168636322
23a6c7b57dd5e2fc,0.5576851963996887
302665f47a6d46ea,0.47590506076812744
1b2c136f6627bfab,0.46103042364120483
757c2ee91c869dcb,0.5037774443626404
66b95000ee5502d1,0.5018157362937927
2bb7b529ce052d67,0.5045643448829651
82c2b33e7be544c3,0.4530940055847168
5e04ecc2bc707d68,0.4379848837852478
dfd8ef745d38db90,0.5116020441055298
db6a9b769ecf3b0f,0.48631802201271057
51ce696bad7610bd,0.5558830499649048
b7aa2cb63150ea6c,0.4799109101295471
e37f424334de6ef9,0.5282411575317383
ddb39530ee3ece19,0.4789891242980957
854b6b6754ef0760,0.5128833055496216
e028189f27362603,0.49702292680740356
84884ec79b31ecc0,0.38532769680023193
7209b19d6504e522,0.5081427693367004
470e7c1e6aceadac,0.5121689438819885
05faf373c0ceec80,0.5045438408851624
61552812799d9560,0.49988192319869995
eb6257a79c50562d,0.506948709487915
c284dfab8cb608dc,0.5399508476257324
4d5f79f2b60fcb84,0.5505149364471436
78625ff96124f0cf,0.48892951011657715
ecc62b300a384a19,0.5166189670562744
6317f1bb0b6e5e7c,0.5116821527481079
bea23b80cd0f49d5,0.43718570470809937
0a74905925c33ac1,0.527271032333374
31d927c1f970675e,0.3991435766220093
48bb3f3cc0c57c58,0.45931529998779297
452cb663e4b703af,0.5108396410942078
6e8684ead0eb76a7,0.47585543990135193
531546c5b1099301,0.42783886194229126
c6f405ea9aff8f7a,0.5311388373374939
877f134faea48c4e,0.51772141456604
4efc2c621e4b1a11,0.4650694727897644
d5bee40154b85c71,0.5025803446769714
1de0d39719fe5922,0.4832843244075775
c7b5352c9efd8477,0.5354559421539307
7c84e8d69e7e0817,0.5122808218002319
0fca9d19899e9c51,0.4411764144897461
c9fabd33c324afa8,0.4363432824611664
738db9743d963d25,0.5221576690673828
bf99ca3afd19652a,0.5389246940612793
d4477d5c04e64517,0.5076620578765869
41a9a5a32fcf4b6e,0.5049110054969788
8745a1825f3960a9,0.5317347049713135
d83cff4210dada05,0.4641271233558655
25cd7320e8786c4c,0.5135436058044434
13cd6c8b4e84aa09,0.4524036645889282
4f493fab3a221b00,0.4937793016433716
054f46beb11ef0a0,0.48680493235588074
0eb103bd74f44e5b,0.489986389875412
a7481283297c8efc,0.5077375769615173
b5eeb53d9af3e945,0.4141893982887268
e502eecfe8db7feb,0.52616286277771
1192d30c0ef100f0,0.5263940095901489
d1e717674ec32e51,0.5116578340530396
57dc19d033e2edce,0.4596821069717407
9d22c5b95fde84a0,0.5027321577072144
41b59ff27326ed14,0.5108717679977417
c95db56922aaa50c,0.5509337186813354
3a08ef3120077c5e,0.5483726263046265
0c24c17e3db78714,0.559636116027832
238a1c477b695f29,0.5152952075004578
f58600ad2af7ddee,0.5140299797058105
43bf65527dac5e19,0.4096873998641968
e3d37e2b2ed5b072,0.46025311946868896
78d5686465512cf3,0.511204719543457
093e4f8f7b6ba891,0.535904049873352
d018f82c773f9e68,0.5082709789276123
de506385ad0e527c,0.5522171854972839
7aabdbce65c0a839,0.5366694927215576
f48d1793a2679278,0.4257374703884125
0fe0add94df1894b,0.536902904510498
fc621161445c1a05,0.5532363057136536
077579a368b49afc,0.5155355930328369
6fc1734e531ef58e,0.44981491565704346
c1bea5625a068d7d,0.5220847129821777
10d8ac710aea2e86,0.562814474105835
0e03fb38d1cb34cd,0.5481780767440796
d2669254f9ccbef3,0.48979219794273376
ae7a80b190fb222b,0.4992583394050598
a2bfeee3c6545ac8,0.5313012599945068
df175918bbf9d573,0.5252096652984619
4a99b78c3ea1564d,0.5828503966331482
64ea5b8701593432,0.3977515995502472
6b5dfa57de4b755c,0.5160787105560303
5285bac329f7831f,0.5126442909240723
d51b223cff4c78bf,0.50498366355896
2cc0d861cf9ba2e6,0.4983205795288086
7dcaa1b65583898b,0.5050609707832336
37da978fb9cc1b23,0.5309089422225952
e069a805a7edd540,0.46304774284362793
2e8ca51a126f09de,0.49186602234840393
0daa1ff4220f17d2,0.4933539628982544
f4b11ff26519f1b4,0.5628178119659424
16902868e3089941,0.4556029736995697
847523fe1e37fc35,0.5225518941879272
8a5ee7e92afbd08a,0.49898943305015564
59b96499797e029f,0.5525217056274414
030573936daaa43f,0.536843478679657
d9ac8157b24376a7,0.5047746896743774
a841404c6e7b9658,0.5004786252975464
a2425e6b48dd3a20,0.5116419792175293
3747e943645e3982,0.5357304215431213
a0470f3eaaa8f14e,0.44433853030204773
d2b698f9fa5344c0,0.4867631196975708
627d0f30ee3a0568,0.5284389853477478
5e81536622091610,0.4967873990535736
fd1f233b017f39eb,0.49954313039779663
9041c3128467bddc,0.3797430396080017
cbd502cfd799a641,0.5069115161895752
dfecc3f35be0b683,0.500768780708313
e98c05dd9b0c3020,0.516252875328064
2268c7131efd68e9,0.5294374227523804
39c7be6d27af4b2b,0.5030996203422546
9e1b060b112251b9,0.5333056449890137
57321eeec9964434,0.4746883511543274
7b36b1b074fb0781,0.5254502296447754
41ce17ed046ed88c,0.546721875667572
0cb97df53bd8cc9b,0.43218445777893066
07a674a5cea81042,0.5008450150489807
a9b490ae4c3dd25a,0.5204742550849915
0bfa80fc6ef56816,0.521243691444397
102b0bcb6c933006,0.37800687551498413
72a451f751389335,0.5498514175415039
7812f6cb382c4dd6,0.46880584955215454
83ce5a48be1489c6,0.4090586304664612
cde1baa2f7a67d8e,0.4289819598197937
ac23dcff23263a76,0.5181241631507874
a3071d54afd13ddb,0.49913471937179565
763a0f78d25281b7,0.4816083312034607
181bb9bd9a186ad0,0.5435829162597656
c34e8e4ced594ce0,0.5099065899848938
929153c67c9fd6e9,0.5009765625
4ce1eacba0c5b57b,0.4970507323741913
2a14650d3f5678a6,0.5103131532669067
d30e3dae43305517,0.5429936647415161
3ace1b0088d94c7d,0.3903401494026184
86e1d4d8add1ba22,0.5093156099319458
4cfbe84b055fa5d8,0.5059608817100525
58db4811c756cf06,0.5316870212554932
2cd2a3ad378977ce,0.49270200729370117
6117b3dbfa4b96c6,0.443119078874588
f4eef3a3584ea168,0.4511767029762268
c842a0bf617a2a05,0.5192214846611023
09aee2a2f2fa4488,0.5286766290664673
02bbeceb0f1e45b0,0.5231881141662598
723df2ddb4109f03,0.5448050498962402
dda4d81d34c3b608,0.44620227813720703
9739ea9f714c2077,0.5328088998794556
b968b806026bb0fa,0.49965670704841614
58c0d09291d5b106,0.4818941056728363
f6f0439f169d88fd,0.5352782607078552
31365dad6bd61f88,0.44076958298683167
12bb3d1b6516ab50,0.5308244228363037
8ea66a3d59d56afb,0.46403443813323975
a7cb50d4a6f36a8e,0.49854224920272827
aa512ef99be4b91b,0.5163847208023071
4973416726279706,0.49352526664733887
1ab5a678dac7be95,0.5563877820968628
c70a1d920c740cd2,0.4580649435520172
e33b94bc045fc8e7,0.5223482847213745
295f55acc8cc393c,0.5460071563720703
61fa0ed7b2ea1f94,0.549849271774292
2664bb6af4e8fbee,0.5276469588279724
c00efb7265f8ea98,0.4621748924255371
bd59023c0b8f645e,0.5150386095046997
38e8599513330d9e,0.4856634736061096
ddcdc64b5930af9b,0.5211228728294373
6360ffc9e3eb66d3,0.5379267930984497
87c52e05ea64cb3c,0.40108728408813477
682cba418c23d602,0.4953969120979309
f9ac32fc996d9cd5,0.43238455057144165
6e97c116041b3f5a,0.5059700012207031
518c53ad03a80262,0.47129198908805847
e8f3163c01644143,0.5285302400588989
9d9ca1083292edad,0.4632941484451294
5b2ba591cde49a59,0.5560812950134277
6f37fb57ced594ba,0.47450947761535645
3f1650566eb9289c,0.5213547348976135
a4ba4051eedf9511,0.5031917095184326
9e143e4df2cca495,0.5002813339233398
772202ddbda64008,0.46340978145599365
ae5d2cd6b1037cd6,0.4957179129123688
eeff67e4cbdc00b3,0.5214830040931702
e841df240a5d90d2,0.5445026159286499
6bae9ff5a0ebe1e6,0.5201807618141174
33b01c4ae2fc6ca5,0.5284850597381592
4a032b0868b6c7fb,0.5200575590133667
1934feed7bbd52c7,0.5326585173606873
f8f2beaea6acbc22,0.4328310787677765
d4288d8dedb27adc,0.3985229730606079
b37862785eccc163,0.5131818056106567
7ad86aedef3b6703,0.42797964811325073
ee7ee81932cf65b1,0.46278470754623413
f50e9725a2892411,0.5343918800354004
f7e9aac8c76db1a8,0.5137310028076172
a97a374548ded63c,0.5014686584472656
7238e6da4ce620f5,0.5162825584411621
fcba544aa76d2823,0.5062093734741211
38444d0d154eaf20,0.39388078451156616
fb52d02c8b2b6484,0.5054187774658203
86ab352c12c119dc,0.5036947131156921
525c1dddeee6f6bc,0.4983527660369873
5b0c78129eef0eeb,0.5582061409950256
fb5d9ab6fa202394,0.5399646759033203
cce0a04c8b4a929d,0.53293377161026
6237bd2ab1856a3e,0.4805223345756531
79565741b5aa2a01,0.5131223201751709
71611a98df74d734,0.49427735805511475
967f2814c22a2a74,0.451063334941864
d44c39711deff24e,0.5307084321975708
e8ccb53ee09cc999,0.4350205361843109
d8b9dfbfaf682081,0.49536895751953125
e190e44e056abe02,0.4884949028491974
91674c37199bebc8,0.49981003999710083
c6f1a419f1e44d1d,0.46761125326156616
fe33d2f5b8f9d8d5,0.5061235427856445
949a1d7066f96f95,0.4781242311000824
3da03daf2ae773b8,0.5329357981681824
3d6fc53a8a0f40ba,0.37411075830459595
ce9575f4b0e6acd0,0.5218572616577148
11e5769323b6a701,0.4705793857574463
dce4e1bf96258d6e,0.49038171768188477
f409e6b2fff6358f,0.5487251281738281
86867548d60d0df6,0.5100656747817993
f40e7aaffea5618e,0.5313297510147095
ff95c87500900583,0.507163405418396
e2aeec5688cdb29c,0.5146611332893372
8fc8a9b54a2201ff,0.5330294370651245
16962c36200749cb,0.5397037267684937
ffcd0feb48a183e1,0.5417497158050537
783025327058233f,0.43909895420074463
362b37d073c440b5,0.5609515309333801
cf187f0eff31d55c,0.528209388256073
63851f22274e3c64,0.4674302637577057
2f180d75f2490058,0.39412921667099
64b465c158b6a014,0.516329288482666
e38c474b7569a8db,0.5307371020317078
c8dc2f9fb06bcea6,0.49880239367485046
e144a95d41a10069,0.5118013024330139
44ebdd2517646dfb,0.5108266472816467
305ce6816191c96b,0.505691409111023
fe13d324197b85de,0.4904143214225769
02fae60e9d344397,0.5196613073348999
c69e8da64e4beae9,0.5314842462539673
922b0885c3d71dc7,0.4016380310058594
170b18145e1f1ed1,0.4727044105529785
49e354dfc95aeff3,0.4398096203804016
1afe410f10027ae5,0.5110796689987183
a1167b3670fb74d2,0.5387315154075623
0fc2ed9e88978404,0.4999905824661255
5dd003a3575d2041,0.5249634981155396
8967374cca87b023,0.5638612508773804
dbf784353a896965,0.4198823571205139
09a2732a0738ad86,0.5524848103523254
4b68b75877656657,0.5228021144866943
34192798c807c323,0.5077790021896362
e9f159041dc60dc4,0.47355127334594727
8fb19aecb90e4c7e,0.4628380537033081
51bfc3fa0195c86b,0.5408788919448853
78d0cfff4ca06bb3,0.5190438628196716
6a418e843a77f7b1,0.5002679228782654
fd23a254c73e52d9,0.4754067063331604
0a6e7bca21833910,0.48024141788482666
7e01b08bb2a21540,0.5272947549819946
4682891538a2e2e7,0.4786123037338257
d33b9fbed31483c9,0.5128272771835327
bf1305fe765e9685,0.46311521530151367
0e0bc04713d9243a,0.47594326734542847
960dda027f205f9f,0.5540812611579895
7a020252d9170f0a,0.5097432136535645
50119d8aa0670a4b,0.4030812680721283
53ce07661637f1d7,0.4846119284629822
48d11c748fbcaa82,0.4980342388153076
4ec94fa049dd16dc,0.5367308855056763
3d563e08d296e691,0.47056394815444946
c41678b7a7b7ec4b,0.45760786533355713
72522c1c703cd262,0.5325192809104919
34ccad410a08e0b1,0.49495428800582886
d20c535464692325,0.5523742437362671
b790db532382f29e,0.48997634649276733
8e6b164eb54b958a,0.5270837545394897
a7323c72d45f9a73,0.560981810092926
5bff8c25ac634b24,0.5090066194534302
d2eaa2349491c589,0.45043301582336426
6d56874e77e897e4,0.5563211441040039
12a8495ba61ebed5,0.5004501938819885
9597eb6c73e62826,0.47563493251800537
d7529e3eda3a618e,0.5442255735397339
9a3f6bc638a09edb,0.44717341661453247
7e8ed3356b0db8cb,0.5370702743530273
504c6630de49dde2,0.4618005156517029
2e7cbd06ce0245c4,0.4986371397972107
86d94b45dd1e73be,0.43936604261398315
f7e8c790ba82228f,0.5128264427185059
50ef964e69f6fb73,0.5352806448936462
97a7f8100fb2f4b9,0.5517256855964661
db54a19e41a4ba98,0.4816056489944458
971c05b977af8cdd,0.4961748719215393
070f1a0e9c1bbbc1,0.37865403294563293
6b8a0b12a660be71,0.5463083982467651
22c0a394f0c69817,0.5166597366333008
f0d0b881c190b28a,0.47439491748809814
a8bce21776778ad6,0.5322034358978271
f4e9f6544ea0a61c,0.5451109409332275
4dd3e8547ccd6d3c,0.5292286276817322
2f95d30845c50d53,0.523124635219574
0849de103c07d186,0.5083591938018799
4fc96d69c3db69f8,0.3954823613166809
63a70d97790f9978,0.4286770224571228
763d445b42425fdc,0.5308752059936523
89e9cac60cc81859,0.47664839029312134
714ef24600706afb,0.5067871809005737
0ed25ef8ed208728,0.5251181125640869
a23adfa6cd52b014,0.5251891613006592
9f3f421da78e7bef,0.5298739075660706
c88802372317bbc9,0.48994702100753784
9ed34065175becde,0.4391806125640869
4db6c914612166c0,0.5020718574523926
936b182bbc884bce,0.4051313102245331
0b70c2292bdf8ef3,0.5136305689811707
c138a7a479df6c93,0.4267924427986145
6ff653dbb39dd277,0.4965285658836365
7bd2647c9ec5ba73,0.40035194158554077
8d84025a1f5f7b3c,0.4700886309146881
4eb5dc700f5709c2,0.5354977250099182
4f782c87aeb83382,0.5135597586631775
f647afba38757ff5,0.5407227277755737
f26f48885bc7e46b,0.5008635520935059
2cd385695cdb894c,0.5122818946838379
19c587b1a0bc2888,0.45219796895980835
5c270b185902a235,0.4967752695083618
338aeb12dc3bf986,0.5193912386894226
dedaba2221e1d8e4,0.5515238046646118
9c31426e970ddece,0.4900096654891968
b9b5bc2822e915be,0.5113685727119446
3dee2df93c5f66c6,0.4691990613937378
50c12fb81f6a5af6,0.5228807926177979
57cb75dcde20d7f4,0.5362359285354614
998b5e6cfc9d0114,0.5173560380935669
d1d3ebea817b5256,0.5417112112045288
f1b9fd13b16b699c,0.5008639097213745
92b4776c052daa32,0.5241068601608276
3da56d267cbeb493,0.4955846965312958
e5a936a8675f0cca,0.49509167671203613
14346a1115ed40c2,0.5505557060241699
e25320461b49da2d,0.5002548098564148
648a54810ebc18b1,0.48510509729385376
f2dd45b814599fde,0.4365620017051697
b6729afc680229ad,0.503412663936615
1cb2b6020e5569cc,0.4811050295829773
558da44a5dc904d3,0.43647634983062744
c881cb097e41dff6,0.5104888677597046
fe2a2684009c3cb7,0.5292330980300903
9520297bb8288eaa,0.49087390303611755
d7575411bf16f3b7,0.546909749507904
baf0a1f61a195590,0.5238561034202576
1bb786474277b0f1,0.48921501636505127
63be597e7f2270b2,0.501244068145752
fb1abcc3fe8df3e3,0.501214861869812
4f5d415fe6149e54,0.40007299184799194
f194422e797858f6,0.3973780870437622
4e9adad777a785dc,0.49980854988098145
a7c21dd4ac1698f3,0.5212680101394653
bbd92ffeca19b1d5,0.5275222659111023
98c89e2efa9d7d9e,0.530974268913269
c32ade2b2e47729b,0.49593278765678406
e5fad18a8e2ce8d6,0.4898390769958496
dd942cc4714adcc7,0.5420817136764526
260b2cd3615340fe,0.4457734227180481
d74de93e41102f76,0.5015849471092224
d31bb0d62e76d5c5,0.5156089663505554
b52da54228e8f8dc,0.5103009939193726
44bb6edddeb6f791,0.5181416273117065
840bd0d96326d96e,0.5084787011146545
64006d74e450af38,0.5372358560562134
c92543a56284156f,0.38230374455451965
9a65f0a95d2fc646,0.5269792079925537
a3b21580004bafdc,0.46493998169898987
598ea03946a90bc5,0.4521530270576477
0c537b3564ffce5b,0.5020941495895386
ad08a0179d4d65f4,0.4783437252044678
bf5d224af6e54b38,0.5367717742919922
ce35909dc08b77e3,0.5564804673194885
6d395adf4149985e,0.525088369846344
ee4c0c6d7fd5909b,0.5259093046188354
9d1c6dee88ea8bf0,0.5484700202941895
3c2226d19d047fe5,0.45881515741348267
a56c8ad25f4d6571,0.4385075569152832
4ba0ea3aa11e5409,0.5109115839004517
27ffe267e0a09eca,0.46373581886291504
8aa33a0a81354fc6,0.5542346239089966
9ed8f099f78a28da,0.5001341104507446
27350038cb407a4d,0.5380207896232605
3964e3fb97266786,0.49158453941345215
3a3245caad88c3a2,0.49779313802719116
c454697a0741a241,0.4937669336795807
3b1cae4aa86c7df1,0.4962612986564636
df631f4242848a76,0.5035832524299622
63ead87c71a6c12c,0.5398259162902832
7626d72e6223b70b,0.5338817238807678
002a5e504370c0c2,0.4598522186279297
e334788b3a5ee928,0.5316687822341919
472f3237518a67e6,0.512686014175415
f80b08ee68e814a4,0.530898928642273
14cd801c73c6b002,0.5395339727401733
e87d062de39c7791,0.5001518726348877
d63acf345444832e,0.4776204228401184
a98fc3c098970171,0.5331264734268188
2a0eae081f2ea292,0.5496069192886353
f9a9194204e5f943,0.46046364307403564
b118ecde09f56b5c,0.5373945236206055
9800ee59f982fe72,0.4945243299007416
ed31202cb92e1f99,0.5116451978683472
dc9c394124304d36,0.4915540814399719
24cc3eec3d3fa9ca,0.39489060640335083
4d03cd91ae194fcd,0.490594744682312
3e9298642a5e14ea,0.4817348122596741
f8e7e28a614299e5,0.46992623805999756
57d0da7c7df1b089,0.5117917656898499
8b995afe100e77f0,0.4332963824272156
de35b38e00b9f9eb,0.49032288789749146
0b0d311cdb1ad89a,0.5246572494506836
b262e3fd1776284f,0.5163857936859131
9fa9dc26371bcb52,0.49234849214553833
1b548bf2c07303c7,0.42843252420425415
4487eb433bfd6dc0,0.5555535554885864
c14d7f998ecf06ad,0.5333960056304932
b9b0f3404715012b,0.504867434501648
f9fc98ced0d91125,0.47642093896865845
eb289a45627b82f1,0.46550115942955017
a6af87b782ee33a0,0.49131715297698975
7c1b6bc7f6214d5e,0.5248087644577026
3819521635c863c0,0.4761955738067627
a326956ab62adc32,0.5158494710922241
2d976d269ca4fc60,0.5055416822433472
5207eb13bc3af1e7,0.5445483922958374
b964c970a932fe4b,0.5340831279754639
2a2ef8c345d4b12a,0.5212346315383911
93ce56f558891ea2,0.500103235244751
ecef193a73f6bc50,0.5527002811431885
27de41f730fa9f58,0.5539675951004028
38b7c26ae8b4f0f9,0.4395564794540405
5ee1138b38df62fb,0.5250582695007324
52bbc7ebb891cce7,0.4967983365058899
7500f854b1cb8890,0.5352956652641296
78e712d1cf34e30d,0.41094765067100525
32852b2bc71bc5d0,0.49174219369888306
d6f3dd5d712f31ce,0.47823604941368103
9be4216d4c463fc3,0.5310989618301392
19c89243af980e8f,0.4388377070426941
3ae5cb3896f58ba3,0.5178373456001282
747cd9dbcde487d1,0.5067834258079529
a82323714bab48ef,0.5233101844787598
e8650a348acd3aac,0.531121551990509
cb9c68dcde41e3fe,0.5215940475463867
a30ffb53585daee0,0.5368048548698425
7034d017d2c5f6d1,0.502254068851471
26351bef76d4804b,0.4962191879749298
8b8401de7aa1d271,0.44345614314079285
0138a62239d91123,0.5542604923248291
8bbe76803048fb79,0.48919588327407837
05bf1ded9313eb57,0.5315114259719849
a2d6e7621b775421,0.46576792001724243
8975225edc0cd99b,0.4966702461242676
af168fd3e8038442,0.5050104260444641
4655ed53083d103d,0.5434945225715637
2ac6a07bf786088c,0.5289030075073242
933be70c8f3b594d,0.5475279092788696
c40a654e17c45fb4,0.5094259977340698
2ecb28e09bbe70fe,0.4919203817844391
1f561cf7b67a9172,0.5135080218315125
9ff229b243908f6e,0.37109678983688354
d826079c4c3699cb,0.5361681580543518
c9ffe418eecc07b8,0.4880175292491913
cdeffc0e65af9f7d,0.5025694370269775
aee1604e0db7bc73,0.3925914764404297
38a526732f104e6d,0.5277694463729858
81bce56aee36302e,0.5262901782989502
f15504e8b4eaf405,0.5286098122596741
8a1f9c67ae335f89,0.46537548303604126
e2c08d3fdbe79ebd,0.4905441105365753
77527d36de0f0e71,0.5325942039489746
aa3c27ffe3e7d1e7,0.4918597936630249
e45dcc3da3709791,0.560157835483551
51bc4698473e1276,0.4185371696949005
9b4592ffc5c937e4,0.5054824948310852
440845d948cd9d05,0.5433026552200317
6185eca2cef6c13a,0.4681399464607239
ef8d44633b65ee20,0.5446041822433472
6f0741ca2bf3c8e3,0.5344854593276978
a6484199cff7f089,0.4998706579208374
997fed9bbef310c7,0.48668235540390015
9391e7cad5b873b8,0.5344502925872803
0ec779f5e1814eb5,0.49506014585494995
776958cb7905fa95,0.4207342267036438
455a9068b3830b8e,0.552951455116272
468015ef20db1de8,0.5516441464424133
a2a2adc34806dc3e,0.4686993956565857
54481b613d06d926,0.5350960493087769
a58c88f2b0cd7832,0.5038117170333862
f6b3f577009bba3c,0.4963113069534302
44a29248ea09147b,0.4298540949821472
b0fb38477abd4140,0.36190861463546753
a5e39d6c58f6922d,0.458858847618103
ccb53aa38809fd14,0.4997670352458954
adacd73cbfe82157,0.38917315006256104
8cfea0339ba058ea,0.520930290222168
e44aae1b835793c8,0.44460979104042053
ca2631758121b50e,0.39649489521980286
5d0213b5c0dbab2e,0.5118026733398438
e41b058304e11811,0.5200250148773193
9ff5a3033c7fcd69,0.5265228748321533
3398623db0231b47,0.45624417066574097
25ab05da07044059,0.5137938261032104
920b6147087c9f2e,0.4979262948036194
f38149200660c3ad,0.527482271194458
3cfe2e04f3bddf17,0.5382062196731567
53444f014f361706,0.4556284248828888
e160413505c39164,0.5528309345245361
3ea7c5e1c1d24671,0.5339211225509644
0b36dcc53913111c,0.48679298162460327
257c97fad26f2bf7,0.5425534248352051
23a9985653f3e12d,0.49255847930908203
c8a935cc699057d5,0.4794754385948181
550b15a2e82327fa,0.439043790102005
ed5a58a0a61facf7,0.3874518573284149
41d5da97aa0a392a,0.49172958731651306
e05464dd6e7b775d,0.5261214375495911
73ea2ee929846378,0.5116783380508423
3e45df52bfc60427,0.5181804895401001
f9d334cd01934f6e,0.4981658458709717
7e82dccf2f2ec6e3,0.5268104672431946
66ca2643870abed5,0.5126336812973022
aa6dd624b0f76bae,0.47054046392440796
21f6c2e933186705,0.48364973068237305
60c483ba4581b8c7,0.5281029939651489
f434c8d62a22fb2a,0.5084038376808167
2f5fa1629d08f3a7,0.47058939933776855
1d807597491572d3,0.5389204025268555
e5d78a5b84a1ce69,0.5199388861656189
6f011ce0cab236ed,0.5400658845901489
bf103e8aefc4f17c,0.44851088523864746
2562b5f9068c1ef7,0.5307910442352295
54d851a95e303c62,0.532111644744873
a98d2932c9c3ac20,0.5301411151885986
0c7f9dc8d9bca34d,0.5050899982452393
308c9ec4998a76d8,0.5009533762931824
373047adc01e0f91,0.4933219850063324
fc33a427fe25045a,0.5183987617492676
2e8b0ea822648460,0.5404195785522461
1435e1652b42bb88,0.5133250951766968
4ca8161ac3e18ffa,0.4888198971748352
7f695b65efafe22c,0.38798391819000244
28369153efafc790,0.4500933289527893
8d2a8d05e853c652,0.4921296536922455
ee210baf1f435651,0.5325006246566772
d54c11b12c151f39,0.459351122379303
d1d9228874d98d6a,0.5621885061264038
b4ed7e3236ecdc0f,0.49407148361206055
dddc31f345104a11,0.5129318237304688
75180aecd9213373,0.52996826171875
c486a89945842a0b,0.5082355737686157
cfd89578d6a377f4,0.5253047943115234
3de5dc4ce25371f7,0.5517781972885132
e47d76ee1d1bdcad,0.49203547835350037
20315336e3b27210,0.495464563369751
89b9b1419b812f32,0.48769938945770264
f1d04b95f27bb2e7,0.48967573046684265
c64de827d3caf363,0.5586779117584229
6337010d45bcc40b,0.4657279849052429
60cd9c13e0316dd0,0.5091645121574402
64d254dc50296b80,0.5111984014511108
6b61de2a65f7eaf8,0.5157497525215149
f8ee362cbd60512d,0.5038133263587952
6373b06bb80eed28,0.4802829921245575
0bab2681fd1219c0,0.5079736709594727
4087f7eeb3d50f58,0.5451109409332275
7cf2ef4add8dc85a,0.5321822166442871
2f441849b23b5c09,0.4930596649646759
e066b7bd0254cfdb,0.42846959829330444
378e852645b5a5cb,0.5479047298431396
b30cffc89d182fb6,0.5303851962089539
4f49b06f9001a9a1,0.5257400870323181
eb5e8f0aec021174,0.493831992149353
50a8a4719ef03ebe,0.5067125558853149
86f00a618c588893,0.39780986309051514
ec2d47175077ad7c,0.5347803831100464
128b13645ecfc241,0.3919692039489746
9895622f742061c8,0.5489730834960938
8affeee9e7b6d528,0.5194002389907837
59ce62399a994ec7,0.530750036239624
5f3693fb4faa4584,0.5261759757995605
9b96d8e74d55fa0f,0.509838342666626
278652291a56a32a,0.5053709745407104
31b9719d6b08566e,0.5312135815620422
c1c20a705885af00,0.4727652072906494
1563c7e78229d205,0.49149006605148315
561efbdcf4f30bf2,0.4216751158237457
9ad7f83a90989894,0.5319927334785461
31c3b36205136307,0.49138587713241577
8806a22ed6a3a23e,0.503768801689148
72daa990de2d80cf,0.5501000881195068
62e88cd0414f1203,0.49365684390068054
91c78d1e5bd589ef,0.46055901050567627
3f3f4849a78ed37b,0.5396761894226074
00884c438aaed52c,0.4673716425895691
efcae53f7c5ec090,0.5353245735168457
64978f8287e083b9,0.46181416511535645
a220fcdb5fed0013,0.5533860921859741
43a521cee9e1e3eb,0.5253163576126099
b31722898e1f3006,0.513340950012207
dce10efbe23023f1,0.5132758617401123
170c7d7c0f93a1b5,0.43598708510398865
89f1e85022757c26,0.4941929578781128
000d8ff52e2e5ccf,0.4966258108615875
1296165f276d86e3,0.5564180016517639
81b3e00e04517d0b,0.5345772504806519
85de40841d98fd21,0.5208451747894287
c3d0119b67d452fb,0.5501359701156616
de2c5fbcd8efc8ef,0.37325817346572876
7eb17626980e756e,0.5619189739227295
dbbc37e9b3e7879b,0.5052080154418945
fc70d33b4806ef9d,0.46751928329467773
dc5aeaa42831d309,0.40128177404403687
6aefbfc41708a02e,0.4807587265968323
7dab16af19f9e127,0.4602240324020386
59eb1a3cd8e10dec,0.5135657787322998
c67727ba8c5d27c5,0.49261003732681274
796d52eae8c7393c,0.46112245321273804
3e9f601658b9f046,0.47366660833358765
60f7e3349bcbfc7b,0.5485964417457581
598af8014b511c73,0.3852992653846741
b07b46c7f5321c4c,0.5504670143127441
5d9521f4f1e1f94c,0.48699086904525757
af313a42aefa9356,0.46114426851272583
519f3938e80366b8,0.45627039670944214
d7074a4905e5ef92,0.5531952381134033
3df1e5ab193dbd77,0.485226571559906
160f3461136ea27f,0.49396419525146484
c515b91746158ec6,0.5158199071884155
e16ce655ad7f1d5d,0.4951018691062927
034e0bee5f1141f0,0.5284786224365234
86b9fad50f81006f,0.5269767045974731
8de7f90c94eeea13,0.5246722102165222
2ff6c05867ee463f,0.4618194103240967
4657affc77b907b1,0.4891616106033325
31315fdec7f693f1,0.5408904552459717
508e32f89a8c6bc7,0.504839301109314
a1ee9770a929d351,0.563299298286438
8b1d857b3b4cb8f9,0.5265055298805237
d68620bdeeb46764,0.3868906497955322
302265df10bb6d6c,0.49969619512557983
bd28b1cb753d9330,0.4817272424697876
c7103d51eaa549e3,0.4967498183250427
df668cbe36a6b3e2,0.5241239666938782
2722991aee4b9902,0.5301387310028076
ef231ace6d481829,0.5183883905410767
267bec89840aff46,0.5157524347305298
5c1755d806996eee,0.422443151473999
ffb827b8e1521dee,0.5339770913124084
17dd2c40db7adf6b,0.5399573445320129
c109ebc1bc10742a,0.53505539894104
f819aa3fbe7ed7d3,0.49209538102149963
568eafcdd2034e2c,0.49419790506362915
503aebff9587b769,0.5246076583862305
084747b4e83e547d,0.5507940053939819
4489a91bff47e884,0.4874725937843323
2e655113bfc283c8,0.3986082673072815
e9708ad4a3774899,0.49120765924453735
e4a6fa4117913c23,0.5110429525375366
d9e4a967b932c15c,0.5053909420967102
ad4bc68fbacb5d31,0.4813512861728668
1b151d80412d0c99,0.4693310856819153
36c853939fee9816,0.45902717113494873
72369e24a9aac4a0,0.5369231700897217
a608de0bbce11053,0.5082216262817383
49ea1a7c30d8d7a7,0.4873778820037842
0499073d7dbe421b,0.38208097219467163
c77779e4b018d85d,0.5207862854003906
22ebcaaa0358e920,0.5295684337615967
d916dc3016fbe066,0.5072799324989319
19ec0fe1fa02f7b7,0.4969460964202881
99b585c4a4fa0af9,0.5307095050811768
ed4c8d47d40a079d,0.48586028814315796
5ca089935612fd5c,0.5119004249572754
6a31a140eda0bc61,0.5540628433227539
aec33860b83ef157,0.46544939279556274
a9dac3f59c0c61ba,0.43419551849365234
fb23f2dcdb08157a,0.5144684314727783
b0c0d876495633b6,0.5248627662658691
18acfdc4b7bc7708,0.5333014726638794
d5fd86dce5959068,0.4969751834869385
0c35525c85454af1,0.408957839012146
2e21006e771342ee,0.5089529752731323
48986d95909a0acb,0.3764382600784302
04c7c89822214df6,0.48006966710090637
04fc24d79f379eb0,0.4416466951370239
f90959338784bbf4,0.4412272274494171
ad461f06c0e91502,0.462191641330719
2fcaf7466cad5c9c,0.5301024913787842
5ce74ccc5e026ff1,0.5589804649353027
da628bd13290e8b3,0.5451632738113403
5e9570581e2b684d,0.44032663106918335
fecc08ffcd95847d,0.46633538603782654
56967eb95bb14679,0.5502710342407227
2933714557b53903,0.518405020236969
c9ba08aa72a99508,0.5164222717285156
0907845242586f2b,0.500220775604248
ea79e8d08376723b,0.5066230297088623
83ca333ec8fcb15f,0.5026158690452576
2b139d884528351f,0.5249401330947876
afe5931a890ac023,0.5410902500152588
25ffee7ad035b8fd,0.531994104385376
a813d08fb1b0ba90,0.4877259135246277
5755e1637e27d60b,0.5151175260543823
34c43c118a90236a,0.51256263256073
2e55638ea116fe2f,0.5642834305763245
1158a035fb9cec85,0.5483404397964478
c13ff7cacbe307aa,0.5282652378082275
c8daeaaf0ba88703,0.5364137887954712
43d7df48f99f68d3,0.39454227685928345
a174d9ef947e26cc,0.4923698306083679
8b4c4558a08466a4,0.47906413674354553
bedb0fa3922b63c2,0.5036782026290894
ea419d9c9744b1f4,0.48848414421081543
d5427b8fc57ac212,0.499142587184906
f63a33d77e285de5,0.5123288631439209
b0cd30851f34dcfe,0.5305580496788025
c2afb690d7bde79a,0.44621020555496216
c5286797afed48a5,0.4577919542789459
fd7ed958f1bc4200,0.5255287885665894
fe9c4d476d0e393f,0.5206234455108643
f15ec6f6a788a9d6,0.5499942302703857
a1ddd5c6ed11d70a,0.5228993892669678
1831bc8dbe1a54f9,0.5000486373901367
dd37bc249c3054d4,0.46822744607925415
44542009bd1e574f,0.5066032409667969
de01c03ca4970600,0.4805861711502075
b3ffc197dca5bd52,0.5283083319664001
44f6267e26980e0a,0.5245261192321777
5105423de98dc397,0.4890974760055542
37598d9bc2b15cc4,0.38931789994239807
f74a26338d711e73,0.40950676798820496
f7c8f5385d101612,0.5350795388221741
0ff41c3c4b335f13,0.536598801612854
9af65de5921a853e,0.5097731351852417
d3ab54debddf5526,0.5332187414169312
a9ee75a97aecb603,0.5340125560760498
0ee14ed1057aeb2d,0.4390396177768707
75280e7f436d188f,0.5156105756759644
7652b548dfb6cb8b,0.491962730884552
677ae2d99f8d6300,0.49359750747680664
8a0cc57f916cc483,0.5102561712265015
5967016e398a10d8,0.46396762132644653
66b9485622161d1d,0.5267935991287231
1f5579eb4ef5467b,0.5162308812141418
9180039e3de53273,0.4412080645561218
3c20ba4ba95db882,0.5284535884857178
ab727a9e4174be8b,0.5312181711196899
b8303859368f6011,0.5318574905395508
c0047e6110c8a828,0.5161054134368896
06bf90498b86bbdd,0.49509257078170776
c30f0edcc4ae9570,0.5115057229995728
ed57ec5039cd7aff,0.498002290725708
daeb455d3ac78fdd,0.5187698602676392
55396d0896a82a5c,0.5015459060668945
5d64bc196d33e1b9,0.4865058362483978
9502a4b988751e86,0.4797303080558777
3e68d4ec15525a6e,0.5127612352371216
0f12933ac453efdc,0.5297398567199707
b208d854843fc92b,0.4865976870059967
e0fe9a2857469628,0.38262176513671875
f07f50fd59a1fff7,0.4485465884208679
8a77b7716365228d,0.5575423240661621
210d7aff153683c2,0.5553473234176636
fb906a67dc7bcca8,0.5173286199569702
f7846438150579ff,0.4906683564186096
42b4326d41bde6ea,0.3735002279281616
63975ceb6e0d51e0,0.4978022575378418
841a6ad23d8c106c,0.5445441007614136
25c1e1c0d290de5e,0.5586090087890625
cca538a0f024c5b7,0.45495742559432983
38102d0df79a7954,0.526833176612854
499823c720afb8dd,0.5003330111503601
9015a5d0a1391339,0.5224860310554504
f652d5556a96c6e1,0.5138640999794006
c517bcb0b94e6f68,0.45919370651245117
dad484a8c88132fe,0.5029360055923462
393330ed45a0b2e3,0.5389353036880493
7de7dacd83e414e4,0.496761679649353
76c385746c760aac,0.4604109823703766
6c73160ab8d4eedb,0.5179855823516846
fad78fce955bf149,0.4368523359298706
525d9f626c8446a2,0.5193913578987122
302d9f2d7dbf54ab,0.5295379161834717
1b6e2ae690c2612a,0.4886353015899658
42cd4b488a96ec88,0.5040474534034729
732794927e716ead,0.4941413998603821
86012be5d2d11401,0.5295268297195435
7f99fd48d7f8d71c,0.5270642042160034
c68faf373cc5b540,0.5418089628219604
22f08d13c6fe162f,0.5151437520980835
9014cd709b5647d4,0.516771137714386
1a28c4d5b6f40aa8,0.4066930115222931
14c747f86cb616be,0.5329054594039917
85eac2934d3c73eb,0.5141416192054749
d0c827859484e9c8,0.5145250558853149
e21ae17e2bec97bd,0.5314046144485474
2f04654d88519353,0.4164031744003296
6ea4f28492221f90,0.4067867398262024
a55a3dc2cd42178a,0.5094956159591675
3914220dd5d9cb4f,0.44475510716438293
0cdf745d7b36a630,0.5037528872489929
21f95967f0c5703a,0.5134007930755615
0d8e345d52ec5dff,0.46651214361190796
f0d6a086c770ad27,0.5302354097366333
a337d9db890960a1,0.47680121660232544
3d328eb697dc00b1,0.3679749369621277
4ac6321d5d023dea,0.516228437423706
d4d77ca8ca2d2072,0.52928227186203
62aa8048430bb904,0.5341152548789978
b36f7fb4e810a239,0.45052629709243774
5e392872a2767984,0.5061811208724976
091187ad92f9cbe6,0.4568575620651245
b0b6cc3ff553a417,0.4119378328323364
3e28ee6d276c6db7,0.5222004652023315
ca8975fe73ddb9d1,0.5202011466026306
13da8af8c4405002,0.4703850746154785
e5c2c2fd04698854,0.5058549642562866
2e228a21c38464c6,0.48601233959198
49e1fbc7e82e5bae,0.5234447717666626
9da720bd88bb7821,0.43654054403305054
ec56791d60b69892,0.5224255323410034
a951d79b6dfe5835,0.5374583005905151
647d5437eee3b027,0.5061899423599243
f35f66a18deb808e,0.5150779485702515
ec9172b09645757f,0.4996243417263031
bfa0876e23690637,0.4405820965766907
cc44db3e4fecc87e,0.40870970487594604
3e1a5509a057fdd6,0.44509509205818176
52276dc83f62477e,0.5317511558532715
94be1d25a575d4f0,0.40722715854644775
bdbfba404d749e9d,0.5234408378601074
bcdce1d6afb31b4e,0.5123605728149414
bc03afcfbe3d997c,0.5105832815170288
90479f72112433d9,0.3998274803161621
17d36a2508d56c88,0.5509678721427917
41a9b24ea27b2209,0.5089067220687866
38a3d50e01d8e31d,0.4953039288520813
55b184e570ea2388,0.5238300561904907
624313272aa2be18,0.5582867860794067
8ef32bbe006ea211,0.5019853711128235
b36f7c2ec6dea320,0.4916410446166992
1183897edef9b6a4,0.528467059135437
aa2a8c8f651c2e93,0.4641757607460022
8f609195d935a679,0.515997588634491
2c97c61e2956272b,0.5114394426345825
dd43200f450a6459,0.5012575387954712
b9a00aaf08b00e81,0.5225270986557007
82915917547260cc,0.4957095980644226
00d02f2c3d348d03,0.5407403707504272
fe44d46b58f146ef,0.5375150442123413
70bd4f78470629b2,0.5251046419143677
5b31532e6e82e598,0.39769241213798523
b0498ce29584e316,0.5194640159606934
fdb0691c526a42f8,0.5307816863059998
88a55a17c7b1825a,0.5191558003425598
1c1cf2d89f66a9ff,0.44105422496795654
e2b6e3d0d6631a90,0.5275416970252991
91fdcd2be738f0de,0.5328075289726257
bc072709dd362545,0.4885323643684387
75785f7c90bcac32,0.5185970067977905
729b33c6ac1df843,0.5249773859977722
2b98dc7530bcc610,0.5317999720573425
9ebd87f5dbec2af3,0.5245314836502075
bbb1273826d8b793,0.5300236344337463
38583f96a967993f,0.5158117413520813
7a3b52912e890fb6,0.5308157801628113
5b623e58496acb1e,0.4427763819694519
03c416d4b67a4738,0.5352939367294312
658d4b5707f71bc2,0.5034924745559692
180778a9cdc84d1a,0.5313172340393066
0081bc75214b5685,0.5289852619171143
3fcd3b26a1a3687d,0.5160133838653564
294986d614a6e64b,0.532804548740387
f95084f3ee821efe,0.4985766112804413
ec349e9fa98392f6,0.4522484540939331
c87ef65f8b8eb4b7,0.5354505181312561
26fc4eb7f309115c,0.5147566199302673
feb5c21dfa741185,0.5053673982620239
3fd5bd604454e91c,0.48068106174468994
3f65aa4902ae81b9,0.46932452917099
67828ef67f76bd23,0.5378328561782837
5c9cb738bc96b8c8,0.48709896206855774
9759730c6dc150a5,0.5117398500442505
4c142c9a3b8fa96b,0.4930923283100128
06a5c62f6e97440f,0.5275869369506836
aa943aa36bc914f0,0.4666922688484192
c31228e0203eadc3,0.48579782247543335
3560b3f9806e81af,0.5156794190406799
5954f1735ba377f2,0.5002251863479614
28d8b390971e331e,0.5005947351455688
92ea5cf16b6f77f9,0.4903169870376587
acd828827557a311,0.3792235255241394
26c853727c416c34,0.5572464466094971
7564560afdeef34b,0.5302600264549255
e42d8ecf29289592,0.44642373919487
909aa4d62ec05f9a,0.5161502361297607
7180496e1fc224f9,0.53411465883255
eb12b95689aec2dd,0.49281859397888184
2056283814e7008f,0.5163489580154419
9bea17d9089ff23f,0.46433791518211365
010ade5632232fe5,0.5247476100921631
aeca35464ef951d2,0.5225562453269958
ba7a95880dd755e5,0.39588528871536255
83959e2e98092494,0.4818587601184845
333fa8d171dfdc67,0.517167329788208
f545fa5fc3dc4884,0.49720656871795654
3e3e8ac69a281737,0.5332825183868408
2d87cdb2d82f4013,0.5261666178703308
4e3cbde5294c1abf,0.5401706695556641
6a619758ce3e13ea,0.5268976092338562
895c79facbbd84a3,0.3876092731952667
7ef5d439734fe06a,0.5008140802383423
09abb6c29108ced2,0.5405069589614868
1e836df1bcf77829,0.5100688934326172
5f11e0587a818aeb,0.5331759452819824
ad567545eafa08f7,0.5381684303283691
9b74ef0055dc7e2f,0.49566927552223206
825672ea084cc449,0.4811803996562958
4a0ecf177cfbe578,0.5197668075561523
a250f4ee099afbd9,0.44855108857154846
69484f25096f0981,0.5198463201522827
6645c76c91984bca,0.5413527488708496
911922e82b4420b5,0.5146809816360474
f04a46680bf7a225,0.5484305024147034
e0669583f141d15a,0.5244755744934082
0b2979415844e3ba,0.527790904045105
ee9e03de6a86c387,0.5078377723693848
176682a72fccb5b6,0.47601741552352905
05066dbd8538c930,0.505651593208313
68dd31d9470fb7cb,0.38169634342193604
1346ace3911a0689,0.4417608976364136
64306c45359d44dc,0.49826547503471375
89b8e63b2bc54086,0.49015769362449646
db7722a6a30f3562,0.5089409351348877
270b6abf4fe8ba00,0.49383747577667236
892ec782ff581ce7,0.502501368522644
9818cec317647d5f,0.5156017541885376
4d94620fdceb5b39,0.5585088133811951
4cef4b134b91dc6d,0.5333892703056335
2bc38a6c8bc02ed5,0.40988367795944214
ee8ad646391fdc57,0.4692232310771942
9a37f586f1fb8292,0.49918824434280396
cb5e36749e1b421c,0.5341103076934814
e7a4abe692f16402,0.5221086740493774
15dda3c966960304,0.5310335755348206
0e044b45d59f021c,0.5511493682861328
a083e08740fb4998,0.4396935999393463
1eba8da19a4dc09f,0.49454644322395325
494ab8ec0cbeb7a9,0.5146372318267822
658104020e69011d,0.5118482708930969
388634943f1ef79e,0.48732757568359375
9379203d1b429dd4,0.4107549786567688
9664d537154be336,0.5218155384063721
9fba75de58351feb,0.5063160061836243
b9af6588e89e5243,0.49178779125213623
b4bb388ab27d9dec,0.5032532215118408
3b0db4a6e6bb94d5,0.5116714239120483
9822d62057152fdf,0.5193934440612793
031354e183b4d535,0.4486541748046875
f408a819ba1714ef,0.4404229521751404
ec1bf76cd97c716d,0.4668058156967163
6d8cde99a70b1207,0.4809621274471283
1da310b63db35845,0.45562469959259033
2cde9634d3d1028e,0.5335026979446411
0ae266dbbde0d600,0.5016236305236816
9ef4f289672285c8,0.48866671323776245
49f2d32eb2d0e0d7,0.4492340087890625
e0b60fb56842a31c,0.5270142555236816
8f7988981457d66b,0.4962490499019623
850af21c332e7fa5,0.5172359347343445
f9646f54e563f918,0.5194951891899109
6e155d2526f62fc1,0.4046064615249634
06867945c0cf2ac8,0.5219179391860962
429f98e24d29a16a,0.36652499437332153
8af489ad6a67bf48,0.5323443412780762
fec21e112ebc91d1,0.513245701789856
3a274f07a8b25a71,0.5083951950073242
056b80c5f902a8b4,0.5019360184669495
5404d53d0017f636,0.5259672403335571
1a5a01c8d41af4c0,0.4538366198539734
d4c0736223cc30ee,0.5320426225662231
636d5f1bb013e162,0.5426744222640991
0bebb2407c6833c6,0.525640070438385
8b8a6fe88ba4d389,0.5379282236099243
0a163fffd5240a17,0.47998636960983276
0e1ab6fe0b7d65de,0.4988914132118225
15c30714dfe6636e,0.5369651317596436
e0d4f805b0d292d2,0.4937899112701416
127121ddfde91872,0.5427794456481934
e5f840e6bd4560ce,0.5001837015151978
53bf20c1db03e814,0.47204843163490295
3f856f84d34653c6,0.5169034004211426
06da8f6f07e0daac,0.5075802803039551
870977013c61fb7b,0.4285702109336853
784d69e4e5395c25,0.404790997505188
8f162a90ebaf73ad,0.44175052642822266
e6f8380cc5c3979e,0.5332419276237488
f2a943624c59200e,0.5347812175750732
1c74aa26bbad1579,0.4986491799354553
4199bf250d13f93d,0.509367048740387
fadcd37c04f9bfcd,0.4798206388950348
e47ade25a6a1eebb,0.46226629614830017
ae099bd0f4788d42,0.5225261449813843
ca01b48c7f2d3527,0.5238955020904541
9da2e889375417f6,0.5243890881538391
a29d61420bd2334f,0.5146859288215637
d7286f2359af14ca,0.4956158995628357
31ed8c8267d93d89,0.5001797676086426
0d7a0fd151fe8a35,0.5194723606109619
3e727afd7d47892e,0.5072942972183228
40b83cb610ec7914,0.5037705302238464
2a6a78fa42130235,0.38501816987991333
60c24bc371d29279,0.5019274353981018
6bb17257e459cb04,0.5178088545799255
7f2b6b3fa7a698fb,0.44183504581451416
d966dcc3ec2eab2d,0.5080674886703491
9cfe6246f08614d3,0.40341925621032715
0625031ae412e9b5,0.5319044589996338
3c3c76f00e9d2553,0.48258960247039795
e20e156011ee5bce,0.49457108974456787
e6e9c421078d139f,0.4849173128604889
3714a75664cfdc94,0.5428770780563354
7878a27208d2b28c,0.5237103700637817
4a27c8f316430df3,0.511814534664154
7ffa96530a64d35c,0.5236626863479614
86ec85447cd124af,0.4749813675880432
7808a6710f15239e,0.46918991208076477
816770d570bd8284,0.4477062225341797
0c92f370f4077396,0.5195983648300171
a6e99dccf7002f73,0.5125594139099121
edabd64b56035f2c,0.44305604696273804
1c9ce48e8e589edf,0.4927513599395752
fb011275f54bc6fa,0.5238943099975586
149b2b21d2ac6421,0.5142414569854736
1d9caffa24fb739c,0.4762924015522003
d9294b9c5906034b,0.5328323841094971
cd6a18aa8e6da2a9,0.4924566149711609
18d052d585994dce,0.4995139241218567
500082ef11cee531,0.5418505668640137
0617f03fe8d1e4a0,0.5319833755493164
e241990f04c8a2c4,0.553490400314331
53856ac84cf2ad20,0.5360642671585083
26946835fadbbc7e,0.5046536922454834
a6d583239431b7eb,0.5123655796051025
e5b17e5b3e0295c7,0.4903823435306549
08b3f50db85c2412,0.4571569859981537
62e4226d74b2c736,0.52892005443573
8902bd346e11285d,0.517737627029419
025a0820eb22e281,0.39144814014434814
ecbfdf42c1f9cd12,0.4697727560997009
a2a22df39cba742d,0.5235272645950317
911f73eb130533e7,0.545541524887085
8e65ed8e17243936,0.38979122042655945
cbde30f809d44942,0.5203354358673096
a3620698d45b0f08,0.5383241176605225
2610c8c61767e513,0.5530389547348022
2ff8b3ae1c1193ce,0.5230554342269897
f7694b973d61e4a4,0.5129072070121765
9b97572d8fa1faaf,0.4866228699684143
afd385038eff5e62,0.49672770500183105
9663bc33c2b656f7,0.518197238445282
3476b52aae6e3753,0.5617446899414062
5c7e77f18e1a35d4,0.5098986625671387
a5067046137881a1,0.4956928491592407
62a6036deb286d53,0.5385879278182983
29b675499c4383a0,0.5292958617210388
c294cefbf59b3da9,0.4028798043727875
f97a63f8b6451056,0.4969017803668976
b3d4501ae47978b2,0.52635657787323
a973ab59d8f54862,0.5335373878479004
c0a245607a7ea1ed,0.5452029705047607
6e19cb3683d7a301,0.45595866441726685
191f734ecafe0f5f,0.5339928865432739
0be7e79bb078d930,0.4400853216648102
d0d757d32c3b8273,0.3646210730075836
cb979d11a55b5f2e,0.5049731135368347
8e82bde79509084d,0.515125036239624
4032e16417b83fe3,0.5039876699447632
8809f3636b575e66,0.549390435218811
6707027bba2cfd63,0.3875919580459595
d90ab475847fe3d0,0.5146241784095764
990a664b15a92b80,0.49253779649734497
769d63cf05ceb590,0.5179599523544312
ebf8714561a04cda,0.4747247099876404
01778017ec3f48a6,0.5242093801498413
e386d7a50a657b2d,0.4479150176048279
27e1a6580f7417a9,0.5444519519805908
6521568e5f6cb8d0,0.5181258320808411
453b452097000670,0.5131171941757202
871ce88345854035,0.39936041831970215
e4fd6c78a587a8d2,0.4922969341278076
5e2be46160479e18,0.5358055830001831
658a1f41b973b36a,0.5225169658660889
e288d19336f02f96,0.5267497897148132
4e0f7b0aea570560,0.5392743349075317
f44c4c2aacf56a3a,0.35436004400253296
06621d85e1fdde31,0.47594985365867615
9997b41ef11dcf91,0.4781217873096466
bb924a2bc1bbb9a6,0.5064191222190857
770f3a3132c8a6d0,0.4455590546131134
a97c050865f95dcd,0.5190594792366028
1d32da94854e8686,0.4440678358078003
9d39ef2e92529daf,0.48622211813926697
85c7db76b7aea1e6,0.5277949571609497
6c58774d075078b8,0.4281764030456543
64f10d6166638fa6,0.5278418064117432
d39f30c52eb2ab2a,0.49308788776397705
4b85efa2dc85eae7,0.5288773775100708
5163744fb80053a7,0.39444899559020996
89b562197a0d551c,0.5073431730270386
f37be4d8fdd51370,0.5107491612434387
3103ced471ff6c1c,0.39313268661499023
151e3c3fa4e25aef,0.4784754514694214
5988e4ea7bd1b189,0.5374687910079956
d371cd4faac36e7a,0.523163914680481
7c0db46ff80caa7e,0.5133905410766602
6c65e558b31b0213,0.5147452354431152
048c4ec3e68fbfcd,0.5052395462989807
73d36dcb6cb489f4,0.454433798789978
8a104ff03627b4f3,0.5030925273895264
8a7c5fc68b222074,0.4876925051212311
2ec79d79d1170d5c,0.49240607023239136
628da94201b3771d,0.4401375651359558
0d3c7faf2e62d303,0.5284837484359741
2d9e9282212622c2,0.5082250237464905
f1d31850fe7ee3a9,0.45585906505584717
e96e1b7ed183f8cc,0.4639037251472473
558634bd60cf3310,0.5494613647460938
014e8f7c55babee9,0.5315697193145752
12fd476a869f91fd,0.516014575958252
f31eef67a384a4c2,0.5318481922149658
020d8d16a2e0d1f3,0.45713353157043457
44eddcb4f3f14476,0.5304207801818848
1747cb4556c73abb,0.5151115655899048
fb97c83a080f4c44,0.5271427631378174
f11e36e01d94b173,0.501051127910614
6cb5e7905f3d5cef,0.5164297819137573
b5217a8a4fdff8a5,0.5510028600692749
c5c7d584d968c549,0.5057770013809204
626fccb536d68c4e,0.5152634382247925
80ad193975174665,0.5482865571975708
9dafe942b348d5bd,0.45201951265335083
238ac25c370bfc1d,0.4833305776119232
b56d38c45a221311,0.4596859812736511
316eb4d3baef8736,0.49867480993270874
5c3b7d20aa3c2d75,0.5049483776092529
0d2d047bfeb9a897,0.5134010910987854
70c3dd839aa13228,0.5434763431549072
64e12b9f404f5e42,0.5439411401748657
cfeebf48e69ddbc4,0.5406950116157532
a700e266b4d73b51,0.5059090852737427
b888884e857c9d9d,0.5218154191970825
d35ccd28e37d2679,0.5232250690460205
ded68dee3262d44d,0.533523440361023
4829dc100f78cb3e,0.5071815252304077
415dc8b7df16ea86,0.5290926694869995
ef90dd41b40a9d0b,0.532713770866394
f36219941c2de405,0.38357019424438477
8b9608234f97ad99,0.4547729194164276
9bdadcb0a1fe0849,0.4937960207462311
ed77cf29ab6193ba,0.48654359579086304
c9af15a25c847ff9,0.5061912536621094
0c137122f7af9212,0.3974660038948059
2184760bca02d44d,0.5388160943984985
7710236ad63f13e8,0.5244832038879395
c1a8c5f51c5cb35c,0.5751618146896362
92c5f6f11b146681,0.4857177734375
bd2bdd1409ce5ebd,0.47162821888923645
af473c4aca6ed4c7,0.5415496826171875
24e630711756b276,0.5558470487594604
352fe8f1365e6487,0.4126426875591278
c35302566e3613a9,0.5111806392669678
7fb3fe3e4fe432a2,0.5332663655281067
77652d174873b4e5,0.46788448095321655
40fd4fa1bab4e213,0.4490955173969269
4c98b4b8e785472d,0.5336149334907532
b770679f19dd8707,0.5174752473831177
ceb9443fbfc7cc43,0.5040298700332642
a20b41b5d79596c4,0.4708535671234131
3b7dd3bb7bafc0ca,0.5498154759407043
75d863bde933a1b3,0.5341857075691223
4b1e7cc483cf4ba6,0.5290008783340454
b036a7fc297fa196,0.5128669142723083
dd167b66b1494dc0,0.5312701463699341
d3c52fdd028f34ad,0.3979374170303345
3d34cc4a2d6c0e87,0.5241466760635376
1afabbd21b65afe6,0.5223968029022217
c978d63e825191d1,0.5291228890419006
3efc22119109f691,0.49636173248291016
f9ac082c685bdc48,0.5526095628738403
728d7caf30a3ebd2,0.5080524682998657
f977a054c65cf35f,0.49082475900650024
6df2185bd89f3cb3,0.4920547604560852
76c32f6122ed9a97,0.5018752813339233
6aa98b0d8d4b20bc,0.49256929755210876
e214e60b1a681f72,0.5005968809127808
69824b934d8d28fd,0.5219125747680664
433ce8eaf8a0c192,0.4496545195579529
f5d543b0236b5887,0.5283387899398804
15d0d445c4d519e9,0.5315846800804138
1d3db1f8f52b1ce2,0.3819328546524048
75fa61ad7b0f934e,0.5028195381164551
9dfe081d1b5068b2,0.5129339694976807
e821d4beb3b1838b,0.38901227712631226
080147cf286f40fe,0.36450979113578796
8b61731c1f207c3b,0.5019099116325378
268202ded113c68d,0.5477758049964905
42f1dd16f53b059b,0.5356322526931763
867d63ffdcf56f26,0.46246957778930664
9f756ecca7c4bdf2,0.5302990078926086
18820a21a1880cea,0.5209587812423706
83c17fd1a47db179,0.4834892749786377
bbef8061070a278b,0.5345962047576904
0e9cee4ca99774a9,0.5364069938659668
7a764b3f066bc1ed,0.47579142451286316
b3e6d1f37c24f02e,0.540729820728302
62adaef2c27da1eb,0.5276612043380737
34569d8608e870cd,0.3850146532058716
be1e0a0418ba4aa7,0.5269408226013184
daa2d4c7c458f37f,0.5039830207824707
07216435bc434f13,0.49098265171051025
429162f4721f28cc,0.5354017019271851
f113497e2b86ca32,0.5270751118659973
0ba3d2a4a2d6d729,0.4869317412376404
2d68e34b17536905,0.5194360613822937
0631f7bc43c14c7d,0.501628577709198
a64787e3bc03e5e8,0.4645516276359558
7ce8c26a19390bf8,0.47401130199432373
79c2e4c28af2ee5e,0.5204790830612183
5237b94922617463,0.5296952128410339
dde70fa511435359,0.5134766101837158
81fb65fae9d2bc02,0.48990902304649353
c6611e6540908ddb,0.4670790433883667
f048d342f122bebe,0.5420317053794861
ab823dc2036830dc,0.4673832654953003
2cbf63b8cce77a9c,0.509211540222168
8147795d859a32db,0.4394141435623169
ba532a20f97f8a7f,0.547081708908081
c43fd752e96137eb,0.5173681974411011
9540723f699db6ef,0.5313006639480591
37b92531a497e71c,0.5346508026123047
163ed48d52b7ff96,0.46423956751823425
88668f18d8b00ab8,0.5071069002151489
aca6c96484cc9dec,0.5067055821418762
d296c84449569bef,0.5215927362442017
af365349a188c5a6,0.4918706715106964
0dcbeafd418127fd,0.5440530776977539
533d928a098d58d1,0.4455140233039856
07212579f8365eaa,0.49767160415649414
94296e83fbb82b75,0.4528364837169647
ac64dd7d9e13dc67,0.46260005235671997
74b53e57968fabd9,0.4873594045639038
cd7e880c7b16103e,0.49474066495895386
1ace2f9e3cb341e8,0.4106322228908539
0b5cd1f5a6d7fec4,0.5102309584617615
5615b97620d75434,0.49762189388275146
77fcfd69e84037ff,0.5256231427192688
7e9c2adcac30acdc,0.4968566298484802
6c83621d15e4e97a,0.46917518973350525
3823c2caeb985916,0.5268688201904297
e796335525f391e5,0.4471661448478699
f785090fe288847f,0.5224411487579346
18aaf0dc0fc50fda,0.5052549242973328
c0e4aa7ba5914d9d,0.5313324928283691
da7f600c6a6eb02a,0.38039109110832214
0ada98e4498f04c5,0.5220455527305603
8f5b3aa57c22839b,0.48192113637924194
d94d21af1dbdb5a4,0.545049786567688
019e9e4a02961b03,0.3550238311290741
76d07ec95821519d,0.4994955062866211
d7d97093140f80d9,0.4667885899543762
638dd41330d11d16,0.5258814692497253
3c76134007268f3b,0.46961790323257446
6f4a56f21b899193,0.5310841798782349
c24a73f922ddfaf0,0.5536602735519409
a124a65afffdf70e,0.45563215017318726
49526100659c64dd,0.5023144483566284
df816e1c106f9b8a,0.5391256809234619
674ab6e10899c632,0.5245998501777649
4f01de41283db019,0.44764184951782227
1f6c43a743de132b,0.49468502402305603
49e7d22f70cebf6c,0.5495715737342834
dfffe98b007c3816,0.46907269954681396
429328ce5597e670,0.3848538398742676
37d10c5c43587232,0.5400421619415283
577805eb992cdaef,0.4688481092453003
b13b395f7dca5e0c,0.4883589744567871
9487b0dd02afc6b2,0.4553607404232025
562b4b2a49ab37ea,0.4923968017101288
22bd6cc6096e263e,0.5075830221176147
66764fd91dda1f44,0.5324950218200684
39a6d10833da64ee,0.5212721824645996
6ddc0196f695dd6b,0.5043966770172119
0d8f6bd99a860717,0.5220067501068115
a610ecb749555a75,0.5013664960861206
38c8e290c3ec8fab,0.5268721580505371
971e3d48693c7561,0.5122461318969727
6b3b63c0b7aabd8b,0.5393314361572266
98579e0ad379f475,0.47394561767578125
7130e1c46d4d4913,0.4877070486545563
87c2b7ec1a322ff7,0.49977973103523254
bd0435c4e67b874b,0.5504839420318604
8fb04933b6ad4471,0.514435887336731
7933ad7b9ed43151,0.5233835577964783
7310473a136510bb,0.49373218417167664
f6c70e3692a85936,0.5414703488349915
ebe3b393af38888f,0.46715593338012695
4e7c8d9b99651794,0.5436251759529114
033aaefc7dc7a824,0.5519014596939087
bb907c5e7720b87a,0.5268852710723877
7c2176075dfaf3d1,0.5077563524246216
182469ff4f7a96a9,0.46299588680267334
64dc3c10b9f5b8d8,0.38765662908554077
b678a882f9f40cd8,0.5030124187469482
4d7818abaf195915,0.5022374391555786
6fe3bb138dbef8c9,0.5141377449035645
5103e9148ad5c776,0.49350738525390625
4858cde9e3254d6c,0.5043265223503113
ca7d745ce2f50875,0.5266715288162231
9fb9dd712b98c03f,0.5469309091567993
4f3a835cb65a041a,0.5391943454742432
926f54375a79c3dc,0.4896555542945862
d7d4bb0cc6e64f9b,0.5332114696502686
fdcf819abca18691,0.5268902778625488
29dd874bc6165598,0.5354281663894653
35356ecaf715f0d9,0.5419763922691345
be915d3954b5c5ed,0.47661224007606506
ebfac444435500f1,0.4892340898513794
0db8b40020431ac6,0.3981856107711792
cd9586ac5a94b05b,0.5006904602050781
47edfc8728b582de,0.5192621946334839
9391c460ce5418e8,0.4964516758918762
657c7892684435e1,0.5109483003616333
31b0e31a22c2c915,0.4802436828613281
5ab53cb88c887077,0.5065810680389404
00d8a5efb95f6fe2,0.40775424242019653
f75ce26657af426d,0.5318171977996826
4cbe39d8f765dfec,0.514306366443634
08d2c6e9b7ac84d1,0.4643387794494629
aa90ee70ab516596,0.5273542404174805
c5b3719ec40856f7,0.4416903555393219
23ede6639b93db7b,0.39669886231422424
b310aa05b2ca68fc,0.5247464179992676
d5bac131926c22d9,0.5151126384735107
fe35c28b9955c29a,0.5466432571411133
fb6eeef23e27df4c,0.5447854399681091
4b9c6de7b7c6ddd9,0.45032840967178345
0c1d701377b9e040,0.4967639148235321
a3cc87445dbf9df7,0.5270603895187378
c09beee70d31dd5d,0.5169597268104553
694a16b3a679b7ba,0.5435479879379272
0f931867f3652bad,0.4592915177345276
5491ebaa4d60753e,0.5115310549736023
4fd2476a95998502,0.5372324585914612
e34e83a338e45e75,0.4504779577255249
93d1d7afc0aa0b5c,0.4339190125465393
e14f1082ba70898e,0.5259211659431458
c6c27b06f14824ff,0.5049288272857666
044a10fa33cc5689,0.502538800239563
e1d051ba9ae68587,0.4962661862373352
1fb3a7cbb29d67e4,0.5195927619934082
9ec7de9b560af456,0.549643874168396
bc5e22691574cf0a,0.5288848876953125
de46e3fef861e568,0.551850438117981
4f4213941fb0ff48,0.5188181400299072
cfbebd00b0f072ae,0.38496133685112
7af3a9bcca2e3f98,0.4822671413421631
a2b6128313ad2bdd,0.5327142477035522
4192cbd06b67b384,0.5085852146148682
e78ac713f1403d29,0.4947843551635742
75ab5dc70966a86f,0.4757397770881653
8c598aafa2e17380,0.48710668087005615
0cceb3b9c3634ff6,0.4953516125679016
4c12d7935b95681d,0.48787248134613037
ecccbfd7c3b42e39,0.5382188558578491
e87e40a1017f4e19,0.5365282297134399
47fc9a5079fca76a,0.5561850070953369
7744740dda48dcdf,0.5333342552185059
c4c2fed41f15e3c5,0.5271505117416382
27094712ffb132ae,0.44282156229019165
40da761d118bb98c,0.5705251097679138
26c374c248b42efb,0.4828023910522461
7ea75facd7f71150,0.5095850825309753
f0f3281d18ca73e0,0.4437241554260254
52a87e9be43bc8b4,0.4853566884994507
a8474a29f1f1f785,0.4726927876472473
29ef56d328cb64e1,0.5299302935600281
5adc07629b66662f,0.5365616083145142
83ec83ae00081c9f,0.4475756883621216
fbfc53ec4814956f,0.4660053849220276
a5589d3c708ddeae,0.5369582176208496
3c1a44d18dbcf5ee,0.5377681255340576
c90bc5e816c786c7,0.5260868072509766
15e4563ae2e5945f,0.38446250557899475
4163af4e0080273c,0.40850120782852173
6562cf6634e833c4,0.3934386968612671
ab8d6a82955e59ec,0.49406230449676514
4bb8d970550cee7f,0.5469177961349487
ac1f188ddc10f74c,0.528274416923523
3fdd695b42c86e4a,0.44427186250686646
d20bad8827c0c827,0.5178639888763428
29232ae034002ad0,0.5174547433853149
79b0279e1c04704d,0.5173783302307129
a10c2cc6d8833d25,0.493905633687973
efa25d0e059243da,0.4778061807155609
ec1f271c2484a9d5,0.5102469325065613
eb04b7085daeb025,0.5129944086074829
bf48e76ab66e8cf5,0.39774948358535767
63ed617b24124e8d,0.5459309816360474
047e56a52ae73ef5,0.46346330642700195
49419b8999d1492f,0.5198245048522949
b7c090b8e186dbdf,0.4981849193572998
a64b8683c5626b5f,0.5238869786262512
8029c159c0cd886e,0.5278244614601135
506cabe1d99fa88f,0.5054678320884705
076854886a975dca,0.49261826276779175
ae1b433bfdc69575,0.5256174802780151
cc991d8a9e816df9,0.5172321796417236
5396c8671fc564e4,0.5201737284660339
bac59f967ab2ec79,0.5067414045333862
1933a9cf5b9baf1d,0.406531423330307
ddabb4c0914cbdbc,0.5480290651321411
4ebae215d5a6a439,0.5261566638946533
4aafb90067fe1583,0.5128306150436401
81c00676779406a0,0.5189106464385986
60bbc1320be4bc96,0.48874136805534363
13769692b1af5320,0.5056062340736389
97a6b3cd77cf05d1,0.5189111232757568
9b7d4895c8131a45,0.5250072479248047
9e5a4feec8b3fae8,0.4974786639213562
b9b520af4f282a26,0.49391335248947144
1639cb592aa4652a,0.46424880623817444
90b045ab59b92ba5,0.49310916662216187
d29db8a8f489af25,0.5560200214385986
80226764d586fa9f,0.47161197662353516
070e1363ff418ad4,0.5358788967132568
145fa5d2eabeb2a5,0.5001075863838196
5a91736717df3f3f,0.35397350788116455
e250b1ccdd364b83,0.4580913782119751
810cabb9d862952e,0.512604296207428
7debf10f48d8920a,0.5081683397293091
d2846ba4fb9aa270,0.5005180835723877
43a982f47cb34b98,0.5326253771781921
e7edf73316f29503,0.5176410675048828
16882c3314b0bd59,0.536379337310791
012e1de5e2832315,0.4549712538719177
5eb959df713dd826,0.3697306215763092
62b4a3968fe26c7b,0.5490776300430298
ef8365900948edfe,0.48062217235565186
e6c03840d98d0319,0.5263171792030334
ca8955d0ea06772c,0.4731646180152893
ff9470fe702801f9,0.46019247174263
41cdfce8a1a4c764,0.5168156623840332
0db0baefe5980f18,0.5259888172149658
d6c96d1f9f3d4921,0.5108023881912231
71b0ccd87cc54c86,0.5398410558700562
17eaaeac49c6c40b,0.4392754137516022
f43c3b86e66d795c,0.4598134458065033
b80631460f8a8f73,0.5655361413955688
a73481d29dbacda6,0.3873657286167145
e4e30c410204d03d,0.5014272928237915
8d12eac77d271dbf,0.524554967880249
8fbc783113328a2d,0.46151119470596313
9499e7a54f98e192,0.4999752342700958
4f625d292a2d29dd,0.5176593065261841
9a7d084a26e4aa79,0.5632597208023071
e1295642f2012f1f,0.4578421711921692
f1e52123cc505e6b,0.5110448002815247
1b508d2c5c13e464,0.5129460692405701
b12f528850dc356e,0.533973217010498
a0919cf7f2f5e4c0,0.5220386981964111
e8a5b06ef3f68f13,0.522293210029602
2f80c4c140ff11bc,0.5514551401138306
9681299605f6f1ba,0.49268651008605957
a13a29087bb0dab9,0.45939189195632935
c5321cd1e718a574,0.5125277042388916
5ef2858ab4db6f00,0.4907027781009674
f8f43497ee73a239,0.3964480757713318
e9b303ca29694033,0.5303195714950562
08adec9ef900cdde,0.5230689644813538
78c33bf26ad9b4b2,0.5299336314201355
13e9a0aa008d131c,0.4788680374622345
e06c7299f1f4d61e,0.5282785892486572
3b80d91cea185ffa,0.5159925222396851
7a2baf86e2e72a67,0.5489194393157959
43b756e636a966e7,0.5416064262390137
4682fd0461bc8940,0.5359485149383545
ee3afaec250360f0,0.49495601654052734
17051050ea1167f4,0.49232709407806396
4a367a08660922ff,0.5135887861251831
813e89b659447137,0.5223279595375061
cbf2db24971de7d3,0.39753347635269165
f1668685d6a333ed,0.5501587390899658
6a30e24eb7cd2b05,0.4572942852973938
365e9554959e0dba,0.5005030632019043
0d45b790415fc4ea,0.49070584774017334
952e7836fd24f0b4,0.5242894887924194
001e5a6ae0e506b5,0.5170936584472656
53a3512d4c8f9940,0.4979577660560608
f84e4aec4aa23956,0.5335634350776672
e3be14667fd84949,0.49495041370391846
2ad96aa93e4f15b0,0.5346797704696655
8700344b7812d6ed,0.5079748630523682
6e17142e961d6962,0.46775615215301514
2836c704ea3fe398,0.4866181015968323
21ef978175f0a85b,0.5230679512023926
501e1932da35e6fd,0.5478948950767517
b60b4c8dbd7eadcc,0.49819639325141907
7e3436c98d455b9d,0.48103952407836914
a1fe4861c0e90ae4,0.44088655710220337
fe1e8a3ca84e52a8,0.5288993120193481
8c6edfd6c408c9cb,0.5119194984436035
f4d8c2cbb63ec5a6,0.4220142662525177
48c4bb7345aeae93,0.506986677646637
638832732c0b55ff,0.5358667373657227
b22ba60f09b4f46f,0.49090325832366943
086753caad5e1728,0.4078301787376404
88486a8565c6b5e8,0.5205370187759399
84ca2fb7f817e8ea,0.3995506763458252
a6007839df6dab1f,0.4859318137168884
08e7647329f0473d,0.4923708438873291
1dc0c4caedc2bb13,0.4934692978858948
9b1985ace39b2065,0.4005051255226135
e7eac3ca9507b17a,0.44209587574005127
c61344cd1e674d2c,0.5336323380470276
b14d292cef32297b,0.5003501772880554
d5814d3bb3b9509d,0.5111708641052246
a0943f90c4c895ad,0.5113409757614136
df64456a5c5d4d88,0.5516241788864136
5b1829b28531996f,0.539726972579956
54f5b3e24b2f9696,0.545699954032898
7600fb72c6df9113,0.48536455631256104
a866e4d9be78272c,0.5111945271492004
a8dbc93bf8c303ad,0.49398893117904663
f87f7789d857c6a4,0.5461618900299072
dee7b58af44a7fc3,0.5133097767829895
824078f00eae517e,0.5268954634666443
f57c7d20102d0bf9,0.46368059515953064
7f808018ff5bb838,0.5082343816757202
2791261c7074741a,0.4785395860671997
94d391320ff01bce,0.5260366201400757
9c2f97e76117b4e8,0.5232465863227844
475a11b47b15c3bf,0.40250593423843384
f3c89a84594ed348,0.5266538262367249
2defc20c306e133d,0.5242927074432373
fbf03d7c35156f32,0.5239297747612
c22ab451902a66c0,0.4571439027786255
f85d0357f8962e44,0.5027667880058289
3f88a06977749274,0.5132865905761719
1a2198652a7e92ce,0.4495866894721985
dbbfb3aa32f1707c,0.5088094472885132
959699460333a4ca,0.5305866003036499
d1ca2bb10fcafd0b,0.4780179262161255
73284ae362ae6854,0.47858601808547974
3069b6bf32eed226,0.4899126887321472
8eae46d51600eaed,0.493238627910614
51e42b6563ff63f9,0.5626693964004517
e96d9d7697a76877,0.542747974395752
2339d8c7080a1aba,0.5219204425811768
1bf90161834782a6,0.5239949226379395
8d7029b2c0847860,0.4848178029060364
c22a301863e65df5,0.4929763078689575
4da66a217beea848,0.4643130600452423
78e38a728a9ed89d,0.37148213386535645
9cc46a2069a43ab2,0.5061988234519958
aa3fd01145af3499,0.524689793586731
4c8caa106c592067,0.43157675862312317
b71acde2843dd0a1,0.5271878242492676
8d15656e3b0dd8d7,0.5395295023918152
ba3e4a3f96b82b81,0.5105956792831421
ad82909bdd50a621,0.5304704904556274
cffea005d6f92a4f,0.37684887647628784
6c9890689d1c5723,0.5193396806716919
10612e48287f1b65,0.5198495388031006
2c2123b4ca5a2eaf,0.5474667549133301
625a40a740c9a3c6,0.5390883684158325
a873b4e8b8403db5,0.5217843055725098
02c1b80087a84b0c,0.4991730749607086
f9bb9d0fa302a178,0.5207387804985046
a003515299e8665d,0.5203828811645508
de40db7d874bf48b,0.5119605660438538
6af866a57da5081d,0.3941696882247925
fe6724ac3e37a7be,0.5343680381774902
580f01511e9d2478,0.5225306153297424
8b1d145029a0c5c1,0.5390827655792236
dbc7f2fe3fb9e830,0.4657575488090515
d4efeda73710f1c3,0.5377270579338074
5cb2ac3b40f73e49,0.46276888251304626
57ed6d15d14b3ee5,0.5425716042518616
d4d9ebaaadd2be79,0.406854510307312
04976f5dbc059913,0.4118998646736145
642c9e9efc301415,0.5285081267356873
2f2a944092a1080c,0.49440261721611023
7177295ffa5d8c42,0.5461094379425049
56d32b402744defb,0.4452613592147827
5a24cbd3c31d6db0,0.5518044233322144
df4db8752cd249d7,0.4915695786476135
e2b91144d70f2940,0.4902598261833191
8d6492f4bf1adc54,0.3863220810890198
f433f14edd7e10f1,0.5240196585655212
6047b252e1667a91,0.4706331491470337
701a814c2d49daed,0.5175563097000122
1e0fa7057889e8b6,0.5228056907653809
4970deea45265f9d,0.5279117822647095
a26beba6dbeb8943,0.456548273563385
3554abf748391785,0.49131616950035095
0ef6f7183209b922,0.532333254814148
e749595c6872358b,0.4652472734451294
52c51cdc0c18b10c,0.48260289430618286
a48c524c2cfe5062,0.46224525570869446
cab9adc8822a5d08,0.43555009365081787
8cc66857663f50bd,0.5595002174377441
0e992439cb0585f2,0.524515688419342
fdd0fe8b023c42e4,0.5565503835678101
ee790fe381c68b91,0.49341529607772827
0beeacae1b89ba4f,0.4949186146259308
11595b721b7f7fed,0.49045848846435547
11c76ce7111c1bf1,0.4972093105316162
04ab39487fd31a99,0.5235987901687622
f6d2563000c33c1f,0.5226254463195801
06407ee52db47609,0.5267472267150879
fe41dae43b0f090a,0.4823462963104248
6d537cb960eb0857,0.5037566423416138
37738f354cc2783d,0.5242375731468201
ac1d34de51940645,0.5192177295684814
8ab5763e3f8812fc,0.5199819803237915
3468dd4f89348ccf,0.4956452250480652
49d0f892eaf2ea4f,0.3844500780105591
8687a105164dfefa,0.5055014491081238
e5eea416ca085820,0.5131425857543945
04c4e81ae7a9df5d,0.4054437577724457
47ccf88ab7671871,0.4544866681098938
361828d91591eb17,0.4393391013145447
acf2096336eebedc,0.47634026408195496
f61534bd6e095ec9,0.523263692855835
1f2e6f7cb193ef58,0.5070971846580505
11e2e79a8066d5c9,0.5269090533256531
1cb7284f20e0f0e2,0.512601912021637
354e83983600dd74,0.5345500707626343
acd0fca32635b81a,0.5321452617645264
9609703607af9fac,0.49122071266174316
29418582409997de,0.5178861618041992
18cb4770ee331b0a,0.5229549407958984
f07e7d535f7354af,0.5304645299911499
fc8a8fae78cba33c,0.5190595388412476
16734eb8252bd4ca,0.46054965257644653
b996031a4aa3fbee,0.5051450133323669
afa2e4314f59c9cc,0.5271316766738892
4d1d16eff014ff52,0.5020912885665894
35e118562eb9c356,0.40620994567871094
3044c5ed1708fedd,0.4537937045097351
0e8081079481c3af,0.4851771593093872
aa0762c22aa23ff2,0.49567437171936035
236cef515808a0f7,0.522405743598938
4acd1bc23bc1d747,0.5162060260772705
106ecec59ed91b61,0.5332505702972412
843693c9f617369a,0.4066358804702759
02746ba744c1a5b4,0.4993034899234772
e59d4c0718476017,0.5090564489364624
0de05156f8908557,0.5280930995941162
c22ee1153e1392f5,0.5119873285293579
18ea6858c6eccea1,0.5569641590118408
1e81b6ebd0287341,0.5210347175598145
4c5b1cbac83107c5,0.5321714878082275
995d302d83356576,0.548427939414978
19f29358360fc442,0.513573169708252
12b7b2bf2cf7a3a5,0.49117282032966614
d5ebb73981e46f9c,0.4859793484210968
be6715037bf9bf71,0.5087277889251709
4b26eaee1f080b5f,0.4871634542942047
5ca09b0aa836e68a,0.4759661555290222
3fb9564c44502be5,0.5147873163223267
99948c86eccac978,0.5285627841949463
01c6360cad0198d9,0.3991769552230835
66f158e12edb50a9,0.5369279384613037
fcb0fc4a85ceb583,0.46979594230651855
c93885c5f9813901,0.5160542726516724
0acb50652bd37f1f,0.533842921257019
8fcff65c705d6cfc,0.39008551836013794
e676f2a391e9c038,0.5424377918243408
7e7d1ec9bf3628fb,0.5444275140762329
322392a8fd36b03d,0.506608247756958
d1aeeed9202c7071,0.4389095604419708
6c1840e3378777b1,0.5391572713851929
9b6de94eb7dde339,0.5358576774597168
acc005d3c3619710,0.49512505531311035
1d3cf03ddc9db73a,0.5257725715637207
621f363b17bbfa44,0.49644050002098083
53cf5c463a285c31,0.5430107712745667
0176bdedea39072f,0.5330183506011963
3af3747ca7d8f228,0.4384799301624298
28b20643599ff12a,0.5181152820587158
a46bfc43f3e5eadd,0.5156686305999756
a8a414642b2a4a31,0.46231353282928467
59aaa66ea71a0353,0.5084671974182129
9ffd57aeb837f4f9,0.5387481451034546
4b74f66f48615167,0.48090654611587524
8bb01e55871cb2e5,0.521676242351532
fd3d44a1faead3a0,0.46849051117897034
1b6a407f3fcc652d,0.5218076705932617
5e3b316d773e450c,0.45515185594558716
8f346db6ceeb89db,0.5346639156341553
efc72b215f94148e,0.5281401872634888
292132c1971d094f,0.5293368101119995
e1cf8e51ff5d3b1b,0.5483478307723999
f731e0fecef0f279,0.47525665163993835
976f910666e88ee4,0.5135722160339355
35338d4ab3bedbd9,0.4818776845932007
32ee0ec556a5ef50,0.43865710496902466
7a2d1bbf9e21c5a5,0.38069212436676025
728621554777941d,0.5634076595306396
b704fe42c361b7b2,0.4878288507461548
7711cb53d4bf91c8,0.5259864926338196
f7fb1f3d4fa36ac4,0.3896564841270447
1afae7cc83fabdb7,0.5224106311798096
bfb274abe5b4aa76,0.5023342967033386
48f9609eeaf35ae9,0.4646861255168915
3eadc120bc6db45c,0.4877948760986328
4f041a387689dabf,0.5477403402328491
a48415cd28a5c090,0.5374072790145874
311d9fdf30fe1e86,0.5026233792304993
efc6f01bf5739250,0.5327035188674927
e65a6d1aadf5d898,0.48387354612350464
2997a5a68a004b32,0.391385555267334
88619578d45bb7e1,0.5133304595947266
6d0cc892b20184e4,0.533111572265625
f7be23883c964651,0.5555934906005859
c401486f12a262a3,0.46402931213378906
a50a2172d5bd3dff,0.5098187327384949
c0f9a2881da5eedd,0.40973514318466187
14696ecbd27adcbc,0.4527648091316223
c2fc426301dc2eac,0.42833560705184937
e11c3eaf3158c448,0.3798518180847168
4220a3f68229ae7a,0.5440278053283691
679230a9c4f4e188,0.526583194732666
be4a8a55d9d0d63b,0.4475967288017273
cbb98658f1afd34e,0.5435864329338074
2e0d4445f6c09987,0.5462275743484497
187d147f2a8df284,0.4656246304512024
abfc0b68af5ab47e,0.5291630625724792
18bc971816f0e782,0.439778208732605
dcad50350611e61e,0.5116572380065918
9c10627647372f7e,0.4927336871623993
7cbaaf6afbdce9a0,0.5315731167793274
6226c20edbb815e4,0.5216543674468994
6fb999bfd28d3956,0.5365412831306458
2c74574beefe3e41,0.5141830444335938
e6f19f2c6a37a452,0.507434606552124
6d3c35951aed6441,0.5183530449867249
eeab5afa1a27036f,0.4943704605102539
d99929f12985ee32,0.5125387907028198
baf80e08298f148f,0.39861759543418884
420053c100f668ce,0.5174041986465454
3d2594efd94c91c2,0.48814886808395386
3adc17f90c863e1a,0.43102413415908813
2e470e0d18aefa01,0.513703465461731
356716738b36ec26,0.5515299439430237
c50cca066f4b96c4,0.4965137839317322
aed84809a07a048b,0.5340267419815063
65d3327371f25c41,0.5273857116699219
3bb2eb9ecd454fe4,0.5247448682785034
c77d93cbe7c40af8,0.5350494384765625
6ac82ace14af6982,0.5312931537628174
f361cc9535fab57d,0.40692809224128723
6459aa1ef77434a0,0.5463795065879822
128688d96a618daf,0.518530011177063
7463c28a83550ce9,0.49343472719192505
98c9b39491212d64,0.5279340744018555
6687335af945bbfd,0.4709562063217163
03731a412803c7c9,0.48635929822921753
d955ab7cf4ceeba0,0.48755863308906555
55da09677d496e9d,0.5433588027954102
9a99d6ecbd5fb35c,0.518099844455719
143189becada999b,0.5038166642189026
e2daa098a057a38b,0.48189717531204224
0d6949a8c8b13c1f,0.5335322618484497
28b004d59081045a,0.516721248626709
5d6faab8850fc9a8,0.5066995620727539
b3e425e6f1929aed,0.4970395565032959
f49cdc4196d0d0d6,0.5090440511703491
dad39db0aa8784fb,0.5251263380050659
ac6e1774303d6b2a,0.5448694229125977
ca983d5a0b144bba,0.47625449299812317
3132ab8e2e0c33ed,0.43711793422698975
9489e158ed2fde65,0.40208202600479126
9aa33ead3cd29f03,0.5186991691589355
973a4b1846b3c976,0.5404784083366394
923dfdf95a3fa7f7,0.5343163013458252
dec5b2495fa8cb2c,0.4650689363479614
cdb5658c842e68ea,0.4537866711616516
909e32a1c0051999,0.5340912342071533
5a715c85f3d9e3da,0.5247637629508972
525b2b1c0b9d547b,0.4893057346343994
1d513ebd3e164f78,0.5300525426864624
5d2f1d7cff20cb84,0.4708589017391205
0bdc8093d463c247,0.5187104940414429
fde6eed523e654c3,0.5303727984428406
1bda4123da3c4166,0.5038062334060669
6b918638760a6ef4,0.5300016403198242
ff1887a7808cb52a,0.508043646812439
e0aadf94bd4c3bcd,0.5341334939002991
54910b5fda06c0f3,0.515465259552002
02ad04ff24f203fd,0.48133188486099243
bb7199cdf08c1838,0.46481889486312866
edd2e68cf54cd50d,0.4313965439796448
a2232f043543e9a5,0.4295666813850403
502b217085796041,0.4909525215625763
995399f80e9d56e1,0.39413678646087646
f2f4a8a5f7fc01c5,0.5267559885978699
1331a3ac71a01060,0.5140225291252136
4e5089e69e772215,0.46652427315711975
17599e431660460d,0.520139217376709
2a1629d9300a2c02,0.5393565893173218
66d4c03546cfd31d,0.5081454515457153
2ac42fef2b3a354c,0.4852554500102997
00972dc51e85d4e2,0.5422325134277344
dd3a7172642e8213,0.481787770986557
d741eb3faec78fea,0.5334737300872803
1181ac9e0838e9ce,0.5292559862136841
248b54e647265d44,0.5365161895751953
2f48d1ac355bd2a5,0.5379085540771484
0dce7e6bd3a12e3b,0.48727649450302124
5d8f6ac2b5f14430,0.5098974704742432
cfc4af9c92ea46ef,0.5359352827072144
af83c071dce0c769,0.4812746047973633
c7f42d946ef6921f,0.5056164860725403
7872e59264d25c44,0.4689127206802368
9a6e52988d77735a,0.5324289798736572
e2ce9b324a13b77a,0.5035685896873474
93f2bc42c87c9cc3,0.5215352773666382
9c65aa3c7c14971f,0.4964935779571533
9da5a094b8ea9c59,0.5415570735931396
1e2a2fb8e0a9c0ec,0.48699164390563965
86fd9035b2922217,0.5262394547462463
b88e7f6777396c60,0.3941859006881714
9c39bf384b4ea730,0.4706537127494812
721503b37d924866,0.5102158784866333
bc464cec5bfeccea,0.43832266330718994
b7d482a5075183e8,0.5208867788314819
5867d1dec2ef7c94,0.3747614622116089
cad9281712af56c3,0.4439539313316345
ae7c00cc6e01b68e,0.501083493232727
678e3fdc32c9251f,0.5322751998901367
db69dbbb91e0bede,0.5444492101669312
d5311720e3477264,0.5296364426612854
0822d97d04ae1c0f,0.5226110816001892
4bffa2e7b48f836e,0.5116238594055176
fe45dacdc4149792,0.522872805595398
0a44887bbd9c92a7,0.5315260291099548
c811ef49ca070d0e,0.5215796232223511
b7b0cb857c744828,0.543255090713501
24cb480931381532,0.44044095277786255
f1da64906dc26103,0.5472815036773682
f05d2481913572d2,0.47722768783569336
3f0abcc29e8aee81,0.5165388584136963
56e21cdc52a85233,0.5115373134613037
0a6dd4fe3b4e9c49,0.5374569296836853
d689f977df3a2f29,0.5259803533554077
ad8906e852c2a916,0.49376994371414185
4583e7537e1ba681,0.3953368663787842
8cf2731cb10edd50,0.5231338143348694
118898a9dc6d4340,0.5275088548660278
291dd13d22160f2a,0.4769321084022522
d1af641bd3149bc1,0.4168950319290161
46ff6978554ccd86,0.4821317791938782
5fc37575ca64bcc1,0.5141480565071106
a611695251b294b9,0.5063546299934387
3555f3009490d1c0,0.5467560291290283
ddbdd9d7fcf6615a,0.5271569490432739
85d6cad843de5579,0.5198389291763306
d039353225e98fdd,0.5254917144775391
877ac6a178073af2,0.4783712327480316
8672febe3b73171c,0.4963234066963196
02bba9385fac5f6a,0.5122889280319214
103b2c505eea3d58,0.5108710527420044
466fb90995917c53,0.4745261073112488
5816fa73a3c0355e,0.5063071250915527
3b9283d9cf71ec73,0.3991595506668091
116ad8afd274cc9c,0.47469857335090637
d631b0708bbe83ca,0.5315302610397339
bec3352377de198b,0.505419909954071
a3c7613ea4804bd2,0.5041937828063965
df796a9dda446501,0.5522662997245789
d2aa141ace13a3a9,0.4614986181259155
3cf368256f66d2c4,0.5113364458084106
ca20b15096006dbb,0.507082462310791
b874ecb7465a3e19,0.5406836271286011
e82b2237d2a729c3,0.5360040664672852
451b6b38f28c8103,0.5367542505264282
32f49f3319af480c,0.5649856328964233
98e406ec4075bac8,0.5364809632301331
75c895827e48e1ce,0.46353623270988464
0dc26185ca8ec539,0.40352126955986023
c974cba45cf38f02,0.4852456748485565
c34609075e804280,0.5370435118675232
30276c0cbf5a3703,0.5268642902374268
16b56e0980cc47e1,0.5442125797271729
f7f6d9481278ff13,0.5141358375549316
5c8ffe24f9215245,0.5356858968734741
0667c37f4ab9fcc8,0.40187615156173706
88ad18c92fac63ac,0.49019914865493774
bf48adcf4d456122,0.5265778303146362
9de11b2af11ea42d,0.4479770064353943
6da931b642620418,0.38981345295906067
5f49149e95840577,0.5135416984558105
e8abe6ba9e81a1c4,0.4400638937950134
8b19217155c70949,0.48241621255874634
e9bbf2093aa01829,0.47801291942596436
39fcd780e6b95978,0.5417965650558472
c5756c6a8e07b554,0.5029033422470093
365f9f4f227cc0f5,0.5082797408103943
fb04c1c9fc06ae2e,0.5028512477874756
e7a42706aaed2534,0.5120513439178467
df51ed21a0afd4a1,0.4821307063102722
69fc54cd02cb6698,0.5381317138671875
331175ffc8f9ebe9,0.49225619435310364
8493ffcebc94bc0c,0.5283234119415283
3d075f006f0524fd,0.5478781461715698
a423a43ee745c792,0.5311200618743896
c04d005a2d44dc5f,0.5473034381866455
3d6618c37a040c09,0.5054889917373657
337751367c034d80,0.5013774037361145
8fc64d8a03a77da5,0.5423070192337036
47085b00bd38b3d8,0.3959798812866211
05fc9b6fecbda0c4,0.5248640775680542
dd01ecd6fc0707da,0.5344900488853455
c9253bc6d3cfd99f,0.45982563495635986
55809cba0161dc1c,0.5125237703323364
ea531df949d9deec,0.5343585014343262
7676323181f6e88b,0.5259655714035034
acf291379cce246d,0.4595479369163513
6e6ef4ec2006718a,0.5231181979179382
83ebd95df4d394dc,0.5184246301651001
f60450caac887192,0.5329920649528503
2f16e40bce54eaec,0.5002423524856567
931382f09595a5fb,0.5212531089782715
1158dadad50723ce,0.4802754521369934
2eb584b62c03e740,0.5438016057014465
cb4ad502a9114e4a,0.5093265771865845
5f9e2a159b886d05,0.45855945348739624
328005b749bd5eca,0.4589806795120239
efe8de9ac0233a15,0.5249231457710266
75b5b95f434f4b50,0.48632314801216125
f5841ec581ecbfab,0.48052266240119934
caab78ae4d54ddff,0.49357128143310547
f829ba9295185eb2,0.5254287719726562
dae9d60141874ab8,0.46619319915771484
3c8d4e6e588062ce,0.5005692839622498
5c035e1aea30a1ea,0.5299698710441589
eb3e34e6c9364cac,0.5276523232460022
ed690d224600ae79,0.42161065340042114
94b07eb25e2bd300,0.518585741519928
232d7f3d1e10b57f,0.5331370234489441
0120509c65f259cc,0.515965461730957
2d5b35fba65e48a8,0.45430922508239746
714a31a65e4af0ae,0.383961021900177
1858d765674580a9,0.42873749136924744
15c33ff3dfbb4465,0.5359041690826416
43d742b40b46d689,0.5118122696876526
138daf28c300a8a2,0.45979171991348267
d131591743c95144,0.46475714445114136
71255c3e3e298113,0.45264795422554016
fa163d5cfb6490f2,0.48483869433403015
0fb507c101b79323,0.5300227403640747
c3ac5975725114ee,0.5605764389038086
d9b5c2723d844efa,0.39311763644218445
509fd1b620b0c6b7,0.4107568860054016
5f8cbf1fd7087061,0.48467954993247986
f6d89eaebcd53b13,0.5352092981338501
e839e6f0561dbda1,0.4927300214767456
babfc19f173ff3b9,0.5199681520462036
18df369f2d1f9fcb,0.5350933074951172
0901adbdf5a9dcb8,0.5249162912368774
8fa83b64e7714c78,0.5091421008110046
46e7db2189e3cce1,0.537276029586792
b2de0e7ed4b4e12d,0.5361027717590332
6e7beae1f5bc80b8,0.4213709235191345
e5fd5739fddeb007,0.5192639827728271
58e5f7fba41df452,0.4862334430217743
74c958da4963d83d,0.5479508638381958
24fb3411456dfaec,0.5232004523277283
e9592a94213442af,0.47393637895584106
811a05d4bd22d0a5,0.5127348899841309
cb55d0a57da67910,0.5355672836303711
68a7e43f9171070e,0.5160961747169495
2a5874b952979033,0.5302631258964539
f6a31245b552e7fc,0.4895903468132019
065eb2e4b04796a9,0.4797927737236023
dc547d9854863b37,0.5448086857795715
7c1643b79e0662f1,0.4650440216064453
9a49bf839b6c0cd9,0.5349345207214355
008778b16026ed24,0.5312401056289673
f4666382223f6216,0.5042517185211182
dec577e3bff2489c,0.39341288805007935
a9a4e45f59eeb61f,0.47676730155944824
1ec607caad03f0bb,0.500616192817688
0fded47d7a008291,0.5239428877830505
db02038316f2d12b,0.45851534605026245
faf36968aed407b6,0.4852254390716553
00bc19de2dbeff6f,0.3983898162841797
bd6042f7a0898767,0.5129729509353638
4dd15f801574524e,0.5446122884750366
ada47bc9ad9bbe98,0.5250564217567444
1ea455852b2ac65f,0.5330363512039185
d36fd3babb835bf9,0.5310102701187134
9c46f98e8e2a8676,0.542397141456604
75ff92e230def8f3,0.51990807056427
5403fb3a6e3250f9,0.4557317793369293
d4a80768458f338d,0.47879067063331604
bacd4536693976d5,0.5320678353309631
df6860fb2ef71492,0.535984992980957
2fd58ebc9bb6148a,0.5385648608207703
7e215a07f70f3cd7,0.4647766947746277
29512c865f2fbd54,0.5187392830848694
46300d239dc1e6ee,0.5516229867935181
4088e2d687908fe4,0.524545431137085
919f45b6ca35bd86,0.483947217464447
74ab1ad699d648f4,0.5250251293182373
1f1f1f028d53a71e,0.5399671196937561
189526c74f4defa4,0.434931218624115
6c5f0b6f8d0a4628,0.5030423402786255
d4134c693f6cc2d8,0.45588260889053345
ca6abe95449f1e6d,0.545342206954956
5886764dfa70c562,0.4729089140892029
755eac69efae3cb8,0.5002501606941223
87fbb7fefe194028,0.5312820076942444
5dc6a21e78c05b38,0.512153148651123
4d8a03042e334769,0.4592558741569519
6fe75ff4c5940800,0.45237410068511963
4f6bf564767e1cc5,0.3880511224269867
8ed2b9d6ac2b125c,0.520568311214447
b3c2a43dd0460045,0.5240992307662964
973f848356762499,0.4313644766807556
560af562aa95cc5f,0.527104377746582
868f1700e96acc87,0.4957994222640991
790d517c3bf5401f,0.532701313495636
76ad95f887c05af7,0.5277488231658936
36c6678a783880c5,0.44920557737350464
b317d13a83f1177d,0.5432512760162354
8a3f17a38b983173,0.39949119091033936
2ffd335a124f1ca4,0.47533077001571655
4a7c7a55730b18ec,0.49874913692474365
e17fe6306d467144,0.4396095275878906
ef2d0d2357dd493c,0.5255392789840698
6d6d9c44d5e8da53,0.39650988578796387
cb48683844f797a0,0.4591473639011383
1b9e5c34e98c6fbc,0.5416756868362427
48ed9ec7433abbb7,0.5325649976730347
b0c7178d340de82c,0.5302536487579346
a80173541e7f6d8b,0.5590239763259888
6d34596ca601d71d,0.5295004844665527
13cf7987d1d50af3,0.5043306350708008
6679cb43d81e4a36,0.5367313623428345
0fef50a9926d38d6,0.4184562563896179
071f3ab8156b6ccf,0.5103373527526855
33a53764cb56ec64,0.5173248648643494
edf281aed7bdba02,0.5249128341674805
99bae70ffc342bf2,0.5086240768432617
80783f8f3de1cc04,0.52126544713974
34b7ed7d13804764,0.5125817060470581
42b2cde90166fafc,0.43220993876457214
60ef4841bc1379d2,0.5253336429595947
862656123baee145,0.3872663974761963
a389c50adc039f84,0.4960314631462097
5176487570e34342,0.5347112417221069
e4b4be92672d7965,0.5089611411094666
2935b78e3d7557ce,0.4580257534980774
f41d11cba2c8cf24,0.5014436841011047
ae5f7b687fef0cf8,0.5234358310699463
05d40d654ce37cb5,0.5316646099090576
5a1b7a74c8603062,0.5090245008468628
ee95a98924dd971e,0.510370671749115
617f5a3cff57c74d,0.5357396006584167
1216ff14e9baf1cf,0.519559383392334
dd154b3a92824125,0.5285217761993408
607d56866df8b300,0.5224654674530029
b90d16481976e12b,0.5438146591186523
fea457196a356087,0.5463978052139282
2dc35e9868322430,0.5196300745010376
f41cfdf92c8dd68d,0.5124572515487671
a9c238b820d30de7,0.49431437253952026
cdd786ffd7e8761a,0.4598410129547119
6d9adc70613f7d86,0.5199921727180481
e5fe7805cc0bdab8,0.5025621652603149
e1bb0739dcee102b,0.45475172996520996
38379ad10305668a,0.5082269310951233
cf508b69828ebd3d,0.5101200938224792
56bdfbc395bf49ef,0.5225404500961304
2013e03742f02b51,0.4895823001861572
a1ff92d35a5aeb83,0.46793198585510254
975889e166adcedd,0.4981667399406433
3f1de40ea2258028,0.5202623605728149
1feeddc226791665,0.5379959344863892
0612f68d06384363,0.5138372182846069
28bcdce184b562e6,0.47056424617767334
9a397afaaff0bc95,0.5062483549118042
531d1cdb6959fbb1,0.3987139165401459
75e2e6f3ca5122d8,0.5098575353622437
caf887ed352c9e20,0.5039142370223999
36ae3fff9367e312,0.5277959108352661
707ffbe7f8872277,0.4198254346847534
83624b33c2dc397a,0.5242012739181519
288555070a8914f7,0.41816335916519165
4f3d61fd541d9c4e,0.47606006264686584
96e4adfed8a9ecbf,0.4653552770614624
ce55f5c51114b6fd,0.5468844175338745
13526b13ee0e87a6,0.5042628645896912
3a594ebad5068798,0.5402966737747192
29e104edd4307bf4,0.49621137976646423
e2ae210399f713c1,0.48986154794692993
f5eb6a043ac3e5c6,0.4722980856895447
6a8e0ac958137eb1,0.5212236642837524
51910b5dc69e2aed,0.5234752297401428
d12a8e3effed5b65,0.46147531270980835
ab835e87d0bb88e1,0.5381197929382324
a8ff5d357978bc84,0.5281999111175537
e2b157b3350f143a,0.48280537128448486
2a0f8aca18653c05,0.5108954310417175
36f60a6f3d89df4f,0.4439195990562439
1783a7c2d3f22f22,0.4107188880443573
1a41c5abf0842001,0.5379841327667236
30c585bbb6e7e6f4,0.43888401985168457
534f361d32a096ad,0.42727118730545044
13a7b3e812e1ec2a,0.5127348899841309
8b22d58b724949f3,0.5248337984085083
896aed3a0d1f7177,0.5262926816940308
6bf9f69b2af98d4c,0.5088090896606445
25c02c7a93fce734,0.4809166193008423
43074eedc3ff86e1,0.4529087245464325
e2a71798e915a5a0,0.5385266542434692
511a6fa572feb01a,0.4368762969970703
2442d75b8115967e,0.5196569561958313
5fd01468a15a29f8,0.5358851552009583
88a9db8850ae87b7,0.4872884750366211
99c9ddde377b1cd5,0.5371597409248352
fadead6e0971a20b,0.5210893154144287
c7d94523bb94ca86,0.40863341093063354
93bb94303ecb8c52,0.5157617330551147
c7db94fc60d3b100,0.5297048687934875
f059a9675497de62,0.5275605916976929
9b83e7f215497e1d,0.5056189894676208
01c3b906a4b5d35b,0.48487722873687744
72333fd075c86750,0.5249125957489014
5bc81784a4e8f8f1,0.40799129009246826
c7c3f5a64352a039,0.5333095192909241
d9db38efff1798db,0.5468239784240723
0bc93b1ac7c1c0e9,0.4894886612892151
43f32b89a00872ad,0.5157217979431152
12f5d3bd5ef45caf,0.5142872333526611
8bb13f05af06163b,0.5217158794403076
cb7d65b5146926f0,0.544086217880249
d5c60c256ecce971,0.5663774013519287
7762fa3e54c971c8,0.4875502586364746
13b7b4c4de42cbee,0.4648604989051819
fd86596e4edd98e8,0.5164629220962524
f44dce121a67badd,0.4735415577888489
8a746ff087f90799,0.5010488033294678
6fcd383647050ad0,0.500560998916626
2b1263b1879ad63f,0.48738813400268555
e10f2d73d08875d9,0.5223891735076904
c686975e3fd51ed9,0.5585181713104248
95ea3441c3a4eb45,0.5218261480331421
7255a8e927aa07d4,0.5198415517807007
7457621fd44b95a2,0.5021033883094788
4fe104710821dfc2,0.5273940563201904
b9cb7196f706305a,0.38911882042884827
febefef9f51dd1de,0.5359704494476318
6cc1e2b28372abac,0.5061770677566528
baca3180eed6cfa2,0.50670325756073
72bc50a8997b7698,0.5267624855041504
126fec617d340cc8,0.5249248147010803
59ddb8105629f819,0.5189016461372375
21a3985f4257ee51,0.48603981733322144
8a78902827e14d08,0.5086103677749634
e88d698f808f7cca,0.5432892441749573
4589ef2d8d766b19,0.5307048559188843
211a19be9a3ea54d,0.5014775991439819
498a8910d0e2f134,0.5362365245819092
44c11379c203fd57,0.49414336681365967
07fd25eaeae36512,0.5443325042724609
2ff8ceedeedd3824,0.48112621903419495
f6fb9b8b338264c7,0.5207778215408325
fb59711fb5a8718b,0.5055743455886841
9462f2710a5d38c6,0.5675010681152344
a9ad011c994e707e,0.5204775333404541
15cc7d7e6c4679a4,0.5292093753814697
e7c1bf4d6e2c8839,0.39967429637908936
dcaf39bd9199e9e4,0.4554702639579773
27268efc656eea1f,0.491567999124527
d2df494b1bb138e8,0.42975088953971863
dd2182756abcb890,0.4944017827510834
73c3fc4b201ac671,0.5057644844055176
04b083e6d899a48c,0.5372510552406311
cd7bd704c8a8d756,0.5273358821868896
e46757887a3872dd,0.49607184529304504
5fef94dd6718c2d7,0.5430207252502441
ee8cbf62811ea3cc,0.4992001950740814
2b6e9da57044e8fb,0.4938299357891083
9a4b1fec244c7522,0.48929524421691895
7b67c7f2a42b0c8b,0.3938538432121277
b6660937a55ac6c4,0.46455225348472595
86501cb2bc230c01,0.5192767977714539
91b802682e1c478c,0.5090658664703369
d515c771d9015fcf,0.5207096934318542
feb158946a20f39e,0.528407633304596
f504515b69fd28b5,0.5088669061660767
1071e905482a8de6,0.5003700256347656
53283d0fb085283e,0.491769015789032
7c983ec3c38ff40d,0.5245938301086426
b14473a9675ab67b,0.5320477485656738
480b1170b200e6e9,0.49580684304237366
8e23dbc7578601c3,0.4865243136882782
a448da751ba10f34,0.5260070562362671
11109a7ac5a8ab66,0.4741249084472656
18b8b8237a40b571,0.41277480125427246
ceaa86dd343b53b1,0.5453032851219177
e3f110a793b686cb,0.4495111107826233
8700228c73690da1,0.5030170679092407
b992a4940b4d2316,0.5259144902229309
1eb703cf1da999b0,0.5239429473876953
94d9d9bf5a01548b,0.46653318405151367
fe38f9a6d17d357a,0.5180295705795288
f9931ae16cc06e97,0.504387617111206
999db9dcf21e3cf6,0.554025411605835
ab6a5cf251761765,0.500633955001831
3c51d8e1884f1b0b,0.4680980145931244
f75cf465638643cb,0.5240921378135681
ef25e64358a6ee0d,0.5472358465194702
224e510b845464b9,0.5290690660476685
ed8918412fe5f3e1,0.4012090265750885
74ef9f77f9cf3b55,0.5028776526451111
526b3f00adc17a4e,0.44884157180786133
dcd026b8511bcaa8,0.5384683609008789
2632cb6faa9b62f7,0.5206115245819092
36cff3be991dbf30,0.40705204010009766
707046e14216cc34,0.5269200205802917
a00f641811ce09a6,0.5250212550163269
bad8bd7ab1105c58,0.519403338432312
cfb1496c62ad2118,0.4821441173553467
a986fa7efbb66b60,0.5405972003936768
f4e2d099a172d0c4,0.4029301404953003
2376bc19389f155a,0.4540700316429138
2720e9a224843b40,0.5201576948165894
e09bb30da1339beb,0.5095272660255432
098846c9a5a29e87,0.508569598197937
6d19f6212836ee0c,0.44063615798950195
5215310fbc4205af,0.45816051959991455
ce98b7d57b8d2656,0.5181105136871338
0296f437067ec3e9,0.5142190456390381
a8f18a3afc1ed0ab,0.5136487483978271
25ab5e04285c4b59,0.4269007444381714
8a6649fbe2eea04b,0.5556079149246216
24232939e28c3c3f,0.5324817895889282
25bf721c3f6863cd,0.5073138475418091
2d8e9023cb3e2cc7,0.4879366159439087
bebe5ae12050aed7,0.47381192445755005
d1c72171e67b6113,0.4546539783477783
cc52dca283a08c20,0.5343098044395447
95679c389d747d34,0.5373215675354004
052d74a9bd39df8c,0.5339868068695068
73ec14adc206739a,0.5296339988708496
9431d82b6ad8904e,0.5296658277511597
87edf0ecf5025c12,0.4995393455028534
34ff533a20be4d77,0.5143125057220459
0d63bfb12e086509,0.5224502086639404
5ee0d71885c1aa36,0.408507764339447
1c2433f7b5914ce8,0.5234615802764893
079eeccd56b7ed88,0.5180919170379639
12b5061f5d6b7943,0.4534519612789154
ad55bd0e5d566bb3,0.5021304488182068
2569b58a4688de46,0.45249760150909424
27ddedb3d8daa770,0.46713149547576904
63e10d48f8c7c07a,0.5089619159698486
5c53707c5ac630a5,0.4668290615081787
9b3606027b7542cc,0.5150871872901917
0b2f32c22668b329,0.40096515417099
2f5db0bd6fd5bf84,0.4778641164302826
787b2ce2e4c39ea6,0.5025101900100708
161386f2edce7baa,0.4648577570915222
4fd9ae3eaf9af402,0.4654679298400879
d9398ad8506b8ec5,0.5482250452041626
46dcfeb6278b0367,0.4866410493850708
f94f9ebc6dca42fb,0.5235277414321899
6330cbecc75fa31e,0.5351027846336365
8ca65d2da5cfd396,0.4896480143070221
c9f485a506c4b1d9,0.5429685115814209
461e834630c02868,0.5054412484169006
8ffd2d3ac37b844d,0.4828691780567169
69767912bd067c20,0.4395577013492584
d439755fa935cf32,0.4092206656932831
64c81f573beee85e,0.51316899061203
056c10c1bba5d94b,0.5132546424865723
d8b889cac1416f96,0.5374116897583008
7f27d3b4a926b40c,0.49849042296409607
a403b258abc8fab0,0.5410077571868896
c439f169ad2c6d25,0.5399529933929443
b1195515bf7488d9,0.5393679738044739
bed7907419aea114,0.5042215585708618
bdbc99a2a3871763,0.511939525604248
4d176a543c650a6f,0.517950177192688
d72b84d77040c373,0.5287169218063354
6adeb4d3f8e62361,0.5352369546890259
673d42b2a0bcd75a,0.5196528434753418
9f57fcb7a1475b51,0.49943971633911133
764ffb39debd8476,0.5150040984153748
4669aad99f10dc53,0.5290247797966003
46ad4e7d93e262f4,0.3924039602279663
2e8baa7320dfbfb2,0.5318155288696289
8d5bb78c9dc3cfcd,0.43343979120254517
25e35973f73ea1e2,0.510997474193573
44eb5e246952b792,0.483523428440094
139985296c7e2328,0.5362140536308289
7309ce98b334bc0f,0.5238478183746338
8598466d0827fba6,0.5553992390632629
31c856c2954644af,0.4930369257926941
34969ce89b096410,0.5282366275787354
5cfaa8d476fcb076,0.5057360529899597
515bb9f89a48f3b7,0.5056426525115967
a2cc994e400210df,0.4824802279472351
8c9f8ba629a4f896,0.5381910800933838
f601106873038342,0.5249245166778564
df4c7e08b80a2337,0.493836909532547
c6056e7980e9710f,0.5748007893562317
b44796e86db01e72,0.46025392413139343
da422d65bd37e62e,0.4726894497871399
657bdf3ecda10a26,0.43337714672088623
13f76eb96de0cf96,0.498116135597229
601a9f6f8741cd95,0.4946698248386383
7ff0f48b87a20851,0.4999206066131592
93d8257486db118e,0.4940727949142456
56fa651ed48c9b97,0.5139409303665161
5f4a89e4dfa30ba4,0.5473240613937378
f6666419dd22c000,0.513646125793457
44920ffad920ab0b,0.5250381827354431
e66c1722c8fe0803,0.5505976676940918
dd4414f85c9b41f3,0.5256437063217163
d56bf616d27cdd80,0.5045403242111206
5833b18d6ffd581a,0.5081230998039246
fe54155d4f3c2d80,0.5292572975158691
0f3f36e1d1b3bbea,0.502331554889679
62ccdb6dd58a26a8,0.5144691467285156
83b76c4897f7c589,0.4606025815010071
f8a23fa411f5ff14,0.3802069425582886
ca7b5e30cca2bcd7,0.40072962641716003
a4080f46f2f06506,0.5305659770965576
264ad4b49cea5052,0.49823644757270813
81891cde87bac634,0.4402611255645752
1681a24264e2e74c,0.5345131754875183
3d269b99f04ea5bc,0.49669766426086426
df8fac29c430150f,0.48337575793266296
64188146c2bf7f51,0.4111356735229492
24fc98e38c824eaa,0.5328642725944519
071c339c6a092bc7,0.5121711492538452
e4a096ee37e5b61b,0.5251482725143433
4a786cbfbce7c7b8,0.5309187173843384
6510b6f5b275ce5f,0.5018834471702576
e9fb253284315ce4,0.4302244186401367
98d0a8aade1d13e2,0.4990907907485962
896c306721a94016,0.5117675065994263
0886da6ade64b747,0.5289903879165649
f31297552d6b5109,0.4832710027694702
444079e82db1d948,0.5391439199447632
ee747536511d1fbf,0.5365396738052368
aa4900d424687f1e,0.4919356107711792
f554766a0dd17e5b,0.4985085427761078
fc50a39aa00a0f35,0.5014066696166992
a12e9dfca54babd8,0.5148400068283081
b99beb94857386ab,0.5246483087539673
f064f3a0df87f78d,0.4585877060890198
e399a30beffe3d24,0.5149487257003784
a335450cec2f1533,0.4738282561302185
2cfc84a1fe57da90,0.5458338260650635
2d07bf272765477d,0.4690435528755188
c4908f77776b2e36,0.5132391452789307
385307da2ca52ad3,0.49881988763809204
da84296719247ead,0.544121265411377
feb17ec29c7360cb,0.49659550189971924
2771999a2b36d5d1,0.5090445280075073
c1d9b25b526317d2,0.5093730092048645
0d2660235245aa77,0.5367403030395508
4af6e428f0846300,0.5471835136413574
645418c02f1efe7d,0.5049035549163818
4d1b49f455fb8653,0.5019943714141846
f3dc697cf5fac97f,0.43488919734954834
5652de4e6904338a,0.5120205879211426
08bb2933f2df984b,0.49863868951797485
004dc0385decf9ee,0.5141881704330444
432696a03c31a26a,0.5057697296142578
8e7f3aefff2a2a4e,0.535888671875
f7fc323b2e978de0,0.5183248519897461
dbd4111c9d6455cb,0.4084148406982422
11d967cbb3ed1c80,0.5255932807922363
1d8ab11c13e29d95,0.4122983515262604
6c5ae337198bcea3,0.5228142738342285
f35f7564428244a6,0.4750407934188843
1960e6171c2f8818,0.5218786597251892
94fdbae7ae79839e,0.5084391832351685
72d20589083b2cfc,0.5410274267196655
89eec48cbc3323e0,0.48430684208869934
0d9ca284917d3910,0.4946671426296234
0a5b1536d26e6cc6,0.438473105430603
caaa3f3ee254378d,0.48306578397750854
fa1817bd6fea8ee2,0.5217407941818237
610929f15aeb6504,0.5362743139266968
0e687238447d3039,0.5168977379798889
26621e68c5858267,0.5074471831321716
74069f4ad97d0f8b,0.5216929316520691
236ee89f61d5cfd5,0.5103806257247925
de4ee2085dc0f01e,0.5085666179656982
769e3486cffd8c55,0.46730661392211914
81f5c30440c57511,0.5138384103775024
0143f8e33182b4ef,0.47817277908325195
34d5ce96ef2a3c5a,0.5216456055641174
eedc9779eac2bfa0,0.49151504039764404
5f0037419152ec86,0.5089413523674011
95d0490cab5cd5a6,0.5021524429321289
b7af20be4e5c743b,0.48143333196640015
545b9808fcdd7370,0.4374869465827942
b6e8c7248ccb0ea1,0.5341389179229736
e2bc489e7d15555a,0.5416771173477173
24c2db7ff48d7a04,0.5180320143699646
5cd1a439fe09e31c,0.5293034911155701
f2d6b9db9245a84b,0.5001682043075562
aaedc7ef87c784c6,0.47629570960998535
d074e81304ddcce1,0.523112416267395
1d185fd71daffdc2,0.5149471759796143
4ad3b91be2df7079,0.4650421738624573
69da0ad1e581db87,0.5531049966812134
be8f61a002c61706,0.4365878701210022
67c3c2b4ba2da939,0.40080028772354126
6e81850abe98e874,0.5138342380523682
3ce740a3912027ea,0.3971558213233948
284c21941e181e61,0.5624418258666992
c641511934ee7e85,0.39683958888053894
363df04d26e08fed,0.5220568180084229
49acfa864187b371,0.504641056060791
589433faced96095,0.5396446585655212
7423516da947e9af,0.5467938184738159
d8ffe16db2c50bb2,0.4633236527442932
ab40d985779fbef0,0.5331668257713318
9d59377fa5f709d6,0.48994141817092896
89fbf1e6a85a69c7,0.5048876404762268
b44768d2a34e7bd4,0.48854583501815796
c7e583d8e73a15d8,0.5106779336929321
a7ca8fc4f3bcd7b0,0.5690211057662964
8c2f0d90ac303be1,0.5262787342071533
6c029e4820d6effd,0.52463698387146
faec772c3c3691f7,0.4203605651855469
61d59e457d271815,0.5145711898803711
46b11374de78807b,0.553565502166748
1ba742d896b45db6,0.4638162851333618
1a718fe71427f76f,0.394275426864624
4f90e795e9e11041,0.5207160115242004
43c3f13ebbd8aeb3,0.49265944957733154
7dddf3551bcd72b8,0.5104814767837524
4be457306e626408,0.5499905347824097
138ad066cf5a0b4c,0.5387675762176514
ef8de210c8641f7b,0.5067106485366821
cca2c7af70410a12,0.5130364894866943
0767aa3f7018bba7,0.4250573217868805
38504fd888a2b7ee,0.5364665985107422
016de03759ae6a49,0.5146607160568237
5a1227cfc53ddc6a,0.5163148641586304
0291f2bea62e83c7,0.5087692737579346
f8c964ca549b2fc6,0.5098153352737427
bfea101f5d219a90,0.4008258581161499
3c1d214e468a366f,0.5134819746017456
125db5bd09dd1659,0.5455653667449951
b86d212a8d70c4ab,0.5075703859329224
f86c19474dd399b6,0.43375900387763977
4b9b0e47494ab82b,0.4400729238986969
af6cbadec5194c9c,0.5340241193771362
2033fda947d281bc,0.5382363796234131
28140ee2927a05d2,0.4699397683143616
777637000cbd4ec4,0.49750226736068726
eaa1b9be1ac2184b,0.5143808722496033
bdaaba2cf66335ab,0.4870004951953888
bfa80988d61f377d,0.5042973160743713
d88915c575cfd396,0.5452123880386353
1ed3ef4819a58665,0.5259404182434082
a7424904f279c2a9,0.5165696740150452
5d9a853fe7073a63,0.4957171678543091
ebf43a4d2b267dd0,0.4892277121543884
04b0ac4a0d7a38d5,0.5129603147506714
0c62a1153615e6d3,0.4866652488708496
fe17a2c4bae84757,0.47210097312927246
e59c53dcb7fbeb78,0.4750513434410095
08aa6353add5166d,0.48552405834198
0aaa6e0c5965fd28,0.48613929748535156
51b99e1029541670,0.5101085901260376
4701e9d0a39894c3,0.5148006081581116
43cbf4d0fdf59c4f,0.5136377811431885
672472d34d5ee401,0.5356398820877075
0a8ccd259c9a4fee,0.4780222177505493
b895a20378888fd9,0.5290123820304871
3bae533e5870d38a,0.4989474415779114
653c746171b5cecb,0.5157972574234009
781b310c65c32296,0.5197874307632446
db684dd59f6b153c,0.40501415729522705
4dea7bd799ee049a,0.5240285992622375
b7dd01bf7d123c86,0.5095085501670837
536316aa13a9e0f4,0.4671652317047119
3075c31d339111bc,0.5374045968055725
f778a991334024d0,0.408447265625
8a54167d68b6e72a,0.4438411295413971
747ec1b82dbfe8db,0.511935830116272
4303c6b22669017e,0.4939512014389038
0c937410773563a2,0.46134936809539795
74d1f20bc58de296,0.5276926755905151
d186c6d998e7800e,0.5202091932296753
fc7885bc6aaa3523,0.5123244524002075
bd44392eafd4ffc5,0.5229964256286621
0cd4f5fe8f06389b,0.44565296173095703
b6e92bc808ea0d83,0.4705343246459961
63d0070e6f206764,0.5344997644424438
b7dc8a8fd4629869,0.5152229070663452
d24b21aba5f5b7b6,0.4678625464439392
66595126db80ead2,0.5111586451530457
d7197bed7e9bcb0b,0.5340440273284912
a6d37c87722dea94,0.5354121923446655
d2c153379c27c1e6,0.5279794931411743
b981bf175441e8ca,0.5095728039741516
7978aca155a5130d,0.5438663959503174
6fce76401b2606bd,0.3961445689201355
ff698484d45b1d77,0.5421833992004395
215ae9cbc0893c3e,0.4741237163543701
7c51b5c69fc81d3c,0.5220820903778076
f3a30f5c50d07e98,0.4921761751174927
332703bcb6367263,0.4959607422351837
0471de8014576217,0.5135536193847656
9f11eb727e309909,0.5260007381439209
9c00f3bb92ca6a6a,0.49854713678359985
f7de52d367b18f07,0.46493691205978394
98af4b647141782e,0.5361200571060181
3eeb6a3b2a4bce9d,0.4879138469696045
c3a113fc7598d96f,0.5180347561836243
a129ad57d65e97d7,0.5297523736953735
61ecaa4a2c3c4681,0.4675242304801941
90acf28239dcc543,0.5267084240913391
4080813486c51a08,0.4753478765487671
b8a9e6cb59b98015,0.42133229970932007
d34dc5188f7c46e8,0.5363469123840332
3585ee20107648df,0.5368689894676208
4e51e4fa66cfabe9,0.5204492807388306
ec7f5b46c790a6ea,0.4937230944633484
736f2f488c93b46a,0.5337792634963989
2c280dbe69229b66,0.535747230052948
14c2f5136d360c31,0.5087579488754272
be9c800548d3d614,0.5157217383384705
654484bc2b278ab6,0.5291811227798462
fb2a7b55d37a7d58,0.4987011253833771
8897f855aa362036,0.49627557396888733
027d44525613af8d,0.4713338613510132
bc846556d4440ecf,0.4849920868873596
c1da573a76bfbee3,0.3957938849925995
927b950967181985,0.5246158838272095
c776d78dc7a8cc12,0.4893510937690735
ebbe02266704e27a,0.48882004618644714
067179cbfb1fc8c4,0.5005505084991455
ce45f5dbfbc2c4d8,0.5262421369552612
36892b9e19da4cd1,0.39463895559310913
10f555fda0400394,0.5369223356246948
81ba7512ff48216d,0.49002325534820557
d8db435b83e47ff9,0.5044564604759216
169b05c6baa53cb3,0.5229498147964478
2f7185da4d173855,0.4060273766517639
df96f1e4e53e73f7,0.5244542360305786
c780521dbea27dfd,0.5141633749008179
8d06e96b7ef9361d,0.4705132246017456
bb9d70fe315a79cd,0.5138984322547913
e05e7a0a8cc34771,0.5296745300292969
a5ab3e92c43eeb10,0.5155565142631531
7f47b27042c24638,0.496593177318573
5f78d45bab0dbae5,0.5313742160797119
8a0e2bb8acfb811b,0.4936513900756836
cfdd3cf679a88770,0.5069606304168701
0bdc49240dc3b245,0.45446497201919556
d032d45594a64079,0.4984918236732483
720de730e35037e0,0.5122390389442444
ea631940f752ff41,0.5215197801589966
653deb76aa629f52,0.43840306997299194
07bdb59e1a65b2bf,0.4873906672000885
c9ef56c8e76fabab,0.5156375169754028
05557a848e18a407,0.5035545825958252
ec3aa22a7654a3ac,0.4924328327178955
9afaed54a2112fe4,0.4897776246070862
c0174eb279e9d40e,0.42110079526901245
a7eae258140f20ef,0.5106824636459351
0328f9b96e7a4c22,0.49638333916664124
8ffdfa6aca161714,0.4022688865661621
80308e4e78ff198e,0.5431365966796875
6e4b9b5835e987d4,0.5109937191009521
a1c82cd60c980974,0.4416668713092804
7aa3bb57145d0c26,0.40588533878326416
54ca4a6d7f0e8cc3,0.5240082740783691
a3d73595ffea27e6,0.5252077579498291
ffc1e7687da886ee,0.49412399530410767
5e0ea9415e7b6b15,0.47727006673812866
425261b04e750e84,0.4904429316520691
dc7e656d76da56d3,0.48601943254470825
151422c16c4640bd,0.5255199074745178
144330ffbef06174,0.5186529159545898
b3e542463c6835dc,0.5177911520004272
ae6f443c903409ec,0.5066130757331848
43f5ae2cc983dd78,0.5259265899658203
023c9b7bc1536127,0.5415787696838379
8b08d32ebc436c87,0.5163412094116211
3342a704da13e117,0.4574769139289856
aa6091c9a967c95f,0.5782513618469238
f858f328736f6f97,0.5170981884002686
d32a7e3a27a0ef4b,0.5328516960144043
39f6cd0cc2742c0c,0.5075433254241943
674018b2864a2aca,0.512056291103363
a075fc2fc6839ce3,0.46962469816207886
d7cba651a37c6de6,0.5079994201660156
d0a8d70f9e1e74cb,0.5338037014007568
db939aed7c0de754,0.4959031641483307
18c9e2668b37a9b6,0.5135953426361084
ef4d4208672fc593,0.5352166295051575
8d281e7f23cf19ea,0.46714845299720764
b48f732c8281929f,0.5026254653930664
333459a35bc75e5d,0.535658061504364
7130bff34db6fe9b,0.4706963896751404
690ef267ae5a1e71,0.5355923771858215
373f7947afa3d70e,0.526045024394989
ff8f5a68e9f64010,0.5360544919967651
c2a893f5b5adddc5,0.5147733092308044
9861f6bcdfe04071,0.522314727306366
c3da8847b15e5e95,0.46344679594039917
22c9f5727d814161,0.4940366744995117
095d53182a6d3bd6,0.5275592803955078
61e4820865a7ba77,0.49707913398742676
2688f2a63003cdc7,0.5210241079330444
e7bbef317019cb6f,0.5143564343452454
985887e209ead10c,0.49245285987854004
53beb4042af28bc4,0.5374763607978821
bd113e32d47666b7,0.47350236773490906
e5d98b79647ff040,0.5101994276046753
79c2e44f2c38ab0b,0.5051060914993286
971500df91cd3623,0.44822919368743896
b943784a2c931578,0.5148656368255615
eea4d97f0eaa7ef9,0.42189672589302063
809ca479a65ab0e1,0.48021870851516724
f5f1cc70c16fecf1,0.45235389471054077
0b3bb9d01f32960d,0.48806536197662354
34db64dbf6e6e90b,0.5165704488754272
cd2100171eaf57c2,0.5148256421089172
e53eeb7541c61916,0.5324652194976807
82d65e99a93b321a,0.5107902884483337
73e466e646f000dd,0.5196716785430908
acc0e1b3368c8b0e,0.4974435567855835
eacfa2901fc7dbe8,0.49072736501693726
bffa01c5103fe5af,0.49948757886886597
f5d33229750e0b3e,0.5520113706588745
cdc28d9a00b85890,0.5299104452133179
ab318f4642c0985f,0.4081961512565613
42fa8818fc2cb9ec,0.5762709379196167
0d14fd2403641597,0.4981105923652649
e665cefe88d916f7,0.4879438281059265
8f5797ca32cd2479,0.5370393991470337
04ef3742b6cc5c24,0.5085296630859375
77cc636f49563ba2,0.4897657036781311
615ddc287d1e03dd,0.5102807879447937
078a413a3bf9c9cc,0.49880972504615784
d45aecd6ff5c953b,0.5195337533950806
45008c7caf1fca47,0.5150198936462402
1cb4482bab8c903e,0.4807308316230774
41a881fe142e4f19,0.5211007595062256
f8e0d8e98748fbcb,0.52195805311203
e2bfd7e8b4236626,0.5290969610214233
f06a45e98eb360aa,0.4209730625152588
47c8af1d3bb00c51,0.5247145891189575
f36f308326f2141f,0.5153529047966003
e20eac12c7eeee1e,0.4659793972969055
8ff05b103383458a,0.5014212131500244
8c9510f86050405b,0.49565017223358154
e49882c91e4fcbba,0.49841946363449097
a8150e548fa2a4b7,0.5412905812263489
693130137ff2b6df,0.4928203821182251
a525415fed8d945c,0.476872056722641
cf32048a23a597b2,0.5299403667449951
d42687d11d92f1f4,0.5283350944519043
84c167c3751614ea,0.5152509212493896
407f06b01c93e9ce,0.4054405987262726
51e9af55b2f6644a,0.5190057754516602
a410743c5dbdf932,0.5100514888763428
6f13f7fc53ecf770,0.5251978635787964
ff603daf2853ff54,0.48529937863349915
2f9389394db73bcb,0.5297739505767822
b2a1bfb60f69dbcb,0.5175249576568604
ca289473d06efa08,0.40727126598358154
f1b06644d6367526,0.4915538430213928
9aaca3a1afd379fa,0.5021511912345886
3357101f492ac180,0.5000578761100769
ab86e0ff1577e0e8,0.45757347345352173
ab6e0b658500e38e,0.4930093586444855
a0e9cf1b94441f51,0.4669531583786011
ad88885a7a6cda34,0.3953936994075775
45e70b0dbe94529e,0.5231615304946899
42b22366f16353be,0.5149160027503967
14173b98c91a929a,0.49897050857543945
6701769e3cd1c0c2,0.5268145799636841
8acf77d41da59a59,0.4725000262260437
40cdbf4b8a5f8161,0.5239380598068237
bc542cb263cafcdd,0.5371192693710327
6e0f379e5051bda3,0.5302135944366455
5284bb43ac5f2002,0.41291844844818115
9648671d64e79c1e,0.5049313306808472
bd9e1d9bacc5a29c,0.5363860130310059
395f175e001b133b,0.48077693581581116
8ba5c45db84c5f97,0.5094795227050781
0668db24f7f1e6d9,0.5268920063972473
74cc74d8a9f75efe,0.4586832523345947
1750dd2d0d70810a,0.5500549077987671
2fb095742e0e576c,0.5199727416038513
0ee9b70b2c94ae93,0.5008857846260071
d938f017a886b0f1,0.5019708871841431
df8da6a6439e2c59,0.5416074991226196
4cee6e42efd4cd89,0.4907386898994446
c9c3d5ad52e71910,0.4627349376678467
f267419d93a73b26,0.5130436420440674
92a7a8b08fd4aacf,0.5180487632751465
e60a3b011cae0fd5,0.5364183187484741
96edac2daf821902,0.5053433775901794
b3b32d73625f7102,0.48581165075302124
e6e37e0d0277cf4b,0.5060337781906128
a34c9a6a23ea585d,0.4921538829803467
dbbcfbab5520e4cb,0.4056738018989563
9ba0b54fb6487918,0.44596242904663086
36c321df3afe948b,0.5248830318450928
c42192e4a85edfee,0.5141500234603882
4678e8db86f93995,0.5280075073242188
54e019ac7b9cf5ef,0.5427595376968384
c1dafb9257667d8e,0.5121477842330933
9375f251a4be2dc6,0.507657527923584
aa056587cd5d8e7a,0.48705583810806274
635baeafe3ff4f5a,0.4195321798324585
1c5fee56d991ec09,0.5236953496932983
3e362d77f50b95ec,0.48363038897514343
ebf2103a7cb44368,0.5316542983055115
f1f18fe3d14738b3,0.4736485779285431
a4bc0b71953b362b,0.4869745969772339
a3507f2199d76aa6,0.4820205867290497
1680c93ed016c8f8,0.5202784538269043
2550b22dcf0deaa2,0.5364596843719482
c3b255cca4c2ca6a,0.3924363851547241
56132825355df10e,0.5004838705062866
a5006ca495896d9f,0.5135492086410522
36c005527cd65397,0.4507942199707031
e38d696d2efadc66,0.5365563631057739
35ca89e5b619d270,0.5296409130096436
b048eb82993915c2,0.48480749130249023
b5f7131469d815c0,0.5156641602516174
4d0182c76290718a,0.4921014904975891
3bd4f39d733e8513,0.4001820683479309
56617257ff196887,0.5216333270072937
a9b2a335bb9c519b,0.4978218674659729
82f33d2593f4e132,0.5259221196174622
3704ed39fc140e40,0.49464619159698486
bbee39addaf6015e,0.5366895198822021
d5ff6549b6ce456f,0.5408602356910706
b5f9ba4243582481,0.5421004295349121
ad7549fc988579f2,0.41092145442962646
f70ac27536059f31,0.5227388143539429
a573b147ac2a5a81,0.4994279146194458
b82ea5618439b564,0.4623834490776062
eb68b0fe343c94ee,0.40972939133644104
0f2d3625a13a1439,0.52806556224823
66e49c3fe07402fa,0.5011112093925476
a669100250eff16b,0.4017123878002167
9cf9004a7ba79167,0.511155366897583
68a6bcbe71110ed8,0.5192753672599792
de82f752170c81db,0.5230634212493896
de831cfede0246d8,0.49328428506851196
61cbeee4411739db,0.4655865728855133
777d995cec34b2c0,0.4752720594406128
3fc3e0cda687699b,0.518248438835144
c8e9250615c3c510,0.4738839268684387
ebc7464a5795b7cf,0.47794029116630554
5dc6dd56a3e6caba,0.5187880396842957
e2cbcde95a714c91,0.4991302490234375
0a1a6ecd03d783c1,0.5432078242301941
1e13f1c0f81e9e8c,0.4861968755722046
a5cc0c84c5e30c2c,0.44544708728790283
4ec0bd28238db630,0.5146071314811707
05ab01df30e90bb7,0.48515811562538147
ed7b4ac769671898,0.5305627584457397
9401c11f1c5d06f5,0.5112850666046143
e8e07bfebbc7c1b0,0.5031030178070068
4b2280b8d33c5a55,0.48038235306739807
4ae19f9eb59668c4,0.4919295310974121
c86663b2622757c5,0.5213548541069031
cd1dc50054856970,0.47922655940055847
e1823a1c4530484e,0.5204823613166809
449f50daf5d37449,0.5385761260986328
05c31c702fde6be9,0.47157207131385803
2082da877f7f9575,0.5452395081520081
897ebd0a4000c340,0.5203012228012085
2d98d080f7a8c70a,0.48457664251327515
e0baeac19e3777e6,0.5141973495483398
ad5ea55d7ae7ec16,0.5370964407920837
01aef51c1a8a22f6,0.5286509990692139
e545f46a2d5fcaf2,0.4813670516014099
0a3a6528a6edc469,0.5251602530479431
4dab9d5883daca7d,0.49730217456817627
14091b3548eac3c1,0.37813302874565125
b7f63b5f7fc57496,0.40925759077072144
c5df0dfe479c1096,0.4812552332878113
6c7655d05e7e3da1,0.511863112449646
56f97f4aa731cddb,0.5049603581428528
75b0bbe91950a0e4,0.4879958927631378
73869d2269ff5206,0.4971361756324768
59bcf17a2367e62b,0.4823029041290283
9bd8fc9d5e76ada0,0.5154996514320374
d89bf1a227bcc9e9,0.5066816210746765
8b47f6784270c7d3,0.5290358066558838
d854328d83ef7866,0.5137251615524292
c4ce556b2300aa19,0.4764695465564728
4f424a2a45922a6a,0.548303484916687
b2737b2cbc5f4340,0.5191298127174377
0b354ece9d831ccb,0.3933744430541992
f50c80b7bda825ed,0.43684685230255127
b01cb762b374cb6e,0.5354703068733215
cd28678613f7f8b8,0.5253363847732544
80ab5c97e2b6189a,0.5350885391235352
6ef5de5695d86983,0.520706295967102
19726e1301a4b415,0.5287255048751831
c60a4be401f7bfa4,0.5101015567779541
e49c252f47649776,0.5497550964355469
aa5f7050ed2ff960,0.3961551785469055
26acca0f812360e1,0.5037549734115601
68b01ac2614759cb,0.5317914485931396
c34f212218c3e278,0.390436589717865
93d587d765518308,0.48805350065231323
02a78a19954dff32,0.5049107074737549
81fce10373f829fb,0.5191547870635986
84efc41729b2587d,0.5241490602493286
9ba7c7b043a4ca1f,0.4964732527732849
4fef8cae4d146272,0.49299031496047974
53563cb07e24ca0b,0.4232357144355774
d2d06025f543d9bc,0.4610779583454132
1f2234a4500119c5,0.49749457836151123
5bf2b06fa3965b89,0.501923143863678
7389c7c714aebf88,0.5086904168128967
1787c06017b68abb,0.5039651989936829
3c202be459a8149b,0.4560422897338867
09bebfb606210c7e,0.48677223920822144
dde993a7bcfa4c76,0.5270134210586548
09e16a0e6ca8a84f,0.4310697019100189
7a794c79a5066c61,0.5370994210243225
a60e4191b4a0cc5d,0.5066893100738525
8f2c7395d1478e1d,0.5250140428543091
a3d3c62a91195a10,0.5236360430717468
12ea53734f5abbaf,0.5063343048095703
6fe612f73a5bbacc,0.48159560561180115
71e3a202cac74a2e,0.5226613879203796
494276f44d211454,0.5033089518547058
6deeecb9b04067a2,0.5233830213546753
13b897ac2ce43624,0.5428757667541504
4d6d7c0ca465ed0f,0.4956591725349426
58da3579efb53ade,0.49282777309417725
6ccb9f08e5afb253,0.5331412553787231
9c339bc21bb6d85d,0.46326255798339844
ca3574a9a40ecb76,0.48842790722846985
81936e7f8146d5a5,0.5310448408126831
f023563d8097ea51,0.5357986688613892
ba3f440cad0486ce,0.5076427459716797
0bd6fc12bb8cdd07,0.5040361881256104
d4ee37271c9b45e2,0.5510851144790649
4a8c1b2e7a8e2a2e,0.4676249325275421
a7ad53f1a80724fa,0.5261863470077515
092fe07c5de9062e,0.4780868887901306
4460b40a959f687c,0.5264767408370972
9d230b812a6a047a,0.4924606382846832
3bdafbbd766b3e5e,0.5294923782348633
f01bcea16f47c499,0.5204882025718689
16f0ae39111c4c9e,0.5013552904129028
c630add64c1de579,0.47481995820999146
a9a36d4d93242a0d,0.5538646578788757
68dd74a44813e59f,0.39916762709617615
daad78b13f1e77ff,0.43880361318588257
496f4f4412eebfaf,0.4972209930419922
d2401b832b2ba57a,0.5144137740135193
2281d6e94a5e93a1,0.49067747592926025
49ce4699626db01a,0.5084853172302246
f358c663ec900849,0.5133722424507141
afab470accf6953d,0.5337688326835632
361b93054ad38043,0.4533627927303314
ba0c04d89f3db0da,0.5602048635482788
792897df3efdf41e,0.5343917608261108
c381802c3c86f572,0.5136600732803345
8d9f33e02e5b4d9d,0.4997498095035553
a1e18466c0fec328,0.5491747260093689
0ba2101327649ae4,0.5326564311981201
94ec77c2f876c55c,0.5066693425178528
2ddbc7c0a611fab0,0.49398815631866455
051571bbf4abe39a,0.47027742862701416
cdf422c2c6ec04bf,0.4682823419570923
85f7878a50e2738a,0.5190706253051758
b38d6aa462e67199,0.5029268264770508
c1a6d0cabbd6b486,0.5057995915412903
7b173a5a7f296268,0.4999766945838928
3a3bbc148a469c3e,0.4688756465911865
7921e9e6e110556f,0.4766647517681122
4a722b3d182ff38f,0.5229275226593018
93f7b514ef328bd0,0.5293698906898499
4d1426b633e09f7b,0.49547016620635986
4638d7c9eebd428d,0.5518283843994141
2c8f574528dd5a56,0.5076807141304016
705e3dcf03cf3bf9,0.49635040760040283
4e3e2049e6e5645f,0.5263912677764893
0420dc4d7142d347,0.5163908004760742
ae7b64d157e456cd,0.44560563564300537
5e5340be9ddf0f70,0.48433998227119446
7161e48a102002ab,0.5113064646720886
3dfde8bb4551f883,0.4414372444152832
d23b25f82df08805,0.552117645740509
a5e0e28769720747,0.5241919755935669
9fd1bb3b2bc49b6c,0.4818463921546936
974b32001a9008c2,0.519732654094696
04ace3004d0a591f,0.516404390335083
4967339070998f46,0.5176184177398682
09cc6e784a9e819c,0.38993585109710693
691ccd5ac713933f,0.5084384083747864
e2130d706e9c0ab6,0.5184328556060791
dbd5510017f3e2ed,0.3818751573562622
277d40ff73af0f9a,0.5293084383010864
0181f7c508a05a43,0.5338441133499146
df8046307161ceb4,0.4950774908065796
0702bee393664e66,0.5226519107818604
9643237b97974a31,0.46293529868125916
7f2687e1f3efa422,0.4872632622718811
29834290a16ad94d,0.5020443201065063
fe6779f7538aaeac,0.5282214879989624
5c686ae231e58282,0.39288318157196045
a1221357e1fec8c8,0.48601222038269043
8b75c8db33d21230,0.48092520236968994
172961b3e1d1ce7c,0.4577924907207489
c84abfcde21aebab,0.5411770343780518
dd72880f378fcec4,0.4848095774650574
c35d660f8b57c585,0.42610859870910645
4d5a0d06bb5c1df0,0.5479041337966919
76c9aadd25ed2fa4,0.5210551023483276
dc9262f00e31b335,0.4948529601097107
8ff6a613ed6506b2,0.5231675505638123
c7f33570dd323e03,0.5011076331138611
7bb5b2fab7e11cad,0.441872239112854
abd17cfa9970ad13,0.503218948841095
ba1b26b8a2d09585,0.45134735107421875
f45e282e9856083e,0.3947378098964691
cb825f7ed7acce56,0.3971948027610779
3d8cdcc02aff08f8,0.499682754278183
000b7ba8d7db83ee,0.5084021091461182
7b3e5fb9a9383581,0.5171833038330078
8950c1a30e067147,0.5436739921569824
1bea939aefb4a5df,0.4955892562866211
2db8718883e3c394,0.5062682032585144
ce1313f414e288b9,0.4386533200740814
86adbdc96218636d,0.3960573673248291
31085c7a24582d32,0.4812542200088501
e4f16ba77dc97de0,0.5677981376647949
e681171c0fc6ed13,0.47551214694976807
6e65d8630276b19c,0.5322411060333252
ccaff9b94397110f,0.5240329504013062
b73cd4c65ddb855d,0.5296282172203064
4d96cd9899a75e20,0.528359055519104
843e1cb6d0e5f1b5,0.5491019487380981
88a413c5c2efa0d1,0.5500530004501343
30c2492e9a38044c,0.5240979194641113
09eca9b544556728,0.5276829600334167
cb8dbe11df814866,0.48419126868247986
8cf936ed78ee379d,0.5152673721313477
9680996b5de45730,0.5137089490890503
cf03af96df9c2449,0.5019526481628418
b34da3b9e0bbd0fc,0.4858670234680176
a1736b8a9cc5564c,0.5479287505149841
cc97fd0417053165,0.5497606992721558
8c4c921ddcce24de,0.534142017364502
c02e987efcebf504,0.49111974239349365
7ac5595791a24bda,0.5225176215171814
9e10eeb1c8145a2a,0.5341901779174805
a6bd321bdc86103a,0.47103479504585266
184bd93c4ad8476c,0.5098254680633545
2a03ed197ca094ac,0.5062538385391235
e40afe33481dde57,0.5243998765945435
d325ee5445560ac1,0.5388712882995605
b4d0667cff1917c4,0.5117105841636658
35a40fb01b65b491,0.5058450698852539
a80f0c3a347c3fc9,0.5231412649154663
db6b7a524c2fb177,0.3953719735145569
77d6143dae739543,0.47699087858200073
be18c4aa379c9229,0.4785340428352356
56699ea76988648e,0.5157036781311035
6001222162e3d205,0.5571764707565308
0424253dd9d49b60,0.5274258255958557
993c6bc4284f0d13,0.4556172490119934
2ee1cba7acc133ad,0.380660742521286
21dff198cca0c583,0.38960960507392883
dcfeaa6b0a68f27f,0.47111183404922485
439842bc25f0d737,0.48232024908065796
7076408e8602cc8d,0.49304646253585815
3ce79cb7616dcacf,0.5374097228050232
a515397dcae16819,0.5127787590026855
400df287a1449ba0,0.5237082839012146
f3fa6decb15ce41e,0.49387407302856445
97a31d2e6924c16e,0.4906694293022156
eff344685bc7c15a,0.4976622760295868
9daf1e356b1c1678,0.45499810576438904
234e2972a7367170,0.5008089542388916
cfcd3fd9ca871b15,0.5026864409446716
4dce281bff760270,0.5404031276702881
7f044d38522a8f51,0.5373353362083435
2bf105fe53b97c53,0.514151394367218
8789444486bd98af,0.511568009853363
7b287fbe05a1aebd,0.5509871244430542
3c0644dcd9aee47d,0.516241729259491
5fc313d183ee396a,0.5229877233505249
84c947a8f15588c7,0.4330204725265503
114e3b10851e06c6,0.4896252751350403
3653c1567aa28a11,0.4586482048034668
a91a87ce4790cb9b,0.5518810153007507
d3f5e063dca2c2af,0.39301806688308716
f6c084afee97e1ef,0.4630835950374603
83e255773774a300,0.4556421637535095
c98ef00f5ff9a0b7,0.5203900337219238
3d661f3763ef9aa3,0.5123757123947144
bb25ed47334c37aa,0.513521671295166
e6151857455c483c,0.5314053297042847
c60bd286f1a36080,0.48520928621292114
3ba77a4f0e4946c2,0.38912513852119446
a01fce465169e43b,0.40079137682914734
c6737fe6ab41c6d2,0.5291249752044678
2ee224049be43104,0.5301793813705444
fcab7caa998cc698,0.5253122448921204
9fa8259647ccbdb1,0.5100204348564148
c57e64c8a2f16438,0.4870525300502777
5b330d0e63e42e64,0.5802575945854187
4617307fbe4a0aea,0.510412335395813
d39df75c51c0109e,0.535889208316803
38ad50b97bb8e1de,0.5223937034606934
e52b0a057861d6a0,0.4977717697620392
0d3250e1121b810b,0.5305328369140625
cda914a6dbb5a501,0.4277566075325012
84d9c197b1271cd0,0.5168037414550781
e88377d8ff4cc8d9,0.535473108291626
894ada46115544ca,0.5119574069976807
c4db475a4a782d8e,0.5575900673866272
2a3f0fed91510db8,0.476959228515625
bf981d66140fe22c,0.5081261396408081
41155da92d56816c,0.515608012676239
63f06659f05388fc,0.4651052951812744
65c9026cfb32695b,0.45250213146209717
94b08b97516f756c,0.5453296899795532
9d508bed43aa29af,0.5316694378852844
7e92355ec0397600,0.49314987659454346
493f6e7f24533aef,0.47463491559028625
d189602d7d77a09e,0.5036699771881104
0ed97d161dc64877,0.5093632936477661
b1c837fe663aac76,0.5011214017868042
9e11ca4bcce42b98,0.527983546257019
735f0d1ca8045137,0.5209174156188965
3234c7dc05edf12e,0.5266529321670532
c2e6fff71bc958a4,0.5161749124526978
3646cda186fdc31f,0.4827231764793396
b0ec2d62a3dbd18b,0.547027051448822
07aa34fa5ceb92bb,0.526807427406311
4409d2c9c3191787,0.5412939786911011
02975678cba8c0dd,0.471882164478302
c756adfcab669867,0.472070574760437
1517691c953652d7,0.49692481756210327
3947c9e9129242f6,0.47628164291381836
bd2ae870d5d803d2,0.5409809350967407
2710b83a3670d537,0.5455443859100342
66dc8a5e499d8aa7,0.49138540029525757
b183bd66b4c581a9,0.5167381763458252
1d1cfb5d03530848,0.5351303219795227
e8e707c10f3b9779,0.3901347815990448
7116b4ff96e8884f,0.5301128625869751
f9620011cb17fd04,0.519852876663208
335d731d28db3c7d,0.5166311860084534
1355705f920f9d5f,0.5122835636138916
cf628be722d22f14,0.5267534255981445
8710120f0d8d8c8b,0.5448338389396667
4ead1d38c4bbbc6a,0.506184458732605
96f9b107553ded99,0.4632071852684021
44a0b8f1412abd45,0.5505818128585815
df88ca1c462d5c4a,0.5132585763931274
dedf436efff2a803,0.5426280498504639
e19e0768bc9f7402,0.5140135884284973
92f6b661a5290b2a,0.4621415138244629
2cc955a1ffda1f6a,0.5827752351760864
5cb5b3f709e77ec5,0.53873610496521
fdbbcb884bb1a419,0.5170645117759705
29245ef8cfa1a8c6,0.5119802951812744
0ac15278bbefa8fb,0.4972847104072571
f0e9f053f7f623cc,0.5249181985855103
a718a833d05dab53,0.485064834356308
46e498aa074b909b,0.5325400233268738
baadcac88f46dec8,0.4810580611228943
8e37a239fd4ad471,0.5317032337188721
b04114db459cea83,0.5123168230056763
269f21162bdea696,0.5467081069946289
a8d29838aeaa6ef6,0.39140772819519043
0aa65430a6a530d7,0.4345085024833679
a94589039c30ff33,0.4602288603782654
7b22f5d994fbcc60,0.4944405257701874
d21d11eff388abbb,0.5193731784820557
f472dc0cecc49cca,0.49318796396255493
342a7ee1421fa863,0.5316004157066345
c44a15bdcf97263f,0.5107373595237732
1e734c366ce83b42,0.4969930648803711
317153a5bfbf86d0,0.3821430802345276
e0bfbd84fc500e7e,0.4803406000137329
ace9450c66361bc7,0.4742720127105713
538c9858b653d850,0.5236310958862305
80e8bc0dd1ee09b4,0.5158538818359375
4eadd5ae0f6533be,0.4940556287765503
56a7898b3447bc9b,0.5464777946472168
91b3df43648e5d95,0.4720102548599243
90a9b40ffe543d8d,0.45538073778152466
90a249d84f710de3,0.4901360869407654
31004be07bb64db8,0.38258597254753113
4da10d0941681bb1,0.5008191466331482
1c982144576b4da7,0.5463219881057739
bd52c666442f268e,0.5130436420440674
8626a7c6e552d681,0.5157038569450378
c560db410f5a9cd9,0.5279942750930786
b7c88d0b063701b2,0.5358551740646362
dd626ac82c2d4749,0.5198640823364258
544e7342ed6b9a18,0.5380091667175293
f2060c38cb40ae2e,0.5413153171539307
2546931bee7f9398,0.4316138029098511
1e8c05c90f3a2210,0.4800774157047272
d1246be32db79371,0.5010704398155212
21e5c37dc4032820,0.5387011766433716
99a7d21272cae78a,0.528540849685669
b6edd055d2cc1c0d,0.5093228816986084
1a47bf17f9de82e7,0.4630427360534668
79d0123c59395697,0.5104656219482422
ededecf05f4aae44,0.4992142617702484
3dd4ee32636dfbb1,0.46913304924964905
cc8f47d94a607213,0.5033299922943115
c4751816b8e48142,0.5353466868400574
ab43bcd2a1d5d91d,0.4787408709526062
4b566ca48d171f81,0.5111769437789917
9a26a50bddfa6f38,0.474743127822876
f6085d416dd7909f,0.5119922161102295
16b71b8e586964ca,0.38354355096817017
233f99af3c800ccb,0.4513514041900635
ac51f70a019c6bff,0.4636162221431732
43d1167f994aa6b7,0.4920862913131714
7e4a58695a955378,0.5529783964157104
75e2085686f99c43,0.3972622752189636
29bb0674f06b22c4,0.5250847935676575
31faf45cf495e62e,0.5539554357528687
fa18cea8f7d4c494,0.40270689129829407
d3db71d85226674f,0.5180649757385254
dca713b3a036a2c2,0.539927065372467
d6776034fd56a510,0.5304708480834961
715bf1a58c7df441,0.5219745635986328
ebf45186d51b5350,0.4564572274684906
a5681d1c264f9590,0.5033928155899048
4694313a4bda9db2,0.38290977478027344
724830e65ed1e7c9,0.5108039379119873
0e8e1ea6a2769920,0.5396571159362793
8c95a492f08cd8c5,0.49197131395339966
e8b5207d3e852cc8,0.48328399658203125
dd2b7d14a84fa586,0.495630145072937
783dd53d3067cba7,0.521926999092102
06bb1d80920a9301,0.46834781765937805
417f58b79d6012dc,0.3838966488838196
5b889633baeb634d,0.5322965979576111
f5ab78feb301e704,0.4608771800994873
608e8fe2ec3bf33f,0.5368893146514893
41e4f4b9e304594b,0.5094494223594666
e8eba3e0d3be4723,0.39244386553764343
7bb7ef48dc1e9263,0.48356014490127563
27d6edc94821bb2b,0.5065367221832275
da557408e6501728,0.5122195482254028
aa2f679fc9852d8d,0.5030351877212524
81d70ad25005873c,0.49741825461387634
848be94cfd556686,0.5369900465011597
df7d3298a46dcdf7,0.5253108739852905
58c056ede17333c0,0.47241613268852234
3021d014895cfb75,0.4947822690010071
036854a1fa28147f,0.4628143310546875
b568f1c433d5fc4d,0.47544974088668823
8e2e2d62a3ff8ecd,0.49211493134498596
bb65ddd707fbd0c5,0.4752964377403259
08dde14cd8689c37,0.49104535579681396
566011d2ed75d74a,0.5056440830230713
ad167f4ae2942315,0.5713034272193909
6718b359aded28cf,0.5351067185401917
50ac8ee67a7d1418,0.5137237310409546
5e4089d18e56d2bd,0.5208989977836609
b297692a8b8082f3,0.48316362500190735
75a0824de71ae9a7,0.5200372934341431
e9041d693c30f00a,0.525382399559021
9b6d4be8184b1290,0.5121890902519226
1aaf241af7a2360b,0.4603123068809509
4f3518038c7f5289,0.5073878765106201
570667196839dba6,0.5346555113792419
51de42aa915656fa,0.533795952796936
86945eb459f9142a,0.44308018684387207
5ff73f59160a6609,0.5283083319664001
8c8c33eb45295da5,0.5275381803512573
6c8bb5fa8005cbf7,0.37688249349594116
7bd0bd152adb204a,0.5233251452445984
afb28a3161b3ef8e,0.5255613923072815
ee67e833e267fcbc,0.48228174448013306
098dd47b10630f8b,0.5122451782226562
136a0fdf69d42a49,0.5091941356658936
cc009a81fbce7965,0.5134741067886353
fe549c557c86a3b1,0.5494346618652344
36b1255e6651bc73,0.5425111055374146
7983af832a7b4084,0.49301910400390625
a377b25354f432ca,0.5443587303161621
3737938e131e6e5c,0.5124324560165405
1e7f5bf4b8ebb67f,0.5457680225372314
52aa1a256f55d071,0.48854586482048035
823b5e6c2ebc6d33,0.49477046728134155
2cbf99b788b9a1f2,0.525475263595581
63457f2354582a58,0.5140198469161987
b383af2d56464851,0.4855040907859802
fda4342d19af00ff,0.4627619981765747
dbb4ee99434fce57,0.5109630823135376
d9b0d0bab5eaec0d,0.5384830236434937
bd4759928fa34723,0.548301100730896
b41c67a10c95697a,0.5396087169647217
539c41a17ff6ea34,0.4545822739601135
a309cfa78579a306,0.3787853717803955
176b044c9e163124,0.5316842794418335
924e57bcd4eb5980,0.49668264389038086
46ca4f47a56e4082,0.3691672086715698
1d567705cb5dd41f,0.4317997097969055
2ab19365dc3b8a22,0.40460366010665894
28ee5f1e9c329825,0.5389645099639893
567adfc714b708cb,0.4813475012779236
117eef88bc122f2e,0.48593461513519287
4a355898b0f718a2,0.37824738025665283
815d832aa67ab5c9,0.4898938536643982
8aa2c8cff3e9f9c1,0.49627506732940674
bd24f88eea17ecdc,0.5389294028282166
4e77095c2e959307,0.5198686122894287
67c6f8f4b4c3941f,0.5308839678764343
645f710deb67b983,0.5199217796325684
57a6582bd1d10b83,0.5357435941696167
3f7384e5819820df,0.5243692398071289
ecdf71e67c5ff505,0.5162510275840759
1caaf9d5924e992d,0.5601467490196228
832864657fb85182,0.5423274040222168
75445c352e5e8f53,0.5275931358337402
86c581e4d56b82d3,0.5064359903335571
4fccc17c85eb696a,0.49928945302963257
9142ba07f39c2852,0.5240228176116943
85b3e980962eb7db,0.46252188086509705
c21c290ee4dc9a95,0.4538886249065399
9b9abe227a759aa8,0.5212239623069763
6d0a38b50dcf4d18,0.5145629644393921
560f53b8436d7dd0,0.5758355259895325
b32a1a6e17c64e23,0.4851340651512146
4944c255aab18820,0.48548632860183716
22dc9a6bb9751993,0.5056508779525757
994ac8bb4a3fb8a9,0.45600104331970215
81e151ffbd5a4978,0.3886283040046692
59b55cd86c500290,0.5264952182769775
4ee33ec0617b7626,0.4279645085334778
d4f9b8b6fb6330de,0.5442409515380859
a6faba38993b4491,0.523628830909729
86dd63f598169468,0.5213032960891724
aca161453297d0c4,0.39696553349494934
0f53932d935aae4b,0.5159244537353516
517de010dddcd13a,0.501435399055481
7c93787b5e6a4e8a,0.4079260230064392
7d2f119708076410,0.4972044825553894
d67375e43a488fa3,0.5119336247444153
8f26d363433a1eda,0.4780132472515106
3ccfde2475c1e709,0.5187488794326782
d4e82fb87bd29a7d,0.5108442902565002
ebc0f3ade6e4e60b,0.5256266593933105
58a3547a9b255f3b,0.5288877487182617
794ee8f2a3773277,0.5054850578308105
2695ba0690942232,0.4862048625946045
1c7e41eaecad139e,0.5287613272666931
73fa1f74bf143130,0.495544970035553
f514ca7b6a740af6,0.3732939064502716
3c1adf4a5320ebae,0.48126983642578125
54ae55a9d83a4c89,0.5138423442840576
c5ea58b80a51b697,0.47024211287498474
ac0438bc83ca8962,0.5069059133529663
7770c207dba6ed5b,0.5271879434585571
3e212359a5ff5fcc,0.4943072199821472
85efaaab116d7d3c,0.5045448541641235
aa7c8d0fe5df3b05,0.5491335391998291
2147d5d0df5f22d7,0.3859647512435913
4b81163987363396,0.5438603162765503
cdbeef414495bd2c,0.5287169218063354
6bee6e20d0fbbe7e,0.5150617361068726
9864a8e199c6aa17,0.5198277235031128
2c53b4f1558495bf,0.5653008222579956
f48d3da9c96325be,0.5515234470367432
6a96eb92c6ef8449,0.5430589914321899
807ebf5ec73f6692,0.5562832951545715
d28ea7ce071ef202,0.5064535140991211
09a9f44f608f3dcf,0.5012487173080444
8e997f01d8da7bf0,0.43115198612213135
c025469fd5f6555a,0.48441869020462036
142331bbacbe1764,0.48845338821411133
dc01dd9f15fe2e29,0.5062698125839233
1ac5e545d54280b3,0.512736976146698
327e9892cb307888,0.5407395362854004
b88a2ee3d8936e60,0.5133545994758606
a76d50f7257cbe08,0.5437912344932556
9e93d5d76a71bfd9,0.5179647207260132
fa5f67b519252f77,0.4927537441253662
cb50c44e23e8d1dd,0.5227534770965576
4ffc6e6eda641b25,0.466574102640152
6f9730c20942fb28,0.5403931140899658
eb5106f0e83af2f3,0.39157789945602417
a78fd7ce6b47b7c6,0.5057830214500427
1aed568a16b19103,0.542931079864502
99845b0684a219fd,0.46694257855415344
e683fe6f1085c32c,0.49829530715942383
67bba7b71dc45061,0.4725101888179779
5f65daab7a9a7228,0.38248544931411743
3dcc71bc4086a637,0.5284988880157471
5c653d878a039ff3,0.5296369194984436
18349ac21f312f66,0.5365047454833984
6df2caa08c87bcee,0.45817381143569946
2a6340f9ce44e782,0.47682514786720276
8350557562372de9,0.5258302688598633
5edf1af9dc00d323,0.5384639501571655
f89fa53b216326c5,0.5184721350669861
adf5243be3dc84f7,0.46877521276474
b5c57bde647c0568,0.45595109462738037
14bd45d377dffa51,0.5371308922767639
c4d0279f411796b6,0.5362578630447388
2490a5e3eb7c5370,0.48475658893585205
759e7da14da90f2e,0.46898651123046875
c6e18493f7e55659,0.45664316415786743
54e696bf2a74b5e0,0.5314205884933472
137e11f3ecc7cce3,0.5228275060653687
f24bcf0140cad331,0.5497181415557861
9306d7a24fb6d76b,0.48550862073898315
b38970ae79536a95,0.48777902126312256
fa2647948e6b2685,0.5074514746665955
578d6b9c2aa0423f,0.45559245347976685
09b8971d7d31a288,0.5375613570213318
d60faceb3d610127,0.5156856775283813
be8a3f5174a5cc11,0.5003176927566528
048c62daac687c83,0.5424929857254028
43f0d4371243736f,0.5187451839447021
a61f792a8b2fd1ee,0.5141916275024414
6ea0b3ab0363a39a,0.5170944929122925
45cfa31a8ac1c28a,0.5267907381057739
847b0d5afc477a6c,0.47839945554733276
b44abd6d62a4a10c,0.4535385072231293
b345e678ae5d06b3,0.5231701135635376
235ff17f41005ebc,0.5544486045837402
1804deb6261dd335,0.46016407012939453
b5e3d4d48d2329a1,0.40348148345947266
5cd4c92619b59d04,0.5073860287666321
ede1d3f14fe9a0e1,0.40866631269454956
3e2feaf5ed9bb359,0.5243807435035706
8efb0b6bfb53c189,0.5048263669013977
4d875f1d720630fa,0.5337357521057129
6382ff0fd27c0478,0.4943837523460388
acf67312958903a9,0.5405357480049133
0c9f6d6e98d67c06,0.5515438318252563
ca72a4f09790062e,0.4545886516571045
110d5c0cb0a72594,0.5421715974807739
e88e4618fa8733db,0.46581804752349854
e84d40a02462e736,0.3824073076248169
d0b96945270eec4d,0.5296860933303833
c8d21b9aea2e3f3a,0.440286785364151
4b4757c10386f199,0.47920674085617065
a844388fba546d25,0.3920454978942871
36ea61c83608f2ae,0.5201935172080994
873554a419b56609,0.4626370966434479
a29cd23b3c1378b6,0.503707230091095
0fb9fe40221e2469,0.5176997184753418
097b96f40ca08569,0.5120991468429565
98521af54b4bd2b9,0.5310560464859009
06ed6a8a434eaeb7,0.48462480306625366
7705cf4e4323b39a,0.4838480055332184
e8ee6765adcc91fe,0.3852091431617737
a53e698f370b6581,0.46625325083732605
5790160e58ca10ed,0.4867847263813019
c299246a49aada62,0.48921555280685425
29601deaec0c86d1,0.46912479400634766
7f8e0520e1c3f92e,0.5029596090316772
2ee1066c19c1773d,0.4881293475627899
86cdaa33ccee9149,0.5352952480316162
87bd0ac86d71201a,0.4572795033454895
2c39eb99b1bce0f5,0.49193814396858215
4a66253bfa9c9829,0.514820396900177
944aa30e73c9fc79,0.48594561219215393
9064cfc8e53a6739,0.39829954504966736
3f2d7180fff6db05,0.535754919052124
821dfde034154f7c,0.4842246174812317
7e4358c048e6a41e,0.5105868577957153
33a8e224101e8425,0.37472134828567505
29483ddde695d6a7,0.5396050214767456
8e9a02a887f316cd,0.5107289552688599
003a54ab83cabd89,0.5168363451957703
13188aefcd6008d2,0.5444080829620361
22d9702a243d8b5f,0.5558866858482361
9115ac38c76b84ff,0.4799438714981079
212536b8a94b5aa2,0.4592704474925995
bce424e571717e55,0.5104537010192871
4483d3cc7f24b2f3,0.529289960861206
52034c4203b1333e,0.5258401036262512
de5e732b45824093,0.5124216079711914
2358d8095b982e85,0.5367897748947144
5677cfe86397b094,0.47299546003341675
c624d34841586a0d,0.5387327075004578
cac581cca9ad768f,0.48179328441619873
e652fc3f89e470b5,0.5134288668632507
bb0b80981da9ebd0,0.5415714383125305
ff86f9d5b852c7c6,0.42455336451530457
abf4d7d72f841a29,0.5073809623718262
35dd078498223fcc,0.563599705696106
4c154cedc24a02d0,0.5408321022987366
4e6cd34cdf1f970f,0.5385314226150513
38ae09bcf88bdbf3,0.5371996164321899
f2b746edd22af83c,0.5099689364433289
7ae7caa80a58d59c,0.4814299941062927
81d2fdbb9b4cfa78,0.4936809539794922
005776f6af073be4,0.5141885280609131
74f5bad9ba7d6473,0.5249563455581665
2ad5c3a59eb87d14,0.49322712421417236
78baacf1b24705eb,0.5002468824386597
a4740e5f1a5aa55c,0.5264546871185303
c1d2a96690729844,0.5204548835754395
3ea8bf67fc887ed8,0.520758330821991
3a6557979b5e0e9f,0.5514572858810425
d3b6638f55636187,0.4753269553184509
cbfaabef83ef953a,0.5170044898986816
e558854706de95a1,0.4996029734611511
1e6929dcac543201,0.5217195749282837
e51a10d69f29dc84,0.5481144189834595
39d580616e806492,0.5152369737625122
02871c7e048ec36e,0.5199534893035889
450856503c935a67,0.4301818311214447
a6cbe8076c9dbbb8,0.48510491847991943
7c5cb337df3a3f4c,0.5022362470626831
071f59148df0ba02,0.5009516477584839
a0e07c7a2fc5539f,0.42518481612205505
8fec0dbf87bad215,0.510147213935852
b8426adf6666f4a7,0.5332005023956299
1f1f945432ef116b,0.5209524631500244
cfa4443e567de8f5,0.5216891169548035
5a78d9030d1ec0f7,0.4864342212677002
97231b7c9c4ba8b8,0.46596062183380127
d856795400bcca90,0.38428038358688354
673f3b3a7fc8c9fe,0.5157510042190552
ac231474394f84f2,0.5646334886550903
29b3101f165e4006,0.48903292417526245
e0a2c0b2866cd0d4,0.46391284465789795
08ed71d763090fc9,0.46769773960113525
cc68eb5fbcc84d80,0.38636550307273865
25422af817bb387c,0.49318939447402954
949e9adf004b79f9,0.5101205110549927
4e10f3729bb9b892,0.5046688318252563
01f9b9d579736d5f,0.4576473534107208
0b2365c0a2987b4c,0.4927014708518982
b832daded3451c4c,0.5427459478378296
98f7a5a951480ba2,0.5336989164352417
ac72d4c5947c636d,0.4646517038345337
2637fbb25a1f720b,0.46626996994018555
b64d1ff82f1f68f3,0.5037824511528015
1a2f5e378ae0a30b,0.5067631006240845
84c6abb8651b1ff4,0.536113977432251
0a53c03238ab91b2,0.49390825629234314
106eeefccd6cf9df,0.40306758880615234
8e91f3e71ffd1273,0.5389301180839539
fb94ae4e01156eec,0.49229806661605835
ac8861ed237e82d5,0.5421290397644043
aa9550e8e0d6d04d,0.5350286364555359
9ab282e7d7d67f70,0.4957943856716156
2f8b7ea4e2fca643,0.4682733416557312
403f4788114063cf,0.49476757645606995
a9e6208d84481463,0.5263369083404541
b6bf542081ccaed1,0.49902522563934326
ce3f9cfaf6cdb9c3,0.48876649141311646
aa78b2cc9338584d,0.5071760416030884
9915b7300d848353,0.5543919801712036
57be3e931cb20d03,0.5137746334075928
a9de783bb186f3dd,0.541769802570343
2b6c3184785b2fc0,0.5445033311843872
472ebb6890e95cee,0.5312110185623169
837e1b0706faf49f,0.5430648326873779
dd9223183a04063b,0.5487509965896606
360d6960080c1b53,0.47288763523101807
3b69e28968f4734c,0.4709567427635193
2b5c6289d2c11794,0.5412894487380981
89d52e5e18eebb29,0.553512454032898
8c0c72c982c69fd7,0.47219258546829224
a0a52ce07ff30486,0.5391408205032349
7d2ac5008e7fac46,0.5066657066345215
83fe22a90a19201e,0.518457293510437
607c381496a91a68,0.3905583322048187
b7e116fc9b09554d,0.5522596836090088
ab8834a66b44d338,0.5436511039733887
58ccb42c18a5f293,0.5405590534210205
44f7870d5fa4378f,0.5108835697174072
f27453e80e10cb24,0.49964094161987305
5f158a61252c6c16,0.5249499082565308
a1ab39bd4ebe511e,0.48214036226272583
4661beaf9dae0c2d,0.5120143294334412
f15d9004b854f77e,0.514014482498169
bd03c9be52ffa9fe,0.5205479860305786
137db72d035e80c6,0.5099330544471741
802f35b971b3a45f,0.4050428867340088
a76af55630977a31,0.5387750864028931
bfb63cd11bb99ff1,0.47187089920043945
3e197554bd361b9a,0.49705106019973755
b84f4ef5701db596,0.5392307043075562
2312770864ad7f18,0.5446822643280029
03516e44ef24d5cf,0.5006531476974487
ee46f2750403716f,0.5075784921646118
37565e089edee3f1,0.5241353511810303
1451476fe3285f4a,0.4646534323692322
32f225dfa3bf7503,0.45288553833961487
ab4f03c5ec1f3790,0.5236973762512207
edf74fac0406753a,0.45368579030036926
9ad7b3675ad958b8,0.45853739976882935
52a705a2c1815469,0.5109795928001404
295345a405be5571,0.49654996395111084
7719fa45d41c21b2,0.5054314732551575
569ecde98a14e20f,0.41542547941207886
5d6fcad20d2715ff,0.5148961544036865
d4b5a5983510a564,0.3811551630496979
ac129dc429970149,0.49026423692703247
90a3c58c927c86d9,0.5110464096069336
b1f1de3c6615caef,0.49282968044281006
e0ec414a377869a5,0.48428869247436523
d285f909c0867a63,0.5070772171020508
44cdeaef4d1ff68c,0.5357787609100342
92574ebff88ed6f4,0.45382267236709595
a71eca005fccf055,0.5124697089195251
80a6ce383574450d,0.4107133150100708
281a592301367868,0.5198647975921631
a902f285d42a80cd,0.4979897439479828
65e20a8496c43f96,0.5132851600646973
791128dcb5052aa2,0.5154738426208496
bee8b96ca7ce0a9c,0.5335108637809753
7d960e372af267d2,0.5155227184295654
80f8e8cd35ad6a71,0.548896074295044
2fb1c40b9e292a5b,0.49449682235717773
a518d4ce7c3b1196,0.5613805651664734
e7c7160172bac4a7,0.5377596616744995
71362b7021b31694,0.39114630222320557
2282480f34d9d012,0.46792343258857727
40b34a7fa0af1f6b,0.5341655015945435
28904e67b5362c7a,0.4903807044029236
fec870e4af1dc1e1,0.5315159559249878
171353d0bd0983fb,0.5003771781921387
ebbdd398a139db64,0.5047089457511902
0eaa9258a0028076,0.5276798009872437
c550e72d75d15214,0.508595883846283
a4f53901faecd3fa,0.42605412006378174
203847c4f0641b88,0.525352954864502
4dbf727f4f0a82ea,0.5233168601989746
5257ea17a2381156,0.5358655452728271
ddcf956528ac88c3,0.5135756731033325
c7c5d17cdd233a8c,0.49893808364868164
349a2e257d775936,0.502813458442688
7a5456218a09260c,0.5489790439605713
f5fea34e759dc6ce,0.5291470289230347
a1f4ca3c537d091b,0.5448498725891113
6ed613519105b68f,0.544786810874939
eb36391e16691e91,0.4141872525215149
4cf831038e8e36a9,0.5185850858688354
f511886a0ac452a9,0.45573991537094116
9486927002453c08,0.45680946111679077
132bedf079577efa,0.5120384097099304
897d08e0a344c5e6,0.484889417886734
4068ac186b28140c,0.5419138669967651
8169de3eb628ca92,0.5178043842315674
f026d244f846acfa,0.46497511863708496
ea665a3b26ffff94,0.46257323026657104
af502c9cf7d9ff65,0.5000997185707092
6bd42e2e8338021c,0.4744335412979126
4be6020100534d77,0.5069493651390076
fac655a16fed70ea,0.39044368267059326
0df5708b5fac4aeb,0.545968770980835
412ae54e8a33e809,0.5331586003303528
89f337c3084b0ff9,0.569299578666687
8c45f75a69f1cf00,0.4635697603225708
b1f3690f4aee64af,0.46322715282440186
2ddc271a43a73f8d,0.5661766529083252
0e9f164aba99af70,0.4889492690563202
bcf60465874ad423,0.5124191045761108
653f16819dfc4c54,0.5419963598251343
49b40d12911cd4cd,0.5153967142105103
a64f2c5ab82d3606,0.5221148729324341
fd46f1d64679bf55,0.5095489025115967
f8497fd35379f787,0.4492487609386444
e24e730da9c4178e,0.541576623916626
3dc1bc6a1103967f,0.443270206451416
38b8afe919b4dc13,0.4995598793029785
8b16a1ceb5abccda,0.5185127258300781
6a282494c582df4e,0.5402698516845703
7ff6f596a7efeb8b,0.4204704463481903
c60aab6f8131e0bd,0.5007345080375671
0411cf5a5fd31ac7,0.46431925892829895
9c043c3de82acdc9,0.5340821743011475
7bbc9419084ccf6c,0.5422350764274597
70573e5420fca3fa,0.5092877745628357
449be73f7bf5c712,0.4859437942504883
b46c888c61ff5770,0.4873683452606201
b65f50f0da873e8b,0.45992210507392883
8ec26feeec10dccc,0.5104085803031921
97e258bbd1fe9aff,0.4697917103767395
859f217bc6eb784f,0.4999752342700958
32bbdab1c719bc76,0.5128328800201416
886311f4e8e9a22b,0.46951600909233093
a6a3504b87e658bb,0.5101565718650818
3784157972bb5fc1,0.5083551406860352
795a296ba721ca88,0.4934556186199188
393224158dc174e6,0.42344558238983154
ba2b309e78c379c5,0.5361948013305664
2017bf1d1c84c7dd,0.5003458261489868
e6ba2ae2a6a7b238,0.5166531205177307
5b5c3b65dc8a3421,0.5374089479446411
62983a01aca2f35e,0.5224067568778992
54c9c348f36b8cf9,0.5531256198883057
d1664e9214236185,0.5004809498786926
08a070c72476ba38,0.5036723613739014
18b764e3f4225990,0.5066030621528625
582dc618e356b914,0.4905419945716858
6edd0a02aa280582,0.5228685140609741
cb71b9c3d5427d0e,0.5173905491828918
13f59e2e31f88d42,0.4007865786552429
1a30867bce78f40b,0.47550615668296814
a0730c65d40bf69a,0.5257433652877808
9def4cb4516e7e3b,0.5175008177757263
bfaed94c6658caf0,0.45418989658355713
80884942ec22c7d2,0.4981745481491089
c2450a69e305993c,0.526273250579834
802524b1f7d6d45c,0.4924211800098419
15a732393cdd6669,0.478760302066803
e4c1f50df1ae3626,0.5011718273162842
7da816b97f3292d8,0.5435183048248291
605377e8305bd26b,0.5121206045150757
dd755383985242a5,0.49729132652282715
69bf909284450a8b,0.5296511054039001
430f496ad53e2a78,0.5102716088294983
8124bcf7d745135d,0.5430114269256592
0ab39ad4b0bb1658,0.40325504541397095
26cdc1cf4e870c27,0.5118299722671509
dd7dbaf7f0f2d89b,0.5153664946556091
98d0f335ef157233,0.5197047591209412
5b41421cb60b1731,0.5046935081481934
4a94272e9aad738a,0.5122686624526978
56a6404d56a2d2ff,0.5271638631820679
2449d43c1bdc264d,0.5301616191864014
308b1f2f6854e683,0.4654594659805298
ec34acb1418f8e79,0.5579105615615845
2de09cc40b4b106e,0.523125946521759
3d35f8e8942cf275,0.501335620880127
51292d1257e244d8,0.4689120948314667
f3ae19d57b9ac1f0,0.469110906124115
453fb62aabb4f451,0.5300032496452332
9afccd0281deaf5f,0.5081955194473267
4aaaca410d1db643,0.5231944918632507
406698a1e98d92cd,0.5084244608879089
f06f00a81437104e,0.48465701937675476
05a67a27f5b39567,0.42624399065971375
d05ffbc5cfa464f4,0.40643492341041565
d802cbcd88372ecd,0.5241532325744629
a7a4685b6542590d,0.46325892210006714
51f97948f6f5b05e,0.40801605582237244
1d4be452b422e029,0.4595777690410614
7a1d83a01a33e96c,0.5150309205055237
002b360b86ecb334,0.49609726667404175
08aced6d743d5e10,0.5300125479698181
9ff2705e4236c624,0.5164114236831665
2b00ee235a46fcab,0.5164881944656372
9b6b85bf43397495,0.4197452664375305
403de63ed79ac5bf,0.5251673460006714
ebec2976281dbbc7,0.5572755336761475
9c7823bfc2715607,0.5444766283035278
b91270fade05a222,0.4899275302886963
7f7bffa9cada4bfa,0.4878663420677185
2f06736162731050,0.5507501363754272
ec2d84d5079bba6b,0.5051435828208923
1a265df3f2b76b9c,0.45085716247558594
defaa6da60b92348,0.5320266485214233
db843981e0dbb53c,0.5026410818099976
5dda6a6b29851699,0.4932304620742798
c998322ff5675b03,0.5275546908378601
2a5c8addea86098b,0.5213457942008972
6129c2f126954aa2,0.46236294507980347
cc7ee52d19134145,0.5158156156539917
aefa678da6168c77,0.5276243090629578
10f31c7d71a431c4,0.49838733673095703
9cb6eeb90eccae20,0.5441975593566895
e8e1a01808910459,0.49459773302078247
2e7bbe7d1f379d28,0.4526653587818146
4f7d1bc2e0429444,0.42086061835289
7724b62d31fc2b06,0.5603225827217102
79f47dadefd2c4ce,0.3866558074951172
de19e5d5273a59a4,0.48364511132240295
d204f5c1f5a49783,0.4403824210166931
bd3a7f4aa64e64d7,0.5122305154800415
3ab3634533e25867,0.5507580041885376
95f5b81024920760,0.511061429977417
8d69368d6f462fed,0.4826371967792511
219ced907f9308be,0.5327166318893433
8e38e8eebf0cb865,0.525977611541748
cfb2f0265956fb7a,0.4403000473976135
0dd23a16dac7331e,0.5208348035812378
7c12608efb52a4f8,0.5256115198135376
92bd0a2fce7ba066,0.4937180280685425
a82953d06065e8f5,0.4946289658546448
ddde538ecf1eb988,0.5180559158325195
b39884b13b7c8a88,0.4099937081336975
c8d13f9ef1c48ce1,0.39197641611099243
9669513e039aa9e3,0.538020670413971
7f3dee37176f7a89,0.5322836637496948
b0dbac2557fcfc56,0.39821746945381165
da21252b0f5d9df3,0.4910711944103241
c8b38d135f6480be,0.5272866487503052
c2e3512db171fd33,0.527513861656189
e0c5936cf8e7ca43,0.5055278539657593
084508347a1d4e2f,0.4973902404308319
6a7e3e7f19b7736b,0.5404732823371887
34caf5e283888cd7,0.5331156253814697
8036d9a4d373cac1,0.5207108855247498
fdb375a382159cc0,0.45577436685562134
84d76387757d741d,0.5049790143966675
4630cc2ec8d38dd4,0.5236890316009521
69e0bddbe4fa6faa,0.42717379331588745
f368d150d8477d92,0.5526413917541504
83fbd46358b236c9,0.5230081081390381
bf7ecdcebe89f9cf,0.5339114665985107
9e9e217ce4e6d6ec,0.48954859375953674
ff1edcc3f71755c4,0.5257833003997803
62fad054db60efa7,0.5238121747970581
6707a5ddb6874f06,0.4871925413608551
88c99d44eb753595,0.45949119329452515
f528fc6244ca6849,0.5516130328178406
73138935fa851c16,0.47365838289260864
6ce0e83b34b5c5b7,0.5061835050582886
4c70c6c2a9599cf1,0.4978439211845398
12fa48568c84a3d4,0.39827674627304077
ca7f4eb0ce36450a,0.5392043590545654
f11ba7f220e5f7d1,0.5337914228439331
1fdf62c582747c18,0.48640093207359314
0510655328a16ee3,0.5087121725082397
75ac24d343386b00,0.5017998814582825
e444d544fc7e78ce,0.5217128992080688
74526abaa29ef7f1,0.4540603756904602
2a936a8043d262db,0.5114358067512512
8fd02fda4be11d6c,0.5090413093566895
0a62c54968ff9642,0.49370211362838745
bbf1d44107df0a95,0.523384153842926
e1612e7c1984e1b4,0.5234417915344238
2014abc7bd38a550,0.5500893592834473
62b43ba8d780096b,0.5137625336647034
44ad3a776f22e6fa,0.5222761631011963
4ef6c309a84a735e,0.4985758066177368
c7c494f5891d7f85,0.4706627130508423
4edfb0448c6812a8,0.43025505542755127
7d763681473d43ef,0.5168702602386475
cb7f9093d6e0fed6,0.4956519603729248
e029632f9df34989,0.5169028639793396
793ba1eea25f9a45,0.5173414945602417
c381229dae8955c0,0.5263621807098389
fc38b4743a84e5ef,0.525083065032959
cdfb16864fd7aaf4,0.5317775011062622
440765f70d354944,0.5032159090042114
7e2f5c8b4b795583,0.5177689790725708
af8886bd975f98d9,0.5551619529724121
80e9c40089930a28,0.4696747064590454
9b13b92accbbbb5e,0.4488077461719513
ac10464b9e5d31d2,0.5237659215927124
6f081959811f1ae8,0.3931252956390381
1d59c55f60130367,0.5281913876533508
3d5260d352913351,0.512225866317749
b5fa14a57ec92e3c,0.47694098949432373
293bc97825bcf440,0.5292181968688965
ba69f61f9649f750,0.4634437561035156
a1b8f24af8d804f3,0.49049121141433716
26fead31dfd6bcc5,0.5088193416595459
3ad785034b89dc83,0.45831918716430664
93d9f1fd814d6224,0.4831373393535614
61f668138db91911,0.49444061517715454
40d3b9399137278a,0.5206084251403809
e1cf04f1d6c803ba,0.5180854201316833
b65b173ebcc118ec,0.3769882023334503
29e84394c4048780,0.49210137128829956
61728860c66da146,0.5275353193283081
65408a4fa3783a38,0.49428167939186096
908377380acaecf3,0.5365264415740967
144cb6481685c3f9,0.4751151204109192
57ed01f29e153646,0.49445801973342896
75d739f4bfa46e4a,0.5465410947799683
8f6427d164c6fd27,0.42399632930755615
746c9239603f3575,0.5148327946662903
6a8821a3c934a054,0.5337452292442322
12178ce1858556b4,0.5012880563735962
016872b4e14f8e55,0.5036845803260803
c08fab375dea67b8,0.5136911273002625
2374db6d9e5aea1c,0.508895993232727
cff3ea1613961db2,0.5361647605895996
8b25b8f315653054,0.5329064130783081
0d3a19f3ba4996bf,0.511522114276886
6de195ce04177e7e,0.48263609409332275
f614b6ecf2b51c45,0.4907384514808655
4c21fa7a77c1ba4e,0.5162534713745117
5716b0cd91272763,0.5275285840034485
3d4721411d36e1b1,0.43333637714385986
22f1dbc1f04c0bbc,0.5310183763504028
26dbebd48a4eeb97,0.5091701149940491
334e5e3926739e1b,0.49516624212265015
1a1e7be8747e7ef6,0.5274059176445007
b92bb59e5f5863be,0.47979044914245605
faa98a3da6f486dc,0.46023666858673096
4a10e9a4c26ae6e8,0.5178041458129883
8d28a3741cbd5353,0.4851478338241577
b6d4539152ada286,0.4955753684043884
28cb72ec9f7ed16a,0.530471920967102
e83562d28a4d07f7,0.42741936445236206
d243949543c58f9a,0.42970097064971924
9200137207574155,0.4672732949256897
d5754864cef64ad6,0.5606734752655029
94b2bfb8be0c5043,0.48411792516708374
c3b6094709fca98d,0.46201130747795105
ff0a654d620d6c7a,0.3955416679382324
ffc31f76db8de5c1,0.5224377512931824
29598bc6e6a07a89,0.5229842662811279
8967e3843f6e376f,0.4829012155532837
388bdb287d4f1cf0,0.5025322437286377
56dc8cdb36cb83d6,0.3981196880340576
3edbdc638f3e6baa,0.5109262466430664
0332f3baa8283d61,0.5494095087051392
878cecc75d2c202e,0.5232461094856262
51d0ab2b4fac7722,0.5143821239471436
66ae28aac57b111c,0.5244207382202148
73ef28f0947c0892,0.45833903551101685
8c5585c32dd980f4,0.5225741267204285
4d18c3b163fe9289,0.5614803433418274
e00fe22e2a121309,0.40453076362609863
b55db25479768a08,0.5074843168258667
9a081fb7fb4b69b2,0.5217410326004028
b30169d8625892df,0.4833264648914337
fd80dbe63e64028f,0.5013860464096069
cbc42533d052b3f8,0.4625502824783325
31c1c882e97ec625,0.525137186050415
1500cd4d71056984,0.5189809203147888
d592ae5c6b8e4f59,0.5352523326873779
b4d278541aa4d4f6,0.5318403244018555
7f6578bc23059d11,0.398005872964859
b9b76ccc538e3b18,0.45752382278442383
696037b74a7b14a2,0.5173464417457581
e9eb54630fb1f1cf,0.5204784870147705
274b6ccce45b7f48,0.4989868402481079
86a6660d725c5b70,0.5471927523612976
12e723ce52d96d88,0.5460463762283325
dd67b2deacd9de69,0.5118074417114258
5f1a8b8f534a8c5d,0.5301777124404907
234818ec16f6f378,0.5323238372802734
37192743bbb2489e,0.4602973461151123
343fe31a863223d2,0.4806515574455261
b39385dd4a6a36f4,0.44870370626449585
2d54ce55d2ee8ea4,0.47872114181518555
b7c977f4a0d9807c,0.5144298076629639
c0360eb7ef9a7ae8,0.4935891628265381
e8ce79298452ea67,0.4442768394947052
0c883f66323b2387,0.5173192620277405
2802e8b161fa1de5,0.4985314905643463
f79f4a6dc08c1f6d,0.5018311738967896
8cde4fe8d44111a3,0.5324318408966064
ec74d5b889ce5396,0.5025012493133545
6c9f3c88eee87faf,0.5137163400650024
bd8093cde0978703,0.5493265390396118
1c10b3fda9fa1915,0.48233628273010254
b43cbfa74d40fb9f,0.5122248530387878
83ad27810a97b4b8,0.5154392719268799
2983b0216e4a2019,0.5270037651062012
30d0e55f63a2b175,0.5023350119590759
96384a757c1c17b6,0.5198875069618225
18df27d744be6104,0.5205252170562744
24bb399fe149d208,0.5001077055931091
33fbae188a46999a,0.40455493330955505
60f6d56ba302139b,0.528348445892334
c607371b17b77ceb,0.5256102085113525
147709fce6f6a696,0.4303523302078247
2732e7cc71be6269,0.5308792591094971
551f2cbbd217d1d7,0.5104357600212097
ba4e3f11f4de1787,0.48431825637817383
186f1863606e41f3,0.5433497428894043
c10ec66d53549d75,0.47296541929244995
943e0ba5a56e037f,0.4296315908432007
8b42a8c7dcd4948b,0.5035351514816284
f71d1f9afed10526,0.5030648112297058
41aa63c61bbf013f,0.536777675151825
78f8b350a846c9ad,0.4623377025127411
88f9e0866d609e49,0.5104911923408508
71df541e154e9cbe,0.523379385471344
96b0f175e459cda6,0.4725276231765747
bd818aa46dcf8876,0.507401704788208
e9dc361f6eee2a10,0.4907867908477783
95fb8b167a918ef5,0.49154919385910034
f04d53679b1a503d,0.49022695422172546
ddfcda69d99e3cd0,0.5639596581459045
8ffbf7f2f33ff777,0.5110011100769043
b259768566196009,0.39776474237442017
1d669abad96483a6,0.4940074682235718
1159eb48ea0c7531,0.42881762981414795
ea4052858ef82dc4,0.5514705181121826
493606930d1ae26c,0.47524988651275635
f4c3eaf43e708b83,0.47316622734069824
dea3823473a2294c,0.513533353805542
7fdf30c533e36a7f,0.4907752573490143
b872c4375a76c511,0.47625112533569336
7aafb9745f4127db,0.5385168790817261
a3121c3341604fd3,0.4459834396839142
8fabdd58c4d9c00d,0.39913034439086914
87e943ab609945fa,0.5264338254928589
ffa11a5c9edb0048,0.5486842393875122
fef0ed9cf9f8ce40,0.552013635635376
e5d0423d6ad68cc2,0.5208230018615723
872d682ed3ce80b6,0.5047733187675476
e6d1fb1f5b162dc9,0.4070056080818176
2900f64dd4179ca8,0.49572426080703735
9da97b5f5b563096,0.4874897003173828
350102ab45c5ad28,0.5298280715942383
3d6baa6e6bdf2b73,0.4973510503768921
d8a4d4ce4953ac9b,0.5545856356620789
59f5f87f66093adb,0.5579507350921631
d16d9939f64d2313,0.5286207795143127
9a5ff31fca9c60b3,0.48732876777648926
15fa71d5ecb27a7e,0.48220306634902954
abf7d60b70edda5a,0.448794424533844
b487c01637ad5a52,0.49027758836746216
d2af6b697388e2ff,0.5407020449638367
56a6b99cfac37468,0.5109927654266357
5fb517f6ce397f92,0.503831684589386
e2be3fc14c9d20b5,0.431354820728302
0c5860921124bfa4,0.5390388369560242
f4bb675bf75f24db,0.5362439155578613
37da7e021e45ed41,0.5524691939353943
08aa505303e14706,0.5412371754646301
83450cddff02cc4d,0.4922473132610321
9ae5aa8bef7af63a,0.506132185459137
e4710c011abbd89e,0.5179777145385742
c8e6d3a83e9fb57e,0.5220901966094971
f0b2c295c2dc1036,0.39279407262802124
239c8231f85c3b92,0.5262091159820557
b8f5a71403d16e7c,0.5255646705627441
24f993ff7a7317c1,0.515226423740387
b5a41abdad33afb4,0.4748876988887787
2969d88ca7588683,0.5096476078033447
f378fbc74ccf4df5,0.48899513483047485
a1fe9259f15f1515,0.5024778842926025
df924d0967982f5f,0.4971756339073181
0f1e79a5d8e15f4b,0.502422034740448
95f21885a70d9cf7,0.4988706111907959
ecb333780a9f692e,0.36843931674957275
d707a4775b4f6348,0.5589289665222168
d47b04ba55f7a89c,0.46106892824172974
f2a8647b0c67fe00,0.5569249391555786
2a280542e32a462e,0.48037388920783997
d8348a90bea3e88d,0.5012098550796509
a79db2a986a9fc49,0.522471010684967
4e5ca76290a2ea06,0.48613154888153076
fbb5af54fb5dbb8d,0.537311315536499
1f8ed441235d7baf,0.5137127637863159
17556dc0e52d2c5c,0.5152532458305359
7dd1dfa4716fee12,0.5016120672225952
fad01bf0821b4d8c,0.531826913356781
1974acedeedf9b28,0.458801805973053
9eae51a5f9de97a2,0.5276657342910767
f85fc3241946c193,0.4483332335948944
4ce8ab4e030f27a1,0.44840341806411743
401528924c421e02,0.5524979829788208
76ed2f0f4ae4b1f0,0.49530428647994995
1a83ac56dfc0eae4,0.5340871810913086
6728f89abf1716ec,0.4734698534011841
304ab1b7c3edc444,0.5067550539970398
44aea0a2619d73ce,0.4991259276866913
49e5bebaf0813bac,0.4958193898200989
b307fba5939e8d8b,0.5505865812301636
963e914c48eb50f5,0.5296252965927124
05e1fc52b0159e9e,0.3928060531616211
3f3c63ef0436faa3,0.5426297187805176
24d77aef543384f6,0.5084507465362549
aa526711c0e615da,0.5421253442764282
06493f77def73ffe,0.5602198839187622
de0d2e76478d4305,0.44695979356765747
5cff88cf7fc62d1a,0.5205150842666626
f48f3ca4c739c229,0.5023937225341797
ceb153586314f891,0.5137036442756653
e978015626156a9f,0.5378274917602539
0dd8974155b16724,0.5268091559410095
38b4e1589229850b,0.4966900646686554
30a6cd1bce780f70,0.5373877286911011
3aecfc89992bf199,0.554315984249115
0f8715cff76013cf,0.43037015199661255
a656322ed622d8b8,0.4089217185974121
a0cab635336eda51,0.49654221534729004
3a7c38c8426870db,0.498039573431015
dec6bb4284ff528b,0.5031010508537292
9ab7622c8b4dda4e,0.5477739572525024
427902be952b3e08,0.5209941864013672
ae7a873948aa0448,0.5453274846076965
78edd8d3cea323b7,0.5216188430786133
213057682784a842,0.5300939083099365
74505d54232bfe45,0.5505855083465576
c2c4ebec55b7ebe3,0.4590599536895752
48e62c4acaf78c43,0.5192543268203735
77b721f809880556,0.5416274070739746
d7cb2ae00ccccf31,0.47327274084091187
47cc8d6fec454367,0.5488705039024353
42f5ea119b0b4979,0.45774468779563904
b59bf360f0c9647b,0.48632803559303284
43a49d06f98e550c,0.4946763515472412
da6ee4f06da6d08e,0.49836933612823486
c91b1bd3b4de814e,0.5385484099388123
e3249a4c73a71075,0.549748420715332
afb61a3c443c6754,0.49966001510620117
f444c8d7becac333,0.47219401597976685
3675f4ac877a5659,0.4674404561519623
c386aed7291b0e4a,0.4895220994949341
7a0d26b709e0ff8d,0.5333192348480225
f878b7115f488b69,0.4790700078010559
6e06f1ef3669ab38,0.5047832727432251
42e065bf90a9b115,0.5109258890151978
62f9419c8f968070,0.5407096147537231
d41cb1199bd3037b,0.36748257279396057
bd7d4eb47b22af05,0.5210111141204834
0545decd0b127dd7,0.4936279058456421
e791885b475770f9,0.501020073890686
954c207fb4ce718b,0.48793846368789673
f44f31ba9b73bda1,0.4604842960834503
ee80665ddcb2eaa9,0.5051271915435791
d569cadb9e5cc068,0.40507903695106506
40b08e9670cb9537,0.49175363779067993
8ff5111e4d788471,0.4525267779827118
f9cbc82985760a4a,0.48468148708343506
303553d45088d646,0.5034072995185852
e1497602941f40a6,0.5498840808868408
bb38a0683e50b28f,0.5381020307540894
0f685814968005b2,0.4908730387687683
ee1983e6d293856d,0.5154359936714172
ed1589d1e3125d37,0.49777162075042725
3cd82c13f99144c3,0.4367519021034241
b3af53d8fa8f0022,0.5610767602920532
e0c64cb1a5ccb22d,0.511978268623352
9297038cb5b41d80,0.4815221130847931
a6130104fb750338,0.49718642234802246
e8462a5796a87dbd,0.4971548616886139
305b24da91a9d883,0.5148117542266846
4440f1d55ab39525,0.4960476756095886
e3cbdf1881625ca4,0.5171229839324951
bcff05cac2ccbeae,0.5413753986358643
40c582481b6c43b8,0.5292150974273682
ad1fd2b1e6465a52,0.4299132823944092
287d57faf02fa806,0.5023635029792786
dfdcdf7c56b46d29,0.4769889712333679
01d9dc5d2fa1129e,0.5336712598800659
b7e6b40caa3f09d3,0.4410397410392761
79203f2b59c1ee6e,0.49169600009918213
f25f6a9cf139e40a,0.5140613317489624
96c7131fb639d0c7,0.49303483963012695
ac557e8452588eb1,0.41972118616104126
3c9449a9e64b6c37,0.4794425070285797
5f97b55ab5ea701b,0.5252870321273804
854f54d8dd66a116,0.5144224166870117
ff08ba77e11922ff,0.5229766368865967
0c9025b64916b65a,0.5147151947021484
0281f9be2f6f32eb,0.493620902299881
c1707b0c5dc4abe0,0.5157167911529541
f7aa9ff29d5147b7,0.42708253860473633
304db925d5b7982c,0.5141918659210205
d1c9b186a47b97b4,0.4970325827598572
45e29fc8eb57018e,0.5118107795715332
6faeaa185edcbb2a,0.41985267400741577
13901ee25ac43575,0.4868999421596527
6f8e9baa611f2e6f,0.4937291741371155
ecf899ed7bae0a3c,0.49215632677078247
a413e163d7122c2f,0.5174894332885742
3381bf19824c8c87,0.5128139853477478
1e0eb31541a30223,0.45592546463012695
ed3781efa96322f3,0.49681901931762695
e1857901fb7c7cb3,0.5442771911621094
8481dbe5cba0ceb3,0.37227922677993774
b04df3c2f7fcb939,0.4823358654975891
7c8a078721cfe4cb,0.503792941570282
bce510392666ecab,0.5208958387374878
a76bccbea8f9950f,0.5467087030410767
dccc6383bb765cfc,0.5001771450042725
060c5b90c2724887,0.5275883674621582
3236fef42a32358e,0.4969165325164795
68f7242c733f9a08,0.5416572690010071
da2737a51f3c262d,0.4900839328765869
9803c7718810f020,0.4656478762626648
01af60b08a3c55c3,0.5479648113250732
f68b7a583ef9af5b,0.3951572775840759
49a2cd6d0791525e,0.5461798906326294
ee79f45c06d24413,0.4637607932090759
216c4379df622cc5,0.4745939075946808
db51cca342035f9e,0.5081060528755188
a4713d1275a61f1c,0.5260322093963623
c4b0500eaf92b7ef,0.5381783843040466
7e86a0db1c5b822d,0.5227224826812744
70f9d78d614dde33,0.5593550205230713
ca39dbaf8bf60a6a,0.5320466756820679
dabeedc187330641,0.5309279561042786
0dd3f55520a3fa90,0.4111135005950928
5b4cc8873391bbb4,0.5436111688613892
9c2c7197eb4e4179,0.5484814643859863
8e5f157d23e10409,0.5075310468673706
49cbba06ea7ff461,0.4347340762615204
b49d2e84951985d3,0.5417882204055786
65b669508db56c1b,0.5481611490249634
433fcc40e0b3c284,0.5330488085746765
17087c84968bbf6c,0.5547651052474976
971d28483304a142,0.4953837990760803
56d7fbcd60acbbd7,0.4852665662765503
82d5523968944674,0.465948224067688
7d116601a42d1552,0.5520118474960327
eba824ade6b29792,0.4777993857860565
1d67eb3fce1614bb,0.47795844078063965
2bf35d59f0d6f52a,0.49650993943214417
fd4be77d3a16d1f3,0.39765650033950806
7903e8365b279b7b,0.5385180711746216
dd52e739c855fe72,0.4808717668056488
c034922167bec700,0.5283480882644653
fd8fad603ca953e4,0.45065683126449585
61782006292416e8,0.5140120983123779
41cf68cb98ed64de,0.5233691930770874
d316cabb758ad1a7,0.5285122394561768
e160310f4fa92946,0.47869664430618286
a333fdf7399f21a4,0.5283553600311279
71d5365a01f49fb6,0.4610150158405304
2ef5f1f8980aa9ab,0.4188811182975769
41a8a1eeb5494b4d,0.5141721963882446
d9f2041380070d63,0.4332103729248047
26567b6355de25e0,0.508682370185852
fd499485ed4e69da,0.50628662109375
3c4b0bdf8c5e072a,0.514167308807373
ba25dd58485beb5f,0.5495316982269287
aba368b8d5e054ef,0.49045342206954956
6bb51952b803da86,0.5174348950386047
39734b82c562249b,0.4779618978500366
e82011e28a93e944,0.5189862251281738
ab299c2f59631cbf,0.43760502338409424
eae97b768ab42739,0.5095628499984741
125fe058401ebf97,0.4581773281097412
97ec0bd2e2cba94f,0.48428142070770264
755298e2af315ad4,0.49248671531677246
87f60c32adfc05c0,0.5108700394630432
7b7283eea1ad0aa1,0.5576837658882141
72d67f8b75b49689,0.5064880847930908
f99eb071b74da4ef,0.5172907114028931
1e7081c06b61e5ff,0.503179132938385
ab956bbefc61f559,0.4947342872619629
1e1ebde4cb6814b5,0.5158540606498718
0ac211d1d5d4512a,0.5090217590332031
3b1209fd2949f991,0.4400448203086853
df71ac6eb7764cc0,0.4848620891571045
02990bc9e39c64ce,0.5289928913116455
af19dbfd67cccf6c,0.4834440350532532
8c20a1ce9245bec2,0.4959655702114105
6b2e5868b07156e3,0.4623403549194336
899f5bbe7d1ad72d,0.4964387118816376
196cc28a2fc779a1,0.41282525658607483
82eccfa95492a0f9,0.46669936180114746
259486633ae1e3d1,0.5259702205657959
98a0687e4f81c521,0.4852524995803833
29446f66fa81a439,0.5360568761825562
da13a70008b7bcb1,0.45521000027656555
86b8a8c09cd46924,0.5167902112007141
0b9583a42c3bce1b,0.5371731519699097
4bd3c7dcdf254016,0.5569097995758057
e8dd821246ccc60d,0.4887706935405731
b13a7dc3093598e1,0.38503918051719666
f22f25c5b163149f,0.4813353419303894
8b3bf1bad3788e8e,0.51041579246521
4b53d13f8889d354,0.5116797685623169
926a76eb550fcf30,0.5081613659858704
e736f63f9cfeb4c1,0.5048484802246094
49bae8919f21b359,0.4081425964832306
6fef5c132bd9b232,0.5455225706100464
5659fc8a21eb7388,0.5051974654197693
d0628eb0f34bd1e5,0.43141061067581177
433744d14f6daeed,0.4768960177898407
dde56a2a8614769b,0.4923666715621948
54703dca8ea99f27,0.5062909126281738
a0c2c6697812ce66,0.5111567974090576
854ecf9b68659756,0.5300324559211731
7a20b5365efed355,0.5383093357086182
9726ce4de42bd071,0.5113847851753235
4cbafb7efe1003b0,0.5581400394439697
8088bdf912d736e3,0.5649917125701904
a30579a7a7eb8952,0.5335958003997803
affc29b76a66df78,0.5117055177688599
840cf254f4c1969d,0.4893268346786499
723208158ea3d5a0,0.480304092168808
df74504080bb4360,0.4846402406692505
e73d69ba0dece06a,0.4897698163986206
d6487b27ceb4e332,0.5056976675987244
12356880fb3729db,0.46090346574783325
a25457699b4d8e7d,0.49041205644607544
7af32b3ef99d3d6c,0.5477277040481567
a8bd74d22a8b7636,0.49298936128616333
a050d13c2a751663,0.49427375197410583
15c5fe47f7f8f385,0.500767171382904
c92e3ac8088aaf8e,0.5462459325790405
5bd0ba5a1e121e8a,0.47892385721206665
b32b6152887cbc11,0.4973391592502594
94b7f2db9f8bc5ea,0.4905734062194824
e4fba14d3b444ede,0.45909228920936584
44a8114a1f743adb,0.43215084075927734
8eaa2d55d65e79f4,0.5197688341140747
0af79b9f738c7aab,0.5222283601760864
d053055cd165679c,0.5682070851325989
31bf3dcab562a18b,0.476166695356369
bc57faa3d12a0f5c,0.37242865562438965
ded617204ea934b8,0.49919962882995605
210dad923c8f510d,0.5315729975700378
85e08e548402dc3c,0.4729710817337036
ce607f3483e51b8f,0.4033772349357605
73c22486a67689f5,0.4985787868499756
03188b0ea8065ac0,0.5008920431137085
42d0d08256f0294a,0.5439380407333374
93cf5a7504594454,0.5270788073539734
34decfd16d49258e,0.5304080247879028
a798e054a37c6210,0.44781261682510376
0a4947be4fc06a63,0.5159918665885925
de8e8ada0cfcd233,0.5166462659835815
e195f8648b844ecc,0.4943404793739319
29327d38c9ce53b4,0.5553727746009827
57229f67ffdbd163,0.5328269004821777
5309a2a2b76c6ff2,0.4847802519798279
cbf26d706814c6b1,0.5454567670822144
ce5941242137f950,0.5471681952476501
4de60c9aeaad5b05,0.5175597071647644
fb86acfba407e93b,0.4733566641807556
4a1410bb03ff5bf7,0.4619840681552887
94dee3131e324ff8,0.3991340398788452
c7c831485f8dd7fb,0.5178710222244263
d8cf88e13b8db854,0.520799994468689
bff846c5e7421182,0.5493214726448059
4e63c2c440fb900a,0.4550151228904724
49be1f104bab6c82,0.5324994921684265
e8cf48fa986da509,0.5275395512580872
5acc919b37513d5b,0.4872305393218994
f2f8881c81723400,0.5258282423019409
a97cd8190552b2c3,0.4988939166069031
df4a79e01742be32,0.5054401159286499
5f6460dfc42302e6,0.5391243696212769
b65857ffd84b82cd,0.5027368068695068
df5ee9764e2293ea,0.5004695653915405
278efab123572357,0.5114677548408508
12ef16d2dca7b8ee,0.5177987813949585
4b09f7e644206184,0.4627314507961273
76225247f8bddf7f,0.5283629298210144
ef45b0894bf05534,0.519615888595581
e5f3769c6b8e6a0f,0.5429077744483948
1e70fea2b504debb,0.3881571292877197
8d856deaef6e004c,0.49863719940185547
6fdb6c9b71e4c93d,0.486130952835083
675161b03e2101c6,0.4960216283798218
2f74ec40a64626a2,0.4966277778148651
4d9761d41608ad98,0.5067004561424255
fca9f8901839d89c,0.48488539457321167
d8426769c12e34d0,0.5021191835403442
cbb6561cb0e4bd64,0.5018501281738281
dc48834ec753feee,0.5123413801193237
0a9ccf370c413035,0.46795403957366943
551b6aec98d3e37c,0.5586429834365845
138098d39b742b9b,0.5468027591705322
fcfab5c7ac521268,0.42077863216400146
c8f0e891459a0e5d,0.4452761709690094
404608443216641a,0.4933984577655792
3a93e285852f0a06,0.4648764133453369
4a98ef9b4d44996f,0.4898541271686554
64ff6a80d95f3745,0.513251006603241
d325722b9e153c1e,0.49887675046920776
bc57e6c72214676c,0.53571617603302
d81582f5bbb18958,0.5186963081359863
5ab1d1166f606d1d,0.5295712351799011
7d0f9c0def6a245d,0.4728192985057831
91067a0a6dff19f8,0.4617310166358948
15fcd6a10ee0a002,0.5297940969467163
9951b55b505bb7b2,0.5117713212966919
831f9ff6b2fe7c14,0.4820649027824402
f02163780351ac2f,0.5007947683334351
c9e0c4872de6856b,0.5388211011886597
c4e17b3e6d501327,0.4566817283630371
eb868e869fb17839,0.49552974104881287
2421f7e6e89a45ee,0.4013969302177429
b8e692bff2cfa653,0.5095902681350708
6ab944f34bedc89c,0.49130627512931824
96bd153e508a177d,0.5018766522407532
d28421672186fb10,0.510491132736206
66295b18c911a186,0.47326141595840454
c60f3fb6786a1e47,0.5088486075401306
f9299d481f93cff9,0.5057966113090515
c7a5715e61936998,0.5127508044242859
59d40a22b5d8b9e7,0.5078405141830444
c2871674eecfd60e,0.5166919231414795
0cfb69655f4053e7,0.39524272084236145
d7d031def9afcffd,0.5545767545700073
fe988e87b236b92a,0.5221830606460571
504f561084540a81,0.507725715637207
af2f03956ead6604,0.5057776570320129
71c538ba25496ac9,0.5474550724029541
6c76478d3be07e13,0.5359673500061035
92b396d900b3873e,0.5003000497817993
d4dee387d87d5677,0.5395690202713013
eca9cd84a2580739,0.4892021119594574
95fc9107e18ce5f5,0.49515578150749207
0c104314354c3221,0.5548747181892395
2a0fd14200a1e7f7,0.5144706964492798
13c1792b3280c963,0.54254549741745
e9388487f55b9e95,0.5220502614974976
0bc040b1fc82b6ed,0.40093374252319336
568921b565a0b9b3,0.49048882722854614
8f4ada8a1f9e7cad,0.523013710975647
5098b138ca778063,0.5399632453918457
11612e29e6cd4c08,0.5294235348701477
ec8847d83bd8ea71,0.5286573171615601
ac97c29ba497ee45,0.5215998888015747
e778b3724c0f8d94,0.5394501686096191
8b42b38b63d6add3,0.48174482583999634
94afc3f674bb75ff,0.45418137311935425
78be31d333c702ab,0.5523512363433838
ef4c73a6c45c4b40,0.5051037073135376
3549dd15283af0d5,0.4223003089427948
5e187f8caba1a1af,0.4591090977191925
ceac880460a33fe8,0.5254529118537903
3647879f4fa5ec31,0.46877986192703247
b9405e852a3f6bae,0.4537195563316345
25ce01932a364920,0.39984130859375
c624e4e83086c221,0.5295013189315796
b21fee7c426400cf,0.42676854133605957
1cb7846632285758,0.5258364677429199
efa6c4e3c447e4ea,0.49122339487075806
962869e76bd60a0a,0.5312417149543762
989e612f86e86f8f,0.5414127111434937
e73a38c03553694a,0.5312440395355225
2a5d96717bedd54b,0.4745798110961914
3beda4d7feca8ffb,0.5646861791610718
6e6e7e851b1b3ddc,0.484203040599823
af9233382c47db26,0.409227192401886
211a2c7206c11700,0.49514156579971313
d6b869680f60d302,0.4719180762767792
e23ba7ff86186735,0.4342561960220337
7797c6ea44eb45d4,0.5191848278045654
3d8b44728ad0c94f,0.5129773020744324
1f5b5d419cafc151,0.4001162648200989
4a8df85397614ec0,0.5157346725463867
25bec24b73bfba2a,0.38451892137527466
04e7c9cd4355cf48,0.5419509410858154
4f394085e623acb0,0.523779034614563
8476ccdb2cbd93f9,0.4974612891674042
0a504eebc1a6633c,0.4672202169895172
151bf97e1cde2337,0.5003319978713989
8eb46fc9e747a343,0.5558841228485107
6a096b398a5f81c6,0.47050559520721436
590ad6b69822014a,0.5191980004310608
5fe02401d2f02502,0.5405573844909668
297eb766a492d4b3,0.520698070526123
2097dfc3cc7c0403,0.4954415559768677
3e1373f09cad21a8,0.5552383661270142
a95104f4c268bdef,0.48477303981781006
55ba8044f575c538,0.5030444860458374
7f570ae81cda016b,0.5232865810394287
798d459c8c858648,0.39643430709838867
4a811bc8bac53bbc,0.5223503708839417
6e6d5a554d67811c,0.5260483026504517
e0941eca7590792b,0.5077675580978394
5cff375ea2bfdbd8,0.4861143231391907
455bd824f831efe2,0.36052918434143066
68ef1152f3416f03,0.5422130823135376
05d5cd600964ed3a,0.46746742725372314
46095c8bbddd4a83,0.5437806248664856
360953167ec5fb36,0.48639488220214844
c405b18330b621a2,0.5138376355171204
b20703475a9e5886,0.48456552624702454
8eafb98b15df150e,0.5174974799156189
39e5b6bde9388bb7,0.5032769441604614
711729cdf42dfb03,0.43973779678344727
f74f3c6bb923e897,0.5167702436447144
5868ea6bfeea9851,0.516226053237915
e4d3edcddd72495f,0.5099878311157227
970da7a93070a622,0.5017132759094238
ca52eb0aff866588,0.5527170300483704
4bf32201bdb228f4,0.5269076824188232
9b9716c38fc60266,0.5104418992996216
a412f1f1103b9291,0.49597448110580444
bcdcdc978762011c,0.45212221145629883
8729d08b72d4f121,0.4914734959602356
c0e446e06b014fae,0.5005820393562317
672851d0d28275f7,0.44786497950553894
800b948c252d63ad,0.5052838325500488
c041991d491c8448,0.48079946637153625
63745ebc7b98e7b8,0.5087069272994995
353a5681b4e9fbc2,0.5658694505691528
4a5637341485283e,0.4872168302536011
ed744dab31f2b70e,0.46522751450538635
37ff9fa6d0f99f82,0.5096220970153809
0f0f38d5738b5001,0.5362859964370728
321d557285d6d9a1,0.5071578621864319
1bfd1fc40b2f3ad8,0.48223406076431274
40174cc40e22e127,0.5414435863494873
251fd5f2f3b6b248,0.49385425448417664
21a6d8bfd6be9ead,0.4581165909767151
c3780d13a05d09bc,0.5494177341461182
467dc25560139520,0.5112302303314209
d004cf7769a939c1,0.5115541219711304
7d08ec3dc978d655,0.5031180381774902
6037b85f1e90103c,0.47312888503074646
2581a08ceb1c540b,0.5061354637145996
f0c553ca178621f0,0.5366738438606262
ba0130ebe230d903,0.5316743850708008
d6797cc420dd546a,0.5351508855819702
8d988f301d9b55e6,0.4554462134838104
9018bdd360b43dad,0.40238046646118164
cb9ac680e13e206d,0.5267206430435181
24559234eb223015,0.5368256568908691
325df25c96dc7645,0.4186660945415497
0ed62c83244685b3,0.5338491797447205
8c2a714aedefec52,0.4850979447364807
9f4cab4c2afa55ba,0.528378963470459
4b2463bbbcb98c06,0.4692210853099823
d5417f2d635f7d5e,0.5027850270271301
b62f75a41503155e,0.47669315338134766
61ad0071049f161b,0.5078409314155579
2fac5b9cd8f9f500,0.5134445428848267
0380df35f0299fe0,0.5157932043075562
b901115fa3ee7bc0,0.5309984087944031
b49be13059da6439,0.5168954133987427
30b54537593c2fd2,0.5344264507293701
5c02564c376def0b,0.5531376600265503
d39ca970a4cb6b57,0.529104471206665
f72a94ed197c2a2f,0.3646230697631836
1603c018e38a719f,0.4837937355041504
cbcf390685706612,0.3910267949104309
67636ff73c585fe1,0.39524608850479126
cf87a422dec67ea8,0.46310126781463623
60ef60b940e9bab6,0.5073826313018799
a55cc0e855aa50ca,0.40688157081604004
02bb8e0f84572bad,0.5129182934761047
e63e42ddb9a63ffc,0.5255844593048096
d6c3fc304775858f,0.4699367880821228
5054ae6f898d4bda,0.5412100553512573
0d92179481e9d80a,0.5059725642204285
eef01c406f67cfa7,0.5690540075302124
e8542d5a6e18468e,0.5346872806549072
07751fb894bb5891,0.44356709718704224
2936353893143975,0.4913492798805237
93ffa9ba97f34b8e,0.4850447475910187
811188fa8a01f949,0.5583649277687073
ca5b2e1b01030519,0.508752167224884
2813217412265bbd,0.5023757815361023
fbd1045cfa8838ee,0.4896681308746338
80f6646dbaaa30e3,0.4797589182853699
4e1eca10c627be0d,0.5071407556533813
2cc5b980f5f06535,0.5423657298088074
65b6a072a694914c,0.467416912317276
1a75c71189a12bf5,0.5548737645149231
e24c80e66183fa00,0.5131899118423462
2a2e44365cd9f1ad,0.5389775037765503
b66d0123cf93b168,0.4712938368320465
4265e6bf4e90a98f,0.49272656440734863
515826acc90190d6,0.501011848449707
47d8a3270d7ca105,0.5068306922912598
830f62dd970b02ed,0.5095582008361816
088a2f02866aed7c,0.4855070412158966
20280e384752f275,0.5061857104301453
d94bedee1a8e808b,0.5450568795204163
6c6630d80cab72f1,0.493042528629303
6394c04806538f32,0.4722403883934021
cc33b46aa9ad7edd,0.5070356130599976
ddfdceb4d18622b5,0.5374922156333923
bbf5a073462106f4,0.5138168931007385
4800aa73192d5451,0.4999507665634155
660ce3b6d22cc849,0.5198737382888794
793f7071b73cf2a6,0.4523075819015503
a3a9e662984a5117,0.48264145851135254
055da1c60f18b1c8,0.5152698755264282
293c54dfd4785714,0.5520779490470886
06a37349f6f9646a,0.5126346349716187
ef7130478d7d1d77,0.5111323595046997
a594e84e2a3e35ef,0.5109750032424927
88cac9c06deb267c,0.533405601978302
d4ae47034f58b350,0.5254225730895996
677cb5ab127d2182,0.5297778844833374
ee52f65fa6720166,0.422565221786499
5864d1191f093718,0.48595449328422546
ce1c871f222e13e3,0.5202383995056152
1ceb727bc244d057,0.5194154381752014
6b52271003ad4129,0.47948938608169556
25754d503a83ec7e,0.5528194904327393
345512f81a666cc2,0.48601746559143066
dec6d13787d98957,0.5346641540527344
cb28fbe00157a013,0.5183575749397278
b32ca811870e919e,0.508795976638794
b8987db046f30b47,0.5065406560897827
de5f37a1db7d7134,0.5256311893463135
d50febceb5873b78,0.5098099112510681
c0ad5107423c63af,0.44049200415611267
c02ddf9367af2c11,0.49426889419555664
6cf90feb8ad05388,0.5050259828567505
224f4b54f4e83651,0.5408389568328857
0ccaa06cc631175c,0.5230050086975098
d9fa45f80198d8e1,0.5316711664199829
9a511e887181b5f1,0.5254347920417786
593a70fbeff817e9,0.46871280670166016
d29768fbe12fe043,0.38074755668640137
872670cdb9081ea4,0.5091440081596375
4c4bb81f7f2d84fc,0.5519593954086304
b08c512bf20534f6,0.5012567043304443
6f1b61b195148306,0.40688782930374146
95351f637061a805,0.47750091552734375
7b7ea02b651d3a58,0.45394158363342285
a1bfdaf69b035247,0.5316383242607117
6b29e7aea90a7c78,0.48246851563453674
ac385155e48aa09c,0.5127695798873901
91c9af741addb777,0.46919649839401245
2beb0fb908f6649f,0.5319802761077881
ad59d576cf742851,0.43722987174987793
27abb1bb2b4b7a99,0.4526098370552063
cb3775887949ebfa,0.5507938265800476
6bb74e6457340044,0.49988996982574463
e056b33aedfe5722,0.4655936360359192
c114eb08017ad87a,0.49218982458114624
38f3780676cc652c,0.5208473205566406
d6373d0ca70783cb,0.48502790927886963
3c3de2994bae3f55,0.41156959533691406
d489b400e4028947,0.5359959006309509
48980cf1b9126935,0.4919724464416504
f8fa22467d65e160,0.5594146251678467
b87c6df242afdf75,0.5287885069847107
61cd4b680b239131,0.5042185187339783
577f1ac6975c19ba,0.5021608471870422
3a66e735aecc027f,0.4615718126296997
3df49d79fdcd0d9f,0.5339605808258057
db70b6d2c16351d2,0.4896699786186218
dd926aea14f00610,0.5099138617515564
e38311ddf08a8c1c,0.5142155885696411
c03efac7ff4ae186,0.5272862911224365
7bc3a26782549ff5,0.5176129341125488
ffef8cb00ed052ea,0.49868524074554443
aba77944ebec0473,0.5423814058303833
dede54bc037dd99a,0.5073566436767578
fbfabef0f977f7b8,0.49888285994529724
71a71273699a1304,0.515080451965332
66d2238d605512ed,0.5234665870666504
675e0131a36803a3,0.481416791677475
c1cb5f13aa121287,0.5454015135765076
0a4f07bd5ca43051,0.5106825828552246
ca6f7e68d8e07e0d,0.5404965877532959
28ed34f080ea9436,0.5212342739105225
6880a3f702a8469c,0.4856213629245758
e1798c47917f4667,0.4782671332359314
35f57413c1143a5f,0.4767250120639801
5b9453caee32c11b,0.4837111234664917
4d8bd2cf33aab64a,0.5421634316444397
d162f3180c581f0a,0.5122039914131165
da3dd9b5d5d01ae7,0.5221534967422485
09ec73f89d1287ce,0.4672899842262268
e5099f8f39d303c9,0.48384982347488403
1b0f4d7fa495fca7,0.3919266164302826
6e051af7bb59d88f,0.5332335233688354
381090f45e8487fb,0.5351927876472473
83c54a217db387ca,0.5055489540100098
1a5ee9cf9e1a5680,0.5130301713943481
d8c1387c5b69e6a8,0.5045005083084106
dd42fceae336a84f,0.5121042728424072
30cd9b51b4c9a7ef,0.5187285542488098
512a9f910d4e8a59,0.5203367471694946
ec3afae6c626afce,0.39262235164642334
027fef9fba1cd439,0.519890546798706
95346649ff076d29,0.506141722202301
dd23cbf4eea5922d,0.49608540534973145
180b43989a495b59,0.5367767810821533
f0ec466d483e3376,0.47874653339385986
cfbd4e6bb056a5cf,0.5336083769798279
50dec48cbdb2719b,0.5106541514396667
d80fc85b89178ab7,0.4348353147506714
9d5ccea927c6ba6e,0.5300593376159668
b0d88f5c7815df89,0.4514361023902893
7d475ca7e0b46136,0.5525204539299011
f46dfcf4c0981f70,0.39917904138565063
0a9c1e7ce3600365,0.49277687072753906
bccaffad9564ae6f,0.5314229726791382
f0ee5eafeea23901,0.44984251260757446
c274be493cbf802a,0.5020092129707336
03e877ad9c4e56fd,0.5091379880905151
cacf8e08b09e317b,0.514818549156189
e95a68c1d9c5692c,0.38949668407440186
ae317f05e058d4f5,0.4613378047943115
b53af42e17b93518,0.5130046606063843
dda12bf68e003b82,0.4969981014728546
924247942b6e4576,0.47787559032440186
350c7090c6c22872,0.4660134017467499
d4ea8a2cc985b862,0.5442426800727844
cadc5cbd7de3e68a,0.50146484375
00fa7daef6066274,0.47187721729278564
c4460c0b874b7a85,0.5114965438842773
303730b5970031c2,0.5176666975021362
34394a4c8405eba0,0.43785691261291504
db39c92f8e55725b,0.5538040399551392
afe634700c49531b,0.5359075665473938
f927f8c5aef46dc2,0.5084608197212219
365d55e4bf23b57c,0.4863606095314026
928447a09ac7617d,0.4599667191505432
abe4ce6ef59f24d9,0.5072392225265503
7417ff21b8934d49,0.5146583318710327
7cc25e5d4e046f30,0.5126235485076904
62c19dec4390ce40,0.5113428831100464
5cced15181b0822b,0.521547794342041
cc70cd63ea251b82,0.3885518014431
8568b3a3b3ce5714,0.5091476440429688
728c853cf12c992b,0.4153583347797394
fd744f4e6ef68ba7,0.5289982557296753
5967aa365b6651d5,0.5151184797286987
2e55f93652d4cd45,0.3805643320083618
11db7980c3e98509,0.5142403841018677
b3c2a25d8c4c8b30,0.5025439858436584
1dd9138045702348,0.5164837837219238
a93f1e475a81d2da,0.523443341255188
dec005fe47108c7b,0.4958608150482178
0c39a62644f8442e,0.456709086894989
7976bbeadca41287,0.520943284034729
d89dcd91b496e13e,0.491225004196167
f1c05e7df4584eae,0.4099256992340088
57747726c737c7a3,0.502376139163971
3fe6f94d8193f8d1,0.49153855443000793
4cebd4b0531acdf4,0.5187194347381592
e761aab225c798a6,0.5114472508430481
a533bd683949a4f9,0.5198020935058594
5bcb7ee5d90f2600,0.4900262951850891
c12218ca6895bbd2,0.5109555125236511
693109a1fefadb44,0.4914514422416687
844abfa784133093,0.5036725997924805
1698c4928d647bb6,0.5110350847244263
758ef4cdde8f4f2f,0.48009562492370605
084a7457f49dd96d,0.5072253942489624
c967a446a59b648f,0.47349274158477783
5011596433f41613,0.5012229681015015
7bbe23237758ed93,0.5350567102432251
de10e1f3ab868cfd,0.5511788725852966
568a83db6b4ec275,0.5500087738037109
7fbad0efd27b73a4,0.5461763739585876
26c49109b388142f,0.5136800408363342
5164ae9663e4097b,0.49717408418655396
b4fa262e45dec548,0.5279486179351807
a1a2ed6d9baacf47,0.48838841915130615
f2c7a274a4a31e1f,0.5128750801086426
c293e2c5efcf4055,0.48967278003692627
ec790062818758fd,0.528096616268158
57ee0b3e502f374e,0.4647643566131592
d5ba62f6ce101bb1,0.5080196857452393
4b5ef0e9ad85cfd2,0.5195254683494568
f7e0be58b95c23c3,0.4653779864311218
2c634158336e72aa,0.48706451058387756
742669d8965b7834,0.5394184589385986
8b4570880045ccec,0.4798191785812378
6b80f7f6de246d85,0.5025153160095215
140c5fd177aa9006,0.5382299423217773
a40ccb486f5d1aa4,0.522721529006958
f35930c389c8532c,0.48478272557258606
16fbab4c147ba7af,0.518414318561554
a32e69effa313306,0.4852933883666992
d3a0fa1c05515db4,0.4196017384529114
1aa8d6a46e69ae22,0.4433615207672119
eced426176320aa6,0.495113343000412
ba8abbb5dde643aa,0.46674567461013794
4a9b54a9aaab49ec,0.5230004191398621
5b778b430163c00e,0.4335055351257324
a488967106443979,0.5018602609634399
5aa7d501ade48985,0.5180318355560303
37b18b631e448027,0.5484757423400879
1fe70f605790dfd5,0.5055568814277649
6fd65eda22bc9036,0.518217921257019
ef90bc6139ad8cdf,0.45243680477142334
2d9ae9bc8fb6e798,0.48810118436813354
0e41205a5f44d2d8,0.5226939916610718
139285bbb361813b,0.5180599689483643
c580b94245ce5539,0.5287778973579407
2f92c7dfa558ecf0,0.5433182120323181
1225872d18768a26,0.41354262828826904
6297240106d54d7d,0.4892948269844055
e77a644d08b32a5f,0.5122559666633606
014782fd61b9474a,0.4143182635307312
6e3d6b1719c256c0,0.5528556108474731
fa4c5186cb030c5c,0.4694955348968506
c45ea79900b37b26,0.5218287706375122
6c45ede970f0ecdb,0.49445751309394836
0310cb42c591ae10,0.4836962819099426
30a34fbfa461eebd,0.4888576865196228
d2cf5fe5f2b29a71,0.481192409992218
2a126937ed8bb4ef,0.5345498323440552
2912aeaf0ea00284,0.5662614107131958
49329f277660e7fd,0.49322718381881714
ef7f759d601a44f0,0.5112869739532471
38e1bfdce467215e,0.5051624774932861
40a3d1c105eb8172,0.4892808794975281
660148bd382e1d20,0.518191397190094
8682be6186c88f61,0.5007845759391785
f584aae5ed45679d,0.47266143560409546
e316d9869d0e8e47,0.5133198499679565
0bc179bb87773527,0.5233005285263062
42b4803c6f3bfca1,0.419217586517334
32fa31c165c148b0,0.3804996609687805
520457ad66abbb19,0.4945477247238159
989488f5ba14a32a,0.41960829496383667
548a8c6c1aed5d10,0.4177935719490051
544c9d553737ff53,0.5273299217224121
5ac62c603a6cda66,0.5125944018363953
ef0735f93d251529,0.5241922736167908
b2f366fc2a94aabc,0.5090300440788269
ad34876f96c64f8d,0.38419145345687866
fe69293949aa161a,0.5041804313659668
5c97882fea5f543f,0.502559244632721
f6affcdb4fd2a723,0.48326927423477173
d5c5d2c2c2ef24c9,0.4485567808151245
c95b428f64aed22a,0.4916876554489136
d143e9db5c3a05fb,0.49898284673690796
3323b6d24d0e8046,0.5244537591934204
2af8f7fe666bd61a,0.5123177766799927
4c39dd8cb3fbd595,0.47405651211738586
3827fad0080b0cbb,0.49761855602264404
1e07866992a16d11,0.501493513584137
10cbe28931342297,0.4951583743095398
abb05a3ed84c5f53,0.4967484176158905
a683806ee194af50,0.41865241527557373
3495c5471c69fe14,0.5493490695953369
b510f50e41813acc,0.5294034481048584
f4dbce5af04e2e72,0.5614983439445496
e7b7027e74325d4e,0.5210710763931274
a1bbfd17be4877d6,0.48642295598983765
c75f28f82d916d4d,0.5103350877761841
f7c90310941201ee,0.4544190466403961
aa1915e032da292c,0.4914419651031494
21054d3c1b8db17b,0.49022769927978516
dec3dd2a4e24d698,0.5148730278015137
d7c8c5f7e98f85a4,0.48449307680130005
415660935c90ce2c,0.5002835988998413
5f22477a10e1d81a,0.468706339597702
208e773244e146e6,0.5396682024002075
674f8e4ff1dd6b9b,0.4783398509025574
a46aaa4e0632bb16,0.5137994885444641
b2a6bb086461cf3d,0.5252369046211243
1e33f35660432242,0.4352530241012573
851fdc5b6084ae38,0.5056625604629517
bf2703755efefec0,0.49138426780700684
261cfc93d3c20bdb,0.5348010063171387
a6f2ef3627166534,0.5054386258125305
e04178b0b617f530,0.5126484632492065
2f341fe21c8d7820,0.4850396513938904
4a96fd112f8d9b55,0.5237043499946594
a8fc4555902e525f,0.5215047597885132
e46a32fe241a30f6,0.48166221380233765
e0155b67c7940d89,0.5159465074539185
911724d6f9d4e61e,0.516513466835022
c26061027e009d76,0.5217926502227783
e876f69c56c56a67,0.5243805050849915
4895773ca7c95fd8,0.5122054219245911
60f457ba6014f56d,0.509259819984436
32f0ad11de4b422b,0.5321877002716064
4500e84aca5400ad,0.46655747294425964
9dc1a99332fe5043,0.5509737730026245
b1d4b926b1553ce7,0.50778728723526
d581c2a7fcdcd167,0.5080186128616333
158c96d6271c1229,0.46722209453582764
466f73cf0c3e2a3b,0.5231713056564331
7b3ceabc35dd9c60,0.49214571714401245
aa1ffb2f0bc9547c,0.4920600354671478
b2dc1a5e3d5e0521,0.4077602028846741
7418503d6ea6e7b5,0.49461978673934937
b0bcd4629d4e0087,0.5508500337600708
64d2f2f4e76fa088,0.5255144834518433
6b8a69832bdccf5b,0.41151800751686096
8279eced942b7bd7,0.4491736888885498
65a2343a603572de,0.46885889768600464
d519f29aced40108,0.4698980450630188
6e20ca2e58daa12f,0.4966511130332947
fe339bb82a71e5ca,0.5027112364768982
accfcc2919957f11,0.5152880549430847
9f67d654b3e711b4,0.5043846368789673
d5580437220f7428,0.5519884824752808
31beaccfa74e30f8,0.38182008266448975
39307a6992e2588b,0.5400351285934448
7acf68d10b6342d3,0.48513275384902954
79f160decf04859c,0.5020022392272949
e86e2e901e4f6ad8,0.5247637033462524
7e7d7da978c7ff59,0.5123274326324463
581472492b0a6571,0.5136171579360962
e00b06f357f82aeb,0.5016760230064392
c1d2c2327225c5eb,0.48580116033554077
ff7e0452298f03d4,0.5204645991325378
5eb012702c89d69a,0.4922078251838684
b2eb0dfd8f3ac939,0.5425167083740234
feef567f591fc5bf,0.48669710755348206
ae9976d19382eaa3,0.5474445819854736
4835c41cd2ff26d1,0.4992421269416809
255a3a807b7cfd64,0.5012121796607971
cc5d29dc0c3ec2a8,0.38695359230041504
25c76c92b51842b4,0.48863106966018677
4ce880ce3fca021e,0.5079283118247986
56702819f77a738e,0.4888728857040405
f58b7f8b755145d3,0.5109621286392212
953ccb81edbcf00c,0.4882471561431885
4e06ffb056c6cdee,0.5235338807106018
bc427cd6fbad95f3,0.5108363032341003
d8a98909caf0e91f,0.4913589060306549
6c178c828dfc6426,0.4903722405433655
fb5eee408f1a9c30,0.4123110771179199
e075b9c5f06e3f05,0.5232740640640259
05300ce1aa104fb6,0.49837952852249146
65552a7faac71c81,0.4776270389556885
5157a91a47fda43b,0.5347684621810913
cda92c1cec80bb4b,0.5027594566345215
aad57abd6b0caa86,0.486639142036438
c4f397e23c3adb1d,0.49962401390075684
695a2c5cf51c0fd2,0.5012426376342773
f8899f192efd9202,0.514997661113739
5786951aeefd7e7c,0.5103586912155151
188c9555a63f36a8,0.4951411485671997
19caed8b87ccd1e5,0.5223886966705322
ad397fb1eb371fd7,0.45724672079086304
169bbe27457df78e,0.49891990423202515
3437609786eeefa6,0.5415033102035522
8c44172013bdcc41,0.518449068069458
1de86dbdec790493,0.5469147562980652
71c25d17bee6a562,0.48150354623794556
94d171bdea56aaa8,0.5073610544204712
21155bd52362b22a,0.5315933227539062
211fbf8cc09e508d,0.5117526054382324
5f03bdae0b4e3099,0.5555127859115601
4f630d1f70051432,0.51898592710495
77a8aec7a2aada4d,0.40842264890670776
52690d4b07e760ea,0.429358571767807
3051be861d4eeb41,0.46963420510292053
dd39afe4aa43180b,0.506547212600708
c1379eeced1dd9c8,0.46673399209976196
5eed2813b67efaef,0.46709924936294556
6511f3632ee656c8,0.5469225645065308
52785307727e9251,0.45206326246261597
a015162c5a506247,0.5013167262077332
10e46bfe12656573,0.4842913746833801
5d69cdd0bbb18917,0.4877595603466034
6cb833661d54d8c3,0.5017400979995728
4891d1728c09412e,0.4775114059448242
df8f2c8b690ed146,0.4966140687465668
c463db6eb29bba9c,0.518072247505188
02d446ca1846c3cc,0.5017356276512146
7aa1f89bb77d53f8,0.5155221819877625
458f56c9f2d18645,0.5568973422050476
d34f2c49bc1f5393,0.4032585322856903
b4db3dbcfd964731,0.48482340574264526
ad90eb38fa551e06,0.5387625694274902
afd7fadb08f68284,0.5096179842948914
4431fa99095ec69d,0.5267311334609985
d46a78979508fc4a,0.5218710899353027
b8f318691af35a3a,0.515227198600769
1018770e90bdb77e,0.5026044845581055
bed75e4b2b476638,0.500642716884613
8bbba133ebd72163,0.4853907823562622
4de2e3e5242637b2,0.518339991569519
e4609ec0bc3ca4c3,0.5599883198738098
4c8d3fbabf860281,0.5090171694755554
8b15752c77e008b4,0.5146490335464478
475126e47cdef1a2,0.4418337345123291
d130b28abaef9774,0.5410759449005127
a6b686778f9694b4,0.5373297929763794
509da4ddc990943b,0.5145237445831299
fd91ca37f5c785b3,0.5309901833534241
cb2953ab6c2d5c25,0.5440428256988525
6859aa3d37ae46e1,0.4796285629272461
6c35f98334498ceb,0.5101224184036255
13daeda2ad5bdad2,0.539929211139679
a8ed20d75e10e924,0.5018686056137085
bb97499d75dcb749,0.49246734380722046
c764b441f550dc78,0.5225938558578491
3129f9e84953f552,0.464305579662323
cfa6c92980601a47,0.4650687277317047
f885cbdea30ac28b,0.38473188877105713
564c065102184728,0.4908127188682556
ed290027a55d0a2b,0.44994843006134033
cc9d560d7baed334,0.530132532119751
572cb93c3466831c,0.5123811960220337
ea0c140b9723cb1c,0.5173120498657227
bb1eff6fd9383553,0.499506413936615
e631327aa19b0e5d,0.387580931186676
c7955a5b9b487e46,0.49063342809677124
788b40e3ead14076,0.49848252534866333
6a4d1e7b333cb6e3,0.5367856621742249
f581dfda1f9dda7b,0.3944995403289795
7abb7d0abf815974,0.4243181347846985
f12c248eca5b39d7,0.5115396976470947
6629eb472804a0ff,0.5439598560333252
393caa5ea30cb55b,0.4784514904022217
5e2ca0db8192d6b6,0.5134311318397522
bc9d9d1aafee335e,0.5055684447288513
9b9bd54c51f848a9,0.4944707155227661
6ac277a10c087e9a,0.5072019696235657
a0def80e2cfc3f95,0.5411772727966309
6c244d07805a29a0,0.5100908279418945
1aeb21f9ec120bf0,0.5002038478851318
063e9160d856603b,0.5139324069023132
c0dbef8d0cbbc65e,0.4843499958515167
ba3e72b29a58605c,0.40982985496520996
e530fc02908582c1,0.5052552223205566
b710d6dd87be2410,0.4921090006828308
5883842abf075d15,0.5184068083763123
3f0315ee00f99cc2,0.5195368528366089
015d604ac6e8ce2e,0.4690665602684021
1b644f3f7215902e,0.4875154495239258
cf9b88a61ebe771b,0.5365027189254761
2387b9c730d3b5bf,0.5121705532073975
28f99db2f9ff91ba,0.5024276375770569
f19d7823a52de722,0.4712103307247162
98d17a2f87c35f65,0.46704259514808655
875975a0a91e42ec,0.4950110912322998
27b2e77da05163e9,0.3943573832511902
9ce0eeb6c1fbd6a0,0.3879346251487732
e28193faa0bfa1d8,0.5225251913070679
ab1a70c71276498a,0.533611536026001
1feacbd9459fcc24,0.44335177540779114
610ba4e9afce10da,0.4999167025089264
88eff279d8496c00,0.4821309745311737
5b6d366b95b1da45,0.5240612030029297
625546ce00686856,0.5156347751617432
21df84d3470f433a,0.5152225494384766
08d4154aeac64b21,0.5294713973999023
c3738fe9af8a464c,0.47952166199684143
a49d17001d1484fb,0.5080119371414185
5518104d05abd8f8,0.5217166543006897
0b5725a7c5fd67b9,0.4889598488807678
49cfb22eb9da5c6a,0.5147219300270081
a420636479b4cf58,0.5288722515106201
695f183b5ab52223,0.504927933216095
2b7555fa20ba746b,0.416625440120697
fefb3536c8425027,0.5300010442733765
0c67ef80e73db24c,0.5017834901809692
76fd0217c6787610,0.4426698684692383
bfb6f751e1948a1f,0.5157665014266968
e5ef50da16597c1c,0.5173825025558472
44c994a4f938b8ac,0.5366163849830627
5642042f4ca57abd,0.5138424634933472
27fe2aad3e46b904,0.4920925796031952
2bac96785b6a7f52,0.5008642077445984
c8bcb6d56a44a302,0.46218961477279663
06bfc9c877d2090c,0.4894479513168335
73b9f64cd337fb5c,0.5216765403747559
012167bac80350e6,0.38779324293136597
d1c27809fd9ff5df,0.48413944244384766
c8a8d8a2f1913d7b,0.5035325288772583
d23027a7abc7beb3,0.5521141290664673
b8d532301240e01e,0.4958311915397644
67896cd0602b3e8a,0.47830042243003845
818cbd907fc449a0,0.4966963529586792
a9146bdba47acec6,0.4859367609024048
38bfb043d5cfca47,0.4986557960510254
954323eece1e2b2f,0.4486640393733978
82a20a92c8266fd5,0.4940806031227112
62e11ec80bac2222,0.517431914806366
a76050e8004f244e,0.555791974067688
77a6ba73ce815bc0,0.49817371368408203
97133d6eade589ee,0.4976082742214203
bc9262a77dcbe892,0.5278499126434326
61a0c6791fa931b1,0.48953932523727417
b8ac43521038fe7a,0.4821733236312866
dc50837a02567128,0.5218355655670166
a252b128b1d5919b,0.5137786865234375
314b6d1fc0bd4984,0.48176902532577515
63f631ca8426f197,0.5203855037689209
559027963b69e575,0.545199453830719
b38b5d15de447dd2,0.5172353982925415
80f798fb513c1ed5,0.5372034907341003
d45ebfe590585aee,0.5300778150558472
5b4a168629a62aef,0.5345509648323059
5330e0c135800f13,0.4771185517311096
ddd3e140231c2344,0.5275968909263611
aaf76091849c5447,0.5086974501609802
256fd80e95c64db8,0.48761987686157227
f8696ff11cdc04cf,0.5272641181945801
ac5c3fe7c70c9ca7,0.49325495958328247
33a0044f8cc22cdf,0.4960617423057556
71acb600202a7f0e,0.5098093748092651
fda354f41e4aa08e,0.50206059217453
d052afedb815cc11,0.396714448928833
3e09359949974200,0.4886259436607361
895f5ffdcb5d595b,0.5253595113754272
979db08ab7ac8938,0.5397739410400391
8aaa556fc59e9be4,0.4934019148349762
62b08a94529d257d,0.49690544605255127
4595bb9881ad63d6,0.4999663531780243
8a6ef47eedb484fe,0.49474382400512695
356bb205a5a5cad0,0.48909199237823486
a4a214a4df962dd9,0.4770748019218445
adf4e44079d6a9ad,0.5143649578094482
7c7f558e38bed0db,0.48124197125434875
bc06dcc3f3185a79,0.5408014059066772
a527cc318f2dc94b,0.5177385807037354
e77896ba929c626b,0.4194103479385376
cb748203aaff01c4,0.5360816121101379
c26f548723e4cf45,0.4942895770072937
169c41559a8b8589,0.5308843851089478
85b808338347043c,0.5619672536849976
bab3a61e8fa08e5a,0.4939783215522766
4420b0a1c4a467d7,0.5242236852645874
2970cb6d4a0157af,0.45542600750923157
530c522022fc0d95,0.5075739622116089
1304f7e62841dfea,0.40589961409568787
0317ebb17ddb95a5,0.42796486616134644
ad9caead12444d3f,0.48077958822250366
4e7558f6e1a838b6,0.5221829414367676
3c37e33a69e61970,0.5157880783081055
0542c5cfa4e04f4c,0.510322093963623
8b845fda862be23f,0.48915860056877136
5c9ef8d4cac3759c,0.5237733721733093
37b453c7abba79c2,0.5269527435302734
1969a577b0e0b691,0.5179764032363892
5e5fc106cac4e372,0.48877865076065063
edd9beb77750756c,0.4466593265533447
e3322f4566eb6634,0.5229055285453796
15a48f1772f9ff02,0.5005477666854858
c5286d07564818b0,0.5020318031311035
41b64a8a475eab08,0.5464070439338684
0dad8d809ad15b9e,0.5157206058502197
2e4203af526abdb1,0.5132912397384644
aa97f9cefe19768f,0.3859976828098297
6e66abe42bb4c559,0.4725072383880615
1d92e99e92cabb83,0.5273309946060181
edef621e0035dfcf,0.5232897400856018
8b92e3a7073299d4,0.5296506285667419
13685377d2e6b89d,0.49073097109794617
473c922c1f1a6965,0.527213454246521
906615c6d7a81ce3,0.4777296483516693
ec04df370a40bd0b,0.3838039040565491
6d2ccee08181bd26,0.49465250968933105
35101a35c1e1c49a,0.5094901323318481
f969e628c953dafb,0.5106106400489807
0357bac1d7e473e9,0.5327452421188354
8dbf71f0e734c739,0.48092520236968994
256398631eacb209,0.4975113868713379
480d6d30ee6e7fa8,0.44793152809143066
22518aff2733146f,0.48967480659484863
b2398be5b1a45ec7,0.5320351123809814
5abb622dc94c68a5,0.5167542695999146
b7d560e336245135,0.5202109813690186
e1d01e579b5c7f0f,0.47117435932159424
e4f3bb4ef273c495,0.4661490321159363
f0adf840bded282a,0.5149941444396973
111b0f5a6a869598,0.5069743394851685
9e403d2c08ffb094,0.5094285607337952
a068b9852a80449a,0.4421731233596802
d81163a5b6d783f8,0.5218554735183716
8dd1b7a9634c5ef6,0.5510985851287842
41fea6c71880b20f,0.5055849552154541
ae9e81adbf4c9846,0.5436893701553345
5cabcaa965b556c3,0.4791722595691681
2280b3fe0ea0d883,0.4929142892360687
4f9201a98b5965eb,0.4759783148765564
5b5a94a86f9b6ef6,0.48767396807670593
0b1ccbe86de08704,0.5262298583984375
e72a8bd64dd391df,0.49488985538482666
3ce0909c12c1791d,0.42001351714134216
9eea8c6c07a9e6d0,0.5165409445762634
95a6c6c3f0948195,0.525810182094574
341c1c219c99f8e2,0.48475736379623413
be557dae7996d567,0.5045473575592041
640b4d20b412f91f,0.5260254144668579
ddd4d0fc260de386,0.49331793189048767
d7350b1ab9dcb4e7,0.5182584524154663
178d7c4f529fe8c1,0.48837119340896606
42079d470774804e,0.5176929235458374
50c6c8532d04255a,0.5000579357147217
e826bbe908559bbf,0.5260829925537109
b5e98508a5232ccb,0.5166796445846558
c2ba0dbcce7531f0,0.49510806798934937
e3650f66309467b1,0.49724674224853516
464141e06d346201,0.4913129210472107
55e488bde1cff862,0.46651989221572876
616db7989b79bfc2,0.4455930292606354
d6e7946efda5d924,0.4174085855484009
13975adf37040a3e,0.5158466100692749
b19975121856973b,0.46913397312164307
2d6e5e24a6165a41,0.5197693109512329
833fedd93493b320,0.5373934507369995
14f5148cc6a3259c,0.3874325156211853
3076de7ef63fd8de,0.5305739045143127
a01fa1f90df6f914,0.5108720660209656
752811fc38caf915,0.39772146940231323
8298bcbc41738d03,0.40612947940826416
549a6c790973ae4e,0.4876334071159363
87051ee48478726c,0.48811817169189453
ef2f8511920680d8,0.4745311141014099
dc4ff1cac6c1689d,0.48824650049209595
f316bd0d5d9994f6,0.539297342300415
68170b0c6e968d9a,0.44365331530570984
67db2a4e5875dcc3,0.5019978284835815
4c412542a8bd26f0,0.5144516825675964
a5ee375dfa299641,0.4238276481628418
f0315a219a119c4c,0.4990246295928955
9dacbc2716525933,0.4525298774242401
d244ff631ef4b955,0.5205997228622437
b3965eac93939c02,0.5296445488929749
f85c6a2b1d924522,0.5185691714286804
0701e04b0f352d3c,0.5525566935539246
54bde7cb5c622f6c,0.49699532985687256
0f041929773f3b2a,0.4945085346698761
55fee7658fb06e4c,0.46206119656562805
95982f5fa8394bb2,0.5649670362472534
cbbc53d5b53fa681,0.5220539569854736
b4f0558d27be6305,0.5203304290771484
7dd1da46079c6706,0.5404126048088074
ed3411369b4366c8,0.507042646408081
da426eef56b34f99,0.5002536773681641
7752a6ed59b038b4,0.47750890254974365
90193ce440888dd1,0.3781627416610718
95441cadc79b969a,0.5155558586120605
69348214dd6b7ad8,0.5154460668563843
278edce2c31b5b99,0.4918970465660095
1665a9f50ba102d7,0.5064145922660828
23af4ec11784bd43,0.5260492563247681
8d8dd3a06ed39257,0.4899550676345825
3923b8e9fbe79719,0.524693489074707
98fbe5498e12eb3e,0.5033687949180603
59bd7fcfe0a813f9,0.5357446074485779
4ed3dbcfb0bd44c5,0.509863555431366
cfe8a9bba5a1c171,0.5199408531188965
f3ac266851326bbf,0.5376476049423218
2a93a850ca976a34,0.5125194787979126
95524bc1d271ea69,0.476518452167511
7afddde065b39dbf,0.5090370178222656
f4ed85f39b232720,0.49019429087638855
5cfb0911fdeb021c,0.49026042222976685
08e1a37bcae54797,0.5022706985473633
3ca84a3033d39679,0.5434598922729492
e6efc702161d0322,0.5089635848999023
02f6ca61dac675c0,0.5114463567733765
dc1aa2d4efb6cdc1,0.5349089503288269
d7a72bfd51d0ebbe,0.5237400531768799
b1dc735c9a363224,0.4741566479206085
ed463a48c7f1fd76,0.47817462682724
a81452f9a7052cd6,0.48191893100738525
953e23e5220904ed,0.4861530363559723
8fd8c721d0531c5c,0.5363930463790894
ae028497bde6d09c,0.49283766746520996
72486cc7e8aaa682,0.549070417881012
ca3789900e4d026a,0.48746341466903687
b4cc9f796ed5719a,0.4996213912963867
64db713173ea0d5c,0.5395179986953735
88f48d0004036dae,0.5011035203933716
a1304549420ec83c,0.48137587308883667
1bb628c22aceea37,0.5253158211708069
95b89b38904c115e,0.4824655055999756
00dec6079bf9e53c,0.5430225133895874
4e4be185533ebf8b,0.4449687898159027
0a703cbae0058477,0.4831780195236206
c2a70166de389ef6,0.4947372376918793
82ad9c6d820f8a8c,0.501640796661377
074cc8068b886b8e,0.42673444747924805
ee3535dd150542e8,0.5063247680664062
7737069c7f38508a,0.5154412388801575
09dadb0536721daf,0.5326926112174988
3a978d5187d272f9,0.48898738622665405
0d9b647ace010952,0.5404889583587646
932f7ffb4eb326c2,0.479218453168869
3d91367caa2d3ab5,0.47707152366638184
13aff2fa47b619f4,0.4963526129722595
79721965eab2f598,0.5242884159088135
932b669364ed392a,0.49190324544906616
b65356779daab924,0.49690863490104675
adcaa82b733f7f35,0.48721843957901
b0588bd4305fcced,0.5237916111946106
ed17b60f84fd873f,0.5020748376846313
f35fa9cfe511d288,0.5001538991928101
402d64b08a6e3d4a,0.5133554339408875
02d61df22df74b01,0.5480672121047974
81a9cc4a7e7b9090,0.5196809768676758
b70b2efb842e79d1,0.5128339529037476
9aa7ae885c78627d,0.5032818913459778
4a9c412e4af96eb8,0.5509910583496094
19a3e4de3271d144,0.5061353445053101
8817cdaf79a0263f,0.47857755422592163
7f4b0a0b1c5a13eb,0.5588815212249756
b0784a49058b7703,0.5301567912101746
c739fceaaf789ca7,0.5216946601867676
0eed7d815572bd76,0.5320644974708557
480701f17e101e87,0.5250214338302612
9acfdd448e7680f5,0.509544849395752
176ff7a1c0d9c815,0.5278065204620361
2ef7c354db5d3983,0.5296138525009155
42de32f2fa0f1985,0.3799645006656647
2d496b7754c33c18,0.4414350390434265
71ae758d9430faa0,0.4870809316635132
576729558c189a03,0.48211485147476196
83b1224889d47ad8,0.5248301029205322
45f0bd4ed9034ab0,0.4952726364135742
14a285fd566c3c7e,0.46101659536361694
88123fac7e1bf44e,0.4772752523422241
2eb331fe11e6ee4b,0.4870082437992096
d98e912f92d5d9ae,0.508137047290802
861cc4ed4e23da62,0.5166995525360107
7dbc4119786d416e,0.3859062194824219
191052a5c405eea2,0.4545196294784546
6ccde3a8383ea940,0.4694981873035431
246e57bafd7abb66,0.4988000690937042
4cfca3212b8c1818,0.39140015840530396
e61af4eb764a2f85,0.47670233249664307
c86b2d0532008370,0.5468692183494568
5ef3ce8df5899fe5,0.5094210505485535
9607ecb47dbe6739,0.4976150095462799
a0d079a1e876ba21,0.5167831182479858
55ee1009b5fb9afb,0.4880293607711792
e74e0d00004e501a,0.5424238443374634
d09e49258087dd58,0.48671799898147583
9963b660b5061420,0.4473564624786377
42558b31c7819f6b,0.5360490083694458
e569b8ec47b7b021,0.41173064708709717
696b96d6b51c3903,0.47655928134918213
1149c5b1ffc32450,0.5406255722045898
2893fe3ddde48672,0.5275467038154602
ea55d49f38ff0f40,0.5452470183372498
0fc7078dc5eb2033,0.5220304727554321
7e3694a23c3a612e,0.4854300022125244
2e76443513bbb6e7,0.4867117404937744
573fd2ecdef2f81a,0.48939061164855957
d82cff3813339292,0.5634890794754028
5ba779adb2988a1a,0.43548473715782166
d984824dc42170bc,0.4976332187652588
1affcf7b893f8443,0.5297141671180725
91a66f4255ddc056,0.5059532523155212
8f55307f172de421,0.4806833267211914
0c34e2ff4ce5bbcd,0.37597355246543884
f8ee2e58542dabc0,0.5131495594978333
019e7344eeb4e870,0.4998483657836914
4bc2122977e17bae,0.5358076095581055
8df4467005781a47,0.5059777498245239
65a0a3591a8f2424,0.37616604566574097
b7a6c6563bf76783,0.5361509323120117
8ae96703f012ec53,0.4650862514972687
f12516417808535e,0.5191368460655212
4bf0f5c1958c7b14,0.5142726898193359
5679a4a01d07edb5,0.5108081102371216
6eaee4e9d8c52a3c,0.47893476486206055
5e48bf58d9529d25,0.5084129571914673
9b1d9b24000983a4,0.531604528427124
db4151f94265d6e9,0.5425264239311218
588c990a3eafbe0d,0.498018741607666
7594bc2c83525cde,0.5228359699249268
728845a653da8d4e,0.5113269090652466
fe16f230faf155b6,0.5036048293113708
c967b12a675d7ab8,0.5020719766616821
e8f26ca5d825ce99,0.47869551181793213
70082c9ecb18c657,0.4885711669921875
aae4141a7175f63b,0.5262420773506165
5b1a7a8f01c7318c,0.4843490719795227
2252782436fd6a05,0.49176740646362305
8b6ca76223a8ba49,0.5126712918281555
ea3896d6683b7c59,0.4837900400161743
be1c472c9e6aef78,0.4930626153945923
88ae4877108514a8,0.5198971033096313
6d14518a32c424b4,0.48020729422569275
0fa0a059c2414658,0.4817487597465515
01c08197a3a71a0f,0.5223935842514038
f9e51c084283ee17,0.5538473129272461
b0850f3507d636d6,0.3881412744522095
92df1591dfa39a93,0.5043988823890686
cff0e64fe308d64d,0.38136106729507446
c276dd52491309c2,0.5327939987182617
33537711766c81ee,0.40600287914276123
672e0368e9b9bcd9,0.5175995826721191
9ddb2cfeb3a003ba,0.5217996835708618
736fca32ff8c7773,0.47828394174575806
bd94e165913f70fe,0.48942267894744873
a8638a2ed9e4dbd7,0.5538293123245239
64de9430ab371d47,0.5023431777954102
29345e8b45091c7b,0.541510820388794
8ded9af32fff823b,0.5192926526069641
58f3538e29de53b6,0.5269293785095215
eac33704b6dece18,0.5160481333732605
66b0cbfb69125634,0.37873828411102295
388a886be9a490fc,0.5075118541717529
5c2c87c8a1ab31a0,0.5437253713607788
db23e6dad20f63a1,0.5079681873321533
6484445b0270dd59,0.455482542514801
900811eac59a1ac4,0.48431211709976196
aee329c7535800df,0.519565224647522
18359ee7381523fb,0.5329432487487793
d43c765bbb428fb3,0.4979228079319
49eb0dd2878236d2,0.47803640365600586
5dc643d29dfb5d1c,0.5254781246185303
343e39c3253e64a4,0.4706007242202759
4b8bb409c13c7302,0.5459734201431274
315b28607374e79f,0.49522483348846436
2ab11b9a984a347b,0.4877091646194458
8c7429cd66692342,0.5454298257827759
9858effb4c1128f1,0.5559794306755066
95fc6b8667e4cf4d,0.46921592950820923
2abca5751f0d93e9,0.5362023115158081
96bbcf4052a2f0cd,0.4935795068740845
eec7002123aefbf2,0.49809956550598145
d0ad650da75860ac,0.5294445753097534
1a5df7b999456b32,0.489513099193573
341f09154dbda23f,0.49035507440567017
0fedd44956a9347a,0.45581942796707153
6b72b84b390c7059,0.5498648881912231
3274a65bcc2d0a2c,0.5296370983123779
b9702ab76796d083,0.5194094181060791
6a5e44b875745287,0.5623046159744263
f039a0fb57f77427,0.39829033613204956
0d7e6ad4cdbdd126,0.5257563591003418
abc8daecd1e99e66,0.5207026600837708
6404b88315560a50,0.49595677852630615
7b60ad504e121526,0.4800716042518616
248e1d6f1d0f7280,0.5044276714324951
fe50f5c01f42df96,0.4779968559741974
af24e103dbfaae17,0.49071204662323
989865fb12ed9f14,0.4883731007575989
3cbce0e5845620b6,0.5059406757354736
ef5dc27c12075b8b,0.5074639320373535
303ee09888c8a77c,0.42870956659317017
16a5369315c7556c,0.5354032516479492
28a9a6210ed73283,0.49329954385757446
4867f3774512939d,0.4313224256038666
05b6b578d26996f9,0.5000887513160706
6abd9d832d6d3b41,0.48370659351348877
51e1a5f84fec1da4,0.5486575961112976
b46af38a3943ca39,0.5275630950927734
968b123665a1bcaa,0.4832080006599426
728965a6d07abab0,0.4929776191711426
ca628332cbdac3b4,0.520734429359436
2b106c624a07adfa,0.3891001343727112
67c6558b549dc643,0.5090550780296326
e07968a7347844a9,0.5075701475143433
8d99e4cea787cdb5,0.5333207845687866
506ccb2e9b6c3841,0.47254711389541626
834629d1d120d80c,0.5081956386566162
56115371995bfbc7,0.5604590177536011
b7929f2c0c4cc6e2,0.5059159398078918
96a0847179557231,0.5062829256057739
5f6c26611489e388,0.4937756061553955
4b7b4668d154ac25,0.4826243221759796
ef1db7d18329ca33,0.5329412221908569
21fae1a4ec633ce0,0.531187117099762
e8730d3de63ab87e,0.4534216523170471
d8ad7d3e2d38aa4a,0.5265403985977173
c6a93b1db4227b97,0.5219191908836365
5be9a77174995547,0.4863186478614807
5cc4071b0617a2c0,0.48288142681121826
00cd42308fde8649,0.4325912594795227
1a95e397202d76ac,0.4946780204772949
cda2bf098a9979eb,0.4959656298160553
0d31be4dd45213fc,0.4936268925666809
9e2fa89da3d82a6b,0.5299857258796692
874b6002bdb84073,0.4913991689682007
0196d7310a0bcad2,0.5527175664901733
5746826455198d02,0.5647862553596497
00f0f8ba79f82110,0.49822336435317993
fb3905c0b428bdfd,0.5523121356964111
bde054d011d1e34f,0.5030781030654907
da1efed043443e28,0.5561634302139282
2dbb1ae36efec9fb,0.5220790505409241
d731893b6ae22757,0.5067086219787598
ac0eb271b883ca55,0.49170154333114624
00f47260ca253d7d,0.4776596426963806
e12c1fd9465d6311,0.48639795184135437
b50dbf23a7bc9d58,0.5268139839172363
4ad28a665c5bf844,0.472107470035553
f530409ba3ab07da,0.5109889507293701
1d7b8b98170ce61d,0.48315322399139404
fd911246c16cb843,0.47737330198287964
f354b74af66aaca8,0.5215156674385071
36eb2a431721744a,0.5105104446411133
c7d17ea5cd99e621,0.49489593505859375
6c345edb432ba903,0.4917837977409363
5e970dc9d7d98c06,0.5543079972267151
6f1516c1b17fa9fa,0.5471662282943726
e13b92e33f842d09,0.4756096601486206
3a13106572723986,0.5136010050773621
8ea0cb4153c50016,0.41841012239456177
4857d31850076413,0.4292020797729492
67380755d6e5abe8,0.5002315044403076
49f27c3343e7ec85,0.4760656952857971
e3e2f6f4881bfc1c,0.5317760109901428
0262700df77cd58a,0.5095647573471069
9369dbd779a94038,0.5087701678276062
0f4fc5a3e8d85551,0.43459847569465637
44a6a25902706fa9,0.45263925194740295
d33a593a0a1a0fdc,0.5284126996994019
1dd6801284dde6b7,0.5253145098686218
d5bd549ac93d4047,0.49428290128707886
333579aa76267a6e,0.490791380405426
cddadbe0df47d16e,0.5181260108947754
c89a0bde68b3dee0,0.44391778111457825
e0b52505b2804d38,0.5352499485015869
dc33cdd878f7f3b0,0.5445791482925415
214d7915a22ffc53,0.5211554765701294
0971a2e1771ba9d9,0.48469293117523193
30b7d903ea3f7715,0.5527132749557495
ec85e5e1a106759e,0.5174598693847656
0630653a516efd95,0.5432129502296448
9e27220fadb9302c,0.48154693841934204
b164fae167535846,0.46746617555618286
332ff0f5ddfcbfca,0.48356354236602783
d77ca5ae82ef497d,0.5161231756210327
9d10649d49ba90a0,0.36696168780326843
e229cad5a22ec629,0.37116360664367676
0ad68ccc84b10d06,0.4817318618297577
828b8c183780e510,0.5340548157691956
68c928b7b526f0c9,0.4901033043861389
4eda10fb3db15a92,0.5054854154586792
9d8e142f3e23afbc,0.5135769844055176
3cbfaa9bf36036f9,0.5351675152778625
1b228ea6f596b7fb,0.5181471705436707
119272fadcfb5a37,0.46955567598342896
a8cab7ba3363346f,0.5021559596061707
9814c56d2fa7030b,0.5568268895149231
8253f657fbecfd68,0.4908176064491272
4da2fee741ce5884,0.5091675519943237
822dbcb0db05f292,0.5245777368545532
22998f257dc1ded1,0.5081349611282349
e1ce0edc07a1540d,0.48454779386520386
c64eeb1e6c76c300,0.49265342950820923
bae022096575f7b6,0.5271468162536621
298cea30b8d0f33f,0.45780134201049805
8cc0f1c93054ad84,0.4887429475784302
eed2482caba2722a,0.5219619274139404
b6457dc7a54b372c,0.5235947966575623
481c12ed3e17eea8,0.5230212807655334
7b94c735520f5808,0.5252761840820312
75b6533ac35ab622,0.498238742351532
ff25c8c459b3b1a0,0.5374705791473389
eadaddb7a81d5c5e,0.37993717193603516
ff2b45ecb9730cd7,0.5059895515441895
0875669305b68756,0.42444902658462524
8ece39c8eeadb0df,0.47401750087738037
e4b81e877cda2580,0.47865378856658936
8a0c2a9411efd65f,0.5053605437278748
a5d9a0cc6ac8b93f,0.49009764194488525
bd735b938efaa7ee,0.5067516565322876
86db1e61feffb03a,0.4658459424972534
fb6d5e2ffd3e13d4,0.54761803150177
9e017cb15dd268b2,0.47868484258651733
dba2b5e91612108a,0.40474772453308105
5440b00b6ab8d804,0.5308924913406372
6c420328dd2d991f,0.5005182027816772
f9f7edb2a40b247b,0.5236508846282959
ae5ab80066cc26a3,0.5256353616714478
6d58612d60a80a87,0.5177154541015625
32e4a5503ec485a0,0.44164130091667175
7d8a691ccbbdcdcd,0.5065991282463074
39df6eff0c03e30b,0.4970836043357849
86b0c709499539f4,0.4874797463417053
5314b2398f080f17,0.5464537739753723
22c12aa6c26c2a72,0.5019353628158569
04e5f99d1293a62b,0.42764782905578613
647f5e48ec576a1c,0.49686798453330994
dbd9ea5185ed4809,0.4738980233669281
fed58a0b98606a7d,0.49425750970840454
718b6932eab5499d,0.5476393699645996
26095752320b524a,0.48329609632492065
90cc53196747d4c4,0.4557010531425476
1129f51676ef1b86,0.5121296048164368
11787214218e9d07,0.5596601963043213
6c83ede9afd7c78b,0.5434432029724121
fcd8dc54a783f617,0.4889684319496155
1a9ec1e58949a0a0,0.5015872716903687
9d1f65dcc623ee47,0.5451952219009399
1c8a32af5dba0680,0.5238075256347656
632977921932da80,0.49594104290008545
05fa4b70dad63a7c,0.4782760739326477
7635c74e8c9ea423,0.4916849732398987
05b3593ec444f491,0.5221191048622131
051b781bb34befca,0.4703538417816162
d0a92682b269693b,0.5094352960586548
50b4f9ccb5be2009,0.5235903263092041
beafa7accdc17731,0.48199379444122314
0ec752468eb2ea64,0.43387889862060547
60fb349bce48ed68,0.48689866065979004
3493853709f96d0e,0.5165975093841553
7bc21560911a3f97,0.48972636461257935
17fabb6a544fd52f,0.5189237594604492
a073a4b6ac90d3ba,0.5116826891899109
1f7bba9fdbca1ef8,0.5576320886611938
297d5d4a73e91117,0.38859206438064575
d407c3f14d484df2,0.5449541807174683
ab5282300ce9a0bb,0.5447434186935425
4cc6952e781423c6,0.49906212091445923
1ce58a259aa4e782,0.5259941816329956
18d0d44faef88849,0.48382627964019775
61b117b651f954f0,0.4813882112503052
cbd3610ebafde8bc,0.4649065136909485
b6abc8a3bc2c8211,0.5115055441856384
ce381469d92c2403,0.4881932735443115
4f7dd0482e8800b8,0.37124353647232056
8b0d73636c4e692c,0.3830723166465759
c3c069673c48d7ff,0.5187304019927979
ee0fb227fb5ddeda,0.5430349111557007
607ebc37bddd7683,0.5134772062301636
1bcf0c633be858d3,0.48091262578964233
607f406ddd963fd4,0.5186805129051208
579fa6bfd59ef959,0.486252099275589
e4eb3bbaf56a092a,0.5468457341194153
d215fd7ab5b06ee4,0.529201090335846
c6a4c6ad2569ee00,0.5072063207626343
c1c29c1dc075ee6f,0.4899267554283142
f5dfd5a0a73091e3,0.49472761154174805
efa4a46c4ef869ed,0.5207704901695251
3b4e0659e04adf3b,0.5573805570602417
7d54672dc8d47d08,0.49146389961242676
6a45551b039e4721,0.4146072268486023
b064c29c90ef33dd,0.4858987331390381
c32aa3faef5cd89e,0.5004948377609253
8533e7ecd6b3731e,0.45476722717285156
8ed4bfe940f2f5de,0.5248767137527466
3a629d2d83b25480,0.5190294981002808
859c0ef973af56f6,0.529676079750061
16c916f7ea83c1d8,0.5316202640533447
ce0340e17305a779,0.5292469263076782
83122e4bf1dacf48,0.4902205467224121
128a0b96f2696e19,0.5220829248428345
84e4ae4733880dff,0.4717608094215393
0b3cb1eeac7206ac,0.4786606431007385
b2bb9937bf2f5754,0.5263296365737915
d27baff824dd1696,0.43431466817855835
106d34d798c509c0,0.5238004326820374
8f4b1a6b7197ea24,0.5314276218414307
90b23a02d3af597d,0.4686622619628906
5676a34b22d5af76,0.5527108907699585
1e684673903414aa,0.4921632409095764
e5743f2773a867ff,0.5679913759231567
b0a7b7b618aa6d95,0.5178014636039734
db74c0285f7b287f,0.5510842800140381
b80be05b4b18037f,0.36945411562919617
994f608165e265f1,0.5248430967330933
3f3504d82b78d240,0.49503064155578613
23c5b0d9ed7d1968,0.43094390630722046
a7d05ff3268e1911,0.4251854121685028
0f0ab5da45238e76,0.5303499698638916
ffc515632b97bddd,0.5475760698318481
cde8cd23efe94526,0.4835945963859558
3690255a27574c29,0.4694455862045288
da6b9dbcd4c3cdc3,0.549332857131958
a63fbb3aa513f3a6,0.5051938891410828
1afa3138df141580,0.4837226867675781
547d913adeb313e3,0.4886721670627594
2087c23289338470,0.5382620096206665
356f9a7f616459b3,0.48910897970199585
9000bfe79f31372e,0.36578309535980225
a29df661f75a0fe6,0.5314666628837585
a401461a6a393077,0.4990473687648773
f4fae25c44f0bda1,0.5161120891571045
5914268082241775,0.4925733506679535
59d2f13d06379a09,0.5501395463943481
7a0833e85b63a577,0.4884185791015625
8d41ccd5a6b9df1c,0.4761665463447571
f21cde507a860ce1,0.503901481628418
ea38960823dd35b3,0.5292412042617798
f1cf0222f33fb1c2,0.5065376162528992
62c52d204ffe87a6,0.5130974054336548
d69ea83e1e2f45b3,0.39309483766555786
fd9deb31b9b4b294,0.4893991947174072
20a3c8340a6c6543,0.4770318269729614
3682aeace51ad998,0.5252841711044312
2cfd7d456b8df263,0.531190037727356
5662f13453d88be0,0.5556362867355347
aa043fce51743423,0.5241796970367432
27fd606c8e492d58,0.4999966621398926
b2f99b50cd30cfe7,0.4701937735080719
311ecc3cae848a0f,0.4990493059158325
ee7c70968cfb53ea,0.5213364958763123
9d472218f49acf90,0.49548977613449097
78981991401c395b,0.512813925743103
acd2ca4914d64a60,0.4935618042945862
41afe430b14bcf4b,0.5069018006324768
00222760dfaa6b51,0.43667879700660706
27735c6a93839594,0.5466192960739136
24c04c0ad30e3611,0.4679931402206421
fc342f413fea9494,0.5238057374954224
4dfa920439778f3e,0.5323790907859802
914905995ecc3727,0.5174560546875
2e52ea5cad3ec82b,0.45664048194885254
f92d4ba446c32a00,0.5302678942680359
245cac5620a34759,0.5127357244491577
9ad96e95483fdfc2,0.5592679977416992
4b4d3c011ad45b00,0.5018680095672607
e599669570a910a8,0.4253060817718506
41a6be3690211a15,0.49961626529693604
bf773f5e2f96fb20,0.48306283354759216
f3528c039d2b1de5,0.4756227731704712
2ee86b620b954f18,0.4726587235927582
e05212c39717dec6,0.5087265968322754
470688c7800f2756,0.5280356407165527
e1ac37ceb116afda,0.4826415181159973
b9d4bcd8772f9945,0.553388237953186
b21efd2e49c083a4,0.5208136439323425
1cee4f8e20ef0875,0.5095059871673584
2a8d80df77888dce,0.4310929775238037
f8e9e0dd919614a9,0.47361457347869873
53c3decd6714fd1b,0.4898134171962738
3f3b531d4506a6bd,0.4595954120159149
37a717c5d1b0d541,0.537161648273468
6b7619ee2d5086dd,0.5279005169868469
af85c06732534d14,0.5209141969680786
560ce22856b17333,0.49039095640182495
812c64c2e5e8b7ee,0.4585322141647339
d3df0dae5dffae02,0.4996572434902191
60bf79e68c7a960c,0.5540723204612732
781dd7de50988399,0.40210646390914917
5a8157bb9b03d6dd,0.5052481889724731
0ad8bd273d16ac57,0.5324376225471497
4a7b7e616ca1cb2b,0.4845846891403198
5d369c8a7d867e60,0.504931628704071
7cc9d3faffaad2ea,0.5209931135177612
5a2cc39514d341e4,0.5149952173233032
478f153950ee3c94,0.48363161087036133
4f63cbc592ea8890,0.5137835741043091
49f6f2b83b81e87b,0.4593695104122162
1ae19cbf3c085414,0.46587347984313965
a46a6e0681eab4da,0.4969129264354706
d402ed650aa9c4de,0.4954279661178589
bdefed159c77a45f,0.49968844652175903
4d68ba783d8ecc8e,0.5310513973236084
549d9128a814a568,0.563552737236023
9aba76a8a172396f,0.5185957551002502
5a4a0fb39faa4c53,0.48241162300109863
916acbb95a72f84b,0.5566962957382202
0c0fb1171c049f8f,0.4679032266139984
c5f22cd2dd6230e4,0.5051599740982056
ac89f34bdb20cbe2,0.3617759943008423
5df0ff3c72a23bc8,0.4965471029281616
a6aeffcaab3b69a0,0.534207820892334
481666e6c54b4e71,0.5120704174041748
c2c57e732741cebd,0.44089752435684204
9c2cc422a3685ea1,0.5343421697616577
370c4156b1af449d,0.4875641465187073
56405eb7a234cdf6,0.53691565990448
e4a0014ab3a85fb0,0.49112340807914734
406abab9bf4e5ed5,0.5066484808921814
49117e9f554472f6,0.5076435208320618
c290a91f075790f6,0.5273343324661255
9757067d6532d534,0.5069998502731323
051de17646f6f740,0.5733071565628052
a62aedaa92f65440,0.49883100390434265
4baa2853183316cf,0.45767322182655334
43cf7f2c6e7c090f,0.45382753014564514
caea46449e8925dc,0.5098510980606079
19ba0b158bb2834f,0.5076979398727417
21fdfc1017e2b00d,0.5122658014297485
7ea26089e6841eac,0.4860200583934784
c02d1cc189586b8e,0.4906570613384247
5d003886f6ba9a76,0.46205270290374756
280035b55d1e9f98,0.5356020927429199
cc26355879fa41e0,0.5065872669219971
2eb5e8cc4f2ad663,0.5192009210586548
0cba3dc8419edd90,0.5527258515357971
14cc046eb9e8ae5d,0.48748886585235596
069d4fbd5795941b,0.5261879563331604
db9e73d8f88ec697,0.5280311107635498
84f109e2ed787cdf,0.47279685735702515
9f11ad0675b00b97,0.49726802110671997
6550380a71e7912c,0.49663490056991577
2d81a611d2bb1c87,0.4338745176792145
7bc3c6f30f951b41,0.5157855153083801
fb8ec1f64417ebe3,0.47835296392440796
3fbee0a5f66b5542,0.5160243511199951
bd4b03cab4daab02,0.5130985975265503
4ed2936e836ba5f8,0.4207382798194885
6984acb5ce213300,0.48103198409080505
b8ac9514c0a2b7fb,0.5207609534263611
f9d5cf4714ae3ec6,0.5497127771377563
f9710478dded244c,0.5048973560333252
1fa58a4251e2737e,0.5535829663276672
ed32ee360809fa11,0.491791307926178
f5994121fe276ea0,0.4988839626312256
24052666918266c3,0.5277818441390991
8f19f576e8ed5031,0.4930175542831421
fda9fad54c978de3,0.47658395767211914
de8e4b7381a81e00,0.5587326288223267
afc994d35e01e93b,0.4266358017921448
439be9591f594ba1,0.4836999475955963
9f7deac9528533b9,0.5138543248176575
3e52f1fe8654fd06,0.5307836532592773
76eb7dc7d90f26a4,0.38807612657546997
fde9268d73001b63,0.4247927665710449
aa2d14f57d176f06,0.5302430987358093
4170cf97b7e6c30e,0.4815252423286438
014ef3fc93e08051,0.5273822546005249
b252b4be343b19df,0.3822632431983948
211fd9cb7bb5642b,0.515419602394104
866773ad30e64529,0.5065799355506897
76cb0e1e6f7023f1,0.4902964234352112
921fad5de6ef16ce,0.5036089420318604
773c8cfb4a5ca196,0.5614966154098511
8fb60580cca49630,0.5294896364212036
215767ef19fc8159,0.49199336767196655
5de9938db672c371,0.5361381769180298
47f6159817e9c60c,0.44832372665405273
1eb6269b6fe0496f,0.5195901393890381
94c5b5d388ac71e9,0.42373526096343994
3efcc7b9fb28d9ca,0.5130903720855713
346fb68f0793c8cb,0.5559169054031372
b2a7860482fb16fe,0.5035223960876465
02f63ad4e6a30947,0.47576215863227844
f5932691a627cf82,0.4751695990562439
79db1c528486a116,0.5419095754623413
2bd5cdaebe776dcb,0.4507904648780823
3b600fe5c8f9b6d2,0.5040526390075684
5e5979943b47890d,0.4832490086555481
714cbe2655ace25e,0.512445330619812
7cbdb1e265addb73,0.5297203660011292
c4d7288fabfece37,0.5105704069137573
8ea4aec3686378d1,0.555627703666687
162b936488a13b75,0.5331348180770874
cfe992a617ff5819,0.5234262347221375
736758f7f02f0036,0.5013678669929504
80085e0022d4c049,0.3919363021850586
9c124cadb703b9f9,0.5026419162750244
3a9efb8bb41f7758,0.4297674298286438
7457a014a54ec26c,0.49140679836273193
0ce52bf8ef1ec854,0.49269890785217285
bd9f890f186d5795,0.5288163423538208
5739249bf30ccb09,0.5091820359230042
95db000a97314c6b,0.5002809762954712
65f6a4758143be4a,0.49799925088882446
95353a80ed03d36a,0.5113646984100342
6b0e0029bea1d692,0.49537575244903564
a2254c9632f67856,0.5315804481506348
8caadfda51d217dd,0.47748035192489624
45e218a04dd473f0,0.5519948601722717
659d8d0beb42a76b,0.4954599142074585
60335f495806f05f,0.49784910678863525
a064377ae6825f80,0.49178892374038696
350fe7e1e435b208,0.5094565153121948
d587f12c639a8e05,0.509753942489624
43f70290c2bb0c75,0.49050456285476685
0c60d52f04549c3b,0.48526379466056824
67709095a5e7c30a,0.4943910539150238
d7d235dcf5b68333,0.5022222399711609
802f8ed137b7fb29,0.5044863820075989
e68d3700ad62a856,0.42828822135925293
70fdd1413e6998fd,0.5226569175720215
bdd573b8044de5a7,0.5349751710891724
db367fbee8197e09,0.5208901166915894
2ba743b35eee3ffe,0.485775351524353
bffcc329b1b98c2d,0.5193859338760376
a2dbb326bd802b8b,0.5239708423614502
e318d84ad5d45a89,0.5523509979248047
7882f03fa026690d,0.4989091753959656
2c0e3ae421cf327f,0.49014580249786377
e12528916cf28383,0.47591519355773926
e3fdd32847232358,0.5707682371139526
ccfed8948f57dad4,0.49175286293029785
be2d8af732d36e89,0.4602970480918884
527c1b38b858d1f6,0.47732943296432495
de0d2e5d4190fa78,0.4467366933822632
304d330276e68e66,0.4877338111400604
05b9efe725781e08,0.46269890666007996
791da1c074e7c7f4,0.5069808959960938
3a7d46db9e2edaaf,0.47572898864746094
4d38a49a0781ab7b,0.5315216779708862
6d6e0cff491f83b5,0.543832540512085
187280cd9952ef02,0.5660092830657959
5add34aaabafcda1,0.5032428503036499
3b4af5e803d9d7a6,0.4045306444168091
bc19fcbbcdaebfb2,0.424603670835495
b3761cbbd995b4bf,0.5329752564430237
bb940d0a4b48524b,0.4255121946334839
ab8582065f08e845,0.5253314971923828
d8032dd12879d173,0.48806411027908325
2a69aba1998781eb,0.5271742939949036
59bb4b3290b71fdb,0.517069935798645
9883544d2cc8724c,0.5651700496673584
144995ab89b6b773,0.5024927854537964
14943a867c0260e8,0.5076356530189514
3dc24707670617a5,0.4645256996154785
65879c710fc9f7d1,0.48541009426116943
76ecc9d7d59e24ec,0.5108232498168945
52935d9fed4c7ccd,0.5071099400520325
05bb1fc2f6a05db3,0.48609358072280884
7ed63579b49a6dc6,0.47214385867118835
df72939a7eeda75d,0.4937859773635864
8b17748b8f759397,0.535220742225647
01d01b02e5e1d4da,0.5498655438423157
892f428c8654c1c2,0.5211807489395142
28d11e3b42fa5ded,0.5460954904556274
d4bbd9dd310c66c3,0.5384516716003418
3658e8daa61a54f5,0.4559434652328491
566fec0d10293af1,0.5013716816902161
bb1e008d47bd54b9,0.46404707431793213
abda90ee49e91729,0.4737499952316284
b87f3ec14be9ae26,0.4581742286682129
7eebcd9b6af8ccd1,0.5155620574951172
f2062625032e5715,0.42418357729911804
7af3848105ef19e2,0.5318987965583801
9875172c046e7083,0.5086045861244202
0d370f3ee27638c8,0.36142516136169434
8c7267338b24c3cb,0.5083156824111938
0d2d994f631dccd6,0.5547924041748047
3b53285f214550ee,0.5005611181259155
79496e997792e603,0.5580180287361145
5128ce45540b4ee6,0.5658924579620361
eb91137a5970474c,0.4823455810546875
4ee72ac0e9f67f3b,0.48363351821899414
956feec37f3334e7,0.5037916898727417
cb23020f4b53fd83,0.4953460097312927
b9d0713adedb4ddd,0.5515897274017334
8a14d174865be314,0.4746812582015991
8491e374cc50307c,0.45512402057647705
0564848c8f7718c7,0.4856290817260742
b456e2e68d063b3d,0.5017927289009094
6a20f7a80995cb12,0.5300545692443848
23f7b34c6cc43616,0.3688203692436218
18d689c501684ede,0.44852131605148315
1ba7746e3f612dde,0.4889501929283142
fdce11a53129ffc4,0.5035821795463562
2aef91e544dfa041,0.49078816175460815
6bc872bfad4cde29,0.5450344085693359
c131d6e68b2726bb,0.5262587070465088
c4c45c0744499d86,0.529625415802002
880bd334b5147385,0.4173346161842346
fd0c2c26b7ebde61,0.5028765201568604
336d80e631ce54ad,0.4888080060482025
d58abeb0b4f374ea,0.515296459197998
0cf571d018c49f72,0.5291183590888977
59232dd330e9d5b6,0.4821048974990845
22e19c35cf9639a3,0.5384171009063721
2393f8ce76a8c9c4,0.5395621061325073
b7b57bd1f96a0ef6,0.4882732033729553
ff274f8e726e2f32,0.486098051071167
22e8b8c12020f7d8,0.5064777135848999
2665a04e35ed97f4,0.5105685591697693
b5ba71a0d79e06a9,0.4954416751861572
dfe4142524ee15ba,0.5305135250091553
80b3546eaef3f64a,0.5185847282409668
fce9d13d70152c1c,0.4966309070587158
b2ffdd8324d031c5,0.38383758068084717
1d17b20b330642c9,0.4608573913574219
3aaa00adfb11479a,0.519752562046051
bfb1584bb6ed0262,0.5249792337417603
2a671ca680fd8143,0.4945800304412842
2bb21eab56ffbc83,0.45957237482070923
09dce0ad0a4aac88,0.5140653848648071
7c0baeaaeea4b064,0.5704036951065063
7e26585cb6df8e96,0.46287745237350464
eadb2d1eb8bb456c,0.5478055477142334
b8c933b458dc54e9,0.5153385400772095
5ce1535200978592,0.4291473627090454
cd0854c621cc1cae,0.43461036682128906
8546176fb4cb328b,0.4859314262866974
eee4af208cf87e72,0.49414560198783875
95a1a2e288038752,0.46341317892074585
a6ddce8fc3495df5,0.4972192645072937
3aca55492c5fa3dd,0.557515025138855
272fd72969ab1e39,0.5009083151817322
c9866bb44291426e,0.4344401955604553
9e2868b0366c129e,0.4790318012237549
6f4645ed4fb71064,0.4894310534000397
ed0eaba28afbd0ec,0.4830285906791687
56050ea04d7b7405,0.45699232816696167
7911a553f928908d,0.5435957312583923
31cd9be7ab59d7fd,0.4044410288333893
eec36a768c065aa1,0.509876012802124
cbeb32c0bfccf1dc,0.5128071308135986
d3a4eb0c48c53f2b,0.5041210651397705
4ab20ee53b54ce9f,0.49948155879974365
086c83214a16769c,0.5298070907592773
43cb1f3e57cac627,0.4935796558856964
c1140d27b6f024f3,0.533088207244873
67649387d2377335,0.5324488878250122
3f6fcfcf1cb571ad,0.47947952151298523
8848042286857c5d,0.5592107772827148
0414e2ea477bf3e8,0.4822886884212494
c7510375235a1993,0.5193154215812683
e3e6db02400de722,0.5110623240470886
4d1292da144ee0ce,0.509566605091095
10b7b045b1bd1813,0.5259079933166504
7b2fd402d5cb0d41,0.5211284160614014
2d63fb4be6703e79,0.48465269804000854
b26d5d7e370599b7,0.5080921053886414
1876079c0592bec8,0.4887484312057495
66659b269cdb3f72,0.5007418990135193
4a389280813940b9,0.5320190191268921
d9b2d6a752f6979e,0.49439531564712524
6eb12902bf9dd59e,0.5243422389030457
27e7b872b54f5153,0.534858763217926
13d5b47388ec88a6,0.43325966596603394
5fadd8661788fa34,0.49180370569229126
2a3b439dbeab0315,0.5252015590667725
fb7f6d71b363ee4b,0.5120975971221924
98e004e0cac767ea,0.5390716791152954
32bd3c624edd494c,0.4218607544898987
de6d7cd5ce42fae4,0.5372815132141113
cdd196fbb223100b,0.5397776961326599
5b80e4fd39fda4ef,0.5226904153823853
564e75cde5cf5e7e,0.5085445642471313
4305d3844381fa97,0.5253205299377441
9e58b4aa13bed6c9,0.43006062507629395
34e9df1b4b0d4df2,0.3634331524372101
cf2514e5683e2097,0.5535169243812561
d0e27ba8ab511009,0.5237738490104675
5c057b80bad07759,0.46210503578186035
085482474588c1c7,0.5405066609382629
39fac8384ef51be5,0.4124065637588501
6cf33dcb2cec85c2,0.5211926698684692
be948d43266f3872,0.5082146525382996
9f5789eb4a2f9912,0.4956865906715393
0ca9b2cc755f4e8b,0.47253888845443726
434b8231b9327946,0.49689969420433044
a3dc0ce3c0dba49d,0.490730345249176
b6821e3f37220ec9,0.48048925399780273
6d10f5852a0f5e9f,0.44888836145401
4893f40535dd5206,0.5142203569412231
b81f87c78c60dde7,0.5196821689605713
6d4282896e1ed8fd,0.5053232908248901
e791058bc755afac,0.5580847263336182
74263ec6a8e4979e,0.48609697818756104
6485b7c8ffe9e807,0.4098246395587921
ddc9f116683365af,0.5148782730102539
66b4f6895d6ec681,0.45669955015182495
5e41d7bef9fb44f8,0.491761177778244
ae797d9a3f565c79,0.4822237491607666
a8ae3fe3e679f480,0.44736993312835693
e3a0381fa3ec0649,0.48299726843833923
070a2a283d81fd36,0.47549760341644287
c828c662428ea629,0.5258997678756714
5e53ea1d885ed4f2,0.4882708191871643
2f29a0163d0783e9,0.5135350823402405
5ac36f01bc037d82,0.4537888765335083
36040241fedb0d25,0.5204452872276306
104dd3103a8d5093,0.514527440071106
20bcc231e71ec327,0.532028079032898
fd8eafe981415d18,0.4941878318786621
f64f96b247d928e7,0.5345526337623596
879b79da188d0c08,0.5201531648635864
b7415e1e58100418,0.5273627042770386
23de721c298ebbd0,0.47828835248947144
c5fff3d3bcd7f0f8,0.5473302602767944
14c83d2d9dd1f970,0.531130850315094
ebb3719a5d6fd6d0,0.47059711813926697
fb0600da68a15b74,0.4226667284965515
2329dfd490d7e149,0.49879491329193115
543a8cc65b49db8d,0.509885311126709
ea0b843aeaba8884,0.46184366941452026
eb6d183f22fb79ee,0.5248348116874695
d33578c772e8f06b,0.5648433566093445
0088d6645b417fe9,0.48521822690963745
a9dc115588313d2b,0.5362269878387451
3299cd284a5439b5,0.4838506877422333
86e8ab3271afb583,0.4927506446838379
0beed3e5ac404f4d,0.4920429587364197
35cc68bc1725ceb3,0.5313410758972168
eb41b320a653071b,0.48865437507629395
e3ab5ddf367a5efa,0.5144182443618774
6d3a85a674f407cb,0.5171419978141785
b5fc69354eba5510,0.4999934434890747
bc9b11d3f27e8bf6,0.5486377477645874
68678ba18a29b9fb,0.5551695823669434
a631cc0ff7b5810f,0.4967876672744751
90d4d79afb3554e9,0.4910074472427368
9cc287b2d7825796,0.3750304579734802
109539fc2b6f2680,0.48638004064559937
c17f6150cae62079,0.49171143770217896
f4136c474979de4d,0.5045527815818787
1c75ebb61b00a7f7,0.5424289703369141
93fc9f6edb899c39,0.4614807367324829
893eaa5752114bef,0.5427722334861755
8da07f21f8a50a38,0.5181242227554321
cde2b69d1f7a9f67,0.5190627574920654
88629ba1086edc58,0.5028741359710693
dbd86e904b5dc04c,0.4996023178100586
c454899d8bb7d5f1,0.5120201110839844
5ae175e6b3f0463e,0.5076014995574951
dd21e9704d60f975,0.4794149398803711
fb07a0db37b33e46,0.5103839635848999
22e9353bd6153291,0.4855356812477112
cf7fb0dbdd8531a5,0.5024489760398865
bc2d132d080ea1a5,0.5598745346069336
724438ddc2000d4a,0.39489439129829407
535cd3e5c6f7625f,0.46385860443115234
8a066945551d725d,0.5422918796539307
381d45040120c246,0.5621842741966248
be705fb29e0a7aa3,0.5198781490325928
98e937ce01a1cea9,0.5623358488082886
3abdd4c1e9545611,0.5115552544593811
4a67814c0b8da9d1,0.5140146017074585
5b239229600a4368,0.4927164316177368
6e322a8fa9ff7f1a,0.3860558867454529
c2264fd331759bed,0.3969457745552063
214fe8bbc6698853,0.5295903086662292
2db985a8908c6ea0,0.36018794775009155
340a17b1d49d94b8,0.5214492082595825
0d6e2b0c9265c537,0.4991656541824341
103567764ae54a5e,0.5355548858642578
6c65da9f3089238d,0.5410791039466858
4c2e9b3502463bba,0.4780653417110443
4a7a55717541ae38,0.49113067984580994
29bf86e334c9b9bf,0.48635101318359375
c7124338a8beda46,0.5363125801086426
ea783aa352033706,0.5279834270477295
b1216f130da98594,0.5112571716308594
d868363a239bfe61,0.47591733932495117
5dab88e29e3b1479,0.5034446716308594
291d301c2e3da72d,0.50013667345047
380f09a089fa2f3e,0.5063382983207703
2f6d8ed6f1dfdfaf,0.5361595153808594
d7d8811acbaa81c4,0.5390938520431519
a3f002be05e82aaa,0.5253406763076782
f6f936038bc92dab,0.5305235385894775
1ae5d5da77a33bd2,0.4569268822669983
cc269d76c6432744,0.54269939661026
3db8bc183965fd2c,0.4153860807418823
26574f9ccbc6baa0,0.41192567348480225
1ffb4887ea0c54a8,0.49207955598831177
4884e7b98231d3db,0.48351967334747314
c8b564cfb2383c88,0.5572165846824646
f0e853d9df05c669,0.511504590511322
7631cf943c4cd83a,0.4990810751914978
47547f83326c2091,0.5225006341934204
c7d13e333032580b,0.5136688947677612
b19d6fe1970494d9,0.5333554744720459
ec157a46dd926e8c,0.5554574728012085
305d327b24e59619,0.4567909836769104
1aaaf627cae84a58,0.4916691780090332
11af9a18df55ea9f,0.49177461862564087
f9c9dbd586ca39c8,0.48143917322158813
75cf79248f1794cb,0.5616068840026855
363c7649f4e757c2,0.49129873514175415
3eb168c136e370a3,0.5008071064949036
eb1c3e8941b544c9,0.4966624975204468
a43b3a141943750c,0.4989175498485565
664eeed63a7bcc74,0.5194966793060303
e52bcda6fedfb684,0.501068115234375
3285efd3f8b361cb,0.3997594118118286
f5c6e3828e0f04bb,0.46222585439682007
a9950190ea63d9e9,0.5407671332359314
51b317b16646f0a0,0.4815977215766907
9650fa4b81111ea2,0.36990493535995483
a6cdff42224af854,0.4636123776435852
6d7b3f21d6e70315,0.49648088216781616
63a1b59ffa8488bb,0.5260632038116455
5aa0b26b11ffead2,0.5161913633346558
14e682f538fd3bcb,0.5294078588485718
3541b295bdca700c,0.5375489592552185
70d3512f820433cd,0.499118447303772
ccfd2af92a7f4912,0.4879993796348572
1ce88688a31de533,0.46924683451652527
153921435eb7a51d,0.4492799639701843
cca13cd998b4f1ba,0.4972434937953949
02386d0c7606e345,0.5624681711196899
3a1fa3082024b44d,0.5273787975311279
f8236ceccf1e42c8,0.5162250399589539
1045c452d1bb7e6f,0.47965139150619507
014f87765a16d983,0.5177163481712341
2a8948828c809d8a,0.42277687788009644
98eb6f26cefda2b4,0.513658344745636
fd348c1ccc7848f5,0.4769318997859955
4ae30e96452089b4,0.4644302427768707
7100fa2c00103a14,0.4869823455810547
1d2bd52c2b8073ee,0.5396992564201355
11a36eda11d48153,0.5326711535453796
49b96ef2592764a5,0.49458014965057373
294d02359f1601c0,0.5304749011993408
999fee311426c868,0.49911993741989136
3a07baef66e5842c,0.5327483415603638
5fd41f7ebf2b3fa1,0.5004122257232666
a18614a3baa5e529,0.5159904956817627
5a4093d98c91bc41,0.49131548404693604
2e1304bc81d1cb6c,0.4544612765312195
c1d536ad860b5be2,0.532233715057373
20ae97f362c5f80c,0.4995262324810028
d9a4f9bf300491de,0.4766516387462616
d62a5f4625450dea,0.5462499856948853
f244a59eaa0928e2,0.5238445997238159
b4f4fec3e2c4c108,0.5036115646362305
321842cd8cc67e55,0.4789835810661316
06eea2ad7e5cfc12,0.47247037291526794
6fafe843193f58f9,0.4895632266998291
f9b989e3c71fe623,0.511338472366333
771c967e33eef74c,0.4298327565193176
80e85bc8e35efc28,0.5815144777297974
69308e43b814817a,0.49541032314300537
3611fe90c1ef0b3f,0.5152627229690552
c33d615ca8e1d3af,0.49301591515541077
e70634f9cd0a0182,0.5324108004570007
8cdaa94ecae2dc32,0.5173150300979614
dcd5b606cb626f99,0.4994824528694153
7fa0fce16bba2d47,0.5158907175064087
6c058c0eea01da79,0.4802844226360321
655f7ed6c7534667,0.5390446186065674
8302cc395616d229,0.5342131853103638
d4d41d1069574a2d,0.49243760108947754
2b60c27fb0e2a844,0.4979652166366577
e92f42fe6d7f0594,0.4896922707557678
0e00945f2f538829,0.5255367755889893
928ccb1c46f1f525,0.531210720539093
ed0e4c8180ff8190,0.5167330503463745
a26db96405d0c2cd,0.5384002327919006
84537d0d92920f83,0.507860541343689
1dea35cc6e03fdf1,0.5048559904098511
2ea906601da3ed66,0.5343740582466125
1349423df03f2564,0.4981451630592346
66111885a5d9fb0f,0.5176151394844055
e96620b1a8649400,0.5214554071426392
4b23fc4c56fd02e6,0.5013859272003174
10efa9a225481c35,0.45293694734573364
f1a68aadcb34a72f,0.5109870433807373
4db5e6678719c164,0.46877431869506836
8687fbf2f0866f83,0.5258747339248657
4b9cb295e1124ca1,0.5350029468536377
ea6df2f6fd5e5e2a,0.3794358968734741
e403230266407bfd,0.5053054094314575
65e070f784b66325,0.5621273517608643
a40575a4e9f1ac48,0.5281376838684082
e8c44a00f7fe96b4,0.5281916856765747
e0dc166f511d47ac,0.5333980321884155
53efefaa4a64b2b7,0.3965679407119751
8e96619846aa26f9,0.5032469630241394
4e46b6392d2a8bc4,0.5411396622657776
737c4df2fa571c59,0.4764653742313385
c70d9bc82332152a,0.48919254541397095
47aabc3a5d99535c,0.5557544231414795
a54758d03bb65e74,0.5130713582038879
6184d683da4fceeb,0.4554375410079956
4f112c910528dd83,0.5006457567214966
582b50c54bb5df75,0.5222400426864624
27a7ce37aaaa21a2,0.49144527316093445
c5c4d49c58c37b00,0.49846309423446655
6e0a88f351ffbf58,0.4551565647125244
53edd8d05d6b26e0,0.49894946813583374
1ef0e8a055ddf3e8,0.5272606015205383
55cc1dcec304c79a,0.5010939836502075
b6564e9798c7a25c,0.4032883644104004
f9c25b3fbd7ea702,0.5214768648147583
993eeb5b004f8e4d,0.5392682552337646
41bfb7bf7aadb1d1,0.5184174180030823
8ad109ee28a580a7,0.5343317985534668
5f2baa5229f7073a,0.5102309584617615
67ef797df9b5f17d,0.39125585556030273
bca4bc79a51f3ac4,0.5390820503234863
dc6494bed16f7d62,0.48779022693634033
34a5a338b8124a70,0.4140487313270569
a8a10e41dd3d093e,0.4047822952270508
15acb5dba13086b2,0.5251879692077637
b16d3e7dd2ccb93c,0.5015405416488647
fb1a9725331c37a1,0.49177026748657227
f4f57516f93fcf07,0.5660058259963989
248ffadf81bf4659,0.4715488851070404
74c687edaae70c35,0.5038331747055054
7e92e1358f89fe72,0.5437890291213989
f1a9436a3d9a9ae4,0.4832172393798828
f02ebd27af82b535,0.47431570291519165
a74453f784ee5b06,0.4626065194606781
ee79b623a32fabe7,0.4919186234474182
5209497aaef2a127,0.5246018767356873
b40be14446d4c840,0.4596351981163025
b359e3fe8b0226f5,0.4868263304233551
8b383fefa64b40ec,0.4493820071220398
78136d342e3b063e,0.5138298869132996
c68b8a386913eedd,0.5322181582450867
4549592efc1aa2fa,0.4981553554534912
6d768bdb55b3cce0,0.3634031116962433
02e83828b7c7780c,0.5572460889816284
469936f5cc0c7fa6,0.5274516344070435
58b0f1afed540bb5,0.4962744116783142
d65edacb44046f8f,0.4763146638870239
b62e34978f374461,0.49771836400032043
831ff116fa5a741a,0.39122018218040466
5920f0610cf3ea84,0.5208327770233154
f09ce1c7ee32b208,0.5101661682128906
3850a42f4cf0ed6e,0.5347073674201965
f3bfdaf483c09d49,0.46760714054107666
e6a0795d1082b56d,0.5413456559181213
4861f61722cc2f24,0.3990107774734497
add45497bbaa2536,0.5098092555999756
080bdd07c640a8b0,0.48257729411125183
98a94909e4e8691c,0.5274031162261963
52379436382e84ca,0.5269051790237427
67d80a3d8e15e6ca,0.45769065618515015
f319e5a7d198470d,0.5186017751693726
43c600da1cae43f2,0.5406564474105835
29876a93da6dfe34,0.5309133529663086
f3c45c3ea6189579,0.5222524404525757
c1e743559f6b0346,0.5650421380996704
2b48001b761faa29,0.5305710434913635
7082603ce973e5b0,0.49057433009147644
62f1230ff15d228f,0.5141493082046509
c0c738ad2b6b29ac,0.5213266611099243
d88fcb9420bec132,0.5563570857048035
62ebd8faabca29a4,0.4877888560295105
65cde7a98417a6b6,0.4841933846473694
5e3971ff26a7353d,0.5473556518554688
7dc8231b0386a859,0.5116642713546753
c63949e9a75e4154,0.5242999792098999
2bf979140f354f1c,0.35861796140670776
6376969e2c361c68,0.5306116342544556
feabb0b3125ef9b1,0.5016506314277649
c3283ab244cad031,0.48459410667419434
9fc9d1bcb543e62e,0.4963647723197937
8b58d0ba3c59d71c,0.36083799600601196
af62b6e5bae91909,0.48197293281555176
417f5f5169353eb2,0.4930681884288788
699186a98d791a9a,0.5650938153266907
2a80383c25475540,0.5088235139846802
c952c4d1fa39e2a3,0.5011555552482605
6337313f37e50e9a,0.4607335925102234
7f6b3722f20e8c23,0.5004799365997314
d87b404c52cc3e9e,0.5362077951431274
2e58ed39e977eea3,0.5269402265548706
ae6c39fbdd945a89,0.4473680853843689
201002e953bab5ba,0.4892248511314392
5985b602d2304914,0.5166897773742676
2efe51ded3efee49,0.5448307991027832
0658b2d28ab828f9,0.50505131483078
63a84d9312273b80,0.4617356061935425
127e845e64082ed3,0.4607385993003845
6f33f84cd8d11b6c,0.5342358350753784
e7b3fd324dd0af40,0.4085389971733093
324baf4ef20560f3,0.3880850076675415
d194f930d6e48876,0.5770255923271179
9ce8d8b453e95400,0.4199407696723938
8a3ac2e892298fd9,0.5081106424331665
adf43eac828a2e91,0.46968817710876465
78852e6e82d7d1a8,0.5063844919204712
4ec7201a7e1a70e3,0.5611189603805542
559e3666ce3daf79,0.46639469265937805
55af9cfe903736be,0.5029746294021606
db988fecb72d856f,0.4866847097873688
0fa032d6cfb23e4c,0.4782697260379791
0561c4cd00921b52,0.5160186290740967
a93488487ed62649,0.5395961999893188
a9493cc1881229a8,0.5116592645645142
422425b5b55cea43,0.5389368534088135
c6912c83b383fbba,0.5400494337081909
a7496716cd812822,0.46546804904937744
8dfc17d236afe59b,0.4899508059024811
d5eb41f8e1996759,0.5345886945724487
48757874e8ef5eac,0.5277755260467529
a658dfa6685d815c,0.5483057498931885
6b64a302141deff2,0.48272058367729187
8a0dd97423fa951b,0.4969182014465332
b9db972dc013347a,0.4824801981449127
75ac0829beeb2b12,0.4501258134841919
14a3da11e1b759da,0.5065240859985352
faa63f0d927443c9,0.4903457760810852
7eeb0a406fa71555,0.4930541515350342
aa5b74d4c5cad0ba,0.518135666847229
b80cf0f8f49df766,0.5279097557067871
e80f5017ffc1bad4,0.4883720874786377
782e08e8b7b165ff,0.5180646777153015
d0368d74d2229cdb,0.5416545271873474
8e7edf23dcf32baf,0.5496525764465332
8c26be5bec85317a,0.4010947644710541
c0168ab1c94fbdbb,0.4931327700614929
86805dfe545d0af6,0.48030728101730347
044bcfeff666a0e5,0.42773866653442383
ef53de69adab5f42,0.4958324432373047
bd8ba21f420327b7,0.49540188908576965
912f76ab7f1c880a,0.4749806523323059
e924dc670851d442,0.4844624400138855
fa21c8df2cda6554,0.5213372707366943
672646687d0fa02b,0.4331203103065491
72e92f074d670f2f,0.5306518077850342
7915998bdc2c0407,0.504944920539856
475c2678ac21becd,0.39975404739379883
421ca79716b5a6ca,0.4576820731163025
f3a26d948f746aa4,0.33243411779403687
768769dd6bba679a,0.5299286246299744
1e884af4845a5232,0.4944363534450531
cec07df9f7d147cd,0.5647483468055725
f3a207fe4ef5a869,0.5073803663253784
c28e880b1314b4bc,0.5436017513275146
fe6c77b099bac5ce,0.5129207372665405
131ebd1928b6b2bf,0.46926236152648926
d7bea4b7fd6b6cca,0.4899349808692932
61554352f72e7cbd,0.47743889689445496
9fe64c05e254e8bb,0.480755090713501
4d2c3c689b4c244e,0.4971133768558502
d5bd865fbc3755ca,0.5216854214668274
1af7825ef9aa00b2,0.5247293710708618
09a598ba30be73a7,0.5041123628616333
eae17b2477dd8978,0.4943689703941345
f55177473ee7ba98,0.4994111657142639
b8c16bea01af8a43,0.4964532256126404
a1d3da3e72078d13,0.4890725612640381
2abcb9e0a6c75cf5,0.4874907433986664
f4306da2554bc61f,0.5755988359451294
8454f854b679ad46,0.4889354109764099
9f5e1f2f072c367c,0.5245593190193176
4f4a4b9015ff2bc6,0.5172272324562073
db849926df7f232b,0.48621445894241333
fd8e3fa9331e4f0f,0.501871645450592
98cbb9edb26498dd,0.5384945869445801
cc069c5c278716de,0.3616642355918884
b769a3d18fc0c135,0.5215548276901245
7d0389edee659523,0.5549966096878052
d9515642d34e476e,0.524673581123352
24ef0cdf76fe5573,0.5620812177658081
fb5994d01b8e6d2e,0.46673285961151123
0802c73f68118d16,0.49304652214050293
bdb88dd532866478,0.5358721017837524
6aeec23fcd293a26,0.5288193225860596
a7686ad29e262f43,0.4219682812690735
4bfb6341b64968a3,0.5286356210708618
cc58709e17b5bcc0,0.48409855365753174
e1bc8412ed72e6e0,0.4761558771133423
be6fe085afd614cb,0.5330723524093628
f3ce97b73351f599,0.5157555341720581
5d9b8aa26ccef69c,0.5430315732955933
8266b9a27e36178c,0.5429798364639282
d5b712a34b311567,0.4626708924770355
32e1cd77b4a4ae86,0.49203306436538696
25b75177cb4c60e4,0.479669988155365
bd712a304b09bcd5,0.4731763005256653
204edbb1546a01df,0.5194741487503052
121e7423d193df5c,0.5050899386405945
f03a52f2b113d7e7,0.5346024036407471
53554b713194e706,0.4402036666870117
7e70832996417495,0.49894624948501587
15742603a13cb68d,0.522068440914154
e64d8c008dca228f,0.5416254997253418
4e5d58db9b6fe094,0.568866491317749
17ec344ae6965574,0.5211090445518494
82fbe17f5932e651,0.44308584928512573
76d75444d9a8b2e8,0.47666093707084656
e645c799a75ad60a,0.4974592924118042
bb28b1e5a11adf9f,0.5288084745407104
413e68c9fb87b315,0.5004590749740601
647420ccc16f4449,0.522370457649231
1785a3d4c982ee89,0.5352226495742798
c3aca400de42e50b,0.4615975618362427
cbbd63173a3c0ae5,0.535510778427124
e5caad2864986adc,0.4972023665904999
e1f87c4c69e689dc,0.4496825337409973
2afc2aa5b5f897b7,0.5517983436584473
4265e8838bf2a2cc,0.3956889510154724
cbb68956d786f667,0.49885091185569763
28d02a91dc6b1248,0.4722958207130432
8418a7790b8d8fa9,0.44883689284324646
10b98b745269474a,0.4972603917121887
d9f98e0c2f0bf49b,0.5060111284255981
ab6fda602c72d467,0.4972723722457886
3d3988897444ee47,0.5330874919891357
3c348c981c369779,0.48228299617767334
1f2df7a1ebf997bc,0.530001163482666
8c33a00aa3a4980e,0.5188243985176086
69a721391e89a4bd,0.4998255968093872
339b542e9e4ad2f9,0.3965660631656647
db372c792a772ef5,0.5163425803184509
a7ef9e00b6d8d090,0.5255308747291565
458dff4115d5ab14,0.514829158782959
4c14ab6cb89a4724,0.5025908946990967
24235565ecbeb636,0.4801763892173767
152a611d86ba03fd,0.47292494773864746
21480c5f1adefcce,0.492313027381897
cb7156b4ac5104b0,0.5530089139938354
e6a82024e4e47633,0.5295811891555786
c32f2996523d960c,0.5226413011550903
f014da19c1377a56,0.5168623924255371
75dce0304187d1a7,0.48844730854034424
712afff497a38dcf,0.46001002192497253
a8a1a2fa97be9139,0.508179247379303
5a5e3d72285fb164,0.466208815574646
7fb46c6dc6316748,0.48626577854156494
50aba07cf050664e,0.49336686730384827
ed11246eb0ae962b,0.549458384513855
a82394e24df64354,0.5083403587341309
4da4c990f8695262,0.5485901832580566
a36956e4bf33db36,0.4414898157119751
62fe7775fbc5f20a,0.4842856526374817
ba7f550926191ab2,0.5455272197723389
b7c30751eca04a62,0.5343438386917114
031c2a1b539159bc,0.5366579294204712
21193c9873a8dc85,0.46973854303359985
f04df07d1288256a,0.5332231521606445
5bb04cb0c6338e6e,0.5091196298599243
a887299bd5b16994,0.5719106197357178
889a10e91b5c2ec0,0.536447286605835
aea5e4a67672e3a6,0.5265899896621704
ae92fbe282aef339,0.5043032765388489
a50f155ccaefa032,0.462444007396698
1fb9a5824076481f,0.5284955501556396
90ad40bde8e21563,0.49933743476867676
4ca50a19da0de2e8,0.40740975737571716
c7cc7253c6a5b988,0.48741430044174194
0be05767d7dfc40a,0.494024395942688
dc000f400d742571,0.5240510702133179
f37afad6140f320d,0.4907715320587158
25b42c04de62b7e5,0.4811960458755493
5ffdea73c31132ab,0.49008047580718994
3a0fd47bfc8b1abf,0.5211899280548096
388add4911aebaab,0.5274736881256104
0c15ea3c76957b11,0.48059409856796265
88e630e807828fbb,0.5355080366134644
6ba15fbc30b2e339,0.49349337816238403
f07de2eb14d8ef57,0.34464770555496216
5b66658d46bf5a6e,0.4902305603027344
799e3bad571310c6,0.504285454750061
4ec37df139acb081,0.5306293964385986
d2cf32dccf5b5614,0.5010656118392944
888b92c81dfca502,0.5462328195571899
73ce2ca21a5ea3d6,0.5443273782730103
629dccab3a90f92e,0.46679213643074036
6be204bf55a1d3b4,0.4834575653076172
a9fd5f1950c97b1b,0.5289719700813293
a70f8d538dbc898d,0.5019596815109253
e817f0d5e1c1e782,0.5064852237701416
f49b80a80317c6ef,0.49943864345550537
6f19d1df8f0aa0c1,0.4706258177757263
61c5e173416e2856,0.49195143580436707
cdd4a3259f82820c,0.5195473432540894
16a8f177315c73ee,0.5240147113800049
74bb9a849213ff7a,0.504326581954956
d617442fe116d659,0.5178027153015137
b564faf9a0bc7718,0.5540942549705505
14a722b65235e31f,0.5774136781692505
6ce159a9ec35e7ac,0.5119242072105408
1a4279e3e76fb7b8,0.5024675130844116
dd7ced5bfaaf550a,0.4337579607963562
35c62fc218fbe2ce,0.4745709002017975
6c40a0b33bfc1463,0.5296698808670044
3786df0af5640b34,0.48921066522598267
f0ec3444c925315a,0.5255034565925598
6aa35b9120b8ae11,0.4479190707206726
098d085cb4d9b724,0.48302680253982544
cffb87ea0736155b,0.5133724212646484
a4489c1128a1207a,0.47018516063690186
f75b1760cd6bbb32,0.5504382848739624
aa549eaebb69234e,0.5015860199928284
5ef5ca8021f9bafe,0.40630802512168884
e9e04d46c3a78de4,0.35224345326423645
1002dbc5f583bdc9,0.46984440088272095
529b1f44ab010203,0.4448229968547821
a97ef3a0e45eda18,0.5319924354553223
454bb94001eac324,0.41516828536987305
7c6898b9e925149f,0.5138627290725708
83b68a19e0730840,0.5257695317268372
6d1d8ed8b3827771,0.5050077438354492
42e0e36164956655,0.49944865703582764
ad2d2aadad51268c,0.517516553401947
e927633931dc748b,0.4340862035751343
851d121487d1099f,0.4085603654384613
7f21a8d821595e52,0.5105843544006348
0c81de7cf92d76ed,0.47932755947113037
9f14fc803bd84367,0.49033695459365845
820f0aeb97d69ccc,0.38961485028266907
4572513aaae5d396,0.50154048204422
40a3a5282bf3dbb5,0.501086950302124
54e1847efc1f9844,0.4743083715438843
45f8a3619535dc72,0.5383740663528442
356cca0406ac67c4,0.46457433700561523
13c01bb28c83ceb0,0.4932006299495697
c009e41da6b2362c,0.5127496719360352
9cc5f43c6b06449e,0.4878036081790924
42a7e5dcec79761a,0.5029856562614441
caea4b219b903db2,0.5025379657745361
4f27cc29be41d8c9,0.5116127729415894
6c62a57a58519369,0.49305635690689087
120882af1967c053,0.50260329246521
dd75ee47977b9914,0.5523068904876709
ddec74318bf6ed02,0.5607666969299316
c7136bd7d4d7dbcb,0.4977734088897705
85f624912b8023a3,0.5023330450057983
38e74a66bfd7e8f8,0.5383667945861816
65e1ad8e3f81f3ab,0.49348676204681396
f04f75d69ea20425,0.480088472366333
b9d450342b284985,0.564644455909729
1c985f290ceea5b4,0.4865357279777527
0e22d7f43cd60ce3,0.4839710593223572
f80d001ae804a403,0.5301408171653748
e2afaafeffbe2dad,0.4772253632545471
8d079ec772c73b16,0.5002728700637817
bc0d112169038163,0.5516890287399292
23fbe972ba6c576e,0.5349540114402771
a545dd1df6bcac46,0.4653078317642212
892f2456bee044b0,0.48885011672973633
6c850c355eb575ba,0.48481765389442444
4a1181770b461b8f,0.49597930908203125
4cd9c9be1739e0dd,0.5004199147224426
0e6d8086d84b8222,0.47652560472488403
4ee92d6af8fd6503,0.5711555480957031
eaba5a8bed8c98e0,0.5309064984321594
f7eb779a27e6b422,0.5183976888656616
dab5399ade720ed4,0.4981873035430908
07d2574f3795dff5,0.5327534675598145
8df99df43bb8948f,0.5474960803985596
d6d1fc4e99f073e0,0.50531005859375
107f1de44944e13f,0.4911878705024719
9fdf4fa9332b6764,0.5211203098297119
993f8091900a76d7,0.5205971598625183
672c46c3afaab6f3,0.35532402992248535
bf96420fd5d449fa,0.5062273740768433
7c62c5e5d4281cbe,0.5439935922622681
9ef62299660d09cf,0.48435360193252563
36edbd9bd147603b,0.4577609896659851
5d8976a9d68e9943,0.5262265205383301
0ea28dd1f5aa50a0,0.45970869064331055
ee5ff810d579de28,0.3514788746833801
9108464c7ec92d1a,0.5218065977096558
37e264e264e2c6d5,0.48120009899139404
fa2b5bc0a9905bd1,0.4731678366661072
39868b8c51312646,0.5249840617179871
2b7272787d0bfbd0,0.5225394368171692
5863d73ae968a722,0.512298047542572
f78cec2da248869a,0.5562628507614136
325c15f357f4fb12,0.5412378907203674
b0e9afed9b86b602,0.5636733770370483
a317080e3c64f9da,0.4231427311897278
4a751fc6a5928461,0.5108580589294434
b24e5e532107dd28,0.5148204565048218
91038a7fa97b3ce6,0.5426352024078369
1ab900eae56be415,0.482185959815979
4a3e90de506fe4ab,0.45758116245269775
fd373ce12a39b259,0.5040700435638428
75c0c5d0131406c2,0.46553105115890503
30f5d1537274ea66,0.4157012104988098
ae7b6bbc49980677,0.500053346157074
4936d5884604856d,0.4720342755317688
ea1649d736f87579,0.5421195030212402
97e6eee63dcea038,0.5298467874526978
3e9dd938abe6c34b,0.5322185754776001
f41d5b458d3aa856,0.4900604486465454
7eaaafb7aaff1c90,0.5266606211662292
ac3fe83f94e4f9f8,0.4736577868461609
300022cddcd0aeed,0.5007468461990356
1ad77735f2f275b6,0.5421351194381714
614f882c687f7690,0.39895200729370117
4cbbdbcdc8ef0a65,0.4726904630661011
af052c1a26e43c1a,0.4915504455566406
1192ed0c3a9c844c,0.5021222829818726
0321ae7b4e8d3193,0.4688238501548767
80930401f371dd76,0.4919189214706421
920034fb38095509,0.49581068754196167
1f7d92dd405f9d1d,0.49300235509872437
b7633a7b6f754dbe,0.5321879386901855
92fa42bc46570aa7,0.4078540802001953
60b98de6232e3b30,0.5229747295379639
fe4ee06c8c2c096a,0.3887197971343994
322ba1b33dc2a549,0.5021999478340149
7bfa1cf97596d400,0.5373245477676392
3adc609be40f6bb2,0.5151681303977966
2480a8b642048244,0.542438805103302
ea81f6ed2ca9bb77,0.511894702911377
826cbee9be7b5a8c,0.4606238901615143
25b2610b6c05d22a,0.5242334604263306
cba628c9918f4caf,0.4844568073749542
97bbdfe2bc96d37b,0.5598629713058472
36853cd40a5dc85a,0.5442020893096924
035086d79e7c6215,0.5287455320358276
fbf0dca2710cf4e1,0.5204989910125732
6c03442cf81919bc,0.5009972453117371
2f2b76275bf74345,0.5077195763587952
cade43730ad70955,0.48659610748291016
1e3cad96f28a861d,0.47729331254959106
7ae57608be4056bb,0.5061988830566406
6510b15acafca554,0.47094348073005676
eb45982744d724c4,0.5628983974456787
61b9dc59b16afbfb,0.46990472078323364
7e87381f53e7722d,0.4769994020462036
be9c646beb8fbc84,0.4835290014743805
b4093c05e9cb33a9,0.45667675137519836
34cbfa2f8a52e2fa,0.4991229772567749
241c4dc797ab5936,0.49870944023132324
5b5e9cfb9f32e51b,0.4769476652145386
676ba00b25b4cd0b,0.47363948822021484
64c0ebff00675c33,0.5303670167922974
95ec4941138b6ccb,0.49524152278900146
edc10a30347879fe,0.5616587996482849
8d9f3385b7ccdd71,0.4188857078552246
60f09e560d763cda,0.5142194032669067
836504083a53a46b,0.5441505312919617
8ed1ec3702999297,0.5338696837425232
8659b9deba47e7c2,0.5003933310508728
820e0bf1d370c6c0,0.5242298245429993
8dc2a6d4b96046ac,0.49601805210113525
99a1044dee37e881,0.5475924015045166
2bceab69f3b250cc,0.4705962538719177
086a212683fc9b47,0.5270111560821533
36d9d2141d46f3c2,0.529346227645874
964cd9aac4e335fe,0.4826677441596985
056fe94b5fd2eb3d,0.4486231505870819
90e70fb5fbe03560,0.349687784910202
b61b32c16bf23d8e,0.5297284126281738
1902a6e459bdf731,0.509524405002594
db2a15f021a7eabf,0.45923107862472534
345069cc67462d1d,0.5647339820861816
b52999c48d985656,0.5382789373397827
acffa6b65287272e,0.554820716381073
c89799d0256e43f1,0.5143080949783325
418d0bb4b61ff234,0.4158385694026947
6b33d8d2955b8d83,0.4836637079715729
ae349cd7aed5777b,0.49621808528900146
280d9c2388d07065,0.5406326055526733
0b2b1457a1b947f4,0.5229206085205078
70f4f974635eb4be,0.4795851409435272
e9ce2e029eb5dfef,0.5231280326843262
3d7c63ce82a3c015,0.4185337424278259
839f19818987c88f,0.45203566551208496
77a93fc6fe1458ff,0.5141515731811523
748640116c2d8df1,0.4967849850654602
1ae91f0589a8d008,0.531943678855896
c182f690e7867cd1,0.5101763010025024
f567ca7705fc6920,0.501853346824646
4df69a1266a84088,0.5466958284378052
5b5d32d80e1fd769,0.5081413388252258
7a06c5f8289934fd,0.5054854154586792
bf64d8e62c3cfbaf,0.529940128326416
2e9bc1646bb95c54,0.4717023968696594
3c5e5f85a7360648,0.4821990728378296
24c00af94310ae45,0.4862263798713684
04ee67175a6f0f7b,0.5007295608520508
c68acd8b09a3f9fc,0.5205721855163574
9dcef5b604750768,0.48679524660110474
f0784845b4145f70,0.3513427972793579
c05b6487ba6a71d3,0.5093169212341309
2cce58a2bc468e32,0.5049185156822205
b871e00d236f9f59,0.5477489233016968
c296ba5d8af89cfc,0.5044745206832886
3d82225a0ffd0e66,0.46332383155822754
ce1e2a8693a05cee,0.5027118921279907
8d374fc131c67873,0.5001695156097412
20a65d9069610973,0.527927041053772
b24e46efbaed71b1,0.514496922492981
62b48e7d8d9de558,0.41666722297668457
2ac7e4520396823f,0.48037880659103394
c0b39bb4d8dd6bad,0.49691247940063477
0ef7969f1983be4a,0.5045496821403503
86a7ac3f51c9562e,0.4690744876861572
c867a7f3b83aef76,0.3961387872695923
ffe5d933f866b502,0.509451150894165
56bc3337d92ebda7,0.5050565600395203
a6cd927fc17c0fa3,0.47262442111968994
e2293f76f6a27141,0.3459637761116028
825b6c26ed554f6b,0.5235328078269958
5fc425f4f4bc41c5,0.52843177318573
9cb9f6676169431c,0.513588547706604
78fd327c84d57e53,0.5697099566459656
e4b5902b33f111fe,0.5081894397735596
871390cd146a70a2,0.5027037262916565
5e3c11be3836f0f9,0.5404771566390991
322d08672cc8046e,0.540520429611206
cb1ec9f0fc93d404,0.4664144515991211
cfceeb60a87be6a2,0.512947678565979
7e2501009e98de3c,0.504816472530365
f366540044ff6b71,0.4605370759963989
2de2ef0a34f71339,0.47632402181625366
2f928f2dd87328cb,0.5408317446708679
968524ec03470a49,0.5015684366226196
4a1f816a9a39e8a5,0.503537654876709
87aa8efdae35ddff,0.5388709306716919
15ccdfa2e6742839,0.4755498170852661
c4f6155cf155fd68,0.5376813411712646
c99d9eef001f8c7c,0.49079883098602295
28ea84c1a85cb25b,0.5166760087013245
fa895c2ab22b91b0,0.39116203784942627
5bc7052399048230,0.5062217712402344
ef3cc630f9f0a9df,0.5281226634979248
3c5da16c7ecde7ab,0.520317554473877
92782eadc2dd2b0d,0.5579769611358643
37c1ba54b8cef7d9,0.4914017915725708
264330d439958737,0.5034315586090088
54f57660d42bf0b0,0.5438088178634644
ed18ad33618554a4,0.503974437713623
1a43a2a33c06133e,0.5476856231689453
a6d5c573aa91764b,0.5261242389678955
62a7a39feb1b20d6,0.5429295301437378
bd255c148083bfa1,0.40138354897499084
03aa68aa3d8db0ac,0.4841727018356323
bda1f39970bcb505,0.4786205291748047
b8e5ff3ed6115ac1,0.4947406053543091
5b0e6641e289decf,0.4583960175514221
73a94d2770ef3007,0.5076755285263062
1611f4f6db216d28,0.5163606405258179
26488d5bed7b7f3a,0.5314431190490723
ea0c474c1d0880b2,0.4729100465774536
8d7dd468502b24a1,0.5331791639328003
2d3d261f275b0bb5,0.38842910528182983
c9001568e0179d25,0.47591206431388855
16963fd97444e52d,0.4831702709197998
90b7f611a6fd0bc6,0.53939288854599
eb91cc98b4bcc560,0.528416097164154
014aab6599c95cec,0.5600500106811523
f078d2058063bffd,0.4813440442085266
a57aed5b5e9116fa,0.4895390272140503
254be5fa631174bf,0.4651116728782654
5d1e68e743808d8d,0.5278078317642212
9ad7df26c3d073ba,0.497074693441391
822f67dd62fde9e3,0.45884495973587036
aa625ce41911a9c4,0.4027145504951477
6d50734b4a15ebed,0.49849677085876465
6a4be87c01fae4ef,0.47462791204452515
95d85470e944d762,0.4945296347141266
fb5af707f95f5a52,0.528762936592102
dafe6631e5ed6ba1,0.5170536637306213
2c36ce43673bd172,0.49184852838516235
8f6006168c8e377b,0.4885464310646057
4cfa0710998842f7,0.48970529437065125
e7f194f0f7cb4da3,0.4476091265678406
feb968f4b397fb8c,0.5081897974014282
2f917bdb1899da2d,0.5074008703231812
50657cdcae7b082a,0.5036638379096985
40a234892a7f2530,0.5214552879333496
fa9f73bc62bcbad8,0.5314072966575623
3f54060ba28c7ee9,0.5511253476142883
9abae7ac084e5ac0,0.5189507007598877
409ce143a966673b,0.5619339942932129
e87a26b8245a47b2,0.39590194821357727
c0680426b1b4563d,0.5255424976348877
fb520314f51941dd,0.4858195185661316
c796daa3bd00235e,0.5562475919723511
c281be36720820d7,0.5260282754898071
2daaa41edfc6b341,0.5623087882995605
a87c8f09111a579a,0.5077797174453735
9fb7ceb1f64ae4a2,0.48148807883262634
b1bcf5ebafe3b960,0.502903938293457
ea66af218a8d53d2,0.5498708486557007
59076baa8d4a96a9,0.5276395082473755
bef3120a0361434b,0.5212982892990112
84d6a36f8c29acb3,0.47528374195098877
f4fd78acb88a2773,0.5241713523864746
763da55a9c9876d6,0.47786980867385864
7386dd61b1f78458,0.5066165924072266
deb918d6cbfd9afa,0.5306969881057739
485be5e29855aa99,0.5449162721633911
fc03c177c9161fdc,0.5433093309402466
57ac16811e38227b,0.5156426429748535
9dd43bf1d8396d22,0.49299347400665283
204a75ac1d4a1570,0.46073442697525024
ff0d8f1a85e085ea,0.5012838244438171
c210f8b4877b9829,0.5197017788887024
bd5b9dfdb03fcd7f,0.506763756275177
02bc4c007e392c62,0.5421305298805237
f636cc59cc080154,0.5002194046974182
2dd650faaef1a00f,0.5442745089530945
81eaee55c7f5ecce,0.5423057079315186
bd1f0387c2d287ba,0.5260266065597534
1a61f394762fee3c,0.3994336724281311
d2abdb3143e1dcc6,0.5202714800834656
8bd59c42cfa92d60,0.47163325548171997
2d6624f8a221310c,0.3919101655483246
9e92faa52d338eca,0.5066201686859131
85a035a80ed56bb2,0.36494180560112
50b6b8d5848910f6,0.47836244106292725
e3394cde14e221a9,0.4540620446205139
cb11a380eae31654,0.5018465518951416
8c96cf227f951bbc,0.49114400148391724
9bd32a45186aae7e,0.5322782397270203
e3081182de14b4ed,0.5192201137542725
372b49d58ede143d,0.48026710748672485
eff491ad4faf9afd,0.43469589948654175
99edf93244640084,0.5157604217529297
c87fff206c14a4db,0.4721323251724243
5ab744bc2dce7366,0.5436633229255676
17989ff2fdc0999d,0.4985436499118805
11c4abd80218f45f,0.5059521794319153
f9134b3f551eaa36,0.5032793283462524
fd6aeef06ce9a9d7,0.5382124185562134
29ede583f97acb3b,0.5061354637145996
6284631348e0da44,0.5233734250068665
bbf4c143545da1b8,0.5300605297088623
16c3cc020e20253d,0.578543484210968
de1b3b80f60cfc74,0.4869120121002197
425decfac4101df0,0.5536696910858154
30bee0eded40a185,0.5281895399093628
09c3ee9df53c0088,0.5247169733047485
572afac9d11814fb,0.4794008731842041
b4a30ed9c7ab5b50,0.519606351852417
13e20d11c73e81d9,0.3968505859375
c3a162db6837cbeb,0.407269686460495
92a51eab10aefdce,0.4855152368545532
88059645759f4a7f,0.4805707037448883
83b64c82af2cb953,0.4896867275238037
6f133941d015f4a8,0.5008783936500549
6aa76aab6374b2b3,0.47787559032440186
817eee1a2311a17e,0.4086954891681671
13446ed6ef165ca7,0.48970383405685425
2a3f96da54ff4369,0.5163030624389648
a6d2e0f8c4bb4901,0.5072003602981567
7c2fc5e5a01243be,0.5599421262741089
98a5eb7e00ddc197,0.4861452579498291
d835fe8b2f20bdeb,0.46711382269859314
b678fc0abbd2c3ff,0.5580397844314575
25f40569eea52017,0.5029289722442627
ea01a6d76e678c29,0.5554826259613037
22f7345ac89a4c41,0.4908527731895447
1cc756e0895bcdec,0.48801493644714355
470de1ba790d305c,0.502765417098999
f2c15b0dd769198b,0.4626918435096741
79dcf4d2b2dfb19e,0.4639177620410919
f095b5ad980db376,0.5289043188095093
292a16241907bb2f,0.49334022402763367
b3d2417f91655db4,0.501915693283081
bfdf438213bd4dcd,0.4812967777252197
7dbd5c5ce82903f8,0.5050675868988037
33837b3c987c374f,0.4478258490562439
bb3bf64467ed6cab,0.516714870929718
15ac25ad599dca1f,0.5218462944030762
110052d8235cb6c9,0.46551674604415894
5f9cacc26ce81cd1,0.4951596260070801
b0ca75475a4549b6,0.538459062576294
efe67ed6994158ef,0.40086862444877625
eaee4c632fba6eb5,0.5508923530578613
242a666e7c241671,0.4828585386276245
0c06da0846a822e7,0.5206292271614075
1ae67891ac8db578,0.46884453296661377
eb42a75088ce38cb,0.48609015345573425
7343489995d95444,0.4713800549507141
ea2d3c01944128fb,0.40199270844459534
3a6d7d2f4220fa21,0.54761803150177
bec61dbb54171110,0.519595742225647
d767da9c0c433c97,0.4606992304325104
4844979fd9ae0603,0.45177751779556274
328213fdc37ad4f9,0.5562314391136169
24c3c5abd641fb30,0.5057100057601929
f3658fecd3f4d2c1,0.5191926956176758
eef1c7ead5825433,0.5095667243003845
de7a9f8c7541493a,0.5223240852355957
43c4b22f5c98a350,0.5773399472236633
558b005ad4fefcfb,0.4853247106075287
02d90ade0e225db1,0.5418127775192261
bd01f31e71af6d9c,0.5363972187042236
3eb61a0ad8821079,0.47776126861572266
436c775f9e52c119,0.5145202875137329
9f119b65b6939c04,0.4741010367870331
9f4b8c31b731077e,0.46775805950164795
0903112183182fb7,0.3924903869628906
c95afe491989ab4e,0.4015190601348877
f582f4900ba067c8,0.5527623891830444
2ff7eba2fa3ec88e,0.50363689661026
caedf3202dc9218f,0.5518829822540283
9fc6f22102e3f7bc,0.4952012300491333
33a01ed6bef03bf5,0.5540425777435303
9505817748be0253,0.3649670481681824
4cfb8c262956c496,0.523816704750061
7fec14a8709b4eda,0.501684308052063
7b12047fef81b976,0.5576415061950684
db106d9b6eaca623,0.5243171453475952
2222c321a8747eea,0.5049837231636047
517a55154ba6b239,0.43362492322921753
7fadeaa36191338d,0.5306238532066345
3db5cf48b9c9e99d,0.5134016275405884
557e27f4060c531f,0.48809677362442017
19781959eff60d8a,0.5452632308006287
63a54135c92cc5d3,0.5215424299240112
38a8a7c58f21c1b5,0.5381813645362854
eeab0a82ba8cdaf7,0.48242658376693726
baef2910c32608ba,0.49955829977989197
a90d0a28cd58728e,0.4779728055000305
428df888246c6511,0.502653956413269
0972d41bdc743eb0,0.4867466986179352
6cfa1e758aff825b,0.4037857949733734
7d1d4cd8871fdbbb,0.47325944900512695
d189d82d16f087ae,0.520149290561676
4d1b523dd4ed8606,0.5081931352615356
620500d0b647e3bc,0.5350156426429749
9bbe2e2c3f3dafd4,0.49450254440307617
db02268e45b74a11,0.5287795066833496
b28c4521d703a4d0,0.5179030895233154
ea6f31f6c41b4174,0.5047962069511414
481796a47a81a8ca,0.5023382902145386
d8b93607d1abdf88,0.47777479887008667
fa07e605ce0415d4,0.4901377260684967
44f2c072d5a5f702,0.4798288643360138
75ff3324d907bbcd,0.4917113184928894
8a9f33f5d157dbcd,0.49079006910324097
de2e08ed172cf792,0.501103401184082
2bff66f88d8933f2,0.4866162836551666
bc3c47dc28486915,0.39336276054382324
c82135f10b95f375,0.4902627468109131
69cdc989ab153810,0.49471116065979004
3542d93513d5730c,0.47512131929397583
6ae59c712aa5c093,0.5289270281791687
aaf44dd79ac8de71,0.4885256886482239
c9fb517412a1d053,0.4887508153915405
e67a6472b05b9c13,0.39119282364845276
5e5fc5d3f1173bb2,0.5195397138595581
9cd40d89f35f7b7c,0.496831476688385
2e50b7ff6ddf6375,0.4593842625617981
130a2ff5d57116fe,0.5463482141494751
22646a3366b25cb5,0.5308185815811157
e6cf33e11db9cc0d,0.5037676692008972
d3e837873a0f0540,0.5066366195678711
db61679008c2cbbf,0.5045021772384644
c54cd908d919205b,0.5273376107215881
51d0c73b6cc5700a,0.5051605701446533
acfa4c0483f5454d,0.45990312099456787
fdc5fca4d34bb4b5,0.5123341083526611
aa25d49b873ebe94,0.5577399730682373
827c6203fcd71ebc,0.4477442502975464
6c1965d78db5a8a6,0.5326638221740723
b94544777c928a7a,0.49513083696365356
b7d926d45a840724,0.523612380027771
0ec2e74adb10e96d,0.4998342990875244
76bfada8f7992cb6,0.500505805015564
abfd46004278dbf8,0.47436216473579407
0114a06c332c6d95,0.4920806884765625
d553827bf3daaa95,0.3897908926010132
d40f72f70709187a,0.5314154624938965
e10268aca38fda65,0.5559496879577637
079bddb8b95b1cba,0.4968143105506897
b3d3cba29e54997d,0.505272388458252
b88b82c46f38f9c9,0.4906553328037262
7aea586c592e2b74,0.5534409284591675
6daea66c41514ce9,0.36151543259620667
55d4d7b9e1c07c21,0.4734591245651245
ca3a498416a3e0d3,0.5748193264007568
59cbc402cb88b6c8,0.5064939856529236
86137faa848ff784,0.43266862630844116
331efadee5b21028,0.4867965579032898
18e1a5e917907a94,0.5428430438041687
8b1a801c11f7ff7c,0.5289299488067627
0f7432928c17b43d,0.4771265983581543
385fa53fee7c5d36,0.5011094808578491
63b133b8398b9e57,0.5154727697372437
fe9be069db125ecf,0.4882364869117737
8b808d6cb02b2dac,0.395487904548645
57fcb7f7c058717f,0.5175390243530273
ebf2046cfd65969c,0.5247431397438049
9b9cd5533ed07f1e,0.5235369205474854
8d314a81215715ce,0.5021196603775024
1eb3fada5eabe9b9,0.4899582266807556
a100833af124b560,0.4951920509338379
7318a60e7f89c15d,0.462588906288147
06bf4692a6a4ed08,0.5302867889404297
00003f797aa39558,0.4002123475074768
9c4cd1e519b8b3b5,0.5301611423492432
ff3a9b5611f932c9,0.5118062496185303
47e40a9d6543c7c0,0.40104520320892334
24e5844ef1dc9d55,0.5152252912521362
af825fa844b003b3,0.4599684178829193
9d12639fc2cdea24,0.4312809109687805
c11472f1cda6c8ce,0.5247344970703125
fb409af21eb6c317,0.516507625579834
f0a4dfe7b69a4cf9,0.5240350961685181
cd24256549453277,0.4717077910900116
3ffcc23e4ccf2e67,0.49386292695999146
45ec5fc216a789e6,0.5232874155044556
490f201c705f55c8,0.45163753628730774
6b329a51ea99de29,0.4978739619255066
f4eaa2b359492544,0.5491178631782532
be67c9b544580057,0.4598708152770996
a518eb931ee568e7,0.48275506496429443
6d849df1e792a9c1,0.5190101861953735
6188a34bf9c0d57b,0.3844289183616638
f0263605486193cb,0.5587431192398071
86b57ce17d09af23,0.5504883527755737
4e6faa754e0ec96f,0.5483970642089844
952183766d3bc17e,0.500515341758728
4f2a94ec984fa529,0.4864588975906372
76e4ccae13201534,0.5354509353637695
d29c2d7c297f02f5,0.5514108538627625
28c4148c0e98926f,0.48382991552352905
2396163467558077,0.5201807022094727
de6fbe3341e3a4a0,0.531043529510498
607df208dbf6d34a,0.5385277271270752
d56fd951eb9ea7aa,0.4781883656978607
f91d465419833c40,0.5437196493148804
65b8910e99456f97,0.4986593723297119
2df970bb5fa51ba6,0.5406670570373535
8e5902ba06b9159e,0.46099603176116943
3e81ac3e1eb8cec7,0.4756702482700348
07e2ddab0e3daf45,0.4977223873138428
e4551fb1062dc75d,0.5023830533027649
66308b9b8c61645a,0.3967682421207428
b8dee3dfe4d08b6f,0.5574642419815063
9c48cd44544ea1cf,0.483037531375885
db2dd9959a152308,0.481122225522995
a451b155efffbe44,0.4656415581703186
7d4aadc8540ac994,0.5253193974494934
48336225fb3a3cce,0.5028533935546875
da63857ad2bbae9f,0.4635292887687683
b2ed5d7938547e69,0.5286753177642822
c06c90446f879733,0.497785359621048
7c90723f9bbc1793,0.5154515504837036
06601be81dbca6e7,0.5256316661834717
14a13f595ab06777,0.5068823099136353
c8ac4807433acf2a,0.5329360365867615
7d1e761f104c4297,0.48956167697906494
783188ab8636038e,0.46344584226608276
39a7f13e74c06996,0.5295141339302063
8ac857e27b8ecd47,0.5205250978469849
dae00068516fd122,0.4979880154132843
7716c0d803dfea28,0.4661940336227417
6131670b31b998f0,0.47260499000549316
36ee1dd84f34ed53,0.4722329080104828
7a79ebab56ed764a,0.563981294631958
abd92f3f53a1514f,0.5376511812210083
55012f4abac23a4e,0.5509411096572876
34cb60747f01f637,0.4688776731491089
814ef8a8d16161c8,0.4394506812095642
1ccce9475ef663e4,0.5302965044975281
c5b0d4cb4a2ad0ff,0.46562525629997253
cf80ce952ee8c61c,0.46214571595191956
40c2e951bff84186,0.5195326209068298
02cb3093acae8c65,0.4036247134208679
d933486a28a98dcc,0.5127593874931335
94281f463bbddc81,0.5072034597396851
70461b201d270fc6,0.48387640714645386
957f42d55c415496,0.4729103446006775
4168f4d5e223a1d7,0.47572487592697144
1b03124a6fce6f8f,0.4956616759300232
9782bb3a596a7b90,0.4659201502799988
463959f078b35d2a,0.5603805780410767
5f96e3208a1a08ba,0.511364221572876
d114569de885efd7,0.5282760262489319
fec81846d514e2cf,0.5178073644638062
e593af51fbd51de2,0.527803361415863
5e15cde3694d3b31,0.5180080533027649
91e8bfe9f2d2ba02,0.5180644989013672
a08af5714d46c846,0.4987579584121704
ba610eefd8c0cd72,0.5172107815742493
4f33aaa5339edc9a,0.49779263138771057
de739634f0adb0a2,0.3568877577781677
a8d4cff139f5181d,0.49215131998062134
7dec64f6dc0be4c6,0.5246098041534424
2a59b8320eeb750d,0.5358487367630005
fc14f3f11c480b70,0.3881416916847229
a0095cd95881ff8e,0.5014863014221191
59279f4d32fe6078,0.5604147911071777
874be71edbaa1ec2,0.39228928089141846
d153ab3940981f00,0.5126276016235352
126563c954a8fcc1,0.5344264507293701
9842547a0165b138,0.5102573037147522
d5b33d87f6ec3d18,0.5311262607574463
2bcc94ee9b248413,0.47843295335769653
2799e3547720301e,0.570183277130127
a2b388432ce607c4,0.45481076836586
4a6d299e34f18bf3,0.4681268632411957
4b7f49793eadc0df,0.5238871574401855
0b6e9301d2a927dc,0.5088526010513306
7e823501f3fb5b36,0.5584571361541748
906c0010de6c0329,0.4017489552497864
a2b5ff22f3f2d874,0.4977518320083618
37793348d4f44f8e,0.5108897686004639
95db1ef92b48e736,0.5052847266197205
a1d382243420898b,0.4856613874435425
46beab24317a33c9,0.5272939205169678
0f78e1b727b022f3,0.4806614816188812
ad31719030279ed2,0.5514819622039795
2ec9dc4752312c84,0.3855036497116089
6b2880232a3d6cc0,0.5029537081718445
74bdfab66ee1947d,0.467266321182251
c230d639fb1dd09c,0.5241295099258423
558d59cb13456aa6,0.40849950909614563
bff9b1eab9bf5f2c,0.5180933475494385
9decd882a4a14b89,0.4929145574569702
9481ef95a011515d,0.4958658814430237
97ffdaad1243afa6,0.49173596501350403
1cc2e2df1c03d5b0,0.47507864236831665
3f32572a0af9af3c,0.5142396688461304
584268684e7c6d46,0.49900415539741516
62a1b9b35dcb6e48,0.4204326868057251
a3466d837e033b10,0.4713948965072632
2e8f355821f07703,0.4556505084037781
4f715ad5e9783c32,0.523282527923584
b1ddb35074bc7470,0.5039873123168945
d2f8e8fd7410d369,0.5215148329734802
841ae7edcea93b36,0.55115807056427
f490d190d0811b5d,0.5430400371551514
93865e9541f128a6,0.5493188500404358
d2dd4d9991ffc946,0.49981069564819336
0c960cc4c017b067,0.528429388999939
62fe530cc85e7447,0.46721041202545166
902e33d405907a45,0.5511687994003296
cfc1f079789c8e3e,0.4909457564353943
2148d3bdd5a65d3c,0.49086645245552063
d217e4f8ea5a0b32,0.5290418863296509
734e7b8a333b83ed,0.5346558094024658
bfb596046e69425d,0.4958655834197998
1ff5b7636b1aac35,0.5016939043998718
543693275700a475,0.493308961391449
3f990f910357831e,0.4503042995929718
720d4b301024c4b7,0.5417678356170654
f6b379edcd63338f,0.4726974368095398
31df7eeeef1f1bc9,0.5171642303466797
95c8a2187af8a6c8,0.5210966467857361
c30404d7fcad3a60,0.5678109526634216
46113bb98d0ab584,0.4874342679977417
1b1aba0b7542cc09,0.5035911798477173
f748017b247bf329,0.5496335029602051
3362eeda4e3d4626,0.45356452465057373
c68dc4f076b2f2f9,0.5227780342102051
3c828578d62002dd,0.4697120785713196
42e4fd0432a3d024,0.5525572896003723
7f54287d3b2b07d5,0.4096516966819763
d29df94a81cc35e0,0.5360437035560608
cf14cb72c4afcd5a,0.5141521692276001
395a0234121b7ad9,0.5325977206230164
58f9126c686c87cd,0.5123702883720398
99270465dc80c2af,0.4585467576980591
48efb737394c42bb,0.49912506341934204
3a30e5f7493a606b,0.5265783071517944
1e15ecf907c29a51,0.48569369316101074
8114167170ae3251,0.5399385690689087
c62e754b84c891fb,0.5688074827194214
9a28e994ec3c9ec9,0.5304422378540039
0354434f5ef2c257,0.4775148928165436
3d5b4bdce25cd326,0.40307843685150146
75d67c5b8b4873fe,0.5146084427833557
1e4e4639168ce869,0.43862229585647583
97b393784b096ebc,0.5090091228485107
4a03a432238fadd1,0.4633583426475525
ef04c799984accfb,0.5114923119544983
270ec17c911d295f,0.5117188692092896
1cde83018a9061da,0.5060489773750305
cf026a5bdc3d2683,0.4880658984184265
9a245977df1d724f,0.36893054842948914
d2f75893061f4031,0.48110610246658325
a7007039316520ea,0.5114062428474426
4e203ab91c2918b4,0.5154503583908081
3438df784142b3e6,0.5031616687774658
9c6e3561a4e01235,0.484600305557251
28f7c5279015b7c0,0.5133138298988342
319586db6d0029dc,0.5241002440452576
4f5330cc967b5702,0.47744154930114746
b1224c2c4021b019,0.4936266243457794
0057783cbe0eb4b4,0.5063007473945618
0b29b48f07cfa278,0.4083176851272583
8ba4a8540d5bb923,0.51393723487854
cb71651959b419df,0.48713839054107666
296dcaa4e7b7bce1,0.48711076378822327
60a64d375f5493d2,0.5066192746162415
25fbcb4d224945c1,0.46843355894088745
6ce6fe4c6c3cd809,0.5261989831924438
be0693f308333158,0.48616236448287964
a4b0d650249034ba,0.5017311573028564
4db26e262c3c330e,0.5454343557357788
3fd844df370364cb,0.49881190061569214
380c98c82a7448b1,0.5301885604858398
1460510d5600084a,0.5156652927398682
e43453496c304ac2,0.48001188039779663
10342c90d3f356c0,0.3780938386917114
bfb51bc0a8438e65,0.47633829712867737
189c9cad8aee4afb,0.5216251015663147
d394e69db5879144,0.5586168766021729
75a63aab1be60e89,0.491865336894989
3dd24df8ff6b52cf,0.5598050355911255
d4eb23df510d8a4c,0.5440383553504944
024492e21246c317,0.46359705924987793
bd7e3ce66cf63fe0,0.5340785384178162
4798ad81e224383e,0.5088027715682983
39b891f8b68c26b4,0.4717984199523926
1ffecf5951d86746,0.45782798528671265
361895925f88de32,0.4838043451309204
9e83e5305bdba067,0.532072901725769
a75942c48e8bb7d9,0.546440839767456
83886cc40f5263d6,0.45282673835754395
5004c8b89d2ffaed,0.5311132669448853
443128e7f9f93fb1,0.4968942403793335
11e8dcf8e2629559,0.43973684310913086
d272612c99977010,0.47255390882492065
11889756815cd9df,0.5355261564254761
df0bf54755a433a8,0.39596283435821533
87728a5b74e7d2c0,0.52778160572052
c1e2ae5647e8ba90,0.49954235553741455
03eb5d9069b73673,0.534040093421936
3b875850a164710b,0.4704281687736511
b94a10f0e2da935b,0.48741987347602844
f1a1c9427d7a0bc8,0.49496522545814514
7b345697acc87898,0.5382086634635925
5a7d5f51363db07b,0.38314393162727356
e96c3f41e5d189a6,0.5518036484718323
afe8f88f42e57adb,0.5016081929206848
703f8097d733e00d,0.4644424319267273
8af02442758b4938,0.531683087348938
d270e60c816fae83,0.5389400720596313
1592ca7df2e4b2c6,0.5167728662490845
7cbdb87d523542bd,0.4926756024360657
ac88f41e745bba10,0.47997647523880005
5a05044222e79565,0.5231907367706299
c16538e9ff392db7,0.49444037675857544
2c5a8f02efea6787,0.5032286047935486
139f5b7ae13bd285,0.5503325462341309
374b8e6ee767e4e0,0.4794456660747528
ca8bd3b74d5b9cc6,0.34431540966033936
f2ab6a5a7564ee40,0.5316621661186218
4e1262b82d54aeb2,0.5110094547271729
018558b123a869b7,0.4802761673927307
3b01b3213ecd2fce,0.40678834915161133
3ede1df0c99c6368,0.5018556714057922
258017b427d00ccb,0.5233023166656494
2f7271772734f0f9,0.5340515375137329
668d2d8c1325fe5a,0.4823707342147827
56682ee93ab65373,0.5508123636245728
cafd658c9aef36be,0.47805964946746826
2b62ee8ef925c9b2,0.5158151388168335
62a7c48af25d9377,0.5425193309783936
67be73e27a4bcc07,0.3825594186782837
9ab62ce7aa6b87ff,0.4708872139453888
c5f7a0a5b269871a,0.5116886496543884
23b8446c8bdea2aa,0.3754658102989197
c637c6f30b7641c7,0.4100671708583832
deca0a3b7c526cbb,0.5283627510070801
cb8f8f63b6b3fc26,0.5153298377990723
ea186ae0c093f460,0.5139653086662292
1e24530c1e6e04f7,0.5371015071868896
fdd527d8230e9802,0.5564560890197754
695b3ba63e895518,0.48111557960510254
2ce2d9c283452ae2,0.4861852824687958
573c82fba8680b29,0.5120200514793396
e837b205d28d6587,0.3948315978050232
58ba2da9dfe10276,0.5370484590530396
066d06578f22dba5,0.5089737176895142
e794090957985039,0.4682234823703766
3527ade8e50c223a,0.41317933797836304
764d9ec5ff57ce34,0.46461713314056396
53b96e99268e2549,0.47734588384628296
5f6505758a5df59b,0.5165376663208008
4fed315c88207b3d,0.5136107206344604
583984a156c4cd81,0.5355477333068848
2752a0c5ee81845e,0.5455182790756226
494982501599caee,0.5055339336395264
cb9ab25bda556a95,0.5401657819747925
048ab7f0a33ebf94,0.4492218494415283
f1e0e4d2ddbd5647,0.4587755501270294
02b89e1eb4f11020,0.5059100985527039
88468eca8bc7cc9e,0.48413074016571045
1ff8e4ca96b1ee46,0.558254599571228
d934509745f3d715,0.47224336862564087
cfc7de33bdb09ce3,0.48601675033569336
279eb269fc708c8d,0.5086238384246826
b6efb7681d378119,0.5189131498336792
b5a7c51f3b559fda,0.4826403260231018
b0dfb7138c17cd68,0.5203394889831543
320fa4e0b143b682,0.49454134702682495
a316342cef0281cf,0.47485727071762085
3d5bfafddf9430ff,0.5300561189651489
17afc216bd990c11,0.47104400396347046
6367cbe93678929d,0.524370014667511
2ce4449d166b2f55,0.44183117151260376
f07157f86f4ded7f,0.45896804332733154
555b41947d003320,0.4596129357814789
8680786438d5b985,0.49565109610557556
8bc6aa9902dcd68f,0.530687153339386
2282bcd46c0ed85e,0.4917545020580292
40042dd56776d2e7,0.4679374694824219
a389c033f1b8bb44,0.49421870708465576
eb018767bb8f6de5,0.48254093527793884
94f3a60b4495ebf8,0.5550459623336792
66aa72e8e8d5e252,0.5005941987037659
23d8478fdd7f913a,0.5420231819152832
9a610531000bbe6e,0.4740557074546814
478e658cddf2ba93,0.46376973390579224
01039d9e31220887,0.5478581190109253
880c55e10c928db6,0.5029592514038086
730db2e3a8c75826,0.5347855091094971
aedb32ea8fecfaa9,0.5308241248130798
d2ba4397261a4b45,0.51789391040802
a42b40a31d5cebdf,0.5613065958023071
d3253ba9efe1c15c,0.4705139994621277
149937b609caf36d,0.5374935269355774
de246b77ecfe7629,0.5229191780090332
a096be750a7c70f4,0.5308261513710022
0f504e39196b4a69,0.5537147521972656
25fbc6beaefad436,0.4993114173412323
2c993f0f0e1f97d7,0.5189292430877686
3d11a715725e9d56,0.48540711402893066
08a7712c1b0e602d,0.5044978260993958
3a5096ac8a56d834,0.49831461906433105
4915cb507c5f913b,0.502170205116272
93e7eed593cfc511,0.5417231321334839
dd6eda521135a42f,0.5537112355232239
1d8da1e3b2d9f8c9,0.5046417117118835
30d2bec49186536e,0.5192030668258667
b0cfdcf15178e70f,0.482202410697937
fc899c73a416c331,0.5197762250900269
358490404361e3fb,0.4793097972869873
f96d5d07d1ea94ca,0.48005449771881104
8e0ce79c001751bf,0.5066677927970886
7488b6fd35104250,0.40581682324409485
86e2a8073868dad8,0.5219708681106567
4515aa2f5d5be3a8,0.5054172277450562
f3806f47f775c216,0.5475417971611023
17c54592ee11a1db,0.5154423713684082
c97c003ee3d05209,0.5112988352775574
a394b9243b48cac1,0.4734293520450592
b7c84f4d058074e5,0.4104001820087433
1eb721648a3f198a,0.4785820245742798
d4125954d1dc1eb6,0.5478745698928833
dda4d5ca14d950eb,0.4944497346878052
f1ca413c3f7e234e,0.5590853691101074
adac8c750ca85af3,0.5324299335479736
ce2a639bbd37b6ba,0.39217180013656616
44db8ef2ccfdc037,0.5110818147659302
506d33fb5303e0fd,0.5277076363563538
ef8a878e7fac896d,0.5119892358779907
b9f918022417de5a,0.5250159502029419
e37f2a0f1c9ba6c5,0.5244988203048706
bb7e6f5100d74298,0.47778862714767456
9101c7caaa781ac4,0.520931601524353
054eae18b6948875,0.46136826276779175
5e131aac19175671,0.5247763395309448
b8f783c73231a8e9,0.5356231927871704
3471af7ec9cd07b7,0.5203429460525513
237e14440762af10,0.48860442638397217
6642ae498ee623d3,0.5307883024215698
69579fa3ab63bbda,0.49122706055641174
18ba5d69149438e3,0.5397932529449463
26c2ddfe059f9cf1,0.4817503094673157
64a660186debd9ae,0.46147915720939636
87c475e5e99ba9b8,0.4754865765571594
19e17243692c461f,0.5113850831985474
dc34516284e2b022,0.36258217692375183
8370bcbde9830d82,0.48611098527908325
c6c5b47d71c0541f,0.3726779520511627
66b04b861c4905fc,0.46332240104675293
1258f0f3a3859723,0.5332013964653015
b4efbb24eb54d8fc,0.5082383155822754
b139136ab36b9ad7,0.5236653089523315
7cd13c51729b2319,0.45115166902542114
d6cbe4ee662f926c,0.49112802743911743
0ec11247b8118945,0.548785924911499
a2f635984b16b8e1,0.5587550401687622
fffbe6961e5b1c34,0.3935292959213257
bd4ff44444dcc69e,0.5092602968215942
434c04be372a6ae5,0.47059953212738037
c48ea548135ed3a0,0.46505188941955566
433da093a8d0f480,0.4666905701160431
59ed77e7b329a46e,0.47912853956222534
f0e309a7e4d8ee5f,0.4655448794364929
e438f4b58e35243d,0.5100429058074951
13b0c8b7436d6cae,0.5096143484115601
e6f0bd8bf7f1ddb4,0.5519664287567139
63da0f70b55e0fca,0.5561026334762573
e29121186a3f0df2,0.4729653000831604
b16dc576281d8c85,0.48654574155807495
dbb59b4c2342df60,0.43020933866500854
28cb1041f432b675,0.5404619574546814
ceb233a645e55658,0.48500460386276245
54c1daf65c14494a,0.5080928802490234
2543ff9f4e6a1dac,0.4749270975589752
843dd57745f1e9b5,0.46973609924316406
72d91efb7a4579dc,0.5329050421714783
75f724275dd6a629,0.5263086557388306
1b19c76274398e8b,0.531907320022583
5fa3e6246e9891b3,0.55315101146698
19a0a0088c312cf8,0.48753854632377625
d051e099f79d2712,0.5129054188728333
b110efec13834c4c,0.5301368236541748
b94d8d026ed09341,0.53865647315979
0302a0bbb18ffa27,0.4130251407623291
206776129f6a146b,0.5158540606498718
b4b0a159fc97384c,0.5342270135879517
192e87f2986a70b3,0.561934769153595
908ebabbf23d9362,0.44417497515678406
08ac900654f49652,0.5064594745635986
267ddb4d9b6f5555,0.4709972143173218
17e6dd3219318772,0.5177026987075806
fb026274495fb82a,0.5144170522689819
be68bc4662d5acbe,0.4698776602745056
e77ce99929ab5042,0.5040154457092285
360d498e7de36abe,0.48725467920303345
84a2035872e0d556,0.5092908143997192
fde7b7d7558dd5c2,0.5557941198348999
3b2177d1aefa0436,0.4682167172431946
bd94add7f9d22ce7,0.5256880521774292
99192261fbb2edba,0.5291504859924316
9348236a1b28ae1c,0.4537656307220459
5734b5a06c7a2d95,0.45905858278274536
456f8031bee4ec7b,0.528050422668457
70b15cb45b4c811d,0.5290348529815674
a508c3359e903ed2,0.4733330011367798
5b03e7050bbd995a,0.5424026250839233
1f02b3c61b2006e1,0.5476178526878357
e835370cd976d4fe,0.4804171919822693
16401d975e852db4,0.483918160200119
60925b872b982287,0.5331417322158813
3f0d44f391066ca2,0.5599462985992432
3bc9f5cac1f97c8c,0.5373010635375977
060c78954decc4de,0.5086952447891235
67e6f3c0f89c5e4f,0.5481661558151245
cdd803a07a40577a,0.4847252070903778
013acb07a7aefa81,0.48630785942077637
c28a5b17aa005dc8,0.4752243757247925
0116d3f5bac1fb23,0.5379289388656616
d8d89911ba200991,0.5330645442008972
06dc859b10acbe25,0.4975818395614624
471e156a772a7477,0.5358105897903442
8ef2670a84f8c475,0.4793165326118469
e7133d2916c7bdf3,0.5399250984191895
b1a54b792556fa6e,0.4744599163532257
a74bba5ddb23636b,0.3607228398323059
7f81d886111e8079,0.4984050989151001
4c2dbad0ae02d39b,0.40569740533828735
8cb9fa9a605324a3,0.47807639837265015
ded9730e9a8a923e,0.5120007991790771
9fbad4dbaa38fd84,0.518288254737854
c2b7aec55de43e50,0.5085299015045166
a3c821053163db6c,0.5237588286399841
38fb7b194739ea56,0.4964117407798767
88663a960f5d524f,0.5300546884536743
89e06650bc35a45d,0.5067681670188904
73515cb334cc0e85,0.5375778079032898
31a99ea6863cbdb9,0.4915878474712372
c0e720bd94cc5bc5,0.44159257411956787
598deae1a10e4c8f,0.5605304837226868
c792892020ec7086,0.489654541015625
b963d72f9f93d706,0.47078508138656616
a0508111cb8a6eb7,0.3698467016220093
1a24e0e27421a7c2,0.4771551489830017
4d9827ba54353d97,0.5163049697875977
3ed84978af5ce51e,0.4619291424751282
381bd09e173dbe62,0.516490638256073
8f6ae931daa98c29,0.5227795839309692
4db2d5be181ad327,0.5005212426185608
33d855802547bf74,0.5357451438903809
10303bde4b01bf31,0.48020046949386597
17449b982cc3de92,0.37615010142326355
97e124c069dd3628,0.5173728466033936
1e150253f7885193,0.5124258995056152
e4b3f4ff38917307,0.3920273780822754
de7b726dae9f6350,0.500302255153656
ceac21e2b55a213b,0.5525133609771729
3c3f7952607583f6,0.511669397354126
2899b67005ec85d3,0.4900738596916199
103e562e6aceb546,0.4302145838737488
6a973d44b28bb02c,0.4904501438140869
54c3f3f5e8d56557,0.5394386053085327
7aaf8947dbbb1487,0.42716383934020996
a1081612cced6dc6,0.5443754196166992
c31a8706d88ad952,0.46237805485725403
9fcdc00389bb3014,0.49450212717056274
990ca056a6930954,0.5500683784484863
b4d2f0bc4d9e8423,0.4965919256210327
08c1ed3e0f707b49,0.46098291873931885
287f992ac6c0e3f5,0.4889594316482544
b128cec3fa15a1a7,0.46898993849754333
7f9cdcc4f3a87e9b,0.5121423006057739
fedb0785c6654580,0.5557173490524292
76908c4155163409,0.4890972673892975
6b0accdb9dfac9f9,0.512586236000061
156e2207ea6e2471,0.5021083354949951
851dc0eed96251ec,0.4655003547668457
8c4222ce44efb574,0.5532742738723755
0754a761586119ba,0.4721885323524475
dc4eb4b149c7ac6a,0.5441957712173462
eba97634f4948310,0.40825679898262024
603af4402d79b170,0.5259541869163513
d4375c53e7d6b870,0.5054215788841248
92cf2495caed1bac,0.5553529262542725
b1455e72e04b3d2a,0.5123963356018066
dcd54a4498bb51b2,0.51175856590271
42162c8df275ff78,0.5118930339813232
bf91163091d52596,0.5542513132095337
8271c0883deeeaf0,0.5221917033195496
76b396a49a968483,0.38516420125961304
becb292af064325c,0.45388633012771606
d4e89328c485d6e7,0.5152536630630493
4fe60a02a1e81f16,0.3642798960208893
c4ec210cbd32700b,0.5324731469154358
1a663acbcfecc93d,0.5195465087890625
983daeea20c4c8ca,0.4841519594192505
269fb0c6eb0d9d9b,0.5448900461196899
f5b2e871c2cd8d35,0.4693434536457062
50019383d77bbc5e,0.5269784927368164
2b7f5a663c86e365,0.5631637573242188
042a9dc0193a2a4c,0.5032047033309937
48d1a83b02e94c13,0.382202684879303
dda31b3b2ea860e3,0.5008151531219482
fdea09f227186026,0.5183619856834412
8e39c4c227d08e1e,0.5067732334136963
f00836f881a6a9b5,0.5409345626831055
87e9f7de794f2263,0.5268987417221069
927cccd823fef02f,0.5499855279922485
efd1142df7366951,0.5151870250701904
354645416b1570ab,0.5099242925643921
540a368144d2fa1f,0.5373880863189697
d5d32c3c0b14816d,0.483833372592926
e55bf2abf8274190,0.4857047498226166
a985ce8fbeac85b3,0.4735183119773865
c4ab0f08139d946b,0.5403708219528198
8498c32105378c7b,0.5337727069854736
a09522d4d2d347a7,0.5498374104499817
c39c2d919cb12b37,0.4914630949497223
aebeebf62c6bb305,0.5072944164276123
a99ee6c6f5291c4e,0.46674394607543945
1dd701605946487c,0.48800116777420044
085ae7a832140691,0.5283145904541016
51cf1efa8f6774f7,0.4910680055618286
066ab65ab1b6e894,0.524971067905426
b0644c4acbd87d4e,0.5223120450973511
83f47692f5814e9f,0.41971179842948914
e70a38e4f4ff0bc3,0.48294252157211304
50d9f09f014a34f9,0.549532949924469
df37217b641f7f93,0.49537864327430725
84413381e736a742,0.4067128896713257
d1f4ae5b613f48f6,0.4951722025871277
4bc494d41d370a3c,0.49715474247932434
09c7f7e15629b0f2,0.5333136916160583
5ba8da300433edd2,0.5332151651382446
e52ae5e64186af62,0.5571302175521851
2f3cb885025b6e2f,0.5346931219100952
74239f4586f7f74c,0.5201871395111084
156980fd532d0c21,0.47493135929107666
e543c2d8fd9c13f0,0.46490657329559326
062281ecf91599b9,0.5136873126029968
084fb91ca57e4439,0.5620043277740479
dad430388538056e,0.44805455207824707
d5786d834a6b0a98,0.47257524728775024
7759beb30a517f97,0.5236421823501587
243a0cdd54250d0b,0.4753226041793823
6e85f93891bd87c9,0.47412294149398804
65bbf40d1987e7ed,0.55423903465271
b6460bcefb902747,0.5063642859458923
ddf2e233ee434c4c,0.4759434461593628
879bd591fe627937,0.4613407552242279
f6ff9ae127e682a9,0.3933844268321991
fa0fa1eaf9ab7a70,0.47249191999435425
f9e3972752d2b164,0.5240546464920044
f2dadeee457790c8,0.49485015869140625
4795a9b927d66d7a,0.5284034013748169
3547365ea0ddac3e,0.5411173105239868
b1f8f843ce532273,0.48722368478775024
31fbe1244ae2d433,0.5218069553375244
6c9f6b0d8c76dee3,0.47224873304367065
9325c21649ee27cf,0.48658233880996704
653abb5a73ba211c,0.44810402393341064
98088aa8ec0fdf6b,0.49183225631713867
119445fb58fde4d6,0.5035893321037292
a7d52d492f8db13b,0.40772706270217896
7a8159bf06bee186,0.4843955636024475
0453432e8dd66511,0.5276575684547424
60667ea26d9f5aac,0.4417663812637329
9a1063b8531f0a17,0.45885419845581055
d56dde3debffbbdc,0.5056084990501404
d4bd9b27eed03145,0.4763581156730652
30567bc063d5ceed,0.5237216949462891
6873b47ffdb709c4,0.46849632263183594
896b480d9ad445db,0.5242998600006104
d97950a19a2ce8a9,0.47668516635894775
5872b69131e3ed89,0.5235674381256104
19c9a636500678a6,0.5201810598373413
8e77b1685d068e93,0.5402935147285461
8b59c4237890c9f5,0.48640090227127075
7cfdbd45cfcc5581,0.4015747904777527
d614c7ce7f1e7bef,0.4018976092338562
1cbe88c1c52801b5,0.48311227560043335
597802660dc2fc56,0.5696038007736206
a581e2fc7850b612,0.5170512199401855
ea526e700ddb9cde,0.5196197032928467
4d2d4263fa45adb4,0.5458666086196899
edf8b3bf616523da,0.47535157203674316
26fef2156322ffb2,0.382565438747406
e5afe9418fe84583,0.4876069128513336
36285a04bf1eaee1,0.5156286954879761
3abba1995ad88fd0,0.5288053750991821
40c90ffc518937bc,0.4535991847515106
82ce4684461db31e,0.5082862377166748
5a7e6176fdc1c1e2,0.49406856298446655
2f309f56f5a8221e,0.45166879892349243
cd6df79090a8818c,0.5500382781028748
fcbfc9c87dc04478,0.4003572463989258
66196444dedf83f0,0.47749143838882446
12680aef0ea018a3,0.5318263173103333
2360ba032641b33b,0.49761343002319336
dd25d89ddf51b778,0.48150187730789185
0909a4b7255062ff,0.4717857837677002
a7066f2fcd66f134,0.5020352602005005
730c69dc9252d0bc,0.4833938777446747
d2c28671d177fa2e,0.47819530963897705
a55b4b7a50b17bad,0.5211527347564697
7d5eb6eb9b4a7933,0.5186595916748047
8e142ca0327276f2,0.510428786277771
a08c7567689c9586,0.5320053696632385
3707e96a640812ba,0.5480566024780273
230b1fe1b305c582,0.4956630766391754
d2e92e72e5a1cda3,0.5047397613525391
15c79784f626a51e,0.47441837191581726
607a2908a4a2c72b,0.4587893486022949
b6c4aa0a7b84c784,0.5240782499313354
96d71f1041f188fc,0.5387328267097473
fedb7ad746ded692,0.41055697202682495
f698c0e799f33971,0.5316015481948853
7f093fed56f64785,0.5176644325256348
a7c16e1fd97c1a41,0.538321852684021
0459dd4547582886,0.48937714099884033
77cd8d61f363688a,0.47135111689567566
b573adb8a8a02e6b,0.5408827662467957
e47c958d13703e17,0.45757296681404114
595723016390ae91,0.5195868015289307
c463a06f2a57f0a7,0.5124337077140808
9d9d676f25b29e9f,0.5250794291496277
031cbcf1c79be4e5,0.5397994518280029
2bc7bf7dc5a78e82,0.5085102319717407
d71cd1ecbc936689,0.5180349349975586
92e54b1457c63283,0.524808406829834
63fc6db0e6e2ff7d,0.5259052515029907
f9e7fabdd6a0528d,0.5119146704673767
81c8097ad929788f,0.5251635313034058
440cf4e4a4522167,0.519109308719635
0323b30b8c7231a2,0.4790382981300354
d50422bc8d9668ab,0.5013173222541809
e568690578c63162,0.40387290716171265
fa031e15d54adb29,0.5568667650222778
b11d1bdbd285b785,0.4922836422920227
a9f7703fa1fe9497,0.5297683477401733
dd734c0f53f2270e,0.4859277009963989
67d454481dd71261,0.4307217597961426
6c2e1ca2a5676f85,0.36548101902008057
6aa201c852b9e351,0.5138868689537048
a24a8091c1e8d34b,0.5026500225067139
be827acc7a0720be,0.4485929012298584
32e08c886970d8cd,0.5472091436386108
306baaf80228a82d,0.480307400226593
3b02526b9056c4fc,0.4827108383178711
0d0709ddedb0c7c6,0.48652875423431396
0d007322a5b90a32,0.5078281164169312
043190f5b4365654,0.4797305166721344
1231b0128359b62c,0.523047149181366
e54a225ed8c23fe8,0.5097090005874634
93c6c5fea7e01e86,0.5063345432281494
defc5f7281ee61d3,0.4813995361328125
3c34e2b3bba9ba7b,0.5630749464035034
4859bd6635737938,0.5187182426452637
383081f6a6f3bfe6,0.475941002368927
6a2fe14825a60315,0.5341976284980774
0336c95f5565c065,0.5548664331436157
12b4e53f0ae92fc5,0.4690645635128021
22db21c02ba49ef9,0.5097543001174927
f31b6cf9afcc145f,0.48816749453544617
14c119794547d429,0.5245795249938965
783ad376b3607e98,0.5614796876907349
9a440bec44488a90,0.5173816084861755
17b49aa1ba674742,0.4744965434074402
d4ad6901b146ca8a,0.5014475584030151
394abbbaa262c730,0.5077733993530273
25f134b252cbc53f,0.4367053508758545
b6e9efc1c5559996,0.4833911657333374
f9ec8bcbd679d461,0.48277148604393005
3c0d89811715508a,0.5171834826469421
5d798685316a60fd,0.4579058289527893
6a38e7d9bca1bc83,0.524031400680542
a8ca09d295a228f8,0.5163427591323853
e6a4e8b0ab1a4994,0.555099368095398
9d5a6205e8cc0df9,0.5326035022735596
8fe1d28a154cda5b,0.5081708431243896
f2816576111175c1,0.5002391338348389
618ac44dbbcb7743,0.3809517025947571
de9d14030b501129,0.5378133058547974
a3324b127d6246b9,0.4789126217365265
26f6ca8f52276e32,0.5278867483139038
6c950b7297159218,0.5020848512649536
d9f8d991eea5c061,0.48896241188049316
9641783e38eeaea6,0.5289472937583923
83b4f4680ef1c163,0.5167162418365479
d86db8077da586d5,0.49505850672721863
34e054a8dd5bcf3b,0.506440281867981
1f5b904ee93e956b,0.5458797216415405
1afbce507ee7ec3d,0.4956209659576416
5aa853c0161f332e,0.48332035541534424
05c71182d92485cb,0.49882063269615173
e213aa38325687c1,0.4741932451725006
0c4eaaeb7da20d20,0.47688591480255127
1b3697380156ef4e,0.5378010869026184
7e80a62be1eaabba,0.4812811613082886
29de4ddf73f051b6,0.5184276103973389
e26fc2a55574c2c5,0.4684438109397888
1a0be38090724e85,0.47022196650505066
24b8618046f78031,0.5075494647026062
06f1d22b74c73257,0.47507578134536743
2993c1e96d3a1a7f,0.49146127700805664
349a618074f8cb55,0.5560622215270996
aadc4ad1918d8000,0.48866283893585205
23a6e75bcdb8b35a,0.5257896184921265
7589497a1332a3e1,0.4717754125595093
c6aab6787e09b624,0.46532320976257324
171e3378e5b4745b,0.5553374290466309
2f0e73f554c85702,0.5392922163009644
ae254f804abd380e,0.45383578538894653
0514e138369d6a7c,0.5162498354911804
6d86cf0ce11be595,0.5493514537811279
6c0cca1283ad3b06,0.5349536538124084
0131b9a667948794,0.5156623125076294
0631543aec312027,0.5635809898376465
f2c9cb23a4749603,0.4491867423057556
e1dba6bab3a87869,0.5157246589660645
3efdf6e8027f68ad,0.3780701160430908
ab3d452fd17eb123,0.5422342419624329
46bc14f49512e144,0.4928867220878601
8b16efc1ef12c419,0.5085761547088623
8a2501847e918d63,0.46890053153038025
080f4c7ff204c1db,0.534649133682251
3e35abf3c21b4e78,0.4919852018356323
514fc88193810507,0.4966493844985962
58cdd37323835a25,0.5289109945297241
ec2121d3e288e68a,0.3705185055732727
ec167c969c97826b,0.5084299445152283
18edc3b7f2d6d078,0.5247503519058228
bb8b4930990b81d4,0.5270166397094727
656cc4d87b12600e,0.5242749452590942
5659eea707e559ea,0.4611230790615082
f408e5eb12c0522e,0.5306218266487122
27d18da73b69ec5f,0.46693894267082214
b07374262d16f326,0.396933376789093
bd89b0b8656fbd6b,0.5194719433784485
7fa8c230a2cd9002,0.5337221622467041
8f5d5c30cf2d11ef,0.48660558462142944
4743826dc6565cc6,0.5480657815933228
30097528ab79e698,0.5251561999320984
7a3fa08b83a493ea,0.5037100315093994
8a737517b34188dd,0.5089637637138367
3cc24ae50c70a6a3,0.49569910764694214
e27fd2ff4b5138b0,0.4126419425010681
25348da091b7bf6c,0.5078259110450745
cdad3029e26eafd2,0.5217269062995911
537e082dead06d90,0.4913514256477356
77bd9b253d4aa8a2,0.39965441823005676
87cb2ecb61191bb4,0.5185413360595703
59d4ce4662941083,0.47669345140457153
9cddf4bf31a23870,0.5435696840286255
abd598b947a2d576,0.4025982618331909
8f2fb6e5e8065a0b,0.48153290152549744
e3de4fcb17a160ec,0.48235222697257996
d794b6f34f297a96,0.5123393535614014
1d2e2d74fc3e68e9,0.5108599662780762
aec66e219c1ec345,0.4970073699951172
c01b75c088bc43c3,0.5241842865943909
ef0eb34c6669e3e0,0.5657155513763428
bb4b800888ce0fc2,0.5258265733718872
fd326df085844f5a,0.4950179159641266
ecdde15e1b7d5af2,0.5073073506355286
f023f551ae5013bd,0.4866669476032257
560b45325693ee7f,0.5139954090118408
7ac2eb33c73abc05,0.49717408418655396
72e806e41b9b0b88,0.5109560489654541
3cd41bc75be27fff,0.5133260488510132
eff04e658a63832b,0.4853723645210266
ac663e4552437f22,0.3760209083557129
2678e205e8ff5696,0.5338380336761475
dbc54cd834ab6905,0.517184317111969
9025d37d34db4ba6,0.4029200077056885
a750a066ec91324b,0.4821089804172516
265b87c9d07be626,0.48274755477905273
463f2f573f49c635,0.4726191461086273
460ac58ffeaf3961,0.5075685381889343
ece93c3391aa54ec,0.542094349861145
d35b507af1f5c254,0.5377246141433716
6b800b83150ffbdf,0.5678165555000305
4ad07576e6f9e0b8,0.485509991645813
5e3ef46d4e47e6f1,0.5390945076942444
2c69e7666728e294,0.46048957109451294
8deac9fad26b3440,0.3777303397655487
e0ecdb9d461b9de9,0.48840320110321045
a9c68e28c4dab585,0.548365592956543
d0292e6c1074e75a,0.5280007123947144
750023708d110570,0.570662260055542
88874c60e8b26698,0.5256169438362122
a0f3b8ea3839a127,0.5297266840934753
eff2097604e0baec,0.3975621461868286
58a52478721f7dbe,0.5290802717208862
b214390aaa5fd5ef,0.5282976627349854
48b3fb3606917779,0.47249889373779297
345bf3adfc9afa45,0.4621579945087433
513d3daeed15f1b4,0.5460962653160095
8e0a26e211a024e9,0.5158665180206299
ba77bd186d0fff4d,0.409761905670166
6a04ef924b566abd,0.4383518695831299
2fcdc89f5564569c,0.511620819568634
45e71950793f4023,0.4920628070831299
05baacb964cd4d03,0.48793816566467285
b80a24656a2672ed,0.5228734016418457
466b46029990b70d,0.47903043031692505
37a5819f21f862af,0.5203840732574463
66853b84ec1fe82c,0.5295026302337646
9d237708895e182c,0.498119056224823
f779b882387dc28d,0.5036742687225342
520f9a032df8e273,0.4832344055175781
dc0de3a4e48e5b30,0.5303889513015747
a075f9429f48a65c,0.46534717082977295
6a27c7289a1e667e,0.5201346278190613
27c7560656c8d07b,0.49281907081604004
097e4955191108ee,0.512972354888916
75bd758b05920e6d,0.41263407468795776
a90c77272d721e3b,0.5203714966773987
50825ba472716e00,0.5363717079162598
637835e25a4c447e,0.5244856476783752
5dbf26adb3629ab0,0.4828137159347534
9d0cc9863cef50f2,0.527297854423523
2d170ddb465e30db,0.4756473898887634
829d8cfb4eeb727a,0.4964619278907776
48202718bdc2f7c7,0.5039649605751038
e875e0d9412df8fd,0.5136715173721313
53d599c5bd77672c,0.5296461582183838
1169892c94c82606,0.46352556347846985
cee007a5596bf507,0.4708135724067688
f80e9e7fdc003be7,0.49558907747268677
2e9fe833481aadac,0.51934415102005
945d2beaedbcd026,0.46351614594459534
05f710681102848b,0.458873450756073
3e8dfc16a9db21d3,0.3723944425582886
7c779ad2916fd001,0.5582602620124817
1227968c99f2188d,0.5310013294219971
7f24229089e42212,0.4820401668548584
af371e9ba70a1be5,0.5414320230484009
c1e5acc5ba66093b,0.4674605131149292
5a6ac9c1581e5832,0.5489414930343628
53bca5d95fd955bf,0.4606668949127197
febe7666a6b9f36c,0.513541042804718
906bfee287f77773,0.4858948588371277
8483e371a295bbf0,0.5395309329032898
a2bbc0a8c53a4390,0.5118860006332397
7b4b51117f0a80ea,0.46335816383361816
2f4f35613c7f9d1c,0.555083692073822
99b629b2ceef6cb2,0.4848306179046631
e0b16c04a24258ea,0.5243475437164307
46ce642263283b5d,0.5556367635726929
92715f11ecdcafc7,0.5309192538261414
ece0e5ffc7ab5f55,0.48539087176322937
aefbc43d638ce9af,0.4652678966522217
15554a2de40181b8,0.5209667682647705
44924e5e9e204a82,0.4619792103767395
450be0195a161dc6,0.5431615114212036
bda8d96b6954d3bf,0.5371668338775635
eaa540b3f38187bb,0.5040140151977539
6c46ab6f6208da08,0.4386591911315918
e6a93ce34a8d46c4,0.5055267214775085
ce9ca9477eef59b8,0.47259366512298584
03f38a1a3e29460b,0.5043740272521973
ed754f26ae2a3aab,0.4931178689002991
a2fceaf63b221b71,0.5158010721206665
6de77d03deb4d4df,0.5215067863464355
504a748cf938018e,0.4767923951148987
fbc72a2308e8e2bd,0.47189196944236755
05f21abd26765b41,0.5483049750328064
286fbe91f80c8996,0.3830994963645935
7850956881f8f7c5,0.5304187536239624
54af3be178aa5df7,0.38205304741859436
709e38effad9520b,0.5118110179901123
48297aa2ac3e1fff,0.542237401008606
af866e883b99434e,0.4769265949726105
ba8e567899af00cb,0.47976016998291016
0c91aeda441445e9,0.49459517002105713
6badcd3eb1bc33d3,0.484352707862854
8a27733487337760,0.5202357769012451
d868d7209a528feb,0.41891545057296753
6c4b4e94a2fa1d24,0.4934101998806
e11c01cfd32a93a9,0.47187820076942444
dfec07a14a2da7a4,0.5114431381225586
b57f249751be2e69,0.44137489795684814
dc2da9872a5dfafb,0.5135691165924072
1ed8f59d553b1098,0.5309431552886963
63b3728c07ce6d72,0.5291506052017212
277843a7a80ce481,0.45459604263305664
aba45e0a6ae7b344,0.5318590998649597
404fc08fb2768c31,0.5144409537315369
2faf40f3f7438ba9,0.511090874671936
da6b8d7dfdba9115,0.4737100303173065
c0803b6c206e3ff1,0.3966335654258728
79a55de0ed67ac21,0.49872368574142456
efb866093897d156,0.4941881000995636
a6d3ba999c834779,0.5256204605102539
2d2e1f6a9b02a45e,0.5187176465988159
20ccc6a1f15f03c2,0.5124194622039795
2fc73f053e7d9c76,0.5150486826896667
00838da09d4a30b7,0.5183253884315491
7e60f46ee6ee9eee,0.5296430587768555
dfe2c774b1133326,0.5359762907028198
d9cee6365deae7d3,0.4747128486633301
e66d27dc3e455c4e,0.5072391033172607
07281d92eab238e5,0.5200995206832886
fa4c6c95ea3d215f,0.49849554896354675
def3c57535b925a7,0.5507055521011353
e017a9cb1bd3dc79,0.4906036853790283
8610e8356a021faa,0.5177000761032104
f7f0e422b7df46f6,0.5036377906799316
59a52708b2cf2d9e,0.5214645862579346
bb721677e3e6e0b9,0.5011566877365112
6ef4b89f0fb6dadc,0.4094007611274719
6a3cc0e50579e334,0.46936994791030884
2cc8b15dd0865462,0.5499141216278076
d99b399ce35f175a,0.48604443669319153
424cf10336fe9011,0.47439301013946533
71eb7821f102eaae,0.46290361881256104
bba1238d82593201,0.48273909091949463
98af36677f25469e,0.5805630683898926
568deb1040b62b73,0.5231643915176392
c6f7f9dff7e2befd,0.49268558621406555
0882a606eb09a050,0.47045210003852844
24b74aaa6ce574df,0.5275039672851562
acacb8ac817b4fe6,0.45596787333488464
fd3c0e788d8c7431,0.4292849898338318
33dedcd777f0c089,0.48758143186569214
ebed9b82bf180c86,0.4765118658542633
be23b12a3403ad44,0.51649010181427
eb872f443e317c71,0.41597288846969604
6f83c1e418236592,0.48643624782562256
00282c3c273a71d0,0.5065520405769348
44c172ff7146fbf5,0.559386134147644
fd450fd13f4dc2ba,0.5241340398788452
2d9dea9f565fb1db,0.5155476331710815
558bbe190fb5d451,0.5067319869995117
ef3577d7be5ff9d7,0.5036680698394775
234391d313cfe1d3,0.5122683644294739
5a8d981245f967d0,0.49161842465400696
32f260033722317f,0.4212374687194824
b0537c929eabeec1,0.46997058391571045
f9a1f18b8a0ee536,0.48156869411468506
bb9130b46a3c0d93,0.461473286151886
38a2fdf7459a9913,0.46018439531326294
f73c287fe513168b,0.47703272104263306
9e6bb4fdfac894d4,0.5168827772140503
b7246664e71d1204,0.5177150964736938
affd9a563ee1a9fe,0.5019302368164062
0d34b13897d3ee06,0.4415738582611084
c51e4ff71b5cc1ce,0.4841472804546356
357f4f09ee652d4f,0.5467414259910583
2c50548a56dcb4c0,0.5370969772338867
55fbd4283d6a41f3,0.4704713225364685
09b59c50c7d453ea,0.537182092666626
72b274c3d856009a,0.4988898038864136
00844b7184ad6c5b,0.47104114294052124
c0370d917684633c,0.4485205411911011
e4ae138c941c265d,0.5400703549385071
6ea23b7bf307e3d2,0.49352216720581055
057c564f4efac126,0.41401129961013794
78cbb3cd7473e3e7,0.5295610427856445
d0c6d92bd0502603,0.5539082288742065
7ac2ec37ebfc9c5e,0.5219966173171997
2bca2702d550eabe,0.39839810132980347
610096851a012763,0.4900718629360199
8f58120ad09ef8bb,0.40966033935546875
6d02af6744a80599,0.5341138243675232
3b146c1b70287644,0.5055467486381531
d1eb19f8f0968e2a,0.5233350992202759
28e24438c1bfe9e0,0.5218055248260498
b1f2fe909722adab,0.5551682710647583
323a66bbb27d451a,0.4725840389728546
ed935c4c9103cb4f,0.5113147497177124
8b8052a1a1ca2f75,0.49508604407310486
43f3a05c70c13b13,0.5033576488494873
b98dad719421bd45,0.506625771522522
2d2f19418c507ff1,0.518254816532135
57f2bc6b0cc7731f,0.4821307361125946
2eef62dac3752358,0.4657396972179413
41e83aa41e26ec9c,0.5092345476150513
49c3f6305dbc85ca,0.465188205242157
a1b6fc294c96b01d,0.5125302076339722
ee306f44029e5aab,0.5143078565597534
a24ebb7014bfc398,0.48588013648986816
9e29ce3acac42643,0.4841894507408142
e11f60d1ef1a3a80,0.5045472383499146
9c47c79c27a8db07,0.5450392365455627
2baa9a19657922dc,0.5660758018493652
e3dcfdaed6e1d0d8,0.560653805732727
cc74175e160daa36,0.5442749261856079
769caed98ee0bc95,0.4982932209968567
1d955e7c79f9a27c,0.5204511880874634
ac2f423a953ab0b4,0.48777008056640625
29826a4455e0a22e,0.5082122087478638
da2712cd71865831,0.5292259454727173
c2c1289a76331391,0.5067806243896484
c62afcf9089c7418,0.5312010049819946
ceec7b52bfd286a9,0.5272892117500305
ad5a08f96d2e3a03,0.4917067885398865
7402d4fc1cd26869,0.5298041701316833
04b02682d764b35c,0.5735477209091187
60310a0337dc5328,0.49944746494293213
d85bca4aaa2e2984,0.49752292037010193
cc399ce7fc3ee853,0.50628262758255
5954a76730cd88d3,0.4930192232131958
101b742e69bd77e6,0.4766268730163574
4a499d864139d1e4,0.46788594126701355
fc9f9667c9fe7049,0.49635812640190125
a1c3fd023d6a8290,0.4715043902397156
cb0a8e16435f16bc,0.5090802907943726
26e0c642eda24cac,0.5250152945518494
93b55d9c202098e7,0.46219080686569214
00fd0dd97fff061f,0.47126179933547974
e80bc447c437acb2,0.3481372892856598
bde32de605626845,0.4224775731563568
b4ca447663a452ab,0.4898310899734497
522d22ceb24a8061,0.48706191778182983
4404ca1ab945150f,0.5332428812980652
9b7634051f1701e2,0.49932658672332764
cca6fff750abc644,0.5295118093490601
3b4b997f224cf38b,0.520393431186676
d58b91c017353f3f,0.38784393668174744
9087c50c03db7734,0.5474044680595398
6e1f8a4043435736,0.5069165229797363
9570d2a687ce5324,0.5290078520774841
2612d6af2e394bfd,0.521151065826416
38881c186ee1ea80,0.48840034008026123
a0712cfdceea3b5b,0.5290813446044922
abcf11ecdc610b8f,0.516801118850708
c327f5f488c7de4b,0.47928154468536377
f582dca693622e4e,0.4558788537979126
3760b505476e7c31,0.4917985796928406
087b7c550403d0d9,0.5060586333274841
382a444e37948741,0.5538480281829834
757cf3684e554ad0,0.519781768321991
e7a897adb0e0e059,0.518703043460846
8197271ecc309aa8,0.5381335020065308
78ecf054734fb757,0.5381900668144226
a47497b36b20abc0,0.36500656604766846
09be9d7ab761fd9a,0.47765883803367615
c77e9e0f11c808c3,0.53614342212677
fa835b4650785505,0.4800625741481781
f6884f4d7a9e9fb5,0.5106056332588196
636b76178cd6bf98,0.4734245240688324
92d978c60eeebbb9,0.4597272574901581
010e131702fb5bf4,0.5015013217926025
08629bb300a218bd,0.5218113660812378
a7d4a3cb2114c4ee,0.4913061857223511
f8b11d4f70fb73e4,0.5641957521438599
b4033790a770f83b,0.49145835638046265
f11124c2db25a3ef,0.5216794013977051
f7ad96fd819d43e0,0.5012108087539673
2cc5e66bde43c6c2,0.5012626051902771
d38b6965dd6f0b2d,0.5378861427307129
9added21f05b80ca,0.4136831760406494
3ddca0301872ce9b,0.4674215614795685
b532b3c9f356ef29,0.5088282823562622
829fa000e0840174,0.48382699489593506
c7cdc8c371c4bc13,0.5567740201950073
cb891bf205ff9a2d,0.5105993151664734
10c6dfbe4fcdf180,0.5253778696060181
f495a0708cf62eb8,0.49788638949394226
039c1958d84eb26c,0.4773319959640503
e65b6fa679db1b68,0.5232213139533997
1b622945f59568eb,0.5182825326919556
99cfba3f78e4231b,0.5338855981826782
e5398de2cf66bf08,0.41315823793411255
cd97849284d11d0b,0.39703619480133057
2cf2e6715f460421,0.47331881523132324
e5b4b3c0d4cc8782,0.4797014892101288
d21577f53f14ecef,0.5629794597625732
7fdf03ffae9dd56e,0.4941413998603821
fc2e8055c8e99f1a,0.5676532983779907
1c6c0c5fac48fec0,0.5300038456916809
9fd786cbf54c8549,0.4887040853500366
9d964c2f30147822,0.5259586572647095
5d891bfeba9d1921,0.525977373123169
b8fb04fbc9d64760,0.5126285552978516
88e7af0a7937b057,0.4937908351421356
630ad7945ef8fbd6,0.5255656242370605
54519c1f7035f1d3,0.49711382389068604
b8098eab3221c456,0.5521100759506226
388d149b05a6e0de,0.49931514263153076
1b1780135457f27f,0.5301190614700317
765c2f2e808e7ce8,0.5046720504760742
c1f7ae40816c9133,0.515165388584137
c2be22b01ce25274,0.40823036432266235
ac1e8376c5c17fb1,0.46341264247894287
0ad685e25477d9f6,0.5082282423973083
19a035fb2e73189a,0.4981982111930847
f385fadc28db0798,0.5121866464614868
dd5c28b6cd1b3889,0.4636930227279663
23fd73634bc1f550,0.4976985454559326
e0ea962ec1f8a8c1,0.43624913692474365
1d1b598e010584b5,0.5142921805381775
4675d170c2f4635d,0.5320368409156799
d3c5455901a945ef,0.41907691955566406
c32576c4f5cbce6a,0.4965881109237671
b6e39bf2b42d93d3,0.49636268615722656
49dfd4b7a03b154e,0.4837966561317444
16e92fdd28ca9d2c,0.5337389707565308
8125414d3f823417,0.4930435121059418
76234c0eca7737fe,0.5101991891860962
a35579fee38d2fe5,0.5135746598243713
f27da05900fb75bc,0.448539137840271
10c683424cf946de,0.5072880983352661
988c024317fd4dc8,0.5226349830627441
60b7f2fce9b3ac9c,0.45160138607025146
3eb07e8ee363cd2e,0.5075355768203735
82f6f63769e20afd,0.5034328699111938
76bae1b202ef509f,0.4757148027420044
1e1c0458949af14b,0.506188154220581
7447d7f1d72820eb,0.49327415227890015
7df51800c857defa,0.5244407057762146
4c679ee2f0f22c5d,0.4612531065940857
cad47d145ae14740,0.521253228187561
ff56da0ff9488a0e,0.5311566591262817
34cf6fa78b4ce26d,0.5273941159248352
4d83e9b7a59d5135,0.4891186058521271
f299b5d4611c56fc,0.4755649268627167
3fee532d2b9ed98c,0.5074138641357422
becf1345888e5e20,0.4567869007587433
ff9f5569715bdcce,0.4080941081047058
c42d7fc129abd839,0.4996119737625122
e8254d9947086d9a,0.3544463813304901
ce904c524696ad72,0.4849228262901306
2ae9e381a8fdc918,0.46134933829307556
50b8ccbe54a4fa02,0.5597643852233887
24ac779b649a6858,0.500115156173706
f11de92ebb9c1476,0.5051413774490356
4129d6291f4c525f,0.5444077849388123
36b86c9ec2a24fe7,0.5277815461158752
d319e229ad1a2fe7,0.47598856687545776
5f3d954cee6eaab6,0.5117477774620056
d1e17e984d858333,0.468971848487854
dd1f3e67990025c4,0.4667624235153198
cce4f216a13eb909,0.49807751178741455
223c771e29a3788e,0.5698111057281494
267264d5e513e9ca,0.508446216583252
a2eae66493773185,0.47390472888946533
45ad11df9fec92e6,0.4433906674385071
da762e36677af320,0.5028974413871765
b3b0209c0184de98,0.5240976810455322
781a755edf71ad56,0.5359188318252563
acef4abc7b1cf53f,0.5191107392311096
855b7bf8e6e1f46a,0.5079274773597717
3e060f95954cb91d,0.4983377158641815
22fe5681fd477e40,0.3910806477069855
48e6e7712258b18c,0.5060478448867798
7626b7da67207520,0.5336692929267883
73d44b2ab28855ff,0.5053848028182983
c622c400013b14db,0.5299344062805176
7acd6631109abdd9,0.4861213266849518
d536fe460e59735d,0.5248736143112183
c8b76b9ae477e651,0.5571486949920654
6fec615f57bceb46,0.514895498752594
f2b1face0ba71b58,0.41506025195121765
4f3ec55d8c453643,0.5143945813179016
c5612a19e3cbeb9e,0.5009382367134094
7f3815a22d904633,0.5232055187225342
874f016459bf3573,0.5355656147003174
580a51267f773325,0.5582553148269653
7f4e1e1c88e64d8c,0.4870893359184265
32c90ba090f2c048,0.5193666815757751
6d84e8c07e14b0b1,0.49016273021698
471300afffd85ce0,0.5091643929481506
b09ec57b5edc00d0,0.4973755180835724
5c734d330914679d,0.506717324256897
272204c1d454210f,0.5172981023788452
3917b42f363be95c,0.4857478439807892
5968e8cdf4c847da,0.4765962064266205
4882048f4bc3616f,0.5181616544723511
b96bb13953153e5f,0.5148014426231384
3b8fab2b12575102,0.42614954710006714
7a87ca46300eeb27,0.5243477821350098
83436e78830be6a8,0.5081058740615845
f6c5c4b77f057ef8,0.5753569602966309
626393497271e3fc,0.5329833030700684
a0c69e5801838d01,0.47225844860076904
ee1a52a8f968ede0,0.49423491954803467
dd7a732ff208823e,0.4579835534095764
59e0cde266f59e04,0.47499290108680725
26f9ee3eb765a084,0.5157328248023987
a1860ae94bcd9f33,0.5237928628921509
b28e089eebbf4b77,0.4797642230987549
9983eab4b8ea728c,0.4976768493652344
809cc6d24dfeb0c7,0.5349250435829163
e0b4b9534c5a9c50,0.4459589719772339
0f8d30a56c55b29e,0.5055543780326843
cc01ea166a07d422,0.4586482048034668
f6de62e0e62aad82,0.4591413140296936
475cc857a2ef1c2f,0.47717201709747314
9e8a0741da4d707d,0.5363526940345764
dfae744b181fcda8,0.4615466594696045
dc0aebdf78379478,0.5160823464393616
ea1e33de27ffcdd5,0.5201246738433838
fc591d68ff8ce408,0.5057783126831055
83db9cadb22b7791,0.5135470628738403
f329c8cfb9851716,0.5301734209060669
5c52681b6863b31f,0.5003700256347656
19486da6ce1c6a45,0.5110782384872437
0e5981971843368e,0.5327265858650208
a4e8daee8d23b66e,0.5114768743515015
15768554afd6f2e0,0.4710233509540558
618676f615070508,0.4173679053783417
0f031e26dd2d8745,0.4863463044166565
89f9296945e29d7a,0.4787536859512329
99c91f9d2997617f,0.5205810070037842
1be8b5785695afae,0.50251305103302
62056f3e10f46f27,0.4966581463813782
89a193ab76212948,0.5311726331710815
4be00bdd9a3480af,0.5033653974533081
5500c9e6e2e06f88,0.502618670463562
d55d5db14c47c853,0.4610167145729065
baa7bd0f25c1eead,0.5153070092201233
73de40073b922ff2,0.3932539224624634
84d974cc6ad20280,0.5080020427703857
2af80f4aaedae816,0.4993787407875061
ae0b8f4e8041abdb,0.4770127236843109
e2579f9076b3b93b,0.46901801228523254
d6934673c20fd762,0.4483973979949951
d986dc9774abe589,0.5273690223693848
83003bd2c01ef599,0.4997127652168274
1f9ef43e95b7b62c,0.4432065188884735
8d85c7b75921d20f,0.48529669642448425
85ee56cbbe1cfa37,0.4956483840942383
50dcc860002a7832,0.525094747543335
b2c4a7208ad4bf00,0.5136820077896118
232af147d3dd76e4,0.4805225431919098
8f085e1105b429b8,0.5698840618133545
919bdd51014aaf24,0.5364511013031006
eee3c85ef47eabf2,0.546355128288269
f75ef884da5aa90f,0.5056787729263306
6076def932e29156,0.5314460396766663
2e5cc7c198c9e346,0.5054722428321838
0f210082b7afcb72,0.5038667917251587
04f434211082e6e9,0.517328679561615
c1dab91c55965a19,0.4257693290710449
f63b1b05d6725c2d,0.5247807502746582
fc7aa84044bf7d23,0.5263887643814087
c5ba9a5b777e8c8e,0.5300943851470947
524e1bcd48973e9e,0.47215303778648376
f931c3cbde287b0e,0.5428943037986755
b44f243449b77f96,0.5135109424591064
016942d6de276bbc,0.5319184064865112
077348f7ef798f5c,0.498759388923645
2855ade156a32410,0.482032835483551
d6654bb35b9e60b0,0.4444727301597595
6618a3c2e4f44f8b,0.5106807947158813
be38dfa9cd8af308,0.5070667266845703
40808e2064dfb7f1,0.5159801244735718
39736e7daedc12cb,0.5005770921707153
5be49c55dcba26cf,0.5232610702514648
fca8e48625afcff0,0.504250168800354
f56a8ab244037ed3,0.4787028729915619
fa7f7302c96126f7,0.517662763595581
b23e50eb3953e01a,0.3596946895122528
389fe2bcc66f1ac1,0.4137195944786072
81b9bb02024ffda1,0.5204328298568726
a932cfe91e166709,0.525780200958252
0c75c26e08d169f7,0.5096011161804199
ae5d8713b0b401a7,0.5277429819107056
175604783daee94c,0.5009958744049072
1777556a502d3f09,0.5029759407043457
7421c80a91b1c51c,0.5060628652572632
c644d2dc8e5ff31d,0.5494133234024048
4de1c536f4b5ca9c,0.49570420384407043
31029fd53d53a775,0.4719000458717346
6366fdee3f64bbe8,0.4708247780799866
0e9ea244be3f5243,0.5590004920959473
38a15a36c4e55fb9,0.45180749893188477
dd734f92b667e8a3,0.4940265417098999
1204b123e3b48148,0.4578498601913452
4586f7b0b1017196,0.48238998651504517
bf41c190f95c3ea4,0.4881296157836914
a90b726d70a3851a,0.5538585186004639
5ff489fe4c81d66b,0.5104986429214478
1851aedc242b22cb,0.5159762501716614
9d6c893a07bb931c,0.405553936958313
a6fa7ccaa60c35bf,0.510321855545044
957b4427afef9872,0.5581175088882446
41a62c4d0335c5b5,0.4829826354980469
cb742937777a8efe,0.4907418489456177
52e76fbfe49474c0,0.5277024507522583
7b1b43fee721d9c7,0.5221225023269653
5c6790219baf45ec,0.5079551339149475
029420aba30f1cf0,0.5284098982810974
7c9cd7a4df6b415a,0.5273340940475464
fe64eae205af4ffc,0.46972084045410156
db4110104768b7fd,0.5295881032943726
4d7349f871b82395,0.4650585651397705
9a83edd775dc4768,0.5360277891159058
0fe97c381246de10,0.5124931335449219
eda4e8dce7f5ca9e,0.41382914781570435
caad02c57f994b03,0.47700339555740356
aad00f259d8b4887,0.4862232804298401
d87c1096b793977b,0.5043073296546936
aa457773269e8f34,0.5296292304992676
4f8ac6e844af454f,0.4855663776397705
28091370452dd984,0.49632591009140015
07ae6f05bcea87ca,0.5016565918922424
0da7514077002c3b,0.4625665843486786
5a4afdff6ec82da3,0.5067346096038818
e837a425316a0ac6,0.4054713845252991
3df65ce614dca83e,0.5181237459182739
744177079f742450,0.5237109661102295
20d85b9bad3cb967,0.5058613419532776
e250335f385627a7,0.5283645391464233
a751561980644ee4,0.5332427620887756
a4e9b514dca42f49,0.5120527744293213
fdd38960c18264d6,0.5131856203079224
959c84d31d1138c0,0.41848087310791016
20f1f9d35964aeb7,0.5101579427719116
7ff511060e1443d7,0.3942549526691437
43e2390b847cf170,0.48998960852622986
9ebacf0ff9bb5a4d,0.5307385921478271
e6efc5c1552e3e73,0.47812312841415405
d8c181ab1f8cabb0,0.49166494607925415
3cb1955907be7b53,0.5038051605224609
697fe2d747111831,0.49323177337646484
9e87e98bad126b74,0.478502094745636
8e6a9d9e0f52f4a5,0.506981611251831
9d89f53769bf7654,0.5010215044021606
a43e85b2583e20b4,0.47019487619400024
ce95e86140ff52cb,0.4756893515586853
e16842e548cf3420,0.5092000961303711
323f364ebe0b202c,0.544419527053833
3e83406eb56892e8,0.4589592218399048
00d2549813f6bedf,0.5015428066253662
c4a8ad091bbf2357,0.4649687707424164
fe3bc7f3403657fe,0.5289826393127441
6e447af8faef3825,0.5299504995346069
c6425b2d0e8f0fef,0.4680516719818115
926d09a1a012afdb,0.5136839151382446
88dc51f287908efa,0.49391305446624756
b7e803939912c19d,0.4996347427368164
6200c3f978715eae,0.45670902729034424
3146d3ff63972e21,0.5545186996459961
259698f5d15165ba,0.3530206084251404
27ac47b45a75f351,0.44354844093322754
32caf81c754c2640,0.3950810432434082
bfaea3882c3d5016,0.46622413396835327
ee756bee1c7d323a,0.48851478099823
ff596c53ccd19806,0.5093421936035156
dc76fde4e7f3112a,0.4983177185058594
f6128ece8fc58ba9,0.5371109247207642
67b1b8d87dd30920,0.497062087059021
23e9b971db49debc,0.4777294993400574
fa2ec13772c88b35,0.5173226594924927
ac78c61963ed03d1,0.48215150833129883
1ec4f125bddbff40,0.5207363963127136
0d7650f0ab2dd02a,0.48720812797546387
626e3fd846e1971b,0.5402919054031372
6353989ffc3526de,0.44773581624031067
2d7a546f1d709890,0.5037840604782104
a70b179790666c18,0.44908878207206726
63aed7d65fc5bd28,0.5134894847869873
8952105e3c788cbe,0.5125616788864136
dbb527338ebac48a,0.5075751543045044
f5bd1b1aa6b8fada,0.503605842590332
099d9a72c4489917,0.4981265962123871
e1729fdc0a1d0e7f,0.4832811951637268
ba9c2443e7db78bc,0.47426193952560425
af01747a369d4d35,0.541725218296051
779f8de3f12ad716,0.4660918116569519
25a289af83b6d510,0.45924532413482666
5b3be7ea73f090b8,0.4896523356437683
41d96880e285d247,0.4239428639411926
5aba31746457d86b,0.5167491436004639
42e792c3fb02c389,0.5596740245819092
f728c778628be63b,0.525012195110321
cc08ddbdd8938b32,0.5308212637901306
305c2f71c3708ab7,0.503824770450592
8a38feb763d6c219,0.5268375873565674
e27e037022ae6dba,0.5608522295951843
e04fe72a3e95e857,0.5700868368148804
4d317c4450a4e679,0.47691208124160767
31d7e657ee55fa68,0.5368623733520508
5ec4150262a1749a,0.5347193479537964
abf89a4a92832612,0.5557662844657898
58c6c770012aa5bf,0.5349036455154419
5945ddd018dc498e,0.4669065475463867
fa4e363e7b202115,0.5280917882919312
9dfaf6990532d638,0.5321429967880249
e3f5b3b0a28662b3,0.5087636709213257
9d133f1cd10ec5df,0.48544928431510925
ad867903b3a66cdc,0.4913256764411926
db617672e98220c4,0.524710476398468
eea96fb49e91ed0c,0.5047627687454224
5f1e43c4ab4f1108,0.5287483930587769
3b678ccab374d1a2,0.549480140209198
97054c484fdf281a,0.511671781539917
0dd59700afae4e19,0.47221916913986206
d0f0b35c2ddccb1a,0.47368958592414856
4fbb10c00568070c,0.5078980922698975
afdf86c78b2841cd,0.5096533894538879
76ea5e5b960b714c,0.46083730459213257
a1b56dc7dea86749,0.5070695877075195
18aefca0f0e5b122,0.48249703645706177
e6d70721946c246f,0.5444068908691406
3daad9acd9d1c6a4,0.5487381219863892
438d8328c0664371,0.5029181838035583
929be4db2239142c,0.5031978487968445
02083331a4591cce,0.5462292432785034
cdcfc6c15919c37d,0.5142179727554321
fa96118c832be423,0.4754394590854645
0b1ceaf684fac0b8,0.4646398723125458
646e5dc12b3def2d,0.4722890257835388
e938da758515290b,0.5073772668838501
3ce2efe2e3316ff4,0.47072887420654297
df51c3aee144472f,0.4222819209098816
0d43d3d8923a8385,0.5142752528190613
455a3494d3bc8d18,0.49699628353118896
40a758ebab92abd5,0.5274110436439514
4c91ec203a580738,0.4450967311859131
75150c2db2ddc66f,0.4730018973350525
b9a89b2d512e0805,0.513293981552124
0681bdbafcd6589f,0.5470930933952332
5823b005ad441992,0.49681222438812256
02492029d621e8db,0.5559700727462769
2a16fa4fb9f62d2f,0.5557690858840942
29146935d2b0d6fe,0.4743359088897705
b6f731110af7754d,0.4427121877670288
76e453232420e035,0.5403048396110535
522eb45091e5604b,0.505312442779541
a5c8c7573430bdd9,0.5306909680366516
8a75a9ee5b0c0e3c,0.5399438142776489
f095f48e1a67bdee,0.5024049282073975
1fda73e0cb06200e,0.5678280591964722
54aca50fe28d988e,0.5461481809616089
1e982f4a66bb2c7d,0.49385136365890503
593a0cdb61c3a4b2,0.5065133571624756
342a3417ee4fbc29,0.33533167839050293
9499ef731a050442,0.5303250551223755
39bcd9bb1e0b8ded,0.5241328477859497
3cee5af0dc7759d2,0.491098016500473
1b8fb30b5c77d259,0.48316049575805664
b8a69ed18ef24397,0.5030250549316406
5ab3f0fceade5bfb,0.5070295333862305
979de03e07b32f7d,0.5245760083198547
4fcc129a6eea82b6,0.5009312033653259
347e087bd9ba6156,0.4057084321975708
c72229e375595ac2,0.5225428938865662
d79b2d240462530c,0.513138473033905
1ed16f2f446bbd70,0.47532930970191956
6d93875b9245a83c,0.47990044951438904
f9e2c021870224d4,0.46235132217407227
659a316ef6bc6770,0.5308761596679688
6ce39ec73422bc6b,0.5095560550689697
254b7c277ea5cc37,0.4843960106372833
fdc9345784f7f0fc,0.5017021298408508
e1a9a1cf1108a8f5,0.49925678968429565
533feaa77112d81c,0.5082235336303711
98ba248332941f84,0.5227988958358765
b2d1f9a16309c418,0.48410502076148987
3f0c41c94f606803,0.5005489587783813
c5169867d9924253,0.46291279792785645
ebce0186ada2c720,0.4762773811817169
256c37c45eb6fe5a,0.48506784439086914
18c0e2ed9a2a4ea8,0.459500253200531
d6b7260723a3974c,0.527498722076416
8f330aaa5d35f046,0.4715862274169922
87bbc0e31536c666,0.5351366400718689
a6208f2854722bc5,0.5486214756965637
b465cdbb371b1013,0.398044615983963
a2b478f15b71693b,0.5257503986358643
66a93bcce6419dd1,0.41994085907936096
84d73a82c0ab7b9c,0.4453986883163452
2beee7d2f3e0b91b,0.5026611089706421
0aa6fd93b292fee7,0.5243855714797974
4f60f4cc9641b0fa,0.5341969132423401
fe36cba5d948f0c4,0.5227761268615723
74c0bcb4f48a7c4e,0.47645145654678345
9faae00aa6eb0835,0.4871737062931061
f1a43840ef06c969,0.5350320339202881
44cbcb8aca5408fb,0.46557849645614624
0fbb0f138be1bb2a,0.4900314211845398
96cc73b1b5be4f21,0.3960126042366028
a4dd218d569201ea,0.4903033375740051
1e57313791573977,0.5176620483398438
2ae0a6db456756d0,0.5018347501754761
6b2d71e22af2b6b4,0.5234562158584595
da04b30f879b6b32,0.4974561631679535
7c6980d78d4e0560,0.5462833642959595
5a5ec18640fa2e7b,0.537300705909729
1960ac795e7282cc,0.5206611156463623
48aaae4d33f6883c,0.47163814306259155
2bbb72e9557e65a6,0.5098997950553894
80232b49daa3a55f,0.43564140796661377
d19bb16b9ff6b8bb,0.42343470454216003
314c8ccebb1a3117,0.5044488310813904
e0ce2322e25fe9ea,0.32021576166152954
87adee1edb8c1f6b,0.45226365327835083
71ad92a6abeb08ad,0.437858909368515
3a3a6f81348aff62,0.39123815298080444
c04b4edd52a6cdb2,0.5136644840240479
9dc528142c935fdf,0.45621317625045776
6668f175dc2f0f3e,0.5096331834793091
a3ffef0be1ab5b48,0.4741092920303345
7c27856de89aaa94,0.5141444206237793
57edf93115ef7a49,0.5185942649841309
91f545427eced133,0.4825078248977661
7803065d2161d631,0.5200779438018799
66bcd9dee0e15989,0.5239391326904297
129724300f9fc549,0.495272159576416
376c8a875cfa7117,0.5023860931396484
ff8f1ef2f45307a4,0.4621433615684509
a4763f2ccb2a392c,0.4977177083492279
5b36780945f22aa7,0.5369024276733398
ed912893b90877d4,0.4618367552757263
c93fad528621591c,0.4699643850326538
d5eb706ca1e3f9fe,0.4877018928527832
6894b7a275a86959,0.5489002466201782
9350f5f613961a81,0.5049026608467102
d4851f7f80c55ffa,0.5074012279510498
7cb5062cf9b26da7,0.5349284410476685
f2b22d74b0b17012,0.5205193161964417
ec433d69bc7b2b65,0.4588674306869507
6218b0d5880d9ef4,0.4682762026786804
d56a6f21b0ecac62,0.5636249780654907
4ba4d8667a92d83f,0.5003880858421326
79db4c1087b238d4,0.39624354243278503
60fcb6824bc9a82c,0.5068356990814209
6f41f062ab8d9d43,0.46434879302978516
669fcc773387aac7,0.5333491563796997
f5796fe1a74b4542,0.507573127746582
78a46d683615d296,0.5249476432800293
d1a8e5e4e85c5f45,0.5541701316833496
00e16c4779990cc2,0.551030158996582
ab8f161f1ac61b9e,0.4906854033470154
87e2f8e946c5e8d4,0.5610185265541077
e8e4f6af40fa0a2d,0.5291409492492676
37d0c9718428227a,0.5394476056098938
2e6c3bf68aaa6b62,0.4922215938568115
9b50bea29e489faf,0.4881938695907593
c0a236c347a2bbee,0.4854115843772888
4a0b4958dca35ad1,0.5004768371582031
53452a378721b2bd,0.5374785661697388
140550d573019eaa,0.5200490951538086
2445e93d341dde3e,0.5067834258079529
a4bb662692d85ac8,0.4686990976333618
3f1bcce8a02c486f,0.5224014520645142
fa202493e86b70a3,0.4624059200286865
85c5cc31d866c429,0.5114089250564575
254842022d06cb4b,0.5527267456054688
7e2dd6e1c33805c2,0.5644463300704956
da7e844a93893512,0.47426503896713257
c829576e6a6bedc5,0.5194407105445862
f80b4bbab822949e,0.4687016010284424
909984f090f86134,0.5062447786331177
b677e965ee1fff83,0.4703703224658966
197c9d110281b500,0.4947401285171509
46cdfe8ee50aa2c1,0.5012288093566895
1aa9db6810eca029,0.4944080114364624
e87b98b5b8b7e0f8,0.5617799162864685
4e8d2500d199e802,0.4906143248081207
7f053b500c533406,0.5248047113418579
5f31748b5cd85e8e,0.4882153272628784
8d0d2e6a99a90b41,0.5021145939826965
b928e06f1e6a6781,0.4634256064891815
7e6f0aff4514a43e,0.509268045425415
8c14bf95509e4e41,0.5158889889717102
6455d5c6aff725ca,0.5369278192520142
08e71a3c0cb8aebd,0.5445300936698914
c019d59eab1d75ae,0.49678510427474976
710fb732fa0c092c,0.48619991540908813
3c77202d213d1236,0.49828624725341797
3a6ab3336577d7b9,0.518801212310791
318baa7908dd283f,0.5278850793838501
7a9ac910ab4b6117,0.5504472255706787
4344be2789b179cc,0.49030357599258423
6dbdd98531d144b4,0.4918559789657593
6749a0c45de4ecc9,0.4039742350578308
26a6ce8295b9e029,0.46065065264701843
3eed0a788eef6058,0.410453736782074
801ffe857c94f6cb,0.5212182402610779
3572ea0266531439,0.4195405840873718
e77403a778e02031,0.46184951066970825
00b4dd5cce76a65f,0.5238823890686035
1459b53313539ad3,0.46202367544174194
e99a9a1fc8b8ff35,0.5621697902679443
fe990bbb2a98f035,0.5383143424987793
9b1921cf8551ef5b,0.5629228949546814
347e20847110aaea,0.5568416118621826
a1adb5d0563c7c3c,0.5056548118591309
1cbe0a48c4064bb9,0.3936361074447632
1de677c25aefc061,0.5513077974319458
e8c3a5f1d0f6fec2,0.5168182849884033
c460170ec9684b84,0.4914133548736572
a622d3342bc0fbcb,0.47105643153190613
4b1dc97f9542092f,0.507800817489624
037f70c757329007,0.45384135842323303
2b9395480aa98957,0.5065131187438965
810009df484c093e,0.4954545497894287
6f6a7caedcc8872c,0.5003857612609863
cfc251917e1fa986,0.552802324295044
af4d4448608c112f,0.4869436025619507
0145ddcb2189b00f,0.5160001516342163
64082e9cd9451545,0.4590393304824829
bb78ab4c5c3229ec,0.4905817210674286
ce7856246c9596a1,0.5468653440475464
4771514f1d099ae2,0.5165526866912842
74fd92639a9dbaf7,0.526533842086792
f8e9989297e0995d,0.4924836754798889
3b7faf43b1bb2664,0.5010031461715698
5a5f042010f77340,0.4849053621292114
be9aaeb3f2b05380,0.5314692258834839
55e05d5435acb0b9,0.4574938714504242
29e7aa37309c31cf,0.4844438433647156
7e289423cff86745,0.3977346420288086
070e9113b506949d,0.5161808729171753
0a9eff141f50d11a,0.48683100938796997
58b1f1580bb3269f,0.5286870002746582
48cbbd5fcd56e199,0.4199841618537903
46d4ed419de27f37,0.5099339485168457
8918badc229dc5b0,0.5071133375167847
06d06e001de64a0d,0.485484778881073
9a61351f6e52c951,0.5564635992050171
20ef4bcc822a2140,0.501020073890686
1bf2b2c3e86f37f1,0.4703702926635742
2dbcf27ce3649055,0.4105091691017151
240cdf40d6002aca,0.49989187717437744
3e0120346fd8bc65,0.5109652280807495
42aca692488aed55,0.5334028601646423
d9d5496af2070726,0.5119403600692749
58d76a187dacac2a,0.5029072761535645
0a310a42579382f1,0.524860143661499
daa76d4440549a7a,0.5372830629348755
152770b9c75cc8d0,0.5633252859115601
3403893d7f72afaa,0.49832987785339355
4e059683a77277b2,0.4926552474498749
c60049d320f1b569,0.4251401424407959
f9a88ad9be263e95,0.5050046443939209
9151421022657106,0.4986247420310974
c567cebec2f889dd,0.495008647441864
5dbc5bfebff66900,0.46721261739730835
cdc63c8d0ebb1405,0.528002917766571
e660af8f253bd44f,0.46017006039619446
1218825c6a9e3a9c,0.49503809213638306
e8149a9504dc2a8d,0.53706955909729
586879c4e03bc653,0.5170638561248779
e8e5aee946d60e74,0.5131230354309082
eacbeed468386aaa,0.4703909158706665
e75a388b62dacf91,0.4722147583961487
2cc1a9a965afa9f8,0.4647645950317383
c1eb799195f0ec3f,0.46441203355789185
592832005975ce15,0.5445566177368164
942203a4053e92ff,0.46525803208351135
5c393cceff00fa39,0.5169497728347778
1a8466064b57b15a,0.4757179617881775
478c77cafc1b72fd,0.5504035949707031
6802097aecf904e8,0.4934080243110657
3a3c0a161696e058,0.32651787996292114
c4f20f2855dbe7a1,0.5010461807250977
8a0340f9a0af48b7,0.5295542478561401
f51a588513d6dbb3,0.5263752937316895
7e2c81adf40881af,0.5472990274429321
8ddb84fb97bdfa1f,0.5108090043067932
8c066bddeafc4645,0.557833194732666
71ff3a98ec18ec68,0.4467220902442932
bbf89c86f79a2d90,0.47103726863861084
2d4a0c8ab7d92786,0.4389154314994812
5877bb4e1e372967,0.4931771159172058
e150983a9fcf02b8,0.48227864503860474
a15f750a49d523ab,0.521429181098938
c448cbbb3059a1aa,0.5011935234069824
54d652bbd17ae1b2,0.531518816947937
38d680243cac9bf2,0.4876710772514343
b29db58a0361fd10,0.5094171762466431
0ec1360965b9e456,0.510940432548523
a740f4c8cf2d757d,0.5122446417808533
fe9e15703f64d1ce,0.480563223361969
59387b56321ec9e8,0.46975570917129517
5f0bed916f610337,0.5590193271636963
b74dade04342f673,0.491890013217926
0dd76ea240d34040,0.4671008884906769
876a4b364abb81c1,0.5201222896575928
0d544ea2ae195b23,0.4923010766506195
71dee4c7cbfc1e9d,0.512886643409729
a90a15c83463ca0f,0.49345773458480835
dcbdda3872cce5f3,0.5182771682739258
619af47229985850,0.5007240176200867
6089f62ed608fcbe,0.4360406994819641
192401ee2d42f875,0.5374689102172852
6fd137c46f7a2d9f,0.557807207107544
fdcd4d2488ea9513,0.5095975399017334
bc6cae2cc3ea849e,0.524085521697998
8843be925139aeba,0.49677371978759766
b1f420a0c77918a1,0.5303123593330383
39a60ff551ae7867,0.468154639005661
1b6575cc239a8eb9,0.5052927136421204
f27d28ffa94c9d30,0.5206536054611206
ac3c421703e1a91d,0.42325559258461
4b0a6c9bcd6f08ab,0.49643224477767944
4f0f3b678ec9f955,0.4610154628753662
42cae9ac9db396f3,0.48401689529418945
e9bf55318798ed82,0.5200150609016418
cb4bd64070bff186,0.4947457015514374
f32881b9c0cf944f,0.3357395827770233
98011548f590ab56,0.5468131303787231
4dbfd872060bf3a3,0.405518114566803
8bd93e0121c915d7,0.5436249375343323
7cf3e2c2765189b2,0.49613943696022034
676ed2f4c4baefaa,0.5439992547035217
4d2bac3f43043cdc,0.49410393834114075
ab0872e0c99ce73b,0.5425662398338318
094df3351e603554,0.49451515078544617
ba7db647f5258808,0.4872571527957916
52365240390a10ea,0.5383238792419434
73a6a7c517b863f4,0.5122386813163757
7eac393167cdfb0d,0.4970172047615051
1fed3cf736f87555,0.3940366506576538
78b38ed40c7229d1,0.4652037024497986
52027b216f8aa096,0.4745047092437744
1e35bf2a9830d1f1,0.5540159940719604
a42417d8c640180f,0.5593915581703186
703fdae07c9974e9,0.5064377784729004
041d399d84e9ace6,0.4840734302997589
5d1e090fab45da9f,0.47662582993507385
ce0b2b4c8ff780ff,0.5041694045066833
e6f366f80737cf28,0.498861163854599
cb0244cfacfcb403,0.5084609389305115
054a48798005af33,0.44972264766693115
8d90788c47d29670,0.502750039100647
8c71879c619dc7ed,0.5300211906433105
f2391a25d10128dd,0.5583384037017822
3319ea97cb3e03df,0.5677554607391357
34194cc802509343,0.5351159572601318
e5edfebd080edb13,0.5587515830993652
b860b8b4fb6bc71a,0.4743737578392029
fd9d4271bc8a3db6,0.4896780252456665
757f50ec508b355c,0.464566707611084
a31fc58519c59bb3,0.48360276222229004
3254d0903b9f0c28,0.535006046295166
6a63aa43ab185a0c,0.4875670075416565
447868d9704c9506,0.5337092876434326
fa316c4dce3e3a49,0.45550966262817383
272d56c67edb91ac,0.4132533073425293
ac0066de3f1ab492,0.5200363397598267
5f288c115863c317,0.4599393904209137
1b89afdd99ee4fd6,0.5222081542015076
050ce3b33503b962,0.4289703965187073
bf46941ed0a8b899,0.506354570388794
5256363fae53a803,0.38005077838897705
6a25fb91db70f696,0.5293281078338623
3be15cb9a7e78799,0.5037681460380554
5911c90b1f44b4aa,0.5104175806045532
943d4717bef6cc2f,0.5454000234603882
1d1ba650a0b1b13f,0.5035547614097595
0811172adf229aac,0.5140137672424316
5b17a8f98665d11c,0.4910820722579956
ba43082359bcdac2,0.5309023857116699
985b7c8bb8f3cda8,0.5161643028259277
6bc66689735397fb,0.48046016693115234
9fc620140f4a8bb2,0.4721754193305969
c393833402dfabd0,0.4544343054294586
92b877fa4af81681,0.5139517784118652
0b56106444e7c054,0.3867059350013733
1cdb64a4350a835d,0.5380169153213501
3617cca6fab6f49f,0.5354348421096802
308ce734477991d0,0.5142465829849243
0db320517df77d29,0.5381358861923218
23099000c785d64a,0.4683837294578552
9e5799146ca47db2,0.41442444920539856
3ef12f42ee2c86a5,0.4237056374549866
7caeea15ddca132f,0.509766697883606
7341eff8ba8cdc11,0.5154076814651489
e274c728032f386a,0.4720304608345032
aa79de2f17318e5d,0.5146021842956543
58935d7f98f46892,0.5431238412857056
cf3cac6ee801f5e7,0.5415051579475403
b82b6e069ea7d261,0.34464943408966064
7ddba86d5e7891be,0.4812001883983612
caf4648e987b033b,0.4236765205860138
6f91a02310862cbd,0.5107067823410034
a1a01c3fab0280bf,0.4786321818828583
695847deb3e8a306,0.5117678642272949
40f94d720ca20f7d,0.5301765203475952
5c5316eb4e3bed6d,0.49116989970207214
300d733211bd53f6,0.5653683543205261
58310cb5334c27f5,0.4087856113910675
12dd895fba3fa60f,0.4990665018558502
9f2f765b1037e127,0.44789835810661316
d2dae82cea5ae2ea,0.5334689617156982
c32e178e35900559,0.5105876922607422
cfabf7502805cec3,0.47536587715148926
512ba6f543c452a9,0.5010964870452881
1ba0591a27329c4a,0.4852182865142822
236a60491adfc9ca,0.505842387676239
817c27b78f797fd4,0.5125869512557983
ab81dc6e21451f90,0.5547111630439758
a08d3002b4107067,0.5063835382461548
64e25fe3cd48fc1b,0.49231356382369995
4a02d867458e6208,0.554366409778595
55d41fc21c130f9e,0.49406206607818604
7f6cc6ec13ded3ba,0.42335784435272217
7571112b7324e735,0.5116029977798462
8365eb6cc0821ff1,0.5222110748291016
3be7d97b580a2f66,0.5534594058990479
99f14d5af91fe4fc,0.5754278898239136
49b142ae067338bc,0.5468446016311646
2a90e3fa5497e381,0.4976345896720886
8ca8709550d112a7,0.5580852031707764
e26bf0de411f10ab,0.4771667718887329
8944db9131361f0f,0.48984724283218384
61b375576dc9830a,0.5257493257522583
ae57919ef982d198,0.4911534786224365
0dcce19425a0e807,0.45456215739250183
65aea14abac81cbd,0.4943832457065582
df5366118643412c,0.4835330545902252
30c5265690e05944,0.43607932329177856
ef3774531cfab193,0.5410679578781128
0c17f4b324390f8d,0.48579657077789307
e7bbeb4653c34361,0.49802732467651367
0d0e1c17f065e197,0.37822234630584717
c0f2d16ff9d9ff2f,0.5051026344299316
0adc1590b87538cb,0.5241237878799438
024342b5e0370c51,0.49427032470703125
3dd3dfd12cadc1e7,0.5228031873703003
4ebcabe21c0bde2e,0.47528892755508423
97a4fb5210ee93d8,0.5535339117050171
7497462f67e827b9,0.5184342861175537
b8c712b203817754,0.498729407787323
940192d8752df26f,0.5367631912231445
56ed8e24a57509c5,0.5232467651367188
3ef7dc8225d2b888,0.5074445009231567
94fc46c4e46997fa,0.4675258994102478
965faf4e70aae80a,0.5086316466331482
84886593ccce61c8,0.4794638752937317
d6ceb350e73f5993,0.51803058385849
f38751dadbf3f161,0.49951601028442383
599b3c859df60e75,0.532634973526001
3b65ab0e4f2b9c50,0.5067824125289917
bb86a358f81a2b65,0.46748465299606323
d4402d032bb4293b,0.5076697468757629
59c0dc0ea141a6b8,0.46972352266311646
7b2b3b4d23a47ad8,0.49033093452453613
3d54e07a9b3d6235,0.45119422674179077
2269ce3e7e71c419,0.459991991519928
b7a68dff9c8223e8,0.4820607602596283
52a4645eca3d4112,0.49665918946266174
f53c78703bffa43a,0.5469353795051575
8d1ae46a16275ad0,0.5145177841186523
e28a0b642531469a,0.5145935416221619
fa478052c73a37b0,0.47152337431907654
e245f726e81ebbe4,0.5241714715957642
b4dd9b306de51c1b,0.4859795570373535
5ea269be05f6a1fe,0.4661129117012024
27e5dee759534707,0.3860397934913635
060876c59bd26868,0.4893918037414551
f0e6bf4083c14efb,0.5086288452148438
94c6295e51fc1fff,0.5161401629447937
ff29ff06acbf26aa,0.480862557888031
7ca1a65c77a322d7,0.5302523374557495
a896d2d7927d8c86,0.4721180200576782
b5218f92c53f242c,0.5116802453994751
2f3418cdde2abdb9,0.5395747423171997
40bea0a6750f2eb4,0.5655412673950195
16f9f5092bf48411,0.47134649753570557
4d403f4038b085e8,0.4609861969947815
36646eba61efc72e,0.5021777749061584
2b6fe2289132e285,0.5472372770309448
466821841ba5b1a4,0.46769142150878906
87250821943295ac,0.48330628871917725
89ef28baaa68f253,0.45840269327163696
489e02b21e10a4e6,0.46906018257141113
f21d77716c20852f,0.536051869392395
9e12a14379667197,0.5114755630493164
54c82dbed316e971,0.5051424503326416
71031dbd2f591994,0.4340144991874695
fb06a3248b2b1392,0.5170284509658813
248fd133b5cfee94,0.5368690490722656
306f9180339de746,0.41935786604881287
9bc72078002448a8,0.4123378396034241
a71e064bd7777b4c,0.5085654258728027
038723dae2f75d93,0.5346829295158386
fd470b7cf2c5e127,0.5018922090530396
20459e76c41ef25b,0.4833441376686096
5abdb833a931a92f,0.49646133184432983
f5a781572b830a87,0.5003762245178223
c664480257284bf2,0.5366238951683044
f0bba0ea7a50e285,0.48224979639053345
d2f139d4903c99c4,0.47141116857528687
ae18344733d49f69,0.5527847409248352
7a3b8c1cfb90e224,0.479789137840271
f79640a16e8f045a,0.5180536508560181
0b4a5d872935e222,0.5210445523262024
be2651f6f62ff605,0.4900099039077759
b8aff72e54fdae5b,0.4923277199268341
e73d292458242237,0.5093587636947632
17245c4014e1c573,0.490220844745636
e0a2eebb2e156493,0.5173463821411133
e08e2157a9744b52,0.5261273980140686
8bd1a4cd500112a8,0.5509572625160217
17272ebab801985d,0.5024580955505371
cf3b67218a3f915e,0.5015793442726135
62c7eebb24d00f08,0.5061862468719482
e4fdb6a389f62905,0.5208143591880798
28b4454b921f6999,0.5145314931869507
840df670911ed77c,0.5070312023162842
c3445cc104d91ada,0.5353909134864807
085ea143191d6674,0.4925973117351532
2386117261656959,0.5167810320854187
5993e39e5d8ca396,0.5195531845092773
ae8debe4fc2f4e22,0.4847765564918518
b1e7898c2a17d08f,0.5160642862319946
6e8f4cdfea57e54c,0.5084185600280762
9f4fb3114449dc6f,0.5470600128173828
51b612aae9e9cb8a,0.5611058473587036
680d36be40c1f1fe,0.5531039237976074
8f2a975f86809153,0.5619192123413086
c6b6b5017999a36d,0.40957391262054443
efdf162aefe7b6cb,0.42424875497817993
ae5b8b33c4217dc6,0.38345158100128174
8b01ee793d6756a1,0.5517069697380066
4c8d090f54ae84e0,0.5074122548103333
3b88e3150cb662c3,0.47371184825897217
eb495d19afd1a400,0.49751001596450806
d0ea85f512e0e76d,0.48213744163513184
888ccfbb763412f4,0.4307977557182312
8a7d75c8f8301f8d,0.48670628666877747
fff722e8059d7357,0.5446722507476807
2d167e07ff54560a,0.45300573110580444
e42168f44de8490b,0.5406538844108582
129b12b6a78cc0ab,0.4473644196987152
8ea4f1cd1b5b2293,0.5078849196434021
795e3c8164c90c57,0.4796949625015259
c9901ff5aef7b47c,0.5365748405456543
9f04e3fbbd740b94,0.5118874311447144
19acdf50ef6205f9,0.3480236530303955
f5ab5c0d5c2c19b6,0.4780362844467163
91a9239fe7f0cf27,0.508280873298645
e12b2f9097ea1bb6,0.5526512265205383
f65eb07f6ae70c85,0.4950743317604065
1bfbf7f4d84bbbc4,0.5033532977104187
1e169d52988761ba,0.493033230304718
128de1a3feff972e,0.5549972057342529
234eb8b12374296d,0.4228867292404175
455f524edf342233,0.48266932368278503
2ffb658ea79c52ee,0.5096549391746521
3089edc299c3c1ee,0.4643329381942749
84ad6bdc70e821c5,0.464749813079834
062c50af2daeb29b,0.35008305311203003
bf250719a9f9f049,0.56125807762146
9915939f423ed8c0,0.5123281478881836
85e1acbec8802097,0.4498363733291626
02bcd2085169482f,0.5286284685134888
57b9b2709ff2356c,0.5124971866607666
7c5098014ed7d07f,0.49555081129074097
4609c1f48aa52470,0.5521852970123291
aabe76b2c5071c1c,0.48320361971855164
a4a58da5e0db729d,0.5026963949203491
079698d742d6f8e7,0.5278936624526978
8d06756610863b61,0.5485444068908691
5a947c71441552c9,0.46364450454711914
953421e90f7c80d9,0.4200390577316284
884e72ed924e347a,0.5168910622596741
0a6b690611b8e6aa,0.48786795139312744
da5a829d70eba6bd,0.5467272996902466
13464b49c024cee8,0.42157208919525146
422cbe920aaa7d5d,0.5338636636734009
2ef44ced947e7fa2,0.4966666102409363
1266c3a0877c7864,0.48914986848831177
2332ea8b1c84b2ec,0.5326330661773682
f2433b400488b7d7,0.5189372301101685
cb5bd5b173abc0b4,0.5058326721191406
025f1f982b234e97,0.46967780590057373
56b5bb1dacec66a4,0.4881902039051056
ea8672feeba15441,0.48803430795669556
d162259e142b0016,0.42931732535362244
d4b654caacbdf99b,0.5522900819778442
af9aa73f34a1fc13,0.49717801809310913
4f4bb1a39e820fc6,0.49721288681030273
4215f5d903023d4d,0.500145673751831
6c98f13c895f2690,0.4745089113712311
1f8eee626e2088b6,0.5504366159439087
2562c07161470c79,0.4991249442100525
26405b453fdc141d,0.47841131687164307
db47698decdff865,0.5079411268234253
83b316499012d862,0.5086678862571716
72e56acc52f507d7,0.5475522875785828
3b56bc06361341a4,0.5336117744445801
c60a5b8cba981363,0.5047401189804077
fb94d269b9f3af0b,0.5421115159988403
dde22d42ed7698e6,0.4916350245475769
bc876ffdbb08d047,0.49944406747817993
167a2472439c0e7e,0.4690043330192566
b97d6ea0c2b8f68d,0.48849719762802124
52e24014a7ba29d4,0.4407593905925751
9db0eb90a2b6b3d0,0.38858431577682495
3b2fa183432a1aec,0.540585994720459
392ed83e583d3b8a,0.5139862298965454
ae61236c3bbcf317,0.4777032732963562
687b06d3d94a1269,0.49520450830459595
13964984cfcde4f1,0.50081467628479
46896b4906ceb667,0.5487357378005981
0d516b3dccea66fb,0.5028242468833923
8d8f86802be267ae,0.49303025007247925
703e188191f56fad,0.5088004469871521
2b20672c40f1815b,0.5113279819488525
9cd22c6df1e9f896,0.4137575626373291
c9338d031c385846,0.5202517509460449
e5a4ff7d6f053d82,0.42637932300567627
ba73e7eee983e97f,0.48619556427001953
586e4ee904ffe409,0.5076133012771606
b973b5a34cdde4b0,0.5214234590530396
e4872f6734fe6845,0.4735088646411896
bb472310ce8b9a5d,0.40339726209640503
b4b203cdd269bee6,0.4771932363510132
a73a14a8d9ecec58,0.4962772727012634
c26d829d75549881,0.5320589542388916
0759242e1a205eb2,0.46406668424606323
92311452ef1a9753,0.5341622829437256
1875e3e076925b18,0.5237712860107422
2a3821a8cd5cfc72,0.5022866725921631
87be742f7b40706c,0.5002561807632446
ab0c301b845d0626,0.4805719256401062
6d84a96810afb7bc,0.5814529657363892
3d5ed40b74bfc7b9,0.5341920852661133
bd16d8f0f0942aaf,0.522475004196167
fc55754d0a474054,0.4965890049934387
b54cb0475cadb7e1,0.4901556074619293
48d6cd9974789b6a,0.4723588228225708
79d36aedf2922980,0.5278390049934387
eccae1304ca9661e,0.41267168521881104
4b8b7259a5bf9c60,0.5307703614234924
eb0cc1fb84483410,0.5490009784698486
c12a4e30d50805a2,0.49385571479797363
9550555f47d514c2,0.5089704990386963
2ecb0572c3f96b0c,0.4534408748149872
cb46b4f388302dcd,0.5063084959983826
17a3b97154dfafe2,0.5399281978607178
edf1cb1df467ee89,0.5078588724136353
4f508a80c1ecb419,0.4965171813964844
8c5de1cbfef6cc8a,0.5111774206161499
37330059f5b6c2e3,0.506300687789917
81a2ac7b84fcfef5,0.4897024631500244
96b8657fc21ce81e,0.4974515438079834
59825902724ed56e,0.5178780555725098
af009dc455015ed6,0.4804924726486206
c8d9fb0fd37a1c43,0.4910138249397278
135acf7cde7e7b31,0.5060893297195435
c3c60c4113e5df04,0.5117747187614441
af1d358c629dac38,0.4812440276145935
006a23d61986f766,0.5264426469802856
3fc1c2b852713af9,0.4197939336299896
3f0cf6f902712e9f,0.5334491729736328
c0d84ebb00eed70d,0.42277956008911133
f32b74fbdfc39065,0.5074538588523865
8bcbccbc6b43ea68,0.5138950347900391
56a5d010a8938e18,0.5402414202690125
fdd6dfc5d5c561ba,0.517269492149353
fe53ca5fa498e47a,0.4715489149093628
7ddb37e0da9f9d00,0.5605509877204895
86670ee5a6641280,0.49370765686035156
71e207a642d8621c,0.48570847511291504
50f26213fccf24ce,0.4739723801612854
eb5123fc39278bbc,0.5483200550079346
3415b324d7ad4f9c,0.5089414119720459
1fcb7f973f65637d,0.5373695492744446
a9d586d87dca1df1,0.49139976501464844
509bf9aa06ed5e01,0.5566909313201904
bf4298813c2e7028,0.4969346523284912
58123ca299a563f8,0.5173329710960388
03069eeadc38806f,0.5374255180358887
d084888ed26743ee,0.5452127456665039
067753792c2dfe78,0.4882969260215759
e78bece46600776b,0.4557735323905945
69abf58938ada507,0.5036594271659851
aad60e6811432efa,0.5335547924041748
db487e337336ae37,0.49850890040397644
50a2e9ca5a272b9c,0.5338451862335205
5b7cbeba2222c5e5,0.5196653604507446
665a8e1664117127,0.43173283338546753
39921a4d89a22493,0.37658900022506714
731f51fb45aaf03f,0.4816356301307678
de8c3eae4b71b6ad,0.48256200551986694
59837b92f63e6139,0.4667298495769501
176ea1f92c1f2cd5,0.5517041683197021
877031ab468e44e6,0.4750186502933502
1381b7d4d1f1565a,0.5059264898300171
a2b980c8ba016ea9,0.5227975845336914
b878435ff4dcf070,0.42424070835113525
5b2a1b397274d00e,0.524012565612793
494713b3a938222a,0.5038474798202515
26994ea38a2e6439,0.5145633220672607
17149a62787677ef,0.5030219554901123
4e0dc315de6c08fb,0.5346015691757202
4ef3b97119160b2b,0.4394705295562744
14db28bb5a206d3b,0.5366047620773315
3d8804e8e8e879ad,0.4181027412414551
f934925d2b3ac85a,0.447598934173584
2e40dadce7d032e9,0.4546530544757843
5484365b44c6ec10,0.5237256288528442
fde53df7c61dbcf3,0.5059237480163574
872a8212cccdf68e,0.4844962954521179
b694d4bd749a566b,0.46599340438842773
573352de000731d8,0.5054742693901062
b12e27147d191172,0.4669233560562134
1e687f05d1ca4410,0.4223259687423706
bc992b3b5cf8660a,0.5321817398071289
1a924df38231e872,0.48034602403640747
930b13de281b21aa,0.5336670875549316
bfc8a8c2c50255bb,0.5232187509536743
e40d014559e0414e,0.535437822341919
76204cb54bfebe42,0.49606722593307495
b3a5f0134a728d23,0.4724400043487549
8c47aac1a75c6ed9,0.4067096710205078
72248f22304c3d7d,0.48961764574050903
c44ee5b782c2c6c6,0.5212286710739136
a6c8075f5144b63a,0.535733699798584
dadb11c9ad0094d6,0.5078139901161194
abb67860b519b6e2,0.4630136489868164
a8e3540541a0e58d,0.4547187089920044
aedeac3d578ece1f,0.49819207191467285
fe9c840f78cfe49c,0.5694037079811096
ac8d533b176f468c,0.542349636554718
9366925da4df9d14,0.48398828506469727
d28637c910dd1a83,0.34777265787124634
1eebdc77b18e1877,0.536429762840271
bd0f6cbb03368fa9,0.4919849634170532
49b122e1a9543d6f,0.5158634185791016
f38b6794cf91e732,0.5016187429428101
248a064c786d82d0,0.47722727060317993
a7ffe6ee2649f8ec,0.5135285258293152
b5023782d00af0b1,0.5234615802764893
01462f4a60bd87d2,0.5099737644195557
0cefbb917dbc3ac4,0.4544079899787903
63b376400c308a1c,0.5151493549346924
4c9e3bdf853b135a,0.4808148145675659
9fa6914683bf7195,0.5109142661094666
275bf2aa32a846c3,0.5380887389183044
4bb94cb71f51deea,0.5019740462303162
1a339e41a832f7b7,0.4508925974369049
2e74d80f7f95367a,0.5170334577560425
cfa7eef97bbd7e55,0.5691335201263428
790201adfea6e4a1,0.477498859167099
2fa3b42b35504198,0.46281880140304565
4d29645be4888d4b,0.45046401023864746
d43d9e8a114beaf1,0.42530059814453125
64d7ddbde2a0f984,0.4810110330581665
64a2c398fbbb7257,0.4989415407180786
91703195165529ab,0.5339117050170898
0c7a9d61e8247063,0.42388099431991577
a8dd6b2d1205fd47,0.5183221101760864
0efe920dc200aaaf,0.5139627456665039
5db2ada5575a7855,0.5287672281265259
22d2f2090727d971,0.5004533529281616
2b5fbe3953384550,0.5382106304168701
ba5227b87e2eb1a6,0.5071886777877808
1441f006bd7ee41b,0.49129772186279297
5a6743b009ca1d45,0.38203978538513184
1f5d7a46c9412332,0.4984825849533081
5dc89e3a371c8e10,0.4456334710121155
63ffac9bf93ae9ae,0.5349902510643005
8ccd9413cd8e26dc,0.5129957795143127
926b37e0110601ce,0.42758530378341675
37bdb86461ba9997,0.5242242813110352
6e86f32235868c57,0.40604501962661743
5f964f89e17c9918,0.5128746032714844
84c0f271c05b92cf,0.46210551261901855
d1eddc30da6f0ab9,0.5282754898071289
5cd81418e97cc12b,0.5296177864074707
e56945564e96b68d,0.5428436994552612
26ae25cfd04bc55d,0.48526930809020996
4b8efbad38befaf0,0.483482301235199
bf017c79ce4b2e7c,0.5106029510498047
c6c203990d991e47,0.4959464371204376
98233d87312bd1c7,0.5226356983184814
2e7a67e83e53ec46,0.5185788869857788
2c95003cd51264e0,0.47968822717666626
adcdf81e6f2f8d9d,0.44932568073272705
ae958e1028a2b8c3,0.5004264116287231
b2198b560c76157f,0.5328450202941895
ede36a9005dd3529,0.5600073933601379
f598d5388e5e429b,0.5253614187240601
b98a6a3ec5cb6cdb,0.5409301519393921
0a6986c9984eff2c,0.460676372051239
e7fc6683f06c0d08,0.5005390048027039
ea340218390370ee,0.5461320281028748
523b9c39570e426a,0.5004993677139282
7afe9dd7132b7436,0.49992871284484863
7e11738645bad4f4,0.5041645169258118
e8c385151cab1491,0.48365291953086853
783c2f2cf89d94bb,0.5373699069023132
12be5474456ee94e,0.4771891236305237
323ff834af1f35c4,0.5171444416046143
705da74ef39b96dd,0.5147899985313416
e65736caae0a1624,0.5452117919921875
5fccaeeacb8e9d96,0.4858418405056
62e9068da80d1d97,0.48660188913345337
2958dd12dbc884a6,0.5231802463531494
c93dcfe731e39ceb,0.5001694560050964
5a1f3b1d711538d6,0.5158138275146484
47bd266806382682,0.34464478492736816
c04cfe312c38c2ec,0.5371106266975403
49e9359d121a0567,0.413321316242218
3e78a0b1450b34d0,0.5368530750274658
3b44c5fd6076c370,0.5165960788726807
d45c2c8b04f911e9,0.5082637667655945
9b57df588477a1e0,0.48118239641189575
09ebf0c3c823f050,0.46279215812683105
f58fcca88be3f4ea,0.43801993131637573
f07a90537554337b,0.4095274806022644
2603d5e15a8ac5f8,0.4710267186164856
843d6a872f9d1730,0.509885311126709
a9ed934e6b79ef56,0.5089792013168335
ee8bfe0153882951,0.5522537231445312
4ebf687b01adc2fe,0.5161306858062744
f93bc8bbeb03295f,0.49257150292396545
936a0fc8b39663c3,0.529221773147583
e7e8a39558d04ce3,0.4909270405769348
90192c680807da50,0.4062548875808716
f66b7bf1e938f279,0.531475305557251
a888e6b5fe57d57e,0.5280165076255798
65c0112641083d08,0.5072747468948364
21862e8f9ee7a310,0.495118111371994
b3cc073734f1adf8,0.49274593591690063
4fb490fc45dce127,0.45980629324913025
8d4253ca9566bb68,0.48175907135009766
5d28c7ccf584c5dc,0.47932130098342896
16660cbda9821252,0.5272681713104248
8c2cf94066d12b81,0.5167136788368225
677fd61b5b9b64ab,0.4129519462585449
8f6c48ad9ff2a2a8,0.4269043803215027
bc3b50f8b10b5c35,0.46782204508781433
32b7702f387c4701,0.5450644493103027
0361ec396539737b,0.4646904170513153
1879807219555646,0.46709758043289185
9caab972184c4a16,0.48045432567596436
3828fa2721ffb608,0.4784255623817444
d4ed56a0cbfb62ce,0.478526771068573
8a65020eb65c6bf6,0.4931909441947937
cf00f10360e85340,0.5668656826019287
f844217e990b6f67,0.5021349787712097
164d9e70ed853ff3,0.508709192276001
ca167c4288c8952b,0.5300716161727905
70af9eb199ff29e3,0.5196177959442139
2d0956a398b9c8f0,0.4636997580528259
039a1aa7d0db4c8a,0.5248600244522095
824c6fbe018779e6,0.5526590347290039
0c49986e00abaf38,0.5277928113937378
8382665c002ab03c,0.4667801856994629
08f57c7f20aaec60,0.458356112241745
184eac0e92204cce,0.3603683114051819
bbe97658fca980b8,0.5152024626731873
ebca1a29ba3d5798,0.5472639799118042
e24eae643159d2ab,0.5016423463821411
f8b87c009724dc0b,0.5118414163589478
9763d7e7dafb2b5b,0.49449723958969116
a0233560c54b4166,0.41789817810058594
381d947e381a95bd,0.38025975227355957
602a2711abb99968,0.47424206137657166
c4ec0dfdf1bee02d,0.5303577184677124
834736f47c470615,0.507824182510376
01119d65a89c46e7,0.48811638355255127
812dee2116c8ed8a,0.5219159126281738
c3e40196e60360b3,0.5473324656486511
8b02582a4d45a7b6,0.5430593490600586
001de76b13cb3005,0.4971507787704468
f919cc3902e63d19,0.5329437255859375
e486e7c86d635af2,0.5404056906700134
b59573ceaa829905,0.4670623540878296
3af48bbcbb3d38dd,0.5395328998565674
bfdd3f4bb388e8db,0.48839691281318665
ea0ba773a41d04fa,0.5038883686065674
f54b509c27acba38,0.5124706029891968
935af89f960eb65d,0.43215489387512207
1d6f5660406bd199,0.5029703974723816
25be13212a13074a,0.417259156703949
da54250aaa57e1e4,0.47092726826667786
cc1485aab0b8f646,0.51118004322052
ece8047c01b1ecbb,0.4479418992996216
e9d47978e0315a58,0.48716646432876587
abeb5277ff110fd9,0.5263405442237854
ba9dc2873909c5c3,0.5257500410079956
8349ea9e36fc585d,0.5175687074661255
24254150dcefce47,0.5566738843917847
a91496312579d046,0.5182600021362305
254ba7c76b08e736,0.5166012048721313
a68538c73e1359ff,0.505033552646637
db4d60c75dde66bb,0.476913720369339
7560d697ad4d2e97,0.5086749196052551
75edc267eda7a964,0.4339470863342285
6eb5b01710c8b9c4,0.5106661319732666
197695baea0a68a5,0.5037771463394165
3213b490a07b84c0,0.49783504009246826
0fc56874a24946ab,0.4484584331512451
84b8ed6c805b4273,0.5026295185089111
3a37165117af8d33,0.5126944780349731
edf682dcd03c338b,0.529758632183075
308355611a881cfe,0.5362910628318787
36ab7a9d4d6018fc,0.4872901439666748
4294376a1c5d00d6,0.4957883656024933
a6d3f98c45019c77,0.5203269124031067
d2d1ee020b193351,0.47515958547592163
d4318403e0305861,0.49731433391571045
e30d3a1ffcecfb0d,0.5383700132369995
10257e593342f929,0.5200124979019165
71b8393fb059d1ad,0.4981544613838196
95bc5d79b95c6725,0.5072709918022156
272747d45b28eecc,0.5316499471664429
eb1a63b71c77a142,0.5046790242195129
f778e783f5549f1a,0.5379587411880493
5a5e675ab85ae083,0.5218943357467651
1ec96a41faf0c946,0.5043004751205444
a8a97c4c7301cb70,0.5126166343688965
cad31ed9e3788e23,0.5092918872833252
1b8a2a41ddde3ecd,0.4653524160385132
baf6ca9ea2f28295,0.5160685181617737
f31351eec785991b,0.4237235188484192
d6bf6ffb36805913,0.51091068983078
9a5e371447bd990b,0.5391963720321655
dae62eda23de4ab9,0.5099346041679382
00af62a330550edf,0.5050857067108154
ea488cd70240d8a3,0.5062591433525085
e842d558eab584e8,0.5514721274375916
10bc34814960b94e,0.5276876091957092
92dc8e364ffd19dd,0.5189043283462524
906b6a3b31cd322e,0.5197745561599731
dff220f92c02bcc2,0.48095467686653137
ff0a25a80b182743,0.47267526388168335
2a6755bca4d6b5b9,0.40985536575317383
8dd2ad60234b36e4,0.4342505633831024
1451bf177cbdfe2e,0.5313597917556763
2235570d3de1c43e,0.5172199010848999
5683ab89011bf7d7,0.5450419783592224
d7356feaef0b6ece,0.45041435956954956
7e8ed2a4292394a7,0.4822489023208618
abf57e0ae69435c2,0.5117602348327637
7a748062cc923d90,0.4647420048713684
ab9a4cb1f869a320,0.5334149599075317
720cb3dcc5baf400,0.5340983867645264
1d0abbf729d7409c,0.5031493902206421
280bb69c64e66755,0.4921587407588959
ca1def258db16f71,0.5405884981155396
2f92ee4ab4d4ab34,0.5436004400253296
f89e32a70a123d64,0.45969584584236145
1735d8b268e08ad2,0.40488874912261963
e4661a2188d8ea91,0.47323721647262573
6639dad3621900d2,0.5088047981262207
235b83c08ffeb518,0.5414929986000061
5441a88928f025ec,0.4899977147579193
2a1fdffdf82a2f8a,0.468444287776947
62633a4019bcae25,0.5077191591262817
c36d6ee7eab52063,0.5125819444656372
29f7a7a4fcf5c77e,0.4467054307460785
fc08e617fbd2a25e,0.4619905948638916
9245cc3fa8c79223,0.5172133445739746
69a01c3ab55dc8f0,0.47634315490722656
c9418d6d4dbce7a4,0.5524813532829285
60c6688a3f0f5255,0.5134488344192505
8dbbf3124aa8b7a5,0.5405285954475403
43b630e5b5e4c945,0.5202993154525757
d658a67ea9a42ced,0.526445746421814
2d4a362341aae370,0.5382915735244751
682cec9b2e824096,0.3573460578918457
b9fffdd5a421697e,0.49580201506614685
f01e7b5bd805ac23,0.47293129563331604
62f8efe8cac183fa,0.5621170997619629
789a1d877cec6f0c,0.4311408996582031
1c1e8381ff31e349,0.48757949471473694
6d6f39535beca5cb,0.5321086645126343
a818cd0c31cfb57e,0.4726686477661133
7dc35cfbcdb7e6a9,0.5365281701087952
7604978d893657b9,0.5108864903450012
b05b3940f361cfee,0.5072984099388123
55baca00aa541adb,0.5245182514190674
af3df546b7664c90,0.37877893447875977
a02a5a7b5c9391f5,0.4827250838279724
6cfbb72c7a13e035,0.5716149210929871
1078287f7e6c5952,0.5000889301300049
6dd32d82cdb8e807,0.5083266496658325
1fd4ee7b50f4b9bf,0.47816431522369385
0999ceab1e40af7e,0.40268582105636597
150f3621af857d42,0.4346421957015991
90249b8a68466aa9,0.5125543475151062
37b06b1c60b8fab9,0.5165852308273315
c9a070bce0de70e2,0.4607734680175781
59c7eda09f73b930,0.526126503944397
663f6984bebbc6bd,0.4849216043949127
7706012ecabe0355,0.5257571935653687
534f8246b8fffc65,0.49441391229629517
935bab33cd23bfa7,0.5069124102592468
f0fe30443aaac5ea,0.512326180934906
6cb858186d57c7b9,0.49652528762817383
bffbcf07f07ee1a0,0.4881250560283661
229018ae604aa448,0.4982722997665405
a9ed9445a9317c59,0.4665486812591553
974b977c4aa6318b,0.509847104549408
8f2bbbe1cb365d1e,0.500610888004303
d76164d251e0c521,0.5031295418739319
3e3eefb606f87400,0.48835489153862
46f0c123df25e867,0.4560193717479706
e8a3adf025fd7c2e,0.5512254238128662
ca12a62640835e2e,0.5398832559585571
210f9ad0c07c716a,0.4978853464126587
7a0bd5e9f359cb83,0.4324779510498047
19c0b2c977c1f60b,0.43187031149864197
af013db7115a8154,0.47328078746795654
0f7e398effb22d99,0.4594271779060364
c5ac3a9a249b1b8d,0.5042040348052979
a8d6bda348209046,0.3621509075164795
62b808d46ddb1162,0.5319865345954895
b0e2f6b04d34eae8,0.4798416793346405
0ee73619b123d826,0.4513198137283325
90d4cb18ad9e5ffc,0.4756968319416046
158c23e3724ae4b9,0.4632965922355652
71204dbfc7a91541,0.4923364222049713
93d79432d44e39ee,0.5112420916557312
f5db8b4d0e31591d,0.506201446056366
48a1588076a8c5fb,0.48540765047073364
0ac0573d6643ae5e,0.5070444345474243
6a675d30bfce07be,0.5265519618988037
1238b1f58590ba3d,0.5327367782592773
bf42bd66a5dc9a74,0.4682246148586273
270730aa16bc1603,0.5037928819656372
bf6a8f435602b4b9,0.47957515716552734
4d38ca0d75c36f3d,0.5497422814369202
663e599b877897aa,0.5082426071166992
37f4201433ecae53,0.5437570810317993
c72650abd64b5638,0.4096413850784302
63eec47bea7f635c,0.5103044509887695
e7be55fc11ea25a6,0.4964457154273987
4ccf1bcbe6d1f075,0.4967837929725647
2c8280d323d9717f,0.5142500996589661
ec4f20ce11b7cf65,0.50487220287323
f45f8d7847f539e6,0.4982430636882782
98da1778e1af61df,0.5571680068969727
d7cee6394e540927,0.5020095109939575
334f5fac3348e3de,0.5133510828018188
c386b42e1403c0b0,0.425381600856781
7f85d3dbbe9a78ac,0.5320714712142944
512c1f4e75794350,0.4666740894317627
65c0b443ee3fca13,0.5355035066604614
4c12b99c3d454594,0.4519766569137573
7441d5de56168913,0.45715856552124023
4557a75b118c7847,0.5162577033042908
2f8df038b6e74f9e,0.5690274238586426
3b58f9dd79c5d455,0.47250935435295105
5cad84a4b8cebc36,0.4276275038719177
d4e991babb3dbf6d,0.5235480070114136
b32efbaa27057989,0.5119313597679138
e77037070ce0ac6a,0.48579609394073486
2e94925d62242e4a,0.5297356247901917
6f567b880fba7d20,0.5351724624633789
80914bdb2b9258af,0.4548379182815552
75166c76b64a513f,0.5202510952949524
b8cef9a381226b91,0.5101029276847839
4fc40a3698fa6b53,0.5648233890533447
8b03b0e3679404a3,0.5371689796447754
d3349ba155f3de84,0.5079568028450012
72915c15d6119e5c,0.46954771876335144
b147fc994538c4cc,0.5022456049919128
185b4273847be545,0.5294450521469116
f278467e8201f11c,0.3918457329273224
f74f3c66cb164639,0.5277814865112305
f7cccbea7dfff1fe,0.5396197438240051
3b7f5d88f9c56db0,0.5356749296188354
18add7a5e8384124,0.5151232481002808
24916c3326cefaa3,0.4790964722633362
78671467328a3227,0.5021716356277466
1321e4d36f099aff,0.5286992192268372
91bad509426d6872,0.5363790392875671
8586931b99b83628,0.49971139430999756
993f26b6405b259b,0.4875609278678894
45c8e33aa1ad0226,0.511116087436676
f4ea56bc4eea87a4,0.4702000617980957
79bb5549f5bde0f9,0.515958309173584
24ab3c71569630d3,0.5040621161460876
3e42f3eaabaec8b9,0.46834227442741394
7a103b81664f2816,0.4086073040962219
488b34af6766bcd6,0.4995734691619873
ac9fa654aa90f5b7,0.49162954092025757
388e7fb3ebad255c,0.5047481656074524
5e95af7d8857c024,0.4811719059944153
20fee2c0418dbe35,0.5154004693031311
2862e2f466d92fdb,0.4605993628501892
ddb371fe23c90d7f,0.5348351001739502
ddb736ac35d04b1b,0.5100312232971191
f3001fb0267b6bca,0.4725072979927063
034e7591af1114d6,0.47367721796035767
6fea82ee2a9562e8,0.5389225482940674
85d53dacd40ad31d,0.44622188806533813
69d50279fc3a2809,0.510748028755188
9815aee12385840d,0.5677890777587891
06e298b93b21a7e7,0.36854106187820435
28406212f0c3c641,0.48181164264678955
951b6914b4120f08,0.44880008697509766
3f90b0f966e60f2e,0.4653829336166382
db8c23350879566d,0.5593616366386414
61e4c27d0a84d688,0.5342823266983032
84f35e38c4b37b34,0.5264435410499573
8c9f44cdd888783a,0.5130301713943481
bc2d2b07ca905c82,0.444196879863739
9e74d932c78edbf5,0.447671502828598
492c4c05d59a6758,0.5182656645774841
8601003ee0e3e5fd,0.48609620332717896
0bde1cbe5b62a3c5,0.5183732509613037
c72ea9b6aab1a666,0.4947134256362915
5bc1401c5c65a597,0.5459264516830444
fb697ad9677fef5d,0.5007591247558594
bffb0d451ce6ea5e,0.530759334564209
6aed86f1b86f1c2f,0.5109642148017883
7bd316de7dc8957e,0.5670226812362671
2634d3bd6b0f00e5,0.5177712440490723
ee393682544d2b47,0.5081182718276978
158dc4d255b63660,0.5134648084640503
ea1842527da2179c,0.5096704363822937
297ed4739c13d415,0.5390021204948425
2b34fbaa81acc544,0.4998524785041809
fd093a3bb07d43b2,0.5331054925918579
5a9af0c4dda0794a,0.46537068486213684
1cce057fe047e5d4,0.5029486417770386
d8301d84f20611b6,0.45362669229507446
42d25bd58b200a92,0.41151005029678345
2e9c3580bc224abc,0.5282114148139954
895768c0821e0956,0.5239759683609009
5dca5b1c73746de0,0.5180757641792297
15b8d31e5cd3b560,0.5330691337585449
4a14ba4679f41366,0.4998961091041565
e1c3ecf154435d3b,0.47067826986312866
6e892ee09e0f3466,0.5253738164901733
b342eadbcdba29ec,0.4503433108329773
d42b09b721b80f47,0.5359762907028198
2e63321ae60c7e4c,0.5120219588279724
48e75ec43acb60a3,0.5002250671386719
31755023c54c1e4e,0.47090429067611694
0f9a8376f1b4bfa7,0.521793007850647
56c253e24544d0a6,0.5203750729560852
83604b513c91cb6c,0.5074928998947144
d3d0ed9a6e3dd418,0.508269190788269
6e5691ae0043d8aa,0.401883065700531
74355d394aaca4bf,0.5079482793807983
56f214ef142d7e30,0.5029336214065552
2ce97a88de005531,0.5589401721954346
c929e7e76379d15e,0.4977579414844513
32eb1aa7b0566c95,0.5091087818145752
867d04edb78fbe28,0.5013524293899536
32581a3ab810b543,0.4420740604400635
1605175403c606c9,0.532677173614502
6f23e57e103dccae,0.4823833107948303
7f50f9eaf8d143cc,0.4936705231666565
e1903a958813027a,0.5103808641433716
93957fdf2a147175,0.4919630289077759
507f95643043e23d,0.5362083911895752
0c44b7866901739f,0.5070390105247498
f20a6f2c2cfa9b97,0.49968254566192627
d371534989c6e044,0.4866868257522583
bf3603a4946614e0,0.48553037643432617
2830b41e3657b852,0.469214528799057
5d2b200f625ca479,0.5051836967468262
f22d53b3356fb2d0,0.465996652841568
4703132d1f9b50fe,0.48585209250450134
eed973a22f859783,0.5480709075927734
d91700414262db40,0.5375244617462158
697256cc87ac3543,0.4642385244369507
b22ae9cb37811d0e,0.4761885702610016
aece540809baaf4c,0.5524723529815674
df133d3b033436b7,0.5228798985481262
f91c8528b4177700,0.47090885043144226
5b0b033c63097324,0.4657576084136963
61efa16da7b45417,0.42816364765167236
cd92d5f2237f5f0c,0.4724028408527374
9d36347dc9668480,0.5096404552459717
0af64fff5c051b01,0.43543267250061035
27411b713165c1b9,0.4982909560203552
a2fe4410504037d9,0.4761289358139038
dd03199b48b13a71,0.5158376097679138
b1925b7a34218efa,0.4291660189628601
7c5dc110ef56d43c,0.46008938550949097
ea4046a68878ac05,0.5430669188499451
6dd36b55d43ed6e7,0.4879329204559326
4be494a2d0fbc57b,0.5102894306182861
d15af0637f30b479,0.41513538360595703
a2528a89473bad76,0.46829384565353394
865713e9dcd68944,0.4844605326652527
ec5385167d46c9a6,0.5345606207847595
482907bf4e7d4208,0.5117778778076172
358605ce0a0ea6c3,0.5124863386154175
b9679755a987f70d,0.5230432748794556
ad2e41606dc66e83,0.5171570777893066
813774734a7c18a0,0.45924386382102966
9fb7b82620a83aca,0.5385798215866089
06fd970985d5ca2e,0.5190988779067993
2ded2a55c5cad4db,0.5005285143852234
6d84db8257bec163,0.5007036924362183
ba86a17392d05f8f,0.5223597288131714
954a2fb5b4f5d523,0.5224692225456238
a70c552a1c6a1b4f,0.5009858012199402
9916d7d5b87f47aa,0.5266495943069458
61c01773c58bc6c9,0.4697656035423279
6b3aa778678685b2,0.44803810119628906
5272e357ea21ae07,0.4633474349975586
e4ef9b8d1ce3fd52,0.4242163300514221
0b46957ff8624ffb,0.5181793570518494
73baaedb2bef1dc6,0.4896549582481384
02445a92704a9fec,0.5342340469360352
324bea76c285f231,0.465798556804657
5a3a37eb04fb1b37,0.4441445469856262
0517b5632481c150,0.4224579632282257
8a728939fccdff10,0.4737476408481598
2e3f83b2db3c4875,0.5148833394050598
37a724acdb9906aa,0.4294741451740265
4a7242be77f12475,0.5327552556991577
428807d9338c77e2,0.36027008295059204
22775e17a3e2fee8,0.5031374096870422
2d6fbce13b144873,0.49595749378204346
1f486a6efb93be76,0.5084494352340698
d26d51fa2b6aa2b8,0.5211154222488403
00b39a13f04f3f61,0.46064916253089905
3d0137ae6bc79490,0.5355054140090942
ff945a44f3f49689,0.48110952973365784
dd203a2bebb65b00,0.5362337827682495
4e22229f43f468f7,0.542884111404419
bd1d458e39aa1fe8,0.45989757776260376
118be0069f448c74,0.5054265856742859
47020dbb6a494f2a,0.5205456018447876
f3ebed02a8084b40,0.5323923826217651
3c8a1ad7d75702af,0.4712955951690674
bf305bb883f68504,0.4498811662197113
b9f24f56694ee78f,0.5167244672775269
07f60938270f4a86,0.4689379930496216
3518829e929a74fa,0.5039545893669128
b68d7f874761f76d,0.4481079578399658
a28164318daeb99f,0.5161449909210205
8085b99b127cd1d1,0.49536311626434326
9be10b7df12f23a4,0.5355726480484009
62afae2e7da685bd,0.4970000386238098
5c2739cd10462278,0.39982759952545166
b7a1165623b5222e,0.4548853635787964
f1cee9882161651f,0.48849886655807495
25c879e974998832,0.5087462663650513
25f7f3f54bf25d18,0.570771336555481
71c4ac3ee99bf3b3,0.483956903219223
8676e362482e759f,0.5419195890426636
f97e03b79dfae55c,0.4634827673435211
7f831aa9629021cf,0.5121407508850098
04c15e1ab7d3fde1,0.5388557314872742
4de2cb521c5533a2,0.49774524569511414
60293b624a89b1ad,0.5625834465026855
e65a9732d2fef213,0.4672136604785919
e4eaff1b56fb9b20,0.5103650093078613
6a3f725987048244,0.5285651087760925
8de26f710f625583,0.501461923122406
b3b9daf84e26b4b1,0.4076717495918274
b4a3b5524ad00967,0.5237999558448792
95b5f93a2561b7a8,0.49651676416397095
f2dcc61027b89fff,0.5071178078651428
f81745b12883c713,0.5491341352462769
442963b6bc2e75dc,0.48769378662109375
a7aa947be9abc34a,0.5020910501480103
4443f98c6cd971af,0.4764726161956787
f5102f1c2f546ea1,0.5038491487503052
c3461b71b6301353,0.4717775583267212
7f17c6199880186c,0.5472148656845093
5d25659a19efaeb3,0.4388328194618225
824c29a930830fda,0.4748520255088806
e2d2853987740e7c,0.4883701205253601
ca54adf065f310a2,0.45745182037353516
1a7da2c375cfa1d3,0.48501890897750854
0bc37c1e14ab8f51,0.541865348815918
a8ac5d6dfb675e09,0.51381516456604
76f8e3156d21b84b,0.5090840458869934
2258000252feaccd,0.5027936100959778
b2bd17b3c4fde966,0.5008158683776855
0aacc72588f22883,0.527789831161499
3a21f99c4cd834ac,0.4726056456565857
729659bf90267222,0.40921804308891296
72748d93718ddc89,0.4744309186935425
b1cd64740c972628,0.518127977848053
03d5119596076118,0.4984697699546814
6faf79620dcf3a74,0.5240740776062012
bcb1e062f96580a7,0.5368430614471436
7cfe02eb5f1e7e87,0.5039068460464478
e9cd5c380bfc82f8,0.52804034948349
f7a781e47664f827,0.5203898549079895
cbeec32a31964462,0.5361315011978149
8bb5335eeb70d6d0,0.3594658374786377
789c71b62948bf5e,0.5203419923782349
cc3a9023da9f8f19,0.5226927995681763
c2247fb8cc63d73d,0.514807939529419
d6d007ae34a83478,0.5156002044677734
c0c51e126325b080,0.5383733510971069
0dcb2b6a5b4ced64,0.5622835159301758
d79bfa05f99e96a8,0.5161528587341309
c8f7aea8c9cb253c,0.45729902386665344
7c750d25923bd2be,0.5078722238540649
22036bc184d8e75b,0.5155140161514282
6085684fde9be419,0.37976503372192383
967d1af4be2a6826,0.4980153441429138
d45d28e0eb7e93fe,0.467063307762146
0280026487bd99f9,0.4130247235298157
22af15624a35b925,0.5656327605247498
c9feea874f15dcf5,0.5047520399093628
423f229060ba1332,0.5267761945724487
ab5a5bb6325e3b0a,0.4693949818611145
81f6c76375d3eb13,0.4516257643699646
5f406f91424d8733,0.5034356117248535
100782d52444c4c3,0.5192905068397522
1d96e75fa0b6aab0,0.4680520296096802
da41a23b0eef5633,0.4423920810222626
399f1ed9b66b1307,0.5196942090988159
9fd0ef4ef492d5bf,0.49158596992492676
55b941e6af99da40,0.4994885325431824
3f8f5d7876804fe4,0.49102768301963806
7115339c3573da61,0.48091232776641846
5cb83be4b7f1e886,0.49659180641174316
972d833958d0429d,0.5010278820991516
0dbdce3d15a0128a,0.5060060024261475
681d49b4770609ab,0.5059348344802856
83481c6384cc53d3,0.4441109299659729
7449bc12651df008,0.4674752950668335
2e01e3cec103a751,0.5374842882156372
755878b20684dbcd,0.41393226385116577
50e3620157a11c8e,0.49647873640060425
58aef596b641c1af,0.532742977142334
7add112292c354b4,0.5159268379211426
248e43f0393496e0,0.5388330221176147
588bd988898dcff8,0.4513428211212158
6d0393ddae515ec3,0.5127519965171814
90f16020e79e0931,0.4501785635948181
36aaf23e92c6656e,0.5148131251335144
7f1dc6db31adbb4c,0.5016046762466431
adc1c11fdc62d687,0.502777099609375
19ef74dd07dad1f1,0.4579636752605438
d309dcd223391546,0.5516470670700073
b3f796b9650de465,0.5043580532073975
992ee5a2db4b2f43,0.5326908230781555
9627355bdffa2ae1,0.5145090818405151
d10f62b7c54770c6,0.45111459493637085
39a34779d1ef703a,0.5019397735595703
c991993403ad7585,0.509160041809082
c7fd8dcde5e5407a,0.5071155428886414
8118d8a25a6c44f0,0.5490139722824097
0a1c765b3ef098a5,0.5418701171875
ecc09f9801b11e1a,0.4775404930114746
385b1ce088d8231b,0.47959810495376587
8131251a9f2f9b8a,0.5344535112380981
2b8bc070532a1f03,0.5378517508506775
a93ad48c8a9eebc6,0.4887073040008545
09c276cdf5f32e22,0.5229350328445435
675b43f4afb745e0,0.4616689682006836
32fbdc246fd44193,0.5044175982475281
d04682e23019cac9,0.4823281168937683
3f8d6c3f71a61c19,0.5075840950012207
e2c59d107f6dac03,0.5269533395767212
a894bd8538e66104,0.464385062456131
ecdc3f3e6152a01f,0.49254292249679565
c1966634ad4544a0,0.5043017864227295
9bbb0892217afce9,0.4697169065475464
e93b090bc753061d,0.48417967557907104
9fe296f1bdc8add0,0.5021827220916748
eabb5d03eab5a15b,0.467582106590271
64468c2a64b2c784,0.4717332720756531
daafa8b38e9af93e,0.46468386054039
39ff36ef54f6c659,0.4816034436225891
472e1d210a30b34c,0.5138667821884155
0d0baac0bb1801d4,0.4486001431941986
f0590a13270f953a,0.4195846617221832
3bdd1369c717b08c,0.5106241106987
9044d83ee59d9f70,0.5160287618637085
1c734c71fec8c0eb,0.4980594515800476
03355626a23fe79c,0.47738051414489746
2a75be16db55f77d,0.5148872137069702
4de51343a4376257,0.5129069685935974
c1c31471f473cdce,0.5115721225738525
d18bd2b5d8a32de7,0.4663163721561432
f558ae445d01e1c2,0.43841931223869324
e34f9a0dc03287d1,0.5126545429229736
d250f90096893948,0.39623475074768066
b3294d5ab4a9479d,0.5643309354782104
588b0d01db4f0b8b,0.47991853952407837
d3e1d8d7698a01c4,0.5313841104507446
ac94e2a0ebad30c6,0.5135633945465088
5fd60c24c0ca8eb4,0.5251857042312622
8a69d7e8aea1c8d5,0.49200141429901123
e9c6558111d2ae1b,0.5119193196296692
ed23f7f8c3d6d101,0.5007422566413879
1de3bae6eaa08a2f,0.5292148590087891
1abad9b3130ba9d0,0.49925512075424194
6054773e77513a16,0.47848448157310486
3c4f7518499a863f,0.5091125965118408
5b88cab7fb708348,0.5022077560424805
d0e60ab9d4a7b8c2,0.45472294092178345
8893211d5230e336,0.505897581577301
03859648663ce0ba,0.5082962512969971
0dfa77f5d6124068,0.5259754657745361
a8ea2afc595574e6,0.4753879904747009
d5ad289042a8ab84,0.4616106152534485
c148cfe815ff66f9,0.5099397301673889
a1f88374aaf1b94f,0.4701829254627228
f76fe947b4c1ef9a,0.5461026430130005
d58d79ee142d9894,0.49170881509780884
0e96f0d5f6ae2858,0.5033477544784546
0baf0a98f23ebfa2,0.48494285345077515
cfc99407b91d6c3e,0.5597599744796753
b34170d5be8c12b2,0.5066544413566589
844a7a21c1d2c542,0.4863680601119995
e9aa3143ec418273,0.5055992603302002
5f78f1b7e4e76bb3,0.4575856328010559
bbb058b81c7ac0d1,0.5432593822479248
24daa3dfe3f88fe8,0.505021333694458
57995a6479e57f2b,0.47892701625823975
8c021551fd304f56,0.5300034284591675
1bd7a151a9d573f1,0.5546512007713318
a488c984da49590c,0.5162447690963745
6dacb0000ddb626b,0.5470203161239624
264ce8ae0ba56184,0.48982393741607666
16f2082d629176fb,0.539787769317627
4f74cbd7a873b0d8,0.5422700643539429
60f48476e5c897fa,0.5374621152877808
74f201bed3f98869,0.49650102853775024
35af4f450bf9a2d5,0.5118421316146851
ab1fc5dc25c85b1f,0.49093860387802124
20b9c220dd1377a9,0.4785473048686981
bc15045d9c3f89d1,0.3921924829483032
cf19017787d4d0e2,0.48041707277297974
08796fd3356d8f75,0.5037035942077637
a8a0af88f624d4f6,0.47043824195861816
4f5e14548724ca4d,0.5300076007843018
637d74119dd8a1a2,0.47258174419403076
1b691d9a2ed7a39f,0.46023258566856384
e884188571687d92,0.5180119276046753
1a26da241fb11b42,0.5080938339233398
bfe08c23bb9bb24f,0.31800687313079834
a6d0e60c59802e5e,0.489593505859375
39883f27804c6a13,0.5208141803741455
2ae3129f7b1b6d26,0.4971657991409302
921db5e266bec961,0.47629350423812866
1be699b5f4e92c24,0.5291177034378052
956b609036ac5fcb,0.49758580327033997
9b01d701e11ab43a,0.3813283145427704
407db0af8a4a4f7a,0.5251467823982239
e21fc74575b1b929,0.5064689517021179
3b61d2f50a642c0b,0.5143043398857117
4f05cb48dd312391,0.5071007013320923
571865372ecd3aca,0.5268044471740723
804b6e686d03352f,0.5372642874717712
53cf9762763835e9,0.517894983291626
a76bed15daf87c97,0.44882625341415405
7385913e70b85190,0.49256646633148193
6451a17f16eb4567,0.5359280109405518
bd131ffae2f4a69e,0.48448100686073303
c9d79e0a8205e85e,0.5123203992843628
40b7bf992020e8ce,0.3841032385826111
5e84b9494b3ed8ab,0.47708064317703247
8e54411ffdfc212d,0.5385802984237671
9dd05a88e1f67e5a,0.48711445927619934
828080104c1d72ef,0.49514180421829224
270be932c5301eb5,0.47280770540237427
25d3bfcd05effffc,0.5246906280517578
3a07a73258fb00a3,0.4549459218978882
cafb495361d6e437,0.4924909472465515
a96ee5b7d9a6fc18,0.4532880485057831
72044c19fba58f76,0.47595298290252686
1bcfeb47ccd973c7,0.5322083830833435
8914859ddb629b4e,0.36951136589050293
152c347177b374d2,0.4641270637512207
f11b70b8b7298ea3,0.5008059740066528
b9d65a89610470b7,0.4586331248283386
364e11598b4e0460,0.5298905372619629
24a44ee9f054aabb,0.500757098197937
fb8611acc177f1ed,0.49089187383651733
581e4b8b1f760434,0.48637375235557556
2e9561b805bf4eb8,0.49824172258377075
eb5a596a5493a770,0.5075302124023438
9a28609c177bb828,0.5206488966941833
a759ab2eef425077,0.5160523653030396
ff72de3a4246ded4,0.4950839877128601
22b8d7b6ae78d240,0.4627765119075775
1a3d4e4fca03970b,0.5272449851036072
89ba897bf6455f52,0.5007702112197876
532ad85fd33ca482,0.5052591562271118
f8d6e38aede69724,0.5491371154785156
973f3299b3c8c546,0.5095846652984619
f4600e343440c049,0.5663249492645264
63683b8c0e71bb1c,0.5047687292098999
a0864110e06c1ee7,0.5105314254760742
6e77b8a62aed3d18,0.4880386292934418
2d246b2093dbb2e8,0.506016731262207
bdd2958bcbbb522a,0.4837527573108673
b9f09e77ebbb58fa,0.4876876473426819
16d3966210f84b5f,0.5104216933250427
e13e97c253ac9e8e,0.5567321181297302
1d335845a4a0f9ed,0.4899024963378906
9d948fb123d6acc0,0.5014919638633728
4df7c8b77ce7aca6,0.5187145471572876
8d0a9992dbbc1113,0.5100920796394348
f2a5ddcb23e9bc4e,0.5364064574241638
a9f64beb548d47e8,0.5538490414619446
57dc1f8b75d51133,0.5363028049468994
fcde334191915995,0.510501503944397
b7516cac3f586ad6,0.47029346227645874
2d3b04ac0c63cd89,0.4514232873916626
50749a2c74906eef,0.5042192339897156
359c4763d86edddc,0.47742408514022827
7aa2fa0b6b7f1406,0.44928276538848877
75fa2a9e647794db,0.5048520565032959
e5609e8735edf72d,0.41618067026138306
08ffc2bdbc01d518,0.4028405547142029
282e560fcc610a66,0.5109249949455261
0acd349cb36692ec,0.4467013478279114
e637e2df51652ade,0.4103463292121887
4fc3ca5aca47e78e,0.552808403968811
490cfa12103799e5,0.4709125757217407
734626df5f849846,0.5408480167388916
a812f0ac695608ef,0.4760473370552063
6f635c1929f7f7b7,0.5111070871353149
82d6cce8f58c2b96,0.40912044048309326
3e03e59aaaf10aee,0.5249913930892944
260b9f6af37433b8,0.5203412175178528
838112d8b2b0b64e,0.5265728235244751
12bc1aff90b127fa,0.5143895149230957
ac7fa82f737b9095,0.47793251276016235
43a1d944a71f94d4,0.5206573009490967
82d218dcbd93b521,0.4714944660663605
7930f4a8a016e71d,0.49943116307258606
04e9b9f051191139,0.5120289325714111
5aa0117a2a1c57c0,0.3990180492401123
33d46d19eafaccac,0.5067073106765747
0581ec632266b750,0.4825108051300049
1deaa6675c0963bc,0.5347572565078735
b091191e0545b229,0.5109808444976807
ba1747c2cc562f27,0.5155110955238342
588ba0c730f59df9,0.48452165722846985
59dd59f1529fb43f,0.5104027986526489
f45b3cff26a18883,0.5167096853256226
8fa5127f1c8a6add,0.5085700750350952
d285fcf4b5a62154,0.5029312372207642
0a5c4ccf063c8bba,0.456977903842926
d104b71e71833d17,0.4916107654571533
0b2c7eb591b7009c,0.515457034111023
5a2eaef75faf6b19,0.5448905229568481
302a40da8aa1b72c,0.5125871896743774
c4a11ce549374a2a,0.5105299353599548
1bf7248f14dca5c6,0.5266239643096924
00070de9dea9843e,0.5177433490753174
3f6f05d65b92ab91,0.3484152555465698
f6bf07f1ce59c02d,0.5080894231796265
