id,prediction
1250fe6ab2501ae4,0.6956521739130435
4fbab755bfcf465f,0.5108695652173914
4d6304cc98b81a8c,0.6195652173913043
a809b19c92e9daf4,0.7391304347826086
3ccad1bf7f44c589,0.9782608695652174
7795a06aa5cbe430,0.9130434782608695
28af0871a0681c07,0.5869565217391305
9280b1e7072fdc13,0.05434782608695652
6bf69513bef4c0c2,0.6739130434782609
f7fd604f6e07b199,0.11956521739130435
d8b4c33e8608d08d,0.6413043478260869
2e7153c0ccd7d034,0.358695652173913
d0eb9c54bc3a37cd,0.8913043478260869
6c01fc2521a95590,0.021739130434782608
ffabbfb8b90f312b,0.40217391304347827
60116f1c52120a24,0.4673913043478261
7a59318e34aa61eb,0.5543478260869565
5ad7a6704a597906,0.8586956521739131
c5d1c3cdf2251742,0.5978260869565217
bcf0cae14588a6b6,0.8152173913043478
eff3cde2a6bfa7cd,0.9565217391304348
f5f9223e61004908,0.17391304347826086
7dbf422a00b5b453,0.8478260869565217
2e18f7fa801b66b5,0.25
27c2d6c675b7d6fe,0.9456521739130435
d735b9ea8ab0c1f1,0.45652173913043476
a1dbdf2a82551998,0.06521739130434782
e326a8ca1387b8b4,0.15217391304347827
83d81a13ab44b0ec,0.41304347826086957
e423d691f0bef087,0.9891304347826086
b8449f8465f841f8,0.13043478260869565
396fcfbf8ca3938b,0.5760869565217391
a4f54ed36b6f2532,0.4891304347826087
f5f7749edea24aaf,0.44565217391304346
6031d7a0e5f7cbe9,0.782608695652174
cbed1fe352738635,0.7717391304347826
43d032f08cafd06c,0.043478260869565216
398b454c07c94453,0.2826086956521739
98e58f51f46d41c8,0.14130434782608695
35e3b38a2c4c061d,0.3695652173913043
f669fed0d7b2be69,0.18478260869565216
4343a3198ad18f94,0.6304347826086957
286dcaceaf14195c,0.10869565217391304
6d31943d73e557f0,0.9239130434782609
96fc1ab78fbc38bb,0.16304347826086957
9105e809298e7b66,0.7282608695652174
98689fbe16c8c5d8,0.21739130434782608
4119e6b9a996dc39,0.7065217391304348
0434d0e1d924225e,0.03260869565217391
add066c1ca678e3e,0.5
8266bcf55befe5e7,0.6630434782608695
e127c97a40366419,0.6086956521739131
fcac887caa93157c,0.32608695652173914
ed36fd7023c90b88,0.967391304347826
9a560ae1581e2d49,0.9021739130434783
dac65e9b0fd31a16,0.8043478260869565
aadd3b506a3dfc07,0.20652173913043478
5a9d379bfeb3c193,0.4782608695652174
1e39a79971888dc9,0.42391304347826086
9152c1406588aead,0.29347826086956524
f29b35ce10a05b93,0.43478260869565216
2761fd374af3c006,0.6847826086956522
f23d8ab48166bf67,0.532608695652174
fc37a809cbb43ae4,0.2717391304347826
e49cf9ccb8e9144a,0.75
33b959d6d918c8e2,0.34782608695652173
0bff758ad8e741c0,0.31521739130434784
5a1b5492b76a5a20,0.5217391304347826
d2d81b425df0fccf,0.2391304347826087
368171c5e027b715,0.07608695652173914
344ed5be6f49ac1b,0.2608695652173913
b7fcc52840ebb5c7,0.08695652173913043
15d774f2052ed5d5,0.6521739130434783
8a5c75670c7f1066,0.3804347826086957
90a2c6cc0f287a4f,0.8695652173913043
d01d2cbf118f0d06,0.010869565217391304
4dd46f0d95f3f61b,0.33695652173913043
49cc7830d5417d02,0.5434782608695652
08000b54456bf6df,0.391304347826087
0c7627d3c7257a25,0.8804347826086957
a6a0dca26d222c55,0.8260869565217391
8dcc49d22bac1c2c,0.8369565217391305
e2b27d8e249cf277,1.0
cfa33f937eade2dc,0.22826086956521738
c420c831eeaf6200,0.5652173913043478
140901dc450b5bd4,0.30434782608695654
c46ab2eb15de5bcf,0.7608695652173914
cceb81a2b5e42046,0.9347826086956522
6da4322f19f9fd60,0.7934782608695652
797c1918def91dfc,0.09782608695652174
0497842424b34377,0.717391304347826
6cc497d556ccdaea,0.1956521739130435
bf896477a64a7ddc,0.43478260869565216
26d69236552de05c,0.8586956521739131
95699fc630369940,0.717391304347826
8a2860c22b1614d3,0.29347826086956524
b6bddfbfd68c6c57,0.6739130434782609
1ac3d3c51700e6ee,0.22826086956521738
780832978c54ba4b,0.6956521739130435
67da8bf5ddfae55b,0.3804347826086957
a5a32c166bd1541c,0.7934782608695652
10d1c1c5c86de101,0.20652173913043478
b2cdc4158b134798,0.043478260869565216
ce12535cef086afc,0.7717391304347826
df27746f33913448,0.7391304347826086
438b67056da2823c,0.6086956521739131
6582e935bcb7d153,0.7065217391304348
16824a558c4409ad,1.0
bdd4de8261e571a7,0.3695652173913043
3c17efcae543c3f1,0.9021739130434783
6f8b9cd6795e5a9b,0.5652173913043478
c96262a7417c27ee,0.32608695652173914
f811fe5c70fd65ca,0.13043478260869565
bc68dad37a757b68,0.42391304347826086
cde9f0619e9067c3,0.9782608695652174
34b5c377323ed662,0.4673913043478261
26c9b93a4c466557,0.5108695652173914
b2820b79981a3037,0.45652173913043476
056b30701278e828,0.2826086956521739
652940f4c0042532,0.5217391304347826
8778b3dc8c8baf55,0.03260869565217391
7ef76402b997dbc1,0.9565217391304348
5da7d9fea345ea09,0.4782608695652174
b48a0e6dc8f43633,0.8043478260869565
cb05a18955f7fecb,0.7282608695652174
57b4085f455e4091,0.8804347826086957
51e58f2a1292a8a1,0.40217391304347827
7bb87b23a4fb6e45,0.07608695652173914
dd7a5a80050f7e95,0.6195652173913043
12d07c02c5a9f1e0,0.8260869565217391
af2c156f264e62ae,0.967391304347826
e51ffc46a74a4812,0.05434782608695652
336fd8e1638c96e8,0.021739130434782608
6cbd2479bdf1416d,0.5978260869565217
cd86e74b598c9e38,0.18478260869565216
7e33fd4940d75e39,0.33695652173913043
2b00271a130cd1f2,0.9891304347826086
945c3627da1d17e3,0.14130434782608695
58e84b0a096a9f7f,0.09782608695652174
d5d1bdba367d5d9b,0.11956521739130435
beb84a541b9670ad,0.6304347826086957
065d53a7ce0acece,0.34782608695652173
62e0a5d42b8e3ac1,0.6847826086956522
952c04b48ff09eb9,0.31521739130434784
a490f8418a01d948,0.15217391304347827
6f6fd89390a0dd9e,0.30434782608695654
58c0286d310efa19,0.5
ad93812d0fdb426d,0.06521739130434782
5138204564910629,0.5760869565217391
0a29304fae0accd9,0.391304347826087
28f16a43a49ccae4,0.5434782608695652
b86577416c00b3b9,0.5869565217391305
70ae0a1e9b45d737,0.358695652173913
695db4cf6a0127bf,0.21739130434782608
924a4e5a530e5e97,0.782608695652174
411ab10b223fea2a,0.17391304347826086
01ac0cdbc321ca32,0.16304347826086957
64366e421003fd91,0.9347826086956522
24e599afb5f59f05,0.532608695652174
ad6c5757ecdbee37,0.6630434782608695
c9162865f478b72b,0.010869565217391304
9ae85d678e149aeb,0.5543478260869565
e099ad466dbc16a1,0.9456521739130435
8210e765470b0ddd,0.41304347826086957
10cc92fb4dd6c45f,0.8913043478260869
43c1594e32ba4811,0.6521739130434783
ec913acd075182c7,0.8369565217391305
8c13db6272cc6e79,0.08695652173913043
58966663bb681194,0.1956521739130435
279fda23df721f28,0.7608695652173914
261f900cae677b8a,0.44565217391304346
644dbab569159eee,0.8478260869565217
cd8605388485be5f,0.75
dfbb2d223a9dc599,0.6413043478260869
bcd76b0242a5da10,0.2608695652173913
ffb294402d015dba,0.4891304347826087
3b7f5d74fdffcc2c,0.10869565217391304
b6964f2d243ce3b4,0.8695652173913043
d1bb09ac61915136,0.8152173913043478
5dfe43036e536146,0.9239130434782609
c41b99c4b7a3d3e0,0.25
a269e8966bdacae1,0.2391304347826087
92f1418fcb428e67,0.9130434782608695
ab3c18bfcafa2e7a,0.2717391304347826
60d641840b189b22,0.717391304347826
d95075c567a8f898,0.2826086956521739
73c6556ed1ab8ea9,0.6847826086956522
0b0626d1bc975fb2,0.25
6073dff935d53f22,0.1956521739130435
fbc0a2ef085397f7,0.7065217391304348
789f045dfee9c06d,0.13043478260869565
cbcbc3f095ede178,0.7608695652173914
04e158a39908cd75,0.15217391304347827
15ec9a41896fed5c,0.08695652173913043
58f07eb46f3860ec,0.7391304347826086
94e21bf9d279caa2,0.29347826086956524
7a59a3f3ad48adb0,0.6195652173913043
0a48fc0638483288,0.75
9d1db92ad0182992,0.40217391304347827
a3adb048ca4af883,0.07608695652173914
6fb731b9a4fd8956,0.358695652173913
5ca9123ee6c6edbc,0.9130434782608695
f7e251669a3f4b23,0.8260869565217391
0142043df0382aaf,0.2717391304347826
30dbd1b25f04a00f,0.9565217391304348
37230cab45311271,0.2608695652173913
faac9093f6ed899c,0.9782608695652174
04058000abc90feb,0.8152173913043478
cf0a1b949ac1b51d,0.11956521739130435
b36c6a2e66a37332,0.5108695652173914
a8491ae6ea9df903,0.34782608695652173
2b8828cb740101a5,1.0
9784f1d013f1bc00,0.8695652173913043
f137bb535af5a61d,0.8478260869565217
b2497efb5675d49b,0.33695652173913043
5028a76609930f01,0.391304347826087
c5184ffdd194f00b,0.9347826086956522
9a32a7a7e26f44ba,0.16304347826086957
218319c6a0e2ade3,0.44565217391304346
dec3d843f126c79d,0.8043478260869565
fe2b407d97fb3f9c,0.06521739130434782
c5cca4233f64349e,0.5434782608695652
d50910b9b6e7b42c,0.7934782608695652
1c447567c15450ea,0.010869565217391304
f2a8231228a64b3d,0.967391304347826
753565291f29236e,0.5652173913043478
e06e12d11c875dbe,0.05434782608695652
5f30562e27ad0b38,0.7717391304347826
4bf94204f29a3be8,0.3804347826086957
7c8e4c30ce9654a4,0.41304347826086957
1286bd63ba5ccd19,0.8369565217391305
a2321ada75f1c64f,0.32608695652173914
b1a883b9e86ef78f,0.5978260869565217
059d44b2162c510c,0.4673913043478261
3cf799fc161ce2f4,0.7282608695652174
19ad0d1e64bd95bd,0.21739130434782608
910907706ab04d12,0.6739130434782609
e82ececca9d33f79,0.8913043478260869
6e11bf3b406181a0,0.4782608695652174
d59fe1adfef01ac4,0.30434782608695654
163f0e0f54661968,0.6630434782608695
782f51b3e3330d41,0.03260869565217391
d1394b326dabdd4d,0.5760869565217391
191136dd74345554,0.021739130434782608
e30efb02ea3221f5,0.31521739130434784
3f5073af84c16a57,0.5217391304347826
308852f1c058e4de,0.043478260869565216
1f1d112bd7442ad0,0.782608695652174
2d6703935c00ed20,0.45652173913043476
133541c0d426af7f,0.42391304347826086
359104af02c2ce9e,0.6956521739130435
d45c0d4d7881f8be,0.8804347826086957
ce07e522d0885630,0.6086956521739131
b045895d8b4f3338,0.9456521739130435
9fb49eabd304b139,0.532608695652174
5641185cd1d75930,0.6521739130434783
0a57b8b93341dcb2,0.14130434782608695
d0bcbcfc5be9b50d,0.6304347826086957
8a65e9fc89f9a147,0.43478260869565216
482305dcce44e5a2,0.17391304347826086
d96a2a0e1fa82622,0.22826086956521738
d547f4d2ac89835d,0.9891304347826086
92221fb0887a842c,0.10869565217391304
d200bf13ca4f8dfc,0.4891304347826087
cb0a67137af052f6,0.09782608695652174
47ac7c7b159640db,0.6413043478260869
f540846f2b729afd,0.9239130434782609
d3e2453e3076ab87,0.18478260869565216
97e09ea514e36f77,0.5543478260869565
4c80946dbdaef5b2,0.5869565217391305
97e9c9e412ddd768,0.8586956521739131
aeee7b65895431d9,0.9021739130434783
43ceb68460d2a92c,0.5
53508c2c48370216,0.20652173913043478
6546d07bb706246e,0.2391304347826087
c5bc8fb5519b52cf,0.3695652173913043
7462eacdd63c69ae,0.7282608695652174
1c518ff724f4ae8d,0.967391304347826
fa367ba4b665dc04,0.9347826086956522
d196afbba24b78cb,0.8043478260869565
349a7c2d71efbbba,0.9565217391304348
ff2067345a90d5c0,0.21739130434782608
3caea1ae27171bd7,0.2608695652173913
6d77bee2b51fab5a,0.7934782608695652
ecf215285c55a288,0.18478260869565216
ea3482a21d0edd1d,0.9130434782608695
d252f183de2fa66f,0.717391304347826
2e51e8e5d16fcd26,0.9456521739130435
3e8e5581b1ff5c11,0.06521739130434782
11a29d08a7be3792,0.34782608695652173
3e20c21fab57c4c3,0.8260869565217391
739a2ff43fae7933,0.4782608695652174
734f5d8b5483da2c,0.7065217391304348
9c0b6ff0e9087ee5,0.20652173913043478
49a87a6facca6d69,0.8478260869565217
9902e7f9262a6060,0.5652173913043478
ea7e5484021bb0c6,0.03260869565217391
b604cb07652fe0a5,0.16304347826086957
02d1b00c25b8d1d6,0.5760869565217391
e2f7f00c2b9c1a84,0.6630434782608695
13a0a988f818d27a,0.010869565217391304
e16331b6828d3bea,0.8152173913043478
20c4d60e03a3607a,0.7608695652173914
e540c37215924def,0.07608695652173914
0798fe85d13e0939,0.45652173913043476
fa95997cad3a5056,0.6195652173913043
16499378d5711aab,0.021739130434782608
7e288d4cef0ceaa1,0.42391304347826086
f23c0aeea1c32ee0,0.2826086956521739
118aeacab3392ecf,0.05434782608695652
f1c9e0214410bb5c,0.14130434782608695
c77652b431e61c1f,0.09782608695652174
1cf1e15311df1c40,0.8913043478260869
9368bdba410497e2,0.5543478260869565
a8d393c59f8e3f57,0.13043478260869565
c1dd0f6e197a66f0,0.43478260869565216
1a92ffef36cb3720,0.043478260869565216
4657e8f2abc8a755,0.6413043478260869
c9459883d860d0c4,0.22826086956521738
a3d69f5063780960,0.391304347826087
01ddd2db0b3ab82b,0.9782608695652174
a680699711bb3980,0.25
5b4589baeb5976a0,0.3804347826086957
d289d7c606bb9101,1.0
586060c7cebaf9f3,0.8369565217391305
45f0ec3a64908fe1,0.44565217391304346
3f774b76c007c971,0.4891304347826087
0a22300500ff7fc9,0.5
cbf4735ab34034f6,0.15217391304347827
8fa69ce07cc197fa,0.8586956521739131
814f97af33640b69,0.6739130434782609
b3fdef6d77c452f3,0.17391304347826086
6d7f3c2a21dc1387,0.31521739130434784
794492b30e769715,0.5978260869565217
3f3769346fce63e2,0.7717391304347826
06b23e4da546ed6d,0.9891304347826086
ea52c45031bb545b,0.5217391304347826
9691a73fd4bd4a58,0.9239130434782609
63d372a66d866ac2,0.6304347826086957
2ca433e7c70d1e33,0.7391304347826086
c8fceb13b073136d,0.8695652173913043
e97150a3438233dd,0.5869565217391305
b298f254cf9e67b5,0.6847826086956522
2c4e313b35f15803,0.10869565217391304
a36f29529bf910bc,0.532608695652174
4f8415cc5197c3b5,0.08695652173913043
a91a003c0b7d3a2e,0.5108695652173914
63220fb1aac92c66,0.2391304347826087
b9f6294945b19d4b,0.40217391304347827
cdb9147a9432df3a,0.32608695652173914
8174537a87cf50fc,0.11956521739130435
b4fb17605b531d8a,0.782608695652174
c0b0b9ab938f6fe8,0.8804347826086957
8f01c4b267433d4f,0.75
4ce17b851ac85383,0.6086956521739131
208a46609cb7d6ca,0.33695652173913043
b00d43248eb1b033,0.6521739130434783
d90ca5052e2175ea,0.358695652173913
27d6d7c02a94257a,0.30434782608695654
e35e2acdf9faf78a,0.3695652173913043
8210ba5a39007704,0.5434782608695652
7225ba7c9f607f87,0.29347826086956524
c3f28e9f9974dd1a,0.9021739130434783
c1213b8a6c3113d5,0.2717391304347826
62c2782ac46b31c1,0.6956521739130435
c42e1f7b047f8f97,0.4673913043478261
dd7bad6fbd16cfc7,0.41304347826086957
854be2e9286e79f5,0.1956521739130435
5d20be07fde028ee,0.5652173913043478
bfc095547fcc9910,0.6521739130434783
7e23b107dd9f4acd,0.8695652173913043
c6ee447ac035ff2c,0.11956521739130435
f2156431ed873d1a,0.8913043478260869
39778fe93bf3c0a9,0.43478260869565216
faca0dd5cad89cc3,0.9347826086956522
157bdaf9322d10a5,0.25
6814f2ef089f93ba,0.1956521739130435
5abeeb912ef1d36a,0.10869565217391304
053724736e65c824,0.7934782608695652
eee5c81b1affe48b,0.17391304347826086
6eff2d267937766f,0.4673913043478261
00b4d7e0848adfec,0.782608695652174
de5295a94f8b4e34,0.6739130434782609
95172138538629fa,0.07608695652173914
806ad645844e4383,0.358695652173913
10dad7ad79cb2c14,0.8586956521739131
ae938cae52366924,0.31521739130434784
12867897c4d4e2c8,0.532608695652174
2699390ca07a0f38,0.3804347826086957
7af5569e93623618,0.9021739130434783
9d9a26428cd838fd,0.7608695652173914
caba9f97172c12ab,0.5
83322054fcddbd25,0.45652173913043476
a7384fc948ea14fb,0.41304347826086957
e8790c5bcc7f1d73,0.9239130434782609
c813ce404d98816c,0.33695652173913043
7c6a8807a1d93a21,0.22826086956521738
0b80080d5e06cbb4,0.6195652173913043
e527a1d40699c3c1,0.5434782608695652
0ca7c86352fe9618,0.8369565217391305
c1723b4665d1f5eb,1.0
63084e6ab0219d0c,0.40217391304347827
14d5065007ec0afc,0.4891304347826087
95fcf7056a9f9e5f,0.08695652173913043
f684d284847f7467,0.8478260869565217
b9d75c90400ace25,0.9130434782608695
987e263852945277,0.967391304347826
3798af3bc5b0755c,0.44565217391304346
d03afd8b9b021ebb,0.6847826086956522
6f544889a3243e53,0.15217391304347827
4d5321d6ede7fe56,0.21739130434782608
c3bbc4a38a82af99,0.6304347826086957
abcc4aece158a9e1,0.5543478260869565
baa1eea41a20129b,0.7282608695652174
f65bd7f00b5affb8,0.9565217391304348
90ee09efc5730d37,0.34782608695652173
92004606cdaf9273,0.2717391304347826
ee0a58cbba1b9f31,0.03260869565217391
18553fb9a50418bd,0.9891304347826086
858d26093a758ec0,0.6086956521739131
2810a7a7e6668ce5,0.32608695652173914
ea08f8365df7f4f0,0.14130434782608695
fc25cb8c64341009,0.2608695652173913
b097e1e72e170ae4,0.8152173913043478
de4dbf01f8fd1eb5,0.7717391304347826
ef7156f53cae5046,0.5760869565217391
d98d01f970389cc9,0.9456521739130435
9533880811f6e042,0.6630434782608695
2d567cfcb47a0750,0.8260869565217391
6a41904b32f512fa,0.391304347826087
f1d8b31965e176ac,0.2826086956521739
a2eee2c60cdd04c6,0.021739130434782608
431eee919844b3f4,0.09782608695652174
f8c76c5d1713b7a4,0.5217391304347826
1534a4fa88f2d593,0.717391304347826
4b56da01b8c085a4,0.75
46b5a4b48152c0d3,0.7391304347826086
f732efe69f337e97,0.2391304347826087
fa3ab82f6859aa68,0.043478260869565216
5c163bd40d1883ff,0.9782608695652174
7e58017a13af4160,0.010869565217391304
c3fb6000a591a452,0.06521739130434782
4fbbd97cb1067d6c,0.3695652173913043
75e01b3741dc0781,0.7065217391304348
dbc7f272b28b598a,0.4782608695652174
1be10e2e357ecd24,0.16304347826086957
307940f3aa062e13,0.42391304347826086
6784e844870c3374,0.5869565217391305
ae02e39de6b19a20,0.5108695652173914
95c722a07a439759,0.5978260869565217
1ea89f8f601f20cd,0.30434782608695654
8a6a5d33840b5819,0.13043478260869565
c9e550a91d762fd7,0.18478260869565216
0818df421ffa800e,0.29347826086956524
7e5fa3635dfe9e7e,0.6956521739130435
3b34ee8559c61993,0.8043478260869565
7c1e8ba7ca71180b,0.6413043478260869
6ecb269a017fd7d8,0.05434782608695652
7b13c3f3fc46ffa7,0.20652173913043478
3491b10cf4ab397f,0.8804347826086957
331c0d218408c708,0.9782608695652174
e52f2ca00fa049ce,0.4673913043478261
41bad0f4d94c5ddc,0.2717391304347826
4cde062fd90896df,0.6739130434782609
47beac4f1c2e0d48,0.22826086956521738
bb99a2f5c115f653,0.5
fb2839094fc0ebc1,0.5108695652173914
9d4627c487f46198,0.5434782608695652
2c540522d5f164f0,0.13043478260869565
03bf1aab305a2ccc,0.8913043478260869
5f932bf14a12d082,0.05434782608695652
d401807915ea6ecf,0.8586956521739131
4a02da109bcef770,0.40217391304347827
7bd4ddacbd73d710,0.043478260869565216
d9ca097240d56fc6,0.14130434782608695
b304696dcfecd5f3,0.9347826086956522
f24fb21d7d1db9c0,0.43478260869565216
600c62aa1c0200cc,0.10869565217391304
75b8852d766d8c69,0.6630434782608695
5e2e0be720a0f748,0.32608695652173914
a2138496a261f00f,0.5217391304347826
6dbe333be1fc79b7,0.6413043478260869
8b61255b64dfed3a,0.34782608695652173
4c43125d23ef39bc,0.9891304347826086
1513fff643bd9548,0.1956521739130435
9941af95a82d9449,0.8695652173913043
fb5a98d830615c95,0.021739130434782608
3081f39ecfd24cc4,0.5543478260869565
5cb1462fc3c452af,0.16304347826086957
568a2980cd0c89ae,0.6847826086956522
fda929fca2a208b8,0.30434782608695654
adc0bc4e4fbf991c,0.44565217391304346
e466013ede060d44,0.7608695652173914
61962a0984a5c707,0.06521739130434782
5c87804b96c22562,0.9565217391304348
56c935dae41d6a7d,0.31521739130434784
06fe59fb072b3ec1,0.5760869565217391
36b36f9d7f56726b,0.8043478260869565
6372f78f0ac522bc,0.6195652173913043
1b03cfd53a8ff974,0.6086956521739131
448b1dba023a10fb,0.967391304347826
aa91ff590c3326c8,0.07608695652173914
f0dd5115e61815dd,0.42391304347826086
5d20b128382ab96d,0.08695652173913043
1c072dd80976dff8,0.8478260869565217
2f1e1856527cefe9,0.6521739130434783
2c5636d8a3f33a55,0.11956521739130435
b3c83d62d6c63a29,0.7391304347826086
41b608c7c69ff62a,0.9021739130434783
17728278642097df,0.7934782608695652
2f5b766bd6cd23d5,0.4782608695652174
2b427f51e0d8d3f0,0.45652173913043476
0783f981fa54a088,0.3695652173913043
e1d50ca6d10fd4cc,0.18478260869565216
650c699575e956c2,0.8152173913043478
99920920dad8967a,0.2826086956521739
f0d63f66f4a80055,0.6304347826086957
6d2a616769659491,0.7717391304347826
0b88495c17478f94,0.8804347826086957
2233a17681a08800,0.6956521739130435
14c6e29da5c8fb3c,0.5869565217391305
8c656dce660a4866,0.782608695652174
0cde06f28c886358,0.532608695652174
680751318adba352,0.21739130434782608
db276c5c6e48ae82,0.717391304347826
0977dd00a98f3acb,0.41304347826086957
8e9b783ab3d492f6,0.8260869565217391
c51257f302007234,0.8369565217391305
2314a6a92328b6c5,0.7282608695652174
f42e4342ff089df2,0.5978260869565217
673ff387e5d7da9e,0.17391304347826086
fad087d7560e68eb,0.15217391304347827
1ffdc4dbe8157951,0.75
69d2e4987996dd91,0.09782608695652174
96f517bfd4a71811,0.5652173913043478
9e79e9653d5cc93a,1.0
a21ed79d27362c9b,0.25
67036ffdd26eca17,0.9456521739130435
02bb700f1d616c6b,0.29347826086956524
67b8c09f6bb41304,0.9239130434782609
2d926351d4d3bb24,0.2391304347826087
2af5ca62275cf1d9,0.03260869565217391
bf527dc0c222d208,0.2608695652173913
991e42a8f24d726c,0.9130434782608695
0ba413efcb23a231,0.4891304347826087
4a1b04974fa1a6b4,0.010869565217391304
0e41962fda4d3617,0.3804347826086957
57aec92bc50b2f5f,0.20652173913043478
2a66dbbb971a349e,0.33695652173913043
6e665c7d0f9c0f47,0.7065217391304348
adc0bbfbbdefc109,0.358695652173913
de7e158288aff213,0.391304347826087
7512441cd9938897,0.10869565217391304
63f2f52b83bf9676,0.32608695652173914
98856b25ac6e2f82,0.043478260869565216
16abca832b6976ae,0.25
1fe8b80203194a1f,0.9782608695652174
464b7d2aa6ebff78,0.07608695652173914
9d44996f6049e6a4,0.40217391304347827
0c9e5c6369af7008,0.8260869565217391
3ec0b0e59e9e8e49,0.4782608695652174
2023efcf9ab963c0,0.16304347826086957
8ca0235375f52f40,0.7282608695652174
4ffa7985a48d2978,0.2717391304347826
fb8bcdd8ad4ebcfd,0.45652173913043476
340b22fc83ecb35e,0.532608695652174
fc659c117040eac1,0.33695652173913043
adebc63f67a58e85,0.6521739130434783
3c79f24e85e2ad26,0.18478260869565216
df0f84f33e943953,0.8043478260869565
44f61ccf17ffef4c,0.3695652173913043
9f5fee7b96f69548,0.6086956521739131
cd6adb9f94ab73e6,0.6304347826086957
f34151b0d9f1df16,0.8586956521739131
b965b65896bea6dc,0.5108695652173914
18996d59ac4bca73,0.6847826086956522
d9f2019e305c3853,0.4891304347826087
a657b9a6b72b26b5,0.6739130434782609
c88f70f1bac9db52,0.8152173913043478
9f8a2b832ab9a0d1,0.8369565217391305
a52abe348919552e,0.42391304347826086
2aa6c72b472f2dd4,0.20652173913043478
f0f654758c09eeb4,0.5
68fbaeecbcb723f1,0.44565217391304346
31aba77f167ccfd6,0.6956521739130435
4f905ebcaa775517,0.1956521739130435
bbc6c87e35f6beb5,0.4673913043478261
39c471c65fae2c19,0.9021739130434783
14ecf4c29c53d17b,0.41304347826086957
dbe7170172ea73a6,0.5760869565217391
e87532b27b6ed690,0.6195652173913043
807d52a2f214b4d4,0.29347826086956524
ad8104551460e45d,0.358695652173913
0849672144d04203,0.7608695652173914
91e2b58a0650b9d9,0.717391304347826
c50ae0d7325ca120,0.7934782608695652
e3cd09934976632c,0.9565217391304348
a162b96911f0a98f,0.391304347826087
b14428a39df3a92c,0.34782608695652173
9384f881a4da6a53,0.5869565217391305
c8f7be930b65f726,0.21739130434782608
e1d8c6d8ef48b8aa,0.08695652173913043
7171cba43c88aec3,0.03260869565217391
0e2e9e6262b4e590,0.14130434782608695
ea0311b25a16d974,0.2608695652173913
f169d8807b0c30f6,0.43478260869565216
e6799d1a28b3c61c,0.22826086956521738
5d0ced29e9e4ae2b,0.05434782608695652
aa8eb6096f3c52b7,0.5652173913043478
2329d763e2b1f76f,0.9347826086956522
03d2a8f183c63225,0.2391304347826087
ec6fd0e29bc95599,0.7391304347826086
b633219c51a209b5,0.15217391304347827
56549dc1fa92d950,0.2826086956521739
be234881e78fb876,0.9456521739130435
4595acd84f6b4118,0.3804347826086957
03ebdb4c4dd1fcf2,0.6630434782608695
1338ff605ab7edce,0.8478260869565217
53249240e6641a50,0.8695652173913043
06beeb745b4f5701,0.11956521739130435
b844850fa3b6d3ab,0.7717391304347826
58b6ab9c1915c9c8,0.6413043478260869
6aaa3abd318d7d5e,0.06521739130434782
f1b5fa46bed3f8bb,0.5217391304347826
2059c9e4b28ab37e,0.021739130434782608
d13a6f272701f6eb,0.8804347826086957
8f030cadddf2e056,0.09782608695652174
0681548f8b236742,0.9130434782608695
b4e9b0e0452ef357,0.17391304347826086
8a0e8715fbcab831,0.7065217391304348
3c8d76b32b66b686,0.30434782608695654
06885efe1aa65007,0.5543478260869565
ec096f25862ab3a9,0.782608695652174
b6018414176b2570,0.010869565217391304
fa4a275ab871a905,0.9891304347826086
cb98fb138ece0002,0.5978260869565217
fcd38811d428239d,0.5434782608695652
4d8df99c2f990f28,0.9239130434782609
e9bfc31338084a75,0.75
b0adee944cb9a4e2,0.967391304347826
05de255849055faa,0.31521739130434784
e6188d25356aefbc,1.0
75d6cce6da9f057d,0.8913043478260869
b719e6685b4e7108,0.13043478260869565
8cb228bfe8f5a434,0.33695652173913043
b9a4449c8c283d22,0.9021739130434783
c9663b421d597e52,0.043478260869565216
ea408a694c543a3a,0.8913043478260869
6e53791d702bd519,0.18478260869565216
9b217e8adf4d3d84,0.4782608695652174
50149d2776fb9393,0.07608695652173914
bde1ae6b39186d31,0.5217391304347826
c21bc801479dd7dd,0.43478260869565216
fcc9b483f02ee0c3,0.6739130434782609
377f78016c656d70,0.9456521739130435
0e645edd4c372263,0.9239130434782609
7a82e0d563295c0e,0.7065217391304348
e0c5f8d152c64d9b,0.6956521739130435
d8d39a9cb86516f1,0.5869565217391305
4eb007c9ff35c8f6,0.4673913043478261
c998d08daa4613f1,0.8804347826086957
1ddbd9350c8fda85,0.08695652173913043
3eff040a1c0b974b,0.9565217391304348
98e5cb0b93f09d24,0.7608695652173914
cb580dd5424227d2,0.021739130434782608
38136edfe6bb963f,0.42391304347826086
23850671561a5cf3,0.6630434782608695
11c01fc0c89ae17e,0.7391304347826086
5f142d4098944ab8,0.40217391304347827
b583b7d8036fb58e,0.22826086956521738
5bc0b104f09b3061,0.782608695652174
88f7f383adea81f0,0.532608695652174
4a6f46c4152a3374,0.09782608695652174
5bad0b6805b44c21,0.1956521739130435
3260077b3a1349df,0.5
a080095139409f49,0.5760869565217391
af1aabe01d138f5e,0.2717391304347826
2c492a68e7c80590,0.05434782608695652
ec05760fc7ca8b80,0.41304347826086957
0f5599dc13664a4c,0.6195652173913043
3119b03ff27bd3fe,0.34782608695652173
a255ae69d6f0b028,0.5434782608695652
2fe5c3fa42ee17e0,0.20652173913043478
8a0b09ee53727d9f,0.30434782608695654
4e253f809ad4d38c,0.358695652173913
46a95b019898b0b4,0.8695652173913043
637b51aff318f6e1,0.967391304347826
f476d0b62c6d17f1,0.8369565217391305
3ee81b0b52197d35,0.75
5348d92bfe270bf3,0.9347826086956522
d6034641ac316561,0.13043478260869565
9452a2c45b1be903,0.5108695652173914
3b9c7334e87a445a,0.31521739130434784
c334220850aacc5a,0.2826086956521739
d07f2b93b2dbf0e6,0.8260869565217391
bf1b77e01a1660e7,0.4891304347826087
b004b9fb545c05bf,0.8152173913043478
a572e0b6070214b0,0.8043478260869565
6152017150adb616,0.44565217391304346
3b5cef8bd046d562,0.5652173913043478
a8fdc98134d14630,0.3695652173913043
317695ecd9b9ab3e,0.3804347826086957
719217d5dea67572,0.391304347826087
33d376904b5ebf77,0.25
d0ee2f6df381b86d,0.2608695652173913
bb5f6e379a1b1c90,0.9130434782608695
ea58076ffd7fe327,0.010869565217391304
76dee50b1d171ce3,0.6521739130434783
faa422e324b1b0f2,0.7934782608695652
2eda223a7e5e59da,0.6413043478260869
3579a0fba70af3aa,0.7717391304347826
89a5f39b83ca5992,0.9891304347826086
df79b41d6bd4968c,0.6304347826086957
2aa9c236063007a6,0.14130434782608695
2c2d06a236aecaf4,0.17391304347826086
6a721aa64773427c,0.6086956521739131
c802495fb86f201d,0.15217391304347827
914a73e2ae66bb7f,0.717391304347826
3d14264ab4d0018e,0.16304347826086957
422b8d11247ff2d0,0.21739130434782608
03472ff4848af1a9,0.03260869565217391
7b807b9ae6d6efa0,0.9782608695652174
1eaa77156c3def59,0.29347826086956524
7cff9ff9ffe1a86c,0.11956521739130435
9f2d2add48f6bcdc,0.45652173913043476
baf0743a98308b20,0.6847826086956522
29c5f4be1d61e069,1.0
eaab441bbb94d564,0.5543478260869565
65b4f53e20310fd0,0.06521739130434782
af0ca124d2d31965,0.8586956521739131
dfbaa2120f58fb56,0.2391304347826087
a2f860bf348874d9,0.32608695652173914
e6d9546e579621b5,0.10869565217391304
0302da75f564fbcb,0.7282608695652174
9d075404b544f6be,0.5978260869565217
0c6df373e8178e9b,0.8478260869565217
1fc218df68b8efe6,0.10869565217391304
ccd52a94a6c1fa64,0.9565217391304348
f74d2a942455b2f9,0.6195652173913043
a0b09e396e04b905,0.9891304347826086
d80f27f105c08189,0.9456521739130435
e66b881f810ae7db,0.8804347826086957
1f7a5d511b197953,0.75
7c80cf7c02a3ef6e,1.0
4a73d39ca31760eb,0.07608695652173914
0fbb430803e51867,0.9130434782608695
fdd0091d85e8ef4d,0.6304347826086957
77f05c4dc7ed9b61,0.41304347826086957
74f7179e8ffd0dd3,0.43478260869565216
4824cd82d04a65ab,0.5543478260869565
b29d5d155ef30363,0.08695652173913043
bc8b75d1a5314230,0.6086956521739131
5254267602ccef0f,0.34782608695652173
cdc355dc62d269eb,0.3695652173913043
7f5dd41884899dc4,0.16304347826086957
fe173436a942f65e,0.717391304347826
4fd782322b70e55a,0.8260869565217391
e041af0316809172,0.5217391304347826
d52c5052db2dcaa1,0.1956521739130435
855706ea6b9da38e,0.5978260869565217
e9b40521a47f5cf5,0.8478260869565217
72dcde2d20d8447c,0.03260869565217391
0d19010aa051be7f,0.2826086956521739
ae8d42dade89327e,0.5
9fe59fddb2c45c2a,0.6521739130434783
a578103adbbdda00,0.5108695652173914
992fa4cd1856e2d1,0.05434782608695652
438478b2f44bd504,0.11956521739130435
c81be89cc3260350,0.8586956521739131
9bdfc032b3f4591b,0.4782608695652174
d99a2f6e7a52805d,0.13043478260869565
1273c5aead3b7d9c,0.8152173913043478
cb31cb6337bc982b,0.2608695652173913
9f883fa0b521e3eb,0.7608695652173914
442fb965dca3a440,0.06521739130434782
c25e0ae8687b6890,0.15217391304347827
81674bd16367797d,0.9021739130434783
c3e1861376ec73f7,0.7717391304347826
f685a62e1433133e,0.5760869565217391
09e74b202c8c0f6e,0.967391304347826
722cc7a9ef8f455a,0.010869565217391304
f880301eaa5e4f9e,0.17391304347826086
d123d8842bd0c15e,0.9347826086956522
d7e082ab2038ead8,0.44565217391304346
a0a39f1999e477f4,0.4891304347826087
59aa12abbc8c337a,0.14130434782608695
a70ac9f6d0ad3867,0.6739130434782609
8b60851aa2e38496,0.8695652173913043
cfd55c1570e45968,0.3804347826086957
78a07798627e9fbe,0.4673913043478261
6172e63aa3e302d5,0.09782608695652174
95d071b3d6f5ac34,0.358695652173913
2643e8e403ce3c84,0.31521739130434784
cbe7deab13fb4f71,0.45652173913043476
46c95d05af0180af,0.9782608695652174
e6f7e0b79f22cc65,0.6630434782608695
2ef383c171171de4,0.20652173913043478
de79c3967141c7ee,0.782608695652174
128793b52b6793d9,0.25
ced04221529f35f3,0.5652173913043478
01af960cbebb3ee9,0.7282608695652174
641653409ada2b11,0.18478260869565216
64309095952748f0,0.5869565217391305
d848eefd5b12f165,0.6956521739130435
4d938d12dcdf4acd,0.29347826086956524
205e8782ab15ef7b,0.2391304347826087
eb36d79e72d6c14e,0.40217391304347827
19e9a58d7f078635,0.6847826086956522
d22cde36d66f5098,0.22826086956521738
117ebd11bd22d957,0.6413043478260869
9878ba3f4b8ba719,0.32608695652173914
a02ff6d03cdcda9c,0.9239130434782609
d20728fc61b4b7f8,0.30434782608695654
b8024f552e9f2d8f,0.2717391304347826
7187a71c9125ed0d,0.42391304347826086
a7b9a2282a07f13b,0.7934782608695652
5e785a9f77d779b6,0.043478260869565216
b142def0ad1739f4,0.7391304347826086
3cd6109bc8896f84,0.7065217391304348
e98a6c74356b1fd9,0.21739130434782608
7ed003531658383c,0.532608695652174
3dbc1778d958f5e6,0.5434782608695652
745c6da26534235a,0.8043478260869565
38bae70a808c5e89,0.021739130434782608
8b2ddc63f843688f,0.391304347826087
0df93ba2b1faab5a,0.8369565217391305
0ba336eab06078ca,0.8913043478260869
671a7055def7e48e,0.33695652173913043
a13799462606f82b,0.043478260869565216
fc3c91c129df5b89,0.9130434782608695
12b382b44078baf9,0.29347826086956524
1f92be208ce7046d,0.8369565217391305
7673fb5aa104c7b7,0.3804347826086957
f3d1d85373ad992d,0.06521739130434782
c7ec6e77c81bf6bb,0.5108695652173914
e62957a1ab5e3524,0.17391304347826086
a10819513cfd27fa,0.010869565217391304
f50d2b8ad3985d73,0.9347826086956522
e4c61a03472fc35d,0.20652173913043478
37e7ec4c5cd27469,0.6521739130434783
33bf831fd4901f6c,0.16304347826086957
499c45b0eeeb6afd,0.6956521739130435
02ff0c883f83a943,0.30434782608695654
200cb7f6d5ff52b1,0.18478260869565216
e828f0d6f4374124,0.9782608695652174
8d20361f40679ef1,0.5652173913043478
a60ca3c860eb0762,0.7717391304347826
aa983d6370f5c2d3,0.41304347826086957
2c99926af9ce4369,0.5869565217391305
22c7d817ea88c68b,0.09782608695652174
2027d6f7f66ba31c,0.9891304347826086
a073231d898e1e68,0.8804347826086957
0a561b5a2ac4dfbe,0.32608695652173914
1d55f462eb49505f,0.7065217391304348
0bba4f52fd1bab28,0.3695652173913043
97d34471eaee2c50,0.14130434782608695
2a34d29c1c7ddebe,0.13043478260869565
c45ae835d8af54e1,0.6304347826086957
721973c14e2e1197,0.6195652173913043
6746f263f6576e6d,0.6630434782608695
2405b3b868cf26a6,0.4673913043478261
8f6a9e0e17065115,0.7934782608695652
b7bdb5d3e1c16eb8,1.0
257bdd696bf1d115,0.5434782608695652
4693e46b5e4d6414,0.42391304347826086
866f08aa2a6326ff,0.05434782608695652
3debf687844feb76,0.9239130434782609
da86f5a41a83c8c6,0.2608695652173913
53b347156b3b445c,0.8695652173913043
a2d940ffeec7a666,0.2391304347826087
7a7b592c99b3d5a0,0.2826086956521739
3ed09e945dd8bdf6,0.782608695652174
fc5145b5fa778491,0.08695652173913043
5816836606370c54,0.8043478260869565
e8af614f4dfb6d93,0.8478260869565217
b06d4243727b267c,0.9021739130434783
871eb2b84223a764,0.6739130434782609
6095a7209d0c64df,0.33695652173913043
d965f717fbbb6550,0.1956521739130435
c5304086f6182834,0.15217391304347827
ce6e23b873445054,0.8913043478260869
d9e61ed7552cbc34,0.75
73f0810a04382e99,0.391304347826087
44383d0c0395bd30,0.5217391304347826
3c29093c7e58397c,0.9565217391304348
1246d9afb500ebd1,0.8586956521739131
08fce0218a1f26e3,0.532608695652174
70f35352b627b3af,0.967391304347826
a2b1308f967701f8,0.358695652173913
da9958269a24851a,0.8152173913043478
2c03d3814d10ef24,0.7282608695652174
6c08ae664c591d5d,0.5978260869565217
6e67cc8970a759ac,0.6086956521739131
d597dc32617fc726,0.44565217391304346
507f393992185bc5,0.21739130434782608
84be02385965cb1d,0.7391304347826086
5fa1af0ac36525f9,0.07608695652173914
0b8d6c0a4adba6c3,0.34782608695652173
9964a5411b7aab12,0.10869565217391304
24a988cc32b6566a,0.5760869565217391
ea69f3c1345644d4,0.03260869565217391
51c035ab331b893f,0.6413043478260869
cd09cf0d779c50f4,0.4782608695652174
9229c3dd60f3070d,0.25
b6632cd111d69d3a,0.7608695652173914
fd25454096b1ce27,0.6847826086956522
cdf7180b81dd0edc,0.31521739130434784
5189c2988c1a5a11,0.9456521739130435
53f5966f4dd384c9,0.5543478260869565
b46834ea858efd0b,0.2717391304347826
44a0371c7377ef07,0.40217391304347827
55a7c89c251b98db,0.43478260869565216
3ce6279a0076c374,0.22826086956521738
ad65df3f3775e0ee,0.717391304347826
85f23801572f2564,0.11956521739130435
d2e266cffbc67b2e,0.45652173913043476
24149a05d3c8d3fc,0.8260869565217391
74e9466fd4b54cdb,0.5
7b3d0cd7df6cd20b,0.4891304347826087
91569d01903e6304,0.021739130434782608
8c4f5964c08cc931,0.391304347826087
c9cfe7b7d2f3cf8c,0.16304347826086957
082ba4b813b3c895,0.9130434782608695
39ce7400fe340d6e,0.8043478260869565
b2682df1c830a253,0.7608695652173914
67c2150edbf8978f,0.21739130434782608
9c1a9186983b721d,0.4673913043478261
5e58897dbced93eb,0.45652173913043476
a5edd8ac4104b837,0.5543478260869565
72eefaf36f344f5d,0.8695652173913043
6be2157087ed2bd2,0.6086956521739131
793db004355fbd9a,0.7065217391304348
293ab9be3d469a68,0.05434782608695652
6d3e050326d6e27f,0.14130434782608695
62f1db0c018109d5,0.08695652173913043
570557d0010103c7,0.6847826086956522
d5978456b70ea775,0.6521739130434783
432861b7d24bb675,0.5217391304347826
95d426b4b1a4f7ed,0.3804347826086957
b066c3a97145d619,0.8369565217391305
ebcec28cc1750ac9,0.20652173913043478
86901265621a7a30,0.2826086956521739
f7f9440b2de617fc,0.31521739130434784
742c4786bf709bb6,0.4782608695652174
61b01c79b75f28c7,0.5434782608695652
c0825ec9b871decc,0.6304347826086957
085aa798695f0031,0.043478260869565216
cbddfb7f45afef34,0.32608695652173914
2900b846b32314b9,0.7934782608695652
a913350def34041a,0.07608695652173914
e7477760f0dd05ca,0.5108695652173914
c760303875df89a1,0.6630434782608695
36025d1f5da60ab1,0.9891304347826086
78f72c0afdeb3bd4,0.9565217391304348
a706b3534db564ac,0.44565217391304346
7b538ad0452ade04,0.6413043478260869
7d1878e5af129807,0.40217391304347827
df5c716dd44290ff,0.17391304347826086
4625c52a21e8dc42,0.3695652173913043
fbb21905d08ea53c,0.532608695652174
790ba1127ba745db,1.0
7f2849dd0bdbb7f5,0.717391304347826
793935bf1ce343fe,0.782608695652174
a83aa1e6ca859ebd,0.2391304347826087
de31c2b5ea2d0149,0.5
ec6f844c0728e0ff,0.358695652173913
001b152e2ae92dbb,0.9347826086956522
5c3bb4d93419b0f7,0.22826086956521738
c9b098956f2dd06d,0.5869565217391305
41d5e2d040cec93f,0.8478260869565217
751232f42587f7f5,0.06521739130434782
77d23b35ca0a0984,0.25
e21aad6dbe99108a,0.29347826086956524
b70b940799d6851f,0.6739130434782609
4cfb944d230e062a,0.33695652173913043
8e60e8d281589163,0.8260869565217391
e8ba664ddfb10286,0.5652173913043478
97ea815960e2baaf,0.021739130434782608
4426dd8d924ab34e,0.11956521739130435
b6aaf5aad070a8c4,0.8152173913043478
58063b33f83980ea,0.15217391304347827
8a7511a20ea8a13a,0.7717391304347826
db4fc1549c08af97,0.9456521739130435
e6f7cc036cb25583,0.1956521739130435
6e338c8b55c1cc33,0.4891304347826087
ae25942179672f74,0.34782608695652173
2dbc277cbe60527d,0.42391304347826086
4aed2b7c0075050a,0.8913043478260869
6c08a409fe5402ce,0.7391304347826086
c6eb6fa4b77b3ea4,0.6195652173913043
e00278bb57b65090,0.2717391304347826
39953d0cfe8f88d1,0.2608695652173913
15f115b5b3413317,0.75
1c4e63bc5fe2f779,0.13043478260869565
33d5259918915dd1,0.5978260869565217
1960149a79598fa0,0.010869565217391304
9a5d36739def31aa,0.43478260869565216
3a2f991d8b829cd6,0.10869565217391304
221cfd20ee1f21d4,0.18478260869565216
61f6558f14c0013f,0.30434782608695654
6baad1758bd25e76,0.03260869565217391
d971df9f1c639660,0.6956521739130435
1ba7bca278375511,0.9782608695652174
7f5c14e450c0183a,0.8586956521739131
e84e88f75b75469c,0.9239130434782609
d9cfef84223c355b,0.41304347826086957
c9aebd133789a964,0.5760869565217391
818cd5c587f675d6,0.967391304347826
60a798d9cc544ff4,0.8804347826086957
37c26186144f0f9e,0.09782608695652174
e571b9642fb8f3cc,0.7282608695652174
466b89fcdf604dd6,0.9021739130434783
171779028cb2c2da,0.15217391304347827
c7a5990d6d1a1c76,0.358695652173913
75800c3cb656df83,0.17391304347826086
36ed63397159e8df,0.6956521739130435
ba7fa2ea03e21cec,0.6739130434782609
36148a2ad96d2bc9,0.5543478260869565
4b3c0722987fd46e,0.6413043478260869
01bcd240c213718d,0.6847826086956522
f2235dcb9f35f454,0.043478260869565216
064371a6e9e150a2,0.7391304347826086
66696ee7edfe65ff,0.31521739130434784
ff00b8f3bed17d9c,0.6521739130434783
a1c3866636bc0b02,0.8043478260869565
9651506c6ca59f10,0.9130434782608695
9f89285523ea65e8,0.8586956521739131
963342dae0f745bc,0.6630434782608695
0fdbfc5265d87eb0,0.08695652173913043
207595bc0d8732fe,0.09782608695652174
561d5cd4f3d40698,0.14130434782608695
d62092fafb7ea922,0.8152173913043478
ab70d0844e4a01ef,0.2391304347826087
ac2db96854ed0e64,0.16304347826086957
cd8c966244b3203d,0.9456521739130435
5347e7dbecec0fd4,0.9891304347826086
c99aac06cc3cb9df,0.2608695652173913
6c9e04e85a20997e,0.717391304347826
b80cea973861cf51,0.8478260869565217
9fc40fa2d8763730,0.42391304347826086
ba437eec0849339b,0.5434782608695652
e8445eebb5de78de,0.5978260869565217
d4d378c88229148d,0.29347826086956524
26d95b354067b599,0.8913043478260869
424b40efc604d299,0.44565217391304346
155b7fc6730c32c9,0.7065217391304348
0c93336b66edd0ec,0.9782608695652174
cd50e97f880a9998,0.07608695652173914
1d37ab47a76bf2f2,0.03260869565217391
4f00f84f097b7a5e,0.75
d8e4bc4c7e5a6da2,0.25
0ad1cfb948c512df,0.9565217391304348
1e812b52a3010224,0.6304347826086957
3453b437414d4251,0.43478260869565216
d18485982f043fdf,0.8369565217391305
5ab2eab9e8dacf02,0.06521739130434782
f6f1cc488cabcb68,0.18478260869565216
63cfcf8b2aaa9eda,1.0
ff8680013c4e03ba,0.5760869565217391
2932d4d7167d707b,0.9239130434782609
b5ecb3bd95386b6f,0.7717391304347826
89689df9220d2430,0.41304347826086957
9616ca3b5473cd03,0.2717391304347826
7e9187bac38ce4c9,0.22826086956521738
4686144f420148dd,0.45652173913043476
4ea3633b5d5ea503,0.7608695652173914
f2882ab63b6e884e,0.5217391304347826
3b3efa24dc4e023e,0.32608695652173914
643f41e370281f06,0.4891304347826087
756b4bbeb6d833fe,0.8695652173913043
6a7ce83defdf046d,0.2826086956521739
56bc66cac41d6cc0,0.5869565217391305
90d7321c97122b7b,0.967391304347826
7dcddd9cadf65537,0.9347826086956522
b6a9c5ca1b50217b,0.782608695652174
1282af8b30269004,0.1956521739130435
2b46c72a1b5ed1c5,0.7282608695652174
f365bf0375251423,0.010869565217391304
e49cae1f67bd4831,0.7934782608695652
dafd781171a521bc,0.21739130434782608
c16243b1171354dd,0.532608695652174
ab35140daca0af2a,0.3804347826086957
502b309b4964a722,0.34782608695652173
8bad7e256479f155,0.5
48da2f7c6943b18c,0.13043478260869565
fd4f4e033d3da993,0.4673913043478261
1058863b1f450200,0.33695652173913043
01db17da663786ed,0.9021739130434783
2e8a62f0dc3334e5,0.8260869565217391
20e9c2b9f0b9f2ef,0.20652173913043478
3ce4f032c8f1bb13,0.30434782608695654
a52cbe34d7d22e14,0.6086956521739131
9331975f8ca125a2,0.40217391304347827
2c32f3a93011ec35,0.6195652173913043
db649fcb4198d72e,0.391304347826087
287f66b9dc1cedb0,0.5108695652173914
083005767cafc5d5,0.10869565217391304
8548ce9c2c94ccb7,0.3695652173913043
e2a27fe580941348,0.8804347826086957
368c4e924374b958,0.021739130434782608
d8cafc7b99cbeac0,0.05434782608695652
b1e26699a000570b,0.11956521739130435
9a1280a3cb35f931,0.5652173913043478
1db3d5d1350a991f,0.4782608695652174
6c91c8544f0bed3c,0.8369565217391305
460dd5f58a04d2b7,0.33695652173913043
4eee91acea2ad37a,0.8913043478260869
6fc410e8e065179f,0.6847826086956522
6ef189b6d009f8fc,0.14130434782608695
8cf2be6b2f48860e,0.05434782608695652
0b8731d684721333,0.010869565217391304
e4f77f235a9350f6,0.31521739130434784
703f51477c17c954,0.9565217391304348
da0da105785c6b88,0.717391304347826
843441c326654d71,0.5978260869565217
a931390a46df12e6,0.9891304347826086
1ccb35fc03643fb9,0.03260869565217391
7fd0b237bdc4637b,0.45652173913043476
49e55e6fff55dac5,0.8260869565217391
2faa8c7417670a9e,0.25
d1c7dd1cbdaf9f67,0.15217391304347827
d2fcdd7308110723,0.8695652173913043
96988f7b5cdd84e0,0.391304347826087
b9a7aba505245234,0.13043478260869565
d4245bd02965186d,0.021739130434782608
0f506dcbebc353a5,0.44565217391304346
003bcadc560022c3,0.9130434782608695
40d8d025a9c5fbe5,0.6304347826086957
67c0144ab1a2df20,0.40217391304347827
99816557f5c0296e,0.42391304347826086
1386562ae2b88c1d,0.5869565217391305
a5b9d90a85eff40b,0.22826086956521738
982f9968fa43d776,0.9021739130434783
3880096fdb8a94bd,0.2826086956521739
200ef8eccc4fd605,0.29347826086956524
bfdfe49ee1b80229,0.5434782608695652
21d71c9d82344457,0.20652173913043478
0242395be7364dc7,0.8152173913043478
8cdc3e5d82458a30,0.5652173913043478
6e13bc2c84ca8658,0.7608695652173914
7bbeba763c2b44b1,0.16304347826086957
1ceacd8622374b02,0.8586956521739131
40d62cb26f074fe5,0.2391304347826087
f7bcbd6dd85edda3,0.6739130434782609
82c9c31b28f31c9d,0.5543478260869565
76eb26fb80ab17fc,0.21739130434782608
f77597c6154295c6,0.6413043478260869
e40af9053632dfe9,0.532608695652174
7ed52b2786c66b33,0.43478260869565216
df5bc2181753a3c1,0.5108695652173914
86397164ee64ebac,0.2717391304347826
e67fa0a5dab75eb7,0.30434782608695654
5c68274d397026ed,0.358695652173913
d1e6b2f798f0f493,0.4673913043478261
6b5f1f5023085471,0.6956521739130435
ab86dbe70d9e931c,0.5217391304347826
82928119ad4cbd58,0.4891304347826087
701f2e26adfabd99,0.10869565217391304
6c8264bf13acd4c5,0.3695652173913043
7355e59ef7bd9809,0.32608695652173914
c229362411902074,0.6521739130434783
e91acedb3815e96e,0.2608695652173913
97bf020e318afd34,0.043478260869565216
5ca8b42035471c53,0.9239130434782609
3cb71bd32f48514b,0.1956521739130435
69cfb956e0bb45d2,0.11956521739130435
96366fdc7b02fccd,0.6195652173913043
d4813936e7b86ed8,0.7391304347826086
90f479ad9970f627,0.7717391304347826
a78af6319d17adfb,0.7934782608695652
e9655b141b567e3a,0.967391304347826
87cad563a3182a4b,0.8804347826086957
f8091062410ad9dd,0.07608695652173914
bc637014ca83420a,1.0
d53caadf026ec8d1,0.6630434782608695
d277563bd247f255,0.09782608695652174
ce6e2b7d47846116,0.5
76d916289911e550,0.5760869565217391
eb2db89d67ffaa6c,0.8478260869565217
597b0789a5838127,0.08695652173913043
d0999da83d4b6ac4,0.06521739130434782
37ae0307a9bdabec,0.9782608695652174
c515bd921332c4a7,0.4782608695652174
847c89a9b0371d47,0.8043478260869565
c94e451f91ecb725,0.17391304347826086
a06c83f17a1cd2fc,0.34782608695652173
ca270cfda03169ac,0.7065217391304348
94f29117220ee13f,0.9347826086956522
e9286ddda5105272,0.3804347826086957
52fcea08032dc454,0.41304347826086957
bb831f31bfade395,0.9456521739130435
1bbac6286d53e48a,0.6086956521739131
a01035009ebcb2ff,0.7282608695652174
e613ff8906bcd990,0.782608695652174
3b744e39c420e383,0.75
2c9487271aa6adce,0.18478260869565216
8ed23b43a771b49f,0.010869565217391304
5f0aa4d38955f1b0,0.5434782608695652
d2508a1e8070e572,0.9782608695652174
9c45ef29bd3b484c,0.32608695652173914
5ecba6de82229b33,0.5108695652173914
688a7ad30d3e71c9,0.20652173913043478
3ed899838e9f5d49,0.043478260869565216
67a8308178158f7a,0.6630434782608695
34e3fabfa8727c99,0.9239130434782609
fa59de500a4c2629,0.2826086956521739
9c5f578093c31575,0.75
6a57f4bb5712a199,0.3804347826086957
b5518339ea8c40df,0.7934782608695652
483b92b43fc6084e,0.31521739130434784
09fcf2db2a39fe97,0.40217391304347827
30eb23d32d87b7f5,0.13043478260869565
dac57794f1e78970,0.717391304347826
85b2bc12a45ee554,0.782608695652174
646647554f6ccebe,0.25
6d8ad854f3c5a03d,0.45652173913043476
663ed8f30b72dd17,0.8260869565217391
dfeb2f23be8ac6c1,0.9130434782608695
29972645efeabb6a,0.7608695652173914
158165743263171f,0.5869565217391305
b33a53c2ce4e9400,0.17391304347826086
a65b89f1d77d1548,0.8586956521739131
b55a09b2ff7f5052,0.2717391304347826
1f0e283fa84a35a3,0.7065217391304348
b70463dde5b88355,0.14130434782608695
f5f0f29024a2558c,1.0
867df342828c11db,0.4673913043478261
d45050b9ea20316c,0.8478260869565217
190bb8e5d9a012dc,0.6956521739130435
2b0e4025430c556b,0.42391304347826086
751961d382eea1e7,0.06521739130434782
830982b025be8845,0.03260869565217391
29b1e9038869f0ab,0.8369565217391305
c3df647c24a4d398,0.5543478260869565
cf689c8ca0bb3dd4,0.6195652173913043
07d1339c7eaff1d7,0.9021739130434783
aa76312b62c5f69d,0.3695652173913043
34c07892e8dc640f,0.4891304347826087
d1a87ca431aa855a,0.43478260869565216
6a314747f092eec0,0.33695652173913043
6eedcd9940abf3d6,0.8152173913043478
cdf569473af8173e,0.34782608695652173
16dcf0aa2ac7ea5e,0.5
39ba97b07077d841,0.7282608695652174
5848ba1bce3029a6,0.967391304347826
ec8eba0b5f2d6f3a,0.021739130434782608
429ccca8c1807162,0.9456521739130435
2c625bfe53de4bf8,0.8043478260869565
0e9a961d846620b5,0.6739130434782609
28d6388da42a0893,0.7717391304347826
d9401ba85a0d7110,0.1956521739130435
61db21cee8e16674,0.6847826086956522
91ed053bd94042cc,0.11956521739130435
a340068caa5274c5,0.16304347826086957
9dbc3a01e51234ca,0.18478260869565216
566420bc8f8b82bc,0.8804347826086957
c93a1d4323af5879,0.5217391304347826
273546cec5f15a4f,0.4782608695652174
beaa06d23d1c9537,0.9565217391304348
6c2c5fd8cfadc6b6,0.41304347826086957
5830b2859866a794,0.08695652173913043
29e537a4de2eb69b,0.2608695652173913
856b4bc6f071802c,0.6086956521739131
47f842f4a45a146b,0.7391304347826086
0614750b062e949a,0.5760869565217391
904d7f2dc3de46eb,0.358695652173913
ba636f0aa046b7dd,0.09782608695652174
a56d53a85f5ce3ff,0.29347826086956524
0dc9a904a84a3bdf,0.6304347826086957
e8aaa91c6beb8d42,0.05434782608695652
48721fbe0d8321ff,0.07608695652173914
5cff6b5680142487,0.5652173913043478
2e020dc866a628a2,0.15217391304347827
5da1431b7c405dea,0.8913043478260869
e02bac57df96e5b4,0.22826086956521738
9efa596c679194f9,0.30434782608695654
7cc76adb610d411f,0.2391304347826087
677dfc0b9f687224,0.532608695652174
efe4a9e6fc646125,0.10869565217391304
96f6037cab588b04,0.391304347826087
8e65314724e33bca,0.8695652173913043
cdd98f08c60cd093,0.44565217391304346
b44bfee0df46ba46,0.9891304347826086
0b692159c74db529,0.21739130434782608
a8f268d2dbdffc06,0.9347826086956522
60de433fa6ddd739,0.6413043478260869
f28edaae8bbd8f5d,0.6521739130434783
8c3b1e23534b7575,0.5978260869565217
0d1a326646f4d47e,0.8804347826086957
b2752074ab40346a,0.2608695652173913
c1db155a7c835e90,0.9891304347826086
b25c2fcc25aea4e8,0.8913043478260869
8cb8302f38a50a42,0.5652173913043478
fdf8f05aa796f0e1,0.9456521739130435
4b8c552c99920c7b,0.391304347826087
26df1901e11ea00b,0.4891304347826087
08cd529dfa03d489,0.8586956521739131
db79f3353b55d868,0.16304347826086957
5df57f98671f04ec,0.7282608695652174
a6badb303cd115e1,0.07608695652173914
e29182f723c0caee,0.2717391304347826
4a839f466f876fc5,0.8043478260869565
b01fad3629848c79,0.21739130434782608
49a712ad729cc19d,0.41304347826086957
1d2549a908f9ddad,1.0
ba97bd94c54d0710,0.021739130434782608
6c840c9646c585f7,0.717391304347826
dbb3fc3a56eb3001,0.5108695652173914
4aef6fc81820af97,0.7391304347826086
4d6423cb918d11a9,0.06521739130434782
c0a7129d7b6ddfe3,0.75
8baf1c77c75e4170,0.532608695652174
fd33523d92ac348c,0.7608695652173914
eed8264e621d26ba,0.7934782608695652
c1bd2fdc51f509ac,0.8152173913043478
9f08b2c6d448d4bd,0.6739130434782609
1d898c4fe33cf570,0.5434782608695652
ae5d1bd56757e2ce,0.32608695652173914
4a2cb3e750aeb952,0.17391304347826086
fad5b16ce6a61fe4,0.6847826086956522
9acd38757086bb40,0.7065217391304348
118ad4aaf9a5f9c4,0.9130434782608695
305c1324721d9810,0.6956521739130435
1be3ccdcb6a06237,0.34782608695652173
0d0a5fdf8b716e24,0.358695652173913
0adf31dc747368f0,0.4782608695652174
7f13578b0944bf94,0.6304347826086957
ef17cbf1c68a34ac,0.18478260869565216
0fcb5bc641c39fcf,0.043478260869565216
1e15261e30827661,0.010869565217391304
265e3123cc080056,0.42391304347826086
a40ac2248e249b43,0.40217391304347827
7a157a3dcb53ea3d,0.15217391304347827
750295d4495ad991,0.9021739130434783
a1c168753923562a,0.45652173913043476
b79cad069f0e8781,0.9565217391304348
1878677b8464246e,0.30434782608695654
0d7683876af60185,0.782608695652174
5acf0f060796d457,0.1956521739130435
1500d3c03a539f9f,0.03260869565217391
c4619a92571bdf64,0.13043478260869565
b249ce0e74c8f6b7,0.3804347826086957
ca085d9ed0b73a9e,0.6195652173913043
5ef559f7d55cbf67,0.6413043478260869
3978c216391051a1,0.9782608695652174
6003f9cf83d0d463,0.5
bfd48c43aac6e03b,0.11956521739130435
5b23045c5e91c5e0,0.4673913043478261
d272a6ea6e5bc001,0.31521739130434784
b8d978c4711c2fde,0.8478260869565217
db55f1957ca4f25c,0.5978260869565217
63159a3b706652b7,0.43478260869565216
70f15717d0452f91,0.967391304347826
51cecd65880f9f85,0.6521739130434783
c863ec36ca84d953,0.3695652173913043
c12efa3829235c33,0.08695652173913043
6dc70f00e02b5f63,0.33695652173913043
bc2ca35ec8cb3144,0.10869565217391304
8fab517f8054589b,0.2826086956521739
23b24be8421989d4,0.5760869565217391
767525641ecd6ecc,0.5217391304347826
987fedb36cc2651e,0.44565217391304346
7f4e64884016765a,0.20652173913043478
9a7eecc9f7b52ddd,0.9347826086956522
ef20f197dc6d164e,0.8260869565217391
b52b1c15be789a47,0.25
a83a05e98d5f46c6,0.6086956521739131
7c4cdd4a835cbe3a,0.6630434782608695
fdcb9f2c4d2ae187,0.5543478260869565
1672e08186c7eaa5,0.2391304347826087
7ae70f4671683502,0.22826086956521738
70a227b864b71d07,0.9239130434782609
1f74b9f818d4f1cd,0.8369565217391305
496dab593f2aac1d,0.09782608695652174
c30a7ee73a43e88a,0.8695652173913043
0c2689466a7a333f,0.29347826086956524
8d8149b5934315f0,0.14130434782608695
23bc29382eb02754,0.5869565217391305
4dfdbdab586a63c1,0.05434782608695652
310c853cde0d5e02,0.7717391304347826
c0c24087c8cd23ad,0.2717391304347826
a5edb76757e6abcb,0.05434782608695652
04045d302ae83170,0.967391304347826
72af6b29736710fc,0.32608695652173914
01859200131484ba,0.15217391304347827
401bae024a3a96b6,0.9130434782608695
261876c212f3070d,0.5978260869565217
d5943357401792d9,0.7391304347826086
a3b6ae0622a12040,0.6304347826086957
63e3a98cd3ef6ccb,0.8369565217391305
1cf9def1834b917b,0.8804347826086957
cf0151abe2dfac02,0.021739130434782608
f8f8acb9f9152101,0.45652173913043476
46d905fa07c5f506,0.5217391304347826
5eec1f94d6dad6c0,0.18478260869565216
15cade9bad93cdbb,0.21739130434782608
3b9bdc0209d44a8d,0.3804347826086957
a64a77dfb1b65bfc,0.41304347826086957
ce97167b38c51cb3,0.8152173913043478
8348e0986ba57315,0.2608695652173913
4a630f7051a071f3,0.11956521739130435
2484c68e287a3a53,0.2391304347826087
78f87a512922a086,0.43478260869565216
958774c387cdbd1a,0.06521739130434782
ef6412697268c42e,0.42391304347826086
b3ee570451c23f12,0.3695652173913043
42c661597ad8565f,0.043478260869565216
fc66d80a666eb4a3,0.20652173913043478
b8bc7b49047eb2c8,0.6521739130434783
18fa7194c32d3201,0.5
90dfac01d937fac6,0.10869565217391304
28bdfc846ac0c6d4,0.09782608695652174
bfde2d1695841d7f,0.5543478260869565
36368bba6ddda61b,0.6630434782608695
a356eb6fb85249e6,0.31521739130434784
8f10f26e2251039d,0.4673913043478261
96330627d45ffeb1,0.08695652173913043
321d7f3f06d81972,0.13043478260869565
362a4d238bde15ed,0.9021739130434783
2620f9f276196f81,0.358695652173913
cfabed3dba92e7a7,0.6847826086956522
fb1d7cbdcaa47fb2,0.8478260869565217
302afad865740b72,1.0
c965185abc15d80b,0.7934782608695652
b5d97494bc5e1721,0.44565217391304346
471bd81741b2ecd0,0.29347826086956524
9cf16953d8033bba,0.010869565217391304
98346b2d6dd94d97,0.717391304347826
557edad683046771,0.8043478260869565
3192bad6c7d509aa,0.7065217391304348
528268ccb80f69da,0.07608695652173914
f5313267db045498,0.9891304347826086
ca3dc230db530cf8,0.2826086956521739
5a7ddfdca04df007,0.4891304347826087
4ca5a059aa66adc9,0.6739130434782609
b40e6ec13291a795,0.25
4e108f7bde7f4686,0.34782608695652173
de98ce97a3f9f1e8,0.1956521739130435
3a72812a9951d6c1,0.6195652173913043
28aac22673edbef4,0.14130434782608695
4b61416a51a5a793,0.9456521739130435
d52a353e4968c4bc,0.6086956521739131
dc270cac209fa08b,0.30434782608695654
d480f8f458f74c86,0.391304347826087
56e6747996306633,0.7608695652173914
eb82fec2c2739d6d,0.5869565217391305
f28dda2dfe66ed2b,0.7282608695652174
d90eb2ad1b7f23a6,0.8913043478260869
68e2918c5b291ec7,0.9347826086956522
f8770600fb311153,0.5434782608695652
517f3dbb5584b41a,0.33695652173913043
6ff1ca0c8e153661,0.17391304347826086
411dd60c5471b372,0.16304347826086957
927fbf156a514671,0.22826086956521738
04e23d4046118134,0.782608695652174
86ddb286d831b865,0.7717391304347826
8fb0960d14a0e398,0.03260869565217391
9f02d1aaecc30f31,0.5108695652173914
0ad62df4aa623615,0.4782608695652174
f6b328481450565c,0.532608695652174
bdb191aa1146a2c5,0.9782608695652174
c9f36a3608e9b7ee,0.75
b547d656f2e24fa4,0.40217391304347827
51feec706c0ce305,0.9565217391304348
912b82724f44fa33,0.8586956521739131
c5796c56dc373262,0.5760869565217391
4580b12731e85f73,0.6413043478260869
73e3179d6b44f0b0,0.5652173913043478
3c2cd4359f2dde94,0.6956521739130435
547721759e7650d9,0.8695652173913043
1fa50477f10d1496,0.8260869565217391
953dd39f1b731a53,0.9239130434782609
7d49674751dcbb28,0.44565217391304346
af61d2763192c76d,0.41304347826086957
febc93761226d9a8,0.9021739130434783
0e7b77694efac948,0.7282608695652174
0c80756124ff4cc7,0.717391304347826
61c91bbd4e3be01f,0.18478260869565216
3b7d154c7b259a30,0.6086956521739131
4f7989360439bb79,0.010869565217391304
eb89fdeb52f4955e,0.32608695652173914
11c1ae0b9c05f343,0.6304347826086957
569ca55c2338677d,0.021739130434782608
4dcca38214de2499,0.532608695652174
eab9ff30667e6bc0,0.6847826086956522
56c7d6ae0d8f67dd,0.6413043478260869
8e4cf81aa6cb3bfa,0.7608695652173914
ad1cea13d2a88c15,0.8369565217391305
b9e8c990f8fd89e8,0.8478260869565217
3969af6bb35735ef,0.45652173913043476
4fc6de3919bbf565,0.42391304347826086
34b2e6495694fb67,0.9782608695652174
b09e05a44f7f5bcf,0.043478260869565216
73d4bc46b9ed7701,0.9347826086956522
b318f0ffde3fdca8,0.9891304347826086
3da56ca723795502,0.2391304347826087
1580c0d9b418b7c6,0.25
82214d6cf9625324,0.5869565217391305
de2dab776b52ffdc,0.8804347826086957
3805b451781b5e3c,0.11956521739130435
6db8075428c8868c,0.16304347826086957
f08802b3175e6716,0.10869565217391304
0cf2c4a1345a9efc,0.6956521739130435
8534323da4e76a87,0.29347826086956524
0a7c5c2e660e7418,0.1956521739130435
c1cc55284262d958,0.14130434782608695
64e37dbdfa4a76a9,0.7934782608695652
c8da3e59c44eb249,0.6630434782608695
b3c39faa7e12569d,0.6521739130434783
68365aaf08690db6,0.8260869565217391
21462fa567b93ee7,0.8913043478260869
aaf79a1a9b77d426,0.31521739130434784
a1354f1a322894b7,0.09782608695652174
f8aa83b03ec994d9,0.8152173913043478
73e857e622eecc67,0.3804347826086957
09ccc2a986e078e4,0.5543478260869565
dd7dc1ec9cd9ecd6,0.40217391304347827
349dd7a2a2e63a91,0.9130434782608695
b5ed53c5bc2baa3a,0.2717391304347826
87f7bc329f92c1ca,0.8043478260869565
1eab2765df5a9e01,0.5217391304347826
71bcf899036aac4e,0.391304347826087
cc891ed608aab1e0,0.03260869565217391
989161dea8c4dbdb,0.08695652173913043
42a9cad106a1b6f7,0.15217391304347827
ac4b050c89700f86,0.5
5254b636263e361a,0.17391304347826086
3e804750f1154925,0.782608695652174
91509f01c96a0923,0.5978260869565217
a032e39826437fed,0.4782608695652174
385250bca2b37de0,0.6739130434782609
83981e0eb9356326,0.9456521739130435
72fbfdba55f464d6,0.4673913043478261
70c737115091702b,0.7065217391304348
4f057a00fe581954,0.4891304347826087
2e152688a33b4049,0.2608695652173913
ce8d1c65ff65e133,0.358695652173913
926e7e1831cc33e4,0.06521739130434782
3bdba7c754c6cf26,0.967391304347826
2d209c96c1d2649b,0.33695652173913043
1435a27ca3c4d407,0.7717391304347826
83830f8279d2c7b4,0.8695652173913043
9a59cc516871c04c,0.5434782608695652
91ca4ca3edf661b3,0.8586956521739131
9b36e30f4980d1d1,0.5652173913043478
a06f6ae6b31f7018,0.05434782608695652
02b37b0f6aecbf85,0.21739130434782608
58699666648a127e,0.2826086956521739
19b87107bea1d482,0.9565217391304348
df123c4acaf91a61,0.20652173913043478
f3d1d4eabdcb4829,0.7391304347826086
85f330ffed9570b7,0.34782608695652173
2800c74265d11954,0.5108695652173914
9a9a3f0eebb91984,0.75
2a6c66f8ef2691e0,0.13043478260869565
3ebb41cab378bafe,0.9239130434782609
403b4d91676ec91a,0.22826086956521738
9aa07744ecec0a26,0.3695652173913043
76d8dae258381107,0.30434782608695654
150f8233b842c818,1.0
697a412d90e23b7e,0.5760869565217391
388ee5cad5bf4fe8,0.07608695652173914
7e8c3534195fbfed,0.43478260869565216
732746fffda61eb2,0.6195652173913043
3ebe57f53e973139,0.5760869565217391
fae56a1c9547a944,0.8586956521739131
258599564f32b0fd,0.7717391304347826
b46aea9cf44c8ed8,0.29347826086956524
7aea0a3ac8c1d2f0,0.7608695652173914
53bbd87592aaaac9,0.05434782608695652
2d4dca84660e5f8a,0.6630434782608695
bd1a0117b0b42e90,0.532608695652174
1b1e547f6a949b56,0.8478260869565217
d040379b561d9037,0.5652173913043478
def282afca16c8dd,0.20652173913043478
4cc939bab4b55ff1,0.010869565217391304
67ed817a5f443a2c,0.717391304347826
107ac2cf1da3b1d8,0.8369565217391305
ec1ae2129a70e053,0.9565217391304348
5733559fec519d54,0.967391304347826
17d60f4031be462a,0.33695652173913043
e8004ea002b1edf7,0.6956521739130435
56563ee14d1923cf,0.31521739130434784
87b007291e579c51,0.2608695652173913
840975014a8b955b,0.9347826086956522
5a9039ab9ab45712,0.043478260869565216
e77ebbab8f667eaf,0.2717391304347826
f2ff69b892e4ec7b,0.21739130434782608
605bc60abca32531,0.9130434782608695
2f2c9a42a4b61bba,0.4673913043478261
68621240d69e5bb6,0.1956521739130435
5cb2aaa7f4ba33ec,0.5217391304347826
08754a84ea040ab3,0.8260869565217391
6a6752201ad17034,0.2391304347826087
abc511d2b9a0285b,0.7282608695652174
c9631d67d8e58eae,0.2826086956521739
d1ca0b682b8b9488,0.5543478260869565
ad9ff3a664587ca6,0.3695652173913043
4190754e9d0cf0da,0.5978260869565217
6d6d3050bc0d06ba,0.6847826086956522
f0814ad42f2b1c55,0.6086956521739131
a5b401a205376918,0.32608695652173914
619eb0bb30606601,1.0
355b216af1c43395,0.41304347826086957
53cef950382474a8,0.4782608695652174
70542daa72dcce08,0.11956521739130435
13f743618210abf4,0.7934782608695652
ea6c5ffa55eedbc1,0.9891304347826086
026b95ca496fa546,0.8695652173913043
1dd9911cfb00da66,0.8913043478260869
4f70b9220c08a327,0.9456521739130435
7335c32775b9266d,0.3804347826086957
9ad167994dc66e4b,0.8043478260869565
574635f6e7976cc4,0.34782608695652173
4560d2a0ea06974f,0.9782608695652174
7225c1060cd4fe2f,0.5
fb220c8769505477,0.08695652173913043
aa44df71613e3138,0.4891304347826087
0002af5deb195952,0.021739130434782608
93565407241370c7,0.30434782608695654
6e69a152a7380f27,0.6521739130434783
c3a98e1846d6dc11,0.42391304347826086
d84f1675ce29e6ae,0.14130434782608695
702ad36b6e06d0ef,0.8804347826086957
4ee879025a6e2e30,0.9021739130434783
a5bc66e3409032c5,0.7065217391304348
e3e48d9498157f77,0.03260869565217391
0b1b232210599b44,0.6195652173913043
55b0589cd293c1b8,0.75
4b69faf5d02da638,0.07608695652173914
5d982f7837a0ae72,0.15217391304347827
1e83922704f44a22,0.5434782608695652
29490dad63d8506b,0.10869565217391304
566cb4a93cb5a193,0.7391304347826086
5a4eba6d3bac695a,0.18478260869565216
da30ed0051eb46e1,0.45652173913043476
d241ab779490f46e,0.13043478260869565
3f2911cb046b004c,0.09782608695652174
1ff548a2a0b039cf,0.17391304347826086
14d668258a0877b3,0.8152173913043478
58c5bc2cbe645e8e,0.391304347826087
dce515d690cf258a,0.44565217391304346
85c60c9c41d721d1,0.22826086956521738
7e4c8163b16e9350,0.40217391304347827
6cad2ad61d3aa43a,0.9239130434782609
45da1d4004feae4c,0.06521739130434782
632e8fe5b01a4833,0.6413043478260869
8ffe24f9707e59de,0.782608695652174
d99e23164704ea54,0.43478260869565216
a96f9039b0d420f5,0.6304347826086957
9c9d2817cfac7842,0.358695652173913
9e308a9bccb2c3e4,0.5108695652173914
0ecc7f4f43caccf7,0.5869565217391305
ef9ce01ee9956a48,0.25
87c5891ccb4f716e,0.6739130434782609
184235d2c683fd31,0.16304347826086957
37b7ba8e8834e362,0.5978260869565217
14400cc10f6ad1fa,0.9782608695652174
213937dedaaad95a,0.25
5ab163cfebea05a9,0.8043478260869565
652515e299a5d492,0.7934782608695652
26403cb97ac1463a,0.45652173913043476
60759e213b651713,0.4891304347826087
ec6b02ae1d7cde29,0.2391304347826087
86235b3bbc0e246a,0.9565217391304348
7b7e6a48a87f3ee3,0.7282608695652174
4fa1bdb9b538c2da,0.6413043478260869
b616b6c7470d0292,0.29347826086956524
9aae5ceedffaaaee,0.20652173913043478
00a7bce4b462ea72,0.8369565217391305
4700f289e4300920,0.17391304347826086
645ef1058b39485c,0.010869565217391304
c4b60fbf1e33241e,0.08695652173913043
0c7adb969e9ff94e,0.8152173913043478
2c952489e062d294,0.6847826086956522
3472574873c94dad,0.21739130434782608
084a1eb590b1625e,0.9021739130434783
9d555eac34ec4d3e,0.03260869565217391
8010d7a3da4e033d,0.33695652173913043
7648521dd96da627,0.021739130434782608
8cc51ab606342543,0.5108695652173914
6b4d19c5e372b9df,0.18478260869565216
169b71f78cd9d2c0,0.30434782608695654
eb90565829eb5568,0.7608695652173914
688928b9d04d1c74,0.42391304347826086
789ae2087c82fa45,0.391304347826087
50db23afa88c28d2,0.5869565217391305
72361e0ca5cd47ff,0.8804347826086957
914b476411767caf,0.6739130434782609
58ba91c258e10b97,0.6630434782608695
c4d3159a103025f1,0.44565217391304346
521bc9644abca8dd,0.5760869565217391
e55896bd13be49df,0.4673913043478261
4b01301eb4e3ea5e,0.9347826086956522
5ce01072f4026a2f,0.75
0e3c948ff1471301,0.8478260869565217
a976189d80ab4cc8,0.6086956521739131
b672afe005cb614f,0.6304347826086957
ee48c0dce0ed2727,0.07608695652173914
494d3a9d9b661f08,0.3804347826086957
5aa15f69c83c8636,0.2826086956521739
3c3cc8153ce1c22c,0.16304347826086957
e1571c1932287913,0.6521739130434783
a3bea2516b16c60e,0.10869565217391304
0ddf6d238268db89,0.5
a792e44618740b82,0.9130434782608695
f9317104f5e74c69,0.7717391304347826
b6887f0952d15253,1.0
74f923e1bd133d91,0.9239130434782609
2ceb7a89760dfcad,0.5543478260869565
3b900a1013e5481b,0.967391304347826
ebf54a377610b9c4,0.3695652173913043
8abf23d75d4d217a,0.5652173913043478
3db5c2d00c26496f,0.7391304347826086
76388c6ee1cb8005,0.7065217391304348
c131d8cd10c73f5d,0.06521739130434782
0ade960966ef25d6,0.31521739130434784
2360b36dc462c76d,0.9891304347826086
7e21876bf6bda2cf,0.14130434782608695
c2405bb16979f6e3,0.22826086956521738
3877e3e9555b708e,0.717391304347826
a3ecd3c30b7bdd81,0.09782608695652174
f895f42aba3d5a5d,0.41304347826086957
5b07ef30b82dc697,0.8586956521739131
8b881d4004f8ad92,0.40217391304347827
a7e493b7d68758c3,0.32608695652173914
ec63c0d334d2ffd5,0.8695652173913043
011b305e1523ea3a,0.782608695652174
d0639c360e5c0f14,0.6195652173913043
3893cdb2b8c613b4,0.9456521739130435
84be3f017ccc2ac3,0.8913043478260869
7e47650f24c07f74,0.34782608695652173
4f56d68ce9267dc2,0.15217391304347827
cc9a431ba22597ac,0.6956521739130435
740906a15dbf3e50,0.2608695652173913
36cd96f0bd008ac6,0.11956521739130435
2b968cbaf257c9d5,0.05434782608695652
8c641ebb939dcf09,0.8260869565217391
8e3f9c353fddc61d,0.043478260869565216
b4b82361f2e4dfe6,0.43478260869565216
46bfe9180395b9e1,0.4782608695652174
f21da25ff1427560,0.13043478260869565
fe7e63a02e755909,0.358695652173913
1afadcdec2a3fba5,0.5217391304347826
a800964810f925d5,0.5434782608695652
b559c8ed8d9aa3cf,0.532608695652174
910a3b1e49572326,0.1956521739130435
d20caaf803a68da8,0.2717391304347826
c8eb24a5fdba52bd,0.15217391304347827
9ed27625d2933ceb,0.06521739130434782
97b922eb58924877,0.5543478260869565
438389845c2955fc,0.03260869565217391
7c14f0fd3b51f813,0.45652173913043476
b1d9a7f7562acbda,0.6413043478260869
edcb3278a528b7a1,0.1956521739130435
bb54a0138ec5ad7c,0.41304347826086957
b3db4f145a524fd8,0.717391304347826
faf6282de8f8be67,0.44565217391304346
4d76aa288030e2ee,0.043478260869565216
c5234ca14c0ab5e8,0.9347826086956522
fffbaae07c73cbe8,0.40217391304347827
092e29170fbae3bd,0.43478260869565216
f70c1922743bea28,0.9021739130434783
cc347c4fa2c3a1ee,0.9130434782608695
6fc2c0d1ef296b2d,0.8586956521739131
e495ee1fc2c89d89,0.31521739130434784
db7fb70469be7347,1.0
0b1e7bd74be89c1a,0.33695652173913043
28e059a87aa0082e,0.5869565217391305
3323a8d3241248be,0.4673913043478261
39fe3552a85419a5,0.7065217391304348
ca58d35becf3c934,0.5978260869565217
06ffba725aa238b5,0.6956521739130435
c0a5b6bd2f091a87,0.7717391304347826
a9fbc30226ce8619,0.4782608695652174
aa5fcb8be319d886,0.5
2bf1ae030ecce986,0.8369565217391305
4b1d8410e79f5475,0.6847826086956522
e224ca7482bb2d55,0.17391304347826086
58c6fd1e075c20c0,0.9782608695652174
e812dbb5346ecf32,0.5108695652173914
ffa00d60be0cbeb5,0.09782608695652174
d4d0b48f68f581dd,0.5434782608695652
9dded373f0fea86d,0.08695652173913043
e50d7e03cf486a45,0.42391304347826086
a3b0dd6b4c00471f,0.9456521739130435
1697064248f18a42,0.7282608695652174
3801cd62061c2b8d,0.07608695652173914
1c237bc8a45709e5,0.8260869565217391
5efba85914b600bc,0.8043478260869565
05b8b23740cd9093,0.75
8721a2734e41b795,0.34782608695652173
f669ee68d3396661,0.967391304347826
45348aea713c5a23,0.5217391304347826
fd342ba0078c9277,0.13043478260869565
6c6f43e0ddef4c04,0.2826086956521739
001823decdc02768,0.3804347826086957
c0f2458da86b7862,0.8913043478260869
59918764961d6c64,0.6304347826086957
bd7fee214f160709,0.30434782608695654
65aef9a5d145835e,0.391304347826087
c6d4a51ee8760f4f,0.25
8400b5b80bfbdbf9,0.7391304347826086
ea2854b74a25025d,0.8152173913043478
c8947c0d970060e7,0.2391304347826087
b52b02abe4a69015,0.9565217391304348
9eadfb310fa5d86f,0.5652173913043478
eb758ac0bca565bd,0.358695652173913
3f980f28b518f3f5,0.4891304347826087
f14501252452144f,0.6739130434782609
afbc5bb716272896,0.9891304347826086
ad38e41d291470bc,0.6086956521739131
9511602d90e90f05,0.5760869565217391
1c1f468794c951af,0.22826086956521738
48f9698751264d33,0.10869565217391304
49b8d8a7d1259f27,0.8695652173913043
4788594bc4174f4d,0.7934782608695652
9bba3553165dbe4a,0.18478260869565216
91f8add4f04e7cfc,0.8804347826086957
d60ffb626876b807,0.20652173913043478
a4746cb6e6daa380,0.8478260869565217
dbaf896b1387b2f9,0.010869565217391304
50591f79e8d94aa4,0.32608695652173914
4c66ac6e1a166569,0.532608695652174
f1fe84e3513bf733,0.2717391304347826
8c6afa8afc2f3f56,0.6521739130434783
46c640e19e6243c1,0.782608695652174
073dd975fde2766f,0.16304347826086957
8fb0c1cc1a4b745e,0.05434782608695652
daf6630b2daead7a,0.14130434782608695
f4cb0c95e97b8d44,0.3695652173913043
47db304f1031a063,0.9239130434782609
38b838c95ed85a64,0.6195652173913043
1b459a2f0e1159e2,0.21739130434782608
4a05c415aafd741f,0.7608695652173914
696614537e188e61,0.11956521739130435
b04beb8cba5dbcbb,0.29347826086956524
9362ecfb5b7b5b16,0.2608695652173913
dbaeb09932616ca0,0.021739130434782608
fd754b52c49e9218,0.6630434782608695
80168712a8d1fbad,0.2608695652173913
6bb047d578057250,0.6195652173913043
3b044121470af117,0.3695652173913043
90094abc836d67c4,0.5434782608695652
418d831ed47d89b8,0.20652173913043478
4aff17a3e0f06761,0.782608695652174
e191497fd036c2bd,0.043478260869565216
130923000a1c5d84,0.6847826086956522
53e1113fb699c2f3,0.8913043478260869
5246576c887fb99b,0.010869565217391304
c1cc3d7e4d992461,0.9456521739130435
79ca1176c75216a9,0.5108695652173914
cd33f4d0842aca78,0.31521739130434784
6230329f27819050,0.08695652173913043
1ec3b51815018cf4,0.15217391304347827
73cbd958520e0901,0.07608695652173914
9adafbe6cc69f7c6,0.22826086956521738
5aac8a06d115f3e5,0.7391304347826086
5a63ab8984a4a485,0.6739130434782609
8bed3229abf261ab,0.6086956521739131
b163cb1cc0951413,0.06521739130434782
66d0b40b237013e5,0.967391304347826
e18115812836e5ee,0.9891304347826086
46378292ea7e2624,0.41304347826086957
2dae824f93d11e95,0.45652173913043476
5b0dddbfe5bcf190,0.5978260869565217
e10f3ae449b2d634,0.14130434782608695
f976cd08de31984f,0.16304347826086957
2ced57187fd0420f,0.7282608695652174
b92568cb119b0d44,0.717391304347826
20b02683431dd9dd,0.05434782608695652
74163d6ef934e21f,0.9347826086956522
a24784e3c87402de,0.4782608695652174
f137694f3639e737,0.17391304347826086
208653341980a631,0.3804347826086957
68b034f1cf062887,0.6956521739130435
63147f8b1cd0feb8,0.7934782608695652
11a5d36415fbd0bb,0.32608695652173914
50eabc94707281e9,0.5869565217391305
13d206fc02c08e9a,0.8369565217391305
238834e299f8e0e1,0.13043478260869565
ef48953a8edc97b3,0.30434782608695654
38e3a59ac5a2c212,0.21739130434782608
c5c1992423096a6b,0.7717391304347826
88962e1c9bff5a03,0.8804347826086957
fef1e7d8194c2830,0.43478260869565216
cc85eed8b1a77bba,0.9782608695652174
8738198e6dca57a5,0.5652173913043478
92fa8d78d1f96653,1.0
f8ecaf231cd847fe,0.75
ed363a71467b2681,0.42391304347826086
002c86490502254c,0.29347826086956524
6853d0990d5b2a2b,0.9021739130434783
48e189bdb53d69b1,0.9239130434782609
9b10f470f43f5fc2,0.5543478260869565
c9385435652016f0,0.021739130434782608
1d1c0ed24c54b8a7,0.532608695652174
52d70c086b62a4dc,0.34782608695652173
a77fe31b8f9bf022,0.8695652173913043
61d59a6afbf62a12,0.25
f5244b719b542a63,0.03260869565217391
a6b33da4a6453cb1,0.6304347826086957
75b560f6187856ff,0.6521739130434783
21db5f0202f0b581,0.8478260869565217
c2c9e6689cca07f4,0.9130434782608695
2475d448b6b1bf8a,0.09782608695652174
27ded754572f09f3,0.9565217391304348
44c1747eb89b275e,0.2391304347826087
5c7e492f0ac63410,0.44565217391304346
6cbbc8487aa4bcb4,0.2826086956521739
55d1e55e4e7fdc83,0.8260869565217391
cf58eed3f72e5e74,0.5217391304347826
de2579fe317ac114,0.33695652173913043
b971da4a5636a3d6,0.5760869565217391
e8e225ed339f851a,0.1956521739130435
c0249290e873be8c,0.358695652173913
8ace0f6d4a4180bf,0.10869565217391304
bacbafde66ac0d77,0.8043478260869565
4ff9476f8adea2d2,0.4673913043478261
1598a0ef9134fd79,0.4891304347826087
2c200891626e693c,0.5
c92ca744dc9c0b13,0.7065217391304348
768d004321518353,0.7608695652173914
4c05ae9002e91506,0.6413043478260869
6903d0beaf1ab0aa,0.391304347826087
61e12e5453d42e2f,0.40217391304347827
ff7bf99ea7045f0a,0.18478260869565216
6ccfaa50b921848f,0.6630434782608695
405456b83c233dd8,0.8586956521739131
d3060376067235f8,0.8152173913043478
b8df00fdfc287901,0.2717391304347826
0d092bdcc24e695d,0.11956521739130435
6d0c8a49eddb1ce1,0.6521739130434783
4348110e3a69e65d,0.8260869565217391
7923879020d4f3f4,0.13043478260869565
f611acb33c29e88b,0.9130434782608695
b106393cc6d959ea,0.7934782608695652
49e99c645e0809b2,0.358695652173913
dce0de01b4b70997,0.8913043478260869
0a261a026b4aed05,0.34782608695652173
d81bdd437e8dd93d,0.9891304347826086
e2263ab25fbb12e1,0.2717391304347826
75b0ba87b00e0a5a,0.6739130434782609
fb3d144b6621f154,0.6956521739130435
f17f2ce110bb1e78,0.3695652173913043
4e2c40d8bb74198a,0.9782608695652174
95f87ec4a72b2871,0.9456521739130435
ada27eabeeccacbc,0.9021739130434783
dd7787249bd8e1e9,0.20652173913043478
6399f23f22b6b126,0.11956521739130435
6a82b70a21f5fe66,0.532608695652174
2a694528315daff4,0.8695652173913043
18265cb10fb417d7,0.44565217391304346
8aac4d946bd76470,0.4782608695652174
a9b9e92fd624572e,0.391304347826087
a791eddefab258ad,0.43478260869565216
7afa1075c337bde4,0.40217391304347827
f7c94cbd8cfd3a21,0.7608695652173914
faa3fe65fe341487,0.9347826086956522
922e7779472d2f16,0.16304347826086957
86c9455c7a03327d,0.5
1c36022a982a3fc6,0.4891304347826087
e53f259db35d3b24,0.31521739130434784
02c53b9d97abab65,0.32608695652173914
01abda4c649674cd,0.9565217391304348
1a7a47d619e75518,0.6630434782608695
85ab09a6d24ca295,0.25
f5325a433ee41bd8,0.782608695652174
b4aeb2d39c68e312,0.06521739130434782
453fbe9a49460b69,0.10869565217391304
f9596d028ee2ae1a,0.09782608695652174
787bda172c485ec4,0.8369565217391305
b26465b846af2a24,0.18478260869565216
98e400e93ce4eec2,0.33695652173913043
191396d016531f48,0.15217391304347827
a6cc1f2c2b247763,0.08695652173913043
efd75ee9ca2f9e28,0.30434782608695654
271096655a478f20,0.9239130434782609
dad26191d6b45825,0.5108695652173914
4d135df02b40fe0e,0.8804347826086957
9d9e6625ad77588c,0.021739130434782608
53cf917737f3ede3,0.7282608695652174
533afeb19060dd32,0.8043478260869565
a2e8b1304c16cd4f,0.6086956521739131
7bc07af7d7656d14,0.967391304347826
d2b0637fff5ffc8c,0.41304347826086957
59dd6989fb3c7914,0.75
42ae5bcc7bddb132,0.29347826086956524
ffe35b808c7de0b9,0.2826086956521739
b674958f8597132f,0.5869565217391305
69562ea76ffec24a,0.3804347826086957
532381df719b8e0b,0.21739130434782608
6e9801672614def3,0.8586956521739131
17150c44565c79ab,0.7065217391304348
4162473a51702e5e,0.5978260869565217
e552ad348cbd335c,0.6413043478260869
278b3812c23badc3,0.4673913043478261
83d1d89756ed9598,0.14130434782608695
17c612b2c42df355,0.6195652173913043
72d6cd9f406d3002,0.8152173913043478
af0cd0f644537dfb,0.45652173913043476
c016822372bcc876,0.010869565217391304
3b65bc5d79775de3,0.17391304347826086
605a46a53547002a,0.5543478260869565
ea29752a1f6ed35b,0.5434782608695652
96fff6ea5b20a9be,0.6847826086956522
4e5511611201e973,0.22826086956521738
9826836cc156f575,0.717391304347826
169ec61840d48798,0.2608695652173913
6501e75448bd53be,0.2391304347826087
492c6e60f52230be,0.03260869565217391
83c3fedb3ed62926,0.1956521739130435
ffd07c85d82a0960,0.5217391304347826
8c0381e09d02d3d4,0.05434782608695652
012ecf373a7e638b,0.6304347826086957
3f5d639f030fe464,0.8478260869565217
1d3595171233d227,0.5652173913043478
eb8dd6c6e277a075,0.7717391304347826
1fbed131eeeba537,0.42391304347826086
d299596464dc3afa,0.07608695652173914
255360ff3046a609,0.7391304347826086
96d9b26941680361,0.5760869565217391
6c1e6ea975cd1bae,0.043478260869565216
45d464f8cb876f7a,1.0
47fe6dbf4af51121,0.13043478260869565
2af3977c3abb0af7,0.17391304347826086
0a1a42cd9c0ddd27,0.6956521739130435
faf54fd57b53c1f0,0.6739130434782609
cca7db47c34d94d7,0.18478260869565216
67d1b92a23efd280,0.967391304347826
d58cbcf9d7066748,0.25
23c3dab2093b9bcb,0.29347826086956524
1db08e4064f3b0a4,1.0
c06b45a6110d4cdf,0.021739130434782608
ac3d826fa1b30f89,0.08695652173913043
0b46eb618099cccf,0.5760869565217391
5f7f6d2ed02e834f,0.5652173913043478
e67d70f35adecf52,0.45652173913043476
1f42778b6a875e23,0.06521739130434782
c5a60db8753fc08f,0.717391304347826
a3e8aa0e0777701c,0.1956521739130435
da7e3fe1009910bf,0.3695652173913043
f249b59cfdc1e3ab,0.4891304347826087
b14f9955540b8e56,0.09782608695652174
af3e647fbc90b4c1,0.9347826086956522
633e1a2104b88aac,0.9782608695652174
f5c80459b48470eb,0.30434782608695654
b53fd744e0a11d84,0.8695652173913043
66708ccd53d84896,0.2608695652173913
535f71f1113e84d7,0.20652173913043478
90543e13215f01b7,0.10869565217391304
041bb1b1c9a4f3f8,0.782608695652174
38ac613f15a6fea3,0.5543478260869565
3f4c6951a1508be5,0.6847826086956522
c38bff86c4936729,0.2717391304347826
2b14dd9d704e5b2c,0.2391304347826087
0d3d4af472de8d91,0.9130434782608695
4f7e5dc5327aff79,0.9565217391304348
b99164d9956cc9a3,0.22826086956521738
93cf8e1297ba56e2,0.5108695652173914
a8011bde67d4cb57,0.9456521739130435
99d19627eb6e0c5f,0.44565217391304346
5b4911896e49849f,0.15217391304347827
2b24b878de6bea50,0.358695652173913
7ddfcdc10598fef2,0.33695652173913043
799acc2e8e49829e,0.16304347826086957
e594314bf5de9dc8,0.7717391304347826
ca2afdb2093e8bc9,0.6413043478260869
9fd86a3817f712c2,0.5978260869565217
6f3300ad98c78fe0,0.5217391304347826
251b56e874c03102,0.40217391304347827
aafc169a46e572c6,0.31521739130434784
ea6615a45310d21e,0.43478260869565216
9c79d308ee7b5dab,0.532608695652174
9d1fe55f16b374a5,0.2826086956521739
241a95a5dde16d8f,0.7934782608695652
f54d4836f6080fa0,0.043478260869565216
98a877c8bb5c4dec,0.21739130434782608
8577c7329adce8bd,0.14130434782608695
6ebd64d14bcf1d3d,0.6521739130434783
7816b5d466d7214e,0.6086956521739131
c0f5d1bf0764f2ba,0.34782608695652173
6a5822d3b2667285,0.010869565217391304
8d6dd78054245ae8,0.5869565217391305
c19840de567900f0,0.8260869565217391
d758bc10b3e0ab93,0.8586956521739131
51c02e72fb123a4f,0.9239130434782609
39f5993ba6ba5119,0.3804347826086957
04bcd4d9a4bea578,0.8369565217391305
173e70f08f4d28e7,0.7065217391304348
f1455c637e9960f9,0.8478260869565217
b19ae576d9e6885e,0.7608695652173914
c7219a4e65637ed2,0.6630434782608695
a73bd482cdc8962c,0.5434782608695652
502cd404fabc512e,0.11956521739130435
461d807ba80b86b9,0.41304347826086957
13fd13d6003e7c55,0.5
87cf47ccd2fa472f,0.8913043478260869
b8015ed0b62aa8bf,0.8043478260869565
2fbe057e4fb17944,0.07608695652173914
07e9f72f3b9b8e4b,0.9891304347826086
dc7151a3dee099cc,0.03260869565217391
8f1ecf515245b3c5,0.6304347826086957
173a3115c46f66ce,0.42391304347826086
d56bee726ecfaa15,0.4782608695652174
e6790924a1fe7914,0.32608695652173914
dcc23aaefeabe64b,0.05434782608695652
c1d13e081b541f0f,0.7282608695652174
05826db84d5d1375,0.391304347826087
894f7c428a5cb364,0.9021739130434783
a36360d3d8525756,0.6195652173913043
cd5fd8d11cb60687,0.4673913043478261
9ed20524a4c6b36b,0.7391304347826086
7291d2fdd31f56a8,0.8804347826086957
0618b309827934fb,0.8152173913043478
64662c833715c5f8,0.75
6405a558496cb82b,0.021739130434782608
4f59c7c441ba30a1,0.06521739130434782
7fbd1c16d1c10cef,0.05434782608695652
d9a8be504983a6d2,0.30434782608695654
66fec1a9e777c0f6,0.5652173913043478
b16976df07c51f7c,0.8260869565217391
60374b178d77bc9b,0.8913043478260869
8e36da10220cc63b,0.14130434782608695
31d0eb86dc6d99a1,0.5
5b853ba72fd0b1e8,0.6521739130434783
f7440d1e304db418,0.43478260869565216
a60827adc6e13389,0.7391304347826086
bc5921ffad7ea650,0.25
5940d4e9f62a4406,0.41304347826086957
d0c0f7e441b575d3,0.22826086956521738
db2e6748d167dfee,0.7282608695652174
ea7423d3fc348421,0.4891304347826087
a65567eea2595afd,0.20652173913043478
e0a74c976cfd60ec,0.17391304347826086
053b6c92edd0addb,0.9456521739130435
abd28c6d24321be6,0.010869565217391304
e1a6dfcc4c7070b8,0.2608695652173913
d36136c65b768db4,0.15217391304347827
0527061036ff158c,0.10869565217391304
a4c0e6c755fba0b6,0.5978260869565217
bdff3e5f8818740f,0.7717391304347826
0c75afac762d5db9,0.358695652173913
ab32094080f9859d,0.7065217391304348
96b8f2e161d08465,1.0
3a93d4441ec6f916,0.18478260869565216
9f8d1289c09f60d2,0.5434782608695652
5b2b75e97e6969bf,0.9782608695652174
2d426801765fa28d,0.29347826086956524
7cac525ddb097489,0.4673913043478261
8825b4f4775d5a58,0.8152173913043478
49fc34d8a36bb83d,0.8804347826086957
c94ab3f1deeff2d7,0.09782608695652174
bf09d2495157975a,0.9130434782608695
362535ab33c3fd75,0.03260869565217391
fc5a4f5da3ced5b5,0.32608695652173914
19e4ac1e63279432,0.2826086956521739
0dc97d322f454169,0.11956521739130435
ea9758438680fa98,0.40217391304347827
258e09a7158299e4,0.5869565217391305
86ecc9ee623e9c5d,0.7608695652173914
bd98398beb4b80f7,0.391304347826087
fead3f607e94bd11,0.5543478260869565
d2e75c1c00599cbd,0.45652173913043476
33698dc4ca409967,0.6086956521739131
972a152b181b715a,0.9347826086956522
66a56d2f48421a63,0.6630434782608695
48e7f2ef91593ce9,0.6739130434782609
51d2ffb4b411d25a,0.44565217391304346
91c939f4e4952a7d,0.043478260869565216
2341d25bc14f7669,0.782608695652174
b0761e58b1183b2b,0.532608695652174
c5dac01360336fc3,0.75
77a7fcbaff968d5e,0.8586956521739131
83dcb4a2accf496d,0.1956521739130435
db4847cfe637a3f7,0.34782608695652173
fa403f202f322eb6,0.8043478260869565
ee157d9d33c6f9a3,0.7934782608695652
2d49e089e1d0712f,0.3695652173913043
8c7defce949cf97d,0.9239130434782609
f59e915831c30df9,0.6195652173913043
07a66207ba9b9062,0.967391304347826
a122c904aade8cd1,0.9891304347826086
02b251f79dcaf3af,0.5217391304347826
86b87a289e61ce24,0.31521739130434784
8a08baee32ebec87,0.6956521739130435
5f93878426044234,0.16304347826086957
61732c1cf2f7ecc9,0.33695652173913043
e3f0cac28057c933,0.4782608695652174
631c996b6331de6b,0.9565217391304348
0eae1a681313467a,0.8695652173913043
9db550c834df74a9,0.8369565217391305
e4f24e37e88cdda9,0.42391304347826086
175d1127fba642b0,0.8478260869565217
fd1840eac1012c08,0.08695652173913043
98bfb0c2626be13e,0.6304347826086957
35c05be93b4336bc,0.6847826086956522
60c6498d7e1bc04d,0.5108695652173914
abd7253dceb8cbcd,0.07608695652173914
dade1d05cbf9c5d0,0.13043478260869565
237ce4dc698117bf,0.21739130434782608
b19dc098261f07c9,0.5760869565217391
ca0f2c72af703fd7,0.717391304347826
1ebd129f507932fa,0.2391304347826087
9a6369d9cb0889b3,0.6413043478260869
4778511af05f9c46,0.9021739130434783
17ccf319b0c71456,0.3804347826086957
2661b311ec5bd041,0.2717391304347826
bf6723cfdd634a90,0.6630434782608695
1a6fab736b3f0c89,0.20652173913043478
5657c9a01e49d93e,0.06521739130434782
ded620ccabe8b488,1.0
cd19fc73844d2108,0.18478260869565216
3f5f3eb465cf2f21,0.08695652173913043
962f2282689122d5,0.21739130434782608
06c96c9edc201ef3,0.8695652173913043
cda7325dcd290ed4,0.33695652173913043
03c00a3ea254ae15,0.25
7dc0e32986b1abf7,0.2717391304347826
6c20a319f495100a,0.6195652173913043
48a9254bd99dc56f,0.358695652173913
d41c3d01eded8123,0.43478260869565216
0cc252b29493665f,0.75
599e2968144e89ed,0.782608695652174
dd053578e5111cc9,0.6956521739130435
542319e0ecfd38d6,0.2826086956521739
8931855cba3415c6,0.14130434782608695
c019e102513f348f,0.9130434782608695
36af8b6927c5983c,0.010869565217391304
0f2c141cf2781264,0.8586956521739131
c5eab81460582108,0.8913043478260869
3b473c353dd454cc,0.7065217391304348
a7c0beb24303359b,0.16304347826086957
7f3af9f895eb2d0e,0.8043478260869565
2c965e55981ebee4,0.7717391304347826
f9abf63e2b6f138b,0.5652173913043478
e60aa37eed0a594b,0.9239130434782609
679f26aa84b34dc0,0.6304347826086957
51c4ffc344c0f1fb,0.41304347826086957
3809a89ed78d6f41,0.03260869565217391
06d4d2f36aea6100,0.8478260869565217
a5701e1463a161d3,0.40217391304347827
980f6ebfc0714438,0.6086956521739131
af1df20ac5ad2196,0.4891304347826087
0b238d98c8f6db48,0.3695652173913043
587042c144cbd09c,0.6739130434782609
2f038f73f2424205,0.11956521739130435
7a00b54c6b7aeb9d,0.9782608695652174
e9279753024e51e6,0.8804347826086957
e493650f41667b0a,0.5760869565217391
2e7ee96b052010d6,0.7934782608695652
bce8c821fca8330f,0.30434782608695654
7d4f98007b7af666,0.10869565217391304
ab11a451b79e7bea,0.9347826086956522
d5a127df7af9111a,0.29347826086956524
1b0f24e2c7ea32fe,0.7608695652173914
4fc00e411a9b3a95,0.42391304347826086
d85bf6241f2a1e98,0.09782608695652174
8f2751e06447d544,0.6847826086956522
ac91ac9f52e3e221,0.1956521739130435
ed3470abc000e9a3,0.8260869565217391
4c476cb511ba5aca,0.6413043478260869
7c76cf584dbe95f5,0.043478260869565216
4609473661a3ae6f,0.2391304347826087
364ac7d4c4c58195,0.021739130434782608
e990fd08b402db1e,0.7282608695652174
d3f8c77fda88a558,0.31521739130434784
be7cf0d76fcb5236,0.34782608695652173
558f6fbd7c0d3aa4,0.5543478260869565
a3ddbf35a11ece0c,0.4782608695652174
951c13d48adde479,0.07608695652173914
6640a0fefe1a4007,0.8369565217391305
84cd1cee2983c757,0.3804347826086957
86b6d1563faa84c7,0.32608695652173914
7a19cdaf179544ec,0.391304347826087
cab7e1155fed53bb,0.967391304347826
5abf818ace077ce0,0.8152173913043478
eb9c7c670ce08f76,0.9021739130434783
6d48714c747a1aca,0.5978260869565217
6c125562a9050aa8,0.05434782608695652
c08af85e515902ce,0.17391304347826086
dcdfe0743031ed85,0.5108695652173914
95e35af495873580,0.717391304347826
0757e120c57e72b5,0.44565217391304346
735405a880d11f5f,0.6521739130434783
6d7fcf95884b14c2,0.9891304347826086
ac397685b80b414c,0.9456521739130435
534ddea111896592,0.5869565217391305
7ad335f2d89c5e2b,0.7391304347826086
87935ef9b8335b3d,0.15217391304347827
6566e20e83da95f9,0.13043478260869565
613728e3d372a6a6,0.45652173913043476
f36cff8703c2a0a4,0.5434782608695652
2433bd78bae5ec47,0.5
cb61df669a660d5a,0.2608695652173913
87cf76aac69cbcfe,0.4673913043478261
2c93b1f5f54be713,0.5217391304347826
dad79707e0cfe635,0.532608695652174
238d4363eb05ada2,0.9565217391304348
6fabf50f4b9681e5,0.22826086956521738
277e5ca9d9485c62,0.6847826086956522
061f0f93ae31fc7d,0.43478260869565216
52e5d87df1993b55,0.967391304347826
71d48e5cab9989b7,0.9565217391304348
32ccee7bdf9e03ae,0.16304347826086957
7aa8190faebe5e00,0.8152173913043478
0a98b83d17a8a5ee,0.32608695652173914
1a25986785f40936,0.9456521739130435
d11c95e06db9de14,0.42391304347826086
c626c87700551a69,0.40217391304347827
2f95bbdd220e8072,0.010869565217391304
30d3adcf757be582,0.7282608695652174
a0ba2a225bdefdec,0.22826086956521738
6812e6571521f9d6,0.4782608695652174
ebd64125d8848f76,0.5543478260869565
80638c9f1f11ee9b,0.8369565217391305
9572af7767da65aa,0.7608695652173914
a581f16deadc042c,0.8913043478260869
5c2077199770f61b,0.7934782608695652
7574ff5af35740af,0.6630434782608695
6c8632759f26d0b9,0.31521739130434784
41e6d2f7b34aacf9,0.44565217391304346
6e878740891f7b10,0.8478260869565217
eb6cfdf78e423f51,0.6521739130434783
1c30986c122fc8a7,0.29347826086956524
c629d317da76b689,0.2826086956521739
f2b4d916cf2ee5fa,0.5978260869565217
88008278137512b7,0.532608695652174
da6c3c090e29bb50,0.6086956521739131
b05b46f8b855cceb,0.5652173913043478
8187854541a972d6,0.14130434782608695
59736ea164049499,0.13043478260869565
93d699dd2ca41195,0.043478260869565216
de2b0f36b9e1ca42,0.2391304347826087
d47ad5162f5793a8,0.3804347826086957
4237344b26d0bbe1,0.05434782608695652
44bc1c08a7a3c86d,0.17391304347826086
3783a99c55855712,0.5760869565217391
5e0990c01c898b12,0.5108695652173914
5b8291ffddd95769,0.6956521739130435
2dd155c965a48a42,0.9891304347826086
65c565cf9902e93e,0.6739130434782609
e23083b631c2d654,0.15217391304347827
99c6cdb1723b2fca,0.6413043478260869
451f17af9197bf77,0.41304347826086957
f13c22b48cca8fef,0.75
bca03eadee3d1bf9,0.4673913043478261
6922e5b92cd763e5,0.20652173913043478
238920e38b64ecf1,0.7065217391304348
75424ad3483ddbd8,0.021739130434782608
d164158ccb8033a8,0.2608695652173913
14215864f2f90e64,0.4891304347826087
bd180dbe03131b78,0.391304347826087
a443b8871e85f55b,0.8043478260869565
764d980117131396,0.11956521739130435
72600122e0c0f045,0.07608695652173914
875095cbf8c92909,0.5869565217391305
62aee24a9477652d,0.06521739130434782
6772eddb8f5565f3,0.2717391304347826
50c26d77b0c5832b,0.08695652173913043
498cba3a9d2ab23f,0.7391304347826086
0eb8c8c3e5963387,0.5434782608695652
7716fc19a08e683d,0.9347826086956522
a9976fcbd9818b44,0.782608695652174
339e82e8fad5250a,0.30434782608695654
c015f3fd388b42c0,0.10869565217391304
00d10a85a8fcc9ac,0.09782608695652174
08c9f8e70a9ca91b,0.3695652173913043
83ec7cbc9da362b0,0.25
ad1a73116525d3bd,0.5217391304347826
32ea8606aaebc69b,0.717391304347826
208c0da370541f98,1.0
ee7936579c226497,0.9239130434782609
ab346fc22e688057,0.03260869565217391
eff0ad02c4a8af28,0.8260869565217391
3d905200b73fe025,0.34782608695652173
82d33ad88f787747,0.7717391304347826
09c2a26263cb5f36,0.33695652173913043
44bbef42538b25ce,0.9130434782608695
2b5da0353b7a4c2f,0.8586956521739131
504779ffbd0e0327,0.5
cc857947fa4a4967,0.45652173913043476
3d0e4863ca213900,0.21739130434782608
dab300dea6d47023,0.1956521739130435
16d5a399075bc40a,0.9021739130434783
c976a94fbe1b6d6a,0.8695652173913043
b6d21c667a59429d,0.6195652173913043
58f2e5a1770ab222,0.8804347826086957
9f22e4bb565d5a8b,0.6304347826086957
4d292b2997ea0e63,0.358695652173913
c2801761dab82af0,0.9782608695652174
9c1f89705647eefe,0.18478260869565216
ff42fee7a880341a,0.5
2d9be0378bebab03,0.20652173913043478
11ee54fff7612cbc,0.6304347826086957
eecbc96e0f3500c8,0.8586956521739131
b3d4b90dfcb33d2a,0.5978260869565217
1912de3192ce122f,0.21739130434782608
072ed9a8c8acdc26,0.25
fa1ab6e3898a38a3,0.6630434782608695
f488df9fa6dab7cd,0.6956521739130435
1cfb2b0f89edcde1,0.03260869565217391
7ee7c57db6a259b8,0.15217391304347827
faab8a66a37028ab,0.7717391304347826
01239162992819e5,0.6195652173913043
39e2e2151c7ac46c,0.45652173913043476
31a3183ffe6bfdd9,0.5434782608695652
f7a1e294a071e7ef,0.40217391304347827
6c25a00003791145,0.29347826086956524
7ffc502759f89ca7,0.08695652173913043
5b23a59383ddcfea,0.22826086956521738
28c5f536860f5caf,0.75
4f30f4406d5a46e2,0.4891304347826087
a2d29961eddaa204,0.9891304347826086
3deb443b06e3388c,0.2608695652173913
f94fb3db9aead97e,0.33695652173913043
7ec319d74b1bd965,0.3695652173913043
9d3c61ba416e924c,0.42391304347826086
c9718d03e06bf2a6,0.021739130434782608
c81ae2b0c08df887,0.7608695652173914
6273f37802ac01bb,0.30434782608695654
3aaf6116a8dce7fa,0.4782608695652174
1b3a593ce6754f96,0.8152173913043478
e4a36cee83abde0d,0.6086956521739131
7f8735adb4acdb1d,0.9456521739130435
8a22a0fac5a5dbb7,0.05434782608695652
f5c998e5bb26c411,0.43478260869565216
481c79e6f59b38c3,0.9565217391304348
8a26954153bc5b07,1.0
1fe95cfd8b5ad4fa,0.4673913043478261
70c3dbe4c7eb636c,0.3804347826086957
941abb8271e4d89b,0.5760869565217391
f9f3464d6522759e,0.358695652173913
2ffcf809e0c84d0e,0.5217391304347826
0da5c28538016edd,0.06521739130434782
f64a6d05ad38a53f,0.13043478260869565
2ce4de66dde01a8c,0.1956521739130435
f023dda81d771544,0.9239130434782609
fce053f8a0b72cc6,0.17391304347826086
b55c2c761c74023e,0.782608695652174
c6f9f69a7049675e,0.18478260869565216
fa83910bf46c3cd7,0.8260869565217391
97f17a5b54867486,0.532608695652174
d071c3598d86062b,0.14130434782608695
b4d67b72013e014d,0.09782608695652174
c58abc42795309f7,0.2826086956521739
7dedfdecae48e713,0.41304347826086957
b229dd0312bbbe79,0.9782608695652174
714d8800874bcaba,0.9130434782608695
5a2ae5831758132d,0.07608695652173914
28a9e904c4978147,0.32608695652173914
62685729ba7fe12c,0.5108695652173914
52b1896598efa94b,0.9347826086956522
89f6464cbe3210df,0.8695652173913043
ddd86c1692298402,0.5869565217391305
0580a3773bfd934c,0.967391304347826
d2fe1fe91bd8e3a6,0.6521739130434783
36548d1f39f5bad0,0.717391304347826
3e764d96c41267ca,0.7391304347826086
a430af93dc85ad9b,0.9021739130434783
60a83a3c9e8f15bb,0.44565217391304346
8192ba1d358c2d32,0.8804347826086957
5464e56a207702fb,0.5543478260869565
6c13d2acc324d855,0.391304347826087
7fd04a4ec3e1e3c6,0.8478260869565217
25ea56e3cd923cc2,0.2391304347826087
8a6349baba153cf1,0.2717391304347826
69d986c0ca9f6e0e,0.8369565217391305
5f3aefff313045a4,0.010869565217391304
7711d56996ee2c88,0.7065217391304348
9e45da0cba0c5e35,0.6739130434782609
050aca6dbda0a833,0.5652173913043478
f501879fc24c9488,0.7282608695652174
68d2a6347e7035f2,0.8043478260869565
aa8f4afe812fed41,0.11956521739130435
0c8a108fa01feeab,0.6847826086956522
d72706c1d6928360,0.34782608695652173
fc788112e7fd1291,0.6413043478260869
55768ac63f722889,0.16304347826086957
f8bd7db0cc3513ee,0.10869565217391304
86ba32db78f80384,0.31521739130434784
dea61b1bcd756a23,0.8913043478260869
0235ce2172ea6159,0.043478260869565216
e4eace36c2444e3f,0.7934782608695652
4627f23a067fc10b,0.5108695652173914
fcef851a2e58929a,0.6413043478260869
8293d0e3525aa562,0.8152173913043478
69587034ba6100e1,0.2717391304347826
501c12ea31f3e26a,0.2391304347826087
f55760516af57809,0.4782608695652174
a5fb737a811ca7b9,0.021739130434782608
e5fdb39378878784,0.8260869565217391
f724f277de77e5f2,0.5652173913043478
5abb29d6cbcc6d6b,0.08695652173913043
394488a8afc4375d,0.42391304347826086
3a785e82dbbe9296,0.1956521739130435
dad8f470bf1f974d,0.6630434782608695
018f10e4a4155f10,0.34782608695652173
09af1b13a3581d8c,0.7934782608695652
a9458afa6ee20e23,0.5760869565217391
b99fea6e6784dc23,0.6304347826086957
55d3ea4fa459f9b3,0.6847826086956522
20608ed0d3f922bf,0.33695652173913043
e1193b9d306caa86,0.043478260869565216
92c6e7bd6b961acc,0.5869565217391305
6596e76305ed22c1,0.45652173913043476
17bfd5655ca403ea,0.9021739130434783
bc06915f325d4d84,1.0
b52b21d20b7e5ac1,0.30434782608695654
3e9b4ca0fa4e7825,0.9782608695652174
375047f6a991556c,0.5
ffa7c958f185a945,0.7608695652173914
273d4c80fdb79f87,0.10869565217391304
686afd18a641b52c,0.6521739130434783
0e70c65a5d9003d4,0.7391304347826086
14f87d7924e2259d,0.717391304347826
fdb6d4a1e5a44b17,0.22826086956521738
43498b2144828357,0.8369565217391305
068fd096654f1964,0.5978260869565217
6d856e289e3d84de,0.8913043478260869
213251f129511400,0.7065217391304348
f671a6cfca683361,0.3804347826086957
4f78ec5b5a721e38,0.8586956521739131
cd43145464c9dbf0,0.532608695652174
e0ac9d512d859461,0.358695652173913
ae389401eb8fe02a,0.13043478260869565
80acca4f90b76a9c,0.6739130434782609
e563160fc1447b86,0.6195652173913043
0e9584a6cdd0a16a,0.4673913043478261
417add788b7ed344,0.17391304347826086
ebf96d375550ea05,0.20652173913043478
9935c200020576aa,0.391304347826087
8ea73d9ab19a6cfa,0.5434782608695652
0c08f4ba921b299d,0.8695652173913043
5ec83ca7d0b883d3,0.18478260869565216
2e2558a35c9b0c71,0.32608695652173914
a6d66d15e9417858,0.782608695652174
e8aa3402507fcda1,0.9130434782608695
5fb0d54cf242bf58,0.2826086956521739
a9dab282a9b36dfd,0.44565217391304346
1bf5fb505959d570,0.40217391304347827
bd7d971a1b063957,0.75
edbc4322c1f8e01f,0.07608695652173914
ffa0281009979363,0.29347826086956524
7ce9efed08ac3403,0.7282608695652174
2dc2313b11376e1e,0.9456521739130435
31ce5a2316354177,0.43478260869565216
855d1e256ecfdb99,0.21739130434782608
58b2559841b83ca1,0.010869565217391304
03c757129f5671c9,0.8478260869565217
3d42c3c682986ea7,0.6956521739130435
c15886e8283d675d,0.16304347826086957
e94d45dee2882763,0.967391304347826
288d620259b17799,0.9565217391304348
5b875dcf2acde519,0.9347826086956522
f7c1c08524cd1109,0.7717391304347826
c385d9b070bbee2a,0.31521739130434784
f0511be611a597b6,0.41304347826086957
782de8e422fd65ed,0.11956521739130435
bcc6b5ecbee4f569,0.14130434782608695
248e46bbefeecda4,0.9891304347826086
f3e318df42ce6b59,0.4891304347826087
ffba3674a258fa9e,0.8043478260869565
4506916d0f0cc963,0.25
868a5710e0716e2b,0.05434782608695652
372d820305798ba5,0.09782608695652174
8550859e1bdec771,0.3695652173913043
b2a3d72ac8b9df10,0.15217391304347827
bf7194a31ff20585,0.5543478260869565
72eb21a7f898659d,0.9239130434782609
936a66898d2ae84b,0.8804347826086957
2d93829a17f27ca3,0.03260869565217391
7f60ad41c87f729b,0.06521739130434782
b49318c00b1e17ef,0.2608695652173913
399c1d4e30982654,0.6086956521739131
87cbff81d5c6be93,0.5217391304347826
591718580e14c1cf,0.7282608695652174
8cfe6ffb103a848f,0.7608695652173914
3b611486fc71358a,0.20652173913043478
9ae9612410b1eb98,0.9021739130434783
539a1e4006d98451,0.043478260869565216
a33d6346d4f8c1e5,0.3695652173913043
57980aef3241160b,0.25
a7be8031516f8093,0.9456521739130435
3f95d64fd9c1ace5,0.5869565217391305
f3049c7d0c89723d,0.6956521739130435
189a035ff45c576b,0.8369565217391305
c75d240002a3d852,0.18478260869565216
8745bf231601802b,0.6413043478260869
b16814a73b76120d,0.532608695652174
5ed9c7d55e2df7cc,0.42391304347826086
02435c8f62214e76,0.6739130434782609
9b039b8d4dacdec9,0.5217391304347826
459614437c178947,0.7391304347826086
414d5447b568f73b,0.2826086956521739
3e988fc17618de8c,0.11956521739130435
330a0a9bcf37c73a,0.03260869565217391
309fe4396cc38b79,0.8586956521739131
3086aa4966a31bb3,0.10869565217391304
aa72152e95b2f76b,0.13043478260869565
93480665f80686a0,0.6304347826086957
3defd4dc819ef0bf,0.9565217391304348
6999c143f478dab3,0.32608695652173914
b981ba6f3f0f3859,0.6086956521739131
7f85ae6bec2bb818,0.6847826086956522
bac602c1b62ed7cd,0.21739130434782608
dae06ee07bc79bcd,0.9130434782608695
b7eec9117d8c0d29,0.717391304347826
c4c4b40c52ac98b2,0.33695652173913043
1eff2060dbbaa2d4,0.7934782608695652
1e86b61476c586a7,0.34782608695652173
9c700392e50b63ce,0.07608695652173914
b2ff1d387be27ec2,0.2608695652173913
8c6519a2797083b1,0.391304347826087
e83d6a0c957fb12f,0.06521739130434782
09c96f11563abc3e,0.5108695652173914
8c271be3e94a1493,0.9782608695652174
0af11fd95eaa6a29,0.5434782608695652
31b6338805287342,0.75
a7ad6a43a1c50144,0.8913043478260869
623c4bc2777d7f41,0.08695652173913043
dcce0c0eb178eacd,0.358695652173913
153b8fac4bb08a6b,0.9239130434782609
85c4af1a038798ad,0.31521739130434784
d505e293d42af6e2,0.09782608695652174
cfaa14f071715dea,0.22826086956521738
6c0b972ee2e64190,0.40217391304347827
5f7c22eecfa6dd83,0.4782608695652174
71610d432ca515ef,0.5
f238b769d03fbc82,0.4891304347826087
ae6c1acbe31c0118,0.8478260869565217
59f242cbb93952ee,0.45652173913043476
66e9b3923ded72a6,0.5543478260869565
51ec4aa73222aa48,0.6521739130434783
b04d6ff82e51d0fe,0.14130434782608695
ee5c3fea9d9cbd8e,0.9347826086956522
cdba37f7b1270ae3,0.41304347826086957
dd58ef4d93055241,0.010869565217391304
67b7e7ed20722e70,0.1956521739130435
0a0faa9780cf9107,0.021739130434782608
e630e916be2dff63,0.17391304347826086
2aeb77c385e46ccc,1.0
672c7869fad978e4,0.8695652173913043
b053bf533eaa7f07,0.5978260869565217
7278dead402682e3,0.8043478260869565
c0fc89fcf8e7a8be,0.2717391304347826
864ee454148e1c74,0.05434782608695652
717ff1eeab449812,0.29347826086956524
63323bde290276ef,0.7065217391304348
60707438a975c6cd,0.4673913043478261
0b80c470d1ee24b0,0.6195652173913043
9ca244a4ef5a9d7a,0.15217391304347827
cd5d6029b26713f3,0.8804347826086957
015f0a7730730fe7,0.6630434782608695
5958e2cfc9474ea6,0.8260869565217391
7cde9e30f6ae31f5,0.782608695652174
42d023d1c1549ddd,0.16304347826086957
f709eb7c964fe8f0,0.9891304347826086
487f7c59270b1eed,0.3804347826086957
49ba7440cf2fbbc3,0.5652173913043478
fd3d575a69d0f183,0.44565217391304346
606ec226ccee0397,0.43478260869565216
74890f04e40123e5,0.30434782608695654
e2f3eb302a0474df,0.2391304347826087
056bc960a86f8e76,0.8152173913043478
a527717f538435e5,0.967391304347826
5d05cedecd22a189,0.7717391304347826
42df3f91ded002b1,0.5760869565217391
be08c8a7bb9be616,0.010869565217391304
73eaf7d21ec9c3dc,0.7065217391304348
8140285d50b2ef27,0.7608695652173914
a1556675cb78a7b8,0.8478260869565217
c2c91eec147af896,0.8804347826086957
a14deedccfa273e5,0.21739130434782608
84a4cbbbb0583cdb,0.6739130434782609
38a3a3cfc06e073b,0.15217391304347827
a3ca2863e32a1b90,0.2826086956521739
a489947f2883c22f,0.5543478260869565
e96ef0cd390430ba,0.05434782608695652
6d75820c5b0f4964,0.7717391304347826
8d96aa316f56a7a8,0.043478260869565216
79cdddc56c835857,0.3695652173913043
7bf1de8773d72c2e,0.7282608695652174
ced98573fdddd794,0.6304347826086957
8acef98e9d88f4b7,0.6956521739130435
2cab90111007dee7,0.5108695652173914
32b04df2157c0be5,0.20652173913043478
a7ecc14220a9a153,0.4673913043478261
32c35875f3ceb6ed,0.6521739130434783
d939e5fbe8cdce86,0.9239130434782609
0abbd35087e742c8,0.8260869565217391
9428eae39bcb6a9e,0.41304347826086957
95db771d0d8da413,1.0
bc54bb2cc0677a28,0.07608695652173914
471caacce2c170ac,0.40217391304347827
b829c50db2346f63,0.2608695652173913
2fc080b0762755cd,0.8369565217391305
f8a21b053f1aba68,0.7934782608695652
6453c573351e84cd,0.2391304347826087
a8498337946efba1,0.4782608695652174
ea1d30a63e26326c,0.18478260869565216
1331c40cce94d71b,0.5869565217391305
3d30e7c46f09df31,0.08695652173913043
b7ab80f5223a109f,0.7391304347826086
a9e0b2141fc76d14,0.06521739130434782
d6693d2e3d4a9c28,0.9456521739130435
afec8ce3a75d6257,0.5217391304347826
17cacf117de36c24,0.8043478260869565
de637d9e9f258aa2,0.1956521739130435
3d8f61bbedff1069,0.09782608695652174
367fdac7b25b9439,0.8913043478260869
e346cf377470f91d,0.5652173913043478
45e8a6948ab2aa9d,0.6630434782608695
24883899600063d0,0.532608695652174
c38fe720ac9245d9,0.5760869565217391
1fa1aef76be7da45,0.30434782608695654
5747b0298052ed99,0.6847826086956522
bc837c3ea77fe688,0.43478260869565216
43f5616d521219d8,0.9130434782608695
901e1df1d5582dec,0.75
5c562d39e2107618,0.8586956521739131
b288198423cf3ebd,0.9565217391304348
332afdb7169422dc,0.717391304347826
bda9410d7582fbfc,0.31521739130434784
24547f8530a166c7,0.6086956521739131
807c0177eb4cc2fb,0.03260869565217391
a5b81a4a76b3ec26,0.967391304347826
b018b697cad0837e,0.34782608695652173
100d3b14548238ea,0.5
2d48fad6b1880c2b,0.6413043478260869
74375e41940525ed,0.782608695652174
2d5b7feaeb0b00b6,0.4891304347826087
3fb07fa085272b35,0.32608695652173914
f4636f9fd41e24bc,0.8152173913043478
239e3e3f59c1c963,0.22826086956521738
81307756b7110a86,0.14130434782608695
c6140e132b3193b6,0.5434782608695652
787b20884bd68eed,0.3804347826086957
f36b2fd17c109586,0.16304347826086957
71672829e33a2873,0.358695652173913
9c383779545eeada,0.33695652173913043
a4cd65d4f78fe811,0.391304347826087
2ef3d1d1fcf7ded4,0.10869565217391304
2006a38571b819d4,0.17391304347826086
e15025217e86a3c5,0.11956521739130435
6ae252d4af6ecff3,0.44565217391304346
c1a0fe35643470e9,0.2717391304347826
f9ec861adbebdd7b,0.9347826086956522
fb643d2905350337,0.6195652173913043
3a48503e5262dec8,0.5978260869565217
a21fd817d2b87323,0.45652173913043476
9a7789d61c45bdc3,0.25
508467036bc0907f,0.9891304347826086
8ba35622b0af1c09,0.29347826086956524
1fd4ef043b7bed10,0.42391304347826086
b9eca04e769d2c15,0.9782608695652174
0c0713f5f733483d,0.9021739130434783
86a6fdc7f96a6f57,0.13043478260869565
adc0364c24a06078,0.8695652173913043
a56e2171db3637e5,0.021739130434782608
9bc2558b893e60c9,0.6847826086956522
6440063556428cf2,0.15217391304347827
f9e9e8ea26691ca1,0.9130434782608695
65232b944a8e4795,0.4782608695652174
5c0f759301c79eea,0.4891304347826087
b1760c8b3676b239,0.05434782608695652
2ec1b8cbb9a36f07,0.07608695652173914
15359ce7c5203f8a,0.6630434782608695
7196fedf201a13c7,1.0
9e7fc222cb8be701,0.25
caeea77c45135ac2,0.7065217391304348
daa7b827ac3a6b6a,0.6195652173913043
18bfa26dd03ee3c6,0.2826086956521739
2025bb88bfbaa36d,0.8695652173913043
9994e8685ff61a21,0.043478260869565216
ab1253a1582281bc,0.8152173913043478
cc574c6ca348c665,0.5978260869565217
32f36745943568a1,0.7282608695652174
0cb7771482711430,0.7717391304347826
88b5caa0cf6e48fa,0.9456521739130435
c13abd30fef955b4,0.9021739130434783
fdb33e9b7f711856,0.8043478260869565
d7179e719486f24e,0.8478260869565217
6d26dfb3f034d4ed,0.6956521739130435
fc1d598b14b9b01f,0.358695652173913
c587a1bcc188af10,0.3804347826086957
42f6acda66981679,0.7608695652173914
26bba8e6ed0e9f06,0.21739130434782608
5cf787cb77bc3d2d,0.3695652173913043
273b8f7098571e65,0.2608695652173913
ab166fa809eb69fb,0.021739130434782608
585923d2a6048a8e,0.6086956521739131
b355d2888a1f7075,0.33695652173913043
521d8ffdc3c02f99,0.20652173913043478
26c15428aec19839,0.29347826086956524
13e9141770f748f9,0.43478260869565216
6c4165790be7f998,0.8260869565217391
e626ad6c3da8ebd6,0.9782608695652174
7181ee77b7fe5431,0.75
19319c9d7fd34d14,0.40217391304347827
0273538532e491fd,0.2717391304347826
fe22d8081e621cb4,0.9347826086956522
68c533bf762c8aaa,0.17391304347826086
9321da9942fc176d,0.5108695652173914
9174479edb10408b,0.967391304347826
e32d46a7eff102b5,0.44565217391304346
697f7992c982bdd8,0.6521739130434783
b346731d37292278,0.09782608695652174
2668618a4deac245,0.5652173913043478
c73167bcc108fcab,0.30434782608695654
0e9a166ffec06367,0.32608695652173914
b650a8fd52f12305,0.16304347826086957
bf2a8702c2c67904,0.06521739130434782
edd4c2820c7e0337,0.5869565217391305
7673360162f9ac8e,0.782608695652174
d6fd4090706a4265,0.5543478260869565
f86eceb58e7fa718,0.41304347826086957
87b4e6fc765e1772,0.5
fb7c274ecb21bc0c,0.6304347826086957
f9b4fd6724590362,0.14130434782608695
edd27d265834b333,0.11956521739130435
e93563fde3d2ae04,0.717391304347826
15d00544977ae072,0.5760869565217391
7cfc2adda464f309,0.391304347826087
6fb5993944f98534,0.8913043478260869
ca93e09add429835,0.03260869565217391
5ac9c99adb8c4d78,0.9891304347826086
b86ae875af573c77,0.8804347826086957
2dcb9f9c853b2d38,0.34782608695652173
0bf910f75f857250,0.5217391304347826
1cdefc72205dba42,0.45652173913043476
bb4c2100fd7d16f2,0.8369565217391305
f17cabab6a846f3c,0.42391304347826086
9eccacd6c028fb66,0.8586956521739131
b1d19818a95fc5e0,0.13043478260869565
74ce655bb11a649c,0.6413043478260869
7cb63db2c91abc7f,0.9239130434782609
4ad90a326a67c6ee,0.7391304347826086
46e6aba9b89965db,0.010869565217391304
b16dd6f47b248093,0.08695652173913043
70b815c36d64124f,0.10869565217391304
3a07a74433ba3bbd,0.9565217391304348
659e6eacb36e0acd,0.31521739130434784
91e55ee0bb84f2ae,0.6739130434782609
c11afc13d1365e34,0.7934782608695652
5bb4aa88dd12b74c,0.4673913043478261
17c0e72cdeb2a23a,0.18478260869565216
b89af3081b46d72f,0.2391304347826087
eeb8a7f0d47c9cea,0.1956521739130435
ebfda3cc6ecfced3,0.5434782608695652
f9b22860a0a26dc7,0.22826086956521738
82b115f89b352e43,0.532608695652174
1c621818167e1391,0.01098901098901099
1eaa47609f75ed97,0.6483516483516484
2ab1136a95ff51b6,0.21978021978021978
ef157083f3807e57,0.15384615384615385
80f7e88f6ef76b09,0.43956043956043955
d2eb013117300d51,0.0989010989010989
49913ec2e484504a,0.7142857142857143
6010701ae9dc72c6,0.24175824175824176
8b9abea25aa6f042,0.45054945054945056
d8fe8036a114cf1a,0.945054945054945
6bba4686bcfb441d,0.26373626373626374
73f882dc8c8276f9,0.8131868131868132
b992898f46d4b9db,0.10989010989010989
9919e034a5c3af36,0.34065934065934067
3c3f0670a03bcb1c,0.8241758241758241
4f3a5ea46e11c37f,0.9230769230769231
1e4c174c967664bf,0.06593406593406594
3b682dd065a6b6ab,0.16483516483516483
e111af35be9de586,0.8901098901098901
4fae4d275e3e7009,0.1978021978021978
c5fa6e39b46916e5,0.07692307692307693
5243131eb524365c,0.8681318681318682
c6d2151d290eca3c,1.0
9d3fb3bbd3e5034e,0.967032967032967
21037d9985a60c20,0.8021978021978022
616f038ab4f60fbb,0.7362637362637363
df195bbc39efc548,0.5274725274725275
cb6a3857d54346b4,0.3626373626373626
aaa3e1f0ba00f631,0.02197802197802198
c86bb4b77b45da17,0.7032967032967034
7af7711c38a4df68,0.4065934065934066
c9f8d05b649ad098,0.6703296703296703
360b79fecd6b8a21,0.6593406593406593
57e20268b6ecdd11,0.18681318681318682
0b34b8a6db7e4ab7,0.38461538461538464
ff9e0f88a1e0c759,0.4725274725274725
82179ae3b9fd061d,0.2857142857142857
414bff91708928e5,0.17582417582417584
75b92b13ad4e9835,0.6263736263736264
05ed5ff8d1c60e88,0.4175824175824176
173e913160a84dfb,0.989010989010989
aaaa425b1d9d6594,0.5384615384615384
44fe98a8ff9dd887,0.03296703296703297
5efd67d5727d4c15,0.8791208791208791
07da1370ac3743fc,0.46153846153846156
6f10f95d6f3fcce2,0.37362637362637363
b159818a341b3e20,0.8351648351648352
93ef6c62d899e211,0.5824175824175825
2f08ee70ff69aa9f,0.5714285714285714
a0a54981b24a879f,0.14285714285714285
ba850d7a9eb18c26,0.2967032967032967
ac08648aeb3c574c,0.7912087912087912
5515772ce43c249c,0.3516483516483517
ecf22e765b502f74,0.4945054945054945
ab5b68cef0f41f28,0.2087912087912088
cc4fd17060850b54,0.978021978021978
5b944a87fdd3b987,0.5934065934065934
950e7e9fc88d5ed5,0.7252747252747253
1344634c7685df31,0.6043956043956044
4d0129794c0ded23,0.3956043956043956
e225ce181dbcef89,0.6813186813186813
6cd4bf96a848a0d2,0.8571428571428571
2edc47a1aecc5499,0.5054945054945055
42325311bf77b68d,0.8461538461538461
7b6d4b4c8baf8eb6,0.08791208791208792
c70be5e5701d4362,0.6923076923076923
6fa79a16eb41f687,0.5604395604395604
5ea1e93eaa155aac,0.054945054945054944
42ebab5a59ecba59,0.5164835164835165
8ec597f97f642236,0.9340659340659341
f858411181747d4f,0.7582417582417582
8630de506b47cf60,0.12087912087912088
168fb2ffb90705b0,0.7802197802197802
641cd555cf1f2a85,0.5494505494505495
4847ef5a63b2a51f,0.25274725274725274
926f86c9fe2ef784,0.9120879120879121
fe41f16cc1a0da83,0.9010989010989011
e967fe28343c5c6a,0.4835164835164835
632df4d1ed72ee81,0.27472527472527475
a455a28c9020cacb,0.7472527472527473
5b73647a1c7f3db3,0.7692307692307693
51a378d185d6ebb5,0.6373626373626373
709f3c512b4338d9,0.23076923076923078
7ad3f5a8a2132cbd,0.3076923076923077
6d8e773ad1dd5f60,0.32967032967032966
eaaac411e0495ee2,0.31868131868131866
438158cce433c441,0.9560439560439561
d28c919ba71d3ef7,0.42857142857142855
b67c27b46e946e7e,0.13186813186813187
e124e79677900e82,0.04395604395604396
5208c2fcf70690d9,0.6153846153846154
dcf6db6beea96ce2,0.46153846153846156
3ed7d000ff5cb047,0.7692307692307693
3672a3da709def36,0.4945054945054945
522cf13f4467d470,0.054945054945054944
f13632cb98231e8a,0.7142857142857143
3e1575ecbdb513cb,0.23076923076923078
a1a3bd0a1a2d0862,0.2967032967032967
e35fbdaea01fa70d,0.3076923076923077
79350f9c5baaece1,0.45054945054945056
2d9c07794d711b05,0.7362637362637363
4a23d1821a6a0d9f,0.12087912087912088
8c48094368cc4b6b,0.0989010989010989
ee8b80fc2ba1c62e,0.6813186813186813
40846372c3da2603,0.13186813186813187
d2f9a8c7562631f0,0.3956043956043956
ae3dd4b040b8594f,0.5714285714285714
526f683d6a5aa55b,0.5054945054945055
0e19886757b7d771,0.7802197802197802
88fde3093fa2cc0a,0.04395604395604396
cd7d5969432f3d79,0.38461538461538464
d7be112bf75ca21a,0.9120879120879121
1f3902772c059f51,0.08791208791208792
e2d2f339879ed02e,0.6923076923076923
abffb2e3928c9fa9,0.37362637362637363
24fa12971151ccd2,0.8681318681318682
3280ed4eb873b11e,0.15384615384615385
d574e213f12bbd54,0.17582417582417584
92e119d74a301c78,0.32967032967032966
ddf810e88be57767,0.7032967032967034
841987a4c6b900c1,0.14285714285714285
8676e53c00f9ddf1,0.3516483516483517
e2c8c517d3043d54,0.5384615384615384
906e4982906e8182,0.989010989010989
3b2c088d6e6641de,0.8791208791208791
07171a66afff2892,0.8571428571428571
5cfe9a8b881f19c4,0.4065934065934066
6c01023e1cd518de,1.0
487deebeae42f80a,0.6263736263736264
c520819a59dc5920,0.8021978021978022
8113bb7d3207698f,0.06593406593406594
012fdc435a1daf7b,0.2857142857142857
a56aa8c37a01e237,0.16483516483516483
c747d7109314c3bb,0.8461538461538461
4d4e5b5b437e5ea8,0.978021978021978
cf7cb89b600c54cc,0.02197802197802198
eec1509d547df6bd,0.6483516483516484
7f4e174a220ad589,0.6703296703296703
ae595d6675ec0bc2,0.24175824175824176
2c6b7045f0f89389,0.945054945054945
a526d238e1e3edbc,0.07692307692307693
4e0f86d4ec37f9e0,0.5824175824175825
fcbb07ddd3fab04d,0.7252747252747253
56f951b2b824fa5c,0.8901098901098901
2b0b52fc6580fa69,0.7912087912087912
3375a36c02066fa5,0.5604395604395604
c66119e65d4b29f8,0.4175824175824176
794a67ded0b8a79c,0.25274725274725274
3eb904452f7ea174,0.18681318681318682
46e1c01fc11c6093,0.9560439560439561
c832ebb5f179d223,0.10989010989010989
4c3b3d712993d3eb,0.5494505494505495
d4db0e5ad03c7985,0.5164835164835165
172c6ef226fa26d3,0.01098901098901099
09142c8fe8c14f9a,0.9340659340659341
2f0d76aa70090d4d,0.7472527472527473
6e59fa5f5cb6d4bb,0.42857142857142855
a256608431d5bf57,0.6373626373626373
a7e32276554933c7,0.4725274725274725
c2bfa604853ceece,0.31868131868131866
15c62359c66544b3,0.1978021978021978
9c0a5bb6449dbb51,0.6043956043956044
e43fa5b7a4efd348,0.967032967032967
9ca4c1fe0ed6ef81,0.5934065934065934
0aa608e9906bbd30,0.4835164835164835
a16dfeb3a3e2b018,0.8241758241758241
7f73be15c06c50d0,0.26373626373626374
86ef9cf3f469faa7,0.9010989010989011
cf469c023b430b12,0.3626373626373626
b3149a70a183808d,0.21978021978021978
268781d20fdcd0da,0.43956043956043955
658841c1b4eaced7,0.8131868131868132
aed54eeeab52891b,0.27472527472527475
b1938918b36b1431,0.6593406593406593
7f2f0e67e977882f,0.34065934065934067
7401ec90e14985b2,0.03296703296703297
bd66e52b57e717fc,0.7582417582417582
1f1bf60535751ef5,0.2087912087912088
2b5a36433bcff01f,0.9230769230769231
679c1eca33df9b3b,0.5274725274725275
83ae0707f46ac4b8,0.6153846153846154
eebcd0ff7d04f335,0.8351648351648352
0f95b3169857d6d2,0.5934065934065934
aed2a39beefbf62b,0.989010989010989
c3f30ba817f14a31,0.7582417582417582
7bc3c4d020fec9bc,0.3956043956043956
094d258ced0164f8,0.6373626373626373
3a5cced74bbdb6e0,0.8021978021978022
1fa78a13a7d368bc,0.4945054945054945
36b880a824dc2644,0.6483516483516484
895c9a7fc25447f9,0.21978021978021978
6f5f1f5d2ae0e775,0.5824175824175825
7425260a466e5584,0.5274725274725275
2ce3c5dca6f65260,0.03296703296703297
e71cd01ba3e3e20e,0.6923076923076923
348eaa423cf4a060,0.5164835164835165
30526d94020424f4,0.32967032967032966
d0896764ef96806c,0.5604395604395604
ce52cdf339f7dae9,0.2087912087912088
033440caadc670f3,0.9120879120879121
dd3988f2d552b916,0.4175824175824176
99114321079905ad,0.5494505494505495
8f936d33de3e5115,0.42857142857142855
880031937ee5fdc5,0.6813186813186813
8393a2c65c8aed4a,0.5384615384615384
d425735359f7ddce,0.4725274725274725
9268c2eb2fdb0d15,0.43956043956043955
75fbbeef2f83d0e0,0.8461538461538461
940bd756784cf90d,0.978021978021978
2ddfe27087de4d6b,0.06593406593406594
64b74173a57b21d6,0.13186813186813187
a527becd9374dabe,0.9010989010989011
51b58aadb8ab1454,0.7252747252747253
90c0c904e3fcb387,0.4065934065934066
23d447f138ea3316,0.04395604395604396
42220dcf9943a46e,0.46153846153846156
4947d51d5014043d,0.7362637362637363
e073306938eadd72,0.054945054945054944
3e641de152b2ab23,0.08791208791208792
f5acec8759a43c24,0.6043956043956044
105191703f6dcd12,0.2967032967032967
9085ff91f6e21077,0.8131868131868132
522cd0c39d5e011e,0.8681318681318682
55e99d1f58fff10f,0.6703296703296703
378204e7666b0b76,0.7142857142857143
09a1f1e9f1f0a87e,0.18681318681318682
d0d18f1fec12825e,0.4835164835164835
b041e10902c6abe7,0.7692307692307693
7a3585d24206b2ab,0.7802197802197802
44da8f21dc289488,0.3626373626373626
638b883d34bf6440,0.7912087912087912
8f46f451ef2d08f6,0.26373626373626374
04a99d9eebd247ab,1.0
102937c286eb81b1,0.01098901098901099
01a71f4299c076ec,0.45054945054945056
38ee2b9ef52d7619,0.9340659340659341
9335677cfed47360,0.8571428571428571
52fc4961062ede12,0.3516483516483517
9e233c485e1f1a02,0.25274725274725274
1d29194ab6607ada,0.5054945054945055
3af335328fb570fd,0.31868131868131866
2e6e59522a79f408,0.38461538461538464
71706bd7780e5b99,0.23076923076923078
b0ca75db824361f7,0.27472527472527475
5bb2cf8492e5d003,0.07692307692307693
72778fa179c39879,0.8791208791208791
59097e2f72c26bd7,0.12087912087912088
b05d0c2940384ad3,0.3076923076923077
b5b55138e48a9c77,0.1978021978021978
9cbd3163b7e38f7d,0.8351648351648352
cb27319be97a550b,0.17582417582417584
47754622dea35286,0.0989010989010989
7684fa6c858775e2,0.15384615384615385
bd2a095252a25d9f,0.7472527472527473
a48c91d037696671,0.7032967032967034
e98237d6e3277b04,0.16483516483516483
735880780c6a95d4,0.6263736263736264
6cd7629182479817,0.37362637362637363
7079a978aab64a13,0.2857142857142857
3703a4e7933e6cd2,0.5714285714285714
685cf7de03fc5803,0.8901098901098901
d8a3706118244f2b,0.24175824175824176
c7a60218c086c10b,0.02197802197802198
78ef6f893f2cfee8,0.945054945054945
3bf4abfc19dabaf7,0.6593406593406593
563bf3701c68c364,0.9560439560439561
27caa9307768ccf3,0.8241758241758241
aa8ff522c25642a5,0.14285714285714285
1c09087e0198238c,0.34065934065934067
5606eb6dfb00e036,0.10989010989010989
7ef55ac754a6564d,0.9230769230769231
86b9468c4cd5167d,0.6153846153846154
1e530262887631ec,0.967032967032967
f6a923f05bcbd65d,0.6043956043956044
d2105ceacb0d0d97,0.07692307692307693
792d2b2df171ec9d,0.6153846153846154
47be51287f21c6a8,0.9230769230769231
13a774e005abf4f9,0.5274725274725275
383d1fec9aac2276,0.4065934065934066
80a99ce26c02bbf8,0.8461538461538461
9a37f13473513d65,0.08791208791208792
76bbfa563968ec4f,0.2087912087912088
b0349b27e1b5dbf7,0.03296703296703297
47a708d76dd7bee6,0.054945054945054944
0a77b5b72b058465,0.5934065934065934
fb81aed00f161312,0.989010989010989
4af3938f82ec5e29,0.9340659340659341
60a092227c806927,1.0
10bfa258099847fa,0.06593406593406594
109d74c96fa86d05,0.43956043956043955
68d550f7fdc2c094,0.6263736263736264
11d7db6f28a7420d,0.9010989010989011
ed099452ae351508,0.26373626373626374
66e3f0f1f49f40ff,0.38461538461538464
07cfcd803ed3443f,0.967032967032967
a3506eefe45f98c4,0.7802197802197802
e9822ca076846293,0.04395604395604396
d766dadfb310f1a1,0.16483516483516483
bfc8634d0d3b9299,0.8901098901098901
6ab124eab6c8123b,0.37362637362637363
ea17e675296e8126,0.7582417582417582
34e0ec38a1de0fa4,0.3076923076923077
0f5821270aa5b51a,0.9560439560439561
9ce8b40180665ca9,0.13186813186813187
0cc27e21a903e17a,0.8131868131868132
3a808f3f4a45512d,0.42857142857142855
276961214a4e74bc,0.12087912087912088
b3f958c7e242aaec,0.1978021978021978
475d4b06a42bcb84,0.24175824175824176
03cd31d138ae3928,0.7142857142857143
1b0c4ac48b359655,0.6813186813186813
4ff546ba1313e131,0.6483516483516484
4f9d900ae9ff11c7,0.23076923076923078
42513fabe05d195f,0.5714285714285714
6346043c125acdb4,0.945054945054945
3dfbac782cd8f503,0.15384615384615385
3347a364a849fa51,0.34065934065934067
76ded6137768a576,0.01098901098901099
430652e124415c1b,0.3626373626373626
b4501cd3e1920624,0.8571428571428571
f604b286a7fd0c30,0.0989010989010989
e8ecc39ca024d2fc,0.17582417582417584
0d2918d9b7ad8554,0.32967032967032966
e3fcf4ea82a4a1ef,0.4945054945054945
d4be676ffb18de52,0.8791208791208791
639060bdbb29774a,0.6373626373626373
a52e02ac8c8f7068,0.7032967032967034
d1502b2225002573,0.5384615384615384
270f7ff739080f15,0.8681318681318682
4e82c7c58ff05b43,0.6923076923076923
1acb0e59f57038ff,0.7472527472527473
92efb170701ef911,0.8351648351648352
0c58664adf36aaaf,0.8241758241758241
b626cdb15de5cb2b,0.6593406593406593
6a4dc41dddfbc594,0.4175824175824176
ca68af395afbdada,0.5164835164835165
3425385e041d269e,0.45054945054945056
d41f96f3010251c7,0.2967032967032967
0157fbf0e4403ca8,0.5494505494505495
0facbcc4a338c198,0.27472527472527475
c08ef2413efbf302,0.7252747252747253
bfb1f52cd784cda9,0.5054945054945055
9f6da6c75de6959a,0.5824175824175825
50886ea5bd01f4e9,0.9120879120879121
9f157b52bf08e467,0.978021978021978
21ff9e7a3b11c4c3,0.3516483516483517
6f0335e79875506c,0.3956043956043956
edaadd76001f1228,0.7362637362637363
e61420cd1fb88951,0.25274725274725274
4cb1aab4aca6af35,0.21978021978021978
68968338099f2896,0.14285714285714285
3888e2efc941e563,0.8021978021978022
f51862d52a480897,0.46153846153846156
08c94c91f921212e,0.6703296703296703
7696680299541925,0.02197802197802198
62f3b4a53d980596,0.2857142857142857
b3a4c2749c3b1a8f,0.4725274725274725
a1d3a83c82bb1d60,0.31868131868131866
60e251fcc7943602,0.7912087912087912
1a7e581d45a777a0,0.4835164835164835
fae3b038f4cac99b,0.10989010989010989
2b970a5643c49a14,0.5604395604395604
6ad86652f9c03f13,0.7692307692307693
35a4a501136787c8,0.18681318681318682
c48f68a3fde2f2f9,0.5274725274725275
0f5ecc2deb56a574,0.16483516483516483
2e848575d09bac79,0.01098901098901099
afe92dca36b0a9f2,0.3076923076923077
41a29acd2f6eaaf1,0.6263736263736264
2e32feffc5faa03c,0.3516483516483517
eec2066419e963ab,0.9010989010989011
6df44b97e2f1fd24,0.9560439560439561
efc794fd4600554f,0.5824175824175825
5b2b59eab68223c8,0.6593406593406593
b5169299d6bd32a6,0.6813186813186813
356149b81f90901b,0.7582417582417582
2025bd42e8724353,0.4945054945054945
6ddc3bbc12280b63,0.6923076923076923
254447256e3c4269,0.38461538461538464
5d25c361f53bf799,0.9120879120879121
5b90cdf91b785200,0.3956043956043956
694f7fc82059bb1c,0.967032967032967
21f2f4554fe2f474,0.5714285714285714
19e88acf66eb55b1,0.2857142857142857
1c2a4fb626d6dcd0,0.06593406593406594
fd125d7c2867b0d0,0.7142857142857143
b6a652ffb9f9e2be,0.13186813186813187
be883613296d3e0d,0.8021978021978022
9a1c2e726a410d75,0.12087912087912088
63b3a7a974cc3a98,0.7032967032967034
92f01d22e3df9dd1,0.7912087912087912
3418cb3cf4a8f1ac,0.25274725274725274
539ef6886d9a9dbe,0.26373626373626374
6fbf607cd97e849a,0.45054945054945056
3fa2800934b4b79c,0.8791208791208791
63f582ea2e20ae33,0.8351648351648352
7f3aa82492cf2fa8,0.6153846153846154
65d0039844f8ec6d,0.46153846153846156
b26d39f54ab1bcc9,0.4725274725274725
8596c87465af1e8c,0.02197802197802198
4b6d1d16d6261003,0.07692307692307693
7f9521c146284575,0.8681318681318682
6b0145a976ad5c23,0.34065934065934067
e5fc16e9a3fe758d,0.27472527472527475
4f6ec7057f5b861d,0.14285714285714285
615cce824c735a34,0.5384615384615384
6184a1d54236fc2a,0.4835164835164835
1e7aed7e31c1f2a6,0.8901098901098901
4dbe2525806d3b8e,0.8461538461538461
6eb989a251e33935,0.6043956043956044
ebed64d44019b1c7,0.6703296703296703
7b45eca0d3dfc168,0.5054945054945055
e932e06a9c517708,0.6483516483516484
ebb5ab2cacf5cada,0.2967032967032967
4ae610688725b970,1.0
43c326932f089c57,0.2087912087912088
0014e5010b375079,0.978021978021978
c14ef82f3e39a8ac,0.03296703296703297
02e0057b2ac36fc6,0.42857142857142855
1f6ae6c61f6b6a45,0.0989010989010989
e9fb1a2639952165,0.6373626373626373
04b99007cf8b7eb9,0.10989010989010989
4b0d44163939f4d8,0.9340659340659341
9afc5f3fa7aed4d9,0.5494505494505495
70fd857ae1ebccdc,0.43956043956043955
2ea23ae295336b6e,0.7802197802197802
f724fa084aabdac2,0.5934065934065934
9688e46d9ba077e5,0.7692307692307693
9f42d5e47763f904,0.21978021978021978
a12e6a34d66dd5fb,0.8131868131868132
cd0d9bfa6c1806e1,0.04395604395604396
39b8e4c8009d55cf,0.054945054945054944
c4a3a9ba056a4d2e,0.7472527472527473
2c95523481694803,0.15384615384615385
6ea3ae7099c04656,0.8241758241758241
8d8c984456f01256,0.4065934065934066
463ae7d73ee5bc3e,0.7362637362637363
7d6a5a1679f9e6ba,0.23076923076923078
577a9bc812495baf,0.3626373626373626
993f53b2eead1b91,0.4175824175824176
9124ac2b0523833d,0.9230769230769231
066b248a8f7c4178,0.31868131868131866
b0f7e47da35e463f,0.32967032967032966
4f6f54354318b4b3,0.945054945054945
7724a54ee9b16d11,0.18681318681318682
9dfdbef7679ff3c6,0.1978021978021978
2e24f7d5d25ea5d2,0.17582417582417584
68b734172421decb,0.5604395604395604
6a616b5dc33c5bbf,0.24175824175824176
4f9e1cb89cb30b9e,0.8571428571428571
1cc330644edd5e08,0.37362637362637363
7bc347d246078008,0.5164835164835165
835b9641628041f4,0.08791208791208792
5734de734a7d6f09,0.989010989010989
1d62232ae05c758a,0.7252747252747253
e010cc8b77c4fdad,0.8152173913043478
d7b977b5a7bf4b67,0.11956521739130435
e21bf39bc59fb637,0.5217391304347826
d908bf8e8657af34,0.7608695652173914
8ad3fd18490f94ab,0.9456521739130435
65be592aee19b5d3,0.29347826086956524
12f9dcb98637be04,0.7282608695652174
96f72e1531e1d383,0.3804347826086957
302299de3c629bcd,0.4782608695652174
e7687322b5142838,0.30434782608695654
b1a96d4d49506ccc,0.7934782608695652
a471dcc682d44663,0.42391304347826086
bfafaa49c6b4265f,0.15217391304347827
535e34fc67712bb7,0.9130434782608695
aaf25c20634be895,0.2391304347826087
25bce930322cf2b9,0.9565217391304348
06a4bd36ebb99eb7,0.41304347826086957
9fbb9d30f5fe952c,0.358695652173913
c45c6417520d1a4e,0.5
1de91b564d5c8d9c,0.8913043478260869
73ce4f1e769d2737,0.8478260869565217
60cc952cedd01742,0.20652173913043478
5e0473a84d2e2513,0.14130434782608695
ec5249201b30923f,0.25
409a7fe0b41c6620,0.34782608695652173
51e3a1902475e242,0.2608695652173913
0f8fc4d7a72a4f12,1.0
e760ffc97c1c3b92,0.8695652173913043
68b95658838513d4,0.6739130434782609
cb428fea727589f8,0.5652173913043478
65430a8a88bae246,0.75
5e2b7d42d169c686,0.5978260869565217
cce489a717a3ba29,0.9239130434782609
d8fcd4d18b3f2824,0.43478260869565216
d4225a1ab7a1d499,0.9891304347826086
fa5891627dc5f466,0.6847826086956522
749974510c102ca6,0.09782608695652174
078dc93ce1d35e08,0.6413043478260869
67eeded5b798814e,0.22826086956521738
d28e9620930180d6,0.5869565217391305
276eba91ce065bf2,0.532608695652174
a62034327a7cca1a,0.9021739130434783
115e6a32d5345453,0.1956521739130435
63bd78d8c4449408,0.8804347826086957
f1943784d72f3b56,0.44565217391304346
970d1495c2f4e481,0.5434782608695652
8c3f5e416ed1e2bb,0.17391304347826086
89e31ae8ec94e4c8,0.6086956521739131
6deb66516bf5fb79,0.32608695652173914
d54dbbce6182881b,0.7065217391304348
f8a5b4816c103e23,0.10869565217391304
aeccb825381f8e31,0.717391304347826
729d6c5c5b8c7555,0.8260869565217391
79a6fb968ec307c5,0.6304347826086957
0092b7fc50eb4c3e,0.8586956521739131
c815078a80dbe9a2,0.05434782608695652
a074f9d74a9b83cf,0.782608695652174
2cabb672ea608e22,0.5543478260869565
2de9b1cb274f5120,0.967391304347826
de2e672647cc7bf0,0.5760869565217391
c41a2b6ae2ad5323,0.45652173913043476
bebbadd160e53b10,0.03260869565217391
5d254d222568ea5f,0.6956521739130435
b43912b01b1b9495,0.31521739130434784
1009908b938d07c9,0.21739130434782608
e0102119673ca785,0.33695652173913043
296431f60d119e43,0.2717391304347826
430a8103ced55258,0.7391304347826086
f8117723759d8a00,0.4891304347826087
2d683c2f196b4ae9,0.043478260869565216
c9f8c037f6507f87,0.08695652173913043
bfbf8f05f867b3ae,0.6195652173913043
9aa48dfeff040099,0.5108695652173914
ab55b5a336495d11,0.010869565217391304
f32947092374e0e8,0.40217391304347827
58968438ccdb5dc8,0.07608695652173914
2158fba7a1f568fb,0.16304347826086957
13f7eb7ce05a5269,0.13043478260869565
a99a5645c4b85542,0.4673913043478261
cdf7e9101223aa4c,0.9347826086956522
6a3e06d6fe56fd41,0.6521739130434783
dc7dfb4613085782,0.391304347826087
d08343df2dfddb5c,0.021739130434782608
275c82050350de0f,0.9782608695652174
eb73fb513475d2f1,0.6630434782608695
9326733d864934d9,0.3695652173913043
1dedaf4fc793a283,0.18478260869565216
002661bceadcc98c,0.06521739130434782
c5244673a3f15399,0.7717391304347826
61405c17003a92e7,0.8369565217391305
903c78270b395a8d,0.2826086956521739
533a38643a1c91a1,0.8043478260869565
665a3f6809dc2e71,0.6956521739130435
be6b2db2aa23ccb4,0.8913043478260869
70f5299cbf2d88e0,0.5434782608695652
e336851e23947bbe,0.33695652173913043
380abd957f55dee9,0.9891304347826086
bf1d1ab2645129e6,0.9782608695652174
b5871fea71744630,0.20652173913043478
0192bf2295a5d51a,0.13043478260869565
56bb575b2a188594,0.25
8a13c9396dec730d,0.8586956521739131
e3b2e31b7885c1da,0.717391304347826
f5a37d2c5b6814a9,0.021739130434782608
bdf5ae2dd0cacfce,0.5760869565217391
6de11bd2d1c7f057,0.2391304347826087
ab7e223292d56578,0.4891304347826087
086a67bac452c8e1,0.40217391304347827
b2f83d63903e1f45,0.5978260869565217
82bed61a2f5a79e6,0.8043478260869565
eed29e2d1bde5249,0.1956521739130435
8464d34c2a2a8a11,0.21739130434782608
d185cf3ca5c8f84e,0.9347826086956522
135de9e15053fcb3,0.6195652173913043
72ce63e76fbc49ae,0.6521739130434783
e3ce5cbcaa97a921,0.11956521739130435
721ced1dbde9ac48,0.7608695652173914
9d57e7a454d93bd2,0.07608695652173914
2d6d2d3f86dd3916,0.10869565217391304
643216a6a60adced,0.782608695652174
f9e8dbb34f31a6ad,0.7065217391304348
04b4147982577da3,0.44565217391304346
b8ae68a335fc3bac,0.17391304347826086
f22495628319bd3f,0.6739130434782609
704555ff4f57bc6b,0.8478260869565217
7ca28817c3aee568,0.6086956521739131
6d46ea7b5dec7f19,0.09782608695652174
afcfeb3a8458e036,0.9021739130434783
402a2c109a86982c,0.75
288e84b5b6118317,0.32608695652173914
acecda87ca435416,0.29347826086956524
4e4d23801d116e6d,0.010869565217391304
27b33518337e4e11,0.3804347826086957
3c150b016f4dd733,0.18478260869565216
81b9fbb81c4acd73,0.358695652173913
81099c8418dc2646,0.5
9231891f5af48d4a,0.6630434782608695
74bf45bf18978857,0.8695652173913043
bec9b2ac09c6f65b,1.0
2a4b3ccfe91cf92b,0.391304347826087
0540cec05a3905b3,0.16304347826086957
cd61c027098d49c3,0.2826086956521739
afb6a4b9e26665c4,0.7282608695652174
54de601bf1f4adb4,0.8152173913043478
9bdc78a82e62fa7f,0.2608695652173913
b8ce59c366ab96ff,0.31521739130434784
f7c124c61e7e642c,0.45652173913043476
ee60cb03038d68ad,0.5543478260869565
702f6c6885116a5c,0.42391304347826086
804934839e534214,0.14130434782608695
817fe268bbf77683,0.3695652173913043
12dc2cb7d744df26,0.043478260869565216
7053b669ac774141,0.8804347826086957
adbd1f471b223611,0.34782608695652173
e617332c221c1d0a,0.08695652173913043
5970fe7b9fb42c57,0.7391304347826086
9fc7db7f0c005995,0.7717391304347826
4b3169972dfad20f,0.532608695652174
04271cd64ecbf6f3,0.967391304347826
4d7a2d672c9fffb0,0.8369565217391305
270187d5341510f5,0.7934782608695652
8b8e63d23dcd2cb3,0.43478260869565216
9e4dc8f928dd6946,0.9239130434782609
70c544b553e216e7,0.5652173913043478
d49c179c776a1cfd,0.41304347826086957
bf3f29cc7db120e0,0.06521739130434782
6212d4fdb3c936c9,0.4782608695652174
d60a16e00b53c3d9,0.8260869565217391
11eebdd49693a217,0.5869565217391305
1039e0b34d31816f,0.9456521739130435
9d19be058847cb20,0.05434782608695652
0f701b07db99209a,0.6413043478260869
217e0a53fb0409a7,0.15217391304347827
6f15e1d3268a94c5,0.9130434782608695
dd84f68a46096472,0.6847826086956522
565cfdc0ec0bf7ba,0.6304347826086957
0bd2554b1a355aa5,0.2717391304347826
2c0e561ba0e6582b,0.22826086956521738
a49a3990b9051076,0.9565217391304348
d5553a8310e3af95,0.5217391304347826
939f0bb598595c37,0.4673913043478261
74cccbca0ed55a5b,0.03260869565217391
45d3b60ffcf18fce,0.5108695652173914
964d787819533a9d,0.30434782608695654
b877a7d8dd127f94,0.18478260869565216
f256f02a526e3561,0.14130434782608695
0179c0f3045ff36d,0.2826086956521739
f56dde07bc98b9bb,0.6304347826086957
133c2f9d6f179243,0.30434782608695654
77cd4c5403cc4968,0.7391304347826086
48078a493af2fbb6,0.03260869565217391
2d4d501d8338401c,0.75
5c4d2002c6126d57,0.33695652173913043
eebb6c0e43e24792,0.29347826086956524
1edc2adbf32ca908,0.5652173913043478
a9e8605a67f040ee,0.07608695652173914
5f2630d501114e42,0.3695652173913043
95a7dd63edb2dc47,0.45652173913043476
a5d3afc644c2c0ae,0.967391304347826
9a0bc4dcd1726979,0.21739130434782608
801fb0aa53d3c7a0,0.6847826086956522
2e18cb790fa51ae0,0.4782608695652174
f8d305467fafd439,0.532608695652174
ef0c08741c20371a,0.16304347826086957
b42e278dedb96017,0.5434782608695652
511d0368b7cd3209,0.043478260869565216
cb3f852bd48e075e,0.40217391304347827
4638ceaca2895c65,0.8804347826086957
eb87861240095996,0.717391304347826
944ab207b33e3d21,0.9891304347826086
25d830a9ddbe384a,0.17391304347826086
f190814058632cf7,0.9021739130434783
a9726fa7567a804d,0.5
057a69a83c42033b,0.20652173913043478
c9f33527094b8354,0.8586956521739131
393e0566eca23d88,0.32608695652173914
9fedd74c0234f4a9,0.4673913043478261
8e32eea303462ef5,0.6086956521739131
69f5130f6cf0dc39,0.42391304347826086
36f5d5ec47939211,0.7934782608695652
e1aff7ec07d870db,1.0
c261a1859e49b7a4,0.9565217391304348
b601b6b4302ce8a3,0.5869565217391305
a0be5720d01aaa3c,0.8260869565217391
66b87d31f678daae,0.25
49ac732ee517dcb5,0.9239130434782609
58444a9fb99da595,0.05434782608695652
697b45d0b9a07624,0.1956521739130435
42a672d4147049fc,0.6630434782608695
f5519dffecb47112,0.7065217391304348
992f2482180cf018,0.15217391304347827
aa19f9759820f2ef,0.8913043478260869
95426a2deb265f6d,0.9130434782608695
fd24ea27463845cd,0.5978260869565217
4b12b125a4d917be,0.391304347826087
3e228a267f96a5b7,0.41304347826086957
b15379416c4dc541,0.5217391304347826
1189665b2cde55a6,0.5760869565217391
618a21accd9babbe,0.8043478260869565
607196a31ac368d3,0.6413043478260869
61a243a55f46a9a4,0.11956521739130435
7f66f24055e062d3,0.6521739130434783
3f1c6da93b0a86a3,0.2391304347826087
a7a096efffb59f30,0.06521739130434782
6711e6392b19b99f,0.7608695652173914
07b721bfbdc52a29,0.8152173913043478
7ee18c916b2e83ce,0.08695652173913043
2c8bfb80461a39b0,0.6195652173913043
31c6df221836dcbb,0.44565217391304346
0d04199262736aa2,0.2608695652173913
e9b1b0f1dc0ee8e2,0.5543478260869565
ffcd53a0864285ef,0.09782608695652174
a3b6c464340f0c09,0.782608695652174
be9ab7bb68aec49f,0.8369565217391305
12dccb465285c085,0.7717391304347826
2c1477a0a67b0030,0.358695652173913
2f69f4e80c052d6a,0.34782608695652173
e699c939bdc6a7c1,0.010869565217391304
efc764120284aba7,0.31521739130434784
0ade267e3198f81f,0.021739130434782608
ec491497ab93829f,0.6739130434782609
561846c3599b50c7,0.13043478260869565
91d5c8b3d76438df,0.10869565217391304
3785d5d9ccfd50e5,0.2717391304347826
e11b59e6415ad6f2,0.43478260869565216
fcc9ea12492f72cb,0.3804347826086957
f67b3a895d0a31e2,0.8478260869565217
f64a0b8dcd8098b5,0.4891304347826087
25ebc95a932664b7,0.5108695652173914
abb85acb2a10b196,0.6956521739130435
9739875d7e64f711,0.9347826086956522
69fa6aa07da32f5f,0.8695652173913043
8493a7ccd56a20da,0.9456521739130435
9ac449ad2ee9455f,0.7282608695652174
e7881d2d48f3e069,0.9782608695652174
55c6746029be7064,0.22826086956521738
61b9bd5381ed0d64,0.25
2c5f26eb8bafd05b,0.043478260869565216
9be595890fe6f779,0.5543478260869565
49942cd0132cd006,0.9130434782608695
1e0255bf84c146cc,0.03260869565217391
bba01091f52cc0fe,0.021739130434782608
88ba5eecad2821b1,0.7717391304347826
9d9872d1d83000f1,0.11956521739130435
a4fc09cfc0b23cb9,0.42391304347826086
e4464f059449c06a,0.5217391304347826
47878c0c5c765cd0,0.358695652173913
6b6f761d9cc9ad4c,0.05434782608695652
dbae74e7f8d256b6,0.06521739130434782
1116f0385553f13d,0.7282608695652174
6cd90df5430383c6,0.9021739130434783
cade4392b43d8449,0.44565217391304346
51290f28a0d25bcc,0.5652173913043478
45332c9257ca7ebe,0.33695652173913043
766f6773295b52aa,0.40217391304347827
ee63c76dc18d1252,0.22826086956521738
f21987a60cbb8789,0.07608695652173914
64c926f2556bbd2b,0.6086956521739131
08417193ef40e98f,0.3695652173913043
31d672396f715211,1.0
689c0c1ea32ee4d8,0.6304347826086957
e7b3e9d96f8b26f6,0.9782608695652174
f1cd370d39396c83,0.4673913043478261
a8921d39f7200514,0.1956521739130435
0ee3133a9b32043b,0.8804347826086957
89d424b611ceff4a,0.20652173913043478
7be22d53a32e18d3,0.6195652173913043
f385fc5d188da196,0.09782608695652174
14c36f7b2780e193,0.13043478260869565
79d486e8ded17aec,0.9239130434782609
590d812ec55db552,0.9347826086956522
7eb9c013482df48a,0.2608695652173913
3ef885de5f02a293,0.5869565217391305
5917a00ee868d08a,0.21739130434782608
6268bb1a4b04d9ad,0.34782608695652173
7f0d216003470477,0.29347826086956524
087a1e961b42dcd1,0.8043478260869565
5506b9810e5a0b13,0.45652173913043476
b6d3fb0e6ae94289,0.4891304347826087
20285c2b637cbeca,0.4782608695652174
88c290e066f4c1e7,0.18478260869565216
166ee48f356ca787,0.14130434782608695
d374b9d55973dbdd,0.5
dd1eb5ecf5e814f5,0.9565217391304348
e881462dc8cfbdbe,0.6847826086956522
992fddd7296b1efc,0.8369565217391305
4e9342366b597213,0.75
8af518f0ed8481c4,0.17391304347826086
7b5741f173638160,0.967391304347826
251c85875db03f5c,0.08695652173913043
f574a7c57bcd6849,0.717391304347826
70bb38d69f46f860,0.31521739130434784
22ab28d226a182ef,0.2717391304347826
df20df513cbab88f,0.6521739130434783
ddf04c0498a051f1,0.5434782608695652
6209a0c791241b26,0.6413043478260869
3620cfba27720128,0.10869565217391304
e07883df2e67d1a8,0.532608695652174
2029d52961d232a3,0.5978260869565217
857dfed331ef8066,0.391304347826087
59f0b402da65a745,0.8260869565217391
e15578348b7c32b1,0.6739130434782609
f4765493e35f98f9,0.8913043478260869
81fba177d394025b,0.3804347826086957
b6d547448fc1a218,0.6630434782608695
393268f0c447a51a,0.16304347826086957
6e06957b3dd1197f,0.8478260869565217
a5e2bb186bf6d5d0,0.5108695652173914
32238fccff1af59f,0.7608695652173914
ca65338d56fccf63,0.6956521739130435
e84784e3f7b71b5a,0.782608695652174
d8bd6495f94a7a57,0.2826086956521739
341afec9647a4cbe,0.7065217391304348
3fe85015fd7ce761,0.15217391304347827
e218d1d8e088a6cb,0.9456521739130435
e29a1b4470c0c41b,0.7934782608695652
f618476132263e7a,0.8152173913043478
c057840ed3b2a1e2,0.2391304347826087
cf16e535dbaf4a39,0.010869565217391304
5d816f22b1b13776,0.32608695652173914
e0e0fe5dd764e7a2,0.7391304347826086
6c54a8bdb8d3959c,0.43478260869565216
a14eb99ade1850ff,0.8586956521739131
ff888b611da41e45,0.5760869565217391
e0f4edc605e21c58,0.9891304347826086
46acda994da174ca,0.41304347826086957
a2b6d80fefa3f1bb,0.30434782608695654
b62f84b548a0cff7,0.8695652173913043
0863a66cad515da8,0.2608695652173913
a822a66c8f3c8ea3,0.8478260869565217
92e5d04220915a8e,0.03260869565217391
5c18bcd2234fd53e,0.6304347826086957
f36c4549198d4f40,0.5760869565217391
f939d06f4cd482fc,0.3804347826086957
4e3c9d38dd95d7db,0.18478260869565216
be508356ce934b43,0.7608695652173914
9e40a9bd0435ad74,0.9239130434782609
51676aba747bc716,0.32608695652173914
814e16f4cd12a3d1,0.967391304347826
3502c72075ef9c5d,0.5434782608695652
65cb9848e70fc6ef,0.16304347826086957
4d966be606836fb3,0.6086956521739131
034fa9d1ec0cec61,0.7065217391304348
033599f903b9b858,0.45652173913043476
5a93de0ab3fad65f,0.41304347826086957
5f4ab6c0e2de320d,0.13043478260869565
cf63ab1e1abe8536,0.25
0757909aa4c829f8,0.11956521739130435
1ab3674cb2445e9e,0.021739130434782608
4b09134e5ab8292b,0.2826086956521739
a7b45bcc9f1fc12c,0.8913043478260869
a496e7e502630a0e,0.14130434782608695
fd6c8c38feb90835,0.8043478260869565
3529fc66f6e0d388,0.30434782608695654
d53ec91b8816633a,0.10869565217391304
9b8d789e41e23dce,0.08695652173913043
d2e823a33ad662e9,0.5978260869565217
b58c6d77aedf7ae0,0.6847826086956522
9250504b95ad3a9a,0.4782608695652174
ce5f0cb9936f9514,0.2717391304347826
b3eb38e59c52182d,0.8695652173913043
823c5a61e2b3fe7d,0.40217391304347827
e38bf2e82629e4fe,0.1956521739130435
888cc64b0b90f9aa,0.6195652173913043
2190af5d49d63f19,0.532608695652174
6b8549610f7ab324,0.010869565217391304
e80b3569789f7929,0.043478260869565216
edae3d56810fa6f9,0.06521739130434782
943aefbe3c217b23,0.07608695652173914
8e8ee1a76d9eab64,0.391304347826087
4a2501f45d054ba5,0.4673913043478261
d363ca0cb1a968f4,0.6413043478260869
e7be7a5f93904168,0.9782608695652174
973038db716a5d3b,0.9021739130434783
03aeff9414d5882c,0.5652173913043478
aedd1276d9a1d0dd,0.717391304347826
5a4f85e51a50927f,0.8260869565217391
95835d124930f9d0,0.9891304347826086
ac54f54f19023ea3,0.8804347826086957
2092cf1c2bf9200f,0.5217391304347826
91c35ea50f5b2857,0.6521739130434783
373b098b938446be,0.6956521739130435
9ea3303d6bf1a142,0.29347826086956524
b86ee456437dd3ac,0.9347826086956522
f972c8ec9598c44d,0.8369565217391305
3d9cebd07c86fd06,0.4891304347826087
60464aab70b5ad2d,0.3695652173913043
0d649694b151a91d,0.8152173913043478
1d6986f8ff700e15,0.33695652173913043
46f4d811282e0b9c,0.9456521739130435
0df4bfa04859ac8e,0.5543478260869565
514bbb959ac8528a,0.2391304347826087
4f3e7d2d977349a0,0.05434782608695652
674787fc4130aded,0.42391304347826086
dc72c5233acca571,0.9130434782608695
28f28ba8c88c9802,0.31521739130434784
3d52c9e76c88d835,0.7282608695652174
93f4d455888619dc,1.0
62f7dd80bf9d976f,0.5108695652173914
2c420048242c3889,0.5
57ac93ad2b7cbe93,0.9565217391304348
6f6a9962968992c3,0.09782608695652174
aef134bea7c679db,0.5869565217391305
a16223428c352a45,0.20652173913043478
739538a68b836810,0.75
9934248b6a4e4cc0,0.358695652173913
9cc8866fd6eba78e,0.8586956521739131
2a3ce4d6fbbbedca,0.22826086956521738
4dfe11ab9b5807a2,0.34782608695652173
2024d03e61f26c7d,0.7934782608695652
9a64062abbf60def,0.15217391304347827
21d600270cdeec2f,0.6630434782608695
a25a1b91e96e9b3a,0.17391304347826086
205d1bded75e0760,0.7717391304347826
2d9bf60b8223e0f4,0.6739130434782609
f2ffd213267d9de1,0.782608695652174
c0c36289e811f1d8,0.7391304347826086
a218d567f74a0a92,0.44565217391304346
627dcd5635750893,0.21739130434782608
5f2cd228cb07fc47,0.43478260869565216
f77e6d7ebb580d69,0.2391304347826087
e35f2220cdfe1ea0,0.06521739130434782
038132de7a788f59,0.6847826086956522
0a77f2c9a6046b07,0.967391304347826
5d64a607ceaf0c79,0.8913043478260869
176d0c5a2c4a7c11,0.8478260869565217
f8ce79a3820f4ab2,0.7065217391304348
8f1b86bc34668d4f,0.9565217391304348
383ae109ee269d8d,0.75
cd18a83d2ecc24b5,0.8369565217391305
fad4b3a64de4216c,0.20652173913043478
e3d8c2fa08f8e323,0.3804347826086957
4e16a6fef9f409a7,0.03260869565217391
b96681f626e35495,0.21739130434782608
b26d8af1dbad79d2,0.41304347826086957
179515e6455bc908,0.8043478260869565
035147cce4a74cfa,0.42391304347826086
b4cda30ef2b53ca6,0.8260869565217391
7c8c957d44ba1136,0.5652173913043478
364a03c553a567a6,0.43478260869565216
81921352ed0279a8,0.9021739130434783
fc766a84aa40f1a2,0.2826086956521739
61652a476b5b1bd6,0.7608695652173914
d0e32b82e03677c4,0.30434782608695654
47dd2c117745162f,0.16304347826086957
113d043af5f2c9ed,0.9782608695652174
4de9652f5fbe5c65,0.05434782608695652
8dbcef32a32b87b2,0.29347826086956524
f7b70154a0d70f0f,0.31521739130434784
2dde9bf45163c001,0.021739130434782608
d4773a4bf3e5cbc7,0.9347826086956522
aea94b42959a32f4,0.14130434782608695
7896f7ef6d5bfeb0,0.358695652173913
9df318df5af850d8,0.8586956521739131
914aba228774be08,0.4782608695652174
fab43b6eefd06bd4,0.6304347826086957
ac7914b89d0bd2ca,0.08695652173913043
8e72125ee78c2f66,0.532608695652174
5899b87dff49a7a5,0.5978260869565217
1147a98614398244,0.22826086956521738
fb27d8e63e915ffe,0.7717391304347826
487ebab34eea1454,0.9891304347826086
e3131c734df08622,0.5434782608695652
372541d930c9acef,0.5760869565217391
71219fa2e975e514,0.5
ab2cbd81ea28d774,0.13043478260869565
e70f318faa0da20e,0.40217391304347827
8db40d1eb4c57483,0.32608695652173914
f76dc4f129841602,0.8152173913043478
8b1d6044f45b43a6,0.6739130434782609
c46f2b2a21f8a21e,0.5217391304347826
7a0cfed6111c6800,0.5869565217391305
acbec5e53a98e0e8,0.6521739130434783
50642d1325d78408,0.4673913043478261
4f04186ba614008f,0.9239130434782609
4579e66047d7eae4,0.6413043478260869
33cd0dc2b6c5e810,0.782608695652174
1e2e29c704a6b60b,0.4891304347826087
5b5388fb9bc9dc1b,0.5543478260869565
c55d37ae7ffe4c15,0.1956521739130435
163930ea4ba52fe6,0.11956521739130435
1a576a38393b764a,0.7934782608695652
67e0e2d4aa553b05,0.010869565217391304
d5700d88c795c2bc,0.07608695652173914
840d96143baa1f50,0.45652173913043476
bed2ba01865d6759,0.2608695652173913
5ee21c8398f81052,0.043478260869565216
5344edad981fb4c3,0.391304347826087
b915dc79aaf77fd1,0.34782608695652173
264498cfbc724c94,0.9456521739130435
c8a3bcc36e51cff3,0.09782608695652174
a970cad269e5996c,0.2717391304347826
9693a2c6a3cf3511,0.5108695652173914
ca436ff42bd75bb8,0.717391304347826
565a82bef755c12b,0.3695652173913043
8e6944df95c9b0be,0.6956521739130435
ebec96464411d6bb,0.7391304347826086
14b195e5d6b5cbb2,1.0
7eb200c4a4b06adb,0.9130434782608695
9a8b883719f6ee96,0.6630434782608695
c7c847ded4b4f8da,0.6195652173913043
cb358d8057fed7fd,0.7282608695652174
bb7b971b136292d8,0.18478260869565216
35e8dd402d2c4888,0.8695652173913043
4480a34213e32e4e,0.10869565217391304
c0e2923804c506d8,0.6086956521739131
83929981f27578d6,0.17391304347826086
3f49230ff97fa8d4,0.33695652173913043
91080b6a567ec43a,0.25
c1166e0f959c331b,0.44565217391304346
ec6e5f4a88957e56,0.8804347826086957
2c6649bc41b11031,0.15217391304347827
ef741ff146537bbf,0.05434782608695652
a464ba9d1bc6ef5d,0.7282608695652174
5f832ab3a4dae23c,0.2608695652173913
a20c4ab60a97f603,0.44565217391304346
add297e6369ace92,0.31521739130434784
a51f2ac160561823,0.5
0af5f67a6d5253f3,0.6630434782608695
dc563b611641892b,0.32608695652173914
85e0e1ed797182c6,0.043478260869565216
6d55fe49fd65c0d2,0.6304347826086957
0c3bab8f64737961,0.021739130434782608
62330d7bbeede49c,0.07608695652173914
1ca4ae0d09438d3b,0.358695652173913
d98dd69afdcb6ba0,0.6195652173913043
c378f004e64db755,0.41304347826086957
057257a8b8304710,0.7391304347826086
33b0215d5c29d213,0.6956521739130435
67e11c5fa004b389,0.010869565217391304
9e13b5611d80ffbb,0.11956521739130435
e43f949ac3e7a809,0.2717391304347826
50299a551ba9c030,0.4673913043478261
b8ff253007d6356b,0.7065217391304348
34ca231b1447ffc0,0.8695652173913043
03d73713d24e8245,0.43478260869565216
1b318ea83615cb6c,0.22826086956521738
6bfc8c687e675586,0.16304347826086957
0979f3e1035769c3,0.06521739130434782
56e5be36614f6601,0.15217391304347827
c0a041767cdd0086,0.8804347826086957
595d265e0f2f4507,0.9565217391304348
610b5a7e129717d3,0.7717391304347826
811488dbbf5ef30e,0.21739130434782608
7d22abe8405dfcf5,0.8369565217391305
dac0e0bb506d22ad,0.7934782608695652
c2559ff34240fbaa,0.13043478260869565
4eda7eef51fec45e,0.9782608695652174
cf0fd34817906e72,0.5869565217391305
cbbcc48d2fd8c490,0.30434782608695654
926d322b481566ed,0.6086956521739131
84a8c8de7b5e326a,0.33695652173913043
96b8c74f5e2ff1ea,0.391304347826087
85cfb1bc5d43cedc,0.6521739130434783
ed6c99a571d9c936,0.9347826086956522
0b939db8cef232a4,0.7608695652173914
a1b2c4730d49852d,0.29347826086956524
4b4b6fd54799c5c6,0.9130434782608695
3496b3561ea56039,0.4782608695652174
5fb9b6e4c4ffd389,0.967391304347826
5e5340d66213282f,0.2391304347826087
bb3a84493fc570dc,0.9456521739130435
fb80ff328c91544e,0.717391304347826
5c9269998e887ec4,0.5543478260869565
75c1660a4199d1b8,0.6739130434782609
d8a4a7ad3f45956a,0.782608695652174
70c6e36419a187e2,0.40217391304347827
b097901c519b16d3,0.9021739130434783
55c11c7c203d76fd,0.5978260869565217
caea279a9ced3377,0.14130434782608695
05b4a68f016cd2ee,0.3804347826086957
f51d9e1e324832d4,0.18478260869565216
83dd342b6efc66bd,0.10869565217391304
a172d7ac0e4dfa88,0.8043478260869565
2587308c36b20f6b,0.5760869565217391
e2a016dbb2126786,0.2826086956521739
769b864a68df2fe6,0.8913043478260869
82a1ad534d7c7f9c,1.0
c95a364bf1f89e87,0.42391304347826086
7e146428274ed921,0.5652173913043478
0a3923ff04b0e828,0.20652173913043478
0ab50017059b7444,0.9891304347826086
f5d33c33d84fc938,0.8586956521739131
f4751b826d233ebc,0.1956521739130435
f79634611cfbdbac,0.8152173913043478
8ae8e7217d482e1e,0.75
edffd146048bf2dd,0.6847826086956522
f4a0c3e9f23f56f7,0.532608695652174
2ccee5e56c8d1bae,0.5434782608695652
3e2539df820eb209,0.45652173913043476
98596d104576b0e2,0.25
4f2693dcd209faf2,0.8478260869565217
88bc11382a35936f,0.17391304347826086
4cf2015e4df49895,0.8260869565217391
5d736b398a2adc6d,0.4891304347826087
a40d496a6ef7bd22,0.3695652173913043
105592870cac6c10,0.09782608695652174
0aa939454449e1d2,0.9239130434782609
a5daf591febd7938,0.6413043478260869
5efe8ab4e03d7240,0.08695652173913043
30844049929e70f3,0.5108695652173914
d7e9fc01a2e1542c,0.34782608695652173
16d4b6cdc782c971,0.5217391304347826
7b48146278957ca6,0.03260869565217391
b75e2b3155587002,0.7065217391304348
8982a3d6df8653af,0.6630434782608695
1564a201fd002bc9,0.8043478260869565
8b2f6cd3fdb9cb25,0.5760869565217391
6e71667477bb294d,0.15217391304347827
2ca528f07b845aa9,0.18478260869565216
d47d4788a5412ded,0.31521739130434784
9bcf6639a9f26fd1,0.967391304347826
d4866e039d3eb51c,0.1956521739130435
679c950505ff6ff7,0.45652173913043476
c95aacd25e096de0,0.5543478260869565
b94532506731cd13,0.4673913043478261
2756a84726a93d91,0.7934782608695652
a24c367346665e77,0.05434782608695652
5ce52c212d783420,0.532608695652174
1de5bcd85453a68f,0.358695652173913
58646c61ad86d790,0.41304347826086957
5f09b6901b584511,0.5108695652173914
a90c7c00c6f0fb56,0.03260869565217391
d9094c43ee37cb45,0.22826086956521738
da446416250ea42c,0.8913043478260869
6077375fc1fcbf5c,0.07608695652173914
1c6fc165f2a810f9,0.2826086956521739
4bc57c54aa984aad,0.10869565217391304
ddbc1ec93bd72071,0.010869565217391304
79da30d798a79bd2,0.17391304347826086
1012374fcf554ee4,0.08695652173913043
f00ddf0918049b5a,0.21739130434782608
abf5f0dd8f87dc8b,1.0
52ff37c4f50a57ba,0.42391304347826086
0fdd8cea3867eac0,0.8260869565217391
3e787c7450cfb3bd,0.20652173913043478
965df71e50bbec25,0.9782608695652174
50a1805fbf0fafa8,0.5
91ca35b8f67d8242,0.9021739130434783
addde871d12dfa9b,0.021739130434782608
409766c9137f3a2c,0.2608695652173913
acfe4981733f87dd,0.8369565217391305
c9823239c55e6556,0.75
3c20e87edab585df,0.9891304347826086
a6bff530837a2049,0.5869565217391305
2129905013638d96,0.043478260869565216
6c00e07b1e366e88,0.25
f6d83e44ccfa7b2b,0.5978260869565217
76d30c1c643abc6f,0.40217391304347827
c1a52e8b53382212,0.7717391304347826
f80cd96ad2e2b846,0.717391304347826
538107f7958f88e8,0.9130434782608695
bd157f5c43177829,0.13043478260869565
63b330db6ba7e490,0.33695652173913043
33e7bf568b758bb3,0.6521739130434783
84cea1e61e7dac65,0.14130434782608695
bbafb76457ab6a2a,0.16304347826086957
a40b7050432159fb,0.8804347826086957
0cdbf30713b3c2d7,0.4891304347826087
1ddaa9d1db4f300f,0.06521739130434782
ca43dbcb3f6764e6,0.6413043478260869
af8a9b4ff8e857a2,0.34782608695652173
8d6f99d1b127dff1,0.9456521739130435
fe1a50fb3b272f4e,0.44565217391304346
1c17b8847fd0d01c,0.782608695652174
22da1a19ccbc8eec,0.5217391304347826
379b3037aa59ec84,0.7282608695652174
e2bf0fcdbdb5f073,0.2391304347826087
b7020c6f35cdb97a,0.7608695652173914
9bcca5f95ec0ada4,0.5652173913043478
d823898a6c0f593b,0.2717391304347826
48cdbafa1b488eef,0.11956521739130435
947d082ab6ae109d,0.3804347826086957
214c4a99f7985805,0.32608695652173914
62477e3392de9be4,0.29347826086956524
aad4c01d582608ec,0.09782608695652174
3b3d6454d76a320f,0.6956521739130435
219a1f56f38f1f5c,0.8695652173913043
ee2a8da0a4495bd5,0.5434782608695652
8fe0dd0316807c77,0.30434782608695654
e31932ee83a0b5dd,0.9347826086956522
d3c610729b746102,0.391304347826087
7fe9a0a0658fb249,0.6195652173913043
83d5945f2eba3896,0.8152173913043478
418673e5516999f1,0.3695652173913043
855b1100235e1920,0.9239130434782609
ae9ef660dd756531,0.6304347826086957
918c0450a03a2233,0.6847826086956522
8afd47640b8f7c42,0.8586956521739131
c25cbf2fb20cf719,0.9565217391304348
17a7a602a75ce023,0.43478260869565216
b5bdf5e7308066a4,0.6739130434782609
471889c14756222b,0.4782608695652174
6bab2423592ede80,0.8478260869565217
fea30c756eaeb0bb,0.7391304347826086
8817225c8bce7075,0.6086956521739131
6390c0eac9da272e,0.8804347826086957
831fe110f0389c87,0.782608695652174
2c0f43bff936e17f,0.6413043478260869
c4f12f424b0243bd,0.010869565217391304
2ee39b5ffc719104,0.18478260869565216
6b3b901cb9aa3e8f,0.4891304347826087
ff897eb6dde97635,0.43478260869565216
a1257f8b2e56baa0,0.30434782608695654
dea8c00d3eace40d,0.043478260869565216
1f0618ea5ef6e29d,0.45652173913043476
bc4e64740d64c619,0.6304347826086957
8bbb69366c8959e1,0.3695652173913043
62a69c4f6ae8f5e6,0.7065217391304348
cd0cb0c4940fa051,0.44565217391304346
ea5be54f48e9f3d7,0.9021739130434783
2437257538743fe1,0.41304347826086957
d61e242bf7dbb7c4,0.8913043478260869
db0f3a9c188e543b,0.5434782608695652
7794ace88ac0655b,0.6521739130434783
30026958f1ffbc9b,0.021739130434782608
c748a27eed77db35,0.5869565217391305
e254185a132951cf,0.2608695652173913
b5ce1173db08a021,0.17391304347826086
4c40a32342f44be0,0.967391304347826
f0f8554dd3494886,0.40217391304347827
4390fa8666f65ab8,0.11956521739130435
7c22d0565432ff98,0.25
6af1b17012211f15,0.75
a2c660b53ee998c8,0.20652173913043478
7c0b3d1ef0f9bfe9,0.08695652173913043
3044a7eb677288f2,0.9782608695652174
f5387ddead21b74c,0.7391304347826086
22648e03c35cec01,0.16304347826086957
f701e25e0ba29781,0.391304347826087
26bffbdac1dc3920,0.5543478260869565
0d0e4750a7b3fa1f,0.8260869565217391
9e794e20c759fd1e,0.9130434782608695
c7c6c1da255afbff,0.42391304347826086
97b4d694042b8b99,0.9347826086956522
3515c30380032345,0.4782608695652174
78c12e98a4c9c99c,0.05434782608695652
4a7742fc9e4481fc,0.5217391304347826
40a54e0cd40a41ee,0.22826086956521738
01e7382a9fc3a66a,0.13043478260869565
deb333645f78f68e,1.0
6b8038a16cc21fd0,0.1956521739130435
0db99a7baf3fae60,0.6956521739130435
0c5858d48472c909,0.717391304347826
77ee5fc2a35e31ea,0.5108695652173914
3201a92ffcfc1fdf,0.06521739130434782
0e88897cb42e5f16,0.8586956521739131
90e2dff1d486e9fd,0.31521739130434784
71e73e4362b36985,0.2717391304347826
6b184d36e8760bc3,0.8043478260869565
1759d676f735fdbe,0.2826086956521739
f91c37ef461e6b30,0.9456521739130435
839fe228f7f98f92,0.7608695652173914
ef04cfd69dd607aa,0.6086956521739131
8e1d91000327f3c4,0.03260869565217391
c5db578d84fbbf11,0.7282608695652174
1a88a2d4827396d0,0.9565217391304348
5243406c542cdfb1,0.9239130434782609
0f7ea6ed3e6897e9,0.9891304347826086
7d888909444a713f,0.6739130434782609
307713502b884c66,0.5652173913043478
bc322fa271012b94,0.6195652173913043
9584f6c74181274c,0.532608695652174
e56b27d104712c8e,0.3804347826086957
79c65104cea04d0e,0.4673913043478261
dc38dc12e520496c,0.2391304347826087
1c2f98a7f1e1910d,0.7717391304347826
702b166eb6e5bda5,0.8152173913043478
dcb9205afb98f78d,0.29347826086956524
051f43dce523f5d3,0.6630434782608695
740435c4862d056f,0.5
1bc2a09282aed535,0.8369565217391305
ad8208180272a60f,0.14130434782608695
c78c5c5592eab867,0.07608695652173914
4b17257b6ceef5e4,0.7934782608695652
2e7c74f906fc4f6f,0.15217391304347827
b60d00c9c6b5ea69,0.10869565217391304
4ab7dacdfa4c5659,0.6847826086956522
8226cbb17c74d5d6,0.5760869565217391
7b4b77d667270d46,0.32608695652173914
483b7a3e2e613329,0.21739130434782608
6b3de887805dc0ac,0.34782608695652173
83b5f9538162b4b9,0.8478260869565217
b276483a791aee07,0.5978260869565217
bdf77a6fca2ed014,0.09782608695652174
91363a3ece51f3ed,0.8695652173913043
b953900c2a4549b6,0.358695652173913
8d95e01b6802eeee,0.33695652173913043
a705619218957bf0,0.8260869565217391
105cbc2de49ee53e,0.532608695652174
cf5963b39005e8a1,0.2608695652173913
f5ed02ab100d3bb0,0.08695652173913043
7ebca59c48768b2e,0.10869565217391304
25a8ba2d4e4e6ea0,0.6847826086956522
8965c150e6ac6c29,0.13043478260869565
7159dbeeec1c60f7,0.3695652173913043
df573346472ab6db,0.717391304347826
1542ea44e8b777bc,0.6304347826086957
103426862108b7c4,0.16304347826086957
75d8f93525a1b591,0.4891304347826087
bfa7ebbc74f7f33c,0.043478260869565216
6717e909607a958d,0.5760869565217391
c5e931ad4c86d012,0.1956521739130435
bf7dbc361b7ace5b,0.9239130434782609
c1da8a337d1cb369,0.6630434782608695
44ddf2cbcd2c0b5e,0.20652173913043478
bbdc8551a0754d9e,0.6195652173913043
83f435fab6d7d8c2,0.14130434782608695
09cf813128a2f4ac,0.021739130434782608
ed54e3d11a076888,0.43478260869565216
7b7f72f2840ac1e7,0.3804347826086957
d91cd0f4c9fd17ac,0.9130434782608695
475d1ef8c140f640,0.05434782608695652
f44b7b0a88338cac,0.8586956521739131
19f4cad4b2f7501e,0.11956521739130435
44e359bedbe65c11,0.358695652173913
297de35d5d61602a,0.7282608695652174
d515c9fa9020287e,0.2826086956521739
ef44c690fcf7e51e,0.15217391304347827
04139ed0e139de25,0.9347826086956522
30442470e7f173c4,0.40217391304347827
141e5bc0f85f163d,0.4782608695652174
588aa4f9ce396888,0.6413043478260869
e00aeaf664d89092,0.09782608695652174
c170126ebe7dcd15,0.5108695652173914
da8011d35c065ce4,0.9565217391304348
e9a137acb725fcf9,0.5543478260869565
b52e6f0e0a215498,0.8913043478260869
56d29f8cb4a5825d,0.391304347826087
6e9f661e30ff1f05,0.8152173913043478
876fca68a3750f7a,0.22826086956521738
7f94a12ca842b3f0,0.7391304347826086
4a27716c8797e201,0.2717391304347826
f47dc080a5d93a5f,0.5217391304347826
e238016e8e230649,0.782608695652174
e5205d7c26329a95,0.8043478260869565
d75a56e7845d445c,0.03260869565217391
7cdc47b631c35405,0.8695652173913043
c86dcd074f699d74,0.7608695652173914
9bd5198d5ee525af,0.7065217391304348
73f29dc0fdb3127f,0.29347826086956524
e3325ce1680f7db5,0.18478260869565216
de8c3824633517fe,0.17391304347826086
66c4a0f30ff4eb20,1.0
266a2433d98e44eb,0.4673913043478261
076692565c45dd11,0.42391304347826086
d4008776a53b164d,0.9021739130434783
2ce7da1f56af83c0,0.6956521739130435
e6ba832ce3bd18f8,0.7717391304347826
efd0b591d19bde12,0.6739130434782609
8b5a2e514081cc8b,0.32608695652173914
80d9b499a8295e0e,0.8369565217391305
48d84711a07def6d,0.7934782608695652
3c080deb9b4afee0,0.75
1dc52e53925b33a9,0.25
b5a0af673af82609,0.44565217391304346
390d36da449ce040,0.010869565217391304
93c4761b85e8b8ef,0.8478260869565217
9a5180dfa8ea1d0a,0.5869565217391305
49954309f64c3557,0.21739130434782608
92e3bd2111127851,0.41304347826086957
1db3900193adbf43,0.06521739130434782
8de32f734fafbd91,0.5
aabbf4c9c16f2e98,0.9891304347826086
eb4aef33b35ec644,0.2391304347826087
96a554f43948f090,0.31521739130434784
29a0e9806efff872,0.5434782608695652
233262c7ed623388,0.6086956521739131
81dc6583bb62f231,0.6521739130434783
8d3e3f40486aec00,0.967391304347826
9e18bdfc50f9f607,0.30434782608695654
2809010b2ce56c8c,0.9456521739130435
7017cde03d4f492b,0.8804347826086957
1a270d37e6a7b8ee,0.9782608695652174
5fddae8658dd12e7,0.5978260869565217
08b45bfab54b4e5c,0.45652173913043476
ccdd55842b0da728,0.33695652173913043
bb0c99c6af4f305b,0.34782608695652173
b08aba19fc050e5a,0.07608695652173914
9527279abbe35bdd,0.5652173913043478
60c8b2de34e1b477,0.06521739130434782
f4bc72fdb3489221,0.8913043478260869
b08681d89ee62238,0.5217391304347826
670e6e4f1f6ea8da,0.2608695652173913
6f7e08600ed1a444,0.7934782608695652
4d6647431c865502,0.45652173913043476
a39e6db06d76cedd,0.532608695652174
0f8fa5868c4ff5b5,0.9565217391304348
36bd2aae08d70085,0.4891304347826087
0f32307ca4b166c3,0.8804347826086957
fbc869638bfc589d,0.16304347826086957
5573c433d8a71908,0.5652173913043478
476a040d21619e24,0.967391304347826
ffb5a34428f3eeb0,0.9782608695652174
00eb7a8cbe6796ec,0.6413043478260869
830eca0716ef6680,0.41304347826086957
3eea8c68e86fba21,0.29347826086956524
0e6181cc47dc52a5,0.8260869565217391
1a1405a1ed5883ae,0.6086956521739131
b2baa8fb02787f29,0.358695652173913
9228712bd5cc08e8,0.2826086956521739
bdcf7c7919fca733,0.8586956521739131
a196e2341af885f5,0.17391304347826086
aa5b05dca876e55c,0.6847826086956522
54e3ee8939a4c12a,0.5543478260869565
c9b97d3fe98ec64c,0.9239130434782609
93bdf96e102b18ed,0.31521739130434784
ce629e0a94977180,0.7391304347826086
ecf67c9c43cce0bf,0.15217391304347827
64c033198abb1457,0.8043478260869565
5d5478ad13ed6c74,0.44565217391304346
6aae28fcc1fe097b,0.40217391304347827
265b73078799a596,0.9456521739130435
1c0a80e3236aadc7,0.33695652173913043
ce20a99a3232f1ae,0.3695652173913043
91720543540b2c3c,0.717391304347826
41e12c843de57fab,0.13043478260869565
9522e60cafc46e37,0.6956521739130435
14e66e4adbc03a9a,0.9891304347826086
d90a0c694ec5c074,0.6739130434782609
2a4166ae7b1131aa,0.9347826086956522
cd690ff112ae267e,0.5869565217391305
a6bc4098d6420a1d,0.5108695652173914
3e962060342b7df3,0.3804347826086957
dbb3a5c06004e84e,0.5760869565217391
c4b9af86eb553adc,0.2717391304347826
22b5369a72592fbb,0.10869565217391304
28474112b1f945d8,0.8369565217391305
baa4a0b743c6ec02,0.09782608695652174
63dd6de38cbcd799,0.4782608695652174
52dacd22de43efd9,0.2391304347826087
2f429d43cebdb678,0.6521739130434783
36b5138f907cbd02,0.5434782608695652
e4bf9b6fb7cb2352,0.11956521739130435
5993b1594054fb0b,0.021739130434782608
6480f1060e35b4e1,0.30434782608695654
c43f91c746e369ef,0.75
e48fde39f90b2d68,0.18478260869565216
cc52d9836f9e3d48,0.6304347826086957
128b8c6aaa16bde6,0.8695652173913043
50641bbb445c66bc,0.21739130434782608
1db44bfe905de895,0.9021739130434783
644fe4287c8ee642,0.43478260869565216
08e33b7338201ff4,0.5
d39ec4b27f6f7876,0.42391304347826086
84a204632f4aaec4,0.34782608695652173
e2c5283a86bb64fa,0.05434782608695652
43355c7afd92b95b,0.25
0f109d2e1ea2c2f9,0.4673913043478261
8b8848178baf1ae3,0.1956521739130435
1e7962489c4871b9,0.32608695652173914
341138552e12278c,0.7608695652173914
538152204a7b1ab4,0.08695652173913043
d717fc32d6daf420,0.8152173913043478
97fb4729d44eefd6,1.0
db482eb2d3a38dff,0.782608695652174
fcaa434ca97068a4,0.7717391304347826
27e87177c0c0f77e,0.010869565217391304
664c3f865e2967c5,0.7065217391304348
b0cf48504d989cd4,0.07608695652173914
2aa74114e858bbc3,0.20652173913043478
cae4e8f89a95bafa,0.5978260869565217
13a66c3c9bad12b6,0.6195652173913043
4f4cd16f761307ff,0.22826086956521738
b5e143f139117c97,0.6630434782608695
350dee1a85046f79,0.14130434782608695
c99dbd9d4e00d9a8,0.043478260869565216
51e6f5019b0d4a9e,0.9130434782608695
7e144e242c9d998b,0.8478260869565217
1ecd57c34904c499,0.03260869565217391
a72f12bd51428157,0.7282608695652174
d67897cd1504fa59,0.391304347826087
7d152638a7c13921,0.6195652173913043
9604b63e5b7d2614,0.6956521739130435
fc2e6d3f571519e7,0.9565217391304348
2db149c366a0423d,0.17391304347826086
ce043a6ecf1a3fba,0.8695652173913043
c99a182da2509a11,0.7717391304347826
45468ff391cb8e5c,0.782608695652174
21476292a364bc9e,0.45652173913043476
16f58fe48dbb6e02,0.7608695652173914
984ab37e73ea9d9d,0.3695652173913043
d0cb9fb63229c2f8,0.16304347826086957
8e59710c2b051c14,0.2608695652173913
4232b45f900f1652,0.043478260869565216
273d9135de643e5c,0.358695652173913
6a7e83d642a55e75,0.05434782608695652
a1f7061fb98a31e0,0.7934782608695652
1ca0c3c56c3139d3,0.010869565217391304
04e2a7437e4bd232,0.9021739130434783
ffcd2ce99ca4723f,0.5652173913043478
2ac20640807f818c,0.9347826086956522
2adcdf7e4cb0525f,0.7282608695652174
f7ba71d65919dd14,0.9782608695652174
7686a46feab68601,0.44565217391304346
ea5558a522603132,0.5
e2303465dc7e8f5d,0.967391304347826
3c5ad11e505f472d,0.5217391304347826
f2fd691af1282024,0.33695652173913043
c3ca40b82075f08c,0.9456521739130435
c9b76be10ddfccd3,0.08695652173913043
48885eff5295bd51,0.8913043478260869
2ba11fe73ed20dcb,0.32608695652173914
d023a4ba02874efc,0.13043478260869565
8478bc1711559ece,0.6304347826086957
d86ebf66841ebba7,0.9891304347826086
38bb79fe15633742,0.8804347826086957
83b3ee87dc7fccb8,0.9130434782608695
76a0731e2331b682,0.7391304347826086
f45c2d68663381c5,0.5434782608695652
d81aea89a36cb01c,0.11956521739130435
56e3c985dbfe7a44,0.43478260869565216
de59455fc7b612b9,0.31521739130434784
cb7ac8439e2777ca,0.2717391304347826
d6ce52614f087410,1.0
8c9074659d565d91,0.6521739130434783
dcf63a20a1b597e0,0.18478260869565216
7cc53ec0300463c6,0.8152173913043478
5718fbe69a83cfc6,0.8586956521739131
d728313931cad770,0.5978260869565217
0e96e60c3c31016d,0.6847826086956522
e06cba9926c6f92b,0.25
5649350b6ed39af0,0.5760869565217391
3cb894c13d496fc4,0.5543478260869565
fcbc9d36afff1e65,0.6630434782608695
e2df0cec4361e6bf,0.2826086956521739
481291f0c24b6ee9,0.717391304347826
febb0c976cb334b0,0.15217391304347827
62e0116184b47901,0.40217391304347827
bbdbe006a2fd0979,0.021739130434782608
9f6f54d29acc7ad4,0.6413043478260869
d12e732973e6faab,0.21739130434782608
a808fa042b8568a5,0.4891304347826087
6501d4a55066f959,0.75
481ef6aed32765dc,0.8478260869565217
26aa054305ecb2f7,0.7065217391304348
b0998dbc1ca2de26,0.06521739130434782
fa831ad2eb424fa9,0.4782608695652174
da48402efc89e239,0.391304347826087
0f96eb44746b512c,0.5869565217391305
6185a3abd3ac6be9,0.5108695652173914
c4a02e8527de3bc5,0.6739130434782609
14a6223930d88fec,0.34782608695652173
0baf1fc4be817454,0.4673913043478261
6ff7c8db55790a77,0.1956521739130435
87e60836cee95957,0.07608695652173914
7ee3cd226c3e725d,0.2391304347826087
b99c1d5e38a7edea,0.22826086956521738
c149b24cb8892179,0.3804347826086957
9975a710cfd19ba4,0.42391304347826086
e4820475376fc9b6,0.29347826086956524
77a316610fc0f3d0,0.6086956521739131
daf3c402da5ba88a,0.9239130434782609
27cb92eb113e3ae0,0.10869565217391304
4872a581c6eebcfa,0.20652173913043478
e98b4f0592892e9f,0.532608695652174
8ba3db25a8bb804a,0.14130434782608695
1a1f111f52762791,0.8369565217391305
d2a332adbcf3b850,0.03260869565217391
d4ef042ce90357b6,0.30434782608695654
f72f3eb49048eff2,0.8043478260869565
914ca259211d7ee4,0.8260869565217391
3750a774b9acea5b,0.41304347826086957
b3ccca5ef795eaa9,0.09782608695652174
0e1bdf52fa83481c,0.8913043478260869
4c67debcde3b6c6f,0.6739130434782609
d0f497ddfbb66925,0.5869565217391305
2c09dbb9f4738d76,0.8260869565217391
d5b9e0de47514b53,0.717391304347826
c4532b5d2c8097fe,0.1956521739130435
6c0f5c9d857a11bb,0.6847826086956522
016c55a0ca0f7c60,0.4673913043478261
d6aceba6bb377188,0.7934782608695652
6833446594cef94a,0.2717391304347826
155ab4351ff60a27,0.09782608695652174
442b727292e30389,0.32608695652173914
7b183926b3863475,0.967391304347826
a41b3b8181439c34,0.3695652173913043
2bd0e639e2e5edab,0.41304347826086957
9e04466c5f128c13,0.5543478260869565
58bd2b376019da12,0.6956521739130435
06391243cbca5d92,0.5
65362939d53c7eec,0.7608695652173914
891ecbed21ca324f,0.358695652173913
336c5af66205ad4c,0.532608695652174
d5d4ac65bf899751,0.8695652173913043
29645893f56e0877,0.8369565217391305
353e4f609307d89b,0.07608695652173914
035a5051673957e2,0.31521739130434784
54deade61b004ce1,0.40217391304347827
d23b1f93958412de,0.8152173913043478
0a8c4459fcac4dea,0.5217391304347826
bba535d1143d5a0f,0.44565217391304346
6bc374dd49670aa1,0.6086956521739131
e83a98354ba44bde,0.9239130434782609
29dff3306c5eb620,0.9891304347826086
ba8c23bc8e5c29a4,0.15217391304347827
0f49466917c06915,0.3804347826086957
2e468d28781203c4,0.8586956521739131
383cd99dae3828cd,0.4782608695652174
2db18826de27dd77,0.43478260869565216
0658f3a696c94b42,0.22826086956521738
72829bb38e7997aa,0.9565217391304348
54cf89e92e805571,0.021739130434782608
32fca861b8585b99,0.2391304347826087
21888def0dab897b,0.5652173913043478
f4245db3a4d160ec,0.25
6edac915087ab83e,0.4891304347826087
f8eb539571c8426c,0.06521739130434782
ed66736b8ba7ce3b,0.08695652173913043
c3ee702cba913ee4,0.9021739130434783
37c82fa16c396ee4,0.11956521739130435
d2de11d9c0bc562c,0.20652173913043478
5eda712809fb2f34,0.10869565217391304
562ce778892100aa,0.5978260869565217
974b9e194ea4038b,0.043478260869565216
b545cc8be5d5edce,0.2826086956521739
0295a38be4abd25c,0.18478260869565216
d1e674bddd1ef255,0.6521739130434783
64473a7d8b3713f2,1.0
8787eb36071cf50e,0.6413043478260869
5c3906a050bc13f9,0.8804347826086957
66f8fda806326991,0.010869565217391304
828ec2340ee322b8,0.6304347826086957
162fa8c4ed12f570,0.05434782608695652
15c95d21c4a617e1,0.8478260869565217
32f8e812f2c13b8e,0.8043478260869565
91fd25e8f085434c,0.2608695652173913
80a8498256a253ff,0.6195652173913043
a1765a30ad578e5e,0.30434782608695654
7b6aa13036949af2,0.21739130434782608
b66c238b2d509529,0.9130434782608695
3d749204f5a6be1b,0.7065217391304348
a1f16252d0d38f97,0.75
dc3b0f51dcbde119,0.13043478260869565
809f7f22b73ceac6,0.782608695652174
9ed9c0fbc5364d43,0.7717391304347826
1ad9c64b54a77e43,0.5434782608695652
d1304b7eb709151a,0.391304347826087
03b4be889f5a8008,0.9456521739130435
6dde87ca0c658dba,0.6630434782608695
a3c68e622e9822b0,0.7391304347826086
3efd6793fbe5b008,0.16304347826086957
a900d422dee524b8,0.34782608695652173
4a7941fec7e14f1e,0.42391304347826086
4c9f0c1b40ac3170,0.33695652173913043
d0b85493601cf17e,0.9347826086956522
d8a4de61d6f5b61a,0.9782608695652174
aa6e0ab62e58850d,0.5108695652173914
d57376892fe315c7,0.7282608695652174
e3701be99e6fa221,0.5760869565217391
79cae3246961fd40,0.17391304347826086
79965c1b75486367,0.14130434782608695
facb0b648392949b,0.03260869565217391
11155e44822aa6e2,0.29347826086956524
d3d234b294d8db9c,0.45652173913043476
9543f5674852c9a8,0.7717391304347826
d76c257cb978e218,0.6413043478260869
698f4340eab16e31,0.717391304347826
0d2efd82e794a0cf,0.20652173913043478
ee2aea6a3280742c,0.1956521739130435
7ef50061ee507494,0.8804347826086957
8518236a5b87ceae,0.8369565217391305
18950a1f5cb66e33,0.6086956521739131
6c979bf591a952c6,0.33695652173913043
55de7a89a87ed4b3,0.010869565217391304
4b36f0be7537ad2c,0.9347826086956522
ec29247d564c4fa5,0.8913043478260869
1f4754138bbde7b6,0.5108695652173914
56750237deef899b,0.21739130434782608
2be433da17f18749,0.7065217391304348
64030102afbc2129,0.8043478260869565
77fb2d71395e7c42,1.0
5c82b15ae2487ba1,0.2826086956521739
3a1573dd5668a20f,0.9782608695652174
81e562b1df71f41a,0.06521739130434782
9d802898e0f07d12,0.9021739130434783
1fa95a57e89880ac,0.2391304347826087
f6f6b99def4c12d6,0.358695652173913
608e1f9956b64c52,0.41304347826086957
3299f21bdc343c94,0.7608695652173914
1d48535e8b05ccb5,0.021739130434782608
1a4f3ddb5bd92377,0.07608695652173914
f81d0a71148f4b44,0.6195652173913043
9eba4455e775aee5,0.8152173913043478
58471da0a3df8c80,0.42391304347826086
5f283364ca1f7dd3,0.43478260869565216
edc59c62fd039d73,0.8478260869565217
60b0c68000bae50f,0.05434782608695652
250ee8228b3d95be,0.7934782608695652
8c0ebe5ee7f3b108,0.4673913043478261
f2fcc8f61cbcd9c4,0.17391304347826086
d29cd418759de386,0.9565217391304348
08cc5eaa642f1936,0.5869565217391305
78f56dfca2742694,0.8695652173913043
cb3fa068c149d7e7,0.043478260869565216
d00f61e7a0844ca5,0.32608695652173914
7f226151983e2c94,0.9891304347826086
90ec9a2def9093fd,0.6304347826086957
72f4152114ede526,0.5652173913043478
9404a785c45c414b,0.3695652173913043
1dda8a974d78154b,0.782608695652174
553bdc5c612b49e2,0.6630434782608695
36cf014c5e19ddd6,0.532608695652174
2950927273175569,0.2717391304347826
d514d1b127ee2b3a,0.9130434782608695
d5291aca75a21005,0.9456521739130435
58d64c47bde7827c,0.03260869565217391
61ab3d4904ad0c94,0.31521739130434784
e12cd080a451006a,0.6847826086956522
9e34d404c05219ca,0.4891304347826087
7d06f955966a7772,0.5978260869565217
861d2821541a5c6d,0.13043478260869565
353aba4859542d82,0.6956521739130435
2f401479197a354d,0.9239130434782609
e9ce92187413acb6,0.6739130434782609
2173850de6a97341,0.2608695652173913
20c6d35deaa8a18f,0.08695652173913043
7194d335ed01887a,0.40217391304347827
3cfe34d1304955ec,0.391304347826087
c4e57cde708db5ba,0.09782608695652174
c252c595657c460d,0.8586956521739131
893fb521d3a8c921,0.5760869565217391
15f5167d5bffedcb,0.7391304347826086
a4dd5347f8c1c253,0.25
b3eb641e3b6c0b60,0.8260869565217391
b1ae0531a58682d3,0.5434782608695652
d53646367bd97880,0.6521739130434783
40ec759290772ea0,0.75
abda6fa2c30d465d,0.7282608695652174
2134ea59fa6107d5,0.967391304347826
ea7af2e2c12d2f7a,0.45652173913043476
8079ac81c8160363,0.10869565217391304
7c20cd18372aa37c,0.22826086956521738
1d279258c06e3038,0.44565217391304346
f19098246249517d,0.30434782608695654
fa2080dc003a5664,0.5
28ed2928814f993d,0.4782608695652174
150d4f73f5223280,0.3804347826086957
eca29d8d935ca745,0.11956521739130435
3795da1c04b6453f,0.34782608695652173
9d9c805e7e3ce759,0.16304347826086957
ac771324afff811f,0.15217391304347827
15414b174448c265,0.29347826086956524
9aabab16f358f75f,0.5217391304347826
b94f60f2f4dec393,0.14130434782608695
b0ace99714d380e5,0.18478260869565216
c39551039e9e8f5b,0.5543478260869565
82aeb0ee8f561d61,0.9347826086956522
41e370cf6b1a3880,0.8913043478260869
53bc9f2458548a54,0.21739130434782608
0b6814d07482b1d8,0.3804347826086957
d1aa493f95be36b0,0.967391304347826
5fb5755c84aa012f,0.44565217391304346
9fe07fd902f37dcc,0.021739130434782608
76175aad07a086a8,0.532608695652174
75008cca8b4712f7,0.7934782608695652
eb33f8f9fff56564,0.6847826086956522
b0916710f2fc5388,0.22826086956521738
8987774442a0097f,1.0
54b1f6ad4076cb89,0.10869565217391304
5eab63ea3475cfe4,0.05434782608695652
fc03a622f2074d32,0.31521739130434784
e6bff913b9c4c8a0,0.16304347826086957
46f03c24954fce8b,0.5434782608695652
12e9485b556480a7,0.4673913043478261
b97834133b4ce922,0.41304347826086957
3316a3373e4a2678,0.40217391304347827
113ed6136dc85664,0.17391304347826086
48d7aa419bf7ec2f,0.7608695652173914
5bf9115e5db449ea,0.6413043478260869
95be40988c2eb868,0.391304347826087
78304b6b082f5e26,0.6630434782608695
e4c6d54edd56c8c1,0.5869565217391305
62150ec6681c421c,0.43478260869565216
00c39c54f41cdd0e,0.8804347826086957
00363111e7133575,0.9891304347826086
0adbe21fe089e39f,0.5652173913043478
21f147e04c4f221b,0.9565217391304348
eb6c5a6881b754de,0.6304347826086957
3e9de693107e3908,0.2717391304347826
f40ccca2a86f16c1,0.9130434782608695
fa3366b9747827cd,0.75
add924fa6e41ca62,0.7717391304347826
400c208c1b89add0,0.18478260869565216
11d5132db1dbec07,0.782608695652174
86f650c30a1ffb98,0.8043478260869565
b5c56aa554e490d0,0.2826086956521739
ff81ace4f98a1686,0.20652173913043478
f645ea3176a14e19,0.7065217391304348
b7b95847fe564ae2,0.08695652173913043
b7a5ebeaac6cb34e,0.6739130434782609
039eb700cc87adde,0.8478260869565217
afa30e9569a337ea,0.7282608695652174
9de060463076a39a,0.4891304347826087
3395d99d4d1ebc8d,0.5108695652173914
20deb82d5c0bcbe9,0.6086956521739131
da93790ae32ab3c1,0.15217391304347827
ce7c32fe298971fa,0.5760869565217391
c51cae63d57e07c1,0.29347826086956524
6bd8198bd8c27382,0.45652173913043476
51b8eaa68c9b8a2c,0.6956521739130435
29e35f0fe79143d3,0.358695652173913
9f7d29bb979eab63,0.8369565217391305
4f901ad6932257b1,0.6195652173913043
8beddb11701c563f,0.6521739130434783
f9f62f1523fe5f8b,0.8695652173913043
903d236cfe42d340,0.8152173913043478
4fec9e6d29f7e8cb,0.7391304347826086
22bc058f11669dc5,0.9456521739130435
a17dde16948a760c,0.34782608695652173
0e6b0f1b75d18908,0.32608695652173914
637082d3dc252b25,0.5543478260869565
e84070fe3c0d0a2e,0.9021739130434783
d8694f8ab01fe181,0.30434782608695654
0afadbbcbd6c0825,0.3695652173913043
140bc1739f5e72b1,0.4782608695652174
c9d1da6e6cab5883,0.42391304347826086
d787e3c843d5feea,0.11956521739130435
f590b70209216bf9,0.25
b3d5fc7689c1280a,0.14130434782608695
e5893375e9986b01,0.2608695652173913
fcd480f8c13ff570,0.8586956521739131
f2ae054dbd5c90f0,0.03260869565217391
aae91d2da5036042,0.010869565217391304
0a7c5de6baef1580,0.09782608695652174
010edca7d956b6ea,0.06521739130434782
1693538f38112609,0.9782608695652174
4819a1a122fb1b22,0.07608695652173914
9bfc5752f96114c2,0.5
a9ab186c2aef825d,0.717391304347826
fe7e273442115de7,0.33695652173913043
047dc77b638b61b0,0.13043478260869565
73a0c5a51f1c2bed,0.5978260869565217
6fff3dd2a4670e0c,0.043478260869565216
479b1a1ad27252e5,0.9239130434782609
467a4a857b5e48b3,0.1956521739130435
6b7c0578dd14ff55,0.5217391304347826
e3b7a7e4e8571f26,0.8260869565217391
f415df1ea68ef22a,0.2391304347826087
8a6e9e84c03115d1,0.2608695652173913
4bad6f94e2752ae3,0.7065217391304348
0305ead14e348b7e,0.4891304347826087
6db54fc45b5b1b9b,0.45652173913043476
a1c079ec771a519e,0.30434782608695654
3ecd1fb928d75775,0.8260869565217391
305a1c0a30d71021,0.11956521739130435
7a0bbea3ccd0bb7a,0.5760869565217391
3f2d405589d6f586,0.010869565217391304
2be48ca1282f0c77,0.4673913043478261
4c612db7cc3af9dd,0.9021739130434783
73542bcaa21095eb,0.5652173913043478
9602f207a0e7753b,0.09782608695652174
2a38eee4b3a5a1c1,0.2391304347826087
d9b158d10c2a6f65,0.75
1d938214e1898cee,0.7934782608695652
2f6022d343a202be,0.9891304347826086
6d35c4449e7cb1f7,0.4782608695652174
56f62ae065988b20,0.5869565217391305
8a85d7ccbaa735a7,0.6195652173913043
115fecf3c37bc2a1,0.3695652173913043
8a8b4f62eebbcb53,0.1956521739130435
4e70c3f8b54da6c3,0.03260869565217391
accde491f1af85bd,0.32608695652173914
05361da83650a6b6,0.8804347826086957
68ed7bc70d8ccf16,0.5978260869565217
7c8e128896c5d6b6,0.021739130434782608
dc997724c896f92a,0.6304347826086957
6d6f2e2d73e3c53d,0.7717391304347826
c83e0719ab56a94b,0.8913043478260869
e4702305a619a541,0.2826086956521739
d7110da108739ffd,0.7608695652173914
791db5199789ba1f,0.22826086956521738
ca67e33feb9500b7,0.40217391304347827
5161fe625446f31a,0.34782608695652173
cc2ce837b9188f00,1.0
a5f7978f19207be4,0.6956521739130435
44d74d454515b7bc,0.5108695652173914
a20b02bd24d45fff,0.08695652173913043
660f3e853f779815,0.41304347826086957
ae83a134844a189c,0.44565217391304346
1f4abecf177a0849,0.717391304347826
ed536586bd9b44a8,0.25
f99a8dbeac6f9ca5,0.5434782608695652
a2ae721bbd0b69ec,0.391304347826087
35bf8a4c15b615c7,0.967391304347826
feab23b225692fc9,0.7282608695652174
d06a5b694255d1f2,0.5217391304347826
99f5784e073dd934,0.9239130434782609
8b9bbfa8b09122ce,0.6086956521739131
95b6513b7ffe88eb,0.9130434782608695
94b5686113b6a20f,0.3804347826086957
62976233a7ccbdfe,0.9347826086956522
21148c1ea4a54614,0.6847826086956522
83c604b9212357da,0.9782608695652174
5bb39f6f5e4a2028,0.17391304347826086
cb44ac2f4e367885,0.31521739130434784
e1e2049184d9265e,0.6630434782608695
a1ead21e182ec143,0.05434782608695652
69587c38853087fd,0.29347826086956524
29f35b8dcaace2a1,0.8478260869565217
8167146852ca11d2,0.8043478260869565
1a21f4bcbe9b9f21,0.9456521739130435
1a5d89e99ecb8abf,0.5543478260869565
2195bb718dfcb1df,0.5
1b67f13d5c30137e,0.6413043478260869
06513d46011a8029,0.8152173913043478
149120586753b1ae,0.15217391304347827
faba56619c261d8f,0.42391304347826086
091f9c75ba16a708,0.33695652173913043
42f26d75712a91d2,0.14130434782608695
a42fc4163d34d03d,0.9565217391304348
f1156c247c275aeb,0.20652173913043478
db081fa8e4370257,0.782608695652174
e25269d29979d370,0.532608695652174
729599695a457532,0.8369565217391305
798a413b1dcedb59,0.6739130434782609
537ea46cfe8af210,0.07608695652173914
8bd020bbb0d18074,0.043478260869565216
ebdc9a0e2ef35530,0.8586956521739131
147bc5c6f68bde7d,0.18478260869565216
62e6d72c7625a677,0.21739130434782608
2c940fb78f8ed48f,0.8695652173913043
3032f3c10fceba58,0.06521739130434782
21e9e9f9a64a247e,0.13043478260869565
8fd36ac3ed097413,0.16304347826086957
24aa38e79b18e693,0.6521739130434783
10deaefe9b5f7fa4,0.10869565217391304
5243ea1a110d3657,0.2717391304347826
dd5be9e33a72741c,0.7391304347826086
f48f332b4c355109,0.358695652173913
9516e8a399b2b171,0.43478260869565216
9f9673b4af9cd0cf,0.07608695652173914
a318780735cd6b39,0.17391304347826086
f4572c9aaa9f9893,0.6413043478260869
e429a73948d961b2,0.3804347826086957
7f07416a9f93e386,0.7717391304347826
b1d58efc771be9d3,0.9456521739130435
8557a03ed69560a2,0.03260869565217391
710dda2437e7bd85,0.9891304347826086
b1775738843e9e95,0.25
5eb58fae26d6b3a6,0.8695652173913043
a4c6312e5f506e75,0.33695652173913043
eb0b796c443f6c0c,0.43478260869565216
a5ceab24336313a8,0.5
8ddd128998d06f11,0.09782608695652174
a370540c02824688,0.4891304347826087
a7911b7c2fc38eb0,0.75
d760dc759e9e53d2,0.5869565217391305
9b3e18e34a850a9e,0.7934782608695652
9e844665356db584,0.021739130434782608
cb294b1ebcb97875,0.20652173913043478
5bd93881f12ae332,0.06521739130434782
e34a1dc029ef18bb,0.782608695652174
40ad9f935cd7404e,0.967391304347826
1108064959165fb7,0.29347826086956524
1ebeaa2e37b06745,0.9565217391304348
e33874600989cef0,0.8586956521739131
fa5f2051189548b9,0.21739130434782608
adee2f7fd936355c,0.34782608695652173
a31a514db96dfaab,0.15217391304347827
fc39d1d7ba207770,0.6630434782608695
0f8d4e65bbb33564,0.6847826086956522
b74e30029a4db811,0.9347826086956522
b0e076eec6caa538,0.7282608695652174
6b0912652350890e,0.8260869565217391
f1d0942722a33dea,0.8804347826086957
ee4127591cd16280,0.5760869565217391
4a9f450e33498c44,0.5108695652173914
12a797abb70acd04,0.6195652173913043
c2791a92d86f4726,0.31521739130434784
a7cb0c8c7dfb711e,0.9782608695652174
58bf7f167acdb649,0.3695652173913043
55825a2a44c5070c,0.717391304347826
48ead59af2ceaaaa,0.2826086956521739
6d692aa8589234f0,0.391304347826087
7fed2da0acd39b85,0.010869565217391304
098715e69062feb2,0.22826086956521738
27ae9448896cc10c,0.2391304347826087
813056cdba07893b,0.16304347826086957
6b0e0599ad60bf89,0.11956521739130435
089704d2055f99f0,0.08695652173913043
1a101a6ac7514760,0.9021739130434783
760a2973169829a3,0.1956521739130435
05c1438aa38aefb2,0.7608695652173914
ae5470877b151ace,0.6956521739130435
aa90b6fc155a4967,0.9239130434782609
dc1fc0e33961e828,0.5217391304347826
a13437c278b6ff0d,0.2717391304347826
21766409d7571dca,0.8478260869565217
12be95e5d481306e,0.2608695652173913
84603f79332980cd,0.5652173913043478
ccd0e1d5501e5ce5,0.40217391304347827
014d7ea0c7d7cd4b,0.05434782608695652
d20b49e55538d209,0.13043478260869565
4f0b99c80bb8e847,0.7391304347826086
578027e8bcc938e6,0.41304347826086957
bc7d415e819ae143,0.6086956521739131
5b45ccbc63a90612,0.8043478260869565
e8e1a3a894cb51fe,0.043478260869565216
26c7355379cd7832,0.10869565217391304
a44e64618290b33b,0.5434782608695652
57f4e7e31026dbc1,0.532608695652174
8117e82c89fd8f2f,0.9130434782608695
6f2d1de9e6681ebb,0.42391304347826086
e7271a2da9750ab7,1.0
dae891021b835f64,0.14130434782608695
0067e8e5c1eb7636,0.7065217391304348
eb49658df2993406,0.358695652173913
4f8461b3ad37aeb2,0.8152173913043478
9b727f8a0bfaa56c,0.5543478260869565
9fbebe7d2d921772,0.44565217391304346
93921d615d2efe9b,0.32608695652173914
e04468a5bee8a182,0.45652173913043476
2987fa7d76cef12c,0.6304347826086957
72ce173f1158d1a4,0.4782608695652174
b3764f25d18c74f7,0.6521739130434783
f8c3a0a58049a1bc,0.30434782608695654
200739ed84a04146,0.8369565217391305
895ec3e8b80b0169,0.6739130434782609
a2effa595ab99c0b,0.4673913043478261
c606d9a48151f238,0.18478260869565216
18d66b94b6bf7f00,0.8913043478260869
a5917e266ef46cea,0.5978260869565217
79d9e3d2f0e6bdea,0.7717391304347826
50971e05418d6576,0.5108695652173914
6c5aac9623057af1,0.21739130434782608
8765213a3b384105,0.9782608695652174
3e999081e4583b6f,0.45652173913043476
4ef186a1b4097076,0.4673913043478261
16c950a6dde0d189,0.1956521739130435
618f945c6d801ab4,0.8913043478260869
92eb2c41d418d9df,0.2391304347826087
f6e4a12ae854e2a9,0.44565217391304346
17cee0662fd5592a,0.29347826086956524
43a91790b04f22b8,0.7391304347826086
56fc0857a56cb83e,0.33695652173913043
8f0e1de27200fbe8,1.0
5e1f60a258fc760c,0.6195652173913043
f7c1416b623b9196,0.9891304347826086
5784765e8af9dcef,0.8152173913043478
b765fe803859bc0e,0.18478260869565216
f5fca0b2a39d2c1e,0.5434782608695652
ec1f32197c17ac15,0.6847826086956522
10c6aa3761af493f,0.3804347826086957
cff6990e765344d9,0.5543478260869565
d14484e152707459,0.9456521739130435
53d287b90a99e777,0.09782608695652174
c79bbf9c4abc3bc7,0.4782608695652174
1b2ce3cb4d92a197,0.10869565217391304
69b06f19d22a09d0,0.15217391304347827
7877542570be2212,0.7065217391304348
a84b2af849ff7718,0.34782608695652173
3e0e424d0992292e,0.14130434782608695
b38177b395efadfe,0.010869565217391304
0ad36e31d716579d,0.8369565217391305
a2104d80c0dcd85c,0.9347826086956522
968aa536a4d50220,0.5
b285a641965534a3,0.8260869565217391
acd2986f8d5e813d,0.40217391304347827
3a52f762d13048a6,0.391304347826087
adf9d00c647487fd,0.8043478260869565
d60d4dd6c5e44ee1,0.5652173913043478
f2c4cd27f9f62b32,0.5760869565217391
e799e07b4ea92217,0.31521739130434784
5ba9a45536a89ffd,0.7934782608695652
acc0db65f61652ad,0.43478260869565216
e9fa526e7b6171de,0.32608695652173914
7d796bde744b639f,0.22826086956521738
098239749d4dbced,0.6630434782608695
f8d2b1bae5a0b542,0.021739130434782608
c624af0c34175875,0.11956521739130435
e264c410ac09e310,0.5978260869565217
35f5054b86729b9a,0.9021739130434783
7173dae7abf72dca,0.13043478260869565
52342aa01a232b8b,0.8804347826086957
616a4bfb2a9a1722,0.16304347826086957
6b8d10c81c73e74d,0.05434782608695652
3635ba8702d17640,0.41304347826086957
52c723a5589008c1,0.03260869565217391
30f627927fc8472e,0.5217391304347826
eae9032b41d598ae,0.5869565217391305
b385c8f882d59f7d,0.7608695652173914
284d93ec3e2d9904,0.30434782608695654
43221b309141d88e,0.6413043478260869
b282c41f7e4693ef,0.6086956521739131
14d49b7a505ec046,0.8695652173913043
22c580182970534a,0.6304347826086957
b2c8f127b4e2f66c,0.8586956521739131
865573a81555da76,0.2826086956521739
e879e6a217631272,0.9565217391304348
d6b8879f17c853dc,0.6521739130434783
346821b03ed8241d,0.75
24324290dec76bc0,0.07608695652173914
d62672f6fde5884b,0.2717391304347826
9fe394f000f8a87b,0.3695652173913043
de1efec1cabca080,0.8478260869565217
e7315a5aa8074c54,0.42391304347826086
c3348bf52b9febb0,0.6739130434782609
1aa0a2e564a3c544,0.7282608695652174
693e8c16f1d0d6d3,0.782608695652174
4a920a28b74f3c30,0.717391304347826
31e0cbb3785d03a6,0.9130434782608695
6108e2e9a99916c1,0.25
51ebad174932d809,0.17391304347826086
a7814c959ba6af9b,0.6956521739130435
ec6ae52d3c46fb22,0.08695652173913043
e0167495b093eb22,0.4891304347826087
1e609dec75522ebb,0.043478260869565216
186305a4c7cd6239,0.967391304347826
86970644a08a230b,0.532608695652174
a415f7dc3876bb0e,0.06521739130434782
47af3321504880af,0.20652173913043478
f7073133b23a0bf4,0.9239130434782609
787294cd995e9e3d,0.2608695652173913
cb8e9cd11b163c0a,0.358695652173913
a12aa1cc0b0b1240,0.22826086956521738
150b13f690c0598d,0.391304347826087
59ea195e967b08ed,0.6739130434782609
e8b92674ebb5e0d2,0.1956521739130435
1ac315861ed1b3de,0.043478260869565216
4810be37c348918a,0.5869565217391305
e5e9f09dc6a28a96,0.8043478260869565
6050f5d83dd31ded,0.9239130434782609
90d0413916bf2a7d,0.9456521739130435
734466c08903a63c,0.5217391304347826
913413f620e7d511,0.7934782608695652
a8954cd79a372423,0.4782608695652174
60656a11faa0e052,0.9782608695652174
ac6dfd38945cd2aa,0.8260869565217391
1498cf52dc34287f,0.09782608695652174
8a208e61222f015e,0.03260869565217391
bb457ed5f4d7cd53,0.5760869565217391
81b0459ce47600c0,0.34782608695652173
6deab9b4f74edf3b,0.7282608695652174
040c6e08861e1104,0.06521739130434782
8646561399947b23,0.75
6d581307d84a1a8c,0.532608695652174
23768194d2b33cf9,0.7391304347826086
d24690e44d9b4c55,0.16304347826086957
73fc085474ab33e0,0.6630434782608695
bb5973e8ab48d516,0.9130434782608695
631b136bde45f7db,0.2717391304347826
0170ab06815da6dd,0.31521739130434784
828bac226e8b076b,0.8478260869565217
22e62690dee6a1f0,0.5
4ba107edbb1a2d2e,0.07608695652173914
cbe7ba7e7e468455,0.6195652173913043
df0d83465ddcd17e,0.13043478260869565
68eaa292ebb0eb97,0.6304347826086957
db26dcc076b9f3a5,0.8152173913043478
cd0b92a880ecff81,0.14130434782608695
0dd4607aa766e765,0.43478260869565216
d57234bbe815dbcb,0.2826086956521739
d804a8a7bf3eaa43,0.8369565217391305
3e446cc20f4ba8f5,0.010869565217391304
9a34c353d14ee107,0.8586956521739131
124cd4dbf3d309bd,0.29347826086956524
e88d0efdd35e3e1d,0.9565217391304348
a0510fa1bd4f6609,0.4673913043478261
6edf31e523ad5ce8,0.7608695652173914
1659f191a461bd5b,0.15217391304347827
1ae483cd21ba0f41,0.7065217391304348
45013d42848c6f87,0.8695652173913043
af1fb303c78dc390,0.6413043478260869
3073500c09075aa5,0.41304347826086957
c15405d3dff7d115,0.6847826086956522
e50402f96200c3ec,0.9891304347826086
60da47afc3414e90,0.05434782608695652
b29e4581bcbf6dc9,0.9347826086956522
26f7cfc3048a6134,1.0
6c92a0eabf7b0481,0.32608695652173914
6c4e642a3c84d8a5,0.3804347826086957
10f692018921173d,0.4891304347826087
dc936a451f7a71c4,0.967391304347826
15c586d915d0b9ab,0.40217391304347827
4cf2758d644c6620,0.9021739130434783
f9011cee0538f938,0.25
b3fa5e0723f9117d,0.5652173913043478
ed250cb2ea676d6a,0.2391304347826087
c3a0a9c7ef05bf6c,0.11956521739130435
87c8f44e5a1322d6,0.21739130434782608
326dd40948c36058,0.42391304347826086
8c35336d07e7c147,0.17391304347826086
7a17d0d7e3c26cb3,0.6956521739130435
ad3a3a94ccf33c5e,0.2608695652173913
860d05d0c6bf7cfe,0.7717391304347826
415eca82933a8c33,0.358695652173913
932f6063ecb768f7,0.44565217391304346
666144bbdab2431c,0.6086956521739131
d42255e21b879ab5,0.5108695652173914
5fa3cb657b016cb6,0.08695652173913043
f582e7bd2ebdf488,0.33695652173913043
a0f729757c1b10eb,0.5543478260869565
6c5e6407f2af164f,0.021739130434782608
55f6fe7517a1783b,0.10869565217391304
bdc8e73f936f0a25,0.18478260869565216
e47227e17028f344,0.3695652173913043
fedbaf6b79e4b044,0.30434782608695654
c227c8c1d45a7dc0,0.5978260869565217
32d1785b0435b917,0.20652173913043478
c77104be3c717bbd,0.717391304347826
96578e220d216c53,0.45652173913043476
c4bd208efcff22b9,0.8913043478260869
e78136a1105aaa89,0.782608695652174
964a04b535eeb44c,0.6521739130434783
a73ebaef8a4ceae8,0.8804347826086957
821fb112d4d6bf56,0.5434782608695652
a960071179947518,0.9891304347826086
c78d9bd0e7e37a26,0.5434782608695652
a86a6c74d33f66ca,0.6956521739130435
2bb67d4a2721592a,0.18478260869565216
e04959173cf32f15,0.41304347826086957
659b5d9eaf5b32fb,0.45652173913043476
d6887eb3cb3a9390,0.6086956521739131
89a795927b57a6a8,0.8478260869565217
81509c895e299fc9,0.21739130434782608
feb5404cf04143ed,0.010869565217391304
725f864609dd8bdb,0.532608695652174
2eab67168824e958,0.5217391304347826
0d1e7f6a65a14b8c,0.30434782608695654
5fd5a6b3fc727e4c,0.31521739130434784
0d16ade1dbb6cd33,0.9565217391304348
e05722782cd25274,0.5543478260869565
c60adb197d234a8f,0.6739130434782609
986cac5a3040dddf,0.42391304347826086
6de9a768c9d6ca4c,0.6195652173913043
b83a83adb91edfd7,0.6630434782608695
174a4000791899a8,0.05434782608695652
21c9665365f5fcb7,0.7608695652173914
43ac7cde82144381,0.8043478260869565
05e76db6fb4d86a7,0.3804347826086957
2c83550a903e71c2,0.11956521739130435
3b3a61875779f9af,0.6413043478260869
f1e4d7c5cc538f27,0.7391304347826086
8432f0c69366eac5,0.5760869565217391
003b6200bb355dc2,0.33695652173913043
7dee9da42c8e65f6,0.8260869565217391
43a73b47db49c24f,0.9239130434782609
8ab8c031fde89d58,0.9130434782608695
7165fd64f62d30f8,0.34782608695652173
db7baa1cdbdcd771,0.7934782608695652
f6b8afc8f4b9d6b9,0.021739130434782608
522dddf53a76a67e,0.8369565217391305
8783449d6dfbe5e7,0.40217391304347827
666502febf0f0704,0.44565217391304346
20dbbbde0acdb722,0.717391304347826
4f914a130bf00ecc,0.7065217391304348
1ab27e672872a0fb,0.9347826086956522
d0a431ff6dd8f8d2,0.043478260869565216
e642026103acbcc4,0.1956521739130435
11b7887a3aac33cc,0.2391304347826087
6dbfe1545d233809,0.8152173913043478
551e0214e682a2df,0.6521739130434783
2911980f087e4df7,0.17391304347826086
78cebf02f4a5ae00,0.16304347826086957
aafbddec8e925965,0.32608695652173914
7cd8d05921cefec2,0.7717391304347826
199b1daff6ef3aca,0.7282608695652174
82919643bec4292e,0.22826086956521738
9b2ec1ea732a3f5b,0.358695652173913
4a6cd936e11de1bd,0.10869565217391304
60bf8f9d9ea157e5,0.9021739130434783
214a0376583dcd3a,0.6304347826086957
8482327535dbc155,0.29347826086956524
ff370ce6c998066e,0.15217391304347827
af7ee93d51a51ca6,0.6847826086956522
2857456bb3fba62a,0.5108695652173914
33db923284ab891b,0.8913043478260869
bf8d138e3b0f5c6b,0.8804347826086957
5e0305b647873a7a,0.09782608695652174
a0a904f9dda41736,0.5978260869565217
98d8441aa06894ed,0.782608695652174
1a14b20f978d1213,0.5
3aadb4381ce1c4ef,0.75
c189b9ecb2b6d5e7,0.967391304347826
6bfedb64d5a79c2a,0.13043478260869565
250986beaa954a4e,0.4673913043478261
446a5117a0c2c8af,0.8586956521739131
6ece8ce670607419,0.8695652173913043
966f5387581b3d31,0.03260869565217391
862c1ca72b6791b5,0.2608695652173913
3bb151f877a07c00,0.3695652173913043
28e0fe1aa5bfaa0f,0.9782608695652174
dd320839901f3c7a,1.0
b6a6b3eb0532fdfc,0.391304347826087
5bdbe05ec6158ecc,0.4782608695652174
53786ed54321a686,0.25
e77ed9e43ca4570d,0.20652173913043478
6c79ef797c15494b,0.4891304347826087
c58c78ca38a99fed,0.43478260869565216
355b627fa74decdc,0.07608695652173914
96226d7f8888f4c9,0.5652173913043478
35c4fd3ee931b2b8,0.2826086956521739
7524485d2ae22e9f,0.08695652173913043
0a13d4a1eb31ec45,0.9456521739130435
3d21b253d68c8bba,0.2717391304347826
137f505aa866de12,0.5869565217391305
5718f9d8c0719118,0.06521739130434782
01beffb6b882d4ab,0.14130434782608695
15a2e6f6dbe594da,0.043478260869565216
6aa1f50b4cadfd42,0.42391304347826086
bdc5cac434f55152,0.4891304347826087
1e37ab28dbdbcb36,0.1956521739130435
536b0165edcc4165,0.5
a1e442449dffafab,0.782608695652174
7addffc439e27eef,0.15217391304347827
330258c22000a95c,0.43478260869565216
d33f7e45b9ca60ff,0.13043478260869565
ee53b3030ff9b8d4,0.6413043478260869
28459b1a14057151,1.0
b464663fc04f2c27,0.9239130434782609
aa1634b8f582a630,0.8695652173913043
26fbece164326ce5,0.11956521739130435
5f8f1bd985a59bbd,0.7282608695652174
e2e2964ad441b91a,0.9782608695652174
0dcf09c0089d22c3,0.7717391304347826
15c6a9b7fec40bbb,0.3695652173913043
ab8c7c1b246e72ab,0.25
e9a5c0de1cf034ae,0.9891304347826086
aaacf2bf502f2763,0.5760869565217391
1981d7bfcb634cdf,0.8804347826086957
7c17c5dceda60ab5,0.021739130434782608
2ab57892a6dd8e32,0.75
428b9ae91d5d2b02,0.41304347826086957
b474693b1004abf9,0.45652173913043476
c80ce90f4802a37f,0.5869565217391305
5dc55859d6825c66,0.6521739130434783
0e194ce93689b603,0.08695652173913043
61d6622845ff5130,0.20652173913043478
89b80c5cbf0675a5,0.6195652173913043
f59e0543732a79fb,0.4782608695652174
5c0712abf2ff6936,0.6630434782608695
22d394f044f461ab,0.967391304347826
46b9c11265c2b45f,0.29347826086956524
f86fc6bd2126fe46,0.22826086956521738
0c1e5bbab9cc719f,0.9456521739130435
feab0ef4c586dbbd,0.05434782608695652
ca16edf5560df7cb,0.5652173913043478
db4cead94e2fe6b9,0.7608695652173914
daab65929e1dcd98,0.010869565217391304
36e614fe5c7ce4c6,0.5108695652173914
d89f9d8dec5b7085,0.14130434782608695
63f0b9b04375ee3d,0.9021739130434783
1931be5f9db0f66d,0.8913043478260869
58fa0daa8313556d,0.07608695652173914
c07931ae0c5e7d39,0.6847826086956522
02905beb996867ed,0.16304347826086957
0227568b422941c0,0.8369565217391305
9b7df0a380055c8b,0.391304347826087
972185fa82d842bc,0.717391304347826
933f06b2f7d2f27b,0.06521739130434782
a9db5235856ee26b,0.31521739130434784
9b2e4f729f6ae4de,0.17391304347826086
79eb51050e224c4b,0.2717391304347826
f50c500bcb7ab66a,0.3804347826086957
a1ef4db4928b0fbd,0.6739130434782609
ac364b4e45fde678,0.532608695652174
358b10f508f5d7f4,0.6086956521739131
420be984836c00bf,0.30434782608695654
0da5ba8dc3984f76,0.10869565217391304
9e04d5f7720e7fae,0.7065217391304348
941f93f05ccc48b0,0.8043478260869565
22b16d6d96abc265,0.2391304347826087
d36c319cf810a597,0.358695652173913
c77777ded12e40e3,0.6304347826086957
9dff29c16b91e652,0.03260869565217391
c212a6d94080ec58,0.44565217391304346
eb0ce2fb0affb6e4,0.18478260869565216
636078f9d79aad5c,0.8260869565217391
5269af23e02222b0,0.5434782608695652
830cff631e75d886,0.32608695652173914
30e425d4368c6fac,0.7934782608695652
6f87f0ee2e3acbd1,0.21739130434782608
6dfc62a521c5dfa0,0.9565217391304348
9298fc9bf3aef4cd,0.2826086956521739
9251b12c216c2b66,0.34782608695652173
f29bdc91485f1ba5,0.8478260869565217
70e0fae77a29162e,0.8586956521739131
215e1f6989ccad85,0.7391304347826086
c754817fb4a8b7f8,0.5543478260869565
e3590fccfe55458c,0.40217391304347827
3cc4e67701e5555e,0.09782608695652174
963ec2598f78b583,0.8152173913043478
5f6d876ff2241d25,0.5217391304347826
7a3f3499da6cc1ec,0.9130434782608695
c1315b64b0202c2f,0.2608695652173913
033eff9520f16f60,0.9347826086956522
61b8a6280c4a64c5,0.4673913043478261
37c77cab7e322393,0.5978260869565217
b62d9a42d92e3488,0.6956521739130435
27b9562e7c9b3420,0.33695652173913043
e94b945d12378537,0.25
89dfe5cc4661ae4c,0.5217391304347826
e7104b4554b0d80c,0.8804347826086957
7357671b37befec6,0.6630434782608695
c7b7da305d235b97,0.29347826086956524
d75af7f69568e2d9,0.532608695652174
98101319d102ceed,0.5652173913043478
6407743d206c2560,0.010869565217391304
a97e1d323ef8f625,0.31521739130434784
3afcbb29d4614ad6,0.6521739130434783
ce1f90b1196d00b1,0.44565217391304346
0ffafbc2c8a6630a,0.18478260869565216
5608f525ac95c49e,0.21739130434782608
3ac04caa4d294c9f,0.8043478260869565
e593f02b35520bd7,0.75
47633023da0a5c2c,0.32608695652173914
fb4c7de601da6959,0.717391304347826
41dbf4f5a0e4ddd3,0.14130434782608695
7a3d82988e4e051c,0.9782608695652174
57071df0f2ced4d5,0.9021739130434783
5720f4cc641fdf72,0.7608695652173914
9c6969927780355d,0.10869565217391304
2c5f8e70b6921e1a,0.5108695652173914
26926c931e48f1f9,0.05434782608695652
06eed622783897e8,0.5434782608695652
8847692278ba7c06,0.9891304347826086
8c3738e8879aa615,0.6086956521739131
1fc70e56ecbb247b,0.9130434782608695
84fa0f0839ef4fc5,0.6739130434782609
d80c4ea2f4bf881b,0.16304347826086957
f0147afcb931cf70,0.5543478260869565
e1c370c315656a4d,0.41304347826086957
7169c549a1731dca,0.2717391304347826
2744aed7e836956d,0.8260869565217391
362ec6d9f0500047,0.043478260869565216
c4101287e039302f,0.33695652173913043
c208d679277133cb,0.6413043478260869
cbf9c2f46b0d22d3,0.4673913043478261
69aaedcf441fc997,0.6956521739130435
1d7c14f15b3e98e3,0.9239130434782609
3b205c2544d4f30d,0.08695652173913043
c78d47532482e65e,0.6847826086956522
b8b83bb1cd74ea6b,0.2391304347826087
ccf164236bfe4fb5,0.7282608695652174
2940daad5b82647f,0.13043478260869565
39f3575a4aa2fa70,0.8913043478260869
269f965ff0358f4a,0.07608695652173914
bad0f8df3973b890,0.8695652173913043
132b0e4a85d08855,0.7717391304347826
71487eed1cd1ff78,0.9347826086956522
2affb96bb6917cb8,0.09782608695652174
9b1baad9c7649b7c,0.8369565217391305
81a2b5bd919d3292,0.6304347826086957
54bc14e1bc97468a,0.2826086956521739
b22bc6efd307f989,0.5
663ef969dd3f1161,0.8152173913043478
a08f104d63449817,0.021739130434782608
b3e624028468559c,0.30434782608695654
7a9ef449002b3a3a,0.391304347826087
ffc4f7f0cec64464,0.40217391304347827
cf67420048f1dabd,0.22826086956521738
9e48499cc28cba70,0.42391304347826086
8c82ee31328e2d41,0.4782608695652174
f379746e74fb3f11,0.3804347826086957
5989aab50d1a4472,0.5869565217391305
42381ee70eac1fb4,0.782608695652174
6c7d3d623801f918,0.11956521739130435
b0daa7b592ba432a,0.9565217391304348
4a5422097463a144,0.7391304347826086
4f3aa2b34a8a715b,0.7934782608695652
93bb49d017a5edf6,0.34782608695652173
76960e476539c3ed,0.45652173913043476
133c436fd5695d5d,0.1956521739130435
17d38549bdcf1670,0.7065217391304348
2b5397a1cb79a8a9,0.20652173913043478
79257e4640490170,0.6195652173913043
6e6411b92d142e96,0.967391304347826
3b7876729815da5f,0.15217391304347827
7299b9833fee606e,0.4891304347826087
03c0e0629a796704,0.8478260869565217
91805df0caf6fbe2,0.06521739130434782
6e3a6d018398021f,1.0
18148e95926320e0,0.5760869565217391
2b790d628db9996c,0.8586956521739131
80ab51b67c2c9b9d,0.03260869565217391
ad4d5721024183b6,0.2608695652173913
5db35705259998b9,0.17391304347826086
ae866c2813a7e26b,0.9456521739130435
2462056c97d6a5de,0.5978260869565217
206ef6b2d13d064a,0.358695652173913
d76ae297eb06d5c0,0.43478260869565216
110e7567226b8b5a,0.3695652173913043
1d3f7c0557837288,0.9782608695652174
20d38cb427839be9,0.8695652173913043
48d57b31ae143349,0.6521739130434783
4447bac532e5edee,0.16304347826086957
dbfefd98fa9f2ba8,0.7934782608695652
4cd1886be5a89c49,0.8586956521739131
141df3ab55a69df4,0.9891304347826086
820f502ee2e08288,0.75
f5bfba16b3fa24b7,0.21739130434782608
655c50f875195869,0.2717391304347826
430f59937f801b86,0.9565217391304348
ce19a79660e35d2c,0.358695652173913
4fb492c777c7c3ca,0.8804347826086957
34fe2d85bb05bae5,0.967391304347826
14869d00896d542f,0.34782608695652173
57bc827b2a82358f,0.5108695652173914
e5400a09a5ff2669,0.33695652173913043
24fc07366a137345,0.32608695652173914
ba0c5e6827f6d8ec,0.25
ea694e69a4187dc7,0.7608695652173914
ca50e81c2a702b36,0.6086956521739131
fe5e9be154fa1c4b,0.09782608695652174
d94aded649c6cc93,0.43478260869565216
ba96155dbe0980a3,0.391304347826087
9b156f790e90b0a2,0.717391304347826
361cc2953fce18de,0.8478260869565217
0f7220f03e2edbeb,0.5217391304347826
b1e3f74c9798fe56,0.44565217391304346
a275a8864de99c49,0.10869565217391304
ac34d2bf4c0e52ae,0.8152173913043478
ae842c5b436b84f3,0.30434782608695654
89cedf8987cff47a,0.4673913043478261
78b334b76ff44a91,0.7065217391304348
f43a604729f9f4e6,1.0
b893ea4dbe0feb53,0.021739130434782608
3a1970db2785fb1e,0.9456521739130435
5bf84ac157e8df1e,0.1956521739130435
4bf8a2b6bb7f6b65,0.6630434782608695
4e88269968c22a7b,0.8369565217391305
ab7d4302c6f12439,0.3695652173913043
66e66ed7b2208e3a,0.5760869565217391
dc0f48398345ca01,0.782608695652174
cf25b6fb2934242f,0.9347826086956522
97b360f5debe71a7,0.45652173913043476
dd4f8e1eac1a712c,0.41304347826086957
407fa5b52385d1e4,0.532608695652174
adaefbb18fb00da3,0.20652173913043478
2eedf81826b7a362,0.06521739130434782
391a20dcdefdb691,0.8260869565217391
6e2c630fae25ee02,0.5869565217391305
706f3f93d67a6372,0.9239130434782609
f8595a0689859571,0.6847826086956522
f3852d96514ac5c3,0.4891304347826087
538b3e39ef10ec30,0.13043478260869565
33d89206cbd13b86,0.08695652173913043
91cfd4553e06f278,0.17391304347826086
52763ddf480ff7bb,0.9130434782608695
ed32a90d9cd52db1,0.043478260869565216
4ceab6899e39a8b4,0.4782608695652174
a6bca2ff3d6a8180,0.42391304347826086
279ddcc1eab07492,0.22826086956521738
91d22a19091370a3,0.6304347826086957
52d08c93d7503d1d,0.2391304347826087
433650a56bcaeacc,0.11956521739130435
36a8db0737d93cb8,0.18478260869565216
45d1840794538323,0.7282608695652174
de8d0894db2667c9,0.40217391304347827
67e63953bac767da,0.6195652173913043
faf128f3cb08d2ae,0.15217391304347827
710181515a8fa5ab,0.5
689f70cde7c27e55,0.010869565217391304
5620a57fa1a82425,0.07608695652173914
19bf05e125b995f1,0.7717391304347826
642855e2104692a6,0.14130434782608695
dbc2312babc55322,0.6739130434782609
c19879a921a78c54,0.7391304347826086
9e6d7068046f22ee,0.03260869565217391
2759bd077917e55d,0.8043478260869565
12a154c3feb6731d,0.6413043478260869
39131e0c4f48a710,0.6956521739130435
2e64eeb2a77d4e8a,0.5543478260869565
a4d34b1c1d77f093,0.5652173913043478
792fbce4dcfaa9e2,0.8913043478260869
6fa2ce90eb6fd79b,0.3804347826086957
d5f70c4785391f13,0.2608695652173913
f7135feb93336814,0.9021739130434783
ad619fdbbb0a6011,0.05434782608695652
0f62aba2c5c9cef1,0.2826086956521739
5872d5b0c7054146,0.5434782608695652
ae696a4a37141d98,0.5978260869565217
7d4a7ae29abebc9b,0.31521739130434784
fc3f05f1a8184369,0.29347826086956524
77e1531ede3bfb28,0.9130434782608695
217957183fca0bd9,0.5869565217391305
c7bde2a0390536f2,0.7391304347826086
b3c993bdb51c1493,0.5652173913043478
030d9c5c362b1a3a,0.6304347826086957
5181f7dd9f20803e,0.34782608695652173
0716850fa598c2aa,0.8260869565217391
40ba9ab0b925bc8a,0.9782608695652174
f86bf0513fda35b8,0.9347826086956522
6ca7607095918dab,0.07608695652173914
f241d4d14cd9a885,0.03260869565217391
7e5a2e95e79566d9,0.8913043478260869
30312c4f418041f5,0.10869565217391304
0fa18dc962907d0a,0.43478260869565216
925a04b2d83ab41b,0.2608695652173913
db18c7ce91e99281,0.6847826086956522
3ce295313cbedcef,0.8478260869565217
e03f2851ac6bfbc6,0.6413043478260869
c84ac14678e6043a,0.75
f2bcb41d1573ff43,0.41304347826086957
3d444d7769ba8031,0.44565217391304346
731719b432e1a0f3,0.010869565217391304
58499b2ce0eb672f,0.7282608695652174
c57ebe014d691ac5,0.20652173913043478
4fde838a869a645a,0.532608695652174
7c1c2834946b1a94,0.5543478260869565
f6636c203efc6943,0.6956521739130435
1a0386ce14adba14,0.15217391304347827
8363d05621da603e,0.18478260869565216
dcf61270384471fe,0.30434782608695654
916389af1217bc5c,0.9565217391304348
70c2f1de38a1a0ba,0.05434782608695652
76e7573df74e71da,0.6739130434782609
428ee3c8aebfe907,0.358695652173913
8f6b757cd723de98,0.391304347826087
d6a44cdc299771c1,0.8804347826086957
ae03dcafe23ca951,0.09782608695652174
6894e756e5af6e6e,0.21739130434782608
32fcc1d9d1f9b78a,0.6521739130434783
99bdea6728d8beb5,0.5217391304347826
efa3d9738a34f998,0.25
0eab4b368b94fb71,1.0
5b5da8285a07d25a,0.717391304347826
f50cd8d3b121e2fd,0.7608695652173914
973bf938d6db7d85,0.9456521739130435
f6ff98648e0dc82f,0.32608695652173914
e70153c8730cf9fe,0.5
9340a39d7489920c,0.1956521739130435
bb44456d637e0862,0.45652173913043476
e3d93297d4255bbf,0.4782608695652174
12bf945913f5479f,0.3695652173913043
151d0ff02e66b5a3,0.4673913043478261
964ac036a263092c,0.8695652173913043
758ce654f0b7c17f,0.22826086956521738
99abc0a42eeb7edb,0.42391304347826086
ef15b4aafc9ee1db,0.33695652173913043
077a3f3b7fce3d3c,0.9239130434782609
77adff3efd90a1a0,0.2391304347826087
584ba50c442256b2,0.5978260869565217
c951f5018066ac7c,0.06521739130434782
50bb179b8cf77f8e,0.4891304347826087
4812cfc8eadf30a3,0.08695652173913043
60f62017b480d590,0.7065217391304348
7a1a67c17332c7ed,0.7934782608695652
48af780118dad34a,0.6086956521739131
c4ee9d0a62d75eff,0.7717391304347826
fdeb51d2f15d0989,0.40217391304347827
f14843b6a9d5dc20,0.5434782608695652
c57351477d5dc3ac,0.31521739130434784
b929df3a6af7ec1b,0.3804347826086957
02b7040162a3d056,0.17391304347826086
14ef12e99e466e88,0.8152173913043478
6ff0422c6430ae15,0.9891304347826086
16d919e717aa4fea,0.29347826086956524
934d1deb031b7c3e,0.043478260869565216
b5a7577bc56e830b,0.9021739130434783
ba4d10b4c4a3ab78,0.2717391304347826
809a5f87964915d2,0.5108695652173914
88a76830f5da54e7,0.021739130434782608
0f6f45f86eb2ab92,0.11956521739130435
f7075f562956eb27,0.13043478260869565
389ee9238e99f395,0.6195652173913043
b0699b287764cb33,0.6630434782608695
77b36220acb43194,0.5760869565217391
ad1691734d3a596c,0.14130434782608695
6e72b3a140b2c352,0.782608695652174
0d83cf6d028b1a68,0.2826086956521739
726c5e4a783e8b6f,0.8586956521739131
4ad808cc3a033099,0.967391304347826
b403ea32cfc4ae5f,0.16304347826086957
0d4c3b37e4e0fe83,0.8369565217391305
9f6a707f74b6ac38,0.8043478260869565
a7dbe2a08ebe6c2b,0.9021739130434783
3f62e6d5deb31b98,0.40217391304347827
6b84f4610a55fc86,0.14130434782608695
2be40f7b2a5ddcd6,0.6086956521739131
376fe4f35d2ee591,0.5543478260869565
db02d686ca70bc3f,0.8695652173913043
1bcef7143618bad1,0.6413043478260869
17e9aa67b278f096,0.1956521739130435
7325dfa39f5ca331,0.7391304347826086
30b6cd937c27dd3e,0.21739130434782608
a266df103191f528,0.32608695652173914
3214ccc29da6d0b8,0.20652173913043478
220c931adffe5faa,0.13043478260869565
c7e790d442ba4989,0.2826086956521739
97f95a6ff3102f65,0.2717391304347826
7f1642c0b9f47e57,0.3804347826086957
9b7d92551d198a1d,0.6956521739130435
482134caccbe2443,0.391304347826087
84a9feffc9eb72aa,0.5
4d5ee2a8347bf1c1,0.5217391304347826
06bdbc6945f324f8,0.06521739130434782
d2da0444fcd23133,0.75
57a2f50ee7481375,0.34782608695652173
3615f7839717ee2e,0.043478260869565216
17c5c87d83ca9c7d,0.42391304347826086
1c0a0a87059fd105,0.021739130434782608
bf793db55ac4b773,0.8152173913043478
a59385b8dcd2659c,0.5434782608695652
5762cab15ed49a7f,0.17391304347826086
0c594cab3a0f285c,0.967391304347826
c024f6596ac54f94,0.8913043478260869
f2c073969b02dad7,0.9891304347826086
4c503775ecc808f6,0.358695652173913
2514f7bf926eb087,0.09782608695652174
00b098f65cce0559,0.7608695652173914
9d0ee6d56dd059f0,0.8043478260869565
486e1b83607568e0,0.8586956521739131
ea138c586c7b2a47,0.9456521739130435
34496e3ebc760b91,0.30434782608695654
711783abcea2a532,0.45652173913043476
8be5ae5487d77e67,0.15217391304347827
040cddc7f7b3b3bf,0.8804347826086957
a20ab9cc801578bd,0.6304347826086957
2478934112ffe8ed,0.22826086956521738
1c6beddf44412ede,0.6630434782608695
e60c1b23aade5a98,1.0
54010f0aab6637f2,0.08695652173913043
2f4b0e91e24b5983,0.6847826086956522
f96a88cefbca8203,0.41304347826086957
3b3f08cff99a8a59,0.010869565217391304
7739e2542f64b5a0,0.8478260869565217
4de103bd6e67de26,0.782608695652174
6541cb3c0d574879,0.16304347826086957
d29c560041d3cf43,0.5652173913043478
251bee4287f738e2,0.9782608695652174
ef94eab756ad556c,0.717391304347826
fd94e6084bccf9d4,0.25
2fb517fcf628efdc,0.11956521739130435
ecfa834b784ef51e,0.29347826086956524
ef1a4d8449643894,0.5869565217391305
475f877b4771948c,0.6739130434782609
e8651716085f3eac,0.44565217391304346
9e11685edd12f6ef,0.4782608695652174
4deca71b83365a1d,0.5978260869565217
d4e6d1e724312d5f,0.9130434782608695
cfe93f54d7ae12e4,0.07608695652173914
428dd0c42d7621cf,0.03260869565217391
95b2e896a213537b,0.43478260869565216
a3cb972ce6fbfe61,0.9565217391304348
4b7fb5604d0c5dd0,0.18478260869565216
e6269f26dfd790a6,0.5760869565217391
23c5ff144845ce75,0.2608695652173913
538b249f1206aede,0.05434782608695652
e33ea362c01556ca,0.8369565217391305
ad5133566ec59ee8,0.10869565217391304
bfc4207eb1535c05,0.4891304347826087
49992723d1124ec2,0.33695652173913043
70aed5029a377726,0.7065217391304348
4686f5fdf0ef7bda,0.5108695652173914
46a911b7cee34129,0.9239130434782609
a5e05e98e41eed4a,0.7934782608695652
adb115f4e4c323b7,0.3695652173913043
9f0d6ac2cf9269ae,0.532608695652174
efd0e17dc1fd5f36,0.8260869565217391
7a97fc0a2c463c03,0.2391304347826087
b333f90a5f6f2572,0.6195652173913043
e28b275e9c0c6751,0.7282608695652174
059c6bbe40104dcd,0.7717391304347826
fc30e1e7f0c7aa3a,0.31521739130434784
75ddb00877059d1d,0.4673913043478261
150848d169e7a253,0.9347826086956522
0f7721d0ec4d39bc,0.6521739130434783
152d08bebc68272e,0.5869565217391305
51916cc0754144b1,0.9891304347826086
ae32f4237e61e47f,0.08695652173913043
ab81b2a26cecb6fe,0.9239130434782609
47629455b6b8d277,0.9021739130434783
3f9ac451f7f46427,0.6195652173913043
b310b9003b40e9c5,0.29347826086956524
dbe8f13e956c9b40,0.6847826086956522
c7799a53003878fb,0.07608695652173914
6d36ee0c536ec9eb,0.358695652173913
149d84f0609d781b,0.5652173913043478
cb8217e9f7a17cca,0.14130434782608695
f25a6f75bdeda727,0.43478260869565216
e855abfa27ceb099,0.18478260869565216
eb75a2a98764f80e,0.31521739130434784
0ef24070fc19bebb,0.8913043478260869
28ade5ebdf6a5b15,0.2391304347826087
30875f2cbac9240e,0.5434782608695652
74cac4b69661fd28,0.967391304347826
327b6ffd6bcfb392,0.10869565217391304
2ccd4132507e6515,0.8260869565217391
531523f434acd124,0.5543478260869565
d1dd6a67cf48fa4c,0.9782608695652174
b9e08e8fcf41683a,0.06521739130434782
f9aef881f96c3473,0.7391304347826086
dcee80f7d6f9cbab,0.20652173913043478
0d30357b473e9fbe,0.717391304347826
2652a38dda4c035f,0.05434782608695652
151e739cde565345,0.15217391304347827
238853097a9d592c,0.4782608695652174
34babcd9dd815a22,0.4673913043478261
400ef31ee0271c03,0.5217391304347826
6124541cbee20f49,0.9456521739130435
c1d1f1fb717b116c,0.16304347826086957
3f26ebe6f593fb24,0.6304347826086957
17512553ae31e8f8,1.0
cbd5cde02e2902d0,0.45652173913043476
4eeda98b448c8b08,0.13043478260869565
b0e731d4b36cee4e,0.5108695652173914
c07cc328acbfca0f,0.21739130434782608
9e95c4043a4e2d87,0.33695652173913043
c48bf45cf108ba68,0.5978260869565217
8d6f2bfb73aa5189,0.34782608695652173
d268278de6be3444,0.30434782608695654
f94960ac7dbe7df1,0.2717391304347826
a68ff666edeeca60,0.6739130434782609
28396406c92cd681,0.3695652173913043
598fa2c0c1faa308,0.7934782608695652
47de5c72aa127eb1,0.010869565217391304
e005a25e94ef96f1,0.75
8072660de9590552,0.532608695652174
2feb322b29a6af79,0.22826086956521738
f96903ec63b76316,0.8695652173913043
cd58f7d97000d4fc,0.17391304347826086
ae1f0c7ae2509e4b,0.09782608695652174
9e0f2cbbc66237c9,0.6956521739130435
d7e0de4373688d09,0.391304347826087
a921d9d122b983e3,0.40217391304347827
fd89738e3cd26bac,0.2826086956521739
11ce79221c1efd04,0.9130434782608695
6cc4be7cc79b8aa4,0.6086956521739131
abfdb7c623c46b4c,0.043478260869565216
afa60039261bf4b6,0.44565217391304346
c26c56f9c76a8c11,0.8152173913043478
c11e729cd1ab79d3,0.25
b80462cf400a4f24,0.8043478260869565
1566ee86c0c735f0,0.32608695652173914
06428a218ea172a4,0.41304347826086957
4489f8cad1a226d7,0.11956521739130435
57b58a4ca676610e,0.7717391304347826
a9883fd71a2f3039,0.5
c7d3901939c709ad,0.6630434782608695
b928f0884a764fad,0.1956521739130435
550db23715e860a6,0.03260869565217391
ad9c482637ef3ebd,0.9565217391304348
0a2ce9cab399008d,0.6413043478260869
85d1775d0ea5d385,0.6521739130434783
8615c6fba3a87413,0.5760869565217391
d9882cd4df4e82ea,0.7608695652173914
f0d67b304dd25808,0.8804347826086957
235c9c88aad45e59,0.8586956521739131
34da7447050823ff,0.3804347826086957
c3bb6041e0f72ef8,0.782608695652174
71a0dc65d7f92a54,0.8478260869565217
3a2ca4ad2144c517,0.4891304347826087
33d0023aac2e5aad,0.8369565217391305
9d260b132bb0b505,0.7282608695652174
7dcec81820232be3,0.7065217391304348
5338840416ccb9a0,0.2608695652173913
5040054275d23e14,0.42391304347826086
34134f7890cef2f7,0.9347826086956522
bd8656da1395c2b2,0.021739130434782608
b3833c79b344c6ca,0.043478260869565216
ed1bd4e5eaf4ead0,0.8369565217391305
469b66f12be259a3,0.75
59c3b20faf06dec0,0.7934782608695652
79d4dc558f56eb5e,0.7391304347826086
81e97fbdb9801cf3,0.6521739130434783
fed11500691c20fb,0.45652173913043476
d0b5c2e5c00a4736,0.5
c71ab8ed9924a914,0.5978260869565217
713ec7f42bc974aa,0.967391304347826
7a728dab297b1d7f,0.5434782608695652
16eef424577e0de4,0.22826086956521738
a822e3eacd7fc7e3,0.09782608695652174
ef10e6384c0023d3,0.40217391304347827
cd9335fe53157154,0.391304347826087
c006d08a7de70410,0.6847826086956522
18cd192453dc5277,0.43478260869565216
5f0f0362ee5b19d8,0.6956521739130435
a65884b74b308c2c,0.10869565217391304
29b8c148d0638b4c,0.8260869565217391
09234c55bc2a7419,0.1956521739130435
dc86993cb0427de5,0.7065217391304348
e86e28e483b76780,0.25
4518c4aec1ccf250,0.4782608695652174
65ec59bf2eaae2f2,0.9130434782608695
3d74efd506dd1b0c,0.9347826086956522
8b9a4872fadc64fe,0.13043478260869565
13287142d05e61d3,0.8043478260869565
71388560755856f2,0.2826086956521739
254d94354d8c65a3,0.08695652173913043
55dad9da4b3ceb50,0.5108695652173914
a66f29df7580f051,0.6086956521739131
865eeb5ea1011028,0.42391304347826086
4c0ed154728dd22f,0.3695652173913043
8ccfdfb0f02cf815,0.9021739130434783
a29d0c268dc6a4c8,0.16304347826086957
7c9ccb2a89b77cab,0.6304347826086957
1de8b6d691cd1ae0,0.30434782608695654
d60942046bb4649d,0.7608695652173914
3a7159d832b406a6,0.41304347826086957
c64e6c5898482cd3,0.6739130434782609
3ae862436bd1f192,0.11956521739130435
0260eafa56431d4e,0.05434782608695652
26722d9fab978b6e,0.358695652173913
39f3c70401e90759,0.5543478260869565
79eb6bc8ecbde141,0.8913043478260869
343c04f745c4b617,0.6195652173913043
370065b035d0a810,0.5760869565217391
f503a940c9b4c261,0.782608695652174
df0cbad34bec857e,0.7282608695652174
1db530af34822ba1,0.33695652173913043
28aa21c9aa925394,0.2717391304347826
6bd1dfb98d7e95d3,0.03260869565217391
0adf202beab07900,0.8804347826086957
97e3f78cd73a8e33,0.4673913043478261
f9dd2ffa7a175af4,0.2608695652173913
e3ffe71ea068aa15,0.20652173913043478
94d89d6ba1c71aae,0.14130434782608695
154d6e2d9817561a,0.07608695652173914
271e8820036570d1,0.6630434782608695
2c4c870b37d42170,0.5869565217391305
2aa8cbd06666a921,0.8478260869565217
c76e8822f218f77c,0.5652173913043478
47b51e28ba0e3ef3,0.9565217391304348
61eda25205da9332,0.31521739130434784
7187578a6918f6fa,0.32608695652173914
962d480203066672,0.17391304347826086
af906e95b881bef8,0.8695652173913043
3dfda6ffe79073ff,0.8152173913043478
8706fb2d6f9f5857,0.44565217391304346
18904cf671a7b75e,0.9782608695652174
cd435e05418dc99f,0.3804347826086957
5a5620b98c6b8456,0.717391304347826
9225ed60cbe890d5,0.532608695652174
e9cec057ebc91e29,0.34782608695652173
262b9f82ffdfae30,0.15217391304347827
de762a00a3579b73,0.29347826086956524
0db60bbb29484810,0.8586956521739131
03993c4641206f34,0.2391304347826087
e4fda0e90921316c,0.021739130434782608
8328877c1b797adb,0.18478260869565216
a4215c493cc8fd44,0.6413043478260869
d271ac472f41e1a0,0.4891304347826087
50b2b7ae7d942a2b,0.9239130434782609
06a9ed85711c3b69,0.21739130434782608
f906a8aa55fc3807,0.7717391304347826
762ab824f5a5f0bf,0.010869565217391304
b04c80973553078a,0.9891304347826086
c7d879a04254c3ab,0.5217391304347826
048ad64ee00aa922,0.9456521739130435
ce64c2f0894aad3b,1.0
fa5c3d87dfc1557e,0.06521739130434782
58a115f8292f9a45,0.42391304347826086
dd87cf615bfffcdb,0.7717391304347826
6e21d76c41b67ef9,0.2826086956521739
2b6af28d78f857ad,0.2391304347826087
f640cba2cb617e07,0.22826086956521738
0a65022208834d34,0.9347826086956522
a02454e9df614204,0.9239130434782609
743d8b31ffaa13d3,0.34782608695652173
b79aa377c501b132,0.25
cf9ad779cc7abec0,0.10869565217391304
d914166c29740953,0.6739130434782609
2a0a0031bcea6a6b,0.5978260869565217
1cf7bade30995989,0.08695652173913043
6ba823536df2bf4e,0.14130434782608695
9f1b158dbb137bb4,0.8804347826086957
34d82e42a1a33f8c,0.9891304347826086
250128b5e5e01fbb,0.6413043478260869
55b2703c0a1c99c5,0.5543478260869565
f4e90b7a7fc0b43a,0.30434782608695654
e1a16509803d2a1b,0.16304347826086957
f69a176649f09a20,0.6847826086956522
81f7ed39ffc741ad,0.6195652173913043
d83e90c44e9d5b63,0.358695652173913
829375d61846452e,0.06521739130434782
eeeeec17ed5db655,0.043478260869565216
e7522d1af77379a2,0.29347826086956524
61f6924433f1f4b5,0.5
26ae7a2df9187176,0.21739130434782608
4f2250449952d318,0.8152173913043478
7a2d217aa7d96327,0.2608695652173913
163f878c211c5a55,0.1956521739130435
e8091aab27646d42,0.9130434782608695
612e04202071234b,0.8043478260869565
168ec67a19095c9c,0.44565217391304346
dcc671517a498657,0.6304347826086957
0af04535dc978d09,0.8586956521739131
1f22fbe5acbe8803,0.9021739130434783
d39d74baa0a3f26f,0.782608695652174
5a662cbc65b34e03,0.13043478260869565
de351d6d6eb7128e,0.6956521739130435
17692fa23f5ca5ad,0.010869565217391304
cb626158b4fb8117,1.0
788c5fd33418ce13,0.15217391304347827
9695449f92ff1178,0.5869565217391305
b06c81be743d4cd1,0.391304347826087
6d06936e8888cd15,0.717391304347826
bc78d03c0f4ea7b1,0.4891304347826087
e524e490fe722928,0.6630434782608695
fe68dab9c1f026ba,0.532608695652174
6171eca24cd1fdc2,0.4673913043478261
52cd65a027aba26e,0.7282608695652174
2cffb7a7bf9c519c,0.31521739130434784
742688dc7f2bf5f7,0.45652173913043476
a513d9de00bd978d,0.7065217391304348
52f1d86b7f52eb31,0.7608695652173914
809ccf8aa3e1b573,0.4782608695652174
2b95545a412d5a0d,0.11956521739130435
668f72c0eb63df9c,0.3695652173913043
9efb69b21cf749dc,0.7934782608695652
898a9c88fcae7b28,0.5217391304347826
8a0ddbad534ab3ad,0.07608695652173914
ab042a687399d7aa,0.05434782608695652
5a8d84df4ecf97bb,0.33695652173913043
b946e6f93877a217,0.8260869565217391
e33491557c87d6f9,0.967391304347826
718ff48e9034be7f,0.20652173913043478
b6fc1f8d6131ea24,0.9782608695652174
168acf3c7c738f80,0.6086956521739131
4f331d3d664e9307,0.021739130434782608
6e369a1a3bedf234,0.5108695652173914
e0906677c64dfa01,0.5760869565217391
daa10d472d47a49e,0.41304347826086957
003b315394dbee55,0.09782608695652174
0d4e16da97f9da7d,0.75
874fc02ee13ceeb4,0.6521739130434783
6ab6e333f035be18,0.9456521739130435
bb83097b18a3f36b,0.8913043478260869
fb975a3f9862196e,0.32608695652173914
e7696dbe3be2df38,0.3804347826086957
cc8690b933d325fc,0.18478260869565216
4c3e7bda52e741cc,0.40217391304347827
565425d7b1578538,0.8369565217391305
0fc076f0c8a84217,0.43478260869565216
69c262a1699e8958,0.2717391304347826
ad396d59931cf5e4,0.03260869565217391
eb0b2b90159a0aeb,0.17391304347826086
2316edb12ade80ae,0.5434782608695652
a46612bf1c709ed6,0.9565217391304348
eda7a10d9095e734,0.8478260869565217
e5e3e72e9f205589,0.5652173913043478
ce453078fee6c5be,0.7391304347826086
972da3be4ce0a247,0.8695652173913043
0ee0709c142cb1ad,0.08695652173913043
78070682cc3b57a8,0.4673913043478261
2a7a6c07b6ada8c6,0.6304347826086957
207b051be5e1ff25,0.13043478260869565
8db7e43af0345e64,0.5760869565217391
eceee75049ce3454,0.25
d7a17c2c27fa9655,0.8043478260869565
98e06daff9f57232,0.4891304347826087
aaeb99083b52815b,0.2608695652173913
b313621ba6a2bff8,0.8152173913043478
72ecf89ba4888e3b,0.8586956521739131
4bd4b1d6fa8fa079,0.11956521739130435
ea6c01c8fa0725ec,0.8260869565217391
b1f8e566a7e343f6,0.40217391304347827
bb2556c6fdba9f7e,0.41304347826086957
ec1386cc27c1f3fe,0.7282608695652174
e1e9eae1c9478a47,0.3695652173913043
459e0c54cb1ec541,0.29347826086956524
5ffec87a21694d67,0.2717391304347826
029bb0193d506b0c,0.5
87d213f5345819ad,0.2391304347826087
57defa83eb9b10f6,0.6847826086956522
1325cbf202275506,0.9565217391304348
61f35cb21258d02d,0.5434782608695652
11bd8901331b65f8,0.06521739130434782
1e5e9821deb8064e,0.33695652173913043
061111b3cabfddce,0.3804347826086957
44cafd88093255c4,0.7391304347826086
f4a2f179d726a7b8,0.44565217391304346
9a3ea4a8d818648f,0.717391304347826
20e0be01c84d724f,0.09782608695652174
3e35b55a11f3cbd4,0.4782608695652174
9374bc9661aeac40,0.07608695652173914
0045d75cc4707bba,0.7717391304347826
7077129d9c049310,0.8913043478260869
d0e8a57078abfa24,0.9239130434782609
5a83767e9f7a756e,0.9021739130434783
321d71e0e59ef8dd,0.021739130434782608
f2c9ce978a5606af,0.1956521739130435
10856ccc9ea1249d,0.16304347826086957
8e20b71962b3b2c3,0.8478260869565217
6111c7115edab74b,0.9891304347826086
0be1f712e59d88fc,0.5652173913043478
7bb5adebcf56ca53,0.2826086956521739
319c325470a91672,0.7934782608695652
f0968aed86f117b2,0.358695652173913
bb55335a05702a66,0.31521739130434784
ea07921ecfc03361,0.9782608695652174
983c6cef7277fa73,0.10869565217391304
e258b454bd8d8158,0.391304347826087
930a8db573c196fa,0.6413043478260869
6b87ec3c3b41d544,0.9130434782608695
494135afe6ef466e,0.6956521739130435
8d932b12c74537a7,0.15217391304347827
66b5f29f0a1aea92,0.9456521739130435
5076d25789829cb9,0.6086956521739131
04ce4de5b953ec53,0.5543478260869565
a213e58ecbb5b08d,0.43478260869565216
0f3e9e726897c39d,0.010869565217391304
c7339653eed24903,0.6195652173913043
712324b982f89a8f,1.0
5cccc52a1eda5445,0.6630434782608695
693373c557e62b33,0.5978260869565217
9c4297de5d7df618,0.043478260869565216
ab3e9a4d2b9d6bdc,0.9347826086956522
df8c361c771561f5,0.17391304347826086
08cff71993049703,0.21739130434782608
3636fae6c3cba809,0.34782608695652173
717d613bfd2bfcc0,0.5869565217391305
1a3479d9f673e6de,0.22826086956521738
08416583aa403bc9,0.45652173913043476
5c8577a0429e6889,0.8804347826086957
72171497113790df,0.05434782608695652
56ec03fca607fb5d,0.8369565217391305
ce6fa287752359f0,0.6739130434782609
3d95eca697154d04,0.5217391304347826
a9d1c426a863c599,0.14130434782608695
dd975593a45f4906,0.75
8ffd73c7f42f20b9,0.20652173913043478
851dd8c49977bdad,0.5108695652173914
05e63b79f1be0387,0.6521739130434783
99c56a4233575bd8,0.18478260869565216
08e90939ddd75344,0.532608695652174
1c7c7735104ec1c9,0.7608695652173914
67298e9037628528,0.42391304347826086
94d9283883539da1,0.967391304347826
6919fec329f09967,0.30434782608695654
2875bdf57f8caca7,0.7065217391304348
a148ac995a2f5ade,0.782608695652174
b317e4d1ba100c9c,0.8695652173913043
1ee6549411c5b904,0.03260869565217391
3fd96e64b82ca636,0.32608695652173914
aa978904d80ee43f,0.967391304347826
0b3329e196bacf80,0.5869565217391305
46088786608df903,0.06521739130434782
6438805aefb7edc8,0.8369565217391305
66e84afe295f2cfc,0.34782608695652173
81e930896f1e09e4,0.9782608695652174
4dae9a42df274293,0.9130434782608695
e3dcce620a3e96af,0.358695652173913
4507741fd0bc92f9,0.16304347826086957
e8c32fa94344269e,0.8586956521739131
dba021d13a5bd09b,0.010869565217391304
bd349c4cbc645ab1,0.5652173913043478
d2945273d205e8b5,0.13043478260869565
8f2b5070a02c53f5,0.5434782608695652
5e48b5111b4a8551,0.6956521739130435
d7883c011db426f5,0.7608695652173914
04330e766ea0b0b8,0.44565217391304346
a96584ee80652cd4,0.8478260869565217
3591f9e8c77c605f,0.08695652173913043
b744486aeac186bf,0.45652173913043476
71540d51e53af9ed,0.11956521739130435
fc0ed28e98d16a28,0.9565217391304348
586aef6c131bdadf,0.3695652173913043
c4f48f6a0628a1c6,0.30434782608695654
acdcd06fcc503a9d,0.17391304347826086
b2a846398e58fffb,0.42391304347826086
426730f0f2f59652,0.9021739130434783
1198dedf703b65a2,0.5978260869565217
e6112eb599985413,0.7934782608695652
b208d0cefbdda430,0.40217391304347827
a95c3f1c9ce9de9a,0.5
19e464e3420554c6,0.4782608695652174
5a68e38308f5a829,0.6847826086956522
7dafdfc0b08a1acc,0.1956521739130435
4b1b93234a8f9fd6,0.32608695652173914
b498e071352362dd,0.4673913043478261
31bd4df7cc244a85,0.391304347826087
587eb3e145253949,0.07608695652173914
f7e69f8ea84e0126,0.75
ed07ce71e8028bbd,0.29347826086956524
a6fa322be5d0799b,0.9239130434782609
9d3a96e63d67e7e8,0.043478260869565216
481624558dc9edb8,0.8260869565217391
535b06df0cfac78b,0.2608695652173913
c0c3d57ebf267130,0.2717391304347826
bdf687a5e9a841ca,0.33695652173913043
033cb279647781c5,0.6086956521739131
9a525bdea1133352,0.6304347826086957
3040d7280fc460c0,0.05434782608695652
ad1490100c6c7693,0.5217391304347826
acb5d56e76eb1173,0.7717391304347826
7da3000f877419c4,1.0
b5fd74acd9b79213,0.9456521739130435
2efe4bdfd0357a9f,0.21739130434782608
9dfdeac1d9c60949,0.25
e27f9574a792324d,0.532608695652174
1659151a5a6063dc,0.31521739130434784
39925bd96fbe84fb,0.782608695652174
e65454d332a8b7bc,0.5108695652173914
bc72ed031ef21d97,0.14130434782608695
4b22c386b1677e52,0.43478260869565216
bdc6ba171ef14aac,0.20652173913043478
a859a5968b7796cc,0.03260869565217391
0c0504d1957ecbbb,0.4891304347826087
00ab865e4d03c17b,0.5760869565217391
a6783277611f6ec8,0.717391304347826
68557d77870bcfbd,0.41304347826086957
2edd18532b5f7b95,0.7282608695652174
41f68499cb84f462,0.15217391304347827
027678226851f9f1,0.3804347826086957
97dc01b72425e749,0.6739130434782609
92f5c5c9e7d7099e,0.8695652173913043
1f288a38822391fe,0.9891304347826086
29c480a1922ca730,0.18478260869565216
ae77bc06fb263bd5,0.10869565217391304
7b9a77bc8617d038,0.8043478260869565
b1b82ddf65e55926,0.7065217391304348
ca8f7bfec2087920,0.2391304347826087
b7c203ebc370fe27,0.8152173913043478
0a07d979b211e086,0.22826086956521738
ac0c2f7bbc036c45,0.6413043478260869
92dcf09df8ac6fd2,0.6195652173913043
1eec0c09f0aec052,0.7391304347826086
349e5d2c0364e317,0.5543478260869565
27f326d84ebb324b,0.8913043478260869
04fe11a9282ba9d4,0.021739130434782608
b01b5a250d7ba365,0.6521739130434783
aec4fdcb77b9fa82,0.8804347826086957
748bb37e91bf6de5,0.09782608695652174
81de5edfd5415f84,0.2826086956521739
9ea501086d25810d,0.6630434782608695
88dd7b9bf7ca3e62,0.9347826086956522
88cdb6bdb23b4937,0.32608695652173914
d3287425854a41dc,0.33695652173913043
4ea1faec67dc5ec9,0.42391304347826086
1c537a57b05e9e95,0.043478260869565216
3f888ef405ba4259,0.010869565217391304
812d46dbdd4cd505,0.5108695652173914
7bddf3a442b27000,0.8586956521739131
cec08eff851c83ff,0.40217391304347827
88f7ec0a037b7bd3,0.7717391304347826
b69d400a04716525,0.2391304347826087
26a104aab9415fea,0.717391304347826
717bbae6919b6878,0.8478260869565217
f5c80d8bdce01ac4,0.9021739130434783
e1933187e8fb510a,0.5434782608695652
1cb443035fbbae45,0.8152173913043478
cf8679f100feba4d,0.29347826086956524
b65b18a48e2cd746,0.9565217391304348
56a5f98acc1b8280,0.9456521739130435
4ad69d49b37ef76b,0.8804347826086957
3c2d0df9533af710,0.11956521739130435
9860cd0b62722355,0.532608695652174
b8168e41dd6de1cf,0.6739130434782609
c7ad8a8f8dcdc7a1,0.8913043478260869
98535fbd900164cb,0.967391304347826
1f330497db1ab337,0.8260869565217391
18925e5f609b547e,0.6630434782608695
9972db2db973c451,0.25
f558542122213268,0.5
a271c6c7f4bb6440,0.782608695652174
c8897b0ab884c3f5,0.6195652173913043
362133abaf2075d5,0.9239130434782609
2638adfe69b5a424,0.3804347826086957
4ee6b08fd113faeb,0.358695652173913
1ab5aeb4c06f7223,0.45652173913043476
af726c3fea9c2a67,0.8043478260869565
293628640b8c8857,0.07608695652173914
13892193716f1036,0.10869565217391304
086caf96ceb8844e,0.6521739130434783
803da80507e8f9a1,0.021739130434782608
d33f37fb6b0e1ccf,0.1956521739130435
0cda83d31d381dbd,0.7608695652173914
df57c8ead1023570,0.20652173913043478
a65132d494301e5c,0.4891304347826087
0a18e8757a03afb8,0.13043478260869565
b0f1bab2e9bcc0f5,0.8695652173913043
0d114b681109c548,0.9891304347826086
62398e0afc2b079d,0.5869565217391305
22a3df0752ef9260,0.2608695652173913
f2d2d9ad5ea90d36,0.21739130434782608
cb63fd83581f8a25,0.4673913043478261
1eb7a5a7d7ab7f62,0.05434782608695652
c769614eedb5b6b9,0.6847826086956522
45fc6fe84ae480ab,0.44565217391304346
aa4844c2d7736fb6,0.75
d82de6dc3d5ee26e,0.5217391304347826
801d248442e0761d,0.16304347826086957
a7ba6414684ddbc4,0.9130434782608695
152359b19de9e351,0.7065217391304348
2a59b55e586bbb71,0.30434782608695654
31862c5763e50e9e,0.34782608695652173
60260ecc9c183f29,0.6413043478260869
17175b9f44fbc6c6,0.6956521739130435
9c4a216cf98dd642,0.7934782608695652
1ae389a644f15aaf,0.6086956521739131
5aefd5caa11dfa51,0.15217391304347827
98ee9b392380c3fd,0.5760869565217391
1cefa2d3ca2deb78,0.22826086956521738
79ff1c51167c8792,0.41304347826086957
81bd43141fc10353,0.03260869565217391
0fb8aea8153e140b,1.0
8c26c82b46fd78e4,0.5978260869565217
951d2d406d8c5237,0.2826086956521739
d97f6b479039413d,0.08695652173913043
8ca338ce4936c672,0.43478260869565216
89a8bfef12ccbe3d,0.18478260869565216
a87bd7edccae732a,0.17391304347826086
504f5d1725387208,0.9782608695652174
fe16e307a2e5488a,0.7391304347826086
5459155415509a6b,0.2717391304347826
28974815ac3a9d4e,0.5652173913043478
3f517231d13a11c8,0.8369565217391305
686d5164a3e94d81,0.391304347826087
107127fd668f6044,0.7282608695652174
a3051e51eb0f7be6,0.3695652173913043
01f4ac4780da77e5,0.5543478260869565
ab4e7e5bd91bdddd,0.14130434782608695
5ba9fc6f86449276,0.09782608695652174
52467532ae8edcec,0.4782608695652174
1163ef6641c3c2af,0.9347826086956522
c2b45356b482067e,0.6304347826086957
363e66e5b6982c1b,0.31521739130434784
02235bde894adf16,0.06521739130434782
4708808966c5f57d,0.391304347826087
edce37f898ac747c,0.42391304347826086
98871ae9c454175d,0.07608695652173914
d0759c931a47ad5f,0.8043478260869565
06e87c4694a55f86,0.25
248a7f37192132a9,0.1956521739130435
c87fa83328a82788,0.5760869565217391
934ddc8b5355fa80,0.4891304347826087
234363b7ac1d2385,0.967391304347826
bfd1c04dcff2dfda,0.32608695652173914
34564b1eef755273,0.20652173913043478
f7ac138a7885d77d,0.11956521739130435
e8234b2eb8cd934f,0.8586956521739131
e4303d82f39d956c,0.7717391304347826
2645f8c44dbc7156,0.8478260869565217
0ca9ac9caf41838a,0.8695652173913043
eace35b6f91d2503,0.6630434782608695
dc853a8496cc7dcc,0.06521739130434782
95afa2978167a198,0.4673913043478261
8b589c71d0ba624c,0.16304347826086957
adeb19995451d65c,0.8369565217391305
04987bf59b2fbdbe,1.0
ba936805b993df02,0.7934782608695652
236d1a2365249b23,0.5869565217391305
d26a8cecde405fc1,0.33695652173913043
6baf8d2f4b34e88d,0.6847826086956522
77db34ef843d7d4e,0.717391304347826
818923e1056b0423,0.41304347826086957
cb0d5b01d512e357,0.9021739130434783
ef4ece6f6756c6bf,0.18478260869565216
ef83613dcaa7b917,0.6086956521739131
e60cf5edc8563b91,0.010869565217391304
c140c1244792f23f,0.7391304347826086
27aac9979957ec34,0.9565217391304348
9647c16763504a2f,0.5108695652173914
20ad12691f24d4a9,0.5217391304347826
46f13733533a11c5,0.6413043478260869
a228bc5795c2bf9e,0.3804347826086957
84c6a0f8fc51f070,0.782608695652174
d09082dede3788de,0.5652173913043478
5c01c08ae15de268,0.5434782608695652
abc34c79253dde5b,0.7065217391304348
c1176ecd3d95bc99,0.9456521739130435
b6435ceed94828e2,0.08695652173913043
781f7d0c797d06af,0.5978260869565217
b3c4c5d5a3e4af9d,0.9891304347826086
dc2917da43a96523,0.8152173913043478
ceddc689fc447f33,0.8804347826086957
da9f4ec0781d2e21,0.10869565217391304
f553872be547710d,0.15217391304347827
49536f5041c5660b,0.44565217391304346
95b290a39729e11f,0.05434782608695652
5b349eb0b4b88ce7,0.13043478260869565
1bcdf5b20692d6c7,0.09782608695652174
2a7b47cad05349ad,0.40217391304347827
a8dd48163ab5e30d,0.03260869565217391
856294456a38a612,0.9347826086956522
11c98ed96bc73e82,0.358695652173913
0e863beba5722c6d,0.9239130434782609
119263b11442da4a,0.7608695652173914
db4f14704af21ae0,0.021739130434782608
be5d8f37ab37ea53,0.6956521739130435
da0070fa80a34663,0.532608695652174
66c4f3dab73fa148,0.17391304347826086
39c7d0f90092aa61,0.6739130434782609
c96db374eb3df833,0.5
2f9cf634af939e1e,0.6304347826086957
4ab25d803bed6dcb,0.7282608695652174
6b7f8e79acfc11f1,0.43478260869565216
a656105d01b3a2e6,0.2608695652173913
a082888b631f4276,0.043478260869565216
4c577680210f60b6,0.21739130434782608
e0bc3a1e4464dd40,0.4782608695652174
93b529b0b1a098dc,0.8260869565217391
7922ddfae3cf4b5b,0.6521739130434783
932cba7c6f363680,0.2717391304347826
2b5912eef8e19b82,0.45652173913043476
24306f7f78a7b6e9,0.29347826086956524
bd6f7bcd5074d271,0.9782608695652174
23cddd2e4ba5cf06,0.5543478260869565
ca01ecaf69032660,0.75
c09b7f4847d47927,0.2391304347826087
58aeaecafb9d19e5,0.8913043478260869
2c8fd133508481b1,0.30434782608695654
b437b6b60b3dd72f,0.9130434782608695
f780be0982effd78,0.14130434782608695
3d3a8e7da0f0e6ee,0.2826086956521739
379e496c795cb2a2,0.34782608695652173
ce0a32f1533c5aa4,0.31521739130434784
fd7090e461aa48c8,0.6195652173913043
3942cfafe1357f62,0.3695652173913043
63b0624d18e8152e,0.22826086956521738
d4738465d188f23d,0.03260869565217391
b3e924f072a01254,0.5652173913043478
50cd7c4e5af718d9,0.9782608695652174
548d3339f323d65c,0.6304347826086957
f3bf179581fbfd68,0.7065217391304348
2a7e8edd0aa14b63,0.8043478260869565
28626ba12b5e591c,0.5760869565217391
8198592c60889dec,0.6195652173913043
172f83d41476924e,0.1956521739130435
a6a8caf909f6cb81,0.043478260869565216
fa8b102071b463d1,0.782608695652174
a97a7c0634761826,0.22826086956521738
f01f2e5324fbd139,0.717391304347826
da85672657c06471,0.11956521739130435
1b21f5dbf0fdc17b,0.15217391304347827
2fb07fe31d865c07,0.10869565217391304
35759797c510a138,0.8695652173913043
541506d042cce37d,0.9347826086956522
5446a23d3a2f3f17,0.07608695652173914
e1bcdf7b1f98f4a4,0.06521739130434782
542f72e47d36d7a1,0.5108695652173914
1204eb6e4cb23c4e,0.6086956521739131
3efd5d15afcac5cf,0.34782608695652173
c99c35dcbaf8101e,0.5434782608695652
16faa0bf61d1bc1e,0.40217391304347827
83401b041ea4c62d,0.42391304347826086
475003cf91feeb60,0.05434782608695652
5736588c99a333b4,0.13043478260869565
ba49295f0284f448,0.6956521739130435
632c922af6f434e6,0.25
678b4c8fb8740964,0.010869565217391304
1ce30b9e559d2c36,0.532608695652174
2b8d83892e5d5223,0.5978260869565217
b5d53aa399a68293,0.2717391304347826
f6eb80afe9c73870,0.09782608695652174
8d639c48cc137237,0.8478260869565217
6f18682cd0e013fb,0.8260869565217391
d413166b837618f8,0.21739130434782608
c5e49a2c9e058864,0.7391304347826086
742d0e9602623c10,0.4891304347826087
634824728d41cebb,0.4782608695652174
60d082da9467947e,0.7717391304347826
d501b74eedc25458,0.6413043478260869
c172132572160728,0.7934782608695652
57a58ab3935dd09c,0.9456521739130435
1df6d21fd2312198,0.18478260869565216
5fe06e4cbdb55891,0.8369565217391305
1f1257f5cca10721,0.30434782608695654
c02d110f30809fbf,0.16304347826086957
cf8b961625d36bd1,0.358695652173913
149fdddb8bd9015f,0.5869565217391305
6af3c255f0050555,0.6521739130434783
f184c65ad4adddd7,0.20652173913043478
11de49a6f77fb85a,0.08695652173913043
9f25653cbc892476,0.41304347826086957
25ccc0e7f9c070e3,0.45652173913043476
018b528585b4e9eb,0.14130434782608695
ea176e015698928d,0.8913043478260869
aa1f29cbd7154f22,0.7608695652173914
86727997ce7a1daa,0.5
6bc7bc7456a46ef7,0.2826086956521739
820a0f614060083d,0.44565217391304346
06bdcf2bae33a813,0.5543478260869565
dd953a32f7c1044b,0.29347826086956524
9fcde3ee4a8f0172,0.8804347826086957
0f52002e4b66389b,0.9130434782608695
3ca4e81c899cc14a,0.75
e79f12ea83dc102d,0.33695652173913043
6ae1ed4658caa7ba,0.2391304347826087
685aa0dfd1d72718,0.9239130434782609
f460f64b40a98c17,0.17391304347826086
0560b1b511c2817e,0.4673913043478261
2c65182a53f75692,0.7282608695652174
eaf84d12cfb78273,0.32608695652173914
e4e3b54e387a3fab,0.967391304347826
402e944da1d6976d,0.2608695652173913
e260e37f54dd3341,0.3695652173913043
43faaea1fe9d21a7,0.3804347826086957
4ecde200258be4ee,0.391304347826087
fef275d1c2ad8c77,0.31521739130434784
b655651e8ca25515,0.9891304347826086
b335bf57fa1c148a,0.5217391304347826
ca9243dd3d584c21,0.43478260869565216
2d72557458d1de5f,0.8152173913043478
0136d73d961d547b,0.8586956521739131
cce68fc7688c6831,0.021739130434782608
eb9f23b88efb9471,0.9565217391304348
39ab12274b2a6376,0.6847826086956522
e1603ac924066b78,1.0
50b8eab99e2f30d8,0.6630434782608695
ae610fcdbdb4983b,0.9021739130434783
f56d0bdf095b16f7,0.6739130434782609
bca320104bcefea8,0.7717391304347826
072564eb10e52b95,0.15217391304347827
cddb654727789f7e,0.3804347826086957
5289c5c7662f144d,0.08695652173913043
f8d13e2402d1a425,0.16304347826086957
93fea68fdfad5a8e,0.45652173913043476
101ad733abf3caee,0.8695652173913043
36e889c7285cdbdc,0.21739130434782608
0613135e975750c2,0.20652173913043478
7a3592229fabc8a1,0.7282608695652174
0a17b25609ba1fa3,0.10869565217391304
b9acf26d35f2d5cd,0.8913043478260869
e6919b129d5284e2,0.8152173913043478
c204fed01731bd84,0.06521739130434782
fa0f204b2b848583,0.391304347826087
f6a422a46bcadb0c,0.5869565217391305
43920e8a4b3d4b81,0.34782608695652173
8f2621d942876cff,0.6195652173913043
f6ca00a542facc24,0.6739130434782609
21dcc1332c5187b5,0.010869565217391304
b2aa47136cc66373,0.7608695652173914
99d85fd4e22d895f,0.9565217391304348
6c61a4fd5a57c165,0.8369565217391305
1b52448d527fd55e,0.8804347826086957
a0e42b2a4318185b,0.41304347826086957
03f45a05c2ebb8ea,0.14130434782608695
b2a531127318f94e,0.8586956521739131
72cc2fa4571b2687,0.4673913043478261
55e8e706e7da265e,0.9782608695652174
6de48ca083d77fa1,0.42391304347826086
2540da213bc3a61d,0.2826086956521739
a1b019d792aa8ee2,0.5760869565217391
cebae7dc6cb52538,0.2717391304347826
ed273d3a45415a7f,0.18478260869565216
7eed9ad736fa6364,0.9456521739130435
38ac7e6774a6217e,0.11956521739130435
754c2b22c9aea483,0.44565217391304346
938a8a82d8d52468,0.6847826086956522
86734f2e3959e072,0.5
6f0cd38f4dab397a,0.8478260869565217
b1e96492b9adb637,0.40217391304347827
3125649d2b995881,0.17391304347826086
622d90649871855d,0.7391304347826086
d0922d82f6e27cd4,0.07608695652173914
d3a12f26a4bc9aa4,0.75
316935194baea916,0.30434782608695654
97986a44d3133f14,0.043478260869565216
020a66a2a18bae6a,0.5978260869565217
1eece49e0eb6fb12,0.3695652173913043
06339d5c8635c1fb,0.5434782608695652
b12e773d89613b4f,0.967391304347826
88e0e461cca52159,0.43478260869565216
35469cf7b5cf478b,0.9021739130434783
8eb809c4fbfc194f,0.6304347826086957
7622acec84429439,0.7065217391304348
227987f132bb9958,0.22826086956521738
92c97db01739fe0a,0.6413043478260869
4bf37a3388e4e0fa,0.9347826086956522
e9d4894ec39233c7,0.9239130434782609
ac92010b616c53fc,0.532608695652174
3e4171602e016758,0.29347826086956524
a7ffcc821e5084e2,0.5217391304347826
7c2b2b2288b6dadc,0.05434782608695652
ecc5eb61f9559448,0.4891304347826087
78221678e17db9ea,0.03260869565217391
8226533ddf22da9b,0.31521739130434784
b7a0284ea059d03a,0.6521739130434783
3f34d54cc548f004,0.5543478260869565
0a17f1235268a711,0.32608695652173914
8b075c5856f12202,0.6630434782608695
5988b9514ab54a99,0.782608695652174
40753aba88f93337,0.1956521739130435
9b7d9cc11c343649,0.9891304347826086
3f6cb8ba48abff1b,0.2391304347826087
606dcf96a121beed,0.6956521739130435
56d7ecc352321fba,0.4782608695652174
37315ebbe3758dd9,0.717391304347826
4cdc502dd10ab412,0.09782608695652174
0f70d8ec03832561,0.5652173913043478
3b4cb4c5da60036d,0.8260869565217391
d1dc0b3d534db24c,0.358695652173913
7c41a3dd5441d9c0,0.6086956521739131
ad1abd47dd0ec200,0.25
a2a4b836ef9924ae,0.021739130434782608
fa23c71f7c32c0c1,1.0
d6a091fed5aece69,0.9130434782608695
b75e9bd881afe33b,0.8043478260869565
fcdf6dc220fdcc4c,0.2608695652173913
b29248f14192d075,0.7934782608695652
47b798a4dbc57ea8,0.13043478260869565
72483f752db1ea5c,0.33695652173913043
d31f0b462f9e2810,0.5108695652173914
7e7cfb31ff92f554,0.3695652173913043
9ae134e8af18d9d9,0.5869565217391305
87faef3f8f732491,0.9456521739130435
f1932d3246bc3c5a,0.16304347826086957
144e02dbeb84c26d,0.29347826086956524
1b8bd351006f39a8,0.2608695652173913
d4bea609e5fc77f4,0.06521739130434782
e880134b97fa9cd6,0.40217391304347827
d7183a85dc7ace9c,0.6739130434782609
557b1cbd269f2420,0.8369565217391305
a079ffce5020b75e,0.6413043478260869
da3d1eb3f0b5070b,0.42391304347826086
f0328249c36d5810,0.75
906f76bc3852d89f,0.31521739130434784
2f76b088e749deeb,0.09782608695652174
48f50b00d42f6369,0.9130434782608695
51743866f8917d7f,0.8478260869565217
e5781cd031d75ca2,0.22826086956521738
309b00a63ac8d2cb,0.25
120ec778f756d624,0.717391304347826
6a947a1bc9bc91de,0.13043478260869565
cb6fad140633ac4b,0.30434782608695654
890f2aacb9cfe50b,0.7717391304347826
e9339e3e56490f11,0.8586956521739131
de239cc332a69605,1.0
4406fcaec33ad753,0.8913043478260869
c72015c511a85268,0.6847826086956522
5bbf1eff92887ae6,0.5978260869565217
1581a63802196a8e,0.44565217391304346
55811a019f3941d0,0.6195652173913043
d4e0c9f81688ce06,0.7391304347826086
60b9fa742f39b5eb,0.5108695652173914
73b8009f93ff3416,0.532608695652174
14c003be04a71f01,0.021739130434782608
00437e8793992156,0.15217391304347827
fe6edbd1bc07a380,0.33695652173913043
1aad717c53afde1e,0.043478260869565216
c1119ff6aea4546d,0.5543478260869565
cc3c8166cdf8579b,0.3804347826086957
f7920e98405d7fee,0.8260869565217391
87c5a73af67b793e,0.34782608695652173
a5529f6c93070e04,0.4891304347826087
90a804e4b327eef7,0.9565217391304348
9cef35ad407c2201,0.14130434782608695
f281bbc2d3c46269,0.7934782608695652
1dca986713e51a96,0.8043478260869565
f60ecf5e352a0d9c,0.4673913043478261
499d8d67bca77abf,0.03260869565217391
3b397b9fae3da6e1,0.2717391304347826
eefed530067b5341,0.9782608695652174
cff6c314219a0887,0.5760869565217391
c4620be883d99db6,0.8695652173913043
a88ff0b724ad9ae8,0.2391304347826087
a6a699745f522f93,0.10869565217391304
90fde8d8264f4f00,0.11956521739130435
85e3e694280e314f,0.5
070c8fc128c3bd8f,0.5217391304347826
b6b4957d3f37139c,0.6086956521739131
3a8d9105d4400fe6,0.20652173913043478
271c87ca6616656d,0.45652173913043476
8ca42772f82c79cc,0.6304347826086957
d06809aeb21f2cbd,0.391304347826087
d594519cc39c7bdc,0.7608695652173914
dfc0be933abe9d31,0.4782608695652174
3e2c2e23524e8d6e,0.5652173913043478
7d37ae860e1847aa,0.967391304347826
842fe53ddfa701fb,0.43478260869565216
487cccc08d3e2e69,0.32608695652173914
ea06cd0fdc7ef155,0.21739130434782608
86d132882b63327b,0.05434782608695652
539a80c7ad111d23,0.9891304347826086
4f91f8f77b0ce8dd,0.2826086956521739
da30c29531acba51,0.1956521739130435
d2cca09510390558,0.18478260869565216
e47dd5f912f8836f,0.7065217391304348
396a2853b7d37508,0.6630434782608695
9b07481e1cff3d8a,0.17391304347826086
055909a5ce6dc5f7,0.41304347826086957
2d45aa7fcea52081,0.7282608695652174
717a231374aeaecd,0.9347826086956522
6f4a8d85771ac3f9,0.5434782608695652
b919a705a7b83683,0.358695652173913
7bc5f21f872dc887,0.9239130434782609
875d082c9316dba2,0.9021739130434783
bbd541760c542eae,0.08695652173913043
9b25ba16f2f5c6b9,0.8804347826086957
5d960ef94c8da410,0.6956521739130435
2e91f3010f3495d2,0.010869565217391304
2ae341ac583312e3,0.8152173913043478
843cea0ec163a9e8,0.6521739130434783
ae22b02f790c9c0a,0.07608695652173914
acf8dbf7dc31b4f8,0.782608695652174
910bbd39e36be0ea,0.7065217391304348
171b79c83db52c02,0.8260869565217391
3aee3cbd8a68b847,0.5978260869565217
6b94d9828be7465d,0.10869565217391304
7344ffbc033dba8d,0.21739130434782608
0052a0791461c41b,0.31521739130434784
76a368bd518f19b3,0.9021739130434783
80c42aaeb6071ff9,0.11956521739130435
0b70b6404d9a4ef4,0.7934782608695652
0c45bf2d31914d58,0.7282608695652174
4b4dfd6f2e744496,0.967391304347826
8731d46911f96db3,1.0
7e6a0d7f2a5217b7,0.391304347826087
9a8b7da92d6c91ce,0.9891304347826086
c2beedece1c8aeb3,0.5760869565217391
4c4723893abe4ae0,0.5217391304347826
2fb5f4f9b00582f8,0.4782608695652174
ac46324bd7279b5f,0.2826086956521739
1270c6267e9bdff8,0.6630434782608695
9bf50bfbd82c3b84,0.3695652173913043
aaf2bdc4426cfd24,0.010869565217391304
3fd88c86930ae8ff,0.14130434782608695
8cd53ce5a350bde4,0.18478260869565216
32152c764acd55d8,0.7717391304347826
500286e4c30d9815,0.41304347826086957
7adf402f51be9a7a,0.3804347826086957
be81a4f2d9b78227,0.6956521739130435
8e21e1bf783a267d,0.32608695652173914
5288a86ba9679883,0.6304347826086957
bc33a760b8b48e46,0.5108695652173914
fcd2d7c55fcd5bfb,0.6739130434782609
d16206b9f6decff2,0.717391304347826
6c94e2308c99eea2,0.15217391304347827
2151beff16708e8b,0.05434782608695652
338de5dd765da2ba,0.9782608695652174
4f17e64321c54081,0.1956521739130435
5ef73a22e9010eda,0.9456521739130435
a377ff7bc222b725,0.34782608695652173
6a4f65550ccc18ed,0.8804347826086957
ecea5e997ab5f0c8,0.17391304347826086
a4c4295e4acf7f15,0.22826086956521738
bb5caa29bf033e17,0.8043478260869565
29a9dae8d19e7474,0.358695652173913
6a38d28a48b83623,0.5869565217391305
122a840a4bd3e8d1,0.5
e56c74de98554c8c,0.08695652173913043
020c843589f76af1,0.30434782608695654
a47cecc6f49f6389,0.03260869565217391
331a4aaea0d168dd,0.8586956521739131
67728d5666eddba8,0.6413043478260869
e5e6b17a06a8136e,0.043478260869565216
235966293122a63d,0.2717391304347826
947c9027f376f82b,0.25
7372ff263ff503ef,0.6521739130434783
3a3d7530862cb696,0.9239130434782609
d8dc29b7ecb8b1f2,0.6195652173913043
32dd175ff94bfa9c,0.4673913043478261
baef9a53bcf71d46,0.8152173913043478
080d85249a35a132,0.2391304347826087
5d6567fbd03d0ed7,0.33695652173913043
514b387e8b9c22a8,0.29347826086956524
e7c07b6a2e221a74,0.8369565217391305
3e3e027f3f422d1f,0.5543478260869565
b2e057f4f82bd1d3,0.9130434782608695
f2682767612fbae2,0.06521739130434782
c453ab426a307268,0.2608695652173913
9708725805ec4925,0.9565217391304348
de15ba72a0ab42fc,0.43478260869565216
c0f19477d862fa68,0.09782608695652174
a82809e435bd500d,0.8913043478260869
648400960f1468d1,0.6847826086956522
212e4e6b649087ab,0.13043478260869565
d33fb68f1ea8862b,0.75
592ccaa65a189294,0.532608695652174
afdc567e54f253be,0.6086956521739131
22379a5021433183,0.5652173913043478
dcdd41ee9b0f422c,0.16304347826086957
dc3a1ba6da8116fd,0.7608695652173914
21efd6ceee431ee3,0.42391304347826086
3c8d4f8b9f7bf009,0.9347826086956522
c74b93c9dfa3b2d7,0.40217391304347827
2a5d6c5857cf08f8,0.5434782608695652
ff42991af9217dce,0.7391304347826086
fd68b135b4b0adda,0.45652173913043476
fe0adc62270b1c33,0.44565217391304346
4b4951db0296a8f9,0.20652173913043478
8672429a49029b86,0.4891304347826087
fb1411b14f14c076,0.021739130434782608
b336adb5a1ad05a2,0.07608695652173914
0da61c6e611749f3,0.8478260869565217
c5c0ff8b6a9ba2a0,0.8695652173913043
7db0c24b68563199,0.782608695652174
db1f6a033f8c937c,0.3695652173913043
e943f71953a4e1b1,0.09782608695652174
5b1cf453ed40ba0c,0.8586956521739131
c661b532d7b20f3c,0.33695652173913043
9f2ecbe1071dea7f,0.11956521739130435
45c0e3cf7785d6e3,0.42391304347826086
a36519e86f7b33b6,0.6956521739130435
d4984cf4b064b250,0.5760869565217391
be685f07128bee66,0.782608695652174
766d5de96cfbfbbd,0.010869565217391304
316ca5057e90346d,0.20652173913043478
f899153884819b21,0.2826086956521739
978a8bdb84489eb6,0.8695652173913043
eebb5880611f5bb2,0.30434782608695654
41af1d4c2331baee,0.15217391304347827
d11a41e122faaeef,0.8804347826086957
43929235652c75a6,0.7717391304347826
cc1fafb652e6b5fb,0.8913043478260869
d487b42467c03e2b,0.9456521739130435
b10e9d9beed0e132,0.7608695652173914
048a050954249ee7,0.7065217391304348
38b4ee081da72678,0.21739130434782608
5eed2226cb2ed0ad,0.8152173913043478
39520c0c98f82134,0.14130434782608695
03494f6834a595b4,0.5434782608695652
fcf16e09e2e9bc38,0.358695652173913
e8d766ef382289f6,0.1956521739130435
9682ad049a619e14,0.8260869565217391
408c9946801b269c,0.22826086956521738
61a57924afc535bf,0.9782608695652174
8f15f87443dcc6c2,0.44565217391304346
be876e2c3155fd01,0.5217391304347826
5f13d435aa0e97a1,0.34782608695652173
87ea38057ff762d2,0.9021739130434783
2f54925b34f88432,1.0
4aa57eb7f590fd85,0.391304347826087
ae496940467749c5,0.9565217391304348
03c2fc88dd48cd27,0.08695652173913043
3d786b08cb78b66a,0.6847826086956522
bcd58a80d36bcedb,0.6304347826086957
8f209d5701bf6453,0.41304347826086957
bbbbaea46ac230f5,0.8369565217391305
6afcdedc93007ca5,0.532608695652174
44ba1cc5f8d8280f,0.17391304347826086
5c75ad00f01ddddb,0.4782608695652174
41a48437ca699deb,0.05434782608695652
69d2343dd6ba6a15,0.6413043478260869
c7df914a0f112067,0.6195652173913043
3ee97132766717ad,0.5978260869565217
7357554e0095a5a5,0.43478260869565216
97624b5d60c10650,0.2608695652173913
0c4fcd284913ce1f,0.29347826086956524
4c355193eb2b6be2,0.9239130434782609
f3d4c463eb03c65d,0.7282608695652174
2f2a1c9d9ecbff01,0.717391304347826
3c44b6e3ef57c5ed,0.32608695652173914
32b4b1d88b9846b3,0.5543478260869565
2369a46c6e45613c,0.7934782608695652
cb721f168a86cd86,0.6086956521739131
8d261b19b4f2fdf6,0.2391304347826087
984b10d624423f73,0.07608695652173914
fc8f81195d7558dc,0.5869565217391305
ad41c37b7890a748,0.9347826086956522
23c1236b138a0274,0.4891304347826087
247263ab4a01532a,0.6739130434782609
aeca9de3fc988af6,0.06521739130434782
da8433a142d83770,0.5
3267daf326b7c549,0.7391304347826086
b6e7f92a0881d4ce,0.03260869565217391
191455276b30e730,0.2717391304347826
fd5ddd3f253f1bf5,0.9891304347826086
bfd8b0db03565793,0.967391304347826
0487859391d7f602,0.043478260869565216
b765d22e8f3036f4,0.3804347826086957
0de540b552c7ea84,0.13043478260869565
ef600e976b57b272,0.25
7b8c2956fef9f724,0.6521739130434783
33086735a38ab1e0,0.31521739130434784
a22d74a6edb3112e,0.6630434782608695
16d14c0a95842449,0.4673913043478261
bf0d39753cdd4d0b,0.5108695652173914
a9d2736a8fc14b51,0.9130434782608695
c904c44a396ccc64,0.40217391304347827
461c2c103c2dec4e,0.16304347826086957
8d939cf2c40f70e0,0.5652173913043478
ce3fe21adb426d36,0.18478260869565216
f3f3d9bb07638fcb,0.8478260869565217
571f8e6a81558b1c,0.45652173913043476
9f009842161bf943,0.8043478260869565
4eca29fd737cee11,0.75
31671cbc2ce72b6b,0.10869565217391304
afeb7d1ec5431c32,0.021739130434782608
5c390c3bda260fcf,0.9347826086956522
b30be9ed927e6246,0.09782608695652174
977b3d0437fc4839,0.08695652173913043
f2f9341667295679,0.8369565217391305
49a2058951863800,0.42391304347826086
155c7662577d392c,0.7282608695652174
2de3b4df78220049,0.021739130434782608
d7a8868cf34fe28b,0.391304347826087
26519f321ea7206b,0.9782608695652174
cbdd8cb41f36c61a,1.0
8d879a6fd4efb9ee,0.8913043478260869
95eb768585602c8a,0.3804347826086957
01df085c09a02f9c,0.06521739130434782
b5ccd418d8e1645e,0.5
0de7baddb92f89ce,0.7934782608695652
13c0df6a3b4a9076,0.30434782608695654
7b99f2411af4a745,0.7717391304347826
4204d3501234b008,0.043478260869565216
ba2ca82b1876f595,0.32608695652173914
52d2392ccf22b463,0.16304347826086957
da2b3546284b028e,0.8152173913043478
29fe4767f36da345,0.5434782608695652
92183f5f57eef36b,0.2391304347826087
f31ceb6996d99c55,0.33695652173913043
230a0ba20ddfbecf,0.75
105c8f60c9b0ffd3,0.5760869565217391
a821158b726e19e2,0.8586956521739131
0d05cee785a5dd4b,0.20652173913043478
361bd3bb1306226e,0.03260869565217391
6886cdcdb3c72823,0.3695652173913043
ab75ef9b5ed08c1d,0.31521739130434784
75380376cfdde602,0.8478260869565217
236b07d74e8591c3,0.1956521739130435
3149d6fa046a8dd5,0.11956521739130435
ba6f413c575b5160,0.2826086956521739
c817c77ce972b674,0.6630434782608695
3ad216177085f32e,0.17391304347826086
c75d2fcd9f3421a7,0.8804347826086957
27ae7855fd6920a0,0.8695652173913043
62d98d01a8c65248,0.4891304347826087
e9fd7d80eb5f4d06,0.6956521739130435
42520e43ed81c536,0.15217391304347827
9ce82bf2173039ef,0.7608695652173914
c656c68a0ea7aa48,0.967391304347826
7a38d18b64743d90,0.34782608695652173
6a44d5ec7bd94bd8,0.18478260869565216
4ba3ba344c6f7283,0.9130434782608695
14c0e728d699b100,0.6195652173913043
66b667ccb6d82be4,0.2608695652173913
2a6599521c1f55b8,0.010869565217391304
2e8890eed458414d,0.41304347826086957
db7735ebe91e9f93,0.2717391304347826
ad0302029a70e417,0.43478260869565216
f6afc92286d6b67d,0.25
028fdb24d9d5e611,0.7065217391304348
9f306f0bf380fc3b,0.6847826086956522
232e130d0be2da77,0.44565217391304346
097c1bc4105bf0d6,0.9021739130434783
3ab1e33d59c5a371,0.10869565217391304
5e8d00472ddf27bc,0.6413043478260869
d9266d116cdd7e83,0.6304347826086957
09796ba6a182c9fb,0.5108695652173914
ab66f92c136935a1,0.05434782608695652
285722cc1ee0602d,0.6521739130434783
f337b79905ffdccb,0.5978260869565217
d186994d4aba90aa,0.45652173913043476
10f2819c7d7b4252,0.7391304347826086
c23014fbfdb4378a,0.717391304347826
6596a0e1b196610a,0.29347826086956524
f1c079c3bc0659fc,0.6086956521739131
3da915cefb5ef2da,0.9891304347826086
fea21015001bf841,0.9456521739130435
d35254dbbc31a197,0.4673913043478261
a002cd8e244d2cda,0.5652173913043478
8e182231405f25c6,0.5869565217391305
127f66f440fe8046,0.22826086956521738
93cac5f103f6c955,0.9239130434782609
b370f489ebe3bfbd,0.9565217391304348
12d4ebcd8974d43a,0.21739130434782608
ea4d6195a7202db3,0.8043478260869565
0c1af3b94af82b71,0.782608695652174
4267e18e0ae30861,0.8260869565217391
669801c36ef6fd1a,0.40217391304347827
fe1ca00018c53a51,0.358695652173913
b2b21b5c0d5c187e,0.14130434782608695
a0da927902751312,0.07608695652173914
075cc25d2a3a9cc9,0.5217391304347826
c345fc8da6d96285,0.4782608695652174
23ba977887e91645,0.13043478260869565
74079472dfc4cbb0,0.532608695652174
1930ea6f778821e1,0.5543478260869565
62d272405543cf3f,0.6739130434782609
d668fce3142fc056,0.8695652173913043
faa12d8e7adaaac1,0.30434782608695654
be29a0a9d2d17809,0.010869565217391304
c7633b1040940759,0.05434782608695652
1fed142649fc9e34,0.2826086956521739
6483c160ad823b73,0.7282608695652174
9821b86a41a9a3c0,0.18478260869565216
c74307de4f259dc2,0.16304347826086957
a71fc67c9a81c59a,0.8152173913043478
6f9b5d48fe4c2118,0.6086956521739131
a1dd949afb1746fc,0.532608695652174
ae4c9a80b748ff2d,0.6630434782608695
9552847c4edbac90,0.5108695652173914
5987f637ef10416a,0.391304347826087
d05638e326fa3ad5,0.5978260869565217
ef9555b2747966a2,0.06521739130434782
1d7b6fea15c95e97,0.358695652173913
93d2858cddaa2e29,0.17391304347826086
7228512a917c2b00,0.5869565217391305
05f41e35387c6237,0.9565217391304348
479ce228e38090a4,0.41304347826086957
aaff330cd40e42e0,0.782608695652174
20fd5c0630b426e3,0.7934782608695652
5baf7687fd504407,0.9456521739130435
3f6239c57625a102,0.2608695652173913
173a343ee1cb1d33,0.8478260869565217
43d6f74e3a389de0,0.8043478260869565
4fbc9f3f3e388560,0.8913043478260869
31f985ab519beb42,0.967391304347826
f335048d032f3da1,0.8369565217391305
ff78038ded6cf7da,0.08695652173913043
ac1dced634fd6fba,0.6521739130434783
e832042658124f5a,0.42391304347826086
ea5591f65f869ecc,0.8804347826086957
2a9a2be2e86322b9,0.21739130434782608
35308e090a71a305,0.9239130434782609
a77fa26a10491394,0.3695652173913043
dd6d2c630c3f1aac,0.15217391304347827
d1ca49d85f7275e1,0.9347826086956522
f4e3280558ec321d,0.5217391304347826
77ff9dc2c7dd168c,0.9891304347826086
1ef8f0233e146456,0.2717391304347826
aba3f79567767105,0.6304347826086957
f2a3b15266c28db7,0.13043478260869565
4e6f3b5a1016a7ae,0.33695652173913043
14fa634fe8fb8d2e,0.717391304347826
c94a91d3c0b6c847,0.4673913043478261
d658d1540be5464f,0.8586956521739131
183ed005593cd928,0.29347826086956524
f041b3a33106ec67,0.32608695652173914
839c71ae66d7ed23,0.5543478260869565
0101226f9a0fa786,0.9130434782608695
32f83dde451af534,0.31521739130434784
7709593bbe088dc5,0.03260869565217391
3e4f68c26cc92154,0.1956521739130435
db4f5343c1901099,0.44565217391304346
77b83145d106228f,0.9782608695652174
160c9c565d6b940d,0.11956521739130435
79212ad721ef9491,0.6739130434782609
c77ef80f0e316c77,0.6195652173913043
a1da221fc9c9e775,0.40217391304347827
f9a023a0d1e671d2,0.10869565217391304
e0ef128c90fc5ab9,0.3804347826086957
7f2bd26f5cc0ff03,0.5
9dd8a64919c18533,0.5652173913043478
b760d475e877c348,0.4782608695652174
620466db9401c14e,1.0
c97ca260febac5ed,0.4891304347826087
16a15d1423e44d4d,0.7717391304347826
2b823e6c8c82090e,0.7608695652173914
c58f7edb0ad584e0,0.43478260869565216
13961904a695027b,0.9021739130434783
086a224e682ead49,0.5434782608695652
1f37c4b7d57531e9,0.2391304347826087
94d590a6a199af8d,0.043478260869565216
252f355c2a917a0b,0.14130434782608695
ea5a0d49e5234176,0.7391304347826086
7697bb3837e239b4,0.7065217391304348
3f2cbc8e4e24c71c,0.20652173913043478
df9783516fba4f43,0.75
ad6ceaa6d986c4f5,0.8260869565217391
3fd68f2aff49a860,0.45652173913043476
2f7d588b09c27c46,0.09782608695652174
6ba0835ccf54ef7a,0.34782608695652173
46db65a33e7d37d7,0.021739130434782608
17709d35ecc64fb1,0.6956521739130435
0f97d2ca01b42e55,0.22826086956521738
3c2a4a6662e753ff,0.25
eaa0258891d709da,0.6413043478260869
97b7e89bd0e4363e,0.5760869565217391
097fb527592d46a4,0.07608695652173914
aa2780a635ac39e9,0.6847826086956522
1478425896f8771b,0.2391304347826087
af84df6ed8c988ba,0.43478260869565216
d699ed2a7ce49d19,0.6739130434782609
3a040498a5b653e8,0.532608695652174
0ddda8321d72ac79,0.8478260869565217
b2b3f67f56dbf955,0.391304347826087
144d71a720a4b689,0.5108695652173914
256ace8291f1bf6e,0.41304347826086957
6236f772084b02b7,0.11956521739130435
1580b4f42e00582c,0.782608695652174
5d3c09ef270cf402,0.8695652173913043
d81f931ab5a35a72,0.5869565217391305
6dc22c3a669854df,0.6956521739130435
b6867d462a4d4f4b,0.21739130434782608
89a8c75bba710c5a,0.75
c83eb216fbaae844,0.33695652173913043
b035cd3a064cca6e,0.9456521739130435
e927d672d0936114,0.42391304347826086
b1dba2c29c4ed0db,0.8369565217391305
3b0a3e8100f0eebe,0.6847826086956522
165da76169abde0c,0.07608695652173914
9abe9e02d8923a69,0.6304347826086957
cea9dbdbb03b81b5,0.40217391304347827
cb23d4ac03baf9cd,0.16304347826086957
4b7217d9785d1691,0.5434782608695652
21a61a1ce7af1d7f,0.20652173913043478
3fad6e75665afa89,0.717391304347826
762630799fbe6079,0.9565217391304348
2fdb4059ebf22c5d,0.8804347826086957
b69eb5f0da8be558,0.9891304347826086
fe67a83e502ff2ef,0.1956521739130435
ba05f5fdd8d16f7d,0.9130434782608695
ec438238628a91de,0.3695652173913043
58bca865e606e35b,0.13043478260869565
0cdb9d1bfbf81fa1,0.22826086956521738
e7b9d6efd7763ff2,0.967391304347826
7df17f72fff7a219,0.8586956521739131
cdaab37adfce6273,0.25
f15cdad3f146bc5e,0.010869565217391304
9cbde02b096c03c1,0.09782608695652174
521be7f1bc2e8735,0.29347826086956524
e146592458804be2,0.8913043478260869
5dc12bd3edaafc35,0.7934782608695652
20d3464309ad5f1f,0.7282608695652174
1308c63fb6213338,1.0
497467296987c035,0.05434782608695652
5a67e1889c9e575e,0.6086956521739131
2aa09a7254afcd7b,0.2608695652173913
c3d9bd5e9b3f6685,0.9347826086956522
ecfaf04892aa8a53,0.7065217391304348
dd3f8c0ce218db46,0.06521739130434782
5046c6480e4d7dce,0.5217391304347826
93986176ebe2a005,0.31521739130434784
9caabed8462a9126,0.8043478260869565
7495c6df54b02ffd,0.3804347826086957
7f842380d953b099,0.043478260869565216
0c00c2dceeed5caf,0.30434782608695654
2d1e13e6d16f4050,0.9782608695652174
a3fe1293023d2655,0.8152173913043478
21f4c6d087bbe7bf,0.9239130434782609
eba4b25cdefac258,0.5760869565217391
2cbe55cbc28ae5f8,0.6413043478260869
dedd8b65e5618d5f,0.10869565217391304
118bdc5b9a553e11,0.7608695652173914
eb1ca5cc618f2e11,0.6630434782608695
85d26179c7819612,0.08695652173913043
726bc9ad2fd3622b,0.15217391304347827
ad6daaa77d6d17b8,0.358695652173913
590c210e19eb5da1,0.03260869565217391
41d65e25666d063f,0.5652173913043478
e1a2f681c8c279c4,0.021739130434782608
40b372866aa5d84e,0.4891304347826087
e3213b79e082de1f,0.9021739130434783
c21a555e2ab8835c,0.17391304347826086
e7a560a251afd3bf,0.34782608695652173
245257d454aa74d3,0.5
cf62940a29c7a8ec,0.32608695652173914
76c7afa2a6780ef5,0.5978260869565217
8a7074ebfee1fc93,0.18478260869565216
b0dd81102da849f7,0.4782608695652174
841bb0754e90f910,0.8260869565217391
969d046eb062e63f,0.7717391304347826
6d51806feb122c29,0.7391304347826086
41b86291a8f402fe,0.4673913043478261
539d7f460c967d71,0.2826086956521739
f6488c2894bd21c0,0.14130434782608695
334947b0b679bc5a,0.6521739130434783
66a903d94cf5fc79,0.44565217391304346
27ed1ec5ad580d6b,0.45652173913043476
1791590cbdd43dea,0.5543478260869565
793448d0ca3f7467,0.2717391304347826
4bad393c9a1c1bc8,0.6195652173913043
d951b83698322b58,0.2826086956521739
121813fb61f59c1b,0.532608695652174
940b930b132c0689,0.10869565217391304
04637986402cd1bd,0.41304347826086957
12547f0ff8442baf,0.6630434782608695
40813543abee3b41,0.05434782608695652
67b1a99d8af2501a,0.8695652173913043
7b3f21b8118940f8,0.6304347826086957
0d63206d5d7aeff9,0.9021739130434783
feba498d6370b518,0.043478260869565216
668501be32f2fb4c,0.31521739130434784
be1b3b603a531b34,0.010869565217391304
c2fefdedaa8737a5,0.14130434782608695
84bffbc204155cbb,0.6739130434782609
c12ad14377ebeb75,0.4673913043478261
6267afb2afc596f0,0.717391304347826
5c5d882581f5e29c,0.782608695652174
632965c2e5cf1cc2,0.7934782608695652
5caacd425f2aa7fe,0.22826086956521738
007392c1be183b4c,0.9456521739130435
ceb58e51af405cd6,0.5869565217391305
3d2fec2360b50fc1,0.8913043478260869
4329482ed0c3370e,0.09782608695652174
70ddbeb3d5e05609,0.7065217391304348
be7884a91f399e4d,0.43478260869565216
a5f72b8a634c4519,0.6956521739130435
0454cc488578f238,0.6413043478260869
8a2bc234fd9b1e4d,0.7717391304347826
5078aec80b0ab152,0.29347826086956524
e8d77a659b78faa6,0.8043478260869565
ceda979e9a88d9ec,0.9130434782608695
abbeb8124830846c,0.5108695652173914
fc421ebf8577ff8d,0.8586956521739131
8e8a73cd766fb7f7,0.6847826086956522
76229ad441c0e9ee,0.6521739130434783
b28897c0502c9e9d,0.11956521739130435
21eeafe81d67907a,0.967391304347826
dd98e9980e1db0b7,0.07608695652173914
465582394eee9bcc,0.42391304347826086
58f3e08f4c5d01a4,0.75
2df5d32ce4cc9092,0.45652173913043476
2773789aac0b6625,0.18478260869565216
fc0c123f2b78097d,0.40217391304347827
20306be49fdf8f1e,0.5217391304347826
5c7f6b9daa189fbf,0.5543478260869565
7fae1406b5e20fd9,0.8152173913043478
ebafd72c4f59eb7c,0.7608695652173914
64ec826073107e90,0.8260869565217391
7c1cc98f2f6912e5,0.6195652173913043
392d7bcb097dbb74,0.30434782608695654
69f1ca4b58a7135c,0.4782608695652174
d0f6222963dbacf8,0.3695652173913043
724e989c81162ca5,0.8369565217391305
cd8a48cdc76755ae,0.32608695652173914
afe8247fd7e55722,0.8804347826086957
219543ad465e9f27,0.44565217391304346
580ba32476235a4b,0.25
5032139c956be74b,0.5978260869565217
6182e384d95807c4,0.33695652173913043
3ddcf2522fd09c58,0.34782608695652173
bde7392dda93fd84,0.03260869565217391
0d566fbef398c668,0.3804347826086957
6a5da208a5677391,1.0
1f002e09f18a0147,0.15217391304347827
dadc45494b111758,0.021739130434782608
6f71b38c26db64a4,0.1956521739130435
604fca1fdbd59720,0.17391304347826086
1c93d6b9b3f235d9,0.358695652173913
cd1fc81a3670e1e9,0.8478260869565217
abc6731756ab5228,0.21739130434782608
d997355e027c1f70,0.4891304347826087
d6d73d14a6581f74,0.2608695652173913
71fa719d81d4fb83,0.9782608695652174
7afd8c3d0d9a0146,0.13043478260869565
6b97559edba2fef5,0.7282608695652174
69589cecbbd189cd,0.7391304347826086
87dbe06714eae9cf,0.2391304347826087
387a9fb6aa4c3ef0,0.9239130434782609
b8bcc1b991bcc87b,0.9565217391304348
015fb8d2e50bb8eb,0.16304347826086957
d7e87f75e43d2572,0.06521739130434782
972a4e527a96030f,0.5760869565217391
fd349595c1edaa3b,0.9347826086956522
a38ae5f14a49c48f,0.5652173913043478
fb0232d9b5576f98,0.5434782608695652
c39d7f56a843bbbf,0.2717391304347826
db0ddfce78887cb4,0.391304347826087
aa45a83d9c6087fe,0.9891304347826086
99850cc600f2d173,0.20652173913043478
139d09cf239eed4e,0.08695652173913043
f78ef6b0fc21d394,0.5
ed81271b3910fbf2,0.6086956521739131
a63cb163c95ed98c,0.16304347826086957
30d33805a410bb47,0.09782608695652174
3e8fe610e7aae0dc,0.8804347826086957
987ca0ff93722c5b,0.41304347826086957
ca93d08bc9ee729b,0.8695652173913043
b7788ab1e2f62aa1,0.40217391304347827
58f0ef46f426f49c,0.3804347826086957
b0428f1c79309546,0.8369565217391305
8445a249d0ab7b1a,0.32608695652173914
c696952731a9bb34,0.7934782608695652
bf76b5031e4279da,0.5652173913043478
f1feab36b125a1ac,0.1956521739130435
b1c699b06622bcf0,0.34782608695652173
3f3454cf55b3417a,0.967391304347826
aede53336fdeb668,0.9891304347826086
561cac6e83f51340,0.717391304347826
46ebae91cdafd717,0.6413043478260869
06df5ee4e9b244a3,0.9239130434782609
c020d8ebc2f03bc6,0.08695652173913043
11acdf5faf59b2e8,0.7717391304347826
73a411d9065f5aae,0.5217391304347826
b26b13237ba730e1,0.5869565217391305
e7bfc94e3baae478,0.75
3111ff374983f86e,0.5543478260869565
d716b28245342d47,0.6630434782608695
8eb279f8d3f260bc,0.6086956521739131
250e8e545f02e5af,0.043478260869565216
479400e355cea29c,0.2608695652173913
9c286be1ba58c68c,0.29347826086956524
45abede335b133b7,0.11956521739130435
20b283d4c822fc89,0.44565217391304346
73384645b93bd375,0.45652173913043476
ae06e9e8c8aeb670,0.07608695652173914
66eb4f778732015d,0.9021739130434783
ddeb554ad6dedee6,0.30434782608695654
0b9e023f9a7e1242,0.021739130434782608
784eb71481c2d2c9,0.8913043478260869
3aae30679bbf2a8e,0.43478260869565216
2cd2faebc993f90e,0.6521739130434783
5a045e13cb498a70,0.010869565217391304
990bb8effd88b0b8,0.6847826086956522
487e7cc167f8a92e,0.782608695652174
88ce266154a351d2,0.31521739130434784
e856daa6bdcfcb65,0.4891304347826087
646b8f92aba1913a,0.358695652173913
60d29851b6d25dbe,0.05434782608695652
4d4814b7682eb128,0.21739130434782608
d178668e5cb864d5,0.33695652173913043
ba5fd96e71f939f0,0.14130434782608695
7105b87ef1446bf1,0.9565217391304348
1a7ab30bd6243682,0.532608695652174
faff09452b563871,0.4782608695652174
2c20bc531278ad88,0.7391304347826086
ed9e735b7db97bc0,0.22826086956521738
10a3781f75d5e087,0.8152173913043478
16232f569a959112,0.17391304347826086
2bfa686af672563c,0.10869565217391304
002c9fe278350048,0.20652173913043478
77fd87ba56dd0dcb,0.9347826086956522
cab77ce18c34c28a,0.7065217391304348
68e0ae418275784a,1.0
18d2e4fa59b1eb80,0.2826086956521739
7a6a35e28d8b72bd,0.8478260869565217
1fa66494cf9eb4bd,0.6956521739130435
f54ab820c62e6166,0.6195652173913043
873e5538b7a3ffd8,0.6739130434782609
0b48b6ac02adeba2,0.03260869565217391
2cf1649d7a217484,0.8260869565217391
218ed013ab06ec5c,0.8586956521739131
7ce5ec18eea310bf,0.8043478260869565
7d1d94325c18403d,0.5978260869565217
c5234d46d457e8cb,0.2717391304347826
de6430fd87a948da,0.25
14fc29f5cd48f218,0.6304347826086957
1b58fc663ddfebb8,0.06521739130434782
4e3da9f31c9e651d,0.42391304347826086
67cd83b8be0fb403,0.9782608695652174
b66f54c448d75eba,0.7282608695652174
5ca2ffe3816642a7,0.15217391304347827
aa5c2625dfa8e5eb,0.391304347826087
8b2736150a25113a,0.9456521739130435
2745fd6753b52dec,0.4673913043478261
2ae5a02d91f3ed16,0.13043478260869565
657f879f90206556,0.7608695652173914
57bdc916ac4a087f,0.18478260869565216
b0a7c162187305c1,0.5434782608695652
43fd6f787e6424e6,0.2391304347826087
02a2ba8c93de692a,0.9130434782608695
cc991684007874ca,0.3695652173913043
eb97a0dc4d674963,0.5108695652173914
f20e476d9de9561c,0.5
f899ed7e722c7a13,0.5760869565217391
1a9d5af8756dd64b,0.30434782608695654
40a8579ed1f7ff7c,0.13043478260869565
e3bc4b8135977ff7,0.7608695652173914
b45d1fc1a7e2b6c7,0.2391304347826087
ea90bf832e8f3df8,0.7934782608695652
a368394925a3b39d,0.6195652173913043
fef0c7e556f211c6,0.6739130434782609
08fa0d03bc4cdac6,0.9347826086956522
17f8af2fb03be4e2,0.09782608695652174
d6d10d4efaf0512b,0.5652173913043478
32fe8f23ede2a0a6,0.8260869565217391
5d768bb4179bbba3,0.967391304347826
276804ea89adac8c,0.9891304347826086
4c90b8dfaa61902d,0.7065217391304348
3c0852d703fcf29d,0.4673913043478261
118495f3882a7815,0.8478260869565217
e6349f8d291b9b81,0.5978260869565217
95f31e1b45729c36,0.8043478260869565
0d87bf8fbd863fdb,0.782608695652174
4c8929c263065dfe,0.5
750253a814113ea7,0.9565217391304348
d140bb62cb4ec6dd,0.9130434782608695
008005f5dc252137,0.010869565217391304
d76ccb80922a752b,0.16304347826086957
4d01077471436f41,0.41304347826086957
2a9811b7a1601ec0,0.05434782608695652
1cd12a8bc99faffe,0.31521739130434784
2f5abd06fd51a56c,0.6521739130434783
877cac4fac74d209,0.43478260869565216
bcd07424d9817248,0.5108695652173914
c08c168729bb795e,0.5434782608695652
7a08b86368fa5538,0.2608695652173913
fee678399694075c,0.5543478260869565
042c6288f00ccf2b,0.532608695652174
8810fa0259adc432,0.9021739130434783
401efa7f102b0e87,0.08695652173913043
833be7782742aa45,0.6847826086956522
9acd3d104aaed81c,0.6956521739130435
400dace888234c55,0.021739130434782608
e6d017be18774507,0.9782608695652174
f92833ab7b428ad3,0.5217391304347826
f40618c6c11e7608,0.9456521739130435
3fff4243afef3ca8,0.44565217391304346
e38e2225c931be2c,0.29347826086956524
5f066f74baa4e525,0.6304347826086957
b6f3176d1010ab3a,0.45652173913043476
0ae43661f8ee403a,0.6413043478260869
b8651764172d0f96,0.20652173913043478
b8fc966ee3c88cd4,0.11956521739130435
d92160b1e01f51d0,0.8695652173913043
c025c997a4d3d2f7,0.358695652173913
1e9bbcf72561aa4d,0.043478260869565216
e00bf07a192fe889,0.17391304347826086
a8554f8e822c860c,0.7717391304347826
613c1230517c9f4a,0.25
f1c823a181498f09,0.18478260869565216
8310c740a47d8708,0.4891304347826087
042489f2f1fe803d,0.10869565217391304
f2ee6f1f4fe9fbdc,1.0
6962c590f4a59dbd,0.7391304347826086
9b3d0d490fb37af5,0.2826086956521739
cd4d5a77e8c3968b,0.391304347826087
ef9364b924c8219c,0.3804347826086957
19accf7dd75aacdb,0.2717391304347826
2d99a169267bba08,0.15217391304347827
8c5b4cb55a437e03,0.8586956521739131
e6a368ae2393f1a2,0.33695652173913043
ba025e2df4af6b44,0.14130434782608695
c7d23775ac10f587,0.8804347826086957
b863a682f18192bf,0.4782608695652174
dc59f1c6ad74493f,0.717391304347826
1c76740d59e20d34,0.7282608695652174
092922d24ccc3652,0.06521739130434782
e2cde9bfd42df4ff,0.21739130434782608
81354e61b3ad0e08,0.9239130434782609
48f8f749ab806602,0.32608695652173914
76731f5d1be4e25b,0.3695652173913043
34526621745dc9bc,0.6630434782608695
62d2acd7462e4e16,0.07608695652173914
8b0b73845f5e68ae,0.42391304347826086
63ca2d94fa403e9f,0.8369565217391305
d313bd1ad45c4c0c,0.6086956521739131
a7b5836085e1627d,0.1956521739130435
9f16fd2ed9444277,0.8152173913043478
d0e0bd53a4f07d47,0.40217391304347827
8c2bc62c36e07a2a,0.5760869565217391
6e9e38d6237ea242,0.8913043478260869
928e9f288ce722f3,0.22826086956521738
a7767ae59ad9c741,0.34782608695652173
23dcf4f6fe8ef970,0.03260869565217391
899f1379c6e03f67,0.5869565217391305
164927f01d4bbbf2,0.75
ef61edecefe25e03,0.717391304347826
6dcd98e766c91eb0,0.8478260869565217
499b72752bd95722,0.42391304347826086
deda6e4b2052ae34,0.5652173913043478
f8d89aa342390ecc,0.33695652173913043
fd3a1a2dd60f316f,0.34782608695652173
d64ec101a1611916,0.010869565217391304
594b676b9fd8bf43,0.5543478260869565
8cf51ca7baebe97d,0.3804347826086957
b126f6e7ce731660,0.10869565217391304
bbce83a5a773212b,0.5434782608695652
dd8869d2dadc548f,0.6413043478260869
75abe7e64b7bc22a,0.07608695652173914
8c1edf61d68bcad5,0.8586956521739131
32949781b2bbc353,0.2717391304347826
b45618acd2bd684d,0.20652173913043478
4852c24fdcfc33e9,0.5108695652173914
5b1761bf1adaf373,0.6956521739130435
0dd1efff6eeb1510,0.29347826086956524
0348d0ec18977727,0.7608695652173914
60d4632bf50ac0b9,0.08695652173913043
ae0d6c9707f201d2,0.7934782608695652
b85cce407a1c92df,0.25
78dd1443c20354b6,0.5
5a27d499d689f6b8,0.6195652173913043
e2f4561dc2fb413f,0.11956521739130435
c2df7ee92e2c5869,0.8152173913043478
57b9a399de4322d7,0.7717391304347826
6fc88dde3bc878e7,0.967391304347826
f96b90571bba4e1d,0.31521739130434784
07c0f5332cd8de50,0.15217391304347827
0084d86aaea70300,0.03260869565217391
3fd49be47275c357,0.06521739130434782
a2389686f8df7404,0.8043478260869565
b4c0a630728bdd69,0.7065217391304348
33e96578b59e1851,0.6847826086956522
cb219bc0d879a91b,0.8913043478260869
102cec6fabfee96d,0.18478260869565216
82a4d9f87e35ec23,0.16304347826086957
cc54e9cc00c36226,0.13043478260869565
0d471757f41ca5ba,0.4782608695652174
0511d1d45f962e43,0.14130434782608695
f4a0a8cad8bec2ec,0.1956521739130435
233cbdd72c99de10,0.9782608695652174
3f5015eacf500ba7,1.0
9abe6c3453906b30,0.8695652173913043
015e33ca1b4597a5,0.021739130434782608
b4cba36a4a392057,0.45652173913043476
96f9cce47a36cc5b,0.41304347826086957
fba3ca1fbe0a7266,0.17391304347826086
0f71dd7fb604e152,0.6739130434782609
af7b003d32958b06,0.9347826086956522
a03ede8d0462645d,0.5760869565217391
42347484f7907a85,0.9565217391304348
bc828f9ccaebc6eb,0.30434782608695654
804b7a8e1e008475,0.2391304347826087
3cdef93c68c66869,0.8369565217391305
07723a34682f0466,0.2826086956521739
8a7a44ab4af1b102,0.6521739130434783
5d0b4fec8cf9d288,0.05434782608695652
e3b4db407e798023,0.5978260869565217
a54e9907abfaed68,0.2608695652173913
d4f54e991e6ad1b8,0.4673913043478261
e61345a8b4d1798c,0.3695652173913043
5a74a8854e3d0364,0.9021739130434783
9b840cd8e2772bf4,0.6630434782608695
8cb2327cbd880ebd,0.391304347826087
b6b248c4da28cda0,0.44565217391304346
a34413c03db2f813,0.532608695652174
674bcc31bcf59c5f,0.5869565217391305
fbb0d142d31b7575,0.9891304347826086
64eae1140430421b,0.782608695652174
a7905bd002888ac5,0.7391304347826086
caa30d95eb4f51f5,0.40217391304347827
473f62172de6f775,0.9130434782608695
e8f9d957822574f3,0.8804347826086957
4aa386683b2f1c7e,0.5217391304347826
6aecf41be51b7b7d,0.43478260869565216
1a47009ac7b3fa0e,0.21739130434782608
562ced37c11e7896,0.9456521739130435
914623d4ed9afccc,0.09782608695652174
5b8a40d8056dfbae,0.6304347826086957
bfc91c74f5fb6a56,0.7282608695652174
884e860c59bc40ec,0.8260869565217391
cef4ab60c385948c,0.6086956521739131
4d0ef17542b75c65,0.75
21fd23aff8b8c10c,0.32608695652173914
99ca0d5745f89c51,0.22826086956521738
b1214130d1249616,0.9239130434782609
fdc912c7f34389c5,0.043478260869565216
c4585683e7af1446,0.358695652173913
274f97c803ff7fe1,0.4891304347826087
72edbc2e65ee39fa,0.06521739130434782
06f950347190e28d,0.10869565217391304
a7516e0e35c9efa2,0.6086956521739131
013e6d05cbdf50d0,0.6956521739130435
25f9b834a1b42a34,0.7282608695652174
2ec21335a873b59f,0.8913043478260869
d60ef0f24826912d,0.7391304347826086
8afa1c925467b476,0.31521739130434784
696dfb2c16705d70,0.2826086956521739
1ad9bcad1bb8bb70,0.7934782608695652
e90eeb3ea658c633,0.9456521739130435
66b65590e008aaad,0.33695652173913043
b623b7e5f2c082c3,0.16304347826086957
2f28f02dd7510546,0.15217391304347827
4c7433b084fda0a8,0.5760869565217391
c7d4baabbae56994,0.25
f8bd42f7d0f60939,0.2391304347826087
7c88dde1e77eb69d,0.5543478260869565
fc7e3a97acd86d98,0.5434782608695652
8c5a07461502d25a,0.43478260869565216
7bea3bddbe068828,0.5652173913043478
b0f749dd4190f365,0.45652173913043476
8ef0c73919c91a52,0.6847826086956522
0e5ddac7e209292b,0.4782608695652174
9ef5d345e131b25d,0.021739130434782608
7037b9c32d6b97de,0.2717391304347826
74a6946c795e0e69,0.717391304347826
cb43bdc607528663,0.20652173913043478
d96eef487b4edcae,0.5978260869565217
78900a9ea6313a94,0.18478260869565216
efeca29153fdc37d,0.32608695652173914
ce959b730b8c9685,0.08695652173913043
e2eef11b20181965,0.42391304347826086
385089ff72841ed6,0.967391304347826
37fa61561c869258,0.21739130434782608
557f8971b651f57d,0.34782608695652173
a7be03d1544b8b85,0.043478260869565216
4395f90981641752,0.7608695652173914
42fe191e088fa557,0.4673913043478261
0cd1c4208611faf5,0.4891304347826087
b46da07fc2c77995,0.010869565217391304
9c292421bf3da27e,0.9565217391304348
0a7cfa32db0b1b58,0.5
35403ac04f40bcc6,0.532608695652174
d4c68f3800cc47f4,0.3804347826086957
f816e4c4493265ca,0.6521739130434783
8990f476390a6b31,0.44565217391304346
2e0b14580d57a2d4,0.6630434782608695
1d6e4af75f8bbeff,0.09782608695652174
fbcfb3f3696ea3d7,0.75
6a4a51b46776428b,0.3695652173913043
577e6ab058b0e327,0.9782608695652174
26fa7b84cb0aff87,0.2608695652173913
d0b604e7f711a591,0.40217391304347827
75ef33d5207a8939,0.17391304347826086
d995a1e5d2846886,0.5108695652173914
91d0e6eb30d51b8b,0.8043478260869565
cf100ef4254ab9f5,0.7065217391304348
45929c7f7a47f592,0.22826086956521738
bd253f34ad4120bb,0.5217391304347826
dcc91279743e5db7,0.8152173913043478
744b19ecc2a09bcc,0.9347826086956522
4fad59a00a85ea4c,0.9239130434782609
10904f2456d3489b,0.41304347826086957
a1798e10edce59f6,0.8478260869565217
e9f70d1ee22fcc7d,0.8695652173913043
73e4c5628372dd66,0.8586956521739131
ee1d24f28a220705,0.29347826086956524
277be65529a7f612,0.13043478260869565
da3cfd8af863a5d5,0.7717391304347826
e77b67a596294f8c,0.391304347826087
5ce2e6ab3591f90d,0.6739130434782609
1e63880d2cfb9d3d,0.9891304347826086
8b269db6fe15bc91,0.07608695652173914
e19cc289a4d421cf,0.5869565217391305
ec5705432f5b733d,0.03260869565217391
0f4716ba351e30c9,0.9130434782608695
17705b81b7a7d1b1,0.05434782608695652
7eae627c38d67d05,0.8369565217391305
89f52669d8e018d1,1.0
6743ee1f86d1e14f,0.11956521739130435
ff60e3bd835b8110,0.6195652173913043
9b8b4a6564d51bc8,0.782608695652174
4c7c39a18d86aad0,0.6304347826086957
52ada635c86144a3,0.8260869565217391
7c365e859fab86a3,0.14130434782608695
1bda46af5e141763,0.9021739130434783
a50e8a4191677c3b,0.1956521739130435
728db33711ea5011,0.6413043478260869
9f37b2e5d3ec8489,0.8804347826086957
314d6691ad377640,0.30434782608695654
ce9e331acd6d1c69,0.358695652173913
649bfd923eda6f95,0.4835164835164835
d79949dfe2faad0e,0.03296703296703297
3c49692d4ae88228,0.4175824175824176
2c17586bf552c648,0.4065934065934066
87979dc345037a6a,0.01098901098901099
9f5958b2b3bc9942,0.18681318681318682
50fde8d49eb81900,0.7252747252747253
09415507da24327a,0.02197802197802198
b3536040f344954e,0.5384615384615384
271c8d343fcf07a5,0.5934065934065934
75cc7483039d459c,0.5824175824175825
a0a3322e20ac0871,0.9230769230769231
bf5e1ce4912ec3f3,0.967032967032967
50ca2ebe6233c597,0.34065934065934067
6e9e6f4d98c4ad8d,0.7802197802197802
57ec44efd8370d17,0.8791208791208791
2aafcf48e34fa3ae,0.6593406593406593
37dd17dd200b72b6,0.10989010989010989
8348b2d014882fa3,0.4945054945054945
23c2df2c303a8b34,0.2087912087912088
1427828cf257a59c,0.21978021978021978
92c62f58a996c057,0.2967032967032967
743d64029a5251cf,0.8571428571428571
a876c3638e7677bc,0.27472527472527475
4bf63cc911020b78,0.0989010989010989
2a93b3a6438a42d7,0.3956043956043956
80a2adfef62e42aa,0.8241758241758241
c51d1a170238c2ec,0.8131868131868132
9fa5a26279955b69,0.5494505494505495
43b95a8bdf4dfc3b,0.6153846153846154
3194d6681c162b73,0.5274725274725275
eafee29ddbf70a77,0.7582417582417582
75a548847f3b51ed,0.2857142857142857
2f064038b0895bf1,0.8461538461538461
a082971702b9a1d5,0.04395604395604396
8a8dce6ae7c08d5c,0.8021978021978022
72c6e9d8a4e7503d,0.6263736263736264
9bbc2d063c8bedde,0.16483516483516483
fceb838d7e29ba61,0.23076923076923078
03feabab07ac773b,0.15384615384615385
efd384f3e753d02a,0.5164835164835165
b4b006b1e71c3446,0.7362637362637363
44448443a8dd3c6c,0.6483516483516484
29c3df7665df76a9,0.14285714285714285
0fff6eff7263e641,0.6373626373626373
041ff8b1814522a5,0.42857142857142855
e4283909a29d1685,0.26373626373626374
c8e01b044b54ed2c,0.054945054945054944
d8199ec8bdd00023,0.5604395604395604
94df42c7e74f56b6,0.7142857142857143
fc1e64b48af3a67c,0.25274725274725274
9048fbe41e9ec5ad,0.945054945054945
d0b0e3c5e9d4c478,0.9010989010989011
aa6fae4e51ee60ac,0.8681318681318682
0ddd26f10e2e4759,0.6813186813186813
550ec31cc2ed2a2e,0.13186813186813187
b876e3fe8ba9626e,0.12087912087912088
9d3ceb1d891414b2,0.32967032967032966
4b8528d1018f46d6,1.0
779e75c2297e5040,0.38461538461538464
d2c300f7b7d29721,0.45054945054945056
affc578ce1f7a193,0.989010989010989
8b73ac1644f6e6f5,0.24175824175824176
b917ee4a4e1ba7d0,0.978021978021978
96c8cf99250da6f0,0.17582417582417584
b46c2b9877d99db6,0.7032967032967034
621eb815b98e3963,0.9120879120879121
187d7a8b8ffba584,0.37362637362637363
ca3442586068abf0,0.6703296703296703
393ee1b18c618fcf,0.5054945054945055
d2234e607ea2158a,0.07692307692307693
d60fbd3d4826b1f3,0.3076923076923077
a38af74e27faca1f,0.31868131868131866
650e3188ab7b0ed2,0.9560439560439561
9d3f34d556a566ca,0.3626373626373626
a6cf0bc87df32bcf,0.7472527472527473
76180503466f8e04,0.9340659340659341
ee77cd2e8c47474b,0.8901098901098901
7bc2ad87e50b4565,0.43956043956043955
cfb6396a0e871bf0,0.6043956043956044
c299575729801a36,0.5714285714285714
6ed5fd2e0e0637c7,0.4725274725274725
f187103b6590b013,0.7692307692307693
705f4e4ccd26cebe,0.46153846153846156
56867446cdff2859,0.08791208791208792
aa408fafe68ea603,0.3516483516483517
d13d9dcfb29fbbaa,0.7912087912087912
14a093a4b8bf0412,0.06593406593406594
8062abd866b3cd8c,0.6923076923076923
0c1ac405a134b5e5,0.8351648351648352
229b7efa777d874e,0.1978021978021978
b2d20e0889c3c6b5,0.6923076923076923
c511450599d37eb1,0.32967032967032966
23493ec4bc282168,0.6703296703296703
86009a4a66362cc0,0.5054945054945055
ccfcc94025641e36,0.08791208791208792
d080c1dd801bbc1b,0.2087912087912088
d706c90ceb5c078c,0.5274725274725275
63c2d5682706b7a1,0.9010989010989011
ae398b70b5fa5cd0,0.978021978021978
92812f75a737bfbb,0.9560439560439561
aa23702b92aa077a,0.2857142857142857
0de58e7e374363cb,0.8571428571428571
371688545aac1772,0.6813186813186813
8ba7405ab463797a,0.5824175824175825
6dfcf6ca0ef0550e,0.6043956043956044
c7d8ef8e3a661893,0.37362637362637363
822b85115e6f8427,0.7582417582417582
75f0e4b139298737,0.0989010989010989
4c0b7153052c77f2,0.31868131868131866
8303973bd9481856,0.4065934065934066
01536924d74b407b,0.9120879120879121
ab1815615c3fb0de,0.06593406593406594
c4bf2ffe54d16184,0.38461538461538464
9762c7b0fc6e8cef,0.01098901098901099
151f9210afcac8ef,0.18681318681318682
599263f22be46b56,0.3076923076923077
c514111440b2d11e,0.967032967032967
1c1160f4e5d4d689,0.7142857142857143
9a55572010ac0e7a,0.3956043956043956
f1f8ad388357920d,0.10989010989010989
64629911bbb630f2,0.8351648351648352
0af5d6c4b025132c,0.3626373626373626
0b5b2f14cde882ea,0.8681318681318682
cdfb3a7efa667112,0.3516483516483517
888f9bb06a29edf5,0.1978021978021978
1073dc5ab668a439,0.989010989010989
77e1113cd9d4a00b,0.5164835164835165
d971ff6a1c098772,0.9340659340659341
0c0288ad5aa08566,0.04395604395604396
91d29a8a86258525,0.25274725274725274
7de9ccfdcb978db7,0.16483516483516483
c5e748e6a32c2989,0.13186813186813187
7ac604ad0d23aae4,0.4835164835164835
7aae6d7f141b63eb,0.27472527472527475
3250dff15ad573eb,0.14285714285714285
221c16ff95555e84,0.6483516483516484
634cff310ceb5731,1.0
b51bd7daea6a294c,0.12087912087912088
bb79a4ca0f80067d,0.7472527472527473
7f50922245e4e68a,0.054945054945054944
ba3553c6d7ef4715,0.6263736263736264
4f313e6d7395cf8f,0.6153846153846154
8643c78aef458587,0.07692307692307693
c2683c61cb39f1ee,0.8241758241758241
2d501aba051a0bb8,0.9230769230769231
0b10bb917f1d0e69,0.7802197802197802
28190762cbd25071,0.8901098901098901
52bde36cc07aafe0,0.42857142857142855
e63291695d69cee6,0.21978021978021978
3b18b63e15ed6ab4,0.5384615384615384
eefa9da380c8985c,0.8131868131868132
9e5bc77d5061ae01,0.34065934065934067
7a6b0a8c36e20bad,0.8791208791208791
f5ffe3350ee7ac99,0.7252747252747253
2be9a20bd5a7836a,0.7912087912087912
e7a82d9455fc5293,0.6373626373626373
66a2fff4312f2a1e,0.5714285714285714
7628e68ad9b1d92b,0.43956043956043955
6fb0433ea017a228,0.945054945054945
c1def71633f3bacd,0.45054945054945056
38a6fd8d3ecb25bb,0.02197802197802198
6c4ee973f0d30d17,0.4175824175824176
f1eed12af6919f92,0.03296703296703297
35331851d78c7a2a,0.46153846153846156
cd09ec3ad5e68254,0.5604395604395604
801941944d7cac73,0.8021978021978022
cbef2bcad9204343,0.5494505494505495
50c3c46971ac515a,0.7362637362637363
9baef4780213cadc,0.26373626373626374
f0b8e4c094287104,0.4725274725274725
755bbbe5ef9a4e33,0.17582417582417584
451c9c6074269bad,0.23076923076923078
b3a8abd462953656,0.6593406593406593
1eb8c7b597e37e58,0.2967032967032967
07c036b36b601ce0,0.5934065934065934
238ac3bc4c7d051d,0.7692307692307693
430966c87bacf46f,0.24175824175824176
f5289026c8bd14fe,0.4945054945054945
fc70ffcbc9c9c5fe,0.7032967032967034
5cf1cf1822e33aee,0.8461538461538461
b81e2a3b7858f655,0.15384615384615385
f2c83f038bded63c,0.42857142857142855
4cba9f810b235412,0.8241758241758241
0ed0adbfed0fa754,0.5494505494505495
34b23ae29ab90262,0.989010989010989
d4cedad7cfed32f9,0.06593406593406594
4bb7b92fb25ca304,0.967032967032967
eb9ee5f130840037,0.9010989010989011
809fc94b11bc5a47,0.3956043956043956
072d6e4d8db1d9d0,0.26373626373626374
eebf5d5f4cbf22f8,0.3516483516483517
30b30cfdf279d1e7,0.0989010989010989
d2b0dd26ce71609f,0.2857142857142857
4e147840030f9698,0.6813186813186813
7d63ead5e377e997,0.31868131868131866
1c55a7515af9520c,0.43956043956043955
cc0e3af79526f079,0.15384615384615385
28a58dbdf384a2c1,0.6263736263736264
de78808c17a05330,0.08791208791208792
b0849e3836849c0f,0.13186813186813187
4569cb92031ee733,0.978021978021978
6239dab8a3dc71c1,0.7032967032967034
023e80ab49288deb,0.1978021978021978
d6daee1b5774077d,0.5714285714285714
a1eeed993e3bf7e3,0.5054945054945055
1dc5b76e9cf9b4dc,0.01098901098901099
1e69f49473e941b8,0.945054945054945
b404c8b4abb6d246,0.9560439560439561
07ea90a5a285251e,0.3626373626373626
b3415d9b0bdc0d8c,0.8351648351648352
8c305564318f0096,0.32967032967032966
5c7c25c5d4564d35,0.2087912087912088
e0550ea43703b931,0.6593406593406593
a020ce927e12311e,0.21978021978021978
3e518ac4e75191bc,0.02197802197802198
0ee782c42231750a,0.9120879120879121
fc0901d8e59f871a,0.3076923076923077
efd0d4f9f0185454,0.17582417582417584
5fdd12e2a37cc6a5,0.2967032967032967
9db28153c3d019db,0.23076923076923078
955d417f986cb1f8,0.7142857142857143
6b7661f3e45efb91,0.46153846153846156
54f9808df26ec12f,0.8901098901098901
5bd1809430b2cc2d,0.7912087912087912
a5e244e68990cd80,0.14285714285714285
41e72fa8a6615bb1,0.8131868131868132
8d82dbb0bc595d04,0.7582417582417582
f206bc3943fc6458,0.6153846153846154
8ef8fdd027814d77,0.9340659340659341
0ad44c08eb703bb8,0.12087912087912088
bda616bec33d0689,0.6923076923076923
829c2b8d556f85b3,0.6373626373626373
25089cb0875b4b8a,0.25274725274725274
fd30744293aa1c86,0.45054945054945056
4ab6f8cc857e30f2,0.4725274725274725
715bb6c87d10dd18,0.5934065934065934
3add5bdbafa420ed,0.6043956043956044
352df8c8c9899a6b,0.5164835164835165
5d97f482d1e5f76b,0.04395604395604396
24075cb844cc5985,0.7362637362637363
3c60a1ffdf7819c8,0.8571428571428571
b867adcf65b40d84,0.07692307692307693
43b5dbf78915f08b,1.0
9c9dc8b4782ea95f,0.7802197802197802
e89dd56c1ff3604e,0.34065934065934067
070703633efba27b,0.18681318681318682
d6e49beddce1e1cf,0.16483516483516483
44755d9142c8e209,0.5824175824175825
32ab9acac00c31e1,0.7472527472527473
b51f0cfe1d0c08f5,0.6483516483516484
c2921bf56290e8d2,0.8021978021978022
a4db47a09fc3638e,0.8461538461538461
511cf6a3b42e394c,0.10989010989010989
7b1ec87b99913987,0.7252747252747253
51c0186c374002cd,0.03296703296703297
5b25581f22431ce6,0.4835164835164835
1b25b286bf707b8b,0.054945054945054944
3921abe8c54704c1,0.5274725274725275
468d479941b9d4aa,0.8791208791208791
d090d440f295f70b,0.38461538461538464
894ef54c442e6d08,0.8681318681318682
1d6b467cbbea904c,0.5384615384615384
015e221ccef3f471,0.4945054945054945
a8fe78121a4e9eaa,0.24175824175824176
7a57e04d20908de4,0.37362637362637363
c0335d3b324281e9,0.4175824175824176
3894d8b086478326,0.7692307692307693
518d95db09c3f26d,0.5604395604395604
103934896208b1dc,0.4065934065934066
b86d69b5f952f91b,0.27472527472527475
81f6a1d4f79cd796,0.9230769230769231
5b46cc473dc79546,0.6703296703296703
726e3d7aa39443ac,0.34065934065934067
a3e51671fe5ef30d,0.4835164835164835
7a0802e2b05cc56e,0.12087912087912088
415842aad1ac7b88,0.37362637362637363
ca177ed486a0e52e,0.945054945054945
67703888b1697ec7,0.10989010989010989
6704e50612946beb,0.5274725274725275
a56e8e9643e3d857,0.7692307692307693
9beef3c7db8a6de0,0.45054945054945056
4c36e9a2f4d6e339,0.7912087912087912
95f7271fe389a571,0.7802197802197802
8cc509fbb4a0caa1,0.5824175824175825
e2a305a3ecfbbc24,0.5384615384615384
cda9f6d05f71464e,0.8791208791208791
14d1bfdcf42ab996,0.9560439560439561
22384e23a9b1692f,0.01098901098901099
d714a8d582af4711,0.5054945054945055
75866da872e83e19,0.32967032967032966
39efc107050dbce8,0.3626373626373626
babdc43695141db9,0.5934065934065934
2229f08b0c5abbfd,0.7142857142857143
19ef8a2557f42daf,0.6813186813186813
09f0947b580f8ff3,0.6923076923076923
7d2f495dd5661089,0.24175824175824176
66f6d94c31908fd5,0.5164835164835165
ed3f60da6e539ecb,0.26373626373626374
671a9d523127f1b0,0.6703296703296703
1b979b38d0cdf0be,0.27472527472527475
4f2f60051d3b37a3,0.42857142857142855
147bbe20be4c7562,0.7472527472527473
60edfb21f9ca9820,1.0
dd09a6100c60c4fa,0.3076923076923077
55b3da13df2e2a0d,0.8901098901098901
f822d36456010ae8,0.9120879120879121
6b96eb4a70b83b3b,0.07692307692307693
86aed783ac9fa7d4,0.9010989010989011
9b4f3ad1ffb4a90d,0.0989010989010989
919ec7e0710f0a25,0.6373626373626373
d211cfba109a7880,0.7582417582417582
2af08afe2c108535,0.2087912087912088
492bd2e37ac499a6,0.8461538461538461
6cbda4a56bd02c22,0.6043956043956044
43f8b57efedc66db,0.8351648351648352
c20d14de5a7c9ecd,0.1978021978021978
8968ff46c25e7172,0.06593406593406594
2edcabddd802ed82,0.43956043956043955
fe1809c89391a26e,0.6153846153846154
d1bff3a764f64b4e,0.978021978021978
94490a29f2e9499a,0.21978021978021978
0207910f845553d3,0.8571428571428571
b39522f34679e06f,0.989010989010989
e296d8cacf5bd0c6,0.6483516483516484
2a9da016ab1a2493,0.9340659340659341
787d3cca7a19be3b,0.8241758241758241
b26e1dd215dd2c79,0.02197802197802198
2d061683c4767993,0.16483516483516483
00f7c7437cc5117a,0.2857142857142857
7304ce4de402fa96,0.3956043956043956
187ea688063c0171,0.7252747252747253
1c1c22aa199f9aa6,0.3516483516483517
2fd307c8122fb892,0.5604395604395604
8dec94d85e87b8bd,0.14285714285714285
539da5cc25522714,0.4945054945054945
c9b702dee20976e1,0.4065934065934066
10d0def0bc827a0f,0.8021978021978022
157f64f9bd6d988d,0.054945054945054944
9e8fe99db741de2d,0.8681318681318682
63d9f880d5b01eab,0.4175824175824176
bbd09008e2360878,0.967032967032967
8aa62d15c7054252,0.5494505494505495
7fb0de760c7908d6,0.18681318681318682
44108c573e4baeff,0.08791208791208792
aea8c5b9b4e32761,0.46153846153846156
c5fc315d1be87353,0.4725274725274725
ce1dc38695c3b9d3,0.15384615384615385
5b27e732e282150a,0.7362637362637363
f32e9a028a604760,0.7032967032967034
fd3e07b698281255,0.9230769230769231
22c6d3a2c3903d88,0.6263736263736264
63ad78eacc59a9d0,0.8131868131868132
d02ac43268b5ecd6,0.38461538461538464
d0227de402fa70f0,0.5714285714285714
232615e139080075,0.2967032967032967
87b127f94bef1fe7,0.13186813186813187
2f21593a447e3c21,0.04395604395604396
43f7a5a44ec33922,0.23076923076923078
ae06fc3bcbb05483,0.17582417582417584
c9fe3c8e358cf6a8,0.6593406593406593
d2150bbe9df46f70,0.03296703296703297
000d155ba5c006fa,0.31868131868131866
6548492f3e06491c,0.25274725274725274
721ccb9f5f342559,0.1978021978021978
19c6dc0095f964aa,0.6263736263736264
4a2d8b3f90fa1f49,0.5494505494505495
a4f2af8e47d68d81,0.07692307692307693
ee40ec626f5124dc,0.03296703296703297
10f5a8224fd60539,0.054945054945054944
9520baa9a3e2d6d5,0.10989010989010989
c5832413b5dfb915,0.3516483516483517
093f794ea64560d7,0.0989010989010989
0bf91f8ad18505cf,0.3076923076923077
9696391aac63bb74,0.9230769230769231
3e428ca75f932174,0.18681318681318682
99d4114113a4934b,0.4945054945054945
bd31dc9b61a24874,0.38461538461538464
abf1c0eeb1e045a4,0.989010989010989
f56a1a724221f5df,0.2857142857142857
cd475382059e09f2,0.32967032967032966
1fb443a0749ac65b,0.4725274725274725
cd9100d017e81631,0.24175824175824176
3f6268c2d8e1cbae,0.42857142857142855
1ea9868ee6c44144,0.9340659340659341
598cf0024b6a6386,0.8241758241758241
a6a767760242c36f,0.43956043956043955
8e0290036fad4dcd,0.08791208791208792
d0a327da9fe2356b,0.4835164835164835
8d80a370b8dde478,0.4175824175824176
27eb9c89be9aaf46,0.37362637362637363
de8ab0f7fa07641e,0.9010989010989011
24da22135c67b84c,0.6923076923076923
befd60ee89a61714,0.3956043956043956
87774cb3b52dae16,0.7252747252747253
19509f707cc372fc,0.978021978021978
d68901c90d04a5e3,0.34065934065934067
fedcc57566937893,0.8351648351648352
fdda9c5b6d3e368d,0.6153846153846154
02bd485fcf745e4c,0.7582417582417582
81fd4eab76b08ade,0.02197802197802198
6a872a369d6e8e24,0.8791208791208791
eb5ebc931db0b975,0.9120879120879121
431d15c13e3b793b,0.5604395604395604
d47c459b31039352,0.21978021978021978
8aa9d06127d1f7e1,0.8681318681318682
2733e661b07d1286,0.6593406593406593
5a7fbfa38b64ac5e,0.01098901098901099
9951d3e3cc81e287,0.15384615384615385
0dc6fcea55c46ea0,0.5274725274725275
64d29c27a9498010,0.5054945054945055
5205a1c321f805ca,0.45054945054945056
4d8cbac60a7be013,0.3626373626373626
abc051ff28851ff4,0.6373626373626373
b8c0e64384e7ee0c,0.9560439560439561
68539abc073a46c8,0.17582417582417584
7e3926fc6d20035a,0.5714285714285714
7f9f559d81527ed5,0.7472527472527473
2e60366007c10729,0.31868131868131866
61dbfa1cd33404d1,0.04395604395604396
7a2ebb0f93cc4530,0.5384615384615384
54036712e74ed320,0.26373626373626374
947050ff77597414,1.0
c2c0e96860da725f,0.8461538461538461
49234f8f1e18ff50,0.06593406593406594
3d5bf6da270bba7c,0.2087912087912088
e6c2b23e35a71dbb,0.6813186813186813
1826a50f217e676b,0.12087912087912088
181a8ca7cc512f9b,0.7032967032967034
0a54cb584e164742,0.8131868131868132
cdd5da2b200e323c,0.23076923076923078
ccb7eaccf81d68be,0.14285714285714285
699d4480b4841eef,0.5934065934065934
6c8f57ef0e0fa243,0.4065934065934066
97059478015b956b,0.7362637362637363
07b0170b94bb079d,0.5164835164835165
feb0ed0c437aa248,0.8021978021978022
523330b00a924a44,0.8571428571428571
3ced485f2431be95,0.6703296703296703
f76730cdfc1771b5,0.945054945054945
6aaac62d3deba8ab,0.8901098901098901
b1c25524b05e79af,0.5824175824175825
a0c7605c10fd1772,0.13186813186813187
b8eec455f9100e52,0.967032967032967
47fe5fbf58e60400,0.6483516483516484
ba244d5dd7644691,0.2967032967032967
69a64d8388a7021b,0.7912087912087912
c7964e608a3d3bf6,0.27472527472527475
5949f20cf874ee46,0.46153846153846156
9f0f224b2eed7006,0.7802197802197802
20c39b6c8487ec61,0.7692307692307693
90a4271799795db6,0.16483516483516483
a98053690fb071b3,0.7142857142857143
a25bdeef45d4119d,0.25274725274725274
3bb523f4d5d315d3,0.6043956043956044
41c37309e86b2257,0.07608695652173914
5e71564060f1f0a8,0.6304347826086957
993db957805f9466,0.7934782608695652
592b09b8cbccf68f,0.03260869565217391
54ed7205b93c29ff,0.15217391304347827
9596328ced9ece88,0.043478260869565216
7e3f7dfaddf8eb6d,0.9347826086956522
bbdcf857324ae705,0.4673913043478261
643084e3d4be37b2,0.20652173913043478
aadcf8a234ab1a8a,0.2826086956521739
16602e3ec5f7b788,0.6195652173913043
ab2d8b529ccf7203,0.22826086956521738
2b2e0fac22658b1d,0.8478260869565217
9067bb5e7eec0a7e,0.9891304347826086
a82cf30560008413,0.3695652173913043
58aa682dcf0a100a,0.5
c645b13d47d48cc0,0.532608695652174
5bf30a5fd3b1c1ce,0.9456521739130435
aee4578cd4182e74,0.41304347826086957
765be66e90f5e7a7,0.021739130434782608
8a4baa32660385aa,0.9130434782608695
f3ee398d3e3b79af,0.2717391304347826
566982018ac57c34,0.08695652173913043
85177d2ffaed7f0d,0.14130434782608695
2ba7d7b126ecc6d6,0.8695652173913043
a4e7d5780fb00356,0.7717391304347826
39f88ade040652bc,0.34782608695652173
895087ed4ac04640,0.3804347826086957
abbda24d74d95a4e,0.6956521739130435
2fb7142d52fc4030,0.4891304347826087
5cd66511a9704d2a,0.5434782608695652
912ba252e31147b1,0.782608695652174
bc5236f2c6cfb836,0.29347826086956524
31acb0f7ab94f2b1,0.7282608695652174
84294e119f1d7c0f,0.21739130434782608
97242dfe4eb0b4e4,0.5978260869565217
2546a3a9b15f0ab7,0.8043478260869565
627a3593e34bed9d,0.06521739130434782
d04776ddc238f577,0.31521739130434784
9138e5e3122e2e8f,0.9239130434782609
80d2845bfebadd2e,0.6630434782608695
4339520d190714fb,0.43478260869565216
84ab97cd38783ced,0.8913043478260869
45b271206ca39588,0.7608695652173914
eb0bc759c529154d,0.2608695652173913
4dd722362553b6c1,0.7391304347826086
2a0e996064a89053,0.45652173913043476
11548fd4c9ecb165,0.8804347826086957
a58588096a869ca2,0.6086956521739131
d502e4f2833f3122,0.5869565217391305
adb5b6df8e361165,0.9782608695652174
ddd5717f7403eea7,0.358695652173913
4f43d99c24f45a01,0.13043478260869565
a66d280b0371fdd6,0.6847826086956522
b3e20ab4e1b23ce5,0.32608695652173914
88ebf3748f76a7c4,0.75
9a5e78dde4a6136e,0.25
45651e1481e1164d,0.30434782608695654
2a2b3ea17fb8443b,0.33695652173913043
9566dd377acfa76c,0.391304347826087
a25fd517650d78a7,0.6739130434782609
df53d028f3de30b3,0.967391304347826
7a4326576d595d98,0.40217391304347827
fc758f2e52d96738,0.44565217391304346
a067a2d8ecba051e,0.09782608695652174
ce7a1df9a8746d70,0.42391304347826086
6defe187a3cc34a7,0.16304347826086957
a1800107fa9c2e2a,0.10869565217391304
0c625c81514a662a,0.6413043478260869
59f90579590ee914,0.9565217391304348
b926672e92e8510d,0.717391304347826
3600ac1c09b7dfed,0.5108695652173914
fc63ebdb1d1f97ea,0.4782608695652174
c047573f987bdc4d,0.8260869565217391
f88f00a828b461a1,0.11956521739130435
543c8adea08d9516,0.5543478260869565
41b194918c7504af,0.9021739130434783
c6e1856bafcfee84,0.2391304347826087
05b64cb0e3cb3b7e,0.010869565217391304
8f5f938f4637c613,0.5760869565217391
b806deb2c06f9859,0.18478260869565216
e041c6e0892560da,0.6521739130434783
56343e11c89e3132,0.8152173913043478
aa7bcee11ab90481,1.0
35f506493416d26b,0.7065217391304348
e81c816a93962c9d,0.5652173913043478
e61cdc622d3d30f3,0.8369565217391305
713913159bd2e32d,0.8586956521739131
c9032d081f2a8870,0.5217391304347826
14d2c997c56ee9d0,0.05434782608695652
3cff96b8ba33cd9a,0.1956521739130435
27462bbfef43fb1c,0.17391304347826086
78107ae422f4af64,0.06521739130434782
1e957cbba0131517,0.6630434782608695
7fb3fdc45fe8b630,0.8152173913043478
2091d97cfd72d3ce,0.08695652173913043
2c476f22ea773eda,0.7282608695652174
a25e0a0996c286cb,0.5978260869565217
53e67c045140e02a,0.8369565217391305
3639a0451ebe4e42,0.11956521739130435
4f9b4ef99ad1ca50,0.42391304347826086
04fe0fb9d880cd54,0.75
08870eb4f4606804,0.8913043478260869
190e83a0bab829ce,0.043478260869565216
ed0a742e24a81192,0.5543478260869565
d4818be30f54e7ea,0.32608695652173914
1a9b786f228ca35b,0.010869565217391304
91428ee4cc3f1137,0.43478260869565216
cf33bd0ce147e2b9,0.2608695652173913
74d0b4528a87431c,0.2391304347826087
42d2799d006c378d,0.3695652173913043
40c03b25868a6227,0.6521739130434783
3fb4fca61af84857,0.18478260869565216
637b41dfebfe2e02,0.14130434782608695
efbbb75dc5ebf906,0.29347826086956524
5af44fbf542b7321,0.4891304347826087
9f60e4d6d95eff9f,0.6195652173913043
4a95760f73b6a406,0.9130434782608695
529fd18329f6ef19,0.7717391304347826
387b6cc1125c750d,1.0
26ffd76929a6ffbc,0.6304347826086957
fefe4a9156287cd8,0.4782608695652174
2778e3c082a92517,0.9239130434782609
0d43312ae39384df,0.16304347826086957
fda24e88f536ab3c,0.9565217391304348
e07dbcc787d4f0cb,0.4673913043478261
0047656cfd3cce69,0.7065217391304348
a92bcb3bdb15fa64,0.532608695652174
c507a302bb81dd96,0.391304347826087
76f9558bd6e602dc,0.8586956521739131
ba3e3b9e61f21a1e,0.7934782608695652
a7bda7f32070df0c,0.5
38b985ce77038ffb,0.1956521739130435
c88d82531561b9b0,0.15217391304347827
ced1edd967ab8682,0.8260869565217391
77c366ce05b612b7,0.021739130434782608
ac3214368aa2c034,0.40217391304347827
4298c37acca732c7,0.9782608695652174
e4b67271ec284bd4,0.22826086956521738
2700a4898f67ad28,0.7608695652173914
c2bc53c13ff2b366,0.358695652173913
d37ae4bf8b4bc737,0.967391304347826
ca2e0c523de92a2a,0.8478260869565217
22f670b7048949d3,0.3804347826086957
0e38f06619d9bc58,0.03260869565217391
df17908d42ab14f9,0.2826086956521739
07da1b770fa582ca,0.717391304347826
fc80b3faad16cba5,0.2717391304347826
907f2ca8d40ff2ab,0.6847826086956522
d2263e7ce8441b3c,0.13043478260869565
d607d99b212c50b3,0.8695652173913043
bc4a2436b251483b,0.09782608695652174
6ff34733c6f40542,0.07608695652173914
c388ee2b94ce03f7,0.31521739130434784
64cfb3186edd0e0e,0.5652173913043478
a627ff171479e055,0.20652173913043478
9ddb6be844b7c0b3,0.5434782608695652
11d81a489e20ca1b,0.25
16770eee2c54ec20,0.8043478260869565
c035b59bdf914560,0.34782608695652173
64a45318c6b31582,0.41304347826086957
c7667c8967522284,0.5108695652173914
5dd95a2fedbb3662,0.7391304347826086
e5725f0c5cc5180f,0.6413043478260869
eb538ae415bb9e9f,0.21739130434782608
803ad49b12f44e9b,0.05434782608695652
513ece1d7fa82ade,0.9456521739130435
1b9024eedd38209f,0.8804347826086957
d60643b311b0175d,0.782608695652174
05f1f77d7209e6c5,0.30434782608695654
7aea19eb65117a35,0.9021739130434783
52715cdf8874c957,0.6086956521739131
9948bd17339dd5fd,0.9891304347826086
e755b0fcce304a13,0.45652173913043476
a13fa0ca1c8ee773,0.5217391304347826
56bb95f126c49824,0.6956521739130435
8e8da02081842616,0.17391304347826086
d8b7db714385cb20,0.5760869565217391
50b5f196f049280e,0.6739130434782609
6a9d8aaae978123f,0.9347826086956522
b7d45e481f06d6be,0.33695652173913043
ffce8b06f58bfff3,0.10869565217391304
7175cc23ccc4f911,0.5869565217391305
786ced0c3433f590,0.44565217391304346
4ba2618fec0b00c2,0.8804347826086957
2b6fce5a95c74a64,0.5217391304347826
027ade51298b86f9,0.1956521739130435
3ee3568bca3ec1e3,1.0
8748fb63af2f2471,0.5543478260869565
0eca356d9dd7c387,0.21739130434782608
c3e38a0e6956c51a,0.391304347826087
7e3849938d9848df,0.5434782608695652
3168f7ba0692bf28,0.08695652173913043
05ce26bee7045f89,0.42391304347826086
709ffef96bffae54,0.9347826086956522
957b044bd1f582c4,0.13043478260869565
21dcd78faddda534,0.05434782608695652
28d770fb445d6991,0.44565217391304346
baa161d138db6b4e,0.5652173913043478
ebb7e413dff31e75,0.010869565217391304
14598407f229381c,0.33695652173913043
2d6fc055f89f779c,0.3695652173913043
64ee82d29605a057,0.03260869565217391
cd5d4c21f8232f02,0.31521739130434784
e81f491a5ff23d23,0.6413043478260869
03a08ac42d9aa2e4,0.9565217391304348
acdc46b8309c017f,0.15217391304347827
08ba31011281e6e9,0.9782608695652174
2785f787b47213cb,0.4782608695652174
826a16a8ba7d0955,0.6847826086956522
7962ec5d2dd94a31,0.75
2f4888c81a9f7893,0.9239130434782609
53e9231abf3b84df,0.358695652173913
14293458cc14a982,0.532608695652174
e886921e30793ecd,0.45652173913043476
dcb2d80c9dfcffb0,0.09782608695652174
62f9cda350a68d7e,0.2826086956521739
c744f74f525e600c,0.6521739130434783
c62c5812d714aeef,0.07608695652173914
b3564ac5ef95873d,0.4891304347826087
a8d5f5be8522a3c3,0.30434782608695654
d0d47b9d325e9bd0,0.11956521739130435
28a719cc5251d03d,0.7717391304347826
fbafc956e5754c8f,0.14130434782608695
15532f059894c8ef,0.8152173913043478
618500251d3ed021,0.2391304347826087
29aac0288d8d1684,0.40217391304347827
380a64b041f914d2,0.4673913043478261
7db8facc4039f52a,0.5108695652173914
2df52467203923ae,0.29347826086956524
78d836292d33ced9,0.34782608695652173
dc0c94aba323df17,0.20652173913043478
4ee5d4d5a22eed9e,0.8369565217391305
ae3afd66393427ad,0.8586956521739131
8b9d4203b48c5d70,0.7065217391304348
f733580d8e5e98f1,0.6739130434782609
e8db8fe2e251bae8,0.9891304347826086
854ad780ed2f6a94,0.06521739130434782
adc4c159571affb9,0.9021739130434783
1e6cdeffb8b7464b,0.6195652173913043
0f5084296ce611ea,0.16304347826086957
dd327aed5380a1f6,0.6086956521739131
0fa5e54118eac0c3,0.5
4d2263cf233bf47d,0.7608695652173914
716ab410e61f94e6,0.43478260869565216
26e376a58ae9cf64,0.8260869565217391
f30a00be4749265f,0.32608695652173914
afc2b1746156194f,0.3804347826086957
62ce9fa5776dd395,0.2717391304347826
44b296dab610f7f3,0.782608695652174
72af453b0163c4ba,0.967391304347826
64538befa81ef3b3,0.8043478260869565
e6f6276964d1a225,0.6956521739130435
3a6d239174450033,0.7934782608695652
7e6af1d67c084498,0.043478260869565216
85fae873781da129,0.5869565217391305
60cfb509129a3ad1,0.17391304347826086
acb50988e46940b6,0.6630434782608695
0caa7ed75e62065c,0.7282608695652174
5211d61ead94f2e7,0.5978260869565217
c0466fb44ef5637b,0.5760869565217391
7ea0ff5e6a4eabe3,0.6304347826086957
ee767dcc2a558f41,0.8695652173913043
d1723c42916689dd,0.021739130434782608
5fa1730b8f074ec0,0.25
9532d6938b6e46f2,0.7391304347826086
374ae7a73975f954,0.22826086956521738
9d80c060b3d291f6,0.41304347826086957
89b91abdee048a35,0.9456521739130435
5913eb2a207b8847,0.2608695652173913
848e80089a470f0f,0.8913043478260869
855ee9634b0ab571,0.717391304347826
be5b93c9fbcbc5d2,0.18478260869565216
41470c24590d7d9e,0.9130434782608695
b03c6218edc8c983,0.10869565217391304
4bc9fe6b3c0826fd,0.8478260869565217
c328dd1ccd7b1741,0.7065217391304348
7545a1a9f30b1859,0.05434782608695652
d990e4d7e9217723,0.06521739130434782
adfc52e80e1c4eb7,0.6847826086956522
aa582dda8235aa28,0.6521739130434783
da84b1192891d8b5,0.6195652173913043
fa329a8c2976f563,0.75
c9df0ad4babb4175,0.5108695652173914
c3fe6f58f4721d48,0.5652173913043478
9fdb9fa69269d744,0.08695652173913043
8703155a0ed2f9cf,0.07608695652173914
2bb2aad6371f6eb5,0.532608695652174
3eff57bc0fa4d995,0.22826086956521738
8c9ed202e80b470d,0.32608695652173914
7b990581c55f181e,0.14130434782608695
2c33761059cf8afd,0.9130434782608695
1eb1eb65e4aa372f,0.43478260869565216
3ae146e5af369c7c,0.5869565217391305
4425b4083766fc76,0.9782608695652174
ecb0ee2e1a67a946,0.6304347826086957
696e442eafc6a25d,0.21739130434782608
8452ccb0f259853e,0.6956521739130435
b4c754e074056462,0.7608695652173914
d53662e68f16b332,0.25
5a2ab17fbcdcba4a,0.15217391304347827
6312816c2e72e102,0.782608695652174
585e14b18597c4d8,0.20652173913043478
fac8ea644c79a8f3,0.043478260869565216
c20e533b82f731a9,0.8369565217391305
8627bafae66fc1d9,0.29347826086956524
69e469f905a4b084,0.5
2ffa835c13b14b51,0.9565217391304348
8a997b7d25bd4368,0.8804347826086957
6c2638062a2e1986,0.2826086956521739
2468c1d7c36b77b4,0.6413043478260869
f3f25cbc6f5a64a7,0.4673913043478261
511dff0729b8e015,0.7717391304347826
3bc8cb70e9633141,0.33695652173913043
99169e7d45e77105,0.9021739130434783
a7a1e61ac984afce,0.8043478260869565
e8b749817a97cf53,0.5760869565217391
bfd750d48cfe8231,0.8913043478260869
ad4181bcb930e0e0,0.391304347826087
e1add41bc47a9f14,0.2608695652173913
18f8d82582482d05,0.45652173913043476
8f71c61f56eb40eb,0.8586956521739131
6488c38b99cad58f,0.10869565217391304
16b3530603c1238f,0.09782608695652174
1a164a8f4821debf,0.8260869565217391
640ccce9a061250d,0.358695652173913
92e90f2e59978231,0.1956521739130435
7d5e6ef496cbcda2,0.44565217391304346
f5be3be45c0c51d4,0.7282608695652174
20e997a6c6fe4778,1.0
482cc22ab1ca74d8,0.010869565217391304
a43d7c848b0ae8ea,0.9891304347826086
6198adf0e99234dc,0.8478260869565217
a3a348e403b4b249,0.03260869565217391
5f71aa36ad8557ac,0.9456521739130435
41e7064a64e689ac,0.16304347826086957
538a43229902ad46,0.7934782608695652
498dc2d8adbaa00f,0.17391304347826086
d799cf7a4af34971,0.5543478260869565
c2fdf2699ac8a5c1,0.967391304347826
ea48e288fa220385,0.6630434782608695
e910ed85bb6fdadb,0.4782608695652174
f6b543d79b57bdfc,0.8695652173913043
94c403d83370897d,0.13043478260869565
8fc4b2dc414e6d47,0.18478260869565216
cc5237b34c4bc3f1,0.4891304347826087
028df5e949f307bb,0.3804347826086957
fe4cbbaa21958818,0.5217391304347826
0101899500159472,0.9347826086956522
8a73f13b8d8a3472,0.5978260869565217
760721c89e8785d6,0.30434782608695654
6cdfc66d98e6428c,0.3695652173913043
bc33802c03e3170f,0.717391304347826
4381a1f1f07e9f13,0.5434782608695652
326c1fd66b5486dd,0.34782608695652173
af29bcad863bcc0c,0.2717391304347826
0400e547b8c9944a,0.8152173913043478
18e9efa757603e95,0.021739130434782608
3a36f7ff0c5c5a0e,0.41304347826086957
6415a22afdba37f5,0.40217391304347827
4534523b5adf82d8,0.11956521739130435
b386eb0e32308e9e,0.6739130434782609
95ce76f213586509,0.7391304347826086
a2e74bee5f3bb767,0.31521739130434784
744e0475be3a2f92,0.42391304347826086
badcb41ecd2a8e63,0.9239130434782609
6289250a6a3bbce7,0.2391304347826087
5a53cf99c3d8c17b,0.6086956521739131
08783070873b32cb,0.10869565217391304
d4124e310fb50876,0.9782608695652174
febc8a9ae66944c9,0.11956521739130435
271a4a269280dfec,0.17391304347826086
9cd03950396523fb,0.09782608695652174
1e9c110d387dc477,0.7717391304347826
bf7834d02f7e1a5f,0.18478260869565216
a661d7c8a48c2f7a,0.5760869565217391
5d2dab0abae55685,0.29347826086956524
c5a95f5dbcfd35c8,0.5434782608695652
26b5b1c60358ee79,0.9021739130434783
7272af856c1d43cb,0.7282608695652174
6f7eb332a0695931,0.7391304347826086
4d160e4cd417159a,0.6956521739130435
ffcbec637baa6241,0.5108695652173914
b08f581d7d23af06,0.8478260869565217
e9bb78a9fb1e5920,0.5217391304347826
11490344f227ce5e,0.2608695652173913
e9dc99625783e34d,0.7608695652173914
74cd166a19d08a25,0.6413043478260869
37d2cd0aa757bec1,0.15217391304347827
08d1fb755a7accce,0.2826086956521739
f42753e82e303ec0,0.8260869565217391
f2588b25708ac3b8,0.4673913043478261
b6a3870758826b04,0.44565217391304346
ae47e731c9a4b3bb,0.5543478260869565
102043963e78f22c,0.31521739130434784
2c39794a37fca5ab,0.6195652173913043
fa819dc420bde5c9,0.22826086956521738
684ddb67acb88a42,0.43478260869565216
ee7b9b2207e52324,0.010869565217391304
263ab887aebbd775,0.967391304347826
0727f4b74959b3de,0.9130434782608695
35ad91e05f5c30fa,0.021739130434782608
f7aaf0bf70ea2d05,0.75
58ca7ffdaab4181b,0.5869565217391305
fc57152e06247d4c,0.9565217391304348
bb1771027f0f53e7,0.5652173913043478
3cbe5771a8b0a9b6,0.4891304347826087
8f175e8196136e5c,0.9347826086956522
3e77a5480359f016,0.1956521739130435
b9469ea432ffbb6d,0.6847826086956522
a251ade1e3d12569,0.4782608695652174
a4dc8e4494265829,0.08695652173913043
9f033d5e9a884dae,0.8695652173913043
7b9424a587315856,0.3695652173913043
0aabd587c763ecf1,0.8586956521739131
9687d8e1a6c91d46,0.2717391304347826
db11c48041f7c7a0,0.06521739130434782
ff776ff4bab49648,0.42391304347826086
e2918183b3e8213f,0.7934782608695652
55d49ab57f516721,0.8804347826086957
38a1d0336f3d2d02,0.8043478260869565
1694c4ff0dc14c04,0.532608695652174
5e255991b7bb653e,0.8913043478260869
b7fe5ee42fc90bb9,0.358695652173913
fffc0291c3c20637,0.9239130434782609
2a561d3a7649765b,0.8369565217391305
05ceeb84a557bc9c,0.14130434782608695
6a1c909155dc106d,0.40217391304347827
d84dc480401b349c,0.9891304347826086
0ac5082ebf93e4c8,0.21739130434782608
a8cb8e3330e550a5,0.391304347826087
a824d5dea8b78654,0.20652173913043478
838fded80670ec87,0.2391304347826087
6834b168816a130e,0.6739130434782609
9f08a240ac679302,0.7065217391304348
89b858033367e2fb,1.0
f23088105044d887,0.07608695652173914
eeb53f34d93cdee5,0.45652173913043476
53abe20e90608846,0.6086956521739131
a9a986acf2be904c,0.05434782608695652
a463268acb23f8a0,0.41304347826086957
c6ce9eb46288df0e,0.6521739130434783
b66ed251464fac2a,0.16304347826086957
e67e4b1af0b92541,0.3804347826086957
0f123a44a72fc1c5,0.717391304347826
1fe6a976b9bb6459,0.32608695652173914
22c6abf51b6761b8,0.30434782608695654
34a93e582f3e8f4e,0.5978260869565217
00b90d57e5451e2a,0.34782608695652173
0e6e0126ed91b7b4,0.13043478260869565
0afd1414176aa7a4,0.8152173913043478
e9fdc4e8ec1012b6,0.782608695652174
9a6ceff0aa5b8a6d,0.03260869565217391
b15814811954831b,0.33695652173913043
70bead72e9b43777,0.6630434782608695
6d41029c51df6466,0.6304347826086957
56898d31724e854c,0.5
e7c7d87ac54071fc,0.043478260869565216
9a63ff85b2c70a2e,0.25
1a1767b0419dec85,0.9456521739130435
302eda41e7ea9935,0.9891304347826086
b479b3359d025841,0.6195652173913043
7cd8ac00c9ffb015,0.40217391304347827
44cd59fdad15632a,0.7934782608695652
05c7717d45696e98,0.532608695652174
54d0892859c79d4e,0.8695652173913043
d969325217499ee9,0.6630434782608695
f5eb544d611bf29b,0.9239130434782609
838541b0cee4456d,0.8478260869565217
f8bac0cf82b8e10d,0.5543478260869565
5accb00733339eae,0.8260869565217391
2753ca61bf76d0c6,0.7391304347826086
c2afa5d4e6687dc7,0.8586956521739131
20d0c7957c8611c8,0.9565217391304348
3a6df4bbd0bb6489,0.2608695652173913
9ebfc69783b3e4c9,0.4673913043478261
825177e91123adcb,0.4891304347826087
c60a71e122a3216b,0.043478260869565216
82a75f398fc6078c,0.5869565217391305
b15f14842d2d664a,0.9456521739130435
f20ccaba3dc9cd56,0.5
c4b5d7d8e88ccdc1,0.6521739130434783
b3e46713bb250464,0.5217391304347826
ec2c136a0ff251b8,0.6086956521739131
c9eca3952c286395,0.2391304347826087
a1764947b029a9fc,0.21739130434782608
2abf032a3232a3b2,0.05434782608695652
4166ce31e777d46d,0.22826086956521738
635527fffae65b4e,0.2717391304347826
a36940538bc34820,0.3804347826086957
2131f4f22bc4a7a6,0.07608695652173914
9da286026d6597f9,1.0
69d7dc0ad5af817f,0.5434782608695652
cd2fce8886b24056,0.5760869565217391
79f565e9a8b2f879,0.9347826086956522
c3ce4fb7c71fc2d8,0.06521739130434782
c9d2be69e8b99b02,0.42391304347826086
7579df938a426910,0.18478260869565216
bdd32bc3fe95f58e,0.967391304347826
d29aa533c0e4b349,0.8043478260869565
4b837685f107f4c8,0.6956521739130435
c766762d07e93dc7,0.391304347826087
b2644e23f96fa34a,0.08695652173913043
ac34d1a89950e953,0.6847826086956522
f5cd577a7e3acc4c,0.16304347826086957
6f661dd7e3e01fc4,0.7065217391304348
ec4cb747f652f757,0.9782608695652174
adb16dc377eddf5b,0.7717391304347826
14aeab10441ac44d,0.33695652173913043
649402a9a0dd64cb,0.3695652173913043
89b2d6d375addec0,0.9130434782608695
bd0389705fa03243,0.31521739130434784
1152eac409b25d63,0.2826086956521739
e2101edd12297cc0,0.17391304347826086
d5e1e7fcf4d2fd7d,0.34782608695652173
8d57ba6eab400ee8,0.8804347826086957
e69f99e7c268a862,0.09782608695652174
3c2a6fd8047538ac,0.7608695652173914
ba41d62e02df21ee,0.25
5649f77c37efbbaf,0.32608695652173914
7950fc5cb064ef40,0.8913043478260869
b7dc05c36a372c30,0.13043478260869565
56ad20549e4e81cd,0.7282608695652174
518e457e277fbf84,0.11956521739130435
65a3d937ad540e4a,0.010869565217391304
152a30dfad69e7a6,0.5978260869565217
66feda6b61c1462e,0.15217391304347827
392094b4312ec79b,0.45652173913043476
a5ccfd70096b91bd,0.782608695652174
f0119a56ea6b8227,0.30434782608695654
f11b1fcc4c7a184c,0.1956521739130435
ba072c065041cdc3,0.5108695652173914
9257e8bd58e96461,0.03260869565217391
d4bd0f95025446d4,0.6739130434782609
7d6e389ee9be462b,0.021739130434782608
20df537d6bf72eb8,0.9021739130434783
2550a81cb5882028,0.14130434782608695
33963fe3c34800cd,0.43478260869565216
3fe4b142d6196e2f,0.20652173913043478
d0916d5071eca94f,0.10869565217391304
fe30d9b90be9e75a,0.5652173913043478
67cc5babc715fac1,0.8369565217391305
f088891bd837052b,0.717391304347826
ab34be531086f2aa,0.29347826086956524
ddc341131708a278,0.75
fda73db2207d04f6,0.41304347826086957
9829076693837970,0.8152173913043478
d67c82654ba2d30f,0.4782608695652174
5ac8cf99170398d0,0.6304347826086957
460026cf9abab432,0.358695652173913
6de6f056cd6aea7d,0.6413043478260869
ad5a4648f83b2a87,0.44565217391304346
08508b5d2df502bd,0.6956521739130435
f66fdfbf98af1d28,0.14130434782608695
050cc1262352fa5f,0.8369565217391305
0350541fb04db871,0.6521739130434783
5ec950f394112123,0.75
b33bd42aa62d67b3,0.6630434782608695
51c1e60daa5dca48,0.4782608695652174
a41e6005c32ccc97,0.06521739130434782
e215bf7c0779c8c1,0.42391304347826086
cb70a6894f68586f,0.6304347826086957
c8cf20af9e0346cf,0.3804347826086957
96279c75da228675,0.6086956521739131
216347f925dec078,0.9565217391304348
ecc8fbc4309fd57f,0.021739130434782608
3ded29d8360700ac,0.9130434782608695
a3f018e19633461a,0.2608695652173913
36c625628fbfb022,0.7391304347826086
2454be017f45f62a,0.31521739130434784
4d9121054c93b653,0.8152173913043478
e8260d6fc026b8d9,0.5543478260869565
16767d3e7abd67a8,1.0
d9f8590b75b50091,0.25
043e48b05dfa0b81,0.07608695652173914
ba5b156efab73add,0.9891304347826086
07798a182757c1bb,0.7282608695652174
5ebb4b3d2978cb91,0.967391304347826
f25aa207c9f9cf82,0.17391304347826086
bf1f2ad6dd26bf27,0.5978260869565217
701acf07225c2db3,0.34782608695652173
1079bcd68af31af4,0.5
116cf81e964a0a85,0.010869565217391304
fc5698a1c00e82df,0.08695652173913043
24465f417ffff920,0.6847826086956522
cc882f107d2b8486,0.5434782608695652
9ad7f5b0b849a17c,0.10869565217391304
d025864aae97f263,0.532608695652174
b59a8452d5cc5284,0.717391304347826
2a214b2a498468a3,0.9456521739130435
13e80541c8b41560,0.2826086956521739
a7d4f8209c8dd495,0.9021739130434783
dab5147ae9b4f47c,0.9239130434782609
db9757d7dc7d838a,0.11956521739130435
28ed24f83d703b62,0.09782608695652174
c11f4764c158a967,0.7717391304347826
1923a35c2b6534a5,0.21739130434782608
e5f140f03bb9796f,0.8260869565217391
7bba5835c04b026c,0.6739130434782609
e5d639edc7d5fea1,0.7934782608695652
2fa3bc95d27a47f2,0.30434782608695654
af3fa5a80734b5e2,0.5652173913043478
c116c5016bb482dd,0.7065217391304348
b4fdc583d12139c3,0.3695652173913043
87df2f98658fd55f,0.7608695652173914
5cd9b60a8269f44f,0.782608695652174
e3be9340341d4295,0.6195652173913043
7f6df2f52da20412,0.40217391304347827
a85be7b6d894f756,0.03260869565217391
2a81de8539275191,0.32608695652173914
3c5099865a37acab,0.2717391304347826
7b629c37df0d2bcd,0.44565217391304346
b4909c98a757cbef,0.4673913043478261
114c94bbe83fd6c7,0.15217391304347827
8a4677d9689b45d3,0.18478260869565216
dbf58b431f01a79a,0.9347826086956522
fbfe277a2e81af01,0.43478260869565216
9fde0e69de386479,0.13043478260869565
39a211acaf5e834c,0.5217391304347826
a3daae8ec73440ad,0.8695652173913043
a54bcaab90d513cb,0.45652173913043476
7471729220469ee0,0.29347826086956524
6c60fa569810909a,0.6413043478260869
e9561c470f4e0cf0,0.20652173913043478
52b1f687f4932d98,0.5108695652173914
332aac819ddc7575,0.5760869565217391
291a2a2ea760d29a,0.8043478260869565
6becd14fe7b32a2b,0.8804347826086957
74aba4c05f5f6dce,0.33695652173913043
824eb38be74ae270,0.4891304347826087
54d3a4bda45d1977,0.05434782608695652
9bdf3238dc31e94c,0.043478260869565216
9e80618db0130bdd,0.391304347826087
8c9fae903f762175,0.9782608695652174
718424d08d544d3e,0.8478260869565217
60a3b7370e9e3a62,0.1956521739130435
820f458d05c340e1,0.8586956521739131
ad7432bcf5423ea0,0.2391304347826087
1c91cbadb9f4f985,0.358695652173913
92758c4bb004d33e,0.16304347826086957
5c4a1b0b9c565eb3,0.5869565217391305
e8d39739d2bb4f71,0.8913043478260869
84e314bd7ae08ba4,0.41304347826086957
9d0b88c06cae7d40,0.22826086956521738
a5ec5cd7ac8145b2,0.6521739130434783
473cca9c7fc9ebe1,0.22826086956521738
65d8f5879f30e333,0.30434782608695654
cdb9f4463bb11ed9,0.6195652173913043
67b59b7d943fccac,0.7391304347826086
badc85f283b74842,0.5217391304347826
8658bc93159d1f2c,0.6739130434782609
ea87bcab54e3dd2b,1.0
07672bbd33a2020a,0.7934782608695652
fe8e2535d4eb0db9,0.532608695652174
2f47ef24721c7c41,0.06521739130434782
2da816d484e271dd,0.4673913043478261
37ee6c1e96f745de,0.25
f594ad5ff0f6fe26,0.5869565217391305
3ee1e0c46f28fce6,0.9239130434782609
9561d2f157354585,0.2826086956521739
bbf94f4f3a124d47,0.4891304347826087
0fd6c5d92c971b3f,0.6304347826086957
0c017b47c26ba30a,0.10869565217391304
f153c36403d6109e,0.8043478260869565
dffbb88306e34575,0.44565217391304346
c1161e54ccb84f17,0.17391304347826086
bba6d880185ff226,0.2391304347826087
a18c210ae52ea25e,0.15217391304347827
03a60ed618f5201d,0.2608695652173913
261dc9f8f604929d,0.6847826086956522
23eaead1aaf37338,0.8478260869565217
b9c661177239bd29,0.33695652173913043
dfb1b616ea7597be,0.3804347826086957
97c0b2dbe9f95665,0.11956521739130435
6a8a8c8fa7a55aeb,0.2717391304347826
7f50d34f254cd919,0.5760869565217391
fc73f41fe7d701aa,0.358695652173913
7e56c4a945d23c8d,0.5
22b077c1f39b8d4e,0.07608695652173914
bc3ed389a42ac069,0.010869565217391304
be7de8b1fe34fcc4,0.9891304347826086
e887daa2ad62ecca,0.08695652173913043
19484c0291f64f17,0.717391304347826
05a758d73e2f463e,0.7282608695652174
6d4216576283d817,0.6086956521739131
be96511f3ef46daa,0.6413043478260869
a4d74ecd7c6c12fa,0.8369565217391305
3e1c1762c03fde17,0.391304347826087
63fcaa27a93b9080,0.8260869565217391
2e3ac01d186cbae0,0.5652173913043478
0d848c38d316b95c,0.42391304347826086
ea409455840d5a96,0.31521739130434784
8b6da2e557d183cd,0.7717391304347826
782f55b95e1e7b82,0.32608695652173914
0a1cc2ff0024c60d,0.8804347826086957
b3aa5c20c46d3d11,0.3695652173913043
69252c787e8d5c1c,0.782608695652174
9a35bc03e8bda4fd,0.43478260869565216
a238233211c205f2,0.41304347826086957
73f8c100ad8d0ea1,0.9021739130434783
05598897cc496168,0.34782608695652173
deb15f7c9b7ae810,0.043478260869565216
f975a48cfa4d5261,0.9347826086956522
c9a8a676816a12dc,0.45652173913043476
05fb8bc34a9a169f,0.1956521739130435
002a2ba6c2a4e21e,0.9130434782608695
8dd044ab5b0a9158,0.75
dc236e99d23974e8,0.9456521739130435
5d94cc1bca056fa9,0.8152173913043478
13ea1ce3c38b6815,0.7608695652173914
ddcb510358182b05,0.05434782608695652
e8c9ff01979a1be9,0.9782608695652174
b92f47373cbe5cc5,0.5978260869565217
84af43f087940968,0.21739130434782608
abd50f8251bdabf6,0.5543478260869565
457d61d108fd7733,0.6956521739130435
9ce2249b6231952d,0.20652173913043478
d34c71ffc8363341,0.09782608695652174
fad760d4497a7d68,0.16304347826086957
7e1ca2ff35e48420,0.8695652173913043
7ab02a298f1540d4,0.40217391304347827
176d10d5c7f1a98e,0.14130434782608695
ba67c078de3012e2,0.4782608695652174
4f0c5c55acdb5aab,0.13043478260869565
19968ad7c8eff45e,0.8913043478260869
12b73bf04d58bdeb,0.7065217391304348
bf72a6e9c3b3710a,0.18478260869565216
c0b3bda7da0484f9,0.6630434782608695
f59a9cc7e3970b10,0.5434782608695652
7c81ab3aef05b3f3,0.9565217391304348
71f79251f3f25512,0.8586956521739131
691d1b0e6f365f2f,0.5108695652173914
0bbc8e97a0e57c45,0.967391304347826
ce543f55bfdd17fe,0.03260869565217391
b931550c229cb1da,0.29347826086956524
4939829f893edd3d,0.021739130434782608
f42c92f621d20371,0.8260869565217391
4f12776030d7a642,0.29347826086956524
b80bf9d9b8ea2738,0.7065217391304348
f17d4911fa1c1b19,0.4782608695652174
0e65a9f254f59d1c,0.8695652173913043
4f6955f7e5a0ff55,0.7608695652173914
56667cd9b90f256d,0.9021739130434783
3ee22258c1d5ec31,0.6739130434782609
f1916657cba85eca,0.3695652173913043
174177b5220c8afa,0.8369565217391305
314763924589a9c4,0.5652173913043478
b7ad528fe345d3e5,0.13043478260869565
526e4b0c73483116,0.358695652173913
00b86589e4a5634c,0.6413043478260869
58114bbcbda26d73,0.9565217391304348
1542cc51b4add17d,0.2608695652173913
f63b0fbb5e67a3b1,0.31521739130434784
6f131ef4e59e037e,0.45652173913043476
926ff105d5dfaa65,0.8804347826086957
5d828fd3f178d40d,0.9130434782608695
6ef4bf2fcf3faf18,0.1956521739130435
46a76b6a2720a48b,0.8913043478260869
2600297baea3605a,0.6521739130434783
adcf68e87b77cbbf,0.21739130434782608
df31dc3c83bffe11,0.44565217391304346
f9d3a5e78a9392d3,0.14130434782608695
92c01a797aaf9bfd,0.6086956521739131
bbabac1c9d62185f,0.043478260869565216
7f429cd40c5547a1,0.20652173913043478
2453c82bf16a5285,0.06521739130434782
d6222dfa43605e27,0.5217391304347826
a79fe166c9597d22,0.09782608695652174
cf0ca6c6750a7fcb,0.7717391304347826
e4607edc2d9ee2ae,0.9891304347826086
917cdbb5a8a9b292,0.41304347826086957
e5b613a33ddcd464,0.32608695652173914
d85fa101ef8ddf26,0.391304347826087
8a16bb0ba6e75f85,0.42391304347826086
70be77d0285bec54,0.2391304347826087
ec9e6390ae4f72e5,0.7282608695652174
4927c7a3ea526f1c,0.9347826086956522
c5ab1d488146a3f7,0.30434782608695654
d67da7948a1ddd94,0.6956521739130435
70a1b3766f861f3d,0.08695652173913043
8bdbae5b682e04ed,0.6847826086956522
a75c9aa338d124f6,0.9239130434782609
241cd4187ff479f7,0.07608695652173914
98dc5cbd516869f4,0.11956521739130435
aced01724c68d10c,0.717391304347826
77d973d230a9924d,0.4891304347826087
019d6c25348433c5,0.010869565217391304
84e3bf1afa5d6777,0.33695652173913043
72d9c1e2fec6a304,0.4673913043478261
8475587471e7f48c,0.6630434782608695
033b33ce7cc408cd,0.18478260869565216
c63a77609653e73a,0.6195652173913043
f08a7c8824054d1b,0.8043478260869565
12b188e7db19b749,0.8586956521739131
7fd4bde61b861b3f,0.7391304347826086
c02850d58f7572a3,0.05434782608695652
77ea13a5257cdf4e,0.6304347826086957
da39df8524ca91a3,0.10869565217391304
8ea59ca09bfb475e,0.5434782608695652
5647547d22d614b6,1.0
b849c3119e84f7d6,0.2717391304347826
e86bad6734d3ad22,0.75
46226f44a4b35e62,0.8478260869565217
f5d97488e5fa06e8,0.8152173913043478
1b73188c83f8161b,0.5978260869565217
f6ca67dc586c27a3,0.9782608695652174
4b0d0e69ff9e1c5c,0.021739130434782608
8ada11271a389db9,0.3804347826086957
493fcb8b0ba401da,0.967391304347826
d4e43c900d02b20c,0.2826086956521739
2625d31e1be525d0,0.5
999711ee6fcc6283,0.7934782608695652
f290cc216f5fe9ed,0.34782608695652173
7984d6e9c25b84f8,0.17391304347826086
94e3026533763544,0.43478260869565216
f0bb845098727193,0.40217391304347827
cf733377ed0b46f0,0.16304347826086957
f1dacfcb0fdbcb40,0.22826086956521738
2f77022cd3e4e2b8,0.15217391304347827
47fa080bc710c3d7,0.5543478260869565
76c81da94e3cfff1,0.782608695652174
d49b69c77e692bf5,0.9456521739130435
b33f4cc4158855b6,0.03260869565217391
4cf279e6d74194e5,0.5108695652173914
d0226ca884c3be9a,0.532608695652174
665e68326601d638,0.5760869565217391
cdd3aeb0e6f8dbad,0.25
9cde921167eb8c2c,0.5869565217391305
5a7f62a4353cdbb4,1.0
12e5a99acd327b3b,0.6304347826086957
e67d7f25f1ecdb5f,0.391304347826087
1b5d96f4879ff210,0.8260869565217391
d04366477c213a87,0.06521739130434782
b738a0f57fb3e04d,0.7608695652173914
811390a8ae081839,0.42391304347826086
de82e449241cdb2c,0.3804347826086957
c5d336dea54890f9,0.33695652173913043
32c57fc55dd84e96,0.8804347826086957
077ced8b620e2574,0.8369565217391305
dab0509a455bc39e,0.6195652173913043
b3fb51f95291bcbb,0.717391304347826
168907accc4299bd,0.14130434782608695
b95d09d12acb0342,0.08695652173913043
4b39b20d30203c25,0.6630434782608695
e6e3973d3ecd901b,0.021739130434782608
ffbd1650495ae073,0.9021739130434783
64548cd8a30f9c97,0.16304347826086957
d127816cd1ab898f,0.532608695652174
1a4c0c50f9504f28,0.17391304347826086
f9198d772ef1c62a,0.18478260869565216
df86eb0d741fd47c,0.13043478260869565
e696d405fcaf15d0,0.9239130434782609
e6477b5d98119b13,0.41304347826086957
c4b7e4882e81f394,0.09782608695652174
d1c8a0e18aed7246,0.9456521739130435
da56240aca46ddc3,0.4782608695652174
a55702d65a77c25e,0.7282608695652174
485a43a329ba65a7,0.358695652173913
70b6f9390aa7da57,0.967391304347826
61bb9f105bfa3951,0.2608695652173913
979479295c9a06c9,0.03260869565217391
4b72d96bb7880e7d,0.4673913043478261
6cd5a56bdb13ee62,0.2391304347826087
bdb044e5bdbdb36f,0.6847826086956522
23e6800ec795122c,0.5108695652173914
d497ca069ae497a9,0.5869565217391305
74fadbfebb9631ba,0.5978260869565217
ca706afa0e2e945d,0.15217391304347827
24c0f7dbfff77a5c,0.7065217391304348
1fa59a64bdeca6d9,0.4891304347826087
a237d2874d2163a2,0.9130434782608695
b29307ed07f8d85d,0.9891304347826086
20359554ef0099cf,0.07608695652173914
a937d76c71bfb27b,0.43478260869565216
42f39e5a5acfff53,0.75
13a1ffb80caf95cc,0.8043478260869565
ab362330c4190ca6,0.9565217391304348
3fe6717228855908,0.8478260869565217
0d595772a159d84b,0.7391304347826086
a983bdbb25f6144b,0.2717391304347826
7b71baa9adb404c0,0.1956521739130435
5e64d0d8a2fe3e45,0.10869565217391304
f25cf5284305c93e,0.25
510c7ad3a78c7e18,0.5217391304347826
4838b9baa25b7a49,0.5652173913043478
62ad7c4c76af8e73,0.7934782608695652
907b78cd95c2dbd7,0.782608695652174
6e8e721d9278b48d,0.34782608695652173
4379b8a4f853c29d,0.21739130434782608
7be879706fdd8638,0.29347826086956524
da8f47bc0cda49a9,0.6739130434782609
33c8d3e8c50485c0,0.22826086956521738
c2d51e0a84055cfe,0.6086956521739131
9c5363217304d6f4,0.44565217391304346
3cc1e0ff5e335daa,0.5
f0f2a9bcadb61e8e,0.40217391304347827
7e4dece3bee9c81a,0.010869565217391304
f259e7c9a48dee84,0.5434782608695652
84514b4dc152e67f,0.9782608695652174
40adf87c47c75563,0.5760869565217391
814376ab8ff7860c,0.20652173913043478
ba733f6b7a9e8e4a,0.7717391304347826
be9db96b9cd6ddfb,0.8152173913043478
7961637ab2fd087f,0.30434782608695654
e15595e0eab39368,0.05434782608695652
8d3045bd576af99f,0.6521739130434783
24b15631bd9abde7,0.45652173913043476
05bea370b543fff2,0.32608695652173914
01f6bf5c6a5a8fdd,0.31521739130434784
dfe115981b32769c,0.8586956521739131
ee0a2d4fde5d2c90,0.6413043478260869
e33b5ed5f633162c,0.2826086956521739
63d21d95b1014084,0.9347826086956522
e88e4941ffb0e97c,0.11956521739130435
56a47135f946238e,0.8913043478260869
f22afa68eca26f6b,0.5543478260869565
cd77a85a36b7f4b0,0.3695652173913043
0cef77c504b806d1,0.043478260869565216
40f52cc41cb639a3,0.6956521739130435
fbaa12b4152e55a7,0.8695652173913043
f81d2099b83772e4,0.8695652173913043
c18594e3a002073a,0.8586956521739131
35c1ed8221a6ade8,0.20652173913043478
eccf23a2d137aafe,0.6304347826086957
a9567ea076be2fd4,0.41304347826086957
cde9bc2b41ef6ecb,0.40217391304347827
ddede858d8fd82eb,0.5434782608695652
4ba45344cc4f48d4,0.5108695652173914
9df3c3f3fba626cd,0.11956521739130435
ae431f55aad49a60,0.43478260869565216
aabe055a10e298dd,0.782608695652174
8be132de4a9a1bc2,0.06521739130434782
d20b28513d4ebfea,0.010869565217391304
0f3a4f7f40cfbe95,0.7065217391304348
aed60a14d66b7523,0.6739130434782609
37874c36144f61c0,0.32608695652173914
63bf0e07c884fc7a,0.4891304347826087
5e74a1a933fa2bd0,0.6847826086956522
d7a5d7fe70223e90,0.4673913043478261
ba6a74da4febd619,0.16304347826086957
4b5d89b2a4ef99e0,0.2391304347826087
f5d11b61e34bab7b,0.7717391304347826
7b62937df72f401f,0.9021739130434783
524be083d6c6e662,0.6413043478260869
6e5d66f6e4c45b56,0.18478260869565216
97287e8e86445df8,0.6956521739130435
5bf73006e32fbe16,0.2608695652173913
403f786325f3f721,0.3804347826086957
6eb4349d45b6d277,0.021739130434782608
d579c3ae6d595376,0.5652173913043478
1ef5913489f9402d,0.6630434782608695
ee7bb4fe92774b7c,0.6086956521739131
4177b8ed3fe22860,0.7934782608695652
aca20e744b2263b0,0.42391304347826086
4496b0aea9c540b1,0.8260869565217391
440df6d4e909c48a,0.9130434782608695
ebc54d3b70f1650e,0.09782608695652174
6eec6b67d23e7d94,0.9347826086956522
4430f642509361e8,0.29347826086956524
576caeb3cf8bf53a,0.4782608695652174
dab5d3429733be05,0.1956521739130435
83f603d70fd49411,0.30434782608695654
e84df6d5005e53e5,0.8369565217391305
67b644d3b4ab2eea,0.45652173913043476
507873d1bcf130a6,0.05434782608695652
e85d5c18595a10b0,0.14130434782608695
2147e8798e6b34a4,0.7608695652173914
8a1eedf366545a93,0.10869565217391304
6d0bd4b914e96096,0.5217391304347826
7aa5fd6245945c20,0.15217391304347827
ba7deed153a2fa50,0.6521739130434783
2e27dfeccdc32a58,0.21739130434782608
3b0f4640e7a00810,0.358695652173913
375f9e2559d5dc89,0.8043478260869565
ac27e320b2e11cdf,0.043478260869565216
bd35b031e5cf8ec2,0.532608695652174
87b0fdbae6eab227,0.9565217391304348
65d6d91cf074d238,0.5869565217391305
3c3656bb3bb97145,0.5543478260869565
b4d22b8a7f2fc96d,0.8804347826086957
0ceaabb4197fa2e2,0.5
7017f7fba4f6f6ed,0.13043478260869565
55984b3ad8f61b98,0.5760869565217391
8429d7c837c4f6e1,0.03260869565217391
f6625b96d065a8c4,1.0
665a2b2b4412f87f,0.7391304347826086
6e8ae9aca4df71f3,0.9456521739130435
cee2094598089ac8,0.3695652173913043
4ae833c8f0dcee5a,0.2826086956521739
fbe48aae039f1ebb,0.07608695652173914
3c145f3ad4af6024,0.9239130434782609
e16126b82673f67d,0.9891304347826086
38a8a6457245d379,0.2717391304347826
ebecc5a354c6693f,0.8913043478260869
730d939e6a427fa2,0.9782608695652174
9142c09c85a6b02b,0.8152173913043478
0cd63722aa6f8c6d,0.08695652173913043
dad1e605c166f180,0.31521739130434784
756f6becfd3a3f56,0.6195652173913043
62c51fe4e44105a5,0.34782608695652173
ce8fc3df9e9dc078,0.8478260869565217
6d778086be2680af,0.22826086956521738
5a79769ff1c83873,0.717391304347826
25c5d51241bd5bc4,0.7282608695652174
b9d909d0957d2687,0.44565217391304346
67d29a643bb24c63,0.391304347826087
47a2d6003937d6ef,0.33695652173913043
f78d010a289eb9ee,0.75
6bf6218f74291729,0.967391304347826
e5880659dd5fbf73,0.25
11f6a2330d5b43cb,0.17391304347826086
f776c62f39411e00,0.5978260869565217
a26fc11d0e152592,0.13043478260869565
462525e7c9ce5632,0.782608695652174
b92210666d0e13b0,0.7717391304347826
be7e330ab1278917,0.2717391304347826
b00432563dace701,0.5869565217391305
451c3d34f3f7f856,0.4673913043478261
1ccb356c4030e9a3,0.25
bff00359491c20f4,0.5217391304347826
f591e6baf72e3f6a,0.5652173913043478
efe6f16688c3afb4,0.043478260869565216
ac46d5b14471bff3,0.532608695652174
f669b4563e447e96,0.5434782608695652
13fe94111d4f1aeb,0.9021739130434783
0b4a8042404be5e1,0.1956521739130435
040dac7741775714,0.7282608695652174
ff078ca388af03ff,0.6847826086956522
cc8cbb266b9c3f0f,0.11956521739130435
55d8d89b1a183226,0.5108695652173914
2274e7f2eb4703e0,0.2391304347826087
78205b34cd5eb263,0.06521739130434782
46f8f5a42d6c46af,0.03260869565217391
63c27e207ef1e786,0.4891304347826087
5494502d6b798356,0.8804347826086957
1d12ff907790c3f4,0.2608695652173913
7a084dc13ce36d47,0.29347826086956524
70477f0b80f79459,0.6413043478260869
4a84f106acd6a2c8,0.20652173913043478
7789a08e0a91a715,0.8695652173913043
838711b3184df14b,0.6521739130434783
e194f16abae459f3,0.16304347826086957
28427fdbeb2a6366,0.2826086956521739
92c4e20cee4a9fee,0.8369565217391305
d1a955711a24bcd3,0.15217391304347827
963bdaf7cd350e91,0.6956521739130435
7cdf53b4f4d359e4,0.6739130434782609
cc086008bebd72b1,0.9456521739130435
6381a3092467b80f,0.07608695652173914
c347d848dccb3ed1,0.43478260869565216
66230ce875ed235e,0.9565217391304348
a5ab8ed9eea9351b,0.4782608695652174
664f16b4c0837592,0.5760869565217391
dd9eae94e3579cba,0.7391304347826086
7efead5bfa679584,0.30434782608695654
932123a24348c273,0.17391304347826086
a79e31ceb99ae5ab,0.6195652173913043
e3846a3e93b6813f,0.09782608695652174
e943e1366ff6da1b,0.9130434782608695
6035ada9136261d4,0.6086956521739131
95db29e9f03f39a0,0.010869565217391304
60763d2a38b6c742,0.10869565217391304
4d592acf9ae2e390,0.42391304347826086
4a0eb686ce00c3c5,0.5
1ae8228250ba35f3,0.22826086956521738
6df5c7b3f8f63427,0.8478260869565217
9e182627861ee3e5,0.5543478260869565
f3c50b3f8a2df042,0.391304347826087
a380688317c97709,0.9782608695652174
e3d51363d7877cda,0.45652173913043476
6cb81d7c948b5645,0.967391304347826
661f4e6b8a26ec7e,0.41304347826086957
17e4fc98279c3c73,0.7934782608695652
f17552df44620740,0.7065217391304348
5f01a9e7221758b6,0.21739130434782608
528e3050115becf3,0.8260869565217391
76886fbc53439d01,0.33695652173913043
8a82f2dcc112a340,0.8586956521739131
f8fb545132d60b0e,0.8152173913043478
475f65187322808c,0.05434782608695652
e6275984c6053c26,0.9891304347826086
5ea632533a6d1a21,0.14130434782608695
f564a9ce2ff4cf59,0.717391304347826
80a870dc50025fb3,0.40217391304347827
f6fb7ae1371fe5fc,0.6630434782608695
db197cf27f1622bf,0.34782608695652173
0ee5ac1c6dc5df33,0.021739130434782608
1cc06615ff00a189,0.6304347826086957
81f939afaf1aec63,0.3695652173913043
54aae10789688d20,0.9239130434782609
9ce60b5be498263b,0.8913043478260869
7d07b351001bcb34,0.358695652173913
704e2e989a2fc7fc,0.32608695652173914
f83b294a4cff387d,1.0
7b96be27a41fe65d,0.9347826086956522
fcf7aadb95fa436c,0.44565217391304346
a2058e0bbd542efc,0.8043478260869565
44f4caa8883e8e17,0.7608695652173914
f33e374ff3bac593,0.31521739130434784
7769c1bba1565f65,0.18478260869565216
0e7e3ba845869ba4,0.08695652173913043
413d87f4dc0a6f91,0.5978260869565217
22a605aa144899b6,0.75
0535126c12afc9f3,0.3804347826086957
64288f3db1d5cbc2,0.021739130434782608
af4aa447528e34f1,0.07608695652173914
c26738c9a1c6ff96,0.2391304347826087
33178161c7f70265,0.40217391304347827
c9c86c656e8b3833,0.42391304347826086
562ba8d31e197369,0.18478260869565216
620ae87f1b5dabe6,0.45652173913043476
3edafb74da7c3b54,0.9782608695652174
e3a49c8d9be854e7,0.9891304347826086
dedd98a6676bd8f9,0.7282608695652174
750e444c35f54cf6,0.6521739130434783
09a5bd7a93f03274,0.9021739130434783
7644f3febc768f23,0.7934782608695652
a458e3dd7c459b08,0.043478260869565216
114519e84a37af1c,0.9130434782608695
7c05ab790bff3c6d,0.6739130434782609
5e75657bc9a86e72,0.5434782608695652
d93e82e12fea4b74,0.05434782608695652
b93648d36911fe41,0.21739130434782608
a4b53402b70f8ae9,0.11956521739130435
76a380d199b2a2c2,0.7391304347826086
958d969e60868a00,0.782608695652174
e95060181499d5d4,0.3695652173913043
a9a2029d3126e14e,0.30434782608695654
fbb07565aa512d65,0.532608695652174
0b9a8ae1aba1ee6c,0.34782608695652173
c3b80383d1ee445c,0.5108695652173914
37c5fded05a96e97,0.09782608695652174
30778a3a206be848,0.7065217391304348
90d93bc2f9d4fc03,0.6413043478260869
719f5fc69c5b5f3c,0.8152173913043478
5d04cf816f8a7a52,0.33695652173913043
87b1a4d3debe9844,0.1956521739130435
95082ea3c8a97324,0.7608695652173914
cb22e2fefd8b1497,0.03260869565217391
13475c6a791c41d4,0.6086956521739131
5095309b5ccfb87b,0.44565217391304346
3e912841476f9d43,0.06521739130434782
d01ad97c4976566b,0.5760869565217391
4f1f93a6f28deb94,0.4891304347826087
a5e3851763290458,0.5217391304347826
1e1425e88888d619,0.17391304347826086
6531693b2ada61bd,0.43478260869565216
af6132684f736b51,0.5543478260869565
aa967125413d89b4,0.358695652173913
4e031c4e22e5de57,0.4782608695652174
a954d47d4fcfeada,0.8478260869565217
b1e070717497b617,0.5652173913043478
923569e3cdd42e51,0.8586956521739131
2e80e752d79a3b19,0.2826086956521739
6e55018ede95f62d,0.29347826086956524
9370cd7e3ea9d54a,0.717391304347826
13777f9e709ea5bd,0.22826086956521738
77ffe8d7a9479444,0.13043478260869565
f7175e64c1eb8f1b,0.6630434782608695
c1e24b0c4a313be6,0.2608695652173913
2a623d65abbd322e,0.8804347826086957
1e45d2c44696856f,0.5869565217391305
f383071d495f2984,0.9565217391304348
ef407fe31ba59db2,0.5978260869565217
b3a2fe31cdee795f,0.6956521739130435
923157005c21b6b4,0.20652173913043478
35375f0a848f4a38,1.0
ff1c2a3a93eb0c12,0.7717391304347826
d45f9cb34c9f1d05,0.967391304347826
9455c7d59904bf8c,0.6847826086956522
50aa732fabff799d,0.2717391304347826
62b7d4e2c06f2a80,0.32608695652173914
82613e64eaac4f76,0.8695652173913043
d853cfc12a9081b3,0.391304347826087
0044db770783d997,0.10869565217391304
ba1c852f03cff71a,0.15217391304347827
cba124a3c62a540b,0.8260869565217391
c9af835859b707a9,0.9239130434782609
0df0cd5eb3918781,0.41304347826086957
64a86c8eaff0b4f9,0.6304347826086957
a953a33cbd70b63b,0.4673913043478261
861752c8e49b6938,0.25
63dfce02dcea0351,0.8369565217391305
816bbc6ecf7f6571,0.8043478260869565
2e3ac07e34cde4be,0.75
e7f88d79d90e4c05,0.010869565217391304
39e23cf2da7d5279,0.9456521739130435
ee931020cb0f028d,0.14130434782608695
fe43f76b071dbdd5,0.5
c9217158338e4e62,0.3804347826086957
5feec1e7750aeead,0.9347826086956522
11411f13835eec80,0.6195652173913043
bc6b1e09101b8c95,0.08695652173913043
67a145dcc3e21d3e,0.16304347826086957
cb5fd73cd10d62ee,0.31521739130434784
831aee4f16cb1558,0.8913043478260869
25127b2ec836a924,0.29347826086956524
e40dc15fd0c23f14,0.1956521739130435
33310fce0e7f4fc1,0.6304347826086957
40797f00611f8951,0.31521739130434784
6f9d8b9cbbd174df,0.44565217391304346
0bb1d47810cf716c,0.3695652173913043
ed9b5cff09c97c8a,0.2608695652173913
36244d759768d159,0.021739130434782608
78d95e4e42ba46fd,0.5543478260869565
8ea0e554d75da021,0.42391304347826086
1bbd54a30997c901,0.13043478260869565
620dddfbeb3b6841,0.33695652173913043
1b730d30d5aec93f,0.34782608695652173
c02ec7380f9b681f,0.05434782608695652
1f8f88cd8def7346,0.6739130434782609
f2b87deeab18b30e,0.7717391304347826
87ae0d7d617daae1,0.15217391304347827
53127658fc6a10c8,0.7391304347826086
3dc2a4ada30378ac,0.391304347826087
8dc77e370adffd9a,0.358695652173913
e4243f46abe6159b,0.8586956521739131
14d24a6904d43b4c,0.18478260869565216
b14d477d5fecb25a,0.8804347826086957
d5d8a661afe75fab,0.9891304347826086
f031e391544a0977,0.9782608695652174
beba4c418c65778e,0.4673913043478261
5fd4cc551367ed38,0.8152173913043478
48ceea9c93576c5c,0.8478260869565217
83104b1498a42d28,0.16304347826086957
676a442f7686ec42,0.6630434782608695
2cae83095ab50813,0.5217391304347826
27171453fdfc6abf,0.7608695652173914
6e2dcbf47a5c9a0a,0.043478260869565216
8df67a454f7e080b,0.2391304347826087
7841ce38c85284ae,0.9130434782608695
dfded5ecf1c78edc,0.45652173913043476
551f40870283dc26,0.09782608695652174
a5ec2c75d11c8483,0.5108695652173914
495bd9ebaa909057,0.5652173913043478
c1446602cd69feeb,0.40217391304347827
23ecf6114b809ad8,0.967391304347826
2fc29aeb2e759b76,0.17391304347826086
2ce4be7b7a7ac8e3,0.4891304347826087
77a0ca4b8fb99050,0.75
38cc3a58a3ed7d8a,0.4782608695652174
d4052cbfefa60d56,0.43478260869565216
6a88ed45caf2df95,0.9456521739130435
1ed166115face766,0.2826086956521739
43e27eaf6a1e7733,0.9347826086956522
3e5163dd67747a6d,0.532608695652174
f0d7116973d1b31c,0.9021739130434783
ed345bf525881523,0.41304347826086957
882be25f5d426180,0.10869565217391304
6e30a007fb527e00,0.2717391304347826
e20c0b60fd116ada,0.5
803e032d520ca328,0.6847826086956522
28fc9abb13b0c42d,0.32608695652173914
e2f7431f662487ab,0.5760869565217391
faf034ec1733edfc,0.5869565217391305
2d716cf8582c2097,0.010869565217391304
9855d2b06b49427e,0.7065217391304348
7aaeda7d4d52d0e8,0.08695652173913043
b3c3af81cbc48155,0.8695652173913043
651dfaa8abce2293,0.8913043478260869
57418edac6e219ab,0.8043478260869565
a106aa41c530e9d9,0.8369565217391305
b52b283b28ea4db5,0.9239130434782609
941df6f416929f0d,0.21739130434782608
f6e17e42b331ff75,0.6413043478260869
6fa76e8cfc1f45b8,0.25
0d0a7da66ea0f8df,0.30434782608695654
e6dce8ae9e467833,0.8260869565217391
72fca8835e146235,0.03260869565217391
05c5469e6db59368,0.6521739130434783
b44c282d406633b5,0.20652173913043478
0510a4f87b7dcfda,0.11956521739130435
58e149d9289d3180,0.7282608695652174
f1e5e1636b60be42,1.0
8d902ffd3eb3484b,0.5978260869565217
92ec6393fc5b216d,0.06521739130434782
06c777b914c35915,0.07608695652173914
1033ac954bcb9d42,0.14130434782608695
dd503e459b0d0410,0.3804347826086957
610be2fbc4534144,0.7934782608695652
9659ac8e290ae7d7,0.5434782608695652
2f12112c9f5804de,0.6956521739130435
f5f0588b3c8e6656,0.782608695652174
068f4b686b3fb46b,0.22826086956521738
6797f1f3c47472c8,0.6195652173913043
a2406992ea980bd0,0.717391304347826
4a4d0b6955108c1b,0.9565217391304348
578f19a45bb45712,0.6086956521739131
1020d608c1e277e7,0.14130434782608695
c3e19e2b2feafb82,0.9891304347826086
e9a39276f7890a52,0.4891304347826087
215abbd4d8ad78d7,0.8478260869565217
62db35d38ca891a7,0.5543478260869565
e8bed95b9e51dd62,0.5108695652173914
a4b2966d99d145df,0.34782608695652173
2eb8100251c18ba5,0.8152173913043478
9be82121d0ba4079,0.021739130434782608
a224ae259c45f00b,0.6630434782608695
1489f1db46d3537f,0.532608695652174
2145e1c582dd7d48,0.31521739130434784
dda55d1c7a62c5af,0.8695652173913043
73298ea2d9e63e1a,0.5217391304347826
598d900cbfece881,0.5434782608695652
9143ac090437f200,0.11956521739130435
0c02412c45660198,0.8913043478260869
ceace9efaa3c0bd4,0.8804347826086957
1144b97cf341013c,0.17391304347826086
eeff7bd23b691d3e,0.3804347826086957
81b9b64b99cfd877,0.4782608695652174
b16e96a805d9027b,0.7282608695652174
fffef28001a56662,0.07608695652173914
92f938e92e820bd6,0.7717391304347826
086e044363d6c351,0.9456521739130435
97300403871258ba,0.5978260869565217
d48d4d2eb9767679,0.6413043478260869
77169554b2410d33,0.010869565217391304
eb75fce49d337baa,0.22826086956521738
ab0c8f943512c3d2,0.5652173913043478
260f5ce2cd59ae61,0.05434782608695652
cb7d9abdf3814325,0.25
2c7ff68ec6c51fe6,0.9130434782608695
abafc7558338693d,0.391304347826087
55bbd59aee4f71c0,0.7065217391304348
52fddc693d4604c7,0.8260869565217391
731cfc118709ea40,0.6195652173913043
41f0dcc7a019a17c,0.5
59ce3fe9fa551acd,0.03260869565217391
9f39c8afe9bb9028,0.043478260869565216
002589758978becf,0.9782608695652174
4e896495a1de4494,0.358695652173913
fef495f2bc7f5f22,0.9565217391304348
4078e46bd7dc1813,0.8369565217391305
ec0a9bc7724e2c37,0.13043478260869565
8579be61ac8c99ae,0.2391304347826087
1c9d19423db1759c,0.09782608695652174
d9218dbe271a5e2b,0.06521739130434782
26cc6cefc2f19434,0.30434782608695654
2ae17dadcbd30d5f,0.43478260869565216
ad073ac875d1c95b,0.2826086956521739
6571708c396dae2e,0.2717391304347826
7f82ce5a36cd4435,0.967391304347826
b03109b9914a5b41,0.6086956521739131
8a99e264abdee523,0.42391304347826086
a327af118c2903ee,0.4673913043478261
41f6df483f6b61cc,0.6847826086956522
18e1bd608f97e79b,0.08695652173913043
93706d2846294d88,0.18478260869565216
ca18f7c7a4354f1c,0.782608695652174
56e8c093b2857f9c,0.6739130434782609
067fe1095e47c83b,0.7934782608695652
b7760ddaf608aecf,0.717391304347826
332b8bda5b0095be,0.9347826086956522
ca3937a2855c8ba6,0.6304347826086957
ea3662e622d67548,0.75
0d18f52df13567cd,0.7391304347826086
cce21304ebf8e784,0.32608695652173914
aa3c94928adca940,0.7608695652173914
bb80e7fdeb8fb5f0,0.21739130434782608
e4c1d52711a237cc,0.44565217391304346
89f5d314b1dfbf38,0.45652173913043476
1924931b9a136ecc,0.5869565217391305
3edd9e73e15316d4,0.10869565217391304
c5b5ecd8f735a022,0.8586956521739131
f5f870d886e8e39f,0.33695652173913043
6f287653796de2c1,0.3695652173913043
741c76477740045a,0.20652173913043478
56225fd8c7446594,0.1956521739130435
b92086e2594828a8,0.2608695652173913
35d58ee95726b6a8,0.16304347826086957
aa385dc81917a735,0.6521739130434783
4ea4c076c73c2969,0.9239130434782609
0f1833f1767b5eb6,0.40217391304347827
f89904b73ab37ab8,0.29347826086956524
3b89625b84be9608,1.0
01c3f9f7309f2218,0.8043478260869565
f4ded90a0999ab1b,0.15217391304347827
f80a6111d3593cda,0.6956521739130435
5717dbabe9dce0bd,0.41304347826086957
322c4c687552917e,0.9021739130434783
2dc0365886aafa44,0.5760869565217391
679ebb21ea0965e6,0.6521739130434783
3e692d4881fb5520,0.3804347826086957
b64e871fe714f619,0.2826086956521739
27166bafb0e26edc,0.7065217391304348
313188a7337714f5,0.9891304347826086
541dffecb7ce9ce0,0.29347826086956524
267280c99316d7c7,0.22826086956521738
15c10b39b877d671,0.43478260869565216
ded1a5669065a738,0.05434782608695652
fce35e8b93468a17,0.41304347826086957
b1d70dc05b655527,0.6739130434782609
dbcd6ced3cd7336f,0.14130434782608695
2bd3b7bdb744be6e,0.44565217391304346
847e402f2c571db3,0.06521739130434782
45c513c7cb78e106,0.967391304347826
7f9c79097a57b225,0.2717391304347826
655b564b0bf83d27,0.5217391304347826
dbf858227db2ddea,0.9782608695652174
978edcabc56bd2c8,0.2608695652173913
a2ace9c29a23591b,0.8043478260869565
a17c584e92a36670,0.4782608695652174
e770cdb3b8d471e3,0.32608695652173914
a1751f368ab8b616,0.9130434782608695
f555ec7274007a66,0.34782608695652173
5023cb79ace80c01,0.5
c5058c4ddf5d84e1,0.5543478260869565
36f17dd4fbbfe6a2,0.9239130434782609
07ae9f3aec1a43d2,0.07608695652173914
e10bad146613b87a,0.9021739130434783
38b55d29ef7e4a59,0.6630434782608695
8e2be00050064526,0.8586956521739131
b3803c02d7c8c1aa,0.358695652173913
f7f3b7c89e29cd84,0.10869565217391304
17a6114e93f61828,0.7391304347826086
e648ed527d95b23a,0.9347826086956522
f82ebb9d29d970aa,0.03260869565217391
a135968119fb6c45,0.5869565217391305
75203cb209186484,0.532608695652174
b26e0f17efeb5cd1,0.8913043478260869
3826c7ac2e5c8011,0.11956521739130435
88c9ff4b2c9a12c2,0.7608695652173914
760be29b54cbabf1,0.45652173913043476
b634e7b8493d94a3,0.25
0398ffccb4feb181,0.043478260869565216
0e19382b43d7e9e8,0.17391304347826086
84021b8dd11323d0,0.010869565217391304
84b46235fc243a20,0.5978260869565217
c2c959d1dc81e5d4,0.6304347826086957
c5ac748b31b7d3aa,0.15217391304347827
5944a90593bfdba6,1.0
7376cf662a03eb0b,0.4891304347826087
a7f5937040fe80a1,0.8152173913043478
2236c9e302598e6a,0.5108695652173914
2818c10f59239f51,0.33695652173913043
f41fd7d756dd1ae8,0.6195652173913043
1897dab7070dcbd7,0.717391304347826
094bf930e646ec76,0.20652173913043478
95a936c2500cf9ec,0.40217391304347827
c3716d1958d6bce7,0.782608695652174
110c44de57aabfec,0.7717391304347826
348cd7e2a3611f3f,0.4673913043478261
e0fb379c395b0180,0.8478260869565217
e3ac48179141ce27,0.9565217391304348
14acf8d72103942c,0.3695652173913043
2cdb6a518d5fc68e,0.6847826086956522
7e796fd819e362ab,0.09782608695652174
e7f2ed32f98952fc,0.8369565217391305
fa467a4740e5d543,0.31521739130434784
0d3928c4e32ca341,0.2391304347826087
784ad6bf2acb8ec9,0.5434782608695652
8823abd6ae1160a3,0.9456521739130435
6a6328eba69161bb,0.6086956521739131
2dfe2f07d7a81155,0.7934782608695652
3beaf8876cae8c27,0.6956521739130435
65c9357953e08ff5,0.08695652173913043
8d39d7bb920225e3,0.8260869565217391
83a7e3b188364d65,0.6413043478260869
0e4fea598f6b369d,0.5652173913043478
bafe43847066ce85,0.18478260869565216
d9d283b96ba4ebcc,0.5760869565217391
3dab86bb641a4798,0.30434782608695654
dd7a4f9d55ac3a18,0.16304347826086957
6359abf075207910,0.021739130434782608
09a966b7cc0d1c2a,0.1956521739130435
ce6b6521868fcd64,0.13043478260869565
31a7bff553b0877e,0.7282608695652174
de5ad54c896f23be,0.21739130434782608
7c565445541939fb,0.42391304347826086
c3839ce0273f8e9b,0.8695652173913043
b4d2136e995dd643,0.8804347826086957
eaace29ca26764e5,0.75
afe4654c9f982257,0.391304347826087
b3d23421d2e1b214,0.5108695652173914
9a0ec62f27fde1f6,0.20652173913043478
2b2fe5fc84e4c610,0.17391304347826086
f15d1ea1c5c09123,0.9130434782608695
8074161411a9a489,0.34782608695652173
c56f37600673e62e,0.07608695652173914
87d5e35be3fd88f9,0.717391304347826
b94e8900f2a32383,0.25
daba3192bba75493,0.8260869565217391
6991798d647891ad,0.6195652173913043
128a9cbba45c629d,0.021739130434782608
66652d937b29bc0d,0.75
8c03c9aab010d81f,0.10869565217391304
b07fcb90ddb1935e,0.5434782608695652
0114dea2f791ae59,0.05434782608695652
aa1e85e4ba03525b,0.13043478260869565
3044124f6d866ec7,0.6086956521739131
5fbd4b9511c909d7,0.6847826086956522
b9aa6c6180550952,0.3695652173913043
5f2a599631c8cb9a,0.6413043478260869
0d1aa92355a84b36,0.15217391304347827
bf3e6892a858b4e4,0.6630434782608695
bbf7bc1acece4727,0.8913043478260869
77780f9e7e278883,0.06521739130434782
8b453c871fe843a2,0.6739130434782609
66a33919c780ae61,0.4673913043478261
4a6f68cc3d0ef267,0.358695652173913
35b05c3e2a98d0e4,0.7065217391304348
945afd11640438b8,0.8478260869565217
3c372ff4fe17ed14,0.3804347826086957
1e4d54045dfaf1c9,0.7717391304347826
e4f339b1ed3c17e8,0.967391304347826
a26d8c1c6a3edda9,0.4891304347826087
360e39aa5f34689d,0.043478260869565216
ea4a724d30a1a7e7,0.8043478260869565
87a1d4047f2d1da7,0.7608695652173914
59c32e15a09ab0e8,0.8695652173913043
c575cd130822b097,0.42391304347826086
08e21a1ba562aa10,0.1956521739130435
987820eec85da7be,0.29347826086956524
bed7d598c02baefc,0.8804347826086957
0b4ef939cf5f11b4,0.09782608695652174
a9e19764d280d655,0.391304347826087
5e1a4a2c84a828a5,0.43478260869565216
3c763af557e2c741,0.30434782608695654
45141d1bfe6d434e,0.7934782608695652
7046cf8a391c70b3,0.9239130434782609
f4818472669e04ec,0.44565217391304346
a4414a7839cdcdca,0.5978260869565217
0d7fc6524b883dc9,0.4782608695652174
cd0cc9a8efd522cf,0.9021739130434783
b07e0e5bdf8560f9,0.7391304347826086
61282ce266389cc0,0.5543478260869565
2fdd58aec6e672b2,0.2391304347826087
7a38ffb7a606ac06,0.9891304347826086
d9166c18c7bdf5fe,0.40217391304347827
234772dfe93b148c,0.6304347826086957
e4c9575d4491f185,0.010869565217391304
b6777e9a41de3f69,0.9347826086956522
23694fcfef3643be,0.18478260869565216
fffe72dffe6a1c82,0.8369565217391305
a363502f0cdb8eca,0.41304347826086957
891f9ad471d1e6b7,0.21739130434782608
88106d7791770fe9,0.45652173913043476
6d6f7ca49122201b,0.5
0be5e39684939fa4,0.2717391304347826
b19794f4f468dbc4,0.5760869565217391
2a6be80087797866,0.03260869565217391
2b980f4b7e2b40ce,0.8152173913043478
0fc76305b42401ab,0.9782608695652174
0b8327c6950469e9,0.2608695652173913
77f6b43e9deac01d,0.5869565217391305
b3f83117d6208921,0.6956521739130435
705c841ab1a9c2d5,0.33695652173913043
2983893e8935ec7f,0.9565217391304348
f578b5abc28e91f4,0.31521739130434784
876023190fd24dfc,0.5217391304347826
185745b33827c56c,0.32608695652173914
bef05c7e0a69d9b1,0.11956521739130435
0a6e2af9496a7d9e,0.9456521739130435
1312556aa98c55db,0.14130434782608695
077454c9e6138671,0.16304347826086957
3fe3330fe018baf8,0.2826086956521739
f844a9ebc7f82d5c,1.0
a41eb96eb592e7a3,0.532608695652174
901ee83bfea83d73,0.22826086956521738
71b0cf7467ea42f2,0.08695652173913043
00fd20bddc52cf4b,0.8586956521739131
c189b47a72a1bc7d,0.5652173913043478
a71800e5308ef4f0,0.6521739130434783
deb68ad0eb06950a,0.782608695652174
c617acd8ed4034f9,0.7282608695652174
4e4feecfbdc48f4e,0.5108695652173914
618759e4126af213,0.21739130434782608
b4d19de4c83b79f1,0.25
4a1a1f5e4a69652c,0.3695652173913043
7050b4aa18cb98c0,0.9347826086956522
48e5d518f89a9c12,0.9021739130434783
33afcff9045f0a90,0.41304347826086957
e2ee9d36f22b8f32,0.2608695652173913
23b3fe40af10a46c,0.8369565217391305
f5c1422be5491182,0.29347826086956524
ae8adb871ba16f83,0.3804347826086957
851c395c7c36d06b,0.20652173913043478
ec25a0cc5164a7be,0.8260869565217391
ed415ddf23cd0b94,0.03260869565217391
0eca6d9a49559ca5,0.13043478260869565
b810280ac912211a,0.8152173913043478
f51e444d9f113555,0.11956521739130435
8d7728f1c64e6437,0.7608695652173914
2025eb76fa05b07c,0.021739130434782608
d1b78b3d4029c979,0.2826086956521739
14bbb25fb190b379,0.7065217391304348
dbb78809b259b0fd,0.9130434782608695
fc553ecff0c08b29,0.6630434782608695
dc755b51b2c840a9,0.8804347826086957
283bb2cf3460a9e4,0.010869565217391304
02dfb3e026af0507,0.15217391304347827
7e9ad29b88e41992,0.8586956521739131
add8d72ee1e836c4,0.45652173913043476
91d31e37b078300b,0.8478260869565217
b9e17b76bbe6bc00,0.08695652173913043
df710c142779b6f6,0.40217391304347827
a7fd30d750bd598f,0.2717391304347826
d1b5e0cb2028b02a,0.9782608695652174
8c2fa7bfe1f5ded0,0.782608695652174
743c02d258c5ece1,0.2391304347826087
c91bae038e587216,0.7934782608695652
fe724332ee4a4bbf,0.42391304347826086
7e2f40a902fd1f13,0.5434782608695652
ee240037f821630e,0.4673913043478261
10b731f91a30ce91,0.44565217391304346
091a57bf409041f8,0.09782608695652174
5dc4adb9b2b1b506,0.358695652173913
85b9e9cbb13efad3,0.6956521739130435
f66a74a1e86cd9f7,0.6195652173913043
39eda7606ee2bbc4,0.8913043478260869
410853962e86f12f,0.7391304347826086
1e96ee4869227178,0.5543478260869565
924cf4a8c9487e6a,0.5760869565217391
6b3be41af1d5655f,0.43478260869565216
9e45a0ee4af05fe4,0.6304347826086957
df630f8fd6a917af,0.9891304347826086
5da1f83a0a024d71,0.14130434782608695
2dee2c4c7727fffb,0.5978260869565217
c8433e1325089846,0.05434782608695652
41618756e95e5397,0.5869565217391305
e654ccb2108854fd,0.9239130434782609
dda6042f91b806de,0.6847826086956522
3bddb2635c1e93e1,0.5652173913043478
d112240b7df1db69,0.1956521739130435
855f92191b6ed001,0.6413043478260869
cc9a85fe1500f412,0.7717391304347826
815f4f91d3b75401,0.967391304347826
5dfe5da5317d8fbd,0.4891304347826087
5af089cbef2c6e0f,0.18478260869565216
2bd3ec8bb4ee5b91,0.8043478260869565
2097dde7fd1bbac7,0.5217391304347826
59f33aea244a35c8,0.9456521739130435
eb298fe26936f3bb,0.17391304347826086
838d141078f3ced7,0.30434782608695654
d1fab453db6baadb,0.34782608695652173
23166a7b01fe8d7e,0.4782608695652174
5f5ff4e7c8bf4fbc,0.16304347826086957
b66a73c94bd3d648,0.043478260869565216
988f08c9d6218dfd,0.7282608695652174
f729a693e525df38,0.22826086956521738
5d2a45cd8b6488b8,0.8695652173913043
0d6308b734b049eb,0.10869565217391304
6025103baa4b9018,0.6739130434782609
7bd2b36aa1816ec8,0.33695652173913043
9db8f1974523ff4a,0.717391304347826
ab1504496d49ee13,0.32608695652173914
0e92f626e7b3b746,0.6521739130434783
0d93ddf0310074e6,0.9565217391304348
b11dc77e95758df5,1.0
2721b529ef8b5486,0.06521739130434782
98b3533d6e3b7730,0.75
9edd5f258efcc57f,0.31521739130434784
faf9875470d73b68,0.6086956521739131
bac1b45c1009f823,0.5
cc191e67f205b1d0,0.532608695652174
b2bd87efa2c2e7c1,0.07608695652173914
740757900ead01c6,0.391304347826087
5071c7d62ef30935,0.5869565217391305
b37522cd5e4fabd7,0.8369565217391305
4fb6cf8a199fad16,0.358695652173913
00822ac5c8aa8564,0.45652173913043476
8ecdd544c979ccfd,0.6521739130434783
19c3f95e9cfaf047,0.08695652173913043
1e207e586f4b9a38,0.6956521739130435
89f29a633be8abc2,0.15217391304347827
9c6edf19b2f37725,0.8804347826086957
a9d0e268f1843672,0.8913043478260869
8c3304f716b4b105,0.8043478260869565
4848d37fc9a0ad20,0.6413043478260869
ece14ae40d648189,0.14130434782608695
8d160aeb80177a76,0.9891304347826086
36b281917e00b23c,0.33695652173913043
95cd38141f56514a,0.7282608695652174
5c7f8fb5c1a40798,0.391304347826087
d38a1a973db56031,0.021739130434782608
eb548554f4893490,0.2826086956521739
1037aff1014df453,0.20652173913043478
370af6fd4bb512ae,0.40217391304347827
209066e35087049b,0.21739130434782608
718b8507ba6277d7,0.05434782608695652
8b03e6de73ed3b2c,0.29347826086956524
5beaeab4adac1824,0.8478260869565217
501476a01161485e,0.9456521739130435
6efa19ab054a65ff,0.5978260869565217
ce80e7f9915bb1f1,0.09782608695652174
d263f972389384ad,0.7717391304347826
81a76750de5d6a84,0.2717391304347826
e0c7947c39d16c3a,0.5
f96c1ddc6d65a9f5,0.41304347826086957
e634b22c186d1fed,0.6739130434782609
ff156b2a6d7a7110,0.2391304347826087
e5c81fcc32b44dde,0.5108695652173914
cd66e7b7e9412b90,0.532608695652174
51c6b8670916708c,0.967391304347826
5e0b924cccd9e8b6,0.6847826086956522
cd2329e25bd66885,0.4673913043478261
77b07cb384e5dc88,0.9347826086956522
3218f02890694ef9,0.13043478260869565
c2b95c194fb50195,0.8152173913043478
d5c690fd339ea333,0.717391304347826
09a6b4e806ab4a31,0.22826086956521738
8509ff445315f0e7,0.9130434782608695
815cf1c2ee987dd7,0.3804347826086957
a9a2bfbcd5d11474,0.31521739130434784
a0ba3f927a30faf1,0.6304347826086957
810a4020773b5139,0.42391304347826086
b9c4d42f904bc25f,0.7391304347826086
c46346f094d85d86,0.32608695652173914
2e4d3c34f7177ddc,0.3695652173913043
c7202f4c7c889d0b,0.7608695652173914
67cdbecec963c349,0.782608695652174
faf96513a1de5c2a,0.4782608695652174
7ee8d6a0306c7883,0.18478260869565216
1cc080337f350180,0.5760869565217391
8e0dd812c3657789,1.0
4917cbfb736eee55,0.7065217391304348
9fb9b189567b4a01,0.11956521739130435
d0dd2ae298bab8ca,0.5543478260869565
38347cbe6e875cfb,0.5434782608695652
6183619f2d7992e5,0.06521739130434782
0494315a05e76b6d,0.16304347826086957
f1b81de1fd561af2,0.9565217391304348
5b0181745091e101,0.17391304347826086
f6becc745129e264,0.043478260869565216
cab616ed20f7f16e,0.9239130434782609
7ce063ddd523c637,0.25
88c30d7a93b4c734,0.2608695652173913
cda02514fe3bf649,0.30434782608695654
e612b07d73183d10,0.34782608695652173
931c345f52c67dff,0.44565217391304346
69da80e3794b4f7c,0.6086956521739131
c82842acf7125365,0.6195652173913043
42ac71566e1a9554,0.010869565217391304
1c5d55171b6cb451,0.43478260869565216
328963bfd9a388d3,0.9021739130434783
2138c70d16f792b1,0.8260869565217391
2b3d947a82f466bb,0.07608695652173914
2c45b1c66764486c,0.9782608695652174
a1fbee71d1460590,0.6630434782608695
b01604580f661601,0.75
a027bdd3f368aa12,0.8586956521739131
01ae94aab2fa9da5,0.5652173913043478
7c2fc389e5461c66,0.8695652173913043
824aef545879a803,0.5217391304347826
a5d1a894cd3edf9b,0.7934782608695652
35dace7f99bf02be,0.4891304347826087
9585430ff524d78a,0.03260869565217391
1e113cbb85cb9ead,0.10869565217391304
3f4dc7e44b8fe511,0.1956521739130435
facd0f62c4111634,0.5
ec8fcf7fc9b60103,0.17391304347826086
0af341f2de36c9d9,0.2391304347826087
e8c819454ce472be,0.14130434782608695
591d65f7015d447d,0.8695652173913043
fcd35340ea194215,0.4782608695652174
144d839c53b4e6c2,0.5760869565217391
668e14648a880ea9,0.10869565217391304
817f395a3a15c6f4,0.03260869565217391
ec1d4d3e478a91e2,0.21739130434782608
8cc01759fc8fe515,0.16304347826086957
c93abb7d871c6647,0.6630434782608695
47bc0985fd9c40ee,0.9782608695652174
b1065306ef6e2250,0.07608695652173914
df6847a460977caf,0.532608695652174
1ba2c4d78f9e1f3c,0.021739130434782608
a4619afbe9f1bfe7,0.8804347826086957
4da3bce95464f0e9,0.29347826086956524
279378a14663c90e,0.043478260869565216
5cba3f0783754bb1,0.8913043478260869
6f3208298ada74bb,0.18478260869565216
9c0e437f8f1d593f,0.1956521739130435
561fceaffc1d3401,0.42391304347826086
0565dcece67fa3d7,0.5217391304347826
2651462a63d8d57d,0.2608695652173913
68076442512e1d0d,0.5434782608695652
a1b881c7edb84d12,0.3804347826086957
6586777e2c572478,0.5978260869565217
9cdb53569f5b78e2,0.9456521739130435
b0dac1cad4a0e6be,0.9130434782608695
8cfad0d7f00c8eca,0.8369565217391305
90badadfd9cdb49a,0.9347826086956522
d9c31cd9b7ab3016,0.717391304347826
5ea8751b7c7f1d7c,0.15217391304347827
9454e4c0ee3c393d,0.2826086956521739
ac2ae5cc98f8c79a,0.2717391304347826
c1b902f17e7edba3,0.7065217391304348
a059679e655f0672,0.6739130434782609
9aa03ea2b21dac30,0.34782608695652173
f72c60357bce7d33,0.6304347826086957
5d2334b76c1d0178,0.4891304347826087
770cb32bc35850f1,0.967391304347826
bb9b5f384034a4fb,0.9891304347826086
10e922f19310f207,0.8260869565217391
a32685ae0cb1617d,0.7934782608695652
ed0774d02841a9bb,0.8478260869565217
1e20c57bf0b6fce0,0.43478260869565216
e448a5633cef7c9e,0.32608695652173914
15bebf1b11f54553,0.11956521739130435
d530feac6c0fd7f1,0.782608695652174
fa086e5fd4a2b688,0.9565217391304348
3ae3dfe68770044c,0.20652173913043478
d482529e2baa666e,0.7717391304347826
146211c60661411a,0.41304347826086957
5a76a9d5f67cdb8b,0.8152173913043478
61fcc698e72efcc8,0.7391304347826086
03c6bf1ffeb28a3f,0.358695652173913
5221e7d8d437dea0,0.75
c86cece705b8f470,0.31521739130434784
d893a373933dcf53,0.08695652173913043
0900a0873adc882c,0.5108695652173914
f36445ac60d07877,0.6847826086956522
ea041206ef305713,0.30434782608695654
2b952dfbd136123d,0.6086956521739131
1e7fe5a9d0d4a532,0.40217391304347827
2e5baa972210e4b6,0.6956521739130435
55f4f6fdaa3d0661,0.44565217391304346
7249fc181113058e,0.7608695652173914
ba957c4aa43f91a8,0.6521739130434783
aff45f3c7d113ccd,0.391304347826087
a934aa3ce860f0ae,0.09782608695652174
e4426b00621efe03,0.7282608695652174
5ec7da6059ea609b,0.9239130434782609
8f77bd7824a52003,0.45652173913043476
d7f135e406b9440a,0.010869565217391304
f36efdc98c4f345c,0.05434782608695652
a28f942e4fc54f78,0.13043478260869565
5f06a9d00b6a26f4,0.5543478260869565
193003561ab67688,0.8043478260869565
7a184463da56facb,0.33695652173913043
e117dffb75541557,0.6195652173913043
fa348b7f59d0fc1c,0.6413043478260869
5b8fdf88ac0cd3ec,0.4673913043478261
3ca27e726048344c,0.8586956521739131
1f500109eb606b1c,0.5869565217391305
f5d6cf425b9c6b8a,1.0
90d59d7d56d5a784,0.3695652173913043
5b0b660b50187728,0.06521739130434782
e561ecf84e467764,0.22826086956521738
f9cca3e3c0b52e76,0.25
2b19908e294564ff,0.5652173913043478
4eb12cfb65a18254,0.9021739130434783
17778db6945caf55,0.6739130434782609
96a61ec8c85ac16f,0.31521739130434784
45a54a57a31e9764,0.6086956521739131
dbc6d72bcdfb7bbf,0.8260869565217391
030538179079046f,0.2608695652173913
6d0068729c54657b,0.2717391304347826
b574d72abc80b75b,0.14130434782608695
da53505411e95889,0.9239130434782609
b47fafcc3988ccdb,0.05434782608695652
94433077e323510c,0.40217391304347827
656cc62001cb36db,0.2391304347826087
d6abe887b969548b,0.15217391304347827
ca6105d06c578a54,0.11956521739130435
872886da43e6112d,0.8695652173913043
db3b55db0e4a0c5b,0.5217391304347826
15057c2d3edb291e,0.7282608695652174
2bfc74d45b88f162,0.9021739130434783
30d01402090f7e09,0.9782608695652174
b8d00cda6282352e,0.5434782608695652
dc194f7794add80a,0.44565217391304346
db0c3c53ba5cbc37,0.42391304347826086
1c090d1ef262d521,0.7934782608695652
af7d713f38a9fcc4,0.32608695652173914
a5b6517a351dc5c6,0.8043478260869565
299d081fcb9331c4,0.717391304347826
b3ff3a3c6bcc02d9,0.18478260869565216
0de33f18e80e7400,0.3695652173913043
8f890cc2cd0381a8,0.6847826086956522
09d887b7bb1bd9a9,0.7717391304347826
8ad7a6667ee1da9f,0.6413043478260869
724b1ba50b4fa5b1,0.358695652173913
5695337a874c8c75,0.6195652173913043
538690c2727ae47a,0.21739130434782608
6c6dd15745a7855e,0.06521739130434782
62ed8635577dce3c,0.6630434782608695
c93123107d84c992,0.7391304347826086
9b256077ce6eb1ac,0.22826086956521738
a7c5b9a12102aef2,0.9347826086956522
a0a61288b93a320a,0.8804347826086957
1466993ea0334e1b,0.33695652173913043
de92d5fe6d2d3e7f,0.9891304347826086
17cd85c7644ac1e5,0.532608695652174
8a739df0d378f0aa,0.75
f07ca6bf85c2239d,0.5760869565217391
b090e80faba23901,0.5978260869565217
b6261cb096dd73a6,0.8478260869565217
da1a5f1b502dbb6b,0.6521739130434783
d9d2f1ca0f1a5fb4,0.9456521739130435
d422c2913f61d312,0.021739130434782608
64468ae1289b9810,0.043478260869565216
71012a766c25f040,0.4782608695652174
b125d8dcf9186972,0.6956521739130435
fcfc0bf319ef1b55,0.29347826086956524
2169d91bad3a59fd,0.5543478260869565
b9374019926f8b27,0.3804347826086957
181b847aa92cd1b5,0.9130434782608695
48445aa96f4dcd7b,0.391304347826087
4cb769397e891b81,0.09782608695652174
ec66bd78373d7fec,0.7608695652173914
e46bd725fe3f19aa,0.41304347826086957
39926df9099d1e38,0.08695652173913043
64aa3ebcf73f57ad,0.30434782608695654
19d22eefb5528459,0.5
b4d7a785ddb57a3f,0.6304347826086957
8a7a9e8ef0723c96,0.8152173913043478
3a1247f6bcee8d5e,0.10869565217391304
494781d2509f79fe,0.16304347826086957
c2dc5ab1444d4fa4,0.5108695652173914
97215bc197c14e76,0.4673913043478261
fc58fade8156dcc3,0.45652173913043476
57d67da4422265ab,0.9565217391304348
06952f4d3b9535a9,0.010869565217391304
75c524f432334aea,0.2826086956521739
faa4824b9d5bda64,0.782608695652174
6197874c4278c663,0.25
76a15fd913918d29,0.5869565217391305
af39ea58eac0893d,0.8369565217391305
984cff5ba7b65a1d,0.07608695652173914
867d4628ee070913,0.7065217391304348
0ccb750ee3eee2f1,0.8586956521739131
fd0b307c82fa01f5,0.17391304347826086
b58731802e88ee86,0.03260869565217391
3c14e0a084e0fbcb,0.8913043478260869
50c4da7ca68f2181,0.34782608695652173
042079d5dfed8022,0.5652173913043478
f5abe2af1ba5bc2f,0.4891304347826087
feabaf05b9c6eb4d,0.967391304347826
2e774a16554ace78,1.0
2abfdc4992862721,0.20652173913043478
caa1663862492387,0.43478260869565216
50e2c70be05b3ed3,0.1956521739130435
8b4205a5e42dc97c,0.13043478260869565
0547a94688f68d3b,0.8260869565217391
8999f6502cf11202,0.7717391304347826
32f1b553111a6bd1,0.20652173913043478
5d1aca888cef080c,0.22826086956521738
f08564deb54afb84,0.1956521739130435
317718de3fb5baad,0.3695652173913043
45e10d1dde62ebc9,0.6195652173913043
82fde104320a9cbe,0.6630434782608695
e83eb98ed93537c9,0.11956521739130435
ff98c2da1717c3a3,0.043478260869565216
7ca89f7b1021260f,0.6956521739130435
1799a43cdbf0c97a,0.03260869565217391
ad35e92c07ce8eaf,0.75
f16566a3d1e86f27,0.05434782608695652
09aac3be9ab9f813,0.5
4f2a9144eb21ab65,0.717391304347826
048401e912d0bb76,0.07608695652173914
a717c41deb8095e7,0.32608695652173914
e12defaadb32eabc,0.25
618f8580af912e66,0.6739130434782609
77cb9a27651d8327,0.16304347826086957
13c9d32d52c1350a,0.14130434782608695
255bdc68319bc9f8,0.18478260869565216
ae6f4db0714eb744,0.967391304347826
addba055cded5a44,0.2608695652173913
c28595f9edd77d18,0.08695652173913043
d81d1f48270eaf34,0.4673913043478261
2973c6754bc5d89c,0.40217391304347827
f697eb235c4e56d7,0.3804347826086957
82861e5d566c7fea,0.7282608695652174
3cc5aca2309e340e,0.34782608695652173
98618cd8a586abf1,0.7934782608695652
105fb262fd52b79b,0.8586956521739131
0c9bd42e98f541cf,0.30434782608695654
38f8b70c6e653f7d,0.8043478260869565
fa7c675269d4b2e5,0.9891304347826086
6763ab1adf812d1a,0.17391304347826086
8a05280da123062c,0.6304347826086957
e1c73f90c22069f7,0.31521739130434784
8b00bfe554230635,0.6086956521739131
b4aad1afbd142bed,0.7391304347826086
b66e34d704a7d2f9,0.9565217391304348
2bcff291159cd220,1.0
5b88fd6d80c0f342,0.782608695652174
9f51e78e9869d7a5,0.6521739130434783
f8aefadba21b2000,0.06521739130434782
af39b58424a6f937,0.2826086956521739
0662a9c8301149e3,0.10869565217391304
43938bdb7e976787,0.6847826086956522
fbd60755438ab929,0.09782608695652174
00e65fd7d77fbb71,0.5217391304347826
86aa51ce2d30de10,0.358695652173913
b8ae44b7c9fb40d8,0.5108695652173914
1309a31111d6dcf2,0.9239130434782609
fde045589df2471a,0.44565217391304346
af113d80ea748284,0.5978260869565217
5f99223795f8d0b2,0.5543478260869565
33b0a50f959d25c3,0.5760869565217391
3dd082d288ebe50d,0.2717391304347826
b5f125f57ace1082,0.8152173913043478
cfe2997e2ac62a04,0.9456521739130435
8203aaa712a7eeb8,0.8804347826086957
d6fe4cf697a9efce,0.41304347826086957
5099d0d85001aebd,0.9130434782608695
a2029a26489fb516,0.010869565217391304
287418b29b61e677,0.15217391304347827
03dfd3572df288d0,0.7065217391304348
b742bb0decd868a4,0.6413043478260869
ff5c53a8b4c4084b,0.42391304347826086
75357f32361a2325,0.9782608695652174
a423f1cdb68bb467,0.2391304347826087
6d7112e8f1e95067,0.8695652173913043
8b22483ceb32916d,0.43478260869565216
58a3ff2958072b91,0.4891304347826087
aa4de9672a1e2a1e,0.13043478260869565
4d342d17c9d0a161,0.9021739130434783
4076d93071809ed7,0.391304347826087
e9feaacdc9ea5595,0.5434782608695652
d8d50352b2e26776,0.021739130434782608
ec917b7ba092afbc,0.4782608695652174
cff27e2abf2e12f3,0.7608695652173914
17591197c22b8d37,0.9347826086956522
88ba6575c39d13ed,0.532608695652174
ae383ce11b2e0533,0.29347826086956524
c4e4ebcfa0a1e723,0.45652173913043476
bb8c56fb6df7bc46,0.5869565217391305
3b1454e8352bc9d9,0.8369565217391305
0024c7ea70f145d4,0.21739130434782608
5e7fb3b1651122e0,0.8478260869565217
6219f6df80ea4210,0.5652173913043478
1b960b803d953a28,0.33695652173913043
bc9cb91706615328,0.8913043478260869
08c7359309d675b8,0.43478260869565216
47670a670ed9ea9a,0.33695652173913043
c350b14175b5a7c2,0.8260869565217391
2305e7b628d8042d,0.391304347826087
4066fb9eee165b84,0.41304347826086957
82b325d3be944b5a,0.7934782608695652
b8e86b50dd636e48,0.17391304347826086
7a5e86df190d53c0,0.6739130434782609
baca114c835fdc9e,0.30434782608695654
e12edcf5a38e14c5,0.14130434782608695
79304cbb3441694c,0.8913043478260869
227b315fdc87d061,0.8804347826086957
e111d1878d5cf852,0.043478260869565216
8658d07bb6286fc4,0.5
1635c8f2c2f8db8a,0.42391304347826086
c10a6e9a301f4bfd,0.5217391304347826
e611a40542d84dac,0.7717391304347826
2a751b820418eb5e,0.5869565217391305
0215c0487a689a49,0.07608695652173914
72c94744d5626ded,0.6847826086956522
b0eb2e5839e995cf,0.7391304347826086
e9374344f5dda6ac,0.3804347826086957
3a28d8122a330482,0.10869565217391304
52a470d34163c86b,0.9347826086956522
76a3df3687a91cc7,0.1956521739130435
cba3f3cacc3322e1,0.9130434782608695
2afc7b25117230ab,0.18478260869565216
16b80d6f4b8a075b,0.40217391304347827
dc8a925618823707,0.967391304347826
d0e748879c221c65,0.9021739130434783
059b90b6966237da,1.0
b50b54bcc7e316b8,0.8586956521739131
8f2937e8a09203b7,0.5434782608695652
8ffba28e35542d2a,0.532608695652174
a02c332a7d5719a4,0.7065217391304348
f33a6df44b08ee42,0.45652173913043476
82780082b1f7b699,0.15217391304347827
0402d0a10086ec75,0.75
be0eb3aa57f91392,0.4673913043478261
f7113b8bd5ec0efd,0.021739130434782608
33414b1deacc02d1,0.8043478260869565
df3a09631c662e89,0.6304347826086957
2bafb35f415398d9,0.5760869565217391
acb4773d0b7782b1,0.5108695652173914
f0036e97c5f8f957,0.6630434782608695
b85516d971d460fb,0.3695652173913043
490e22e8f58d2543,0.20652173913043478
6051b7f89f8e75c9,0.2608695652173913
458f34cb4d427932,0.8478260869565217
b14f325c07b82eca,0.2391304347826087
9f59980bf473a6a8,0.358695652173913
3e0fc9bc152b52c8,0.22826086956521738
4da59de1fc5c4db9,0.06521739130434782
58bf046b7d08d4f8,0.8152173913043478
2d44c53d4e35fec6,0.2717391304347826
4259869b0ef66d30,0.9782608695652174
a7b18242c4e6c7e8,0.4782608695652174
a618d7eaa4faaaa2,0.9891304347826086
be77726f744840ad,0.010869565217391304
82f63afbc0b320fb,0.5652173913043478
92af6372660407d8,0.08695652173913043
424c276ea6979c81,0.32608695652173914
b6cdb582d9cb6610,0.9239130434782609
717eadd6388d536b,0.717391304347826
46d3bff039b5ed49,0.7282608695652174
a072864ad7505521,0.5543478260869565
085ca40e179635ec,0.8695652173913043
470cff49e27e3148,0.6195652173913043
f9b504fea2945f45,0.6521739130434783
5f60311b8925714f,0.34782608695652173
b5ec4e3987b6db09,0.29347826086956524
5def2afe4d92e58a,0.09782608695652174
65bea202156edc75,0.21739130434782608
2093a1bcd55cfe25,0.16304347826086957
a7411378473f40d3,0.13043478260869565
7a697c1072c1a4bc,0.8369565217391305
9742625953f5bb20,0.11956521739130435
bfb2dbd82909d516,0.6413043478260869
92a96d1f9a3bd330,0.31521739130434784
a8306070a42dac96,0.6956521739130435
ff88353c37bd5935,0.4891304347826087
6f5045f57ccc1170,0.9565217391304348
d9c34d232328ef8a,0.05434782608695652
f9a3de0f4da604f9,0.44565217391304346
9d79edc5a36e374d,0.7608695652173914
cf11fd5719bc9122,0.782608695652174
43bf21f1cae67d9d,0.03260869565217391
859a93c991a1652d,0.5978260869565217
9f7e24e470530b2e,0.6086956521739131
2b99a04175b1b4a1,0.25
49a707a8f10040a4,0.2826086956521739
a3f383c91f34a8e5,0.9456521739130435
1f18c29f74a4ea32,0.05434782608695652
7f6810fe40818927,0.9021739130434783
88832a908ccf382b,0.20652173913043478
afc79e7350370e78,0.14130434782608695
7f0e079ca943233f,0.08695652173913043
0d0ae8648e0ccbfb,0.9239130434782609
1fe1bd8f846110d0,0.4782608695652174
3c45c0fd01d5d7cb,0.967391304347826
33c989cd4e133e91,0.021739130434782608
41a8862df8e6aa29,0.18478260869565216
9afe104c15ac8a99,0.21739130434782608
4f68d4392fcf79bf,0.29347826086956524
b91b91ec7294b147,0.8586956521739131
0eacfa36abc1b033,0.34782608695652173
b5fb19d3327ca977,0.42391304347826086
a6db4b5ea4d79dbd,0.1956521739130435
c5b8849b4f54400d,0.8695652173913043
0a14054801d01ca2,0.3804347826086957
fc39cf5c2ae42649,0.532608695652174
b69ec39465d77d0c,0.717391304347826
b2d2e7bd2d7204b7,0.9891304347826086
02309de771f930c7,0.9565217391304348
b5ad7fd9b3c82811,0.5434782608695652
b2f2b2dd673bf8f1,0.358695652173913
815e42d4c6548d65,0.7717391304347826
ca4643cca848c8ef,0.06521739130434782
c35f04499be15601,0.25
ebeb1d55d7a4e985,0.30434782608695654
ef78d57fe55c4009,0.03260869565217391
97707d75ff927c4b,0.11956521739130435
bfded3e13afbc2be,0.07608695652173914
18988ad88cb0ce44,0.6086956521739131
3634e667e4fece82,0.5543478260869565
93375cde1337ff5a,0.9456521739130435
550c45dcd71b5f20,0.7608695652173914
dbf50e437058c68a,0.7065217391304348
c94709ce812b2357,0.2717391304347826
5d683309b9bdc55e,0.16304347826086957
bd1a58fb6f857e57,0.6195652173913043
1e1a8d35fc836edd,0.782608695652174
7d377408882c1242,0.44565217391304346
3f86782d9472e101,0.043478260869565216
dd211683c0013ab5,0.22826086956521738
6314153954b4ebc3,0.010869565217391304
82ee9479efc852c1,0.6630434782608695
8df092dd3c899460,0.6304347826086957
b25a0a51ac843316,0.8260869565217391
dfd73c6237ee4430,0.13043478260869565
f2d984aded9f3d8d,0.8369565217391305
41a8033f7ba3390b,0.43478260869565216
4797abc1a364b7bd,0.5652173913043478
d3db077cd2ee54ee,0.8152173913043478
b08e03be2a44c538,0.8043478260869565
088ccc6503965837,1.0
073eb2ad355910ce,0.7934782608695652
2ed247934a03b297,0.2391304347826087
c6db82efae0b5fad,0.7282608695652174
2111dadc8ef44547,0.10869565217391304
eb8011b67a539c50,0.5978260869565217
72b18d61432fe983,0.6739130434782609
654cfc3691d77017,0.17391304347826086
1d48ff9ad448d63c,0.6956521739130435
cea9572a2e0c7a35,0.9782608695652174
5c822e1d7dfcc396,0.5108695652173914
12a76576bb404f56,0.8913043478260869
ad0bef7ec2694b53,0.40217391304347827
d0054fbbcfd9bf6b,0.2826086956521739
cf80f5ca82db1d03,0.4673913043478261
dd1976b7ca841e85,0.391304347826087
9180bb23804e0b0e,0.75
d248679e712c00e1,0.4891304347826087
7ed9871570f399df,0.09782608695652174
8e515a41921d16e5,0.5869565217391305
52c751e3efa39f14,0.8804347826086957
43687c21756aaf97,0.41304347826086957
a51cce63273062ef,0.8478260869565217
ac9d435b6a794027,0.5217391304347826
5a7c71d8b50b2094,0.3695652173913043
c4d440e2a3bbc401,0.6413043478260869
b35a754b74970424,0.9347826086956522
509717efeee93c8a,0.2608695652173913
2d90697778301120,0.9130434782608695
e52ab93c5373b986,0.33695652173913043
ca90cbd79d2d186a,0.31521739130434784
2978c5fb43a4e258,0.5
e0958272ccde1c16,0.45652173913043476
0b05cb2784f500c8,0.7391304347826086
bb71bfa421b8f4a2,0.6521739130434783
c3895e0a4bd3014e,0.5760869565217391
997a88278331af1c,0.15217391304347827
52dd676cf7b55feb,0.32608695652173914
ece78b12b9c9f536,0.6847826086956522
36aa7def8f367f24,0.45652173913043476
03fdcd7b1076116b,0.717391304347826
11a0dd98f2f5fe16,0.2717391304347826
34ae8c4b5197ac83,0.391304347826087
cd67652a09fc6529,0.31521739130434784
54cfe3f2d1dafaf3,0.2391304347826087
a9c27c842cb1f2c1,0.33695652173913043
ba8f432db1aeb0e7,0.5652173913043478
2db3395af238af39,0.29347826086956524
94b1c92922989855,0.9782608695652174
dd59501aa6498c53,0.43478260869565216
7d6ed1739969afdd,0.6739130434782609
88c372787e345664,0.8152173913043478
5c92b4f6e612777d,0.782608695652174
fabd5a83a1a17ea4,0.15217391304347827
9095a24d4740eaef,0.9239130434782609
7f5d82b5109ba5ae,0.7391304347826086
b2fa4bb6541889af,0.4891304347826087
a270859bb09eaecd,0.05434782608695652
6fcb15483da1ae55,0.13043478260869565
b1ebced684d04ae8,0.9021739130434783
4a866633b47dd049,0.9565217391304348
f3b78ed644d07813,0.6086956521739131
bfbb08645dc04af3,0.8043478260869565
bf52e8a309c25947,0.14130434782608695
283cae6ea53e0ff0,0.07608695652173914
7ed940c5ce94d676,0.7608695652173914
6d8389993666a81f,0.5434782608695652
474cf367c1cede9d,0.3804347826086957
df11f843eb8b2da8,0.08695652173913043
f9da6b8615a88009,0.6304347826086957
e4f9b393ce774dc2,0.4673913043478261
68f054f5916a464c,0.06521739130434782
76915233419dc7a8,0.5978260869565217
9bd71b306159feef,0.10869565217391304
96d931f30dc8f6fd,0.2826086956521739
7139cd80c06fdce3,0.30434782608695654
7ad64e9761f11ed4,0.043478260869565216
6975a427adc311d2,0.75
85000ec06e535165,0.8586956521739131
d33ae0f4083235ee,0.6195652173913043
2b6b6ef931326661,0.9347826086956522
9a3a72a695781365,0.40217391304347827
88583151d490b44d,0.11956521739130435
6730174d0421e209,0.22826086956521738
b1aed3f9846fe673,0.8260869565217391
17472394a887534c,0.09782608695652174
16d0964cc84743d7,0.7934782608695652
a3d412ebb4506ee1,0.5108695652173914
33b3b316f0425ef0,0.44565217391304346
4e8596ee5ecf754f,0.8478260869565217
7a646e75d972ce7e,0.42391304347826086
6d33661963207cac,0.7282608695652174
8fcf663c8800c0be,0.32608695652173914
5493b4711a67827d,0.3695652173913043
680505d2ccdd1fa8,0.41304347826086957
3a4d8e4c77ac47c7,0.7717391304347826
8018b65f1cbbb4c4,0.5543478260869565
e2a6f2092b630591,0.2608695652173913
ccb170f506a80504,0.5
7519a5a2bf901c42,0.6521739130434783
3af0d160472af9eb,0.9456521739130435
34bf819d4a079bda,0.8913043478260869
e9e15bbc94baedad,0.010869565217391304
18cd0a55d310ccda,0.358695652173913
923d7cdfa43bfdc0,0.8369565217391305
9d09ae4cac190e64,0.5760869565217391
f688746ba94054d4,0.34782608695652173
435ad5c481c73b16,0.6847826086956522
acdbde45f2a34091,0.5217391304347826
891b606e5e428afc,0.4782608695652174
570b24ef07c3ae7d,0.8804347826086957
b6314181cba27238,0.6956521739130435
27693759aeedb431,1.0
278edb80b01ab63f,0.1956521739130435
eca36135cd18c12f,0.17391304347826086
824cf5c0c242eef2,0.5869565217391305
0ded45d53073f878,0.21739130434782608
270f2366d0516774,0.6413043478260869
c38ea3f62987cccf,0.20652173913043478
9d0145094fbf9868,0.9891304347826086
a1b301708d68cb7f,0.021739130434782608
150971e92c6dc14b,0.25
b69733d859522e1d,0.7065217391304348
f04afa11cfc4c9c9,0.16304347826086957
402b8e6f00f888f2,0.967391304347826
a2ca1b28943091d2,0.9130434782608695
f313cd53ce2bcc7b,0.8695652173913043
f546abb58ba5a66c,0.18478260869565216
4763fba19dbbdfb6,0.03260869565217391
99fe292ea2ac35ad,0.6630434782608695
0284111852253b21,0.532608695652174
04271d8227b87bd0,0.6195652173913043
a4d5d8179777ce4a,0.40217391304347827
bbf2a5d21148ec90,0.2391304347826087
574e3b8c3f654e9f,0.6847826086956522
faf94e089b4d4b67,0.358695652173913
0fd02ca1b8cb813f,0.9891304347826086
9456c8fe77914d59,0.3804347826086957
06f791c74a28590a,0.9456521739130435
610b613905df7744,0.5760869565217391
17e35204b01527de,0.9130434782608695
638424940fbfb8b6,0.782608695652174
63439160e2849c59,0.75
14e207030262f2bc,0.5108695652173914
4afd21bd262b37dd,0.7065217391304348
628d19ca9ebfdc2d,0.44565217391304346
a8f3b12a094217a0,0.22826086956521738
5593423ca749a6fb,0.5869565217391305
c80a052f397b66d0,0.08695652173913043
552b7d2f634a35f3,0.25
afb6e25c207445c3,0.9021739130434783
4d7a0eedee97e1d1,0.532608695652174
ada68a46d90327f4,0.8369565217391305
b2d5f94eacf895cf,0.6630434782608695
be64754c99930bd9,0.13043478260869565
f5fc0486212117eb,0.8804347826086957
19d45a25b766a3ec,0.4891304347826087
f96c971e6563d947,0.7608695652173914
bcfe747a68984122,0.07608695652173914
74bca21cc2c7ce3e,0.010869565217391304
83c9f80696ee4532,0.21739130434782608
76472cadb51d96e6,0.5543478260869565
7c2e05f7241f22aa,0.9782608695652174
17e859da43bbd9c9,0.6304347826086957
da6d2bd20589c3e2,0.34782608695652173
5b6c38fa64902cef,0.7717391304347826
7bb7e93b964c2c4a,0.8695652173913043
d14b83df5f05951c,0.2717391304347826
483a419f85f13893,0.1956521739130435
8539274176a58811,0.7934782608695652
bc5e3ee87bc09617,0.11956521739130435
bbdb90043e18819e,0.9347826086956522
befa74a6475b0b3c,0.967391304347826
75f7c569326d1ed1,0.10869565217391304
577eddfdf4a6e6ec,0.03260869565217391
f2dcd0ad8b7d1b80,0.5652173913043478
9b5271db84c3781b,0.8586956521739131
537ef78f18cbde5e,1.0
acb3cf69dd549de3,0.391304347826087
2ef72e984718eda1,0.9239130434782609
13d44f7c67a15a8a,0.2826086956521739
c7b044dedefa7e32,0.4673913043478261
c83320f694559eb7,0.7282608695652174
3f66c997fcbc2625,0.8152173913043478
ad3ab5297db2b0da,0.31521739130434784
1b797c3dfd1ccdb3,0.41304347826086957
b25e038617a7eaf6,0.9565217391304348
3f20631c0968fdae,0.7391304347826086
1dbef053ef65c9be,0.6521739130434783
7f29aa39ccc09882,0.8260869565217391
f12cc7544e16d45a,0.2608695652173913
18621f8346be881c,0.06521739130434782
a43a50499f89459f,0.16304347826086957
add69a8065977c63,0.6956521739130435
51ff16abaa2192a0,0.29347826086956524
fc02c1a6c6c31370,0.17391304347826086
66b48adcfa66e48f,0.5434782608695652
ef83c48657a5393a,0.09782608695652174
8a3fe2a1633ed3c0,0.8043478260869565
254ca9b103a35f43,0.18478260869565216
2857ce99685ce135,0.717391304347826
b38b4ddbf5df1ed0,0.33695652173913043
3998eabfd0af9efb,0.5
aeb56ad2155728ad,0.043478260869565216
390581e2d8e579af,0.30434782608695654
c10ca3847b62907a,0.021739130434782608
983cff851cd67990,0.05434782608695652
6359b223fefb4ed4,0.6739130434782609
8f2250a3536d7c5a,0.14130434782608695
44c0d30d119411d9,0.6086956521739131
cc9c3d2b6426dfea,0.8913043478260869
47bb12d1f243d4c4,0.5217391304347826
2c5b45f0c9be5978,0.20652173913043478
e75b04a46f18fcf0,0.8478260869565217
b617e146e79736a3,0.43478260869565216
1f12adbebef755c9,0.15217391304347827
63e92fd49ab21f69,0.6413043478260869
1b3180fe6e193115,0.42391304347826086
ac95130290b05d8c,0.32608695652173914
66452b7a424d09a1,0.5978260869565217
a2ae968648f4bd4f,0.4782608695652174
b2e015149227dd35,0.3695652173913043
a435cb1c1239050c,0.45652173913043476
e2316a2ea20b31e8,0.6195652173913043
7ba7ff3399760e1f,0.42391304347826086
d5c480f8d9f3ea96,0.15217391304347827
1ec57a32be9446c0,0.05434782608695652
d5f6057f4c71adfc,0.20652173913043478
38cf73611609d755,0.8152173913043478
d31ba97ed8a82166,0.29347826086956524
c5177440eaa1de0c,0.2391304347826087
74c62939823d9046,0.967391304347826
8a186ced3d261bbb,0.782608695652174
a74f02433de29483,0.7608695652173914
7f552d054481a9ee,0.010869565217391304
632ea24e5c4fa2d5,0.41304347826086957
8ccdcd37d6d076a4,0.358695652173913
448d12d2c6c14142,0.8260869565217391
f607cb22432ad9b8,0.7282608695652174
35cb4af188144b6d,0.5
c650ce491a82acae,0.13043478260869565
63cff1d49ee1d563,0.11956521739130435
570107c9c64523ac,0.18478260869565216
5424358cc7e8787d,0.5869565217391305
33bbf484084b2d20,0.06521739130434782
fb3704e62bb90527,0.5434782608695652
5489ddc220c9bf44,0.9130434782608695
392fddaa24e1ea73,0.1956521739130435
a79750d5e6ca065b,0.5543478260869565
926b6ae5f5dc0855,0.10869565217391304
4d35c65ee7d556bf,0.021739130434782608
ac0e924b7f8e56ed,0.8369565217391305
5b5fee24c978957c,0.16304347826086957
77f3499e1067d310,0.8695652173913043
e40aa3c62bcd5eb6,0.43478260869565216
618841191b98c05f,0.6739130434782609
43f59a8e335155dd,0.7717391304347826
546aa5985977d6f0,0.09782608695652174
e3ec2ea6e2257205,0.33695652173913043
e2cfd6748ffd6f73,0.44565217391304346
b6191ff5487a5dc9,0.9456521739130435
bf13b4ba84279fb5,0.6086956521739131
71acd08ff8676c65,0.391304347826087
0016c4352becd048,0.4782608695652174
90ee6a1a584a0270,0.7934782608695652
b13278e6b9b42b19,0.717391304347826
e6a377e841c883fb,0.22826086956521738
b4c43d7d2f83cf6c,0.532608695652174
7a525e7b6bac0e76,0.25
c1ce5f7c6f763837,0.6630434782608695
659198614490cc37,0.4673913043478261
9ffb63500a908156,0.08695652173913043
3637838526b218ca,0.8913043478260869
3cb59435db199bdc,0.8478260869565217
b9d443cbc7bfe2e8,0.7065217391304348
39900d1b0b0938f4,0.8586956521739131
85dabc34b6f6859b,0.5652173913043478
3358925abf39a917,0.9782608695652174
4c39fec23a3d0171,0.31521739130434784
fb5705cb5c46f1ae,0.45652173913043476
2dd6b3e06fae633a,0.07608695652173914
c685f078ad1d8913,0.6956521739130435
ba2c0a7561c11b45,0.6847826086956522
bcc6100f82d8b340,0.17391304347826086
06bd6b7c87974eb3,0.34782608695652173
5840c8f251bdd726,0.75
a12341e87df907ac,0.3804347826086957
cd4afc25a069e17c,0.6304347826086957
d9838730419ed240,0.5760869565217391
0b80d93becd5b18e,0.9239130434782609
e4aef5531c1b6eca,0.40217391304347827
f57b19baa92ff60d,0.043478260869565216
79d877757f375cab,0.32608695652173914
eeca03d02e332adc,0.14130434782608695
035e07dfa256d5d0,0.8804347826086957
e9e6dd2c32ec5cdc,0.3695652173913043
4d74e4961232aff2,0.9565217391304348
16709eaf8ebc5bc7,1.0
b69b794678040e40,0.7391304347826086
750595aa32cd9220,0.6413043478260869
f81450d38ff91780,0.8043478260869565
e20be143f3358134,0.30434782608695654
cf75679b82992cc9,0.2608695652173913
23c2c7ecd77c1915,0.21739130434782608
ff33a30d389ad780,0.9021739130434783
233a340df4cff4f9,0.4891304347826087
47463ced72d39873,0.5108695652173914
1ff3a93426e7b247,0.9891304347826086
ad57e35c039e39a1,0.2826086956521739
4a2dcdac29f4f8d0,0.5978260869565217
4c0166eeaed3212e,0.5217391304347826
754481395cfc7f44,0.03260869565217391
42df72df0864f4bf,0.6521739130434783
774c1291b6d3696c,0.2717391304347826
d9690c92acb2e786,0.9347826086956522
6da8d9695f77460c,0.3804347826086957
7f7073c5e2049624,0.18478260869565216
45141d4e8a344b09,0.7282608695652174
563116da5c74d0de,0.2391304347826087
bccc5613596501e6,0.043478260869565216
c3bed7501ad358ed,0.8260869565217391
0caefc82bc7d1ffe,0.8586956521739131
453aac92a1bc310f,0.5760869565217391
3572a4d1bf91ed77,0.4891304347826087
17592d688330da0a,0.8804347826086957
711a07c82a8f17b9,0.05434782608695652
07e2d737b4f305b7,0.9782608695652174
75338bfd3a43c16e,0.4782608695652174
49ed34cf9514a5e4,0.30434782608695654
715a649844c6b3ad,0.2608695652173913
2a3c24b288856f6b,0.6630434782608695
9545121629ff4b3d,0.8369565217391305
8cb5d82f069692b2,0.17391304347826086
9607f9afbde9396c,0.40217391304347827
4b136f68d9dc65b9,0.14130434782608695
fe7075ce996e06db,0.9347826086956522
9bf148b12610bc7b,0.09782608695652174
b426776aa151d345,1.0
84e7f8164d7ac672,0.6956521739130435
a1543a57ef052ee9,0.8695652173913043
2624205a6f2b08cf,0.8478260869565217
0b20a19c662d4b4e,0.5
228d6dadec66b236,0.5217391304347826
2cc0fa604a11557c,0.8152173913043478
445d9b13fd4e7780,0.44565217391304346
1ea2084cc290d712,0.31521739130434784
346d2f3f1d45d113,0.782608695652174
708c7878a3cfc9f5,0.967391304347826
4076d399a1ca0c1f,0.021739130434782608
6aad38ab345b4567,0.20652173913043478
8d8d76352f147864,0.5652173913043478
8c3d462609472a52,0.6413043478260869
896f23cf6f31f369,0.717391304347826
e7da942ecd66c08e,0.7717391304347826
81f0f68ae38aa84c,0.8913043478260869
0dbc02244c255fec,0.2717391304347826
48bc8127f383f615,0.7608695652173914
b43afcce5eef0b0f,0.5434782608695652
4442997b89b39914,0.9021739130434783
089a423bb923d05b,0.6086956521739131
7a1386e4d09e41c3,0.4673913043478261
21076fdb41157843,0.010869565217391304
6b5bc2a6a933416b,0.2826086956521739
7adcb0dabb9b015d,0.7934782608695652
f8bb9c91640eb193,0.9891304347826086
41043e3bee30db26,0.41304347826086957
177033c840f559df,0.08695652173913043
ef6c29e32ac62480,0.10869565217391304
55d8ec0ad64e55ef,0.11956521739130435
f32d013b690d1842,0.7391304347826086
f2cf6bc9a071a6be,0.9130434782608695
0e82f32c01079062,0.42391304347826086
7990ee5129148f9f,0.532608695652174
04c6b3b91ec41532,0.33695652173913043
104a0f781886514d,0.29347826086956524
a2eebbb93037d4fd,0.75
00fa71a26ac529d5,0.5869565217391305
10bc9fd517d62c68,0.9456521739130435
bf33726de6dfa9a5,0.22826086956521738
7d4d8d8a78d8b942,0.6521739130434783
80409e572394809b,0.07608695652173914
9904e75dc4ffc82f,0.6195652173913043
1825a146d95fe4bc,0.3695652173913043
854d01a076502be6,0.32608695652173914
e823cad43fdcfa46,0.6847826086956522
5910efc52fb17f95,0.1956521739130435
acf9d472a81ed175,0.03260869565217391
52bb336a510a310b,0.6739130434782609
d948b41db7b0b7cd,0.5108695652173914
a3999cb6e0bbb1f7,0.15217391304347827
64fc1c111325f953,0.358695652173913
538e4b9ce0e86800,0.45652173913043476
d34eaae9a3f3d3db,0.7065217391304348
9233dcf9a0d13b44,0.43478260869565216
fb2924fabd29beef,0.9565217391304348
40ffc42015d1034d,0.25
6f2e1d837da8a907,0.8043478260869565
9cafdfe35b593ed1,0.13043478260869565
eeeabd5db5c8b2cc,0.16304347826086957
23e625cfeca5206c,0.5543478260869565
2093f8a7f51997c7,0.06521739130434782
da942fa014903ce0,0.34782608695652173
b1b720c9e87d0dc5,0.5978260869565217
386bcbe41ec84834,0.391304347826087
467179c5873c6bbc,0.21739130434782608
0fd646a0f84e29cc,0.6304347826086957
20491bf94c9b91c1,0.9239130434782609
a3af8667caa5a39a,0.8695652173913043
afd2e54e318e162b,0.717391304347826
c72fecc26f49a831,0.391304347826087
e8c81fb956999374,0.6521739130434783
db96d2111e6efa95,0.11956521739130435
e45d6b85510b400d,0.3695652173913043
e04b4d90ccace3a2,0.10869565217391304
3dee847510ab0143,1.0
40cc98d85651496a,0.358695652173913
07d69152fde41758,0.5543478260869565
6540362c4c87de88,0.32608695652173914
78bc8c414064b4e1,0.06521739130434782
d54e98db23b9c8c3,0.5434782608695652
1649a20f4979800b,0.021739130434782608
8940bf7d835a9043,0.08695652173913043
235104bebb34c5ca,0.043478260869565216
5de2142fcdf20f62,0.05434782608695652
e34c9bbf1d67f3d2,0.8152173913043478
35387b971e0b88b7,0.9347826086956522
17ac4570077432c4,0.8369565217391305
20a4ad7d90faafba,0.2717391304347826
b1012f52d28574bd,0.42391304347826086
bdca6b2d26b4f2d1,0.45652173913043476
0012d0b69dba09b9,0.782608695652174
99b3c2759de52026,0.3804347826086957
e7362956f835eae8,0.7065217391304348
b0888f527d79e10d,0.6956521739130435
b1a2d4c32bbc593b,0.9456521739130435
701dc1012631dd57,0.6630434782608695
6256ad93d4906a0b,0.6413043478260869
62b25490cff238bd,0.34782608695652173
c0d93acc496d21d7,0.6739130434782609
3b341779cbf2044a,0.17391304347826086
4e0b4097ea153a1c,0.2608695652173913
d0ea37c55c25578e,0.14130434782608695
f7f98171b9d1d697,0.2826086956521739
c5c79fabe2bc7a40,0.31521739130434784
18c516a22fd5be50,0.33695652173913043
0ca445ae935bbb3a,0.6847826086956522
a32a7c1d26da77d4,0.8913043478260869
a8b657822ffc5590,0.6086956521739131
6e1304c1d5ed7305,0.4782608695652174
31b6f3b5db7a8f0d,0.7391304347826086
c1bd95d4d6e78a9f,0.7717391304347826
7ba4bfdb774e4296,0.43478260869565216
45b5ad5ed27eb468,0.41304347826086957
0c161731b94b7d0f,0.25
9e83da4ef38bb25c,0.4673913043478261
d28fafc6ccec0f17,0.29347826086956524
35fa2e9557677ac3,0.03260869565217391
22a14efbbcbd4e60,0.2391304347826087
7e290b9c8bbefeec,0.5652173913043478
ab4f01e76dda446c,0.9130434782608695
10e6cbf13a00670f,0.75
43c3074e642cacc6,0.5978260869565217
476204d92f6e72fd,0.8260869565217391
4a0e582e722ba08a,0.18478260869565216
3666e8061a3ca708,0.8478260869565217
8905602de8a945b1,0.532608695652174
ad4b4d68cf6fffb6,0.8804347826086957
0ca4867d7e9f262d,0.6304347826086957
78c29eff15ba0c8b,0.9565217391304348
7b2337033b8dbedd,0.07608695652173914
746d154fc2e57a88,0.5217391304347826
35b0978fbff00d7e,0.967391304347826
34d2b82aa5ffcb80,0.5
d456c9b829cdaef9,0.5760869565217391
d4484224186333dd,0.8586956521739131
cf58a7b7aed04ec6,0.9782608695652174
d9ae5b1839ce1044,0.5108695652173914
4e92195bfe9cd921,0.010869565217391304
b29b5c4fdaa9caa2,0.9891304347826086
383103d0fa6cc5b1,0.44565217391304346
f90abc0efbd3297f,0.22826086956521738
c5aa0ed4bf2c4399,0.9021739130434783
96a25417601b051a,0.13043478260869565
b97bff39444521e7,0.8043478260869565
88a97b99ed74074b,0.21739130434782608
7629c8240d1ac940,0.09782608695652174
d5b33a592cff656e,0.16304347826086957
7a23160ed9fc7284,0.4891304347826087
3d8f4d7bcc6d8429,0.15217391304347827
1332933f0eaa0633,0.20652173913043478
3fafa400d6de8dc1,0.6195652173913043
f73a461b320b8c46,0.40217391304347827
66dbf805962b168f,0.7934782608695652
c2828cfcd8c16c44,0.5869565217391305
76c38b70cf0e52a4,0.7282608695652174
3642459c368ae936,0.9239130434782609
8841d0b171498272,0.30434782608695654
51f2c325d61ae310,0.1956521739130435
7df29901e43038d3,0.7608695652173914
20d1ed7532169f18,0.2608695652173913
25c75364b3edf1d5,0.14130434782608695
35e34a1906554a03,0.4673913043478261
7df6ef06e97a6102,0.7608695652173914
59c2bcedcf1818e7,0.6304347826086957
19c36214532dae60,0.7934782608695652
c33572b5ff3864bd,0.5760869565217391
718ff9b1f224967e,0.9239130434782609
b2cd1a4b04fb0fff,0.11956521739130435
e8663234367ff511,0.5543478260869565
b01b34510bccc6fe,0.21739130434782608
c9487ed975bde194,0.40217391304347827
390a7893774dcfdb,0.2717391304347826
8c34ef99ff6bb8eb,0.03260869565217391
fa8d22a792830201,0.9565217391304348
98581ae45a3b9676,0.43478260869565216
b2f808f21488cb8f,0.09782608695652174
70a6555fe511efcc,0.44565217391304346
8b83f7bd1a8b3d6e,0.2391304347826087
2775b8582663bf51,0.34782608695652173
1db00fb55db839f3,0.9347826086956522
2a0ad39ae174ae67,0.8478260869565217
ded4dde8d8ab86f3,0.41304347826086957
3a3b10bfada8960d,0.9456521739130435
aa03a6c71ad28ba1,0.8152173913043478
589a101a07667c75,0.6847826086956522
ee68586ab142597d,0.31521739130434784
4c5c710da5cb689f,0.8043478260869565
282fe228f722fda3,0.9021739130434783
1063dcd3959b1829,0.8586956521739131
2a46a4d5b9101f35,0.021739130434782608
dab91f6d2f0ed3bc,0.25
8677db1685196282,0.6086956521739131
eec68c950bf76355,0.358695652173913
15f5b680ae554deb,0.532608695652174
c666cede5f52660e,0.42391304347826086
4e2aa0a25ee0feb5,0.16304347826086957
0d3aa6aff76b95dc,0.8695652173913043
c656781d3f01c36a,0.30434782608695654
7b7b2d1743622b39,0.07608695652173914
af8177d12b2973ac,0.5434782608695652
fc8cae109c6ed27c,0.45652173913043476
42fbc36d634f42f2,0.18478260869565216
506a721a36969ff2,0.10869565217391304
0ea17f587fad4483,0.010869565217391304
ad86b04564e92f7f,0.13043478260869565
51781b13165215f8,0.32608695652173914
41085f8ddc5b9202,0.8913043478260869
b2f86f178bf106e3,0.06521739130434782
f2b6656365954e16,0.2826086956521739
98b40571cbe46bb6,0.8260869565217391
dab0673f55fdfefc,0.6739130434782609
f76bc2ce4359a5e1,0.7717391304347826
c42e2b85f3413005,0.5869565217391305
b46990099c03f190,0.7065217391304348
4ea6c025e14a210d,0.3695652173913043
dce923ed437cf7a6,0.9130434782608695
89ad5ac5ccee773f,0.8369565217391305
8dcdb761067c1fff,0.6413043478260869
ae5781f10337700c,0.75
b9cea4b89277c77f,0.967391304347826
7c3273cd190b26ce,0.717391304347826
1fb68e16cbbe83e9,0.7282608695652174
7ebded5fb58d3332,0.08695652173913043
270e5b602b0cc447,0.6630434782608695
6eb40657482b0d8c,0.6521739130434783
22fc4f38dfd9e099,0.5652173913043478
35b875290707f81f,0.17391304347826086
c809b64cf89fc543,0.5
76569736567b38ee,0.05434782608695652
9529b0ea580b5bb4,0.6956521739130435
2996c1ceda0d5096,0.043478260869565216
de0938dffc963684,0.9891304347826086
cb9a7996f045daa1,0.4782608695652174
2f8b83f8611a4ce8,0.8804347826086957
009a3d31d29c6c7b,0.9782608695652174
218fa4082b2ec15c,0.5217391304347826
2ae029e95ec2c23a,0.7391304347826086
cd76b494183150ee,0.4891304347826087
8eccf5c98dd9edf2,0.5978260869565217
52ac8fab1ad6dc03,0.782608695652174
b55a64ebd8a2a9e7,0.29347826086956524
b29916a2f98b4bf2,0.1956521739130435
a63e53453d9f5466,0.15217391304347827
8baf505510e94971,0.391304347826087
35845a8f9a6b4d84,0.6195652173913043
bbe9c82490523b0e,0.22826086956521738
9be42c4d6cdc1909,0.5108695652173914
4421bc25eeb56871,1.0
222d512044d89d89,0.20652173913043478
35876e07045c67b6,0.3804347826086957
2a8789d7b87ff140,0.33695652173913043
c7d97937fb412c7a,0.9891304347826086
2b7033f03b3895cf,0.7391304347826086
d3370a3b7987cec2,0.2608695652173913
5e11225ab865c1f6,0.14130434782608695
b5f5608650e6989d,0.021739130434782608
2c1a537f624179e0,0.2717391304347826
1b5c77a527f205fa,1.0
0f8306ea2cf55a99,0.8586956521739131
48356b2ea73594eb,0.8260869565217391
c1294aa34765cad7,0.8043478260869565
0f01ff112a8bf605,0.10869565217391304
a70bc33ef4c00d36,0.6195652173913043
4154572d657d922f,0.717391304347826
403973d6b298e8be,0.5869565217391305
430abe935efac350,0.18478260869565216
774a673ee018c334,0.7608695652173914
f224ff4dbd0a8f25,0.20652173913043478
37b5fe9711350b65,0.2391304347826087
e9f21d520966b50a,0.8478260869565217
210eed57eb24aab2,0.010869565217391304
d68c7a3d7f2f4830,0.5217391304347826
fe70d2dafaad38f4,0.6739130434782609
8da34839385158e8,0.782608695652174
9d9c3ad6f7102bae,0.9239130434782609
b7601c9712cf2b27,0.42391304347826086
9d36fc1c8dfcb1f3,0.08695652173913043
409c40cd5e85229f,0.9565217391304348
dbdf40ebdf7ff710,0.16304347826086957
4536339532e14d7c,0.13043478260869565
853a53bc30b11707,0.45652173913043476
8ae14d811992d6a6,0.532608695652174
82e9235a36fa4d46,0.4782608695652174
38ae0eae32fcf74c,0.6956521739130435
f45feb2699436a6b,0.967391304347826
749b5314b35894d1,0.7282608695652174
8023e76b21c14d9b,0.5978260869565217
06cb02f121da039e,0.33695652173913043
7df6775ce7b24fee,0.41304347826086957
c7849c9801191150,0.9347826086956522
0f8a793cc3317ce9,0.3695652173913043
8e9ea671b60d3a83,0.43478260869565216
ad30394715448dc8,0.5
fc2a7838e418d634,0.7934782608695652
d85631ba4b6616f0,0.25
63460c38f182fa96,0.6847826086956522
c67423b940ade99c,0.6304347826086957
90e6b5fd249a0acc,0.3804347826086957
de09ddf62479fca9,0.043478260869565216
ab373fd3ef359421,0.5760869565217391
a46f77de67d23ca5,0.7717391304347826
33b56f6e231dbcd8,0.358695652173913
b70e08c86ea6e303,0.29347826086956524
3729603bacc83c25,0.05434782608695652
1d752e745bc0d356,0.6086956521739131
9de6feaf5cb2fc4a,0.6521739130434783
eb60955916eb074f,0.8152173913043478
122d94ee0953a705,0.9782608695652174
a34b9cd225518197,0.44565217391304346
b762a9e51714f996,0.1956521739130435
9fb6176a0e52620c,0.7065217391304348
f8f4cd7cfbec991e,0.34782608695652173
67f2a2b3a9a1ae42,0.391304347826087
200de96228e19d03,0.8804347826086957
5ae6e64584101c3d,0.9130434782608695
94cc50fb9ef4f0f8,0.11956521739130435
2898bbf8c1c8dc72,0.6630434782608695
c08f2584c21b863f,0.8369565217391305
616a3957867188ec,0.30434782608695654
8f90411233b06a37,0.15217391304347827
e92b5a83814691a3,0.4673913043478261
264c665b5e8143d8,0.9456521739130435
97501a6bca65d8c6,0.17391304347826086
60d4680efd080d8a,0.8913043478260869
02915f9897a37925,0.2826086956521739
cc7ff6943606f974,0.75
7d9a2ce96ca5d0b1,0.40217391304347827
6b0ee9b362d06df5,0.22826086956521738
24adb99b892cba99,0.5434782608695652
b4bf109a47128928,0.5543478260869565
8f399b623f85c8fa,0.5108695652173914
2ecea48caa9a26a1,0.06521739130434782
8e164bae3a7c44ab,0.6413043478260869
a97d91cac7cfa558,0.4891304347826087
032219c17d82ecfd,0.9021739130434783
3b44f724a2897eb0,0.03260869565217391
4155d7f46fca0bdd,0.31521739130434784
aa97217ea9087724,0.32608695652173914
5a4dac4b8bedb6e9,0.21739130434782608
f0bb4e6dd1bf4590,0.09782608695652174
9850c1544c2f9af0,0.07608695652173914
0fa802b242c93b4a,0.5652173913043478
629598230aafff45,0.8695652173913043
90566837e6ef7e00,0.3695652173913043
78d950acd847b8da,0.391304347826087
0e2b5a8b81a63f14,0.22826086956521738
22fbaa63687b28f7,0.6630434782608695
df8773f538d47f13,0.32608695652173914
08075434123c26d6,0.8695652173913043
d1fc4f7ec4fae129,0.20652173913043478
3dab27d1ed6693e4,0.30434782608695654
414615a561a5c6e4,0.9891304347826086
17d740be84fc7dc4,0.8804347826086957
411126a6dc5f5e81,0.44565217391304346
82967938f0cd245c,0.5978260869565217
d74e92d597342627,0.4891304347826087
2cb0bbf2b1e1cbcf,0.7282608695652174
581461ffe5ae8883,0.5217391304347826
75841d11d5a6a74c,0.021739130434782608
a61db64251daa642,0.18478260869565216
023e204efe4b576c,0.5
70b9563b39aa7614,0.4673913043478261
93bfa9d1797340d1,0.9782608695652174
fb8d71bd653f8fe5,1.0
f14d22b3e0ba8b20,0.5760869565217391
812bc22a181e6f3c,0.7391304347826086
a1acfdb6d8fb23ac,0.8152173913043478
c74c0ff032b5d5c4,0.11956521739130435
68bd4a1b257ea72c,0.9456521739130435
b69bea6829f676fd,0.15217391304347827
430e260ca6b81211,0.5869565217391305
b8b6872eb91099f8,0.25
382fb27ae23f4e45,0.010869565217391304
47466d07fcc83dbe,0.6195652173913043
ea110266c460e307,0.6086956521739131
1736da6bb2ba40f8,0.8586956521739131
958fe9c4ae8ec73a,0.8913043478260869
a83c5c44c06a334c,0.2391304347826087
a2bd24ab8b3df974,0.05434782608695652
722c3c5c4cd768e2,0.5434782608695652
721cf078292ad8ea,0.9239130434782609
b4bf0398191c8c8b,0.8478260869565217
b8a0c86da9fd37e4,0.6739130434782609
a4aaa2edebd0b1e7,0.42391304347826086
489426d09df95c18,0.9565217391304348
592c485e178ef21b,0.532608695652174
64d54f6ff4d18fa4,0.06521739130434782
d0ef8673098d35d0,0.1956521739130435
3cd9c5cae6d01a57,0.40217391304347827
67b90271cf3d5760,0.4782608695652174
cf582b355bd66d48,0.75
87ae6eb290aa8f9b,0.13043478260869565
6540649994a5a02f,0.5543478260869565
0422bb1151424bce,0.717391304347826
7a8c16e751e98cda,0.2826086956521739
d98063679ce0e1eb,0.5108695652173914
9421fd4ecea89ab9,0.08695652173913043
09fdfbcf27909fd1,0.7934782608695652
d9d9d7798eff4bf6,0.03260869565217391
21ee61d33575c4fb,0.8043478260869565
60d95213a0690ae4,0.9347826086956522
622107b31919af47,0.7717391304347826
b508bf86fce0b6e4,0.21739130434782608
e2b3733ce62ac690,0.782608695652174
956eaef61e93d75b,0.6304347826086957
a7193e3276ac466d,0.043478260869565216
46dfa9cbe05c9113,0.9130434782608695
43ff4d0b100dc649,0.29347826086956524
5fa4ed1e9f51073f,0.43478260869565216
64d6f7d1a9771d83,0.8260869565217391
5bd3b2aa676ac8f3,0.2717391304347826
d52f9f9477b1db0b,0.9021739130434783
14d1430584194470,0.31521739130434784
7b3504afd12d5525,0.8369565217391305
c365f65c9cf1e964,0.09782608695652174
63377cc036ed1bbe,0.16304347826086957
12f66d8c9e22827a,0.5652173913043478
2465e5842a7cdd65,0.7065217391304348
ece716764dac2a50,0.7608695652173914
434ee810aed8aa1a,0.41304347826086957
82c3ea3e47e69b1b,0.6413043478260869
9322aed92e47cd1f,0.17391304347826086
0e92f528d24bda85,0.10869565217391304
cc709c5d51387758,0.34782608695652173
2eeaa61c6dde61f0,0.358695652173913
a07b2e8736cfec4e,0.45652173913043476
f23cdb93ec851bdb,0.2608695652173913
6a177150eb99b18d,0.07608695652173914
c92d9c662625d619,0.14130434782608695
2a881b6ec81e13d1,0.6956521739130435
036fb2ce794dbaa8,0.33695652173913043
0decdc4ebc51e9b9,0.6521739130434783
39966106a733fe10,0.6847826086956522
ab055488a2134e58,0.967391304347826
0f9813bea9ab31e3,0.3804347826086957
d8bf11df95c0175a,0.2391304347826087
50cb41d22f082156,0.8369565217391305
f8acebe260a0eca8,0.782608695652174
eda7222ea8dfcbde,0.25
9fd178f1fd2182d1,0.043478260869565216
424a9e40809252d3,0.1956521739130435
9e73b9c3e623826c,0.44565217391304346
8f30fd30d71a789f,0.8260869565217391
d80ed491829d9d76,0.717391304347826
9ca54e2f7564ed41,0.6413043478260869
c9f7708755f2101c,0.5217391304347826
d01ac219fa64e6af,0.7065217391304348
c2a14d0ff755c5f8,0.9565217391304348
7140157441e729b9,0.9456521739130435
550c7e7faa8eabc1,1.0
39b8975740578d0b,0.17391304347826086
2c497a3a4f908f2d,0.5869565217391305
bd6ae792170828d9,0.8804347826086957
85893b0641446504,0.5652173913043478
6fd2c7528f4f8dd8,0.010869565217391304
0d54114f06cd635a,0.11956521739130435
62a0b0ccf7652e17,0.32608695652173914
a2236edb1635d0a6,0.2826086956521739
8c48346d1892c717,0.75
1403c4098770c539,0.8586956521739131
04946eee439d75d1,0.5434782608695652
7aec8b6e76f0ba4b,0.6521739130434783
cd93c0eb1f00c0b5,0.34782608695652173
c422cd735538c555,0.10869565217391304
9fc9d33007eb8886,0.31521739130434784
c270980441f30332,0.5760869565217391
15e4c481c926b103,0.40217391304347827
068cea6a36d07f5c,0.15217391304347827
66c2d40da7c1655a,0.30434782608695654
c3a18acdee990fa9,0.7391304347826086
30dd92bebab4e031,0.8043478260869565
86b16e6a3c7b683d,0.532608695652174
b06e9ef42db80d0d,0.22826086956521738
2eb2245e420e4ed2,0.41304347826086957
aef41d0781302894,0.42391304347826086
52317f92a75660c2,0.3695652173913043
72bf44e60306bab2,0.05434782608695652
eaca4e4e2d9c80a6,0.07608695652173914
506e4499438c9c42,0.6195652173913043
65e55aa44bc979b4,0.2717391304347826
1be7de8cfa31af58,0.5108695652173914
f530773ec80826af,0.6304347826086957
b25951255476ca9c,0.5543478260869565
dc693d15ae3caf2c,0.8913043478260869
c9f2beb93f7e1c36,0.2608695652173913
9263ee1c2549be94,0.021739130434782608
ce212a0cca7310ec,0.6739130434782609
e1ba5e6e9215c734,0.18478260869565216
27955ad1c2969a40,0.5978260869565217
0b89c3d2cbc43a49,0.03260869565217391
688ad1e7f067b16d,0.9130434782608695
374c6267f50900c2,0.9347826086956522
ef043778feecf49f,0.7717391304347826
b38751adbd1523f0,0.6630434782608695
5ff5b555c8a0ffa0,0.21739130434782608
5d3243d3b8631d1e,0.6847826086956522
f72e77c7d55580d0,0.4782608695652174
ad4ef3fc2297af86,0.14130434782608695
792c1b8552fab4e0,0.08695652173913043
e47cd44fcd12208b,0.6086956521739131
27ad1b15b67c00f6,0.33695652173913043
68a83c89a622b1fa,0.3804347826086957
2a9090e775ed93a7,0.5
b63e2e9f7e4be7ba,0.8478260869565217
0d0888f0368ec1fd,0.358695652173913
cfd08955fd7e0aeb,0.9782608695652174
0da9f82aa3aab40d,0.6956521739130435
5f916ed08903fb15,0.09782608695652174
ccae8994a6ac6016,0.8695652173913043
c5d6f745e233527d,0.4891304347826087
67a707d60b5119e5,0.4673913043478261
509f337254af06a7,0.7608695652173914
d331b646ffade5f3,0.9239130434782609
33745d8be9a1766a,0.16304347826086957
8e3752d56b5e70b2,0.9891304347826086
63ed448d6a8731b8,0.8152173913043478
8a1accdbe578cb39,0.45652173913043476
7f2a3164a78976dc,0.391304347826087
adf40632dc6f3736,0.06521739130434782
59ccef7dbdd2eedb,0.967391304347826
0d5afbc1eab21938,0.43478260869565216
32406895ff5e91e1,0.7282608695652174
713820556bde5587,0.20652173913043478
218350e4bdfda7c2,0.29347826086956524
b2a19b2f84ebc9dc,0.7934782608695652
7c5780f073f82144,0.13043478260869565
7ff7ec2b1baf2af4,0.9021739130434783
4725cd6a6a0dfca3,0.16304347826086957
b99119e02e94f316,0.5652173913043478
166c4e17da1830da,0.44565217391304346
12c599ea0f7a9f8a,0.967391304347826
78e10581934968b3,0.20652173913043478
35510b31f3dda104,0.7717391304347826
a118600b714e12e7,0.021739130434782608
f498dd4a7d9c8ec7,0.5
8ffa76c8a3a8dde0,0.2391304347826087
a76d2558aa2bf0b7,0.5108695652173914
c7bef05ddad199a4,0.3804347826086957
b3ed26f40c2d78b2,0.7934782608695652
6b10a27c232da1c0,0.40217391304347827
1122be8eba016ff3,0.7065217391304348
9b2f9d4fa6496f8f,0.5543478260869565
dcb2424190de228f,0.13043478260869565
e9fc8abe9e3d3db2,0.717391304347826
6538ea9b4fab5f88,0.75
b2b00fec78ce585e,0.2717391304347826
2fbfa3c6129e8f8a,0.5760869565217391
c0661a62b3975978,0.8260869565217391
f15cd3c28f409d64,0.9021739130434783
55228930d684b9c6,0.6739130434782609
76197a81f117476e,0.9130434782608695
a1fd3f01b26b26be,0.34782608695652173
e673a062192796e2,0.22826086956521738
e78fd82940482a80,0.05434782608695652
5e35c2a6b50e688e,0.6304347826086957
59c3bbfc742f9b2f,0.7391304347826086
ec2f1f3788c36aab,0.41304347826086957
d04acb778d27996e,0.25
3f68a277bffc72de,0.8478260869565217
bb2675e1d18441d4,0.532608695652174
c7b77d1001a623c8,0.03260869565217391
2bce657e61490a04,0.9347826086956522
e004bb4dadb4db54,0.10869565217391304
4cdb3c479ce58119,0.6630434782608695
d44af9068c089a45,0.8043478260869565
5ca3b93f76de3bbf,0.6195652173913043
f5ab7664accea0de,0.6521739130434783
a322ad9345143ea9,0.17391304347826086
b734a4a42936cc76,0.5434782608695652
9ded7c90769f2627,0.782608695652174
94f0e70e015c856b,0.8369565217391305
a3258c80621be91e,0.4673913043478261
5bd592487dbba58c,0.29347826086956524
18a34f7228018c0a,0.043478260869565216
2c42c834506cfb0d,0.18478260869565216
cd1d30e2ba564e3c,0.010869565217391304
e3129f1818da35aa,0.7608695652173914
e2a6bdfda1357034,0.33695652173913043
4f3b3397fd68c59e,0.6413043478260869
93a2843e2d4e5cf6,0.6086956521739131
052319c591a50ff9,0.8695652173913043
0347e0d2a1bdd49e,0.31521739130434784
73c7fb169acbce66,0.30434782608695654
27f07b4138b3c2fb,0.5978260869565217
988767b202080636,0.1956521739130435
ad8db401866a9e09,0.6847826086956522
882f3baedc526fc3,0.9456521739130435
db64650edc96892a,0.06521739130434782
1b10c1fc97001770,0.358695652173913
7d7db70c25d3f96f,0.9565217391304348
99213ef3f500493e,0.9239130434782609
ee022496118f2afd,0.3695652173913043
37bd20c85e07a248,0.07608695652173914
a4ab29b9e186056b,0.4891304347826087
8b080d08334b4b94,0.6956521739130435
0a6e2f694444d7bd,0.14130434782608695
077806e22855a329,0.9891304347826086
ff27a5e1d414c1d5,0.42391304347826086
d82aff9d657d7388,0.32608695652173914
27315ad5c57ba816,0.7282608695652174
9aa393469bbb21fb,0.2608695652173913
97ca12ab5581826f,0.5217391304347826
7d7848fcb7d30227,0.5869565217391305
fbe440000432e21e,0.391304347826087
ea0cebc3969ffc46,1.0
fa683e10a964e513,0.9782608695652174
2d93c42c31efe98f,0.4782608695652174
e20709144764a449,0.8586956521739131
43382140e87317f3,0.8804347826086957
f71995e84fc1adcd,0.43478260869565216
36d8ae9652c62f0d,0.11956521739130435
ddc622eb2a18074b,0.15217391304347827
8fd2c57f59d780f9,0.21739130434782608
2e103323eec55fa8,0.09782608695652174
02bae3a4092f11cc,0.8913043478260869
b90f3ad22cec2952,0.8152173913043478
5841c3a30991329a,0.08695652173913043
44dd8280591cf516,0.45652173913043476
2c3353af30c1df7f,0.2826086956521739
c26354a27467f46c,0.14130434782608695
3fb8617464d0fcd2,0.40217391304347827
5813683384b71b94,0.44565217391304346
37df744a53848999,0.8804347826086957
2c1beeb4e33d0dc8,0.6195652173913043
14d44b3fdaf2e536,0.2717391304347826
8839fb5dabd92b5f,0.6739130434782609
6d1d807b443545fc,0.6086956521739131
9ba1d9e25f1d4214,0.5108695652173914
4feb693a8ad1d6b8,0.2826086956521739
8ae65d7bc261f850,0.532608695652174
97d4d1d812301dcb,0.21739130434782608
49fc7c8d000dce1c,0.9782608695652174
7ae89e9909d3b459,0.34782608695652173
54aa2f18d0c5cc66,0.8260869565217391
c48c719e70724b05,0.782608695652174
232317c0400dc768,0.32608695652173914
456b0f6eeba138d2,0.45652173913043476
5aa8fa83253051ff,0.5652173913043478
1be8f9197c179e8b,0.358695652173913
55a4018b5ec34887,0.6847826086956522
bcfac7ce638d7f9b,0.29347826086956524
971061461f80e176,0.18478260869565216
682caedf36ef7d69,0.5543478260869565
773ef86db84fb084,0.5
eebe0e28a7d2fc0b,0.6521739130434783
bef6c8483128119d,0.8586956521739131
02b4c0569b56b658,0.41304347826086957
f9d6cf6dd1e909c1,0.8478260869565217
9a852d16ca8cc89f,0.717391304347826
028f6fb9f26668db,0.3804347826086957
fdf69b9d824cc8d3,0.17391304347826086
11ee15918d0841a8,0.6413043478260869
dbf1a6a5d8c657f8,0.20652173913043478
488802b51b0f0b5d,0.16304347826086957
0233908a586b4136,0.9239130434782609
dcddcde4a6b4c04b,0.03260869565217391
9dd340ff47b63381,0.6304347826086957
ce2f750f3a554b7c,0.7065217391304348
42e1e0593979eb63,0.2608695652173913
6a3f5bd083d4e009,0.11956521739130435
077deee4cdcd5b33,0.4673913043478261
4c95dccc43f985eb,0.5869565217391305
d7ef77d026b03e7a,0.8369565217391305
3abbc78cba86352a,0.043478260869565216
5bda05ac026bdc2f,0.42391304347826086
6b871f52f6613b33,0.3695652173913043
e6119fb29b87dee0,0.7391304347826086
7e00741a69638c38,0.6956521739130435
35b02b5f77ad429f,0.13043478260869565
ac039146a2695029,0.1956521739130435
98db03c03229f869,0.8043478260869565
dcb6f13674b34424,0.5217391304347826
1a78ecb29cfe8667,0.9021739130434783
5229e6aa5dff1213,0.9130434782608695
3cfa0a7e19c5bca1,0.391304347826087
b305af3f5cba9720,0.33695652173913043
8cb593d851f06143,0.22826086956521738
9358b8ae786adfae,0.2391304347826087
41b8bcd9175941ed,0.9565217391304348
82f3a0b0aa7c7e85,0.7934782608695652
e326b3da17609d64,0.967391304347826
c46b24abb9c67c16,0.08695652173913043
fae1492c8afcb85a,0.8913043478260869
30934e238a5db967,0.5760869565217391
282eac255403b888,0.6630434782608695
33c0a6c8393e02b3,0.5978260869565217
5868283248a7798c,0.07608695652173914
161a4433e2de9647,0.7717391304347826
746f3e3c4f94372c,0.10869565217391304
63f3a3f6b9640962,0.021739130434782608
d333aa525e35be98,0.05434782608695652
8792f2c8320de51a,0.9891304347826086
4918462d812f83e0,0.15217391304347827
487f42250126ed80,0.7282608695652174
0426c81b5fb57d01,0.8152173913043478
823e19e00cbfe894,0.43478260869565216
9f5a6c19790dd8a6,0.9456521739130435
106bb2a4e28094e3,0.31521739130434784
0270f06cdf8dda1b,0.25
63d0a70fb0e1b1ff,1.0
bf6bd82b612e65ff,0.8695652173913043
77f917bda01f63d8,0.9347826086956522
e1913d1f8b19275a,0.4891304347826087
6414394addc3b93e,0.4782608695652174
b71cfd0e5555fbc0,0.06521739130434782
537bea0a9017f4b7,0.7608695652173914
a5a21ccc0402ffb8,0.09782608695652174
c06c0ff37affd993,0.5434782608695652
ac539525adfc77b5,0.75
1eae637758c51dbf,0.010869565217391304
cd3a6e40c36a34b0,0.30434782608695654
c6f86897b8813bd7,0.44565217391304346
747828250a5e5926,0.043478260869565216
afecaef2b15f4ca5,0.021739130434782608
865720005986397f,0.29347826086956524
765d93db81fbf7d7,0.9891304347826086
727dff4a10aae894,0.9347826086956522
db73a067663e92ee,0.6413043478260869
79791edb92803c45,0.41304347826086957
9363d586eec8fa0c,0.17391304347826086
f9fab850f144b174,0.21739130434782608
d533664c3ca75447,0.5978260869565217
ff250c00f47a15b5,0.2826086956521739
5141d3b75a4bfa82,0.34782608695652173
ce73ba712ed9722a,0.391304347826087
731f67bd9627db9b,0.06521739130434782
5975801d59929329,0.9456521739130435
09259414232fd491,0.09782608695652174
7bf984f123e08b19,0.782608695652174
69fc53c68ec88ad6,0.14130434782608695
7030f2d3b3473af8,0.6956521739130435
c7d54df54a491316,0.8369565217391305
706759b72ebbd836,0.6630434782608695
58bd553691d0aa01,0.15217391304347827
34f1322145254d09,0.5652173913043478
b1fac785201f07f2,0.9021739130434783
30241412092662b5,0.3695652173913043
5b1857f699b5c638,0.6195652173913043
b31918c86f1f76e6,0.9782608695652174
c2ed064145c02454,0.08695652173913043
6ed0c2f0dcb460f3,0.8478260869565217
2a5b81640253c881,0.5869565217391305
5753aa182c83877c,0.2608695652173913
be5e56e6b5deb08d,0.22826086956521738
7ed92f0d725514ec,0.7717391304347826
ff4fb675bc138a2d,0.5434782608695652
1b74989a00a5f883,0.16304347826086957
0cc0058c5c184cd8,0.20652173913043478
c6f16a8482b6ebf4,0.13043478260869565
82913c8bc3cdd22b,0.11956521739130435
931778dcdc269455,0.4782608695652174
f49e18d71691aff8,0.5760869565217391
1e3b4a003197a9d0,0.5543478260869565
51a912500f3fd9f4,0.9239130434782609
b674afe70d4ad27b,0.9565217391304348
f4529e0457907c5b,0.7934782608695652
4a3a6bfeb08d19d7,0.05434782608695652
bb615d04521cecb3,0.8913043478260869
4a1cdec0cd6e0988,0.6739130434782609
9752ff37807824a5,0.7391304347826086
dd41937f436f366a,0.9130434782608695
e0378c7247d169ab,0.5108695652173914
211f1d639748279c,0.8043478260869565
8181b6d1e970308d,0.8260869565217391
271832d9de688383,0.8695652173913043
26797f6b83cc4d12,0.1956521739130435
134773aabf9af060,0.6521739130434783
53cfc6a773dc9771,0.6847826086956522
43ac0c97cd354efb,0.7282608695652174
e3a3267869294e79,0.33695652173913043
bf4438b88523b449,0.30434782608695654
1643ed035b93d0a7,0.5217391304347826
b133d4211f748fb4,0.18478260869565216
8e721218dca39d56,0.358695652173913
f424a44263e85ad2,0.4673913043478261
0e0f7d7f22b2bca5,0.7608695652173914
20bc936f82e9d6a1,0.7065217391304348
1e1ebdfe5e97a938,0.6086956521739131
bbce23281971b502,0.8152173913043478
ba067e9b90718c74,0.25
61c31bd1c2ad382a,0.32608695652173914
dd76a33f1ab6fcc1,0.6304347826086957
9f03fdf392814833,0.75
c9b932591ec33e42,0.2391304347826087
f2483c142181e801,0.42391304347826086
68d0dd6066f6aace,1.0
ba8f039187dc6359,0.010869565217391304
fe0a21f476035bcf,0.717391304347826
5770d2cc2f150dbb,0.07608695652173914
f49e5ad70772c41a,0.31521739130434784
4670aa49f721520a,0.40217391304347827
ea48df8d72659b19,0.967391304347826
0497649344c88286,0.4891304347826087
0c4dac6cf095602c,0.03260869565217391
d69f569262f1b3bf,0.8804347826086957
1572b83bd4f54914,0.45652173913043476
6f1085d308b0d399,0.10869565217391304
2ec5b22389cc8e4c,0.3804347826086957
757e3a9544e591fa,0.2717391304347826
3b0edebfa3fe5e07,0.8586956521739131
5f642c5f41397e8b,0.532608695652174
67830b17ff7270c1,0.43478260869565216
a1a23e0bb6366673,0.5
ac03772587bd926a,0.5652173913043478
7bd305616cf2a5c4,0.010869565217391304
73ad8f674e9682aa,0.20652173913043478
273a1739dd08a4fb,0.06521739130434782
7231eab716be92f7,0.6739130434782609
efa7ec8646fea98c,0.2826086956521739
ab640ba30b5c20bf,0.5434782608695652
7b708c44c89fa7b4,0.6630434782608695
a79fdb4b76874f03,0.9565217391304348
1c419634691e096d,0.9456521739130435
bccbdfd49c5a8346,0.5108695652173914
bfe13e710ba4ffbb,0.7282608695652174
235e1f2f3c1275e1,0.3695652173913043
5a66cb662fb73a6f,0.7391304347826086
72d1611e57f38ae3,0.6413043478260869
baf903a8b55af931,0.8695652173913043
ead7566794ff0d6a,0.8478260869565217
67c61f7b52bcaea6,0.782608695652174
3fc36efec00a25bd,0.07608695652173914
8c0607e4126f4d2f,0.44565217391304346
14fac915309706a0,0.08695652173913043
c76f61e9717ced38,0.14130434782608695
7fa95cf626a71624,0.2391304347826087
28d0dd031d073069,0.4891304347826087
413a9b4b56f67ab8,0.717391304347826
53365c5163a1d344,0.5543478260869565
52e9c1d2c4c6a949,0.021739130434782608
5d8562218921480e,0.043478260869565216
1d08a35c3567b769,0.30434782608695654
08b68392e1a71dae,0.32608695652173914
37da68e6668cad04,0.4673913043478261
c6fac25278f687e7,0.29347826086956524
10f993c14cf1ad3e,0.31521739130434784
37e4ccfb7fd87e06,0.5978260869565217
f2c9cfe53357d7bd,0.6086956521739131
74adcb3640a1ca2f,0.15217391304347827
f5a7ffa3c3bc5184,0.22826086956521738
4bd8d1e1dccae7e9,0.967391304347826
f2aed50532ba0811,0.8260869565217391
a5fd22fc2e1ff9cc,0.9021739130434783
37d1072d814ab4e7,0.05434782608695652
fc9f6988db849a3a,0.43478260869565216
aa2732e964cc4f87,0.4782608695652174
47d4475740ecd2d3,0.6195652173913043
5b9db2177870706c,0.7934782608695652
edac7c3a29887e13,0.8913043478260869
346af4a59006a22c,0.5
08d95b3d5ef81401,0.6956521739130435
3fc9496c1ee970ce,0.9239130434782609
a1713203a1ab06df,0.5869565217391305
4d9367fe8d586106,0.16304347826086957
a94c3610cf720958,0.8152173913043478
56c1246e752f9d13,0.17391304347826086
9ea5e3f4d5424eee,0.21739130434782608
7887f66c34daf79e,0.5217391304347826
c333caf9df0f476d,0.7065217391304348
5463c94bb4be864a,0.75
0c376d7f5b0f9d75,0.2717391304347826
8fe0047e8e01c950,0.532608695652174
619918fcfb83cacd,0.9782608695652174
f893b2b6134206ee,0.25
19f9cce32ced1d8a,0.5760869565217391
519d051cad2e3b4c,0.11956521739130435
9d1f389327def6f1,0.8586956521739131
930f4a62f0890007,0.42391304347826086
96b22bcecea89e33,0.7608695652173914
3043cf0d8a808356,0.6521739130434783
def4a61557c9f0f8,0.8043478260869565
9f0b468e225c7079,1.0
91063d9ea01d8584,0.3804347826086957
0efdf41ca3c341d0,0.45652173913043476
29cd7924cd5f9507,0.40217391304347827
f8ba94e3f44ccea5,0.9130434782608695
11ef78fd8e086587,0.34782608695652173
16ce83f5d42e41de,0.9347826086956522
4e9526f62229ba38,0.9891304347826086
9c25dbbbf27c2cb2,0.18478260869565216
b290df37797a3624,0.13043478260869565
adf71e046ebeaecd,0.391304347826087
6fb1d3dc176c82c7,0.41304347826086957
8292d3b4cf1215b1,0.33695652173913043
fd1ed0374a46f4c1,0.6304347826086957
2307e5c810ad8633,0.358695652173913
a597174e76719e05,0.8369565217391305
a41750232c8b46d5,0.7717391304347826
7e7c45473a8f717e,0.09782608695652174
276a35e869c2b66e,0.1956521739130435
91235854bdbd6b4e,0.8804347826086957
b3883a2bdd471990,0.6847826086956522
c030dbc715c1b8ff,0.03260869565217391
bdb893e689b9f2cc,0.10869565217391304
0304597c85bd12ac,0.2608695652173913
b5885395893940c7,0.5108695652173914
939c2ea78109b9c0,0.22826086956521738
88fd20ba5f99b08c,0.9565217391304348
2211c6d0f78cd947,0.3804347826086957
c709aecbc508a8df,0.8043478260869565
1ae60d9c9ac732dc,0.6304347826086957
5094e3f9d399e491,0.9456521739130435
53e079a6816fe306,0.34782608695652173
1ea0abfd80752682,0.08695652173913043
f16c27f28fe3e1b8,0.6847826086956522
00a53b1dfc5363ef,0.9891304347826086
6f3c5d3ce7770b4d,0.4782608695652174
b61cf9895607e8ef,0.17391304347826086
9d5bf5e4d606ec40,0.45652173913043476
3016e052b3a810ea,0.043478260869565216
a186cbd7c96a78be,0.29347826086956524
ea51ea68a6cc5b9b,0.8152173913043478
edad8fb11d913b9f,0.8804347826086957
ce1288c81fc2ea6b,1.0
ec6720a59e2cabbd,0.41304347826086957
51858b8b4dc396fd,0.9021739130434783
d96cf96328c99377,0.7065217391304348
5cad86f3a9c0e7fd,0.8913043478260869
ae019b72c7196578,0.7391304347826086
4c947c6d2c96e864,0.967391304347826
b03723ae2b4b87d1,0.06521739130434782
4b44b768fee4374b,0.6086956521739131
f84a57c703cb3f94,0.021739130434782608
5d5fc2d5ac14331d,0.2391304347826087
90b45a3890618093,0.9782608695652174
371fc60b7dd3371f,0.44565217391304346
70b0dfb57ba92fc3,0.15217391304347827
45466a48f6bb3c5f,0.9239130434782609
1dd934ed36e5dc76,0.10869565217391304
72a5e2b724a28bb7,0.7717391304347826
ffdbc289823c8fc1,0.782608695652174
46e14d0f1ec51acf,0.42391304347826086
03ed3b708bb8e37e,0.8695652173913043
362376cbb52d9f62,0.6630434782608695
84b0846e6a87eca5,0.6956521739130435
528264037a252292,0.03260869565217391
ca334a4796cc461a,0.358695652173913
14d0165bb4af4630,0.391304347826087
7f87ed029a792b77,0.5652173913043478
8ddc69415666c953,0.43478260869565216
f10680d5dae48fcc,0.16304347826086957
33612d81fc094284,0.5217391304347826
e31440f66f21c995,0.9347826086956522
ecb63d0b126ceb3d,0.717391304347826
471ea102d4333850,0.30434782608695654
434bda835df3a178,0.18478260869565216
0626bee44a6053c0,0.4891304347826087
4ed83740845292ee,0.5978260869565217
0d2452a3cf9b1f2a,0.7608695652173914
7c3e219a4767c118,0.2826086956521739
40dbebce9c607bfe,0.4673913043478261
041bb4a4bfe272b0,0.25
b7071bc518a6905c,0.8478260869565217
1a8122980f182614,0.31521739130434784
12c09d503fe46c6c,0.6521739130434783
c9942ec53a5e1ea5,0.13043478260869565
e24d37ea3d91afbd,0.5869565217391305
359e71af5349db92,0.5434782608695652
81ee59e5dbee8479,0.33695652173913043
8b8f169751e3a890,0.20652173913043478
d90e704236e73079,0.75
d35879e5bfb290f0,0.9130434782608695
fdf62acc5011b558,0.21739130434782608
d8c2cf4730bc11c8,0.5760869565217391
c3b0a75bba5b6d7b,0.3695652173913043
9dc31e9a93c5bf07,0.7934782608695652
36d660fca8458bc3,0.09782608695652174
4652a7a0fa50c2d1,0.8586956521739131
4fab5b0469f2d903,0.8260869565217391
8038c8303830cfaa,0.2608695652173913
36e0e94a6f3d71b6,0.40217391304347827
bc05465c733791d6,0.14130434782608695
eee3126b66ebfbe1,0.07608695652173914
3951ab2a86d200ca,0.8369565217391305
293d677cce20a4b2,0.7282608695652174
24513a672555c551,0.05434782608695652
e7c75387bb9f6555,0.6195652173913043
439dd72dd84d3a9d,0.5543478260869565
95e0e7cd4e6baeb0,0.6739130434782609
43f1e3bdf5314219,0.5
a3ecfcaa94b3d606,0.32608695652173914
4af61e548d0f8726,0.010869565217391304
4e0b16c9149c9c42,0.11956521739130435
dc3c8b54924e8a1c,0.532608695652174
79de0c90bebb7c0b,0.6413043478260869
e75c14775857e4fd,0.1956521739130435
d2ecb76e47551d83,0.2717391304347826
2618424220afcae3,0.40217391304347827
cad5b8aa49de5fd6,0.6956521739130435
2c3c4d9a034c931d,0.43478260869565216
c6987025e98e5c06,0.5434782608695652
e41e389dd1ff7f09,0.22826086956521738
4e6dcac7938031d4,0.9565217391304348
a07dd35cfbcdae9c,0.4673913043478261
1a0c68827db0159e,0.6630434782608695
6a508199b5d5ecb8,0.6304347826086957
100dd1d772d1bcb2,0.010869565217391304
cf259baad5520d61,0.9891304347826086
937ebbdb4d13989e,0.532608695652174
4586b911f0a98593,0.717391304347826
f1b02ceab1cc1ebc,0.42391304347826086
89e49519889d224b,0.8586956521739131
0bb828e944ee96e9,0.5108695652173914
9a3b682f9d315322,0.5760869565217391
dd3ec7acb326a938,0.17391304347826086
c2af240ea8ae7a14,0.6413043478260869
327a877c314d9ab8,0.10869565217391304
96e809748a49af19,0.8260869565217391
1a467dc29f5997e2,0.41304347826086957
4e88e119f404f597,0.7934782608695652
e89bc812ddb6b4bc,0.9021739130434783
988c6a0855ad3e86,0.7608695652173914
9a21084cd39fe881,0.16304347826086957
27a7dfc39ceab1ce,0.32608695652173914
5d8656042189f641,0.06521739130434782
5897da4c56bfdcef,0.03260869565217391
bcfbadba79ecb83d,0.6521739130434783
1142eebed17ce1df,0.21739130434782608
53537b73db359777,0.31521739130434784
4cd85ec097cb7f5e,0.2391304347826087
2dfaa64689e8f562,0.5543478260869565
0bb6abbe580aaaea,0.05434782608695652
cfebaddbb33c4a68,0.29347826086956524
c247027c14edd1ae,0.6195652173913043
e30d75dd379cb6c3,0.6739130434782609
30750f14b57ca6f0,0.8043478260869565
e0381b518b10aae5,0.8804347826086957
416d1d1b7511a621,0.967391304347826
896ada1b80b13204,0.25
b4fb6d2271f739ce,0.5652173913043478
753626f4495dccee,0.4891304347826087
6ef66e30fa25264f,0.8695652173913043
9e56d63e4b9f29d2,0.20652173913043478
86939a3bb5f804f2,0.34782608695652173
05e7c0cf8e60d946,0.75
0b65e95950b7fc18,0.30434782608695654
5e0208ab7371de1d,0.13043478260869565
ffafadba8f7a3a7b,0.14130434782608695
498726896c12d7d2,0.7065217391304348
de7e3f9f3fc5af0f,0.5869565217391305
995df978e6b5b67c,0.782608695652174
fa5fde81c5595d6c,0.9347826086956522
4a21c11614ab6621,0.5
0476d671eebbbff1,0.9130434782608695
4b5db67e72a62643,0.33695652173913043
e9960b5fae6668b2,0.5217391304347826
8a714468b25dec49,0.2608695652173913
778037bdab036a37,0.18478260869565216
48a1efbdc34df5c0,0.1956521739130435
8f2244177e3a629c,0.7717391304347826
92c31733276f949b,0.44565217391304346
d37a5ec868997896,0.07608695652173914
3176fb986793c3b6,0.9782608695652174
2ebe2e1482d7ebdc,0.8478260869565217
a4cbd91b397a6d2c,0.4782608695652174
073ba0dc502f4b6f,0.6847826086956522
b2fa4748eacf5408,0.09782608695652174
19da706fd9994a58,0.021739130434782608
24a78596be77719e,0.391304347826087
fb3b0969bc214511,0.5978260869565217
a05400d2fe8ddd73,0.8913043478260869
4f407547fb633c7f,0.11956521739130435
cc7c0cb1c0d53988,0.7282608695652174
1c6d3330bbbcdf20,0.6086956521739131
b285aa62e36015dd,0.3695652173913043
61e42d69168e35ab,0.358695652173913
c633659c9ddac78d,0.15217391304347827
8e6af6f6f8e48bd5,0.08695652173913043
4ea5bf56d2e489c7,0.7391304347826086
f0a39fee1d038084,0.043478260869565216
40e13d62223b2b72,0.2826086956521739
fe9d2484561d0c7e,1.0
20eef8a1bf3c562a,0.8152173913043478
a23b58f751617952,0.9456521739130435
f0ad23f6d4a5d7bd,0.8369565217391305
fa6a90a00a73c89b,0.3804347826086957
63702fee2e93a829,0.9239130434782609
4efbe22acc40fdba,0.2717391304347826
b2184a7518718b5b,0.45652173913043476
3b4ff92d79cef3ac,0.41304347826086957
0d30ee11d9e55446,0.7717391304347826
9376b91c667fb8d3,0.05434782608695652
860de4a4ce1fac73,0.4782608695652174
2c59ace567e203b9,0.2826086956521739
344080427d565d5a,0.5869565217391305
a62eaeb60612db73,0.18478260869565216
9fd07ed319f7debe,0.21739130434782608
60d08b86b8bc1f0a,0.07608695652173914
8639839b34df2a9a,0.5434782608695652
039f382b31011557,0.45652173913043476
1482f4b75f06c832,0.16304347826086957
ee16bf270b6329d4,0.2391304347826087
75ba0583d35476d9,0.8043478260869565
eb4cab814ffb65bf,0.10869565217391304
49e43784fc64e7c0,0.5652173913043478
bbc66f4e65f1c650,0.6195652173913043
7e8d7a6779986222,0.3695652173913043
5d94d0e48e2167e7,0.8913043478260869
ed538fd22a3d518f,0.1956521739130435
a327eaea32f03e31,0.8804347826086957
7754234474352826,0.7391304347826086
8fa95ce904844cae,0.9782608695652174
4881222e18f1286e,0.75
96ffd6223577b901,0.30434782608695654
a8180ad998139e99,0.20652173913043478
a46027f5d4e118eb,0.2717391304347826
4a69921882835511,0.44565217391304346
d705d9dfed245ef7,0.9021739130434783
a4c09e0c51c25751,0.09782608695652174
2b3c00484ab82298,0.043478260869565216
439f6775bc17aef1,0.3804347826086957
c415bb63fb6e027b,0.33695652173913043
e2eb49f91f10f1bf,0.31521739130434784
a4c26c3e82835fc4,0.6956521739130435
f904e240d36ef6ef,0.40217391304347827
2b4f47ec88b93771,0.2608695652173913
e5f8dff3e4e77060,0.5543478260869565
9e667c01bf2357d0,0.7065217391304348
14d58eedc14fcd4c,0.25
990a945478dabd69,0.22826086956521738
f61847fce673be20,0.7608695652173914
665028c39c476ad9,0.358695652173913
676be9687ef3dc6c,0.8478260869565217
c087431176915c6a,0.03260869565217391
119e87ed027ace6f,0.967391304347826
e7497ea7cedef1b1,0.8152173913043478
515d9d688f2677b1,0.06521739130434782
75c592e82f5ac64b,0.9565217391304348
54c00e3dc1f054d3,0.43478260869565216
d7db0b301e45ce15,0.782608695652174
7e7e5bf20af6fac9,0.391304347826087
ee9769b6a3d2e34b,0.6413043478260869
bc048bee7334322c,0.9239130434782609
cfc2997ad0548b61,0.021739130434782608
003bd4d357e0c73e,0.8695652173913043
a5023ef529c8125a,0.717391304347826
dee0afd6c0289b59,0.8260869565217391
9635a00ec5298d12,0.17391304347826086
812e0c40bfdc9754,0.5108695652173914
069b8f075269ba73,0.6521739130434783
7b5f24a105afcea5,0.34782608695652173
86fafd6696a3b528,0.14130434782608695
d42f3ff6e369c316,0.8586956521739131
1d378ee3e0dc40e5,0.5978260869565217
6bb7fd55c84fd05a,1.0
c9a09551faabf08a,0.7282608695652174
e9f5223362d91c59,0.9456521739130435
e3134d122733923f,0.8369565217391305
ca29cef12d4167fa,0.6630434782608695
34583ff403c55407,0.5217391304347826
8ea524d8f0f9706a,0.11956521739130435
7c907bbf98b9256d,0.42391304347826086
56117209cced3c0e,0.6086956521739131
ca20f33cb45ae742,0.6739130434782609
2227c44a90d8e961,0.9130434782608695
8acb33d4a1ac43fb,0.4673913043478261
808443d38f693a45,0.532608695652174
185a4b9f5d959e4c,0.9347826086956522
b2bca4560db8f465,0.9891304347826086
182e5207151a3344,0.7934782608695652
181ce215282e12a8,0.6304347826086957
895b20a7f66544a8,0.4891304347826087
81ecc390ceb9859e,0.32608695652173914
9a2e4baefdd25f63,0.08695652173913043
cbf29b9f84ab9ace,0.5
341fdc10f0472626,0.13043478260869565
3fe13489e9e97577,0.6847826086956522
3d57c93182d76e94,0.29347826086956524
9011fcb8f759dd5c,0.15217391304347827
553dc8d5e3884dc0,0.5760869565217391
cf0d0cb4e5770134,0.010869565217391304
66252df324b74fc0,0.391304347826087
dd9ac9074c2077af,0.9347826086956522
d14b9e5b9233edac,0.17391304347826086
0ad5d4d81f0df541,0.9456521739130435
da0124ee1c01d79c,0.07608695652173914
0366a85fce821443,0.31521739130434784
683e8695d0eba11d,0.9239130434782609
ddd4ac11af62513b,0.03260869565217391
56c6fc0529fd1033,0.8586956521739131
860e112036591e57,0.45652173913043476
78344756aec83f69,0.3695652173913043
10e4972ffdddf512,0.08695652173913043
e846b31bdc49c9a2,0.40217391304347827
8ef45de91d866b8a,0.6739130434782609
0ce595cc23a611be,0.2717391304347826
9402e21cbaccd489,0.7391304347826086
bdc782695b10dda0,0.44565217391304346
0e34512bf9b5a194,0.8043478260869565
e0c2a28c1ba1c138,0.22826086956521738
82038771bcaf57da,0.43478260869565216
050d0b79754b64b7,0.4782608695652174
a236c3cd6b79bfed,0.32608695652173914
382b3a67ccb78a68,0.2826086956521739
4311ad2c2b03b70c,0.1956521739130435
22e1c42429f7bfff,0.41304347826086957
127d3e4c8fafeece,0.6086956521739131
a757d4047412fdec,0.5108695652173914
452870764c09dc43,1.0
e144a6ff3658d947,0.7934782608695652
14f35a8b6cd8e21d,0.16304347826086957
d3cdafcb4e1e6f64,0.18478260869565216
01418dbfd92ac812,0.8369565217391305
2099b87132d0b804,0.3804347826086957
856dbfbacf30438f,0.21739130434782608
aff29984dc3687df,0.2391304347826087
48ae3836e830b869,0.782608695652174
ad95980d38235554,0.4891304347826087
93d6191f1f3a499d,0.4673913043478261
503cdff276cd8fbf,0.010869565217391304
e630a5229f1e668c,0.5434782608695652
863544ffbd9e4ac3,0.6413043478260869
e05f99b2fd2f6402,0.10869565217391304
681109da3ad9af83,0.09782608695652174
e219baa70bc92c5c,0.9891304347826086
78d458850502cc1b,0.8478260869565217
b5668746c5f88734,0.34782608695652173
99dcecb2d5d174a5,0.358695652173913
bd980962ee534ab7,0.8152173913043478
1581d51954e52e9d,0.043478260869565216
642691738f033ece,0.6304347826086957
9ba3581abd3d8ea4,0.7608695652173914
51055c4ae3ad3a6c,0.75
39e940b61f30f980,0.9782608695652174
debdc9e944b77fa1,0.33695652173913043
7e94252a2ae16285,0.967391304347826
16b8c373f7165cbd,0.15217391304347827
e96d596247bb2e76,0.5760869565217391
8c09dad346ed36d2,0.7282608695652174
e252681254fa2602,0.25
1c20c551ac0cae98,0.8260869565217391
9d0e4f0e5dff94b0,0.2608695652173913
f7686b9c9c5f2eac,0.11956521739130435
088e4c4b6e2111fa,0.6847826086956522
fa80ec4fd86d0fb7,0.42391304347826086
84fa204087104cc4,0.9130434782608695
c79a08048ce6da72,0.7717391304347826
81b61dd06428d0a0,0.5
f07bd10cf7098ed8,0.021739130434782608
80096405c3383a20,0.30434782608695654
81554a5f9425db20,0.5543478260869565
7765d19bb192a24e,0.20652173913043478
f4aa5f09957c921d,0.532608695652174
ff16911b90308230,0.5978260869565217
2db010190f649152,0.5652173913043478
d452422e83424ab3,0.5869565217391305
9982cb86d9945af9,0.8913043478260869
6e38093775893049,0.06521739130434782
8e485bc15d588355,0.29347826086956524
bc86a3c3a1b43a4e,0.13043478260869565
09e929c8245511d0,0.6630434782608695
de0c4c2d35c0dfd0,0.6956521739130435
df26a85ac97fdc75,0.8695652173913043
13fa7584895b6ae9,0.7065217391304348
55ace065341a0f23,0.5217391304347826
4dc0fc3ff050babb,0.8804347826086957
e6d90fcc32c78adf,0.6195652173913043
d9ebeef60571a974,0.05434782608695652
0bc2b9f39fecfe77,0.717391304347826
418f6424447c814a,0.6521739130434783
e0ba1600a308409d,0.14130434782608695
a3132dcf09573459,0.9021739130434783
58340aba1d2476c6,0.9565217391304348
1aa73b91a43f1150,0.6304347826086957
56c4fbead2003f91,0.07608695652173914
3d563d0fcc9a7244,0.1956521739130435
327c89441c802d47,0.8260869565217391
da9b90e61d13147b,0.6847826086956522
bc97d8ebe1c0dfd8,0.6630434782608695
0efbd5cbdd29cb10,0.5760869565217391
170f359a6c2d7b04,0.8586956521739131
58c3abaffbb38d0e,0.8804347826086957
8ce3a9af07d446c8,0.5869565217391305
69330e6e51383ae4,0.30434782608695654
327f45e3c3a79338,0.7282608695652174
9dcf97a17c04392d,0.17391304347826086
934e9e373d8004c3,0.41304347826086957
6057cc2ccd0b0c2b,0.9456521739130435
c81238fe5e82bf0b,0.31521739130434784
aebdf1ce96fc6d50,0.16304347826086957
8c262ec72b929fad,0.11956521739130435
c08caf8fed4ba7f7,0.532608695652174
47e960f8ace1a6fe,0.717391304347826
12c9af296883d1b2,0.44565217391304346
04d44d707fd44045,0.05434782608695652
0f732c9cb3d12786,0.5978260869565217
26aeb76d0c3a9c05,0.2826086956521739
8a1f32f34c0508c9,0.15217391304347827
908058e097b7d13b,0.8478260869565217
e99519e7bd503612,0.6956521739130435
efd9d53635cf03e8,0.75
ac03fb9f5c5632c7,0.13043478260869565
1bf20df25302b5c3,0.7608695652173914
d4c80a6d3c6d7492,0.5217391304347826
4ea8a544ecfaf756,0.967391304347826
cfadc3fc163e5c62,0.4891304347826087
6dbdbe1abafe7c79,0.5652173913043478
1f544773c9b4d0f0,0.358695652173913
85a5a9b073466dc6,0.5
b50e3c0450a85f82,0.22826086956521738
7e7c44c0591c29d7,0.391304347826087
6d60831428b02660,0.9130434782608695
c08cda757162b853,0.3695652173913043
50d559a4972e0966,1.0
4594231a2a533ebe,0.9239130434782609
8fd5be02d662b734,0.6086956521739131
61176434b4c5bdab,0.42391304347826086
13c2275102366fb2,0.10869565217391304
5f3b858c85eb985a,0.29347826086956524
023e6d0b311f451a,0.6413043478260869
3f41d64a9f0f2bb6,0.4673913043478261
3756eafd0c6d4eb0,0.8695652173913043
a049c70faa9d48f6,0.5108695652173914
dc48a7a0ec77d40e,0.5434782608695652
7de442f3ec0d7366,0.4782608695652174
71667304a489613b,0.043478260869565216
207cedd2d1726817,0.45652173913043476
3e3524d2484f4332,0.7717391304347826
e8e886334d84f718,0.09782608695652174
5304987d8ac537fe,0.20652173913043478
3f413a9d73fe07c2,0.8043478260869565
b8468aaaa1c2bb4e,0.6521739130434783
6579dd15994bf0a2,0.6739130434782609
d33019028eef5eee,0.40217391304347827
d1d42f87f3c33079,0.6195652173913043
965f5b5833c37365,0.33695652173913043
b15256752a9c9ff8,0.34782608695652173
08884ef6f9122293,0.2608695652173913
034a832186930a03,0.32608695652173914
15f3e19f33e497af,0.21739130434782608
7e86bf4ee3e0a09e,0.2717391304347826
66813e3253c03b26,0.06521739130434782
0758b850e9bb6786,0.9347826086956522
5675ca33dc6d0315,0.9021739130434783
8ce4e640627938e7,0.021739130434782608
47e41828b76877f7,0.08695652173913043
ccedf2c8d2242010,0.7934782608695652
d7bfb7ebe086b7b4,0.9565217391304348
b7313c99f4e11fb2,0.782608695652174
0cfdbade8b9ba7ff,0.8152173913043478
21f9e8da97024956,0.14130434782608695
2df058bbbb5fbe4d,0.2391304347826087
bae73313466ec702,0.5543478260869565
6f48013c61475fee,0.8369565217391305
ae1cfdc903263153,0.03260869565217391
ac411e102e810642,0.7391304347826086
3b571604a98606e5,0.010869565217391304
7871b3cd32d95a1c,0.25
fcb75b85b669f6d7,0.7065217391304348
1b17aed0ff2f5926,0.43478260869565216
0f33411d314e87f4,0.8913043478260869
4cff7ed08bbd1522,0.9891304347826086
b9f7fdddfda8a45e,0.9782608695652174
8f482a17665fef1c,0.18478260869565216
fabfbde3b255fba8,0.3804347826086957
add81a672ff8f3f2,0.40217391304347827
7951a25163e1efd4,0.9456521739130435
b9b31eb8347e7e91,0.7934782608695652
1e10dfa7bcb0c368,0.5760869565217391
a1946f4890391b38,0.30434782608695654
7c765d45fe6ef633,0.18478260869565216
2d9429817ee49e1a,0.2391304347826087
5956a106bb2fc912,0.967391304347826
9b9b01d7d02fea87,0.8260869565217391
063c014ce2d2cfd9,0.75
bb548d1e5e8caaf9,0.08695652173913043
cc05e9e6b36285a7,0.20652173913043478
5824fe059ca57077,0.15217391304347827
dccd78fa2afd939c,0.9565217391304348
42c2c14f865c08bb,0.391304347826087
a7ccf93df6f6ae5d,0.31521739130434784
fd5429ddd82158c6,0.7282608695652174
fc837047e03c2e4b,0.6521739130434783
6d30fc138c98b0a5,0.32608695652173914
eab3d9c75fe0a904,0.44565217391304346
caf69bcce7aa41fe,0.5108695652173914
8dbfff725728f31c,0.358695652173913
cdd00b0c754db65d,0.9782608695652174
cf89e15875792fe2,0.16304347826086957
67952852f71e77e6,0.43478260869565216
de179a02c7eff809,0.33695652173913043
32e070c59834e6bd,0.07608695652173914
11d8c637a75ee6cc,0.11956521739130435
7fa59d1dee47de33,0.9021739130434783
0cfd1574dd5b732a,0.6413043478260869
a2486c34b24c2330,0.6195652173913043
f2be26595b497aae,0.9239130434782609
198a5f2db8634367,0.5
92d4ba1b5127e798,0.8369565217391305
f293d501fd101d21,0.13043478260869565
b6e5fc35cbbc04dd,0.7608695652173914
59c8a2b30fee24e4,0.043478260869565216
f8a6dfafb6050572,0.06521739130434782
e6be06e478bc741c,0.6086956521739131
b3b2ec7b76ed87af,1.0
8acfaf2aeaf7ab61,0.4782608695652174
c4d3c561e9c2143a,0.2826086956521739
69662060ddf8fbde,0.6304347826086957
96f61e4245305bcb,0.03260869565217391
e3c1f9cbf9e94256,0.8586956521739131
bbc2d526c0bc1fcc,0.5652173913043478
56546bbcd69abdf2,0.3695652173913043
9f1c3526766edfe1,0.3804347826086957
3cfff22c30187c20,0.45652173913043476
ae21aa22f174093b,0.5434782608695652
37b7dc914ccaf741,0.5217391304347826
925ec083c0089147,0.532608695652174
a709bb92f4a20086,0.2717391304347826
39948711c6d02390,0.782608695652174
fb790c15e4bde105,0.1956521739130435
29b2affde318b1cd,0.010869565217391304
ecaa6362925536f2,0.021739130434782608
172e95ccc3e40aa7,0.5869565217391305
051de457b791bf3c,0.22826086956521738
883159932eb84899,0.5543478260869565
f8c9ce218c3ed8a4,0.2608695652173913
516be0b6e82b4909,0.42391304347826086
c209d0a8004691fe,0.17391304347826086
07d1cc51b829cca3,0.6630434782608695
d4cc9486c4f7a828,0.41304347826086957
8bc824eb361af810,0.8043478260869565
58eb98c1b9d5e190,0.8804347826086957
154c21e31e73846f,0.8913043478260869
731c6e1fa1fa332f,0.9347826086956522
b17e3baa2fb63741,0.8695652173913043
886181e5bc40b6ca,0.8478260869565217
8a8295f8bf425b3f,0.717391304347826
bdead0bb4cd11a8e,0.9130434782608695
850905e1f4b19076,0.7065217391304348
9e8d590305bf1c52,0.21739130434782608
9302065e6a6b91db,0.7717391304347826
934bacd3377e1268,0.5978260869565217
0aa364fb153b2928,0.34782608695652173
a7a1fa4141bd5a85,0.25
c1d730cc44a87880,0.8152173913043478
7b35221734bff1ce,0.14130434782608695
b8c8cb8ebd443c3d,0.9891304347826086
bd5a1ecfb15b3129,0.6847826086956522
6cb66c8ca656519a,0.6956521739130435
a482e2c1c6a8b0b1,0.29347826086956524
67afb54c3d0bdf55,0.6739130434782609
bad04ee06b9c49dd,0.09782608695652174
6a4dada54078b8f4,0.4673913043478261
d4f0a3a304537dd3,0.7391304347826086
4f5fca1e3638e673,0.4891304347826087
54ffc13e0444b0a4,0.05434782608695652
ab2f5728096f5506,0.10869565217391304
e646f15e614ef41c,0.5869565217391305
06a9c0a76e16708a,0.021739130434782608
d3094721eff0a3a4,0.9565217391304348
ae77593625bcea52,0.010869565217391304
c089990a205c7608,0.8369565217391305
aee56aaa48499f34,0.31521739130434784
d3f567ad716b61fd,0.25
f294c2c64bfb882e,0.45652173913043476
62cbb136a6f7450e,0.6956521739130435
75be51b0ef5e63a6,0.05434782608695652
47f2d89c1d1c5869,0.391304347826087
5424769044d070d0,0.4673913043478261
9376c4348f662ccf,0.7282608695652174
fa18fdebc19dda44,0.8043478260869565
b7a8b3bb5bed7c6d,0.9347826086956522
ea819ffb0d3e716c,0.7934782608695652
929437f5c9738395,0.15217391304347827
a257071748d467dc,0.7065217391304348
b32ebf072ce53ff7,0.5434782608695652
2ebc472e0c36c348,0.9456521739130435
b7336df9a7898865,0.75
327fbd9296e3dba8,0.11956521739130435
440e08759b77f5f2,0.5
bf428f7bb0f7ec3b,0.14130434782608695
46003a5fb36e4da3,0.5108695652173914
677cd3ab48daa52c,0.9891304347826086
489c34b75da838e3,0.17391304347826086
7ed5336bdaabbc26,0.4782608695652174
45807f5a5fd3197f,0.16304347826086957
f78957957009e64f,0.5652173913043478
80a53ea49d56a801,0.42391304347826086
98502db5679f49ad,0.8152173913043478
d52f58638e16526c,0.6304347826086957
5d0873cc84aa0e50,0.7717391304347826
b2c1f917cf097be2,0.8478260869565217
f1802ad578363da3,0.5217391304347826
f313821200b37699,0.7608695652173914
fc13c59ebad54a0b,0.9239130434782609
09d28964152406ae,0.2826086956521739
2561c2c20a290ec1,0.09782608695652174
80d42b81de08dfc0,0.4891304347826087
95941cb7e523748e,0.2391304347826087
bc540ad6b2c55848,0.5543478260869565
620c52136021ba0a,0.5760869565217391
1b2ebb1cbcdbad14,0.07608695652173914
a059e793f9b58fa3,0.40217391304347827
0477f4a60c7aff7f,0.6413043478260869
abf6feb866133a5b,0.6630434782608695
a421797809268675,0.10869565217391304
1df597467aff67c4,0.6739130434782609
f8456d99c39210a5,0.8586956521739131
fa1e6df2e1fccb91,0.043478260869565216
02147864dca46dac,0.5978260869565217
035ee5a596408c81,0.30434782608695654
cdb8a2d3e9f1e373,0.8804347826086957
36592e5ffeb52862,0.1956521739130435
0dba5be271b5271b,0.03260869565217391
65a95832999c7d8e,0.22826086956521738
b3821288c6f46898,0.41304347826086957
af51bf6d27c8c1e6,0.32608695652173914
8acf8043d5a9c727,0.782608695652174
91ef23ccc292a0c2,0.2608695652173913
623ead8d70fe842b,0.967391304347826
91214dafe5e7c1c1,0.6195652173913043
c3c3e0d4e3064202,0.7391304347826086
cdc3ae46efe0be76,0.21739130434782608
09f723390ffbb669,0.8260869565217391
0d00029574b4f02c,0.43478260869565216
e44918889df9ef96,0.9782608695652174
eca0a90aaed84c7c,0.29347826086956524
bda06f1b054d5c81,0.20652173913043478
bf510c30b3eb57b7,0.9021739130434783
33a0d61fe2216cd4,0.44565217391304346
bfba738a384074b7,0.18478260869565216
4ee62fdac2600953,0.9130434782608695
2cba7652990327b9,0.6086956521739131
45fe63b90da3af1e,0.2717391304347826
7cf1b050562501c9,0.33695652173913043
6b827eddcef822d0,0.6521739130434783
60781c5daa7d7460,0.717391304347826
58cd6a5706722842,0.06521739130434782
559e2d8063a74731,0.08695652173913043
5e9cc630ed1dad05,0.13043478260869565
02fa1a20fb8615c4,0.3804347826086957
504e81f41e018ce3,1.0
9356671314a53157,0.3695652173913043
5d997806094bcca9,0.6847826086956522
e649d618859ffad1,0.8695652173913043
747f1dcab8174dac,0.8913043478260869
370d1a9c96d511bd,0.532608695652174
b6856cec3732d4bb,0.34782608695652173
8ff49a52e84f14cb,0.358695652173913
72b2d2b353ddbb0e,0.4673913043478261
874ac16f458b0bcc,0.9782608695652174
4b5e730de62a539e,0.21739130434782608
b3fdc2863866632b,0.5
9bded078a19f8565,0.30434782608695654
6fbf9de6095c2c04,0.08695652173913043
170acaa60fe7988f,0.2826086956521739
a7151a14e1490b73,0.967391304347826
2cf463dbebd899ee,0.2391304347826087
76e55bd33dd3727d,0.3695652173913043
bc5534d250375157,0.5760869565217391
664ba56879ede8ec,0.15217391304347827
dce4af863e0ae729,0.6304347826086957
6bb64158a0fbb578,0.8043478260869565
ca22491f7926bdf5,0.06521739130434782
ca82bd68c90365f2,0.05434782608695652
87e9907afa32e6dc,0.20652173913043478
d93d142dfd36c7fc,0.7282608695652174
f41425929aaa0660,0.5108695652173914
075dd41b609d1f44,0.9565217391304348
009fe1cbd117aebd,0.7065217391304348
67e8b64b77227cff,0.29347826086956524
9548909fc3ba448f,0.358695652173913
8ab02837e3b21a31,0.532608695652174
c05b9c2d213ba90a,0.7717391304347826
64c5a89f6601ed1c,0.6195652173913043
f096b7980a85311f,0.6521739130434783
be5a26959f4296cf,0.5543478260869565
431a47dedde47b59,0.7934782608695652
b580c47c682ce61d,0.5217391304347826
4dc2ca8e6634efa5,0.34782608695652173
8a4d63c359a872bd,0.5434782608695652
d5ee9a98cdaf0b55,0.6413043478260869
a7f56de234d1bb24,0.32608695652173914
7944c426b06be7ee,0.09782608695652174
42a49901f43746b3,0.31521739130434784
3c09ef8ef86cedda,1.0
d42d7d57ef4bab56,0.44565217391304346
9055b23efb22f3eb,0.6956521739130435
e2fdf3d625233b0e,0.22826086956521738
cf513dcd1879e7a8,0.391304347826087
f14bed0676b61fc1,0.33695652173913043
e29d8c3f21117943,0.7391304347826086
4a33aebb4ff7464c,0.9021739130434783
b9f6ccd66476e514,0.45652173913043476
c9a0fe8b60a7ce04,0.7608695652173914
e135645061a6d018,0.10869565217391304
a1b6fdc5f74f0444,0.5978260869565217
43db5deee18c53e7,0.5652173913043478
761c2651930fec92,0.2608695652173913
9cb797484ba33624,0.9239130434782609
87d71866c749f593,0.2717391304347826
69034dd066e59f7a,0.17391304347826086
e6e236f1ed98e27b,0.6630434782608695
da57511abefb3113,0.9347826086956522
38fd46c12a13dbad,0.8478260869565217
b53f7c3984d2045d,0.9891304347826086
423ea02af10da9ba,0.8152173913043478
d1298ac36da0df5b,0.021739130434782608
fa9a348f0bf2c7a1,0.11956521739130435
a567436bbc5f034f,0.25
329f113785893646,0.18478260869565216
9cd284155882f36f,0.6086956521739131
6131625ede699cf8,0.8804347826086957
7a2ea485f32e8a79,0.1956521739130435
3b9ad7341e17dcdb,0.42391304347826086
dfb78ecd123569a0,0.03260869565217391
0992c4ba28173426,0.6847826086956522
ba1cb2e9434f7f5b,0.8695652173913043
ccc5e3d0e410fe0b,0.16304347826086957
725e449b7cd5a818,0.9456521739130435
6eb8482f12b73c59,0.9130434782608695
e353583b873ecc3b,0.6739130434782609
eb3a9c72251189e2,0.07608695652173914
5784273e8b919918,0.010869565217391304
a0cdbdea484f2c4e,0.43478260869565216
b4ffd8c7ddac3634,0.14130434782608695
24ea751c077d5208,0.717391304347826
03c0e12527dabf03,0.41304347826086957
aeee442d0bb76de9,0.5869565217391305
d24d366fc8d2132b,0.043478260869565216
713cca0476a1fd20,0.13043478260869565
7418e885719f7684,0.3804347826086957
c8d685a7035fbddd,0.40217391304347827
623bbb2653f9380e,0.8913043478260869
9ce867b1c84d0b95,0.75
2b4374837acd01b9,0.8586956521739131
32b43c38f97cd2d9,0.782608695652174
1cb3556fd61b1f62,0.8260869565217391
00e0f3ec8c7e3add,0.4782608695652174
6f53230c9062d41d,0.4891304347826087
94443ae7f13f5031,0.8369565217391305
4e1ced12a708ab35,0.3695652173913043
81ca4886aca8be96,0.8260869565217391
d073aeee619654e2,0.05434782608695652
1dcbe73ee54b032a,0.9021739130434783
83e11db27548325a,0.32608695652173914
29f50210c69123ea,0.9130434782608695
cb9d24962425f363,0.8043478260869565
e2cb8dab7465794a,1.0
8c28e8d504bebcae,0.34782608695652173
a533fd452029fab7,0.5869565217391305
ae8984b9ab8ebd98,0.010869565217391304
b02838d734c22fb9,0.44565217391304346
0efc7ab02283d49c,0.45652173913043476
4559e2db6684edf1,0.6521739130434783
5c3e8f4e7a74e7b9,0.7934782608695652
19f2b5d86d21b6de,0.10869565217391304
9270b08c64d1ba09,0.33695652173913043
2d2f53dc78f6635c,0.41304347826086957
612455ae2efae0b2,0.7717391304347826
64d6f3cd0525219b,0.717391304347826
d5255f7e3055cc0a,0.9891304347826086
4a98ff59621f0346,0.532608695652174
82c74c2725f54938,0.13043478260869565
37d4638a7731837e,0.5108695652173914
97948b03feeaeacc,0.22826086956521738
d88a2e6699372bc5,0.6956521739130435
8b0a7c888cc8ce21,0.18478260869565216
e335ec11caca08b2,0.9239130434782609
bcf6e4e3de8056bd,0.21739130434782608
b4cada050d3f0db4,0.9565217391304348
f9a82c6799c03f30,0.5217391304347826
45586e2add733ccf,0.8804347826086957
e98373a4752dca20,0.6086956521739131
bd6f5edd0cdd353a,0.8586956521739131
2ba48476017d168b,0.8369565217391305
6349216f54ce908e,0.9782608695652174
e29117ad884bf093,0.2608695652173913
e2b197c39ba10160,0.7065217391304348
b0b288ae43b9047d,0.5434782608695652
5381ac4f395f3095,0.391304347826087
d17b01ad05711dc2,0.8478260869565217
234b11f605e27197,0.40217391304347827
c40f5bafc277194d,0.2391304347826087
fb09c4dedc0e41e1,0.20652173913043478
1f3ccd4103b46336,0.11956521739130435
7776f7770a827158,0.14130434782608695
9125687c47e817f6,0.08695652173913043
2390935e8c27505c,0.03260869565217391
b2233d02f7ade3f0,0.5760869565217391
88c83e57630c9e29,0.7282608695652174
996fb86a609c87d0,0.43478260869565216
5fdd721608991735,0.29347826086956524
52c352062d4b5a64,0.7391304347826086
6246e593c408ab9e,0.9347826086956522
15353fe20e5c1442,0.6847826086956522
680ea8da149e7810,0.6739130434782609
7f0c8a5a26abbd7d,0.5978260869565217
e12046a665e943a4,0.5543478260869565
bb12ab638610e20d,0.043478260869565216
56e5c9fbe64ea642,0.15217391304347827
52d16d71b0642b31,0.42391304347826086
df579e283f2e2843,0.782608695652174
ae59ef7ccd6745d6,0.358695652173913
f8e3715452548f26,0.09782608695652174
2e7b705ef80101f5,0.5652173913043478
7311021784729c2c,0.07608695652173914
fabb8f5760366543,0.1956521739130435
6c3012366e62081e,0.7608695652173914
9638ffd17bed880b,0.30434782608695654
b871569a56c70969,0.6413043478260869
fa4a917a560bbea7,0.6195652173913043
827c994061c02ab3,0.5
400e8cc17b6ac1f2,0.8695652173913043
d88899d1f984f154,0.2826086956521739
9cff6068ec629fe0,0.25
edb23dd44bca06ec,0.17391304347826086
ebd5ea6f22bd833b,0.8152173913043478
d0dac046553354c5,0.6630434782608695
437805cd110289bd,0.967391304347826
c409082127552271,0.2717391304347826
fea204480943b8ba,0.31521739130434784
43644d775e70785c,0.3804347826086957
e7cc6169a34fb029,0.4673913043478261
fb36d0f16ea8e92b,0.021739130434782608
7c2a4e118906b00b,0.06521739130434782
8536ff409dbe9b70,0.16304347826086957
a04241710f752b17,0.8913043478260869
39c9f2f5149f1a4d,0.6304347826086957
74b6c946e47ae13f,0.4891304347826087
eff029ec4b6456e9,0.9456521739130435
242afba9148da89b,0.75
d0d591343a187c6b,0.4782608695652174
43549b682439da6e,0.07608695652173914
7b94079cd6db56ab,0.7717391304347826
86435581d3517e6c,0.13043478260869565
86e6accbc30dc6d0,0.41304347826086957
0fc26f702b3b60ba,0.17391304347826086
1826dd596a7d5da4,0.4891304347826087
529f47a1da4ec240,0.18478260869565216
398ebe972fedd1ee,0.5434782608695652
7ccff4a554c5c6b7,0.6521739130434783
b4d406d8e0dc4688,0.6739130434782609
3e8953604561fcf7,0.021739130434782608
078c75273f3e7343,0.6413043478260869
b41d2a4b1baa97a5,0.5869565217391305
9bf765962050a27c,0.15217391304347827
091140bf9b02be91,0.782608695652174
6dfccc52267700ae,0.22826086956521738
a1072ddbedd95709,0.6195652173913043
71d7da884a152505,0.32608695652173914
14544e1c3780a775,0.33695652173913043
7b23394284c814ca,0.8913043478260869
3848445964d59517,0.9891304347826086
37abd64f798748f5,0.25
0b0a47a74544d908,0.6956521739130435
5569eb032e23a5de,0.8260869565217391
a1fc466e654f383e,0.44565217391304346
7d4a434b038c1666,0.40217391304347827
795ec9c99cc05170,0.9239130434782609
2ddbb8c6d3360c1d,0.31521739130434784
2ad1e4480901b1d7,0.967391304347826
01f2543321635c9b,0.4673913043478261
3658aa689aa3e20b,0.8369565217391305
399341ae6d51fa37,0.7934782608695652
86acc424a1499517,0.11956521739130435
bcd832c2ddfd1ceb,0.30434782608695654
c0fde3d60c5e2587,0.6630434782608695
94051f6acf653180,0.42391304347826086
3d236ec87c368792,0.9456521739130435
334d952e5f23c272,0.2608695652173913
91bfffc24b0410e3,0.06521739130434782
618c055f41a154ee,0.717391304347826
7f3ac10db11a68c8,0.358695652173913
acb4558852235116,0.7065217391304348
f4f7908b28a8a816,0.8043478260869565
a640e7e663df7f10,0.08695652173913043
4644705af64d7e07,0.5652173913043478
462613cc9aa45f12,0.03260869565217391
a88cf642aebb6c54,0.3695652173913043
e3c06b5d80c18946,0.1956521739130435
d5d59402c9bc353a,0.21739130434782608
3c274e6e4b853500,0.8695652173913043
afe85116afcdaa9b,0.532608695652174
2bd1ae7d5b3d40d7,0.7391304347826086
5c3738f3d0440673,0.2826086956521739
ba124fdfc9dc21a8,0.05434782608695652
b5b4954c3ac4cc9f,0.75
d9002dc91f5d431f,0.8586956521739131
ef7b7563fbd67bf8,0.9347826086956522
852a0d51d044d829,0.5543478260869565
04ffd416f0f44583,0.45652173913043476
b8388c6805c960c8,0.9565217391304348
1e3ec4fc66f5417d,0.010869565217391304
72648506005babf3,0.9782608695652174
b69c1210e3be4e10,0.7282608695652174
d7d196fd8cd1330d,0.7608695652173914
319280ddd3ae218a,0.5978260869565217
729d46ecfac24157,0.8478260869565217
f14457994e1569d3,0.43478260869565216
f9d8ba9847b57929,0.29347826086956524
9f9f9b72ecc4d0d1,1.0
6ec50edfd131e889,0.2717391304347826
4b722c30892a2e15,0.6304347826086957
69dbabc51212cab7,0.391304347826087
a275860d3825bdf5,0.9130434782608695
0e9a01a4dc9e90d9,0.6086956521739131
bf475f7c9701b511,0.20652173913043478
7b3324004d70b470,0.10869565217391304
3d4b35b6eb56b5d3,0.3804347826086957
f85c32eaa98353c4,0.8152173913043478
c3d7794a69d3223d,0.09782608695652174
c2036a427a1030a4,0.5217391304347826
dba66bd4c745608b,0.4782608695652174
98374fc69f20756f,0.5
6dd41b6d7c46c5fd,0.8804347826086957
b39bff38cf56f281,0.16304347826086957
4ef66b0d505009f0,0.5108695652173914
8d722f1898be2175,0.6847826086956522
aaf5d3f315a18386,0.5760869565217391
ba869d43368d6fbe,0.9021739130434783
b0208dcda5a961ed,0.2391304347826087
8ffc80a64a2c1b8e,0.043478260869565216
f366a7acbb5673dc,0.34782608695652173
663f19e06d526e10,0.14130434782608695
9d79fc214f5f4add,0.13043478260869565
2200014840c42817,0.782608695652174
2b8329a446ff2bbc,0.25
9564df80a0bf2240,0.7391304347826086
068f4e6516a2b373,0.021739130434782608
b61f9114f93f72ed,0.9891304347826086
56f12f7ccb274dfb,0.29347826086956524
dea0d3d334f06cfd,0.358695652173913
432af7a8057012e8,0.967391304347826
f587bc847b35eecc,0.2391304347826087
5fc4bd6e42e279a8,0.14130434782608695
b211ed5f7c28f0fc,0.4891304347826087
7512d276778bc795,0.6304347826086957
8468ee9fa783990f,0.6847826086956522
f468bdb185a23a50,0.22826086956521738
0598544fbd6d538b,0.4673913043478261
ee02b40c0e46d87e,0.5869565217391305
063854e425e42b11,0.3804347826086957
732eeebeb542c761,0.45652173913043476
94b1aabaec86de06,0.8369565217391305
8eb29962c8a4e5b2,0.6630434782608695
47bd0e4bed9a061e,0.8260869565217391
e18b1851786535af,0.7717391304347826
a9f52d24e66d66bf,0.43478260869565216
301ad97cb789555a,0.3695652173913043
f30736450efd73c3,0.5434782608695652
7d183a04e3f98f97,0.21739130434782608
d195ff9a5f4aa071,0.8152173913043478
337818e7e8eec664,0.717391304347826
0c04e1a250a130f1,0.2608695652173913
315df0d69992d29c,0.6739130434782609
ba69a26bb1570d06,0.8695652173913043
241a306610990d32,0.6413043478260869
322c972101a4d169,0.4782608695652174
4f25bcffa0a58c2b,0.8586956521739131
7b80b0f06736a66d,0.9239130434782609
8b7fed16e3c78fbb,0.9456521739130435
ac8e49d31ea91457,0.9021739130434783
9bc11dbf374f2846,0.32608695652173914
02429b2376b1f044,0.7608695652173914
8543789563cc2d6e,0.5760869565217391
3b5c4ee4b54a2595,0.44565217391304346
ba0e518ac6403f82,0.07608695652173914
973fc687b5a31a2f,0.5
4111facaa8f0f35f,0.1956521739130435
10648120e8d0faac,0.31521739130434784
c06997283263976a,1.0
6356ddd85168323c,0.05434782608695652
6c00f465f85afb54,0.391304347826087
e136d92560072de5,0.9347826086956522
e9f4becc3758babe,0.5652173913043478
8a391f57ea1bf799,0.30434782608695654
17299748724ebd63,0.2717391304347826
cf7c5d57d68feed4,0.34782608695652173
974a8b0e277076e4,0.6086956521739131
72dfb33660850aaf,0.5978260869565217
ec57668196f44cc7,0.09782608695652174
3f50781da1d3e1ca,0.20652173913043478
162b926209f40b0d,0.5108695652173914
8d3016723f8cb2ed,0.9130434782608695
432231f86b9e5eea,0.5217391304347826
a948186990b45aaf,0.08695652173913043
94f75d2feb995b55,0.6195652173913043
5df475f8db4462ea,0.33695652173913043
16975651cb60c2b4,0.9565217391304348
401ccfe33d022962,0.6956521739130435
04e76e3ec2690ae9,0.8913043478260869
16b1f6332ef27cd3,0.7282608695652174
3d572465b741ff9f,0.10869565217391304
6e583a8aa6c21fcd,0.010869565217391304
71ed1d4ade5d0023,0.18478260869565216
75ec4a9c7cb5937d,0.043478260869565216
9346caa38dc749a3,0.15217391304347827
1687a726e2b7413d,0.40217391304347827
2567d76bcfe8a7c8,0.8804347826086957
91ffa330289695ed,0.16304347826086957
9f60ba7db3f77636,0.7934782608695652
916aec8a16cc7f4d,0.17391304347826086
fba5cc8d930f1a53,0.42391304347826086
83c461c147b9733b,0.75
e75bf96cb934a397,0.532608695652174
754810ca391cca7b,0.6521739130434783
b1526f28a4e55c4d,0.11956521739130435
057c58b141513b83,0.7065217391304348
f37836bc6f472b91,0.8043478260869565
8b6fe6505e759cf9,0.9782608695652174
f20ca08306b91d7b,0.2826086956521739
6d0172de1ae13e00,0.8478260869565217
8974c615614cca1f,0.03260869565217391
925e4e7018e60ac3,0.41304347826086957
6dc08875c5d494c2,0.06521739130434782
72a14b52ff1cb89c,0.5543478260869565
1c8d680e92c7332e,0.5652173913043478
6b44f09de93f207f,0.5543478260869565
8022b90916635e7f,0.7391304347826086
429c4feb0bd36b34,0.7282608695652174
970824faedb8fd4b,0.6739130434782609
e1f356a38758dac5,0.29347826086956524
41c152377ba108e9,0.08695652173913043
159b8cadd6d52b73,0.6086956521739131
4c74e95b5f5880cf,0.9782608695652174
e9890e0cdb6f1bf6,0.06521739130434782
ce5bd8515329892d,0.9130434782608695
14543a1cf2116ecc,0.4782608695652174
0c320d855a2df849,0.40217391304347827
30c3c1de17c25b4b,0.10869565217391304
263972f3607999e1,0.22826086956521738
f77bb317cc328d67,0.967391304347826
b30ca0388c160908,0.7934782608695652
29b098f6ad203ca0,0.17391304347826086
13fe9b67c4045231,0.9456521739130435
1db20f0d35d53da9,0.5108695652173914
36d4d8c02a0de00e,0.6413043478260869
ba4763c9bd03086a,0.717391304347826
301a5e781222f619,0.7717391304347826
228c9b9f30ab46d5,0.043478260869565216
1578c21b5a3e5b9f,0.9239130434782609
0aa8a3deac0e4efd,0.32608695652173914
531a43beb5cc22f5,0.6304347826086957
c04e0f3d62dfb0b3,0.7065217391304348
32670ed1b8e3f007,1.0
ae5b7281580dec2b,0.5217391304347826
7ce074c086856d87,0.782608695652174
29b5d1b983c29377,0.6956521739130435
2b89825df9d9e9d2,0.16304347826086957
be4eeaef31bf156a,0.34782608695652173
2c4302e0ba3a42ef,0.20652173913043478
3973f704e0697b88,0.010869565217391304
40d98263ad61952c,0.8043478260869565
7d2a8422e454f609,0.9347826086956522
da472d0f989b45ec,0.15217391304347827
d5e56eb172de23b8,0.41304347826086957
72443a125794cb5a,0.2717391304347826
9ea862b1edfede4d,0.05434782608695652
02b271bc32e3ba53,0.5869565217391305
e1ddd7900b75f1da,0.45652173913043476
3b014e1f8f71b6f5,0.09782608695652174
833b599bec552932,0.13043478260869565
1a0fcf546d4e16a6,0.44565217391304346
1e19ba42e61d725f,0.4673913043478261
171d452368ff1cfd,0.5760869565217391
e7ce88c6c0085908,0.30434782608695654
1c9a58e2c54f1748,0.3695652173913043
e1206e8caa3af6c0,0.8695652173913043
66da2414f1f4732a,0.9021739130434783
3d3a779336dd956d,0.14130434782608695
893dc2337776b629,0.7608695652173914
29aa8bdabb08f3b1,0.33695652173913043
ad1c72e503b2fb7f,0.42391304347826086
3ff3531194a0c464,0.4891304347826087
a66a657b629cdcf1,0.358695652173913
6ab50b9804b12f29,0.21739130434782608
9fb48eead9d2938c,0.2391304347826087
0b00512beaacc8fc,0.25
f72fce46f02f3071,0.3804347826086957
60a2a7f970c084f6,0.5434782608695652
52b96bb70b54f2e0,0.9891304347826086
3cfeaa5e77476590,0.8369565217391305
fd0339a895d5e4c4,0.1956521739130435
6c691327edcecb20,0.6847826086956522
b989c10e38404e44,0.8152173913043478
d1eec5ea0764c776,0.6521739130434783
af464d83b780eb04,0.5978260869565217
d2437684d69f317c,0.8260869565217391
dcae7c28050c5a1c,0.6630434782608695
04acd5d55738d533,0.2608695652173913
a360a6c516964068,0.31521739130434784
0d7288eb1e8ade22,0.532608695652174
c78715711e00a19b,0.8913043478260869
986282028044b5e3,0.43478260869565216
8e4f9875ef47ef91,0.18478260869565216
4c0c1ff5c66638aa,0.07608695652173914
be6b9674d5766abe,0.11956521739130435
36f2a81ef1ee0da1,0.6195652173913043
78c726772d715658,0.8586956521739131
6601627814af7034,0.391304347826087
712f014702d902e7,0.5
cda89b1cfe50d401,0.021739130434782608
8aa9c783dd29754d,0.9565217391304348
4cc266b23c06cb4a,0.8804347826086957
d47385bdc199f9f6,0.03260869565217391
77e7b26832d9f57b,0.75
fff3890f0f4df96c,0.2826086956521739
a785a78126e080ac,0.8478260869565217
c94b3de453e599f1,0.5543478260869565
87720e32ee862fe7,0.75
3dfce0b53ba8b6f8,0.18478260869565216
b8a4be6839156778,0.6086956521739131
cccf6e59fcb4a91c,0.31521739130434784
295840a34bce50c2,0.29347826086956524
55e3c93336aa7f2b,0.9239130434782609
2eeafa00f5d0073f,0.16304347826086957
f53df24c4dacd5f6,0.717391304347826
af561e23052a2f00,0.21739130434782608
03be16fee06b3b2c,0.06521739130434782
2ce4da8ff9c39bf2,0.043478260869565216
7598770ca6fc7b6f,0.6739130434782609
911936ed982f9659,0.44565217391304346
4d7d513ab2f677f2,0.532608695652174
5fd816167979a8c8,0.7717391304347826
9bbc145f094715d1,0.5
a11aacac38364129,0.967391304347826
4f741353df3816dd,0.7065217391304348
45aaee8d4f5e937a,0.08695652173913043
6d322989c5fe7c31,0.4673913043478261
6fc0a31c5fd7ea23,0.021739130434782608
ea175cb9b03fcde0,0.782608695652174
3eb4b5a44ee89c8a,0.8369565217391305
8d5aefa3f71d47d2,1.0
896999fd2bcf0593,0.9565217391304348
4f3d2a7c14eb67b0,0.3695652173913043
7d17c13365e06f15,0.5652173913043478
a957858e6beecf0f,0.05434782608695652
3f80ad06b3171dcd,0.8043478260869565
a072f35904a8a372,0.10869565217391304
8a57b760169c14cc,0.8913043478260869
16871206fb5424dc,0.5434782608695652
389107a9c6f84c2f,0.7934782608695652
f71c6b8ab7d6f390,0.6956521739130435
f227468e03a7369b,0.8586956521739131
8de43891a68322fa,0.2717391304347826
f12e0344547107a3,0.010869565217391304
d4c5f8915e23409f,0.43478260869565216
d45a7d0d5cda2a91,0.07608695652173914
f66da0d87edd5337,0.9021739130434783
9379417b8310cab7,0.2826086956521739
24436af624889d23,0.5869565217391305
7be5c0d2c08e9875,0.5978260869565217
817c16a4bb7e84eb,0.8478260869565217
db871fcafc993bcf,0.9347826086956522
98ecf7159ad963f5,0.1956521739130435
31a384677d949158,0.15217391304347827
5016e1caec6a3b8c,0.6413043478260869
5226f72275826721,0.13043478260869565
568dc9c36d2f7130,0.358695652173913
97b69c6cda5bc605,0.34782608695652173
a50ca0643a45fdd6,0.5760869565217391
305f1d17a12fe44f,0.2391304347826087
90ca8d549336596e,0.7608695652173914
38120e03fbd82abd,0.32608695652173914
c2dea3abbe703fad,0.8260869565217391
c862badbe64fd4a4,0.2608695652173913
2c4ee914dd82d818,0.9456521739130435
50f2567b038df54d,0.6630434782608695
6bbdc7a2ea1c2eb0,0.22826086956521738
1f2e19d4f7d96e36,0.9782608695652174
921b357df4a56e54,0.8152173913043478
3436309ee09a67cf,0.33695652173913043
ff54615bde5da2ed,0.09782608695652174
2ed978410766dc25,0.03260869565217391
132ebb1bdb9a08c9,0.11956521739130435
81ccf85ca8a2a619,0.3804347826086957
7a9202c9381b182c,0.45652173913043476
6571bec761348e9f,0.7391304347826086
2c4a5db2cd2c1960,0.6195652173913043
b73ae556503ff3ca,0.41304347826086957
a8c183dd82bcf464,0.25
ca4807df5c95d88c,0.42391304347826086
c4baf9a6afd24b44,0.4891304347826087
01f34e40e4cf11f8,0.6521739130434783
87950370bb5ba337,0.5108695652173914
59bd2793c7bcf022,0.8804347826086957
dadaaf0f560a3884,0.391304347826087
59d2978098244eb7,0.40217391304347827
2e2598f45d1b93ff,0.30434782608695654
0d584cd72a1ea828,0.4782608695652174
a1cf025e6bea2dbe,0.5217391304347826
60868933d26f811b,0.6847826086956522
cb8856acdcc3d967,0.9891304347826086
5de0217ab3539f1e,0.8695652173913043
001d27a492fc20e9,0.17391304347826086
687f18d34d463b6d,0.20652173913043478
25bbf76650176936,0.9130434782608695
4b7be9a42f09de70,0.7282608695652174
d4290eec84e4b35b,0.14130434782608695
f1ff4025206eedc3,0.6304347826086957
61fc2d4656338872,0.44565217391304346
b12c59f3aacd5bb2,0.8260869565217391
77c830fae8c62338,0.15217391304347827
a0d4f14735fbba51,0.8152173913043478
61d0c6b7268c09ee,1.0
8067eac134e58f62,0.6304347826086957
f663e1b2e63a69cc,0.07608695652173914
c0ccdef62ac4b7c9,0.9239130434782609
ae4f568769d15d25,0.8913043478260869
f260d71fdc4396f6,0.5108695652173914
c5fd16112c62d4dc,0.7391304347826086
39af786ff5452f43,0.29347826086956524
bfe7303c7a0eab12,0.16304347826086957
c6185aeee5d0b288,0.9347826086956522
d4ff15212108c8cd,0.043478260869565216
c100be5d5a540a24,0.7065217391304348
938e8990d1dd5bb9,0.6086956521739131
ca0e63372124769b,0.03260869565217391
c28e475aaa1bd636,0.6847826086956522
3668fc3d46cf70d2,0.8478260869565217
a0267aebe9db3693,0.17391304347826086
1a0c66762eb8dfd0,0.18478260869565216
6224da8d3672686a,0.5217391304347826
4324f380ec89e342,0.06521739130434782
ded375717a9e5747,0.6956521739130435
6be8866da379e628,0.5543478260869565
74082bf90160198e,0.010869565217391304
6ca72f7d5da24361,0.75
3f389f5d6abdea75,0.30434782608695654
09b41eccf9380298,0.6413043478260869
46c62928f40b84c4,0.782608695652174
38192c518a62051e,0.6195652173913043
1e4e0377626c34b3,0.8043478260869565
43f5bd14b9867167,0.5652173913043478
b7a2d615b0eae8e5,0.3804347826086957
be401fc0c9e7100b,0.9456521739130435
f1e8b23f49a25a41,0.9021739130434783
48ae75f2bf829a2d,0.05434782608695652
f0a9854749765f10,0.8804347826086957
b88587095cea2af8,0.5434782608695652
4d53b6f496ca8799,0.4782608695652174
844ad2ad85974764,0.31521739130434784
515a39822ce0c7d6,0.8586956521739131
d20e91554439a182,0.42391304347826086
573a30a8d2391ffa,0.43478260869565216
cb8ce98f5a00f01e,0.5978260869565217
d94e9b27b1149c0b,0.13043478260869565
a6f8ffc46ad78207,0.5869565217391305
9606579289a5d208,0.20652173913043478
35b55f2a97467eb6,0.2826086956521739
8a6d69f0cfe157e7,0.25
760aab0b5621a401,0.11956521739130435
53b9a3fa6fd5f539,0.6739130434782609
5709ac2c74a96dd9,0.532608695652174
eb7d669e8f5f178a,0.9130434782608695
f169983b0017b3e2,0.22826086956521738
2eb1c96521f91417,0.34782608695652173
033525c79f747c3e,0.7282608695652174
6168951932d5cb53,0.967391304347826
3ad9569eeafdb217,0.2608695652173913
ab08ee2840994c3b,0.8695652173913043
ceb3e443cd00f8a8,0.1956521739130435
3a2cf51823f33503,0.21739130434782608
c6350c56cbd816f7,0.5760869565217391
c1e4e05ef0ba6635,0.9782608695652174
6987b94bd556124b,0.2717391304347826
fd084b0f8726c246,0.33695652173913043
b09b777c03f20c86,0.8369565217391305
4e168425471b5c41,0.08695652173913043
d9b1d0a688bc39d3,0.4891304347826087
6156131d703e58f0,0.41304347826086957
bfe6c35d110b40cc,0.14130434782608695
f257c790f6175284,0.7608695652173914
23f226c70f123493,0.4673913043478261
8cb7026d0a7df7b6,0.32608695652173914
935165d15840c3f3,0.6630434782608695
ce5c73aab0cff5a0,0.3695652173913043
46d92edff67f0c7b,0.2391304347826087
14623b69c0d54342,0.717391304347826
314902ead1a96f3a,0.021739130434782608
28ede58777aaefdf,0.358695652173913
5081e6b2afb1c91c,0.40217391304347827
c9e657b9d40554a7,0.5
46ccae331ac46c43,0.6521739130434783
b0c048d3845b55b7,0.9891304347826086
e3e86764f48ad402,0.10869565217391304
7b11dcee4fe2e185,0.7717391304347826
be3289e0840645c0,0.09782608695652174
ee0a78d662592f3b,0.45652173913043476
4dcd11645ba06256,0.9565217391304348
b26cd186a2416ae4,0.391304347826087
8f8082380d952727,0.7934782608695652
dd15ce0ba8dd51a2,0.021739130434782608
4294a224191be738,0.8695652173913043
9386115f86bed1b0,0.42391304347826086
f3772f9bba501b7e,0.8152173913043478
4ef0c91a98498b3e,0.5978260869565217
8ddedee40b0569f8,0.21739130434782608
da077f4bd1030bac,0.11956521739130435
ee8255f2c9ecba08,0.5
7316c73dd8d951d9,0.4891304347826087
8e09a57ade4a6a9e,0.16304347826086957
6cb404ab15d43d27,1.0
5e3102c94840d006,0.782608695652174
cd03317bb94632af,0.18478260869565216
b602c68130481b0f,0.8804347826086957
e434769589fd0b88,0.8369565217391305
3cb4b9c806874f51,0.6956521739130435
e009e858409238f6,0.41304347826086957
6db0c04b53ce6a34,0.7934782608695652
dc5678e677cdb392,0.3695652173913043
8b2185f612cc6d42,0.6630434782608695
f2a71f419d132ee8,0.31521739130434784
aba3b939078b5f17,0.391304347826087
28542584415aa0ab,0.5652173913043478
fcd3588c7a3a7bcc,0.5434782608695652
7e0c6475f99626c1,0.2608695652173913
52ac3c5ea30e1775,0.4673913043478261
1c06bc25c5fe56a2,0.17391304347826086
b958a0e9f48b83b3,0.03260869565217391
5b8efef86540b404,0.22826086956521738
ebe862d4cf6971a5,0.14130434782608695
66b3091cefdbd08e,0.29347826086956524
b4f0f933f6c79e9d,0.9565217391304348
8475c161fa4aea88,0.32608695652173914
faa9dbc750416c22,0.3804347826086957
6fd5bf3300f2d906,0.6195652173913043
64a3e72c115e59f7,0.6739130434782609
224869bf3976caee,0.7282608695652174
701927fcb30d0e9d,0.8586956521739131
63a6356681b99ea8,0.09782608695652174
821b1727c6531ce9,0.8260869565217391
d7dfe1334f08be91,0.5543478260869565
f406037baab19b12,0.5108695652173914
8620fcd1f5c0f8a2,0.7065217391304348
588862f8d3d5dedc,0.34782608695652173
825529301af7ffdb,0.7717391304347826
0af5354308abca51,0.5217391304347826
a356f35b7bfc90b3,0.9456521739130435
191789dee178e266,0.45652173913043476
cee9dd879e6d6915,0.9021739130434783
9664b0674c3b9e7d,0.8043478260869565
2ce87139b8133118,0.8478260869565217
36166bc8e4aeecec,0.40217391304347827
dd6f9a8b806a6732,0.9782608695652174
f44f4edf760dc4cc,0.07608695652173914
6bba24c4cf4b6744,0.08695652173913043
741fe04329b31a9c,0.2717391304347826
7003fbca5e5542dc,0.8913043478260869
ddf4229c7716567f,0.7391304347826086
7304392baa9b401e,0.06521739130434782
930e503315bb0eca,0.5760869565217391
0653ee9a47af2a94,0.4782608695652174
aa361d12e373e4ff,0.25
ad327a1ac6c06140,0.6304347826086957
ea5cb4f58d9e409e,0.20652173913043478
8c812d85c93b11b3,0.9891304347826086
e137be6abe78f73a,0.7608695652173914
532d068c6e9d7b45,0.967391304347826
1fe9217c88a92574,0.532608695652174
8db561bb42c97a52,0.2826086956521739
9bee296abbdcd6b6,0.5869565217391305
cdab98a967a64f88,0.30434782608695654
f40cbadeb9386e74,0.44565217391304346
b6a8dbc89a9e9991,0.43478260869565216
0a192eabdf76c014,0.15217391304347827
309b76d594ddbda8,0.9347826086956522
f0e37505f123b34f,0.717391304347826
f710ebc92b6e48f0,0.05434782608695652
8e08c70ec5baa466,0.33695652173913043
dbdb5f1b59a63045,0.10869565217391304
b416fd6b780f368e,0.010869565217391304
0f1477ee725d66ba,0.043478260869565216
1aaf4e60e0814189,0.9130434782608695
c8936984f233b2c5,0.13043478260869565
29c5a0ec68de344c,0.75
3e01522ecf04e9f7,0.6521739130434783
b877bc3d4a5203c4,0.2391304347826087
e2f43cf64d27fdb4,0.6847826086956522
94e74ecff7f6c6e2,0.1956521739130435
4fec91ad34d47359,0.9239130434782609
7c4f9ce821758dfa,0.6413043478260869
e9fffa7ad6a08411,0.358695652173913
275e4adcc1f36784,0.6086956521739131
deb1d4e092567502,0.358695652173913
999857ea75f7fe27,0.5760869565217391
854b3239ec3cee9b,0.9021739130434783
d0d89555ed43f528,0.4673913043478261
e2f3bde09563d240,1.0
7bfd22b0be1724c0,0.6304347826086957
3af6c55beb39a51d,0.5978260869565217
32df4d3e47c8b23f,0.11956521739130435
a31ee7fea03251cd,0.1956521739130435
667f454efb2442a5,0.33695652173913043
720fcfde7d7d0128,0.44565217391304346
bf27b3b89e5c0b52,0.8804347826086957
954239bf93493f6e,0.043478260869565216
bffa2e354ff99cb4,0.5543478260869565
c2d5cbbf15d00564,0.532608695652174
9591bb29c4a598f9,0.6630434782608695
92c0f76a2f7a220d,0.45652173913043476
6933bcdd9743607d,0.16304347826086957
91826bb517a5944d,0.75
08a630c301354450,0.8260869565217391
cd4f7edc8914792f,0.7717391304347826
ab04d480144598c3,0.717391304347826
939ba971d5bc4a85,0.05434782608695652
ce80907c42ac7af1,0.40217391304347827
7ab8a6040920c452,0.2717391304347826
7c9c0ba57d15e87c,0.03260869565217391
223d6be00570b2e8,0.34782608695652173
70bb39c78632b349,0.21739130434782608
d36cf625126ef3f1,0.5434782608695652
683042e37a7bb4c7,0.17391304347826086
8f1a441442458139,0.29347826086956524
f152c8f8fe48d54d,0.9456521739130435
38c223dfcefe226a,0.8369565217391305
3e3b86dc66cd757f,0.09782608695652174
665a85007b5a5ce5,0.41304347826086957
3bab3c5c7ffe1888,0.6847826086956522
a8fe07f16f611d7c,0.9130434782608695
295064f87927e2ca,0.8586956521739131
503fb5127b2e3f51,0.7608695652173914
46453db83acc25bb,0.782608695652174
1e88d44e2ff61c96,0.5
faf1ddae2eb5e75b,0.9782608695652174
b62f304277e7a75f,0.9565217391304348
05dc90723d0368e3,0.8478260869565217
c77f24f110080b0f,0.20652173913043478
7b44acab2e4ebeed,0.8913043478260869
9a8e8226f8a66b78,0.5652173913043478
ee579234122e81ad,0.31521739130434784
e25c68de542cfaf1,0.15217391304347827
d7f8ed5afcb15f97,0.8043478260869565
b054adbdd98c7581,0.021739130434782608
48d504d279b9c7b2,0.07608695652173914
2ab30ab72301f33b,0.14130434782608695
966c2db8dca0fcba,0.6195652173913043
ed94a0194b4deb2c,0.3804347826086957
006927ca1b2ab02f,0.9891304347826086
e7a1d7551874c4b6,0.6413043478260869
ecbc4b39c1eed8e2,0.9347826086956522
53b2e120b6df5bb9,0.391304347826087
a8d46fd04b9858b7,0.25
0328c398d04a639e,0.30434782608695654
c36b431b56275ede,0.10869565217391304
25ced1f8aa42dfe7,0.43478260869565216
6e60434b8960fcff,0.010869565217391304
47395a8690f596d4,0.967391304347826
fea58e81b2b14a6b,0.6739130434782609
3311f5b8fe246bd0,0.8695652173913043
59f9e51bbad9e7e6,0.5217391304347826
9c78811098c7b94b,0.08695652173913043
6293709df50a3e31,0.42391304347826086
08af6476c0f32a2a,0.32608695652173914
903388edbd89b858,0.6086956521739131
7ec18fb3a83c7584,0.3695652173913043
6d62a56fbc29e7cb,0.5869565217391305
5b8f6dc6b93d3019,0.22826086956521738
6bb6f8d67df479eb,0.2826086956521739
27ed70c2f6403578,0.13043478260869565
a5a2a17011adec1e,0.7934782608695652
e37a4817b02d30ad,0.06521739130434782
105d2d22d2b42d40,0.5108695652173914
042615bdea424df7,0.4891304347826087
95e438ad89b53c47,0.2608695652173913
1e5c546fcda748ff,0.7391304347826086
d9c5c5168b892ca4,0.18478260869565216
82a0c5095cc8a316,0.2391304347826087
173faebfb9f030eb,0.6521739130434783
7edb06b94948f70c,0.4782608695652174
116acf36a3618426,0.8152173913043478
f60101aa4795b992,0.7282608695652174
5a77e327a88b150a,0.6956521739130435
6c9c04542a59964c,0.7065217391304348
3b8cabb115026e48,0.9239130434782609
c727b82474763e45,0.08695652173913043
9d53b774695ff163,0.5108695652173914
f4765ff30ac99854,0.22826086956521738
2b6dedb3c8cbceb3,0.9130434782608695
0aaec87e562d6fd9,0.717391304347826
f56e4174ef299088,0.20652173913043478
fed9614a1a71b01f,0.7717391304347826
6acc19e712eb45c6,0.32608695652173914
8f6be2ea705da875,0.44565217391304346
678d3b96504c67af,0.3695652173913043
5bf4a2abd978e12c,0.6521739130434783
2c5694dc63c28139,0.40217391304347827
307952f0088931e7,0.5217391304347826
1c58866aee3f228f,0.1956521739130435
bb39110b35ca5bb5,0.5978260869565217
3ad9525837affc85,0.021739130434782608
1e4c80a5337903fd,0.2391304347826087
d40d0a8dc2456a50,0.391304347826087
40cb4bc6f4981003,0.8152173913043478
f9fd364e60e91609,0.2608695652173913
fb5e271d6b722509,0.10869565217391304
c5cef6cf67fe25e9,0.33695652173913043
5925e667025e251f,0.7391304347826086
a1fb140625aa7166,0.6086956521739131
c3d2c0de15fbbae4,0.9021739130434783
cb4e1c42f4a3054d,0.5543478260869565
242c3dd725914033,0.967391304347826
9cd19c76f5460116,0.9782608695652174
b9f739c48a2a5b27,0.7934782608695652
f3f16134da957d76,0.8586956521739131
b99d4d5fe85e6818,0.05434782608695652
f1e87a8828495b7c,0.8369565217391305
bc20345f1d42bbfd,0.7282608695652174
a87da3261c63625a,0.07608695652173914
1763a2d18c825873,0.2717391304347826
8010a88ad41c99f8,0.8695652173913043
4932198abc4b700b,0.21739130434782608
dbdbb38cd4f93a62,0.6413043478260869
1709eade286e9ef0,0.043478260869565216
6105e03596f2cc46,0.5760869565217391
ba097ce84d20a41c,0.8260869565217391
7ad27888193a7b79,0.9565217391304348
98f4debd097d0a9a,0.6630434782608695
db4d78f854b2645c,0.6847826086956522
60865f43ad679334,0.5434782608695652
74d658a73a515f92,0.6956521739130435
3db583c6999db70b,0.17391304347826086
5fdf8b8326261378,0.6304347826086957
ee0435695927c85e,0.42391304347826086
6a1bc02c29ab49a5,0.782608695652174
06d3f5456131698f,0.7608695652173914
f132dc06238ca6f5,0.30434782608695654
ca1af1e7f72e16ff,0.4782608695652174
38f08619d477e0a9,0.6739130434782609
b444cf4bef0cd6fd,0.9239130434782609
8e9c6a18634fd132,0.532608695652174
a6d9d2f62eb3342f,0.9456521739130435
0264fc2c1770bd3c,0.14130434782608695
dd113ed3f85943b5,0.11956521739130435
7020505324be87c2,0.4891304347826087
24d574ab52539ed4,0.45652173913043476
5e7fa412a04fd750,0.09782608695652174
5b5723a4c4c6ff15,1.0
d0b57f4baf0b1b94,0.18478260869565216
33b42e630e0bc408,0.25
94080475278a3e31,0.43478260869565216
4c3ac8019d3a4fa0,0.03260869565217391
abd34e2e49dc5c20,0.75
5770a16e031599bc,0.9891304347826086
b7c1cfab03264c7d,0.15217391304347827
885034a5f105439e,0.5869565217391305
d0f386b222d7e380,0.6195652173913043
34b8e9e3e2a8dcad,0.8804347826086957
e117136e72ea7f0d,0.34782608695652173
5020287ecf82e538,0.29347826086956524
6756415cf635c437,0.9347826086956522
b7ce6357b7c4939c,0.06521739130434782
99781f01a0628ee4,0.8043478260869565
6ef956fbcab77ee3,0.358695652173913
d05b1381ec366399,0.13043478260869565
ad43fff067bf85f9,0.8478260869565217
f3a81ce2b0f9a380,0.010869565217391304
075e8155bd6d6f20,0.5652173913043478
ec0ef532c54bf238,0.3804347826086957
1c504506cd06ad9b,0.5
07567e9da39d56f4,0.7065217391304348
c2ca43862b8325ed,0.31521739130434784
f8b1338288a273f9,0.16304347826086957
7545644f15ef74db,0.2826086956521739
5c126a0e1e374015,0.41304347826086957
7a4e2531e6ab7c78,0.4673913043478261
eba8c204071e0e98,0.8913043478260869
b3f27d3286c52f48,0.2717391304347826
1353c54d61d9fca8,0.6630434782608695
cced39b320770d51,0.043478260869565216
1fe2fa0f4e1587bf,0.45652173913043476
50d0af1d65bd8153,0.4673913043478261
e6ad6c2765ea2310,0.16304347826086957
de9a991b056d8a35,0.41304347826086957
0720f4cb4d0291e4,0.021739130434782608
6387833c72c2a903,0.2608695652173913
af65a1315cea58e3,0.42391304347826086
854bf962d19e0175,0.6521739130434783
bf739a97614c1aed,0.967391304347826
3a70d3cc60a5a2f0,0.8586956521739131
bfc498e57dfea5d2,0.3804347826086957
d33e9b71a2f5c905,0.6413043478260869
833590ca154b7ed3,0.7065217391304348
65ae1e120dbae6e2,0.08695652173913043
a5eddddcd841a0a7,0.6739130434782609
d3059fc1682a0820,0.43478260869565216
03f8cd841d2ee32c,1.0
bb73c2d113fdb485,0.6086956521739131
b6a9a18ee197e510,0.14130434782608695
5f7c8645c9a5b876,0.30434782608695654
7b9532b9fc5ca6ae,0.8260869565217391
f8fefd64e4fcb7b4,0.5652173913043478
0840c638bf09614d,0.4891304347826087
892a7466f589292d,0.5543478260869565
06a59a20ab3aa925,0.9891304347826086
63113ec767628a91,0.25
fa6cf009efbf82eb,0.34782608695652173
2dddebe9660bdc28,0.17391304347826086
079a20c23bec6dc0,0.07608695652173914
c601ec1f9b57752a,0.22826086956521738
d64ca5e1306dd64c,0.6195652173913043
f463f8c8b0fcc139,0.09782608695652174
e78e912f9beaf803,0.18478260869565216
b718a0854f9b1b85,0.6847826086956522
e71f3a7d48bf6c43,0.33695652173913043
4bc109470689ffb4,0.20652173913043478
e522a395bdd1f66a,0.5760869565217391
67fa1cb39a564e56,0.9347826086956522
16c67a95764ff5ae,0.32608695652173914
3cb4f5eabc90de9d,0.8804347826086957
a4a2c17ac7146372,0.010869565217391304
b006a0eab556c5cc,0.9239130434782609
e7be12d7db5345ed,0.9021739130434783
614d6f85463a5fb6,0.7608695652173914
87a379baa4429f41,0.5978260869565217
909babee32d49bc9,0.13043478260869565
34a949f0e118ccc6,0.717391304347826
af199d92da9c1bd7,0.05434782608695652
d9c8d108ed1e6e6a,0.06521739130434782
f76ffa7b3e4c9838,0.3695652173913043
a5d7ff8b92b0014d,0.75
a235f3c702a179eb,0.21739130434782608
961e7c94821189ea,0.31521739130434784
a1e789e506ad9daf,0.44565217391304346
6b2d467c44b43254,0.7717391304347826
bf385b26c4b92cc1,0.358695652173913
847b853fcf77c687,0.8478260869565217
47ab2a72d882ba57,0.7934782608695652
670ceb89537b0fe5,0.6304347826086957
3591c229f245bb2f,0.2391304347826087
c0cfb0530a578bd6,0.8695652173913043
2a5aa4116897aa15,0.391304347826087
9a4bc55cf471ca5e,0.8043478260869565
f6d47aff5cfed8ea,0.40217391304347827
b2673f6ee8fa4de8,0.9456521739130435
0b569e2c0c59af62,0.9130434782608695
317fc4570e4b69f6,0.11956521739130435
c33ed5b6c7847707,0.15217391304347827
786e47f105ae08cc,0.8369565217391305
6533c2e7c142384d,0.7282608695652174
2871e96d02538ae5,0.6956521739130435
ec24c170adc042a0,0.5434782608695652
e2cb32fb7d966549,0.782608695652174
6098c7335bc8512a,0.5108695652173914
a118b8041b6e89fd,0.2826086956521739
2e67010e2a39a037,0.7391304347826086
3b99f034a9b87562,0.9782608695652174
6747d4f5a33f1dc5,0.10869565217391304
4eb101705313cb06,0.03260869565217391
305128295ce68eac,0.9565217391304348
b2ac1984061672d6,0.4782608695652174
ac9941470410bb59,0.532608695652174
695b25a4bf0f7f8d,0.5217391304347826
e9f9dcb921fa68dd,0.5
0b00f13bde7dd0a4,0.1956521739130435
0f7265f36f167b4a,0.8913043478260869
cae1e0647944bc8e,0.5869565217391305
e6e723baf1681584,0.29347826086956524
4254fb9887566bc9,0.8152173913043478
c657537d48e034cf,0.31521739130434784
4eaeed21ea9f654b,0.08695652173913043
6d95d6dc493daa54,0.8804347826086957
5da51edb52fdf16d,0.6630434782608695
b27a00b59d425642,0.6304347826086957
983e8317e5b0be45,0.532608695652174
a316f861d0ac568d,0.7934782608695652
db7b5681eb63d430,0.40217391304347827
d5a196f4ee3d2dae,0.9347826086956522
c260a1579c625d4d,0.5434782608695652
c11b1bb50b9b9754,0.9891304347826086
2f866fca11af4855,0.41304347826086957
9d7f6a9bf2b66f7e,0.18478260869565216
0e53c1e65e1833e8,0.3695652173913043
ba636c732e1bfb4b,0.10869565217391304
a4a7d7cf02be1e4b,0.30434782608695654
6365ad03f5dd16ce,0.8043478260869565
30eccf6690ee09b2,0.9565217391304348
36847cfe38627c3d,0.358695652173913
0ae178df9520b022,0.45652173913043476
731abdbe5aad355b,0.4891304347826087
cd71898f64849937,0.7608695652173914
35d4c57cf767f97d,0.2391304347826087
92d91d8ad3b9f6eb,0.043478260869565216
12e061c5cc376d76,0.2717391304347826
b14371831f2b659c,0.25
3a73d55d1dcf06fb,0.021739130434782608
a5035d50b69da3fd,0.7717391304347826
451fc4e07d9bfd48,0.09782608695652174
f19f1c67d76f6a9f,0.967391304347826
9d8ebd6820bc72db,0.2608695652173913
9df82439a48502bf,0.9239130434782609
3f29dfd74cc7a8db,0.13043478260869565
4938c320fb651c83,0.7282608695652174
0d5199b34a9c943e,1.0
c41eea09efb2a6a2,0.15217391304347827
6469b6e659c104fe,0.2826086956521739
acfd5ae92d347c97,0.782608695652174
39f9540baaf7b261,0.8586956521739131
9d790a7be025a844,0.8369565217391305
70cbf74d56c15e4e,0.4673913043478261
9f76a1913a9eef96,0.4782608695652174
eba965bbced07774,0.34782608695652173
6a6bfd2839f904c2,0.5
4388b394d83c2f42,0.5978260869565217
3a48d3e31b30d728,0.1956521739130435
ee503cdf16c02d0d,0.6413043478260869
6dbf1b059ba7a32b,0.05434782608695652
5defb26c2ad38ff2,0.42391304347826086
1691cef5c95d691c,0.14130434782608695
af4fe6f1b4a4c788,0.16304347826086957
40e3725c0b2f9c54,0.03260869565217391
43a1ea8bb5d0e3d4,0.32608695652173914
0a4ea50480cfd294,0.8260869565217391
f9741f1119a1c728,0.8152173913043478
0c3aaffac15aab0c,0.6739130434782609
6e51c53046240e0e,0.7065217391304348
b2c0878cce89d584,0.3804347826086957
90b81d95836a1bc9,0.33695652173913043
0df9c4660d2ffd7e,0.9456521739130435
dc6cdb086c3d77c5,0.22826086956521738
790f758ba717ff97,0.5760869565217391
8f8e1680ca232e58,0.21739130434782608
496fc3cddbfabcba,0.010869565217391304
deb128c0eee1786a,0.6521739130434783
1f8798d64e7c7cfc,0.75
11ae5da58f4e2f33,0.9021739130434783
b88792ce8b1a848e,0.5652173913043478
70a62b43bf0d5927,0.07608695652173914
99f145ba164f84d7,0.7391304347826086
b33140b126b5e5d5,0.6956521739130435
331ea75c5418dc4e,0.11956521739130435
9c47119da08383a6,0.9782608695652174
5013b9dacfdf0f19,0.6847826086956522
367f4883df781597,0.9130434782608695
c7605e8efcf73ab1,0.6195652173913043
de9c47ace3a8fd8d,0.44565217391304346
7785b58492f406b8,0.5869565217391305
0cd029eba836946b,0.391304347826087
c78e849eaf0752a3,0.5108695652173914
252b5270502fa697,0.43478260869565216
c5b485f8609a238a,0.5217391304347826
b0c6971e5e557dc4,0.06521739130434782
94ada0dc1b54f096,0.20652173913043478
2aeb4d4546168967,0.8478260869565217
a8f4daf3507e7174,0.8913043478260869
9251badf46ad603b,0.17391304347826086
0c057588f66fada0,0.6086956521739131
f4534bcb5fa85027,0.5543478260869565
70b8e1f097052f9e,0.29347826086956524
fcbf7fba44d994fc,0.8695652173913043
dd8ee8d8537a84d6,0.717391304347826
4085ab8ff7c01df4,0.7391304347826086
a801d8caabc3815c,0.11956521739130435
76cef7fac981b4c0,0.21739130434782608
f516f33498e476d6,0.03260869565217391
cb16c45738951d38,0.22826086956521738
7f31f10a74020854,0.391304347826087
e4e3610b16d757c4,0.5108695652173914
7330d8516f589a97,0.9239130434782609
38594cad845c184c,0.16304347826086957
5925590ac39d14af,0.6521739130434783
c3b7c3cf66054de8,0.15217391304347827
0bfe9170437075d5,0.3695652173913043
79f444be4749d8db,0.9456521739130435
0ba3061330a9831a,0.8260869565217391
2bd0f2f0eab8a6f7,1.0
a3beb235dab0d5e6,0.5869565217391305
9bacbe7c5ca774b7,0.10869565217391304
f6bb6cb25ef73c74,0.9021739130434783
85d1635233403e04,0.42391304347826086
609efcb97d5ff20a,0.05434782608695652
00eeaf0b212a3e8a,0.717391304347826
2462c01101b55e17,0.13043478260869565
8c8c13ed50b9c59b,0.010869565217391304
7717e9e362d328e2,0.532608695652174
15a903302f9b8862,0.9347826086956522
2e0b499632ba31ca,0.358695652173913
6f7dcf55a6fdac5c,0.9891304347826086
26ceb06b6006d83a,0.5652173913043478
90fd7d69f10ef888,0.45652173913043476
ef06233b6622b536,0.9565217391304348
3020d617b796f549,0.09782608695652174
bc82ce9969a0fa6b,0.5
a8d057e351d7abf4,0.5978260869565217
0f36cc0cdf70a9e4,0.8152173913043478
e67f593e1ef12d04,0.32608695652173914
0f88d450911bd6f6,0.5543478260869565
5a23c906b39a7927,0.31521739130434784
7e6da720218d7cf2,0.2391304347826087
c57a8bb0532ca5bf,0.6739130434782609
de611e21b55fdb30,0.782608695652174
47ac0af130dcb925,0.43478260869565216
64bc36f10edb900f,0.8369565217391305
d65f5ff8961a7822,0.17391304347826086
3049b95715fbfc33,0.29347826086956524
fc8ea8dbf6a8a5b7,0.14130434782608695
14fc2c269ef3a9d4,0.8695652173913043
27d19dc44ccaaa10,0.4673913043478261
51595026620b2913,0.5760869565217391
a9a043c0596ce1b6,0.18478260869565216
b2e32a7e1e52dd6c,0.021739130434782608
9cde2a488427ddf4,0.44565217391304346
268cbfbf1c3093a8,0.41304347826086957
6ffa7bfde378c198,0.6304347826086957
755e125e30a37fd7,0.30434782608695654
5841ab5bb1d86518,0.043478260869565216
bc95a9a37e800a9d,0.5217391304347826
8b6a39d07ebb858c,0.7282608695652174
e2bba8df91fc5fdd,0.20652173913043478
97e03b18d867db40,0.6086956521739131
290965a718e81a3f,0.967391304347826
c5687b56c53a557b,0.7608695652173914
846e7a3828d66209,0.7065217391304348
8fc0c68d6a3b68c2,0.5434782608695652
0496d09949e67a2c,0.6413043478260869
fca98a8feed308c3,0.2826086956521739
790808dcf59b72d8,0.6630434782608695
c08e13522ba9d87a,0.6195652173913043
61dd3c4f5388255c,0.6847826086956522
7a695fd5bcf85dbf,0.2717391304347826
3ae537824f22d4e3,0.9782608695652174
9f19fe91626b02f0,0.25
632fd519799231d9,0.06521739130434782
2d71eb71c1e1b2cf,0.8043478260869565
602b74fafa1fde77,0.8586956521739131
7da4ee33aa5f01a3,0.2608695652173913
af0fdad1de294a0d,0.9130434782608695
55fdd444ea35d918,0.7934782608695652
f330ba95e7008fb4,0.3804347826086957
50559b4334b9923e,0.34782608695652173
49cfe206a7ae3b98,0.07608695652173914
d5f97639935a0799,0.75
93e52e3fe975d517,0.7717391304347826
481743f383d91767,0.8913043478260869
84f250fe2d5f0423,0.6956521739130435
e996289a4d5d8f82,0.4891304347826087
fd100cf0becc943a,0.8804347826086957
d700be5e89e2b11c,0.4782608695652174
a3515626503329ce,0.1956521739130435
54cff9cf38ec793a,0.40217391304347827
6304401d0e8585cd,0.08695652173913043
08f40f9c37b2d7ff,0.33695652173913043
d89fe78b2a383512,0.8478260869565217
901c1ff0c6994416,0.9239130434782609
17bbbaabc170528c,0.5217391304347826
66d2e6d37491d4e4,0.8586956521739131
0633d69ffd3ed445,0.043478260869565216
78d35ae3be5ac5b7,0.6630434782608695
1cb57a4f797bab17,0.391304347826087
7ca56e5da8b7cc5a,0.782608695652174
35c1fb0cf464236d,0.31521739130434784
a5bf529224bfda5b,0.22826086956521738
93bbad4730f3b875,0.10869565217391304
4e41b7191b7d5cc2,0.21739130434782608
22f13d7d6f50b1dc,0.33695652173913043
84d9ac9f6c6441b2,0.45652173913043476
8945af88ef18218c,0.40217391304347827
ff23407075fd22c0,0.8260869565217391
329fe4074c96cbb7,0.7717391304347826
d400da4665646ef8,0.5543478260869565
cf10e449860a7f77,0.7391304347826086
016c35374992171a,0.2391304347826087
c404743e400724a3,0.9130434782608695
0aa74c759e89da77,0.5869565217391305
cd985e9e860aa07f,0.7608695652173914
41b40a62a669fe75,0.05434782608695652
9bd8e89b3ef875c9,0.8804347826086957
007f82428bc8031d,0.9891304347826086
a0791658c57853e0,0.17391304347826086
c7d4a7ca02c14dd4,0.03260869565217391
d25fba8aebefb23e,0.44565217391304346
c23ac0cb8433eb58,0.32608695652173914
e3e569d4b92e732a,0.5
c3bf4f068ef85827,0.8695652173913043
97bd3d210bdad2d3,0.717391304347826
1992d47b0295ab49,0.358695652173913
a535ba73d8e3dddc,0.021739130434782608
2178f6d4468f9994,0.6304347826086957
14018f808e942576,0.41304347826086957
562c56807abf27d7,0.34782608695652173
5ed152f36334e8b7,0.8369565217391305
b9d73e1285dff79a,0.4891304347826087
b79de87843e34a5f,0.07608695652173914
6753efa19468bdb6,1.0
49753f89bbfd118a,0.25
5e34daed47034210,0.11956521739130435
1f0ccbbd807fdfbc,0.5760869565217391
e5cfa0c6b067e445,0.08695652173913043
75b9c90b88fd311d,0.9456521739130435
a6d76642eae7089d,0.09782608695652174
14e3e9799f3aef5c,0.42391304347826086
e046e711eef50290,0.7934782608695652
b92d86ebc912425d,0.8043478260869565
7e83996647dad8fd,0.9565217391304348
6519e72ca722ffdf,0.8913043478260869
544aabc1aac331f8,0.8152173913043478
f7ac44ff665d4070,0.3695652173913043
fd94f17c01168e29,0.4673913043478261
3a29fedfbb67ab2e,0.75
eab9738f80655c2e,0.5434782608695652
4bc0caf2fffd7818,0.6739130434782609
94dcbc30fdf15b1f,0.9021739130434783
b4682ab9ea5abfca,0.18478260869565216
cbd031eb21771760,0.967391304347826
bf07b4b8960356bb,0.06521739130434782
807973b0d6cb72fd,0.6195652173913043
32693d95dc5ee822,0.2826086956521739
2425c43f5f636294,0.5652173913043478
10fd927fad8624d9,0.6413043478260869
643a727a7cba45b2,0.5108695652173914
b787082cd102424e,0.14130434782608695
62dc68384dc09b6f,0.20652173913043478
ccadbde5f9b6d653,0.16304347826086957
2fe2f510b7cc409b,0.4782608695652174
181d10108e3bdf32,0.5978260869565217
d4b6863eaf3a1d5a,0.532608695652174
0e403092c6861b5c,0.29347826086956524
7795d005a3e179e1,0.2608695652173913
0d2c182c494bc138,0.3804347826086957
54109c4643f996cf,0.7065217391304348
73fa2666b9e97037,0.6521739130434783
8e58d88f1c49344a,0.6847826086956522
7a7197289808162e,0.43478260869565216
338998251e7fb1d7,0.6086956521739131
0826ff09e30335c0,0.15217391304347827
91950d4d66557160,0.9347826086956522
3f9995aa00d4c696,0.8478260869565217
a42f5f880f9fc746,0.30434782608695654
67a9857bd236fd0e,0.2717391304347826
d7d8678507141a2e,0.010869565217391304
115cc885ba98ab16,0.9782608695652174
8be2a57dcd4bfc1e,0.1956521739130435
edfb40f6714f6365,0.7282608695652174
56d47a1dcf46b038,0.13043478260869565
200fe849631a0dcf,0.6956521739130435
c75330b72b4ecb76,0.6086956521739131
43380fdbf7cfe960,0.7391304347826086
ca97cdc168a0769a,0.33695652173913043
db9dcfd8ac91237f,0.2717391304347826
1fd1e683da6b1388,0.4782608695652174
4f2b3431a51a77b3,0.8478260869565217
6ee9e0af6d3043b7,0.9456521739130435
38ef2aa1bfb66981,0.2826086956521739
97be933e1cb07c0b,0.9782608695652174
aa410c25c96fd576,0.6847826086956522
0ed495a29121cf06,0.31521739130434784
2a4d13fbd53a2d93,0.7065217391304348
e48324cf145eab46,0.9239130434782609
80ae74e6c6dc42a2,0.8913043478260869
609939309531a183,0.8804347826086957
7c2d0b296543a199,0.3695652173913043
896fa8d17cca4f10,0.717391304347826
2daa0e97ac1e9ab9,0.08695652173913043
3f3aaae508efc61c,0.5869565217391305
13c375b975bd666a,0.4673913043478261
bbe0aa8e5a387af0,0.9565217391304348
a2fff6a9aa815873,0.9891304347826086
1e16dd972b6bd401,0.6739130434782609
146e32a5245b05c8,0.41304347826086957
5d7f4061aef62963,0.6195652173913043
53948afc2bb5dc32,0.010869565217391304
c3cd231685729991,0.05434782608695652
c3e4b3b142604549,0.9130434782608695
1b78a64cad3c7ffb,0.9021739130434783
d0de80d9a3a96606,0.18478260869565216
c21ee570cc3711ec,0.17391304347826086
f36cf24a5fa8dd81,0.09782608695652174
caea20a8414e7215,0.30434782608695654
5d721adc89dc3d99,0.13043478260869565
9410d2225bdfed82,0.14130434782608695
42e4b7ee333082e4,0.21739130434782608
717f4d7bd605dcb3,0.391304347826087
298ca710f17a6264,0.6521739130434783
a2398916b3a167d0,0.5978260869565217
9d6548ea0ec3456d,0.7717391304347826
a434807b6f696427,0.6630434782608695
360a2445b0d538f7,0.75
4bb482a8e01d1754,0.5434782608695652
fda384225aeac282,0.06521739130434782
fbc815e6d6b892e5,0.1956521739130435
179c0ca036ee6cd4,0.358695652173913
aad8f283fc76805a,0.9347826086956522
2ec6af81f70c7694,0.07608695652173914
fa25085c735af296,0.11956521739130435
3d6148e1eaf839ca,0.967391304347826
eca5b6c02517ae3d,0.5108695652173914
fabe046a931a8175,0.8695652173913043
1f87c0defe4c11fb,0.6956521739130435
d33b3656c0998a72,0.4891304347826087
e7f98b15fb2ecff9,0.532608695652174
0104d7c377a2b08d,0.03260869565217391
b383c6eaae4c765d,0.5217391304347826
5aa37b80271a4edb,0.20652173913043478
14cae6fa90823d66,0.16304347826086957
95749f9c35414185,0.32608695652173914
b5711210f543c2a8,0.5
0c023810a1e004be,0.45652173913043476
6bf1b3daf8b4de5a,0.2608695652173913
acef8d052009a429,0.10869565217391304
8cfa7b6c507a7fc5,0.43478260869565216
27152e1244491675,0.6304347826086957
87c771e63f458ded,0.29347826086956524
e3ed9320be5a6d92,0.6413043478260869
476a086364b36ccc,0.3804347826086957
0da0e99dd46f09da,0.8043478260869565
20a0665ec2c825c8,0.25
8661c0ac892b4776,0.5760869565217391
0757320ab57d6571,0.8586956521739131
ddb81277a386a6ab,0.7608695652173914
d2bdbc18887d2bdb,0.22826086956521738
4ed70309bd62ec07,0.021739130434782608
d99616d426cfe79c,0.2391304347826087
d4dcf96f0a432f51,0.782608695652174
ebc84ae9ced09a60,0.5652173913043478
709ea162404211ed,0.8260869565217391
3ced02ad4af14977,0.8369565217391305
537429d75845ee29,0.8152173913043478
1c3d4495a5faa80a,0.34782608695652173
8df57a5fe4e9988a,0.7282608695652174
ea38cba8577a958d,0.5543478260869565
e8a4ece47637ba1b,0.42391304347826086
1cac384e0996250f,0.44565217391304346
a35f8af5784a4dfa,0.40217391304347827
099764beee9ffeb0,1.0
9a1a01c157efa42f,0.15217391304347827
642413251518fc9f,0.7934782608695652
623db5bf62584c70,0.043478260869565216
c027dfaa174090fa,0.7472527472527473
8031e8ba552f75c7,0.5934065934065934
f4ed92e1fc5dd606,0.978021978021978
731f8af6e1ade52d,0.5494505494505495
23e1852b8045b664,0.21978021978021978
e68e9f57b5c24e5d,0.15384615384615385
85c57545af25d76d,0.2087912087912088
2d6e182165aa37ae,0.3626373626373626
ae126c3c3f804e42,0.6263736263736264
2c7eaef795824167,0.8901098901098901
3bcda6350205cd88,0.9010989010989011
68716650679f2f7a,0.8571428571428571
516d5f85c21244e6,0.4945054945054945
932274b039e4d16e,0.8131868131868132
3fff5d83df1c0bdb,0.13186813186813187
1a11a1037ca732e5,0.7032967032967034
ba7258b80173cc9e,0.17582417582417584
97cb703bb3c2a822,0.054945054945054944
a6b8ce16cd47c569,0.7582417582417582
37f55d83073e2e57,0.8681318681318682
75f542e438fa0c50,0.18681318681318682
ea2f52896a0a1685,0.01098901098901099
e544d266e5abe0da,0.07692307692307693
6550e88720ea80ef,0.03296703296703297
e557cba81be73da9,0.26373626373626374
8ee465487525ce6f,0.7802197802197802
951156c8d823640b,0.9230769230769231
78fc500dd1640fea,0.08791208791208792
7ee4aa38884ef67d,0.5164835164835165
05e208b983b53bbc,0.4065934065934066
e104baaef684646b,0.45054945054945056
dabb79a379aba864,0.6703296703296703
c649e90fccdbe920,0.2857142857142857
64a9acdfa99e6153,0.38461538461538464
97a8fcfd42121407,0.7692307692307693
848cb0196901929f,0.7912087912087912
d5dffdd5dfa6276b,0.3076923076923077
f14439f129180c3f,0.8241758241758241
06ef8013c6734d99,0.945054945054945
3f0c82c7382190e8,0.989010989010989
02d2a372d40aee72,0.5384615384615384
b5b8d4a0749484f6,0.6813186813186813
a73a1f66cda1e6be,0.31868131868131866
c8767396d2d1a09e,0.14285714285714285
5949b2aa7d821587,0.9340659340659341
8c011689cfdbd670,0.16483516483516483
819a12dadc1ef68c,0.7142857142857143
8ec309d9e4dce7bd,0.24175824175824176
4cad06c1486a458a,0.6043956043956044
3c795f44de62c562,0.23076923076923078
46fb4e3418b93279,0.8791208791208791
4615f8ad48ec8d6b,0.6923076923076923
958a8c91efac30e8,0.27472527472527475
7c6c1197c0bf561e,0.4725274725274725
f196ee440a33966f,0.25274725274725274
6a891638e4b9756b,0.9560439560439561
5225bc93bcadfaaf,0.9120879120879121
540130bedc47d39d,0.3956043956043956
ca347f4b15bf335f,0.4175824175824176
db92a4232798fefe,0.42857142857142855
71a5ffb6eed01cf8,0.6483516483516484
bca76d10c28cd6df,0.5604395604395604
f4158ca1dcf4a767,0.967032967032967
66f10c16df3f3761,0.12087912087912088
f9b02b6cfe5be85c,0.8461538461538461
32bea922d2597541,1.0
7350cecedff4e8c7,0.1978021978021978
56c51f769b877a33,0.8021978021978022
c5c33a5698b1cc37,0.5824175824175825
325207612c14f6c6,0.06593406593406594
dadcc87421ef3bd1,0.5714285714285714
dba616ddc4568248,0.02197802197802198
6acef428d939881b,0.7252747252747253
c83b76283e80fabd,0.5054945054945055
1e9887174ef47531,0.32967032967032966
825038939c6a50f6,0.2967032967032967
e634c0622d383574,0.6153846153846154
4bfbaec0ba995ed4,0.6373626373626373
6c93e6b15f362afd,0.43956043956043955
4a8661da1f767c20,0.34065934065934067
bcddbc7093feb638,0.7362637362637363
c818e3dc81e73ce1,0.8351648351648352
e6a38f7fc12efe5e,0.6593406593406593
3455e01a30f49756,0.37362637362637363
a509d51b1c5b58c6,0.04395604395604396
70ae56d2797ed6f4,0.10989010989010989
f15c29925521ecbc,0.46153846153846156
03be312beeed1e1d,0.0989010989010989
dcebd2f7b069692f,0.4835164835164835
51885b93bd192ac5,0.3516483516483517
35372cf51bc302ca,0.5274725274725275
a11b5b70f5cb6a64,0.7692307692307693
8b76db8b12c7237a,0.38461538461538464
8890d3b8219aa0cf,0.7912087912087912
c920fa42a77fe99b,0.2857142857142857
ac003eea623c0913,0.5164835164835165
45e16087fb8b6da8,0.7802197802197802
9f327175303feca3,0.4725274725274725
047b6719c65978d0,0.7032967032967034
49731c0161721cb1,0.03296703296703297
2cb601384df69ba2,0.8571428571428571
da775c6ca04a1465,0.3626373626373626
f27448cd1ae7665a,0.9340659340659341
67ad377661b29c23,0.054945054945054944
858743c167fbd3b6,0.5824175824175825
2b54a8c88d02feea,0.46153846153846156
367701fd6f883c60,0.0989010989010989
d1410c742c4b7f61,0.945054945054945
c7f7422b241adcaf,0.34065934065934067
b0dc824f8ae9e88b,0.27472527472527475
0a4bc0a7f32cb323,0.6813186813186813
9a688f0ff1309cf9,0.6153846153846154
8215eb63255e2d66,0.4945054945054945
222f9c1739a3aa24,0.8681318681318682
43bcc046be9590ed,0.13186813186813187
931e818cef8e0387,0.9010989010989011
bfa65304829c524c,0.7252747252747253
7cea941430b11f47,0.14285714285714285
fe156133f77fae73,0.07692307692307693
fc108b02d550b039,0.17582417582417584
8118d18d13aa1481,0.6263736263736264
0025933c30976710,0.42857142857142855
6f4f3a8e9cb6cfd2,0.5604395604395604
987ebb3fc9841d8e,0.967032967032967
504fdc6e5a3026b0,0.5384615384615384
660a054419be40c9,0.12087912087912088
84016ed5e9ee38c5,0.5054945054945055
907f7ba83349bfb6,1.0
9868d5047c929127,0.3516483516483517
571d4c3267600c35,0.08791208791208792
d28ca3281326fbbe,0.8791208791208791
ad8ca9c2e6a0fbf3,0.43956043956043955
c902d2f1a70ab8e1,0.24175824175824176
c52cbe8c32583707,0.8021978021978022
99cb7a63bd574848,0.18681318681318682
2e9e4c4dde404110,0.02197802197802198
ae314e771cb1cc2b,0.32967032967032966
70ed17206f618ba9,0.7582417582417582
b61954e52d123a27,0.989010989010989
bf33622d32886c1b,0.6373626373626373
a49c0ff88e5f110b,0.2967032967032967
5059f8bbf438467c,0.7362637362637363
24c73cb9ae186de4,0.5274725274725275
59ee4ef9fb83cf7c,0.5494505494505495
5d1ae39e1a8c71d6,0.8901098901098901
0c7490247ae0ee48,0.16483516483516483
56508ebc0d175a7f,0.8241758241758241
ba31e04be130400b,0.3076923076923077
a8a5554dd864c0cf,0.3956043956043956
710e021227d5b146,0.6703296703296703
5c01ccd914914246,0.7142857142857143
c63880ca922311f7,0.31868131868131866
1c7a37cde660bbb9,0.6923076923076923
1a9b43c068b8e7c9,0.8131868131868132
c13e23e78fce1e0a,0.4065934065934066
979dae344fc69d28,0.9120879120879121
e4618e4c8f6630db,0.9230769230769231
5a9be8286d53ba2a,0.37362637362637363
e89a9067c7711370,0.4835164835164835
6980752e59d7b2fe,0.5934065934065934
fb3b4019603b047f,0.8351648351648352
0ce1f3b4707cf2e5,0.45054945054945056
000c5706be9a57ea,0.9560439560439561
7ca0bd09237e20b1,0.26373626373626374
90f4da10d3026b65,0.8461538461538461
a8c1ada6a9270f94,0.6043956043956044
0e77057de5a913bb,0.04395604395604396
a69d5c36b47fef4d,0.2087912087912088
4d2642397d420dd3,0.978021978021978
4e08768627384a25,0.5714285714285714
88a78386224d0e12,0.7472527472527473
13a1907c00ff1d3e,0.25274725274725274
0c21aef238a35f76,0.23076923076923078
cfcd5e85e14d15c8,0.4175824175824176
1878cf455952d326,0.6593406593406593
01017ee903c62c56,0.06593406593406594
122765a420e7df90,0.6483516483516484
c4b4eb3b482f51d4,0.01098901098901099
935055109743e578,0.1978021978021978
aa34bfac69bd6a52,0.10989010989010989
e19c5271629e80b6,0.21978021978021978
601cfaf23d9b6401,0.15384615384615385
6fbb43fb8126ea47,0.6373626373626373
1c20815a3c641691,0.5494505494505495
a15dfe2ce4b4177d,0.7032967032967034
e8cacc7fd7fe10c1,0.10989010989010989
cf1a7bc06a7017c6,0.5604395604395604
b733483424960296,0.5054945054945055
23716947ed9d49bb,0.45054945054945056
d65cb0095e1d20df,0.23076923076923078
3016664434bd1957,0.38461538461538464
20fa5d491b11fd39,0.4945054945054945
7fef13153fd14486,0.2967032967032967
bb1ba3b649507765,0.5274725274725275
a4f7e2f9064845ee,0.9120879120879121
355f6bfea9f223e5,0.32967032967032966
6ecee8489392e597,0.6153846153846154
992cd408cb5bf81d,0.9010989010989011
5dfbb5c2d1eb4988,0.3516483516483517
f70b32f82b3e8e7b,0.02197802197802198
53835bc1c1a562bf,0.5384615384615384
40c4f4636b43c2da,0.8461538461538461
cc2e0e421b9150b0,0.8791208791208791
c8c412d63fcca838,0.18681318681318682
d2786f14de6a28a3,0.989010989010989
c3b349971ebfaa4a,0.16483516483516483
154da2408d4245a0,0.21978021978021978
276787a4141cfa79,0.6263736263736264
83d73f0abf83a0ed,0.34065934065934067
c1a0404af9068bb4,0.31868131868131866
11added8a706c39e,0.7692307692307693
3bc590bb17652278,0.03296703296703297
cec9ea2e28e2e74d,0.8131868131868132
d34251238bf75335,0.13186813186813187
025ead47fabb5636,0.4725274725274725
52ccd898b003b51f,0.7142857142857143
7c10354dd9454eac,0.17582417582417584
baddc34754a1dcd7,0.14285714285714285
f0f426be418f133d,0.9230769230769231
bf2f9d49d3d7b7ca,0.1978021978021978
d095ceca014151be,0.7252747252747253
24f834b7dee030ed,0.6593406593406593
886b17f030a9b9a8,0.3956043956043956
08a4f96b4be8d509,0.2087912087912088
da989d6dad43ec54,0.7582417582417582
ac0607e067dde82d,0.5824175824175825
f0f1706fa8002d30,0.6923076923076923
7aaaa21fff742705,0.5714285714285714
fb9ca5400e878bdb,0.3076923076923077
44d1c3c4c63c5b75,0.945054945054945
5c64dc21c28894e5,0.978021978021978
53fad3a99699a5ee,0.0989010989010989
42aba0c732a69e52,0.054945054945054944
cfc2c3c3268f582f,0.4065934065934066
2d1c4bc9a5353f5c,0.42857142857142855
ad06aea33bdd7046,0.43956043956043955
6e16214b9865993c,0.24175824175824176
aa85f0e48e714af5,1.0
fcdb56e02b7b9518,0.6703296703296703
2e5434cfe484ca47,0.7362637362637363
53e9cb90f3bfefed,0.37362637362637363
8a60a8d6129d9a6b,0.8901098901098901
118ecc75ff8d7915,0.7802197802197802
545b4e9b170573d4,0.8241758241758241
8eacbff22dd24575,0.2857142857142857
ad4672fc0fde7429,0.07692307692307693
378bc74d6e7ff828,0.25274725274725274
14a8f7c291e367a0,0.01098901098901099
a6477cbdc7220a6d,0.08791208791208792
8983647ed20a61d8,0.7912087912087912
87e821fa88836ccf,0.6043956043956044
7a518437081e6fed,0.6483516483516484
729aed211605512f,0.26373626373626374
3bfb0a47dc52a175,0.15384615384615385
dbfd3bfe02c75cec,0.27472527472527475
c5b3a049f646c062,0.7472527472527473
8f28ce826cca2b70,0.5934065934065934
09db6f4be2e54458,0.3626373626373626
c968a28594bb92fc,0.6813186813186813
cdabdd0835606291,0.8351648351648352
5859d54400a699e0,0.4835164835164835
9a78feb22fdf4d1a,0.04395604395604396
c66feeaaa9cf377f,0.46153846153846156
48323d3db57e01bf,0.4175824175824176
756e8bec31f154d8,0.8681318681318682
a4cf3365f478e5ad,0.967032967032967
ba8614975783a634,0.12087912087912088
8be16fdbfe8fc536,0.06593406593406594
8ef1435916b99b45,0.8571428571428571
0a68744d066416ed,0.8021978021978022
eeb059996ec20ce7,0.9560439560439561
2ef60b1c475d7b94,0.9340659340659341
f92d936af3470ce3,0.5164835164835165
ade82c998edfd3e5,0.4065934065934066
e8d3c393b0794785,0.03296703296703297
1520298404d80d00,0.6373626373626373
6cd0e9582e60a138,0.5714285714285714
8dceb203f2ab9be7,0.978021978021978
328f4c1b87c38b87,0.43956043956043955
75922b0bb3331379,0.4725274725274725
eecfcb5ac96a61a9,0.37362637362637363
1f3c02d85e991c64,0.45054945054945056
da622a79ce1a741c,0.8791208791208791
ec0ec35c3080f8fb,0.3956043956043956
1ed7e7c8652d59c9,0.24175824175824176
6e456c962b74e364,0.3516483516483517
343cfc4a4dd675ef,0.6043956043956044
0b22332fe5c9d6d6,0.06593406593406594
4d80b5c89773c2e1,0.9010989010989011
52084726670bd4d2,0.17582417582417584
12ba70efc71480f1,0.6263736263736264
45e121bdcc7543d0,0.6703296703296703
aac44c82f4c9acba,0.1978021978021978
2e00f8adb329f0a6,0.989010989010989
4a2cef28da2ac680,0.4175824175824176
73db87445c0d14cb,0.7362637362637363
a0055eaf4036dba9,0.7472527472527473
287882d174168992,0.18681318681318682
77950f17633e2869,0.9230769230769231
f0d5c8d319952174,0.5274725274725275
11ae85ae98f2edd9,0.12087912087912088
d8fc89d6fb7d708a,0.32967032967032966
f7094d5bfdf5c9da,0.945054945054945
f7abbe1988889979,0.3626373626373626
0bd7bb2214c43315,0.38461538461538464
7d86a30bb3a22ea3,0.5384615384615384
e8871ee618162d53,0.5934065934065934
2c8ccbc41da5052c,0.6483516483516484
9a3344af0788b1d0,0.10989010989010989
910728be4ee020e6,0.8351648351648352
1f09ef4f934467ff,0.27472527472527475
5ccbc29194546e63,0.6813186813186813
fd9aa1fa31ad2c37,0.04395604395604396
cd20322456feec33,0.5604395604395604
a581581c41c5f5c3,1.0
aeb2f0213e33cbca,0.8461538461538461
26eb51d2b93a2e01,0.8021978021978022
7575d385702c5642,0.5824175824175825
19d6299d8c1aabc9,0.7802197802197802
635f079f727a876c,0.054945054945054944
ebc7ae2223cc8714,0.2087912087912088
3a39947732fc6248,0.5164835164835165
343ff86a07b26d56,0.23076923076923078
99ba08606550fbb4,0.02197802197802198
ad86adc61d41dd2b,0.0989010989010989
dfdde1e2ea21ef46,0.7582417582417582
b538f33bb1dfaeb2,0.8131868131868132
f362a5ca052e5684,0.2967032967032967
45b938bd91719a4a,0.2857142857142857
ad17f930443c3133,0.6593406593406593
c7ccaac8805bc4f6,0.8571428571428571
0f927c1f9282725b,0.9560439560439561
dddcc18e614e75ba,0.26373626373626374
762e4e3a53e15ab1,0.01098901098901099
ea4cb632df7bb200,0.14285714285714285
78de718d18848ecf,0.7692307692307693
5f131fb885e1cdc2,0.6153846153846154
095201f2a637afcb,0.6923076923076923
d895d33068b2d9c1,0.967032967032967
2f913770093d4454,0.46153846153846156
6d47851b7a9cbe1d,0.21978021978021978
656ad1dc462047a3,0.8681318681318682
0a9fa596a913d2fd,0.13186813186813187
090fe09ef4f02c12,0.9120879120879121
9fdc84f9a2b6c975,0.31868131868131866
4aebecbf7dc93af5,0.07692307692307693
ef2a43e3e89fd3df,0.5054945054945055
7f39ee31bdef0f38,0.34065934065934067
e5164bcb85c6a26f,0.42857142857142855
e597e817ba0a9ff5,0.08791208791208792
84da47143fa441b8,0.3076923076923077
475c9b4ff7b2391e,0.4945054945054945
976ab6936b648d9f,0.9340659340659341
a3b3f4b0ed7a5247,0.7142857142857143
fc9c4ccc35cda758,0.4835164835164835
b39252d85cb446cc,0.7032967032967034
9efadf6e998d2dac,0.25274725274725274
5ac8169e547e4e04,0.15384615384615385
f11214bc53a0b099,0.7912087912087912
b87f53b8dfeca996,0.7252747252747253
cdba3ac84efaa474,0.8901098901098901
a3798c8e97604e9f,0.16483516483516483
b5e1804551b90832,0.5494505494505495
d04b68f51df0ead8,0.8241758241758241
1c22ff6078839b53,0.9120879120879121
81180bf8192ca3ac,0.8461538461538461
4f512c7b8df1f5b5,0.38461538461538464
dd5cbe4fd1479f0e,0.0989010989010989
6a79cb5f4a088a84,0.6923076923076923
288e08fe97e53599,0.2857142857142857
3f7586fad2ed9a82,0.42857142857142855
4294949c4a728eed,0.16483516483516483
9961efdbff564514,0.7362637362637363
134daddbbe4d5e8b,0.4835164835164835
b79aa1ae2a9538c2,0.4175824175824176
f327c07f26c74969,0.8681318681318682
92ee568bba7a7872,0.989010989010989
3b5ccd31e8b4d437,0.7032967032967034
6b2306f7952c2a78,0.07692307692307693
0d4fd6452993c250,0.054945054945054944
be0b4efb123b187f,0.4945054945054945
4d166ed97ef8fc71,0.12087912087912088
61007ec2ad3e73cc,0.7692307692307693
1eba998f7d8b2592,0.2087912087912088
9cdeb647dac23a97,0.7142857142857143
23c1f1ccf368b2cc,0.37362637362637363
1f121bfb3ed00015,0.5274725274725275
6b7a7ef60c9414cc,0.23076923076923078
a92f936447786231,0.5714285714285714
22ce387098fabac3,0.17582417582417584
9a1b17389a6d4293,0.26373626373626374
7453ed51623c90e5,0.15384615384615385
3794b5c8a7565363,0.6043956043956044
6c4461c2fce71bd7,0.06593406593406594
9c555e75c3f7c765,0.6703296703296703
549d5e37b603981c,0.1978021978021978
828b9d279aebe330,0.5164835164835165
5d6ccffb0d025077,0.3076923076923077
87b4d3d06ddbcd87,0.9230769230769231
6e7d37bd20eb45e7,0.14285714285714285
f95317cb10ec0e6f,0.02197802197802198
a39a879fa508d80b,0.8021978021978022
3b53ece0114405f9,0.6373626373626373
508e3867d870734b,0.6263736263736264
a40559315f4da70e,0.7912087912087912
3f0d54f01cf2f8bd,0.5494505494505495
53eae6e90b14e95b,0.46153846153846156
6690b85b5a933f20,0.7472527472527473
ae5e27ec965f2c89,0.45054945054945056
f5f03e58428b798a,0.24175824175824176
6b03e13087b41a13,0.9010989010989011
d353bdf08e1a83e9,0.8351648351648352
45957922556c4a04,0.6483516483516484
15cf57bb7b642ce6,0.6813186813186813
641c27613d34d759,0.01098901098901099
73eb5520cb1e7a05,0.7802197802197802
5a7043ddf07c104a,0.9560439560439561
2acb4606ff9ff02a,0.2967032967032967
d1478598c7f4ae17,0.4065934065934066
d9253455256cec57,0.27472527472527475
6d09133bd53425b0,0.945054945054945
832f1254f5b90513,0.32967032967032966
97bad4be486fa1a9,0.8791208791208791
1dccf2bb8b0b09be,0.3626373626373626
a272a207f14339cd,0.8131868131868132
1132e8cee8473e46,0.7252747252747253
0120f87ebfaad958,0.8241758241758241
fc391f3f9589f68e,0.8571428571428571
a2d6f8d13436d70b,0.43956043956043955
0033730fe59621c8,0.34065934065934067
567b66ac804e267c,0.3956043956043956
c26a7d28b5602a11,0.5054945054945055
dd459701b38ed58d,0.5934065934065934
a604610ef83fa49a,1.0
666266f79091ded1,0.03296703296703297
66a8e2ffe78859bb,0.967032967032967
fffd310ed5ca68ca,0.5384615384615384
4d848c39514fe843,0.5604395604395604
7ea74e7e2224672d,0.6153846153846154
d27e077b99ab58c9,0.8901098901098901
54667d086944b6dc,0.21978021978021978
c86caeecab5863a9,0.3516483516483517
55b0ef984eb112e1,0.13186813186813187
be2ba70bddb9ef04,0.4725274725274725
ef9c59930867b023,0.5824175824175825
54cb33ecb0a41b57,0.7582417582417582
6e56136be6fc2045,0.9340659340659341
77ab4efd8e0d8b4f,0.6593406593406593
e377a7303daaf770,0.18681318681318682
2a690dc34bbdada4,0.978021978021978
ba438fb0092e0018,0.31868131868131866
3b834b4712d6e44c,0.10989010989010989
48f5a15c43f13146,0.04395604395604396
86cc0743922c9d23,0.25274725274725274
dfca135b55b0aa81,0.08791208791208792
e7cc53a6abdbad14,0.8131868131868132
7c7e7be573656220,0.4725274725274725
69e629732344d41e,0.5824175824175825
1db4cc967a29cbc8,0.6263736263736264
5545be199f5efe12,0.5494505494505495
3e5cf96a2217a6b0,0.8791208791208791
4b44d91ad5779d3f,0.3076923076923077
8cf194dfd5d066bf,0.967032967032967
63f2e75ee7483868,0.25274725274725274
4c730cf88e21058c,0.5934065934065934
4c991600ee967e87,0.34065934065934067
695dbb3a48c0c449,0.01098901098901099
095032e8bd608dd1,0.8461538461538461
a4a4813b9363110b,0.02197802197802198
c5fd4f28747401f0,0.5274725274725275
cba37a3f68c4ea67,0.7362637362637363
5925edbaaf9680c4,0.14285714285714285
a0c24316fe6aae35,0.8681318681318682
555888956fdd6b2e,0.15384615384615385
c7cfb9dfe3acf80f,0.26373626373626374
6da8ff17c01ffa2b,0.4835164835164835
b559d4391d625fe0,0.8021978021978022
1038cf6ead2b4cd5,0.23076923076923078
62eff8ed3164fcc0,0.7692307692307693
a7b661361a4db8f9,0.8571428571428571
b09dbea8f4b3ed94,0.7912087912087912
6943e45df1ce21d6,0.4945054945054945
ee55536c41449d10,0.16483516483516483
70ec8aaaf3694d3f,0.6483516483516484
dbcec4053c5109e2,0.46153846153846156
18cdd9c506d25888,0.4175824175824176
7896dc3b6632db8e,0.17582417582417584
401fb97b0cf3de61,0.31868131868131866
11096161ed15cd5b,0.4065934065934066
21f48481cb1b651d,0.8901098901098901
f27b08292b9ac0a1,0.06593406593406594
4370d10396661110,0.2857142857142857
7498091af6aaf82f,0.5054945054945055
1cdef54714d0b9bb,0.6043956043956044
dcffba319a51f334,0.6373626373626373
fc0d506f0d2dafd1,0.37362637362637363
9d57a24a2fca2cde,0.8241758241758241
3bb122cc704eb0e3,0.12087912087912088
85db76442fdc56a5,0.945054945054945
53c66485ea5a4067,0.8351648351648352
6b1a2fb107d8c6e7,0.45054945054945056
9d0c34e2dda0e8c6,0.07692307692307693
9629425a1dc55d13,0.10989010989010989
9b8e296dfb049d69,0.5384615384615384
8d0edc842f3b5b2b,0.27472527472527475
90a746e140478a19,0.24175824175824176
1ba67964eb5f9a85,0.18681318681318682
e097d900a2ec398c,0.42857142857142855
c314dba1da7a1d5c,0.6593406593406593
cea8d7ee300e80a1,0.32967032967032966
e1365b0470c042db,0.7802197802197802
1f71e465d8ee7457,0.6923076923076923
b1e06f55bd12b099,0.7252747252747253
c0bc40705f021327,0.9340659340659341
e06621da72936db5,0.0989010989010989
3bd8f6ebdb8fe51d,0.5604395604395604
1eb008b56c966156,0.2087912087912088
dff766ff0ed577d3,0.7142857142857143
60f6a65ddf92e11b,0.054945054945054944
5dc82962ce68738e,0.9560439560439561
87d65373a4523175,0.6703296703296703
9ba6f59dfa7f22e1,0.1978021978021978
3a222faf1db7d127,0.989010989010989
67745b0a19ce37a6,0.13186813186813187
7e8768083a3ee55c,0.7032967032967034
9d7a51d09fe0fb1d,0.3626373626373626
8b187bbc37d9b4f3,0.43956043956043955
5ac70dbd45e81f63,0.9010989010989011
cd502d8872c78e28,0.38461538461538464
d2fbc99eaade6c70,0.3956043956043956
28e1f9a2b893042b,0.08791208791208792
996ccb0950a6966d,0.21978021978021978
7c1144722a0335ca,0.7472527472527473
4ca59e94c071b15b,0.03296703296703297
7b70b3e2b825c999,0.9230769230769231
085a22e54727aec6,0.5714285714285714
06a5835a707a84da,0.9120879120879121
81df296b1ddb4054,0.2967032967032967
21cf1d36c8736f6b,1.0
3c0a6aec8408453c,0.04395604395604396
c87790ad64893844,0.978021978021978
e67a07e55d739a6f,0.6153846153846154
de238215bb07020a,0.6813186813186813
76e7fc936f0636aa,0.7582417582417582
dbd3c7d58564cedd,0.3516483516483517
c694e7b9e0a5e6bf,0.5164835164835165
cfc62a07189573c8,0.8241758241758241
fb4f04798a450dc6,0.08791208791208792
4a985106d6b60746,0.6923076923076923
48a4d3d2dedac685,0.054945054945054944
4f3d033fda620318,0.45054945054945056
c17770172677825e,0.3516483516483517
60cbef137535ad76,0.8351648351648352
ebea2b21557f8824,0.32967032967032966
21e424f465957291,0.1978021978021978
d2bf410fe54265e5,0.8901098901098901
97ec1d00dff2b6b5,0.5494505494505495
9f1ba5fcc55bbf0b,0.4835164835164835
db13264b18952d78,0.03296703296703297
009b69a48aef6f69,0.5714285714285714
8382de83042a70c9,0.4065934065934066
c657c36d6cb92f23,0.31868131868131866
7a9f42650e42fc31,0.2857142857142857
bbf83234626fc603,0.6483516483516484
e5a1305c7570743f,0.5934065934065934
1e60f4f069cdbe67,0.6813186813186813
89c1e15e1b40a5e1,0.43956043956043955
73789cd17cb61485,0.10989010989010989
8703afceaabbdc49,0.7362637362637363
588e5f82e53ac4ba,0.989010989010989
bca03da175662296,0.34065934065934067
537e47db7d38e671,0.42857142857142855
640c065a5790dd9d,0.7692307692307693
f1f7e18ff75544af,0.26373626373626374
aace84b6fa083ed5,0.3956043956043956
fdd147c22d24a77b,0.967032967032967
ab77df05d1564ae0,0.17582417582417584
a64ecd713665c878,0.12087912087912088
8358df5ab01238d5,0.8461538461538461
ff25be5cbc53996f,0.13186813186813187
b13480f8b5bee657,0.04395604395604396
0783026320f41cbb,0.2967032967032967
5e145ba86f764bbd,0.37362637362637363
c02b450124faef66,0.5604395604395604
3520c1bf69e4e536,0.6703296703296703
06230541c5cf5239,0.02197802197802198
d892b74f6175d8f1,0.978021978021978
c44d005f60263d93,0.7912087912087912
cebe00826e1f4a5f,0.14285714285714285
3e10571655c8d57a,0.7142857142857143
8548b1046335f754,0.21978021978021978
200d02644e438edb,0.01098901098901099
357a3f89ef9bc4fa,0.8791208791208791
b6e9a1790d93b0f4,0.8021978021978022
ba2876777f95d40f,0.25274725274725274
cf349a835d0132bd,0.945054945054945
d54e4b186899ca7f,0.07692307692307693
f5edd09579828e66,0.6043956043956044
f1eb8e6c0bcc28d6,0.3076923076923077
6fa3f2bce044380c,0.9010989010989011
a46550e3f608134e,0.5384615384615384
e736ec1ab78acef5,0.24175824175824176
3b76fdc3703494eb,0.6153846153846154
5d049f9454db6d70,1.0
f4263de529de7e83,0.6593406593406593
531fc7709adc020c,0.23076923076923078
0a58e0331a0a4878,0.9560439560439561
d185f2230935d226,0.18681318681318682
7ea23966a700fd7f,0.38461538461538464
37e090243a1a5067,0.4725274725274725
f9f311f130b4522e,0.46153846153846156
094442464aaf7edf,0.7802197802197802
d06e17fa3a404300,0.7472527472527473
0ebd60e998c96266,0.15384615384615385
483e07c0737ad7a6,0.7582417582417582
6d34ef8f8738fba0,0.3626373626373626
1abfaafc16e8909e,0.4945054945054945
0ef1252eaf90eb5a,0.5164835164835165
fb40dcb9568d64bd,0.8131868131868132
74c8c1ca7a358d0e,0.27472527472527475
2c1617fe37da1e2d,0.2087912087912088
bdf2990f73491377,0.5054945054945055
56041f2a1f0c2172,0.7252747252747253
d4b7c8416417ad0d,0.5824175824175825
80b439fab06e6472,0.6373626373626373
cd19d1e1b23141ad,0.4175824175824176
077baf8878374552,0.5274725274725275
25cd00e8b573e769,0.9230769230769231
fb76de0f1d383c2d,0.16483516483516483
d7e33f64f4581cab,0.7032967032967034
834c5eb9dff20c12,0.8571428571428571
ed1695d0a2c2a351,0.9120879120879121
96a9c17ba1504edd,0.06593406593406594
2cb1ca7f4e1d13d1,0.9340659340659341
4069da25647e07c2,0.6263736263736264
d58b26ae05a7f203,0.8681318681318682
795d0b17f0dd3418,0.0989010989010989
23a6c7b57dd5e2fc,1.0
302665f47a6d46ea,0.10989010989010989
1b2c136f6627bfab,0.14285714285714285
757c2ee91c869dcb,0.5054945054945055
66b95000ee5502d1,0.2087912087912088
2bb7b529ce052d67,0.3956043956043956
82c2b33e7be544c3,0.07692307692307693
5e04ecc2bc707d68,0.26373626373626374
dfd8ef745d38db90,0.7912087912087912
db6a9b769ecf3b0f,0.27472527472527475
51ce696bad7610bd,0.7142857142857143
b7aa2cb63150ea6c,0.6043956043956044
e37f424334de6ef9,0.6813186813186813
ddb39530ee3ece19,0.15384615384615385
854b6b6754ef0760,0.45054945054945056
e028189f27362603,0.38461538461538464
84884ec79b31ecc0,0.06593406593406594
7209b19d6504e522,0.5274725274725275
470e7c1e6aceadac,0.8131868131868132
05faf373c0ceec80,0.6263736263736264
61552812799d9560,0.4175824175824176
eb6257a79c50562d,0.4065934065934066
c284dfab8cb608dc,0.8901098901098901
4d5f79f2b60fcb84,0.7252747252747253
78625ff96124f0cf,0.13186813186813187
ecc62b300a384a19,0.6153846153846154
6317f1bb0b6e5e7c,0.9340659340659341
bea23b80cd0f49d5,0.16483516483516483
0a74905925c33ac1,0.9230769230769231
31d927c1f970675e,0.02197802197802198
48bb3f3cc0c57c58,0.0989010989010989
452cb663e4b703af,0.967032967032967
6e8684ead0eb76a7,0.37362637362637363
531546c5b1099301,0.03296703296703297
c6f405ea9aff8f7a,0.7472527472527473
877f134faea48c4e,0.42857142857142855
4efc2c621e4b1a11,0.04395604395604396
d5bee40154b85c71,0.9120879120879121
1de0d39719fe5922,0.5494505494505495
c7b5352c9efd8477,0.7802197802197802
7c84e8d69e7e0817,0.4725274725274725
0fca9d19899e9c51,0.2967032967032967
c9fabd33c324afa8,0.12087912087912088
738db9743d963d25,0.6923076923076923
bf99ca3afd19652a,0.6483516483516484
d4477d5c04e64517,0.5604395604395604
41a9a5a32fcf4b6e,0.25274725274725274
8745a1825f3960a9,0.4945054945054945
d83cff4210dada05,0.4835164835164835
25cd7320e8786c4c,0.8791208791208791
13cd6c8b4e84aa09,0.3076923076923077
4f493fab3a221b00,0.17582417582417584
054f46beb11ef0a0,0.34065934065934067
0eb103bd74f44e5b,0.7362637362637363
a7481283297c8efc,0.5824175824175825
b5eeb53d9af3e945,0.01098901098901099
e502eecfe8db7feb,0.43956043956043955
1192d30c0ef100f0,0.6373626373626373
d1e717674ec32e51,0.5384615384615384
57dc19d033e2edce,0.1978021978021978
9d22c5b95fde84a0,0.8021978021978022
41b59ff27326ed14,0.3516483516483517
c95db56922aaa50c,0.6593406593406593
3a08ef3120077c5e,0.5164835164835165
0c24c17e3db78714,0.9560439560439561
238a1c477b695f29,0.8681318681318682
f58600ad2af7ddee,0.989010989010989
43bf65527dac5e19,0.21978021978021978
e3d37e2b2ed5b072,0.18681318681318682
78d5686465512cf3,0.5714285714285714
093e4f8f7b6ba891,0.5934065934065934
d018f82c773f9e68,0.24175824175824176
de506385ad0e527c,0.8571428571428571
7aabdbce65c0a839,0.8241758241758241
f48d1793a2679278,0.08791208791208792
0fe0add94df1894b,0.7692307692307693
fc621161445c1a05,0.945054945054945
077579a368b49afc,0.31868131868131866
6fc1734e531ef58e,0.46153846153846156
c1bea5625a068d7d,0.9010989010989011
10d8ac710aea2e86,0.6703296703296703
0e03fb38d1cb34cd,0.7582417582417582
d2669254f9ccbef3,0.32967032967032966
ae7a80b190fb222b,0.3626373626373626
a2bfeee3c6545ac8,0.8461538461538461
df175918bbf9d573,0.978021978021978
4a99b78c3ea1564d,0.7032967032967034
64ea5b8701593432,0.054945054945054944
6b5dfa57de4b755c,0.8351648351648352
5285bac329f7831f,0.23076923076923078
d51b223cff4c78bf,0.2857142857142857
2cc0d861cf9ba2e6,0.2967032967032967
7dcaa1b65583898b,0.4725274725274725
37da978fb9cc1b23,0.7582417582417582
e069a805a7edd540,0.0989010989010989
2e8ca51a126f09de,0.6703296703296703
0daa1ff4220f17d2,0.2857142857142857
f4b11ff26519f1b4,0.6043956043956044
16902868e3089941,0.07692307692307693
847523fe1e37fc35,0.9230769230769231
8a5ee7e92afbd08a,0.37362637362637363
59b96499797e029f,0.5824175824175825
030573936daaa43f,0.4175824175824176
d9ac8157b24376a7,0.4065934065934066
a841404c6e7b9658,0.26373626373626374
a2425e6b48dd3a20,0.8131868131868132
3747e943645e3982,0.8351648351648352
a0470f3eaaa8f14e,0.31868131868131866
d2b698f9fa5344c0,0.6263736263736264
627d0f30ee3a0568,0.43956043956043955
5e81536622091610,0.5714285714285714
fd1f233b017f39eb,0.5604395604395604
9041c3128467bddc,0.054945054945054944
cbd502cfd799a641,0.9340659340659341
dfecc3f35be0b683,0.46153846153846156
e98c05dd9b0c3020,0.38461538461538464
2268c7131efd68e9,0.5494505494505495
39c7be6d27af4b2b,0.6153846153846154
9e1b060b112251b9,0.8901098901098901
57321eeec9964434,0.5054945054945055
7b36b1b074fb0781,0.8681318681318682
41ce17ed046ed88c,0.6593406593406593
0cb97df53bd8cc9b,0.04395604395604396
07a674a5cea81042,0.25274725274725274
a9b490ae4c3dd25a,0.8461538461538461
0bfa80fc6ef56816,0.8241758241758241
102b0bcb6c933006,0.03296703296703297
72a451f751389335,0.7142857142857143
7812f6cb382c4dd6,0.24175824175824176
83ce5a48be1489c6,0.01098901098901099
cde1baa2f7a67d8e,0.08791208791208792
ac23dcff23263a76,0.3076923076923077
a3071d54afd13ddb,0.3626373626373626
763a0f78d25281b7,0.6373626373626373
181bb9bd9a186ad0,0.6483516483516484
c34e8e4ced594ce0,0.7032967032967034
929153c67c9fd6e9,0.5164835164835165
4ce1eacba0c5b57b,0.7252747252747253
2a14650d3f5678a6,0.5274725274725275
d30e3dae43305517,0.7912087912087912
3ace1b0088d94c7d,0.02197802197802198
86e1d4d8add1ba22,0.7802197802197802
4cfbe84b055fa5d8,0.34065934065934067
58db4811c756cf06,0.6813186813186813
2cd2a3ad378977ce,0.1978021978021978
6117b3dbfa4b96c6,0.13186813186813187
f4eef3a3584ea168,0.10989010989010989
c842a0bf617a2a05,0.5934065934065934
09aee2a2f2fa4488,0.7472527472527473
02bbeceb0f1e45b0,0.978021978021978
723df2ddb4109f03,0.989010989010989
dda4d81d34c3b608,0.3956043956043956
9739ea9f714c2077,0.9010989010989011
b968b806026bb0fa,0.4835164835164835
58c0d09291d5b106,0.12087912087912088
f6f0439f169d88fd,0.6923076923076923
31365dad6bd61f88,0.15384615384615385
12bb3d1b6516ab50,0.7692307692307693
8ea66a3d59d56afb,0.2087912087912088
a7cb50d4a6f36a8e,0.27472527472527475
aa512ef99be4b91b,0.32967032967032966
4973416726279706,0.45054945054945056
1ab5a678dac7be95,0.9560439560439561
c70a1d920c740cd2,0.18681318681318682
e33b94bc045fc8e7,0.8571428571428571
295f55acc8cc393c,0.9120879120879121
61fa0ed7b2ea1f94,0.7362637362637363
2664bb6af4e8fbee,0.8021978021978022
c00efb7265f8ea98,0.06593406593406594
bd59023c0b8f645e,0.5384615384615384
38e8599513330d9e,0.21978021978021978
ddcdc64b5930af9b,1.0
6360ffc9e3eb66d3,0.8791208791208791
87c52e05ea64cb3c,0.23076923076923078
682cba418c23d602,0.3516483516483517
f9ac32fc996d9cd5,0.17582417582417584
6e97c116041b3f5a,0.4945054945054945
518c53ad03a80262,0.14285714285714285
e8f3163c01644143,0.945054945054945
9d9ca1083292edad,0.16483516483516483
5b2ba591cde49a59,0.967032967032967
6f37fb57ced594ba,0.42857142857142855
3f1650566eb9289c,0.9560439560439561
a4ba4051eedf9511,0.5054945054945055
9e143e4df2cca495,0.2967032967032967
772202ddbda64008,0.15384615384615385
ae5d2cd6b1037cd6,0.43956043956043955
eeff67e4cbdc00b3,0.3956043956043956
e841df240a5d90d2,0.7142857142857143
6bae9ff5a0ebe1e6,0.7252747252747253
33b01c4ae2fc6ca5,0.8901098901098901
4a032b0868b6c7fb,0.2857142857142857
1934feed7bbd52c7,0.4725274725274725
f8f2beaea6acbc22,0.10989010989010989
d4288d8dedb27adc,0.08791208791208792
b37862785eccc163,0.6483516483516484
7ad86aedef3b6703,0.04395604395604396
ee7ee81932cf65b1,0.0989010989010989
f50e9725a2892411,0.7582417582417582
f7e9aac8c76db1a8,0.9120879120879121
a97a374548ded63c,0.25274725274725274
7238e6da4ce620f5,0.5384615384615384
fcba544aa76d2823,0.7362637362637363
38444d0d154eaf20,0.01098901098901099
fb52d02c8b2b6484,0.6373626373626373
86ab352c12c119dc,0.21978021978021978
525c1dddeee6f6bc,0.42857142857142855
5b0c78129eef0eeb,0.978021978021978
fb5d9ab6fa202394,0.8461538461538461
cce0a04c8b4a929d,0.7032967032967034
6237bd2ab1856a3e,0.31868131868131866
79565741b5aa2a01,0.5714285714285714
71611a98df74d734,0.18681318681318682
967f2814c22a2a74,0.3516483516483517
d44c39711deff24e,0.8791208791208791
e8ccb53ee09cc999,0.12087912087912088
d8b9dfbfaf682081,0.37362637362637363
e190e44e056abe02,0.8351648351648352
91674c37199bebc8,0.5164835164835165
c6f1a419f1e44d1d,0.4175824175824176
fe33d2f5b8f9d8d5,0.5824175824175825
949a1d7066f96f95,0.13186813186813187
3da03daf2ae773b8,0.945054945054945
3d6fc53a8a0f40ba,0.054945054945054944
ce9575f4b0e6acd0,0.45054945054945056
11e5769323b6a701,0.07692307692307693
dce4e1bf96258d6e,0.24175824175824176
f409e6b2fff6358f,0.967032967032967
86867548d60d0df6,0.5274725274725275
f40e7aaffea5618e,0.5604395604395604
ff95c87500900583,1.0
e2aeec5688cdb29c,0.46153846153846156
8fc8a9b54a2201ff,0.6703296703296703
16962c36200749cb,0.989010989010989
ffcd0feb48a183e1,0.7802197802197802
783025327058233f,0.16483516483516483
362b37d073c440b5,0.6043956043956044
cf187f0eff31d55c,0.6593406593406593
63851f22274e3c64,0.14285714285714285
2f180d75f2490058,0.17582417582417584
64b465c158b6a014,0.6153846153846154
e38c474b7569a8db,0.6923076923076923
c8dc2f9fb06bcea6,0.8131868131868132
e144a95d41a10069,0.8241758241758241
44ebdd2517646dfb,0.3076923076923077
305ce6816191c96b,0.8571428571428571
fe13d324197b85de,0.7472527472527473
02fae60e9d344397,0.9340659340659341
c69e8da64e4beae9,0.9010989010989011
922b0885c3d71dc7,0.02197802197802198
170b18145e1f1ed1,0.1978021978021978
49e354dfc95aeff3,0.32967032967032966
1afe410f10027ae5,0.3626373626373626
a1167b3670fb74d2,0.8681318681318682
0fc2ed9e88978404,0.38461538461538464
5dd003a3575d2041,0.6813186813186813
8967374cca87b023,0.8021978021978022
dbf784353a896965,0.03296703296703297
09a2732a0738ad86,0.9230769230769231
4b68b75877656657,0.34065934065934067
34192798c807c323,0.4945054945054945
e9f159041dc60dc4,0.4835164835164835
8fb19aecb90e4c7e,0.06593406593406594
51bfc3fa0195c86b,0.5934065934065934
78d0cfff4ca06bb3,0.7912087912087912
6a418e843a77f7b1,0.2087912087912088
fd23a254c73e52d9,0.5494505494505495
0a6e7bca21833910,0.4065934065934066
7e01b08bb2a21540,0.7692307692307693
4682891538a2e2e7,0.23076923076923078
d33b9fbed31483c9,0.6263736263736264
bf1305fe765e9685,0.27472527472527475
0e0bc04713d9243a,0.26373626373626374
960dda027f205f9f,0.8131868131868132
7a020252d9170f0a,0.6153846153846154
50119d8aa0670a4b,0.01098901098901099
53ce07661637f1d7,0.23076923076923078
48d11c748fbcaa82,0.6923076923076923
4ec94fa049dd16dc,0.945054945054945
3d563e08d296e691,0.32967032967032966
c41678b7a7b7ec4b,0.03296703296703297
72522c1c703cd262,0.8021978021978022
34ccad410a08e0b1,0.7472527472527473
d20c535464692325,0.4945054945054945
b790db532382f29e,0.1978021978021978
8e6b164eb54b958a,0.42857142857142855
a7323c72d45f9a73,1.0
5bff8c25ac634b24,0.25274725274725274
d2eaa2349491c589,0.38461538461538464
6d56874e77e897e4,0.7912087912087912
12a8495ba61ebed5,0.34065934065934067
9597eb6c73e62826,0.054945054945054944
d7529e3eda3a618e,0.978021978021978
9a3f6bc638a09edb,0.15384615384615385
7e8ed3356b0db8cb,0.4175824175824176
504c6630de49dde2,0.5164835164835165
2e7cbd06ce0245c4,0.2087912087912088
86d94b45dd1e73be,0.43956043956043955
f7e8c790ba82228f,0.5824175824175825
50ef964e69f6fb73,0.967032967032967
97a7f8100fb2f4b9,0.4065934065934066
db54a19e41a4ba98,0.5384615384615384
971c05b977af8cdd,0.3626373626373626
070f1a0e9c1bbbc1,0.06593406593406594
6b8a0b12a660be71,0.7802197802197802
22c0a394f0c69817,0.6703296703296703
f0d0b881c190b28a,0.10989010989010989
a8bce21776778ad6,0.8241758241758241
f4e9f6544ea0a61c,0.5934065934065934
4dd3e8547ccd6d3c,0.46153846153846156
2f95d30845c50d53,0.9120879120879121
0849de103c07d186,0.9230769230769231
4fc96d69c3db69f8,0.07692307692307693
63a70d97790f9978,0.04395604395604396
763d445b42425fdc,0.7362637362637363
89e9cac60cc81859,0.5274725274725275
714ef24600706afb,0.17582417582417584
0ed25ef8ed208728,0.5714285714285714
a23adfa6cd52b014,0.31868131868131866
9f3f421da78e7bef,0.7142857142857143
c88802372317bbc9,0.7252747252747253
9ed34065175becde,0.08791208791208792
4db6c914612166c0,0.4835164835164835
936b182bbc884bce,0.02197802197802198
0b70c2292bdf8ef3,0.9340659340659341
c138a7a479df6c93,0.18681318681318682
6ff653dbb39dd277,0.27472527472527475
7bd2647c9ec5ba73,0.14285714285714285
8d84025a1f5f7b3c,0.21978021978021978
4eb5dc700f5709c2,0.8681318681318682
4f782c87aeb83382,0.3076923076923077
f647afba38757ff5,0.8351648351648352
f26f48885bc7e46b,0.37362637362637363
2cd385695cdb894c,0.4725274725274725
19c587b1a0bc2888,0.0989010989010989
5c270b185902a235,0.26373626373626374
338aeb12dc3bf986,0.9560439560439561
dedaba2221e1d8e4,0.6373626373626373
9c31426e970ddece,0.2857142857142857
b9b5bc2822e915be,0.6263736263736264
3dee2df93c5f66c6,0.24175824175824176
50c12fb81f6a5af6,0.7692307692307693
57cb75dcde20d7f4,0.6043956043956044
998b5e6cfc9d0114,0.6593406593406593
d1d3ebea817b5256,0.989010989010989
f1b9fd13b16b699c,0.45054945054945056
92b4776c052daa32,0.8791208791208791
3da56d267cbeb493,0.6483516483516484
e5a936a8675f0cca,0.5054945054945055
14346a1115ed40c2,0.8461538461538461
e25320461b49da2d,0.3956043956043956
648a54810ebc18b1,0.16483516483516483
f2dd45b814599fde,0.12087912087912088
b6729afc680229ad,0.5604395604395604
1cb2b6020e5569cc,0.6813186813186813
558da44a5dc904d3,0.13186813186813187
c881cb097e41dff6,0.7032967032967034
fe2a2684009c3cb7,0.9010989010989011
9520297bb8288eaa,0.3516483516483517
d7575411bf16f3b7,0.8901098901098901
baf0a1f61a195590,0.8571428571428571
1bb786474277b0f1,0.2967032967032967
63be597e7f2270b2,0.7582417582417582
fb1abcc3fe8df3e3,0.5494505494505495
4f5d415fe6149e54,0.13186813186813187
f194422e797858f6,0.01098901098901099
4e9adad777a785dc,0.4175824175824176
a7c21dd4ac1698f3,0.8681318681318682
bbd92ffeca19b1d5,0.7692307692307693
98c89e2efa9d7d9e,0.7032967032967034
c32ade2b2e47729b,0.6043956043956044
e5fad18a8e2ce8d6,0.7252747252747253
dd942cc4714adcc7,0.7912087912087912
260b2cd3615340fe,0.10989010989010989
d74de93e41102f76,0.3516483516483517
d31bb0d62e76d5c5,0.9230769230769231
b52da54228e8f8dc,0.4725274725274725
44bb6edddeb6f791,0.32967032967032966
840bd0d96326d96e,0.43956043956043955
64006d74e450af38,0.9340659340659341
c92543a56284156f,0.06593406593406594
9a65f0a95d2fc646,0.7142857142857143
a3b21580004bafdc,0.5824175824175825
598ea03946a90bc5,0.15384615384615385
0c537b3564ffce5b,0.8351648351648352
ad08a0179d4d65f4,0.21978021978021978
bf5d224af6e54b38,0.8021978021978022
ce35909dc08b77e3,0.5604395604395604
6d395adf4149985e,0.6153846153846154
ee4c0c6d7fd5909b,0.4945054945054945
9d1c6dee88ea8bf0,0.6483516483516484
3c2226d19d047fe5,0.37362637362637363
a56c8ad25f4d6571,0.18681318681318682
4ba0ea3aa11e5409,0.45054945054945056
27ffe267e0a09eca,0.054945054945054944
8aa33a0a81354fc6,0.7472527472527473
9ed8f099f78a28da,0.26373626373626374
27350038cb407a4d,0.9010989010989011
3964e3fb97266786,0.17582417582417584
3a3245caad88c3a2,0.4065934065934066
c454697a0741a241,0.6263736263736264
3b1cae4aa86c7df1,0.24175824175824176
df631f4242848a76,0.25274725274725274
63ead87c71a6c12c,0.989010989010989
7626d72e6223b70b,0.8571428571428571
002a5e504370c0c2,0.3956043956043956
e334788b3a5ee928,0.8461538461538461
472f3237518a67e6,0.7362637362637363
f80b08ee68e814a4,0.945054945054945
14cd801c73c6b002,0.967032967032967
e87d062de39c7791,0.5934065934065934
d63acf345444832e,0.03296703296703297
a98fc3c098970171,0.9120879120879121
2a0eae081f2ea292,0.8131868131868132
f9a9194204e5f943,0.12087912087912088
b118ecde09f56b5c,0.978021978021978
9800ee59f982fe72,0.46153846153846156
ed31202cb92e1f99,0.5494505494505495
dc9c394124304d36,0.34065934065934067
24cc3eec3d3fa9ca,0.07692307692307693
4d03cd91ae194fcd,0.2087912087912088
3e9298642a5e14ea,0.6373626373626373
f8e7e28a614299e5,0.14285714285714285
57d0da7c7df1b089,0.3076923076923077
8b995afe100e77f0,0.04395604395604396
de35b38e00b9f9eb,0.5714285714285714
0b0d311cdb1ad89a,0.6703296703296703
b262e3fd1776284f,0.7802197802197802
9fa9dc26371bcb52,0.31868131868131866
1b548bf2c07303c7,0.16483516483516483
4487eb433bfd6dc0,1.0
c14d7f998ecf06ad,0.8791208791208791
b9b0f3404715012b,0.23076923076923078
f9fc98ced0d91125,0.08791208791208792
eb289a45627b82f1,0.27472527472527475
a6af87b782ee33a0,0.6813186813186813
7c1b6bc7f6214d5e,0.6593406593406593
3819521635c863c0,0.7582417582417582
a326956ab62adc32,0.8241758241758241
2d976d269ca4fc60,0.1978021978021978
5207eb13bc3af1e7,0.5164835164835165
b964c970a932fe4b,0.38461538461538464
2a2ef8c345d4b12a,0.8901098901098901
93ce56f558891ea2,0.5054945054945055
ecef193a73f6bc50,0.6923076923076923
27de41f730fa9f58,0.42857142857142855
38b7c26ae8b4f0f9,0.3626373626373626
5ee1138b38df62fb,0.5274725274725275
52bbc7ebb891cce7,0.2967032967032967
7500f854b1cb8890,0.9560439560439561
78e712d1cf34e30d,0.02197802197802198
32852b2bc71bc5d0,0.2857142857142857
d6f3dd5d712f31ce,0.4835164835164835
9be4216d4c463fc3,0.5384615384615384
19c89243af980e8f,0.0989010989010989
3ae5cb3896f58ba3,0.18681318681318682
747cd9dbcde487d1,0.8571428571428571
a82323714bab48ef,0.8791208791208791
e8650a348acd3aac,0.8241758241758241
cb9c68dcde41e3fe,0.5384615384615384
a30ffb53585daee0,0.6263736263736264
7034d017d2c5f6d1,0.38461538461538464
26351bef76d4804b,0.7802197802197802
8b8401de7aa1d271,0.17582417582417584
0138a62239d91123,1.0
8bbe76803048fb79,0.3076923076923077
05bf1ded9313eb57,0.6593406593406593
a2d6e7621b775421,0.7582417582417582
8975225edc0cd99b,0.25274725274725274
af168fd3e8038442,0.21978021978021978
4655ed53083d103d,0.4945054945054945
2ac6a07bf786088c,0.6043956043956044
933be70c8f3b594d,0.967032967032967
c40a654e17c45fb4,0.5934065934065934
2ecb28e09bbe70fe,0.23076923076923078
1f561cf7b67a9172,0.4175824175824176
9ff229b243908f6e,0.01098901098901099
d826079c4c3699cb,0.9120879120879121
c9ffe418eecc07b8,0.27472527472527475
cdeffc0e65af9f7d,0.5054945054945055
aee1604e0db7bc73,0.07692307692307693
38a526732f104e6d,0.7142857142857143
81bce56aee36302e,0.8681318681318682
f15504e8b4eaf405,0.9230769230769231
8a1f9c67ae335f89,0.10989010989010989
e2c08d3fdbe79ebd,0.3956043956043956
77527d36de0f0e71,0.5274725274725275
aa3c27ffe3e7d1e7,0.15384615384615385
e45dcc3da3709791,0.5714285714285714
51bc4698473e1276,0.054945054945054944
9b4592ffc5c937e4,0.3626373626373626
440845d948cd9d05,0.4835164835164835
6185eca2cef6c13a,0.26373626373626374
ef8d44633b65ee20,0.989010989010989
6f0741ca2bf3c8e3,0.43956043956043955
a6484199cff7f089,0.42857142857142855
997fed9bbef310c7,0.8021978021978022
9391e7cad5b873b8,0.978021978021978
0ec779f5e1814eb5,0.34065934065934067
776958cb7905fa95,0.12087912087912088
455a9068b3830b8e,0.8901098901098901
468015ef20db1de8,0.6703296703296703
a2a2adc34806dc3e,0.1978021978021978
54481b613d06d926,0.9010989010989011
a58c88f2b0cd7832,0.6153846153846154
f6b3f577009bba3c,0.4725274725274725
44a29248ea09147b,0.08791208791208792
b0fb38477abd4140,0.03296703296703297
a5e39d6c58f6922d,0.2857142857142857
ccb53aa38809fd14,0.45054945054945056
adacd73cbfe82157,0.02197802197802198
8cfea0339ba058ea,0.5494505494505495
e44aae1b835793c8,0.46153846153846156
ca2631758121b50e,0.14285714285714285
5d0213b5c0dbab2e,0.37362637362637363
e41b058304e11811,0.6483516483516484
9ff5a3033c7fcd69,0.7472527472527473
3398623db0231b47,0.13186813186813187
25ab05da07044059,0.2967032967032967
920b6147087c9f2e,0.32967032967032966
f38149200660c3ad,0.8351648351648352
3cfe2e04f3bddf17,0.7032967032967034
53444f014f361706,0.04395604395604396
e160413505c39164,0.4065934065934066
3ea7c5e1c1d24671,0.7252747252747253
0b36dcc53913111c,0.6813186813186813
257c97fad26f2bf7,0.7912087912087912
23a9985653f3e12d,0.5604395604395604
c8a935cc699057d5,0.2087912087912088
550b15a2e82327fa,0.0989010989010989
ed5a58a0a61facf7,0.06593406593406594
41d5da97aa0a392a,0.5164835164835165
e05464dd6e7b775d,0.8131868131868132
73ea2ee929846378,0.5824175824175825
3e45df52bfc60427,0.7692307692307693
f9d334cd01934f6e,0.31868131868131866
7e82dccf2f2ec6e3,0.6923076923076923
66ca2643870abed5,0.9340659340659341
aa6dd624b0f76bae,0.3516483516483517
21f6c2e933186705,0.6373626373626373
60c483ba4581b8c7,0.945054945054945
f434c8d62a22fb2a,0.24175824175824176
2f5fa1629d08f3a7,0.16483516483516483
1d807597491572d3,0.7362637362637363
e5d78a5b84a1ce69,0.8461538461538461
6f011ce0cab236ed,0.9560439560439561
bf103e8aefc4f17c,0.34065934065934067
2562b5f9068c1ef7,0.8571428571428571
54d851a95e303c62,0.5164835164835165
a98d2932c9c3ac20,0.9340659340659341
0c7f9dc8d9bca34d,0.38461538461538464
308c9ec4998a76d8,0.8461538461538461
373047adc01e0f91,0.17582417582417584
fc33a427fe25045a,0.5934065934065934
2e8b0ea822648460,0.8791208791208791
1435e1652b42bb88,0.5494505494505495
4ca8161ac3e18ffa,0.3626373626373626
7f695b65efafe22c,0.12087912087912088
28369153efafc790,0.15384615384615385
8d2a8d05e853c652,0.2857142857142857
ee210baf1f435651,0.967032967032967
d54c11b12c151f39,0.26373626373626374
d1d9228874d98d6a,0.4835164835164835
b4ed7e3236ecdc0f,0.21978021978021978
dddc31f345104a11,0.6703296703296703
75180aecd9213373,0.42857142857142855
c486a89945842a0b,0.24175824175824176
cfd89578d6a377f4,0.8021978021978022
3de5dc4ce25371f7,0.6923076923076923
e47d76ee1d1bdcad,0.7032967032967034
20315336e3b27210,0.46153846153846156
89b9b1419b812f32,0.5824175824175825
f1d04b95f27bb2e7,0.25274725274725274
c64de827d3caf363,0.989010989010989
6337010d45bcc40b,0.13186813186813187
60cd9c13e0316dd0,0.6813186813186813
64d254dc50296b80,0.43956043956043955
6b61de2a65f7eaf8,0.45054945054945056
f8ee362cbd60512d,0.4945054945054945
6373b06bb80eed28,0.14285714285714285
0bab2681fd1219c0,0.2967032967032967
4087f7eeb3d50f58,0.6373626373626373
7cf2ef4add8dc85a,0.4725274725274725
2f441849b23b5c09,0.6263736263736264
e066b7bd0254cfdb,0.08791208791208792
378e852645b5a5cb,0.7582417582417582
b30cffc89d182fb6,0.8681318681318682
4f49b06f9001a9a1,0.7912087912087912
eb5e8f0aec021174,0.5384615384615384
50a8a4719ef03ebe,0.4065934065934066
86f00a618c588893,0.02197802197802198
ec2d47175077ad7c,1.0
128b13645ecfc241,0.0989010989010989
9895622f742061c8,0.978021978021978
8affeee9e7b6d528,0.8901098901098901
59ce62399a994ec7,0.9230769230769231
5f3693fb4faa4584,0.9120879120879121
9b96d8e74d55fa0f,0.3956043956043956
278652291a56a32a,0.27472527472527475
31b9719d6b08566e,0.9010989010989011
c1c20a705885af00,0.5054945054945055
1563c7e78229d205,0.5604395604395604
561efbdcf4f30bf2,0.06593406593406594
9ad7f83a90989894,0.5714285714285714
31c3b36205136307,0.37362637362637363
8806a22ed6a3a23e,0.6043956043956044
72daa990de2d80cf,0.7252747252747253
62e88cd0414f1203,0.4175824175824176
91c78d1e5bd589ef,0.2087912087912088
3f3f4849a78ed37b,0.7802197802197802
00884c438aaed52c,0.8241758241758241
efcae53f7c5ec090,0.8351648351648352
64978f8287e083b9,0.07692307692307693
a220fcdb5fed0013,0.7692307692307693
43a521cee9e1e3eb,0.6483516483516484
b31722898e1f3006,0.8131868131868132
dce10efbe23023f1,0.945054945054945
170c7d7c0f93a1b5,0.054945054945054944
89f1e85022757c26,0.3076923076923077
000d8ff52e2e5ccf,0.7472527472527473
1296165f276d86e3,0.9560439560439561
81b3e00e04517d0b,0.6593406593406593
85de40841d98fd21,0.18681318681318682
c3d0119b67d452fb,0.7362637362637363
de2c5fbcd8efc8ef,0.01098901098901099
7eb17626980e756e,0.5274725274725275
dbbc37e9b3e7879b,0.7142857142857143
fc70d33b4806ef9d,0.10989010989010989
dc5aeaa42831d309,0.03296703296703297
6aefbfc41708a02e,0.23076923076923078
7dab16af19f9e127,0.1978021978021978
59eb1a3cd8e10dec,0.31868131868131866
c67727ba8c5d27c5,0.3516483516483517
796d52eae8c7393c,0.32967032967032966
3e9f601658b9f046,0.16483516483516483
60f7e3349bcbfc7b,0.6153846153846154
598af8014b511c73,0.04395604395604396
b07b46c7f5321c4c,0.7802197802197802
5d9521f4f1e1f94c,0.43956043956043955
af313a42aefa9356,0.15384615384615385
519f3938e80366b8,0.2087912087912088
d7074a4905e5ef92,0.989010989010989
3df1e5ab193dbd77,0.5384615384615384
160f3461136ea27f,0.42857142857142855
c515b91746158ec6,0.2967032967032967
e16ce655ad7f1d5d,0.1978021978021978
034e0bee5f1141f0,0.9120879120879121
86b9fad50f81006f,0.6263736263736264
8de7f90c94eeea13,0.8791208791208791
2ff6c05867ee463f,0.23076923076923078
4657affc77b907b1,0.4725274725274725
31315fdec7f693f1,0.7252747252747253
508e32f89a8c6bc7,0.6373626373626373
a1ee9770a929d351,0.5494505494505495
8b1d857b3b4cb8f9,0.9010989010989011
d68620bdeeb46764,0.08791208791208792
302265df10bb6d6c,0.2857142857142857
bd28b1cb753d9330,0.37362637362637363
c7103d51eaa549e3,0.3076923076923077
df668cbe36a6b3e2,0.7692307692307693
2722991aee4b9902,0.9560439560439561
ef231ace6d481829,0.6483516483516484
267bec89840aff46,0.8131868131868132
5c1755d806996eee,0.054945054945054944
ffb827b8e1521dee,0.7912087912087912
17dd2c40db7adf6b,0.9340659340659341
c109ebc1bc10742a,0.6813186813186813
f819aa3fbe7ed7d3,0.6923076923076923
568eafcdd2034e2c,0.3516483516483517
503aebff9587b769,0.6153846153846154
084747b4e83e547d,0.7032967032967034
4489a91bff47e884,0.5934065934065934
2e655113bfc283c8,0.18681318681318682
e9708ad4a3774899,0.4945054945054945
e4a6fa4117913c23,0.46153846153846156
d9e4a967b932c15c,0.5714285714285714
ad4bc68fbacb5d31,0.5274725274725275
1b151d80412d0c99,0.32967032967032966
36c853939fee9816,0.16483516483516483
72369e24a9aac4a0,0.945054945054945
a608de0bbce11053,0.9230769230769231
49ea1a7c30d8d7a7,0.27472527472527475
0499073d7dbe421b,0.03296703296703297
c77779e4b018d85d,0.4175824175824176
22ebcaaa0358e920,0.8901098901098901
d916dc3016fbe066,0.45054945054945056
19ec0fe1fa02f7b7,0.24175824175824176
99b585c4a4fa0af9,0.8461538461538461
ed4c8d47d40a079d,0.17582417582417584
5ca089935612fd5c,0.3626373626373626
6a31a140eda0bc61,0.8241758241758241
aec33860b83ef157,0.10989010989010989
a9dac3f59c0c61ba,0.12087912087912088
fb23f2dcdb08157a,0.38461538461538464
b0c0d876495633b6,0.6593406593406593
18acfdc4b7bc7708,0.5054945054945055
d5fd86dce5959068,0.21978021978021978
0c35525c85454af1,0.02197802197802198
2e21006e771342ee,0.6043956043956044
48986d95909a0acb,0.01098901098901099
04c7c89822214df6,0.13186813186813187
04fc24d79f379eb0,0.0989010989010989
f90959338784bbf4,0.34065934065934067
ad461f06c0e91502,0.06593406593406594
2fcaf7466cad5c9c,0.8351648351648352
5ce74ccc5e026ff1,0.5604395604395604
da628bd13290e8b3,0.7582417582417582
5e9570581e2b684d,0.04395604395604396
fecc08ffcd95847d,0.07692307692307693
56967eb95bb14679,1.0
2933714557b53903,0.6703296703296703
c9ba08aa72a99508,0.8021978021978022
0907845242586f2b,0.7472527472527473
ea79e8d08376723b,0.26373626373626374
83ca333ec8fcb15f,0.8681318681318682
2b139d884528351f,0.31868131868131866
afe5931a890ac023,0.967032967032967
25ffee7ad035b8fd,0.5164835164835165
a813d08fb1b0ba90,0.3956043956043956
5755e1637e27d60b,0.8571428571428571
34c43c118a90236a,0.25274725274725274
2e55638ea116fe2f,0.5824175824175825
1158a035fb9cec85,0.7142857142857143
c13ff7cacbe307aa,0.4065934065934066
c8daeaaf0ba88703,0.978021978021978
43d7df48f99f68d3,0.14285714285714285
a174d9ef947e26cc,0.4835164835164835
8b4c4558a08466a4,0.7362637362637363
bedb0fa3922b63c2,0.4945054945054945
ea419d9c9744b1f4,0.16483516483516483
d5427b8fc57ac212,0.7692307692307693
f63a33d77e285de5,0.7252747252747253
b0cd30851f34dcfe,0.45054945054945056
c2afb690d7bde79a,0.1978021978021978
c5286797afed48a5,0.18681318681318682
fd7ed958f1bc4200,0.46153846153846156
fe9c4d476d0e393f,0.43956043956043955
f15ec6f6a788a9d6,0.7032967032967034
a1ddd5c6ed11d70a,0.945054945054945
1831bc8dbe1a54f9,0.8461538461538461
dd37bc249c3054d4,0.5714285714285714
44542009bd1e574f,0.6043956043956044
de01c03ca4970600,0.42857142857142855
b3ffc197dca5bd52,0.5274725274725275
44f6267e26980e0a,0.9120879120879121
5105423de98dc397,0.38461538461538464
37598d9bc2b15cc4,0.01098901098901099
f74a26338d711e73,0.02197802197802198
f7c8f5385d101612,0.9010989010989011
0ff41c3c4b335f13,0.6483516483516484
9af65de5921a853e,0.24175824175824176
d3ab54debddf5526,0.9560439560439561
a9ee75a97aecb603,0.6703296703296703
0ee14ed1057aeb2d,0.23076923076923078
75280e7f436d188f,0.9230769230769231
7652b548dfb6cb8b,0.13186813186813187
677ae2d99f8d6300,0.37362637362637363
8a0cc57f916cc483,0.6153846153846154
5967016e398a10d8,0.12087912087912088
66b9485622161d1d,0.967032967032967
1f5579eb4ef5467b,0.7582417582417582
9180039e3de53273,0.3076923076923077
3c20ba4ba95db882,0.8571428571428571
ab727a9e4174be8b,0.5824175824175825
b8303859368f6011,0.6593406593406593
c0047e6110c8a828,0.27472527472527475
06bf90498b86bbdd,0.26373626373626374
c30f0edcc4ae9570,0.3516483516483517
ed57ec5039cd7aff,0.3956043956043956
daeb455d3ac78fdd,0.5934065934065934
55396d0896a82a5c,0.6813186813186813
5d64bc196d33e1b9,0.21978021978021978
9502a4b988751e86,0.15384615384615385
3e68d4ec15525a6e,0.6263736263736264
0f12933ac453efdc,0.8351648351648352
b208d854843fc92b,0.32967032967032966
e0fe9a2857469628,0.17582417582417584
f07f50fd59a1fff7,0.08791208791208792
8a77b7716365228d,0.5494505494505495
210d7aff153683c2,0.989010989010989
fb906a67dc7bcca8,0.5384615384615384
f7846438150579ff,0.5054945054945055
42b4326d41bde6ea,0.03296703296703297
63975ceb6e0d51e0,0.5604395604395604
841a6ad23d8c106c,0.978021978021978
25c1e1c0d290de5e,0.5164835164835165
cca538a0f024c5b7,0.04395604395604396
38102d0df79a7954,0.7362637362637363
499823c720afb8dd,0.7472527472527473
9015a5d0a1391339,0.9340659340659341
f652d5556a96c6e1,0.8241758241758241
c517bcb0b94e6f68,0.0989010989010989
dad484a8c88132fe,0.25274725274725274
393330ed45a0b2e3,0.7142857142857143
7de7dacd83e414e4,0.8131868131868132
76c385746c760aac,0.054945054945054944
6c73160ab8d4eedb,0.31868131868131866
fad78fce955bf149,0.14285714285714285
525d9f626c8446a2,0.6373626373626373
302d9f2d7dbf54ab,0.7912087912087912
1b6e2ae690c2612a,0.4725274725274725
42cd4b488a96ec88,0.2857142857142857
732794927e716ead,0.4175824175824176
86012be5d2d11401,0.8901098901098901
7f99fd48d7f8d71c,0.3626373626373626
c68faf373cc5b540,0.7802197802197802
22f08d13c6fe162f,0.4835164835164835
9014cd709b5647d4,0.2967032967032967
1a28c4d5b6f40aa8,0.10989010989010989
14c747f86cb616be,1.0
85eac2934d3c73eb,0.4065934065934066
d0c827859484e9c8,0.8681318681318682
e21ae17e2bec97bd,0.8791208791208791
2f04654d88519353,0.06593406593406594
6ea4f28492221f90,0.07692307692307693
a55a3dc2cd42178a,0.8021978021978022
3914220dd5d9cb4f,0.2087912087912088
0cdf745d7b36a630,0.6923076923076923
21f95967f0c5703a,0.34065934065934067
0d8e345d52ec5dff,0.14285714285714285
f0d6a086c770ad27,0.6263736263736264
a337d9db890960a1,0.16483516483516483
3d328eb697dc00b1,0.03296703296703297
4ac6321d5d023dea,0.6703296703296703
d4d77ca8ca2d2072,0.9010989010989011
62aa8048430bb904,0.7032967032967034
b36f7fb4e810a239,0.12087912087912088
5e392872a2767984,0.6153846153846154
091187ad92f9cbe6,0.17582417582417584
b0b6cc3ff553a417,0.06593406593406594
3e28ee6d276c6db7,0.978021978021978
ca8975fe73ddb9d1,0.5494505494505495
13da8af8c4405002,0.43956043956043955
e5c2c2fd04698854,0.21978021978021978
2e228a21c38464c6,0.4175824175824176
49e1fbc7e82e5bae,0.5604395604395604
9da720bd88bb7821,0.24175824175824176
ec56791d60b69892,0.8571428571428571
a951d79b6dfe5835,1.0
647d5437eee3b027,0.3626373626373626
f35f66a18deb808e,0.26373626373626374
ec9172b09645757f,0.38461538461538464
bfa0876e23690637,0.2967032967032967
cc44db3e4fecc87e,0.01098901098901099
3e1a5509a057fdd6,0.08791208791208792
52276dc83f62477e,0.5164835164835165
94be1d25a575d4f0,0.0989010989010989
bdbfba404d749e9d,0.6043956043956044
bcdce1d6afb31b4e,0.37362637362637363
bc03afcfbe3d997c,0.32967032967032966
90479f72112433d9,0.02197802197802198
17d36a2508d56c88,0.989010989010989
41a9b24ea27b2209,0.6923076923076923
38a3d50e01d8e31d,0.1978021978021978
55b184e570ea2388,0.5054945054945055
624313272aa2be18,0.5384615384615384
8ef32bbe006ea211,0.45054945054945056
b36f7c2ec6dea320,0.31868131868131866
1183897edef9b6a4,0.9340659340659341
aa2a8c8f651c2e93,0.5714285714285714
8f609195d935a679,0.2857142857142857
2c97c61e2956272b,0.8021978021978022
dd43200f450a6459,0.5274725274725275
b9a00aaf08b00e81,0.8131868131868132
82915917547260cc,0.3076923076923077
00d02f2c3d348d03,0.967032967032967
fe44d46b58f146ef,0.9120879120879121
70bd4f78470629b2,0.8241758241758241
5b31532e6e82e598,0.13186813186813187
b0498ce29584e316,0.3516483516483517
fdb0691c526a42f8,0.945054945054945
88a55a17c7b1825a,0.7802197802197802
1c1cf2d89f66a9ff,0.10989010989010989
e2b6e3d0d6631a90,0.5824175824175825
91fdcd2be738f0de,0.6593406593406593
bc072709dd362545,0.4065934065934066
75785f7c90bcac32,0.4835164835164835
729b33c6ac1df843,0.7582417582417582
2b98dc7530bcc610,0.8681318681318682
9ebd87f5dbec2af3,0.3956043956043956
bbb1273826d8b793,0.8461538461538461
38583f96a967993f,0.6483516483516484
7a3b52912e890fb6,0.8791208791208791
5b623e58496acb1e,0.07692307692307693
03c416d4b67a4738,0.9560439560439561
658d4b5707f71bc2,0.7692307692307693
180778a9cdc84d1a,0.27472527472527475
0081bc75214b5685,0.8351648351648352
3fcd3b26a1a3687d,0.6373626373626373
294986d614a6e64b,0.7252747252747253
f95084f3ee821efe,0.5934065934065934
ec349e9fa98392f6,0.2087912087912088
c87ef65f8b8eb4b7,0.7472527472527473
26fc4eb7f309115c,0.8901098901098901
feb5c21dfa741185,0.7362637362637363
3fd5bd604454e91c,0.15384615384615385
3f65aa4902ae81b9,0.04395604395604396
67828ef67f76bd23,0.46153846153846156
5c9cb738bc96b8c8,0.42857142857142855
9759730c6dc150a5,0.7142857142857143
4c142c9a3b8fa96b,0.34065934065934067
06a5c62f6e97440f,0.6813186813186813
aa943aa36bc914f0,0.054945054945054944
c31228e0203eadc3,0.23076923076923078
3560b3f9806e81af,0.9230769230769231
5954f1735ba377f2,0.7912087912087912
28d8b390971e331e,0.25274725274725274
92ea5cf16b6f77f9,0.4725274725274725
acd828827557a311,0.18681318681318682
26c853727c416c34,0.4945054945054945
7564560afdeef34b,0.6483516483516484
e42d8ecf29289592,0.24175824175824176
909aa4d62ec05f9a,0.3956043956043956
7180496e1fc224f9,0.8021978021978022
eb12b95689aec2dd,0.17582417582417584
2056283814e7008f,0.6593406593406593
9bea17d9089ff23f,0.4945054945054945
010ade5632232fe5,0.5714285714285714
aeca35464ef951d2,0.8131868131868132
ba7a95880dd755e5,0.12087912087912088
83959e2e98092494,0.45054945054945056
333fa8d171dfdc67,0.3626373626373626
f545fa5fc3dc4884,0.6043956043956044
3e3e8ac69a281737,0.7252747252747253
2d87cdb2d82f4013,0.8461538461538461
4e3cbde5294c1abf,0.978021978021978
6a619758ce3e13ea,0.9010989010989011
895c79facbbd84a3,0.01098901098901099
7ef5d439734fe06a,0.7362637362637363
09abb6c29108ced2,0.9560439560439561
1e836df1bcf77829,0.3076923076923077
5f11e0587a818aeb,1.0
ad567545eafa08f7,0.9340659340659341
9b74ef0055dc7e2f,0.5384615384615384
825672ea084cc449,0.27472527472527475
4a0ecf177cfbe578,0.5164835164835165
a250f4ee099afbd9,0.06593406593406594
69484f25096f0981,0.8681318681318682
6645c76c91984bca,0.8571428571428571
911922e82b4420b5,0.6703296703296703
f04a46680bf7a225,0.7582417582417582
e0669583f141d15a,0.967032967032967
0b2979415844e3ba,0.34065934065934067
ee9e03de6a86c387,0.6153846153846154
176682a72fccb5b6,0.42857142857142855
05066dbd8538c930,0.945054945054945
68dd31d9470fb7cb,0.18681318681318682
1346ace3911a0689,0.2857142857142857
64306c45359d44dc,0.38461538461538464
89b8e63b2bc54086,0.3516483516483517
db7722a6a30f3562,0.7692307692307693
270b6abf4fe8ba00,0.15384615384615385
892ec782ff581ce7,0.23076923076923078
9818cec317647d5f,0.46153846153846156
4d94620fdceb5b39,0.5934065934065934
4cef4b134b91dc6d,0.31868131868131866
2bc38a6c8bc02ed5,0.02197802197802198
ee8ad646391fdc57,0.08791208791208792
9a37f586f1fb8292,0.32967032967032966
cb5e36749e1b421c,0.8901098901098901
e7a4abe692f16402,0.4835164835164835
15dda3c966960304,0.26373626373626374
0e044b45d59f021c,0.989010989010989
a083e08740fb4998,0.21978021978021978
1eba8da19a4dc09f,0.43956043956043955
494ab8ec0cbeb7a9,0.4175824175824176
658104020e69011d,0.6263736263736264
388634943f1ef79e,0.4065934065934066
9379203d1b429dd4,0.10989010989010989
9664d537154be336,0.9120879120879121
9fba75de58351feb,0.8351648351648352
b9af6588e89e5243,0.2087912087912088
b4bb388ab27d9dec,0.25274725274725274
3b0db4a6e6bb94d5,0.2967032967032967
9822d62057152fdf,0.8791208791208791
031354e183b4d535,0.0989010989010989
f408a819ba1714ef,0.07692307692307693
ec1bf76cd97c716d,0.04395604395604396
6d8cde99a70b1207,0.13186813186813187
1da310b63db35845,0.14285714285714285
2cde9634d3d1028e,0.7472527472527473
0ae266dbbde0d600,0.5274725274725275
9ef4f289672285c8,0.5054945054945055
49f2d32eb2d0e0d7,0.1978021978021978
e0b60fb56842a31c,0.7032967032967034
8f7988981457d66b,0.5824175824175825
850af21c332e7fa5,0.6923076923076923
f9646f54e563f918,0.8241758241758241
6e155d2526f62fc1,0.054945054945054944
06867945c0cf2ac8,0.5604395604395604
429f98e24d29a16a,0.03296703296703297
8af489ad6a67bf48,0.7912087912087912
fec21e112ebc91d1,0.37362637362637363
3a274f07a8b25a71,0.7142857142857143
056b80c5f902a8b4,0.4725274725274725
5404d53d0017f636,0.6373626373626373
1a5a01c8d41af4c0,0.16483516483516483
d4c0736223cc30ee,0.6813186813186813
636d5f1bb013e162,0.9230769230769231
0bebb2407c6833c6,0.5494505494505495
8b8a6fe88ba4d389,0.7802197802197802
0a163fffd5240a17,0.3956043956043956
0e1ab6fe0b7d65de,0.38461538461538464
15c30714dfe6636e,0.9120879120879121
e0d4f805b0d292d2,0.2967032967032967
127121ddfde91872,1.0
e5f840e6bd4560ce,0.4065934065934066
53bf20c1db03e814,0.4175824175824176
3f856f84d34653c6,0.7692307692307693
06da8f6f07e0daac,0.7912087912087912
870977013c61fb7b,0.12087912087912088
784d69e4e5395c25,0.054945054945054944
8f162a90ebaf73ad,0.26373626373626374
e6f8380cc5c3979e,0.2857142857142857
f2a943624c59200e,0.6263736263736264
1c74aa26bbad1579,0.5164835164835165
4199bf250d13f93d,0.8571428571428571
fadcd37c04f9bfcd,0.10989010989010989
e47ade25a6a1eebb,0.21978021978021978
ae099bd0f4788d42,0.9340659340659341
ca01b48c7f2d3527,0.7032967032967034
9da2e889375417f6,0.9560439560439561
a29d61420bd2334f,0.5934065934065934
d7286f2359af14ca,0.15384615384615385
31ed8c8267d93d89,0.4835164835164835
0d7a0fd151fe8a35,0.8791208791208791
3e727afd7d47892e,0.3516483516483517
40b83cb610ec7914,0.5384615384615384
2a6a78fa42130235,0.14285714285714285
60c24bc371d29279,0.8241758241758241
6bb17257e459cb04,0.6813186813186813
7f2b6b3fa7a698fb,0.0989010989010989
d966dcc3ec2eab2d,0.5714285714285714
9cfe6246f08614d3,0.17582417582417584
0625031ae412e9b5,0.6483516483516484
3c3c76f00e9d2553,0.23076923076923078
e20e156011ee5bce,0.5054945054945055
e6e9c421078d139f,0.43956043956043955
3714a75664cfdc94,0.8461538461538461
7878a27208d2b28c,0.9010989010989011
4a27c8f316430df3,0.7252747252747253
7ffa96530a64d35c,0.9230769230769231
86ec85447cd124af,0.04395604395604396
7808a6710f15239e,0.07692307692307693
816770d570bd8284,0.2087912087912088
0c92f370f4077396,0.4725274725274725
a6e99dccf7002f73,0.8351648351648352
edabd64b56035f2c,0.1978021978021978
1c9ce48e8e589edf,0.13186813186813187
fb011275f54bc6fa,0.5604395604395604
149b2b21d2ac6421,0.7362637362637363
1d9caffa24fb739c,0.31868131868131866
d9294b9c5906034b,0.6153846153846154
cd6a18aa8e6da2a9,0.7582417582417582
18d052d585994dce,0.32967032967032966
500082ef11cee531,0.24175824175824176
0617f03fe8d1e4a0,0.8901098901098901
e241990f04c8a2c4,0.7142857142857143
53856ac84cf2ad20,0.7802197802197802
26946835fadbbc7e,0.34065934065934067
a6d583239431b7eb,0.6043956043956044
e5b17e5b3e0295c7,0.27472527472527475
08b3f50db85c2412,0.18681318681318682
62e4226d74b2c736,0.8681318681318682
8902bd346e11285d,0.46153846153846156
025a0820eb22e281,0.02197802197802198
ecbfdf42c1f9cd12,0.6593406593406593
a2a22df39cba742d,0.5494505494505495
911f73eb130533e7,0.945054945054945
8e65ed8e17243936,0.06593406593406594
cbde30f809d44942,0.3076923076923077
a3620698d45b0f08,0.42857142857142855
2610c8c61767e513,0.978021978021978
2ff8b3ae1c1193ce,0.8021978021978022
f7694b973d61e4a4,0.6703296703296703
9b97572d8fa1faaf,0.45054945054945056
afd385038eff5e62,0.37362637362637363
9663bc33c2b656f7,0.6923076923076923
3476b52aae6e3753,0.5824175824175825
5c7e77f18e1a35d4,0.5274725274725275
a5067046137881a1,0.3626373626373626
62a6036deb286d53,0.989010989010989
29b675499c4383a0,0.25274725274725274
c294cefbf59b3da9,0.01098901098901099
f97a63f8b6451056,0.7472527472527473
b3d4501ae47978b2,0.4945054945054945
a973ab59d8f54862,0.8131868131868132
c0a245607a7ea1ed,0.967032967032967
6e19cb3683d7a301,0.08791208791208792
191f734ecafe0f5f,0.6373626373626373
0be7e79bb078d930,0.16483516483516483
d0d757d32c3b8273,0.03296703296703297
cb979d11a55b5f2e,0.2967032967032967
8e82bde79509084d,0.989010989010989
4032e16417b83fe3,0.4945054945054945
8809f3636b575e66,0.6483516483516484
6707027bba2cfd63,0.01098901098901099
d90ab475847fe3d0,0.37362637362637363
990a664b15a92b80,0.5274725274725275
769d63cf05ceb590,0.967032967032967
ebf8714561a04cda,0.4065934065934066
01778017ec3f48a6,0.7362637362637363
e386d7a50a657b2d,0.18681318681318682
27e1a6580f7417a9,0.9010989010989011
6521568e5f6cb8d0,0.2857142857142857
453b452097000670,0.42857142857142855
871ce88345854035,0.0989010989010989
e4fd6c78a587a8d2,0.7472527472527473
5e2be46160479e18,0.9560439560439561
658a1f41b973b36a,0.8351648351648352
e288d19336f02f96,0.23076923076923078
4e0f7b0aea570560,0.7252747252747253
f44c4c2aacf56a3a,0.04395604395604396
06621d85e1fdde31,0.5054945054945055
9997b41ef11dcf91,0.13186813186813187
bb924a2bc1bbb9a6,0.8461538461538461
770f3a3132c8a6d0,0.12087912087912088
a97c050865f95dcd,0.1978021978021978
1d32da94854e8686,0.27472527472527475
9d39ef2e92529daf,0.14285714285714285
85c7db76b7aea1e6,0.6153846153846154
6c58774d075078b8,0.10989010989010989
64f10d6166638fa6,0.7802197802197802
d39f30c52eb2ab2a,0.45054945054945056
4b85efa2dc85eae7,0.8791208791208791
5163744fb80053a7,0.02197802197802198
89b562197a0d551c,0.3956043956043956
f37be4d8fdd51370,0.8571428571428571
3103ced471ff6c1c,0.03296703296703297
151e3c3fa4e25aef,0.6593406593406593
5988e4ea7bd1b189,0.7912087912087912
d371cd4faac36e7a,0.978021978021978
7c0db46ff80caa7e,0.6703296703296703
6c65e558b31b0213,0.5604395604395604
048c4ec3e68fbfcd,0.3626373626373626
73d36dcb6cb489f4,0.07692307692307693
8a104ff03627b4f3,0.6373626373626373
8a7c5fc68b222074,0.08791208791208792
2ec79d79d1170d5c,0.3076923076923077
628da94201b3771d,0.2087912087912088
0d3c7faf2e62d303,0.9120879120879121
2d9e9282212622c2,0.32967032967032966
f1d31850fe7ee3a9,0.17582417582417584
e96e1b7ed183f8cc,0.26373626373626374
558634bd60cf3310,0.5164835164835165
014e8f7c55babee9,0.8681318681318682
12fd476a869f91fd,0.5494505494505495
f31eef67a384a4c2,0.4725274725274725
020d8d16a2e0d1f3,0.46153846153846156
44eddcb4f3f14476,0.7582417582417582
1747cb4556c73abb,0.3516483516483517
fb97c83a080f4c44,0.8241758241758241
f11e36e01d94b173,0.6813186813186813
6cb5e7905f3d5cef,0.5824175824175825
b5217a8a4fdff8a5,0.8021978021978022
c5c7d584d968c549,0.5384615384615384
626fccb536d68c4e,0.8901098901098901
80ad193975174665,1.0
9dafe942b348d5bd,0.06593406593406594
238ac25c370bfc1d,0.43956043956043955
b56d38c45a221311,0.5934065934065934
316eb4d3baef8736,0.25274725274725274
5c3b7d20aa3c2d75,0.16483516483516483
0d2d047bfeb9a897,0.6043956043956044
70c3dd839aa13228,0.9340659340659341
64e12b9f404f5e42,0.6263736263736264
cfeebf48e69ddbc4,0.945054945054945
a700e266b4d73b51,0.38461538461538464
b888884e857c9d9d,0.7142857142857143
d35ccd28e37d2679,0.4175824175824176
ded68dee3262d44d,0.7032967032967034
4829dc100f78cb3e,0.34065934065934067
415dc8b7df16ea86,0.6923076923076923
ef90dd41b40a9d0b,0.8131868131868132
f36219941c2de405,0.15384615384615385
8b9608234f97ad99,0.31868131868131866
9bdadcb0a1fe0849,0.21978021978021978
ed77cf29ab6193ba,0.24175824175824176
c9af15a25c847ff9,0.4835164835164835
0c137122f7af9212,0.054945054945054944
2184760bca02d44d,0.7692307692307693
7710236ad63f13e8,0.9230769230769231
c1a8c5f51c5cb35c,0.5714285714285714
92c5f6f11b146681,0.37362637362637363
bd2bdd1409ce5ebd,0.38461538461538464
af473c4aca6ed4c7,0.9010989010989011
24e630711756b276,0.8021978021978022
352fe8f1365e6487,0.15384615384615385
c35302566e3613a9,0.5054945054945055
7fb3fe3e4fe432a2,0.8461538461538461
77652d174873b4e5,0.6483516483516484
40fd4fa1bab4e213,0.14285714285714285
4c98b4b8e785472d,0.945054945054945
b770679f19dd8707,0.4065934065934066
ceb9443fbfc7cc43,0.5494505494505495
a20b41b5d79596c4,0.06593406593406594
3b7dd3bb7bafc0ca,0.42857142857142855
75d863bde933a1b3,0.5384615384615384
4b1e7cc483cf4ba6,0.8571428571428571
b036a7fc297fa196,0.5714285714285714
dd167b66b1494dc0,0.7252747252747253
d3c52fdd028f34ad,0.01098901098901099
3d34cc4a2d6c0e87,0.6263736263736264
1afabbd21b65afe6,0.8131868131868132
c978d63e825191d1,0.43956043956043955
3efc22119109f691,0.5934065934065934
f9ac082c685bdc48,0.6593406593406593
728d7caf30a3ebd2,0.32967032967032966
f977a054c65cf35f,0.4835164835164835
6df2185bd89f3cb3,0.34065934065934067
76c32f6122ed9a97,0.7582417582417582
6aa98b0d8d4b20bc,0.2087912087912088
e214e60b1a681f72,0.46153846153846156
69824b934d8d28fd,0.7142857142857143
433ce8eaf8a0c192,0.3516483516483517
f5d543b0236b5887,0.7472527472527473
15d0d445c4d519e9,0.27472527472527475
1d3db1f8f52b1ce2,0.18681318681318682
75fa61ad7b0f934e,0.4175824175824176
9dfe081d1b5068b2,0.2967032967032967
e821d4beb3b1838b,0.04395604395604396
080147cf286f40fe,0.03296703296703297
8b61731c1f207c3b,0.45054945054945056
268202ded113c68d,0.5274725274725275
42f1dd16f53b059b,0.8351648351648352
867d63ffdcf56f26,0.1978021978021978
9f756ecca7c4bdf2,0.6923076923076923
18820a21a1880cea,0.7362637362637363
83c17fd1a47db179,0.08791208791208792
bbef8061070a278b,0.9230769230769231
0e9cee4ca99774a9,0.967032967032967
7a764b3f066bc1ed,0.0989010989010989
b3e6d1f37c24f02e,0.7802197802197802
62adaef2c27da1eb,0.9560439560439561
34569d8608e870cd,0.02197802197802198
be1e0a0418ba4aa7,0.978021978021978
daa2d4c7c458f37f,0.3956043956043956
07216435bc434f13,0.4945054945054945
429162f4721f28cc,0.7912087912087912
f113497e2b86ca32,0.6153846153846154
0ba3d2a4a2d6d729,0.10989010989010989
2d68e34b17536905,0.5164835164835165
0631f7bc43c14c7d,0.13186813186813187
a64787e3bc03e5e8,0.3626373626373626
7ce8c26a19390bf8,0.7692307692307693
79c2e4c28af2ee5e,0.4725274725274725
5237b94922617463,0.7032967032967034
dde70fa511435359,0.8901098901098901
81fb65fae9d2bc02,0.6043956043956044
c6611e6540908ddb,0.25274725274725274
f048d342f122bebe,0.9340659340659341
ab823dc2036830dc,0.17582417582417584
2cbf63b8cce77a9c,0.2857142857142857
8147795d859a32db,0.16483516483516483
ba532a20f97f8a7f,1.0
c43fd752e96137eb,0.989010989010989
9540723f699db6ef,0.8791208791208791
37b92531a497e71c,0.9120879120879121
163ed48d52b7ff96,0.12087912087912088
88668f18d8b00ab8,0.6373626373626373
aca6c96484cc9dec,0.31868131868131866
d296c84449569bef,0.5604395604395604
af365349a188c5a6,0.24175824175824176
0dcbeafd418127fd,0.6813186813186813
533d928a098d58d1,0.3076923076923077
07212579f8365eaa,0.8241758241758241
94296e83fbb82b75,0.5824175824175825
ac64dd7d9e13dc67,0.07692307692307693
74b53e57968fabd9,0.26373626373626374
cd7e880c7b16103e,0.21978021978021978
1ace2f9e3cb341e8,0.054945054945054944
0b5cd1f5a6d7fec4,0.23076923076923078
5615b97620d75434,0.6703296703296703
77fcfd69e84037ff,0.8681318681318682
7e9c2adcac30acdc,0.6153846153846154
6c83621d15e4e97a,0.25274725274725274
3823c2caeb985916,0.6373626373626373
e796335525f391e5,0.06593406593406594
f785090fe288847f,0.6043956043956044
18aaf0dc0fc50fda,0.8131868131868132
c0e4aa7ba5914d9d,0.7252747252747253
da7f600c6a6eb02a,0.14285714285714285
0ada98e4498f04c5,0.945054945054945
8f5b3aa57c22839b,0.13186813186813187
d94d21af1dbdb5a4,0.8571428571428571
019e9e4a02961b03,0.01098901098901099
76d07ec95821519d,0.3956043956043956
d7d97093140f80d9,0.2087912087912088
638dd41330d11d16,0.9560439560439561
3c76134007268f3b,0.7362637362637363
6f4a56f21b899193,0.5714285714285714
c24a73f922ddfaf0,0.7802197802197802
a124a65afffdf70e,0.5604395604395604
49526100659c64dd,0.6593406593406593
df816e1c106f9b8a,0.8351648351648352
674ab6e10899c632,0.31868131868131866
4f01de41283db019,0.5164835164835165
1f6c43a743de132b,0.4835164835164835
49e7d22f70cebf6c,0.8901098901098901
dfffe98b007c3816,0.4175824175824176
429328ce5597e670,0.03296703296703297
37d10c5c43587232,0.9010989010989011
577805eb992cdaef,0.43956043956043955
b13b395f7dca5e0c,0.4065934065934066
9487b0dd02afc6b2,0.17582417582417584
562b4b2a49ab37ea,0.7582417582417582
22bd6cc6096e263e,0.42857142857142855
66764fd91dda1f44,0.7142857142857143
39a6d10833da64ee,0.7032967032967034
6ddc0196f695dd6b,0.32967032967032966
0d8f6bd99a860717,0.5054945054945055
a610ecb749555a75,0.38461538461538464
38c8e290c3ec8fab,0.8461538461538461
971e3d48693c7561,0.3076923076923077
6b3b63c0b7aabd8b,0.967032967032967
98579e0ad379f475,0.6703296703296703
7130e1c46d4d4913,0.27472527472527475
87c2b7ec1a322ff7,0.5274725274725275
bd0435c4e67b874b,0.5384615384615384
8fb04933b6ad4471,0.8241758241758241
7933ad7b9ed43151,0.6813186813186813
7310473a136510bb,0.24175824175824176
f6c70e3692a85936,0.8681318681318682
ebe3b393af38888f,0.1978021978021978
4e7c8d9b99651794,0.6263736263736264
033aaefc7dc7a824,0.45054945054945056
bb907c5e7720b87a,0.5934065934065934
7c2176075dfaf3d1,0.34065934065934067
182469ff4f7a96a9,0.07692307692307693
64dc3c10b9f5b8d8,0.02197802197802198
b678a882f9f40cd8,0.23076923076923078
4d7818abaf195915,0.6483516483516484
6fe3bb138dbef8c9,0.2857142857142857
5103e9148ad5c776,0.18681318681318682
4858cde9e3254d6c,0.6923076923076923
ca7d745ce2f50875,0.9230769230769231
9fb9dd712b98c03f,0.9340659340659341
4f3a835cb65a041a,0.978021978021978
926f54375a79c3dc,0.10989010989010989
d7d4bb0cc6e64f9b,0.7472527472527473
fdcf819abca18691,0.8791208791208791
29dd874bc6165598,0.8021978021978022
35356ecaf715f0d9,0.5494505494505495
be915d3954b5c5ed,0.12087912087912088
ebfac444435500f1,0.7692307692307693
0db8b40020431ac6,0.054945054945054944
cd9586ac5a94b05b,0.21978021978021978
47edfc8728b582de,0.46153846153846156
9391c460ce5418e8,0.5824175824175825
657c7892684435e1,0.37362637362637363
31b0e31a22c2c915,0.08791208791208792
5ab53cb88c887077,0.4725274725274725
00d8a5efb95f6fe2,0.15384615384615385
f75ce26657af426d,0.7912087912087912
4cbe39d8f765dfec,0.4945054945054945
08d2c6e9b7ac84d1,0.0989010989010989
aa90ee70ab516596,0.26373626373626374
c5b3719ec40856f7,0.16483516483516483
23ede6639b93db7b,0.04395604395604396
b310aa05b2ca68fc,0.989010989010989
d5bac131926c22d9,0.3626373626373626
fe35c28b9955c29a,0.9120879120879121
fb6eeef23e27df4c,1.0
4b9c6de7b7c6ddd9,0.2967032967032967
0c1d701377b9e040,0.3516483516483517
a3cc87445dbf9df7,0.8791208791208791
c09beee70d31dd5d,0.3956043956043956
694a16b3a679b7ba,0.8901098901098901
0f931867f3652bad,0.17582417582417584
5491ebaa4d60753e,0.24175824175824176
4fd2476a95998502,0.8681318681318682
e34e83a338e45e75,0.07692307692307693
93d1d7afc0aa0b5c,0.34065934065934067
e14f1082ba70898e,0.7692307692307693
c6c27b06f14824ff,0.5824175824175825
044a10fa33cc5689,0.7472527472527473
e1d051ba9ae68587,0.42857142857142855
1fb3a7cbb29d67e4,0.32967032967032966
9ec7de9b560af456,1.0
bc5e22691574cf0a,0.8241758241758241
de46e3fef861e568,0.7912087912087912
4f4213941fb0ff48,0.43956043956043955
cfbebd00b0f072ae,0.18681318681318682
7af3a9bcca2e3f98,0.054945054945054944
a2b6128313ad2bdd,0.9560439560439561
4192cbd06b67b384,0.8021978021978022
e78ac713f1403d29,0.4175824175824176
75ab5dc70966a86f,0.16483516483516483
8c598aafa2e17380,0.14285714285714285
0cceb3b9c3634ff6,0.5054945054945055
4c12d7935b95681d,0.31868131868131866
ecccbfd7c3b42e39,0.7802197802197802
e87e40a1017f4e19,0.989010989010989
47fc9a5079fca76a,0.6483516483516484
7744740dda48dcdf,0.945054945054945
c4c2fed41f15e3c5,0.9230769230769231
27094712ffb132ae,0.2087912087912088
40da761d118bb98c,0.37362637362637363
26c374c248b42efb,0.6153846153846154
7ea75facd7f71150,0.46153846153846156
f0f3281d18ca73e0,0.08791208791208792
52a87e9be43bc8b4,0.10989010989010989
a8474a29f1f1f785,0.5274725274725275
29ef56d328cb64e1,0.5164835164835165
5adc07629b66662f,0.8131868131868132
83ec83ae00081c9f,0.12087912087912088
fbfc53ec4814956f,0.25274725274725274
a5589d3c708ddeae,0.5384615384615384
3c1a44d18dbcf5ee,0.8461538461538461
c90bc5e816c786c7,0.6373626373626373
15e4563ae2e5945f,0.02197802197802198
4163af4e0080273c,0.06593406593406594
6562cf6634e833c4,0.03296703296703297
ab8d6a82955e59ec,0.2967032967032967
4bb8d970550cee7f,0.9340659340659341
ac1f188ddc10f74c,0.6813186813186813
3fdd695b42c86e4a,0.3516483516483517
d20bad8827c0c827,0.6593406593406593
29232ae034002ad0,0.4065934065934066
79b0279e1c04704d,0.967032967032967
a10c2cc6d8833d25,0.3076923076923077
efa25d0e059243da,0.0989010989010989
ec1f271c2484a9d5,0.2857142857142857
eb04b7085daeb025,0.5604395604395604
bf48e76ab66e8cf5,0.04395604395604396
63ed617b24124e8d,0.6263736263736264
047e56a52ae73ef5,0.15384615384615385
49419b8999d1492f,0.26373626373626374
b7c090b8e186dbdf,0.23076923076923078
a64b8683c5626b5f,0.8571428571428571
8029c159c0cd886e,0.7362637362637363
506cabe1d99fa88f,0.5714285714285714
076854886a975dca,0.1978021978021978
ae1b433bfdc69575,0.7582417582417582
cc991d8a9e816df9,0.3626373626373626
5396c8671fc564e4,0.4945054945054945
bac59f967ab2ec79,0.6703296703296703
1933a9cf5b9baf1d,0.13186813186813187
ddabb4c0914cbdbc,0.9120879120879121
4ebae215d5a6a439,0.7142857142857143
4aafb90067fe1583,0.45054945054945056
81c00676779406a0,0.5934065934065934
60bbc1320be4bc96,0.8351648351648352
13769692b1af5320,0.4835164835164835
97a6b3cd77cf05d1,0.7252747252747253
9b7d4895c8131a45,0.6043956043956044
9e5a4feec8b3fae8,0.38461538461538464
b9b520af4f282a26,0.6923076923076923
1639cb592aa4652a,0.21978021978021978
90b045ab59b92ba5,0.7032967032967034
d29db8a8f489af25,0.9010989010989011
80226764d586fa9f,0.5494505494505495
070e1363ff418ad4,0.978021978021978
145fa5d2eabeb2a5,0.27472527472527475
5a91736717df3f3f,0.01098901098901099
e250b1ccdd364b83,0.4725274725274725
810cabb9d862952e,0.9010989010989011
7debf10f48d8920a,0.8241758241758241
d2846ba4fb9aa270,0.5604395604395604
43a982f47cb34b98,0.7912087912087912
e7edf73316f29503,0.8791208791208791
16882c3314b0bd59,0.8021978021978022
012e1de5e2832315,0.08791208791208792
5eb959df713dd826,0.02197802197802198
62b4a3968fe26c7b,0.989010989010989
ef8365900948edfe,0.01098901098901099
e6c03840d98d0319,0.45054945054945056
ca8955d0ea06772c,0.38461538461538464
ff9470fe702801f9,0.12087912087912088
41cdfce8a1a4c764,0.2967032967032967
0db0baefe5980f18,0.9560439560439561
d6c96d1f9f3d4921,0.6483516483516484
71b0ccd87cc54c86,0.9230769230769231
17eaaeac49c6c40b,0.21978021978021978
f43c3b86e66d795c,0.0989010989010989
b80631460f8a8f73,0.945054945054945
a73481d29dbacda6,0.13186813186813187
e4e30c410204d03d,0.37362637362637363
8d12eac77d271dbf,0.978021978021978
8fbc783113328a2d,0.26373626373626374
9499e7a54f98e192,0.3516483516483517
4f625d292a2d29dd,0.8351648351648352
9a7d084a26e4aa79,0.5164835164835165
e1295642f2012f1f,0.14285714285714285
f1e52123cc505e6b,0.5934065934065934
1b508d2c5c13e464,0.2857142857142857
b12f528850dc356e,0.7692307692307693
a0919cf7f2f5e4c0,0.4725274725274725
e8a5b06ef3f68f13,0.8131868131868132
2f80c4c140ff11bc,0.8901098901098901
9681299605f6f1ba,0.5824175824175825
a13a29087bb0dab9,0.5714285714285714
c5321cd1e718a574,0.4945054945054945
5ef2858ab4db6f00,0.25274725274725274
f8f43497ee73a239,0.054945054945054944
e9b303ca29694033,0.24175824175824176
08adec9ef900cdde,0.8571428571428571
78c33bf26ad9b4b2,0.7032967032967034
13e9a0aa008d131c,0.7472527472527473
e06c7299f1f4d61e,0.5274725274725275
3b80d91cea185ffa,0.6043956043956044
7a2baf86e2e72a67,0.8681318681318682
43b756e636a966e7,1.0
4682fd0461bc8940,0.7362637362637363
ee3afaec250360f0,0.2087912087912088
17051050ea1167f4,0.1978021978021978
4a367a08660922ff,0.43956043956043955
813e89b659447137,0.3626373626373626
cbf2db24971de7d3,0.10989010989010989
f1668685d6a333ed,0.6813186813186813
6a30e24eb7cd2b05,0.32967032967032966
365e9554959e0dba,0.3076923076923077
0d45b790415fc4ea,0.6263736263736264
952e7836fd24f0b4,0.3956043956043956
001e5a6ae0e506b5,0.6703296703296703
53a3512d4c8f9940,0.6923076923076923
f84e4aec4aa23956,0.7802197802197802
e3be14667fd84949,0.27472527472527475
2ad96aa93e4f15b0,0.5384615384615384
8700344b7812d6ed,0.46153846153846156
6e17142e961d6962,0.06593406593406594
2836c704ea3fe398,0.4835164835164835
21ef978175f0a85b,0.6593406593406593
501e1932da35e6fd,0.9120879120879121
b60b4c8dbd7eadcc,0.5054945054945055
7e3436c98d455b9d,0.6373626373626373
a1fe4861c0e90ae4,0.23076923076923078
fe1e8a3ca84e52a8,0.9340659340659341
8c6edfd6c408c9cb,0.8461538461538461
f4d8c2cbb63ec5a6,0.18681318681318682
48c4bb7345aeae93,0.4065934065934066
638832732c0b55ff,0.967032967032967
b22ba60f09b4f46f,0.7142857142857143
086753caad5e1728,0.15384615384615385
88486a8565c6b5e8,0.7252747252747253
84ca2fb7f817e8ea,0.04395604395604396
a6007839df6dab1f,0.17582417582417584
08e7647329f0473d,0.16483516483516483
1dc0c4caedc2bb13,0.31868131868131866
9b1985ace39b2065,0.03296703296703297
e7eac3ca9507b17a,0.07692307692307693
c61344cd1e674d2c,0.6153846153846154
b14d292cef32297b,0.7582417582417582
d5814d3bb3b9509d,0.34065934065934067
a0943f90c4c895ad,0.4175824175824176
df64456a5c5d4d88,0.5494505494505495
5b1829b28531996f,0.42857142857142855
54f5b3e24b2f9696,0.7582417582417582
7600fb72c6df9113,0.21978021978021978
a866e4d9be78272c,0.4065934065934066
a8dbc93bf8c303ad,0.8351648351648352
f87f7789d857c6a4,0.5934065934065934
dee7b58af44a7fc3,0.6923076923076923
824078f00eae517e,0.6373626373626373
f57c7d20102d0bf9,0.14285714285714285
7f808018ff5bb838,0.31868131868131866
2791261c7074741a,0.5714285714285714
94d391320ff01bce,0.6483516483516484
9c2f97e76117b4e8,1.0
475a11b47b15c3bf,0.16483516483516483
f3c89a84594ed348,0.8461538461538461
2defc20c306e133d,0.32967032967032966
fbf03d7c35156f32,0.7142857142857143
c22ab451902a66c0,0.3516483516483517
f85d0357f8962e44,0.6703296703296703
3f88a06977749274,0.6263736263736264
1a2198652a7e92ce,0.2967032967032967
dbbfb3aa32f1707c,0.38461538461538464
959699460333a4ca,0.8571428571428571
d1ca2bb10fcafd0b,0.37362637362637363
73284ae362ae6854,0.10989010989010989
3069b6bf32eed226,0.15384615384615385
8eae46d51600eaed,0.2087912087912088
51e42b6563ff63f9,0.9010989010989011
e96d9d7697a76877,0.967032967032967
2339d8c7080a1aba,0.8681318681318682
1bf90161834782a6,0.4945054945054945
8d7029b2c0847860,0.01098901098901099
c22a301863e65df5,0.5384615384615384
4da66a217beea848,0.25274725274725274
78e38a728a9ed89d,0.04395604395604396
9cc46a2069a43ab2,0.23076923076923078
aa3fd01145af3499,0.7912087912087912
4c8caa106c592067,0.1978021978021978
b71acde2843dd0a1,0.4835164835164835
8d15656e3b0dd8d7,0.978021978021978
ba3e4a3f96b82b81,0.3956043956043956
ad82909bdd50a621,0.45054945054945056
cffea005d6f92a4f,0.02197802197802198
6c9890689d1c5723,0.3626373626373626
10612e48287f1b65,0.43956043956043955
2c2123b4ca5a2eaf,0.989010989010989
625a40a740c9a3c6,0.8901098901098901
a873b4e8b8403db5,0.46153846153846156
02c1b80087a84b0c,0.6153846153846154
f9bb9d0fa302a178,0.9120879120879121
a003515299e8665d,0.945054945054945
de40db7d874bf48b,0.7252747252747253
6af866a57da5081d,0.12087912087912088
fe6724ac3e37a7be,0.8131868131868132
580f01511e9d2478,0.34065934065934067
8b1d145029a0c5c1,0.8021978021978022
dbc7f2fe3fb9e830,0.17582417582417584
d4efeda73710f1c3,0.9340659340659341
5cb2ac3b40f73e49,0.4175824175824176
57ed6d15d14b3ee5,0.9230769230769231
d4d9ebaaadd2be79,0.13186813186813187
04976f5dbc059913,0.054945054945054944
642c9e9efc301415,0.26373626373626374
2f2a944092a1080c,0.24175824175824176
7177295ffa5d8c42,0.7802197802197802
56d32b402744defb,0.18681318681318682
5a24cbd3c31d6db0,0.5494505494505495
df4db8752cd249d7,0.42857142857142855
e2b91144d70f2940,0.4725274725274725
8d6492f4bf1adc54,0.03296703296703297
f433f14edd7e10f1,0.6593406593406593
6047b252e1667a91,0.06593406593406594
701a814c2d49daed,0.5164835164835165
1e0fa7057889e8b6,0.9560439560439561
4970deea45265f9d,0.7692307692307693
a26beba6dbeb8943,0.2857142857142857
3554abf748391785,0.5604395604395604
0ef6f7183209b922,0.7472527472527473
e749595c6872358b,0.07692307692307693
52c51cdc0c18b10c,0.3076923076923077
a48c524c2cfe5062,0.08791208791208792
cab9adc8822a5d08,0.0989010989010989
8cc66857663f50bd,0.5824175824175825
0e992439cb0585f2,0.5274725274725275
fdd0fe8b023c42e4,0.5054945054945055
ee790fe381c68b91,0.27472527472527475
0beeacae1b89ba4f,0.8241758241758241
11595b721b7f7fed,0.7032967032967034
11c76ce7111c1bf1,0.6813186813186813
04ab39487fd31a99,0.8791208791208791
f6d2563000c33c1f,0.7362637362637363
06407ee52db47609,0.6043956043956044
fe41dae43b0f090a,0.8791208791208791
6d537cb960eb0857,0.6263736263736264
37738f354cc2783d,0.9560439560439561
ac1d34de51940645,0.37362637362637363
8ab5763e3f8812fc,0.7362637362637363
3468dd4f89348ccf,0.5054945054945055
49d0f892eaf2ea4f,0.07692307692307693
8687a105164dfefa,0.4065934065934066
e5eea416ca085820,0.7582417582417582
04c4e81ae7a9df5d,0.0989010989010989
47ccf88ab7671871,0.2087912087912088
361828d91591eb17,0.13186813186813187
acf2096336eebedc,0.04395604395604396
f61534bd6e095ec9,0.5494505494505495
1f2e6f7cb193ef58,0.31868131868131866
11e2e79a8066d5c9,0.26373626373626374
1cb7284f20e0f0e2,0.8351648351648352
354e83983600dd74,0.9230769230769231
acd0fca32635b81a,0.9340659340659341
9609703607af9fac,0.054945054945054944
29418582409997de,0.6153846153846154
18cb4770ee331b0a,0.4725274725274725
f07e7d535f7354af,0.8901098901098901
fc8a8fae78cba33c,0.3076923076923077
16734eb8252bd4ca,0.17582417582417584
b996031a4aa3fbee,0.45054945054945056
afa2e4314f59c9cc,0.7032967032967034
4d1d16eff014ff52,0.4175824175824176
35e118562eb9c356,0.12087912087912088
3044c5ed1708fedd,0.34065934065934067
0e8081079481c3af,0.18681318681318682
aa0762c22aa23ff2,0.43956043956043955
236cef515808a0f7,0.978021978021978
4acd1bc23bc1d747,0.8131868131868132
106ecec59ed91b61,0.9120879120879121
843693c9f617369a,0.03296703296703297
02746ba744c1a5b4,0.24175824175824176
e59d4c0718476017,0.7252747252747253
0de05156f8908557,0.7692307692307693
c22ee1153e1392f5,0.6813186813186813
18ea6858c6eccea1,0.6483516483516484
1e81b6ebd0287341,0.42857142857142855
4c5b1cbac83107c5,1.0
995d302d83356576,0.945054945054945
19f29358360fc442,0.3956043956043956
12b7b2bf2cf7a3a5,0.38461538461538464
d5ebb73981e46f9c,0.8021978021978022
be6715037bf9bf71,0.27472527472527475
4b26eaee1f080b5f,0.5824175824175825
5ca09b0aa836e68a,0.3626373626373626
3fb9564c44502be5,0.5164835164835165
99948c86eccac978,0.6703296703296703
01c6360cad0198d9,0.06593406593406594
66f158e12edb50a9,0.6923076923076923
fcb0fc4a85ceb583,0.08791208791208792
c93885c5f9813901,0.4835164835164835
0acb50652bd37f1f,0.5384615384615384
8fcff65c705d6cfc,0.01098901098901099
e676f2a391e9c038,0.989010989010989
7e7d1ec9bf3628fb,0.7912087912087912
322392a8fd36b03d,0.4945054945054945
d1aeeed9202c7071,0.21978021978021978
6c1840e3378777b1,0.5714285714285714
9b6de94eb7dde339,0.8461538461538461
acc005d3c3619710,0.6043956043956044
1d3cf03ddc9db73a,0.9010989010989011
621f363b17bbfa44,0.25274725274725274
53cf5c463a285c31,0.5934065934065934
0176bdedea39072f,0.5604395604395604
3af3747ca7d8f228,0.14285714285714285
28b20643599ff12a,0.7142857142857143
a46bfc43f3e5eadd,0.7472527472527473
a8a414642b2a4a31,0.1978021978021978
59aaa66ea71a0353,0.2967032967032967
9ffd57aeb837f4f9,0.8241758241758241
4b74f66f48615167,0.16483516483516483
8bb01e55871cb2e5,0.8571428571428571
fd3d44a1faead3a0,0.10989010989010989
1b6a407f3fcc652d,0.3516483516483517
5e3b316d773e450c,0.2857142857142857
8f346db6ceeb89db,0.7802197802197802
efc72b215f94148e,0.46153846153846156
292132c1971d094f,0.8681318681318682
e1cf8e51ff5d3b1b,0.6593406593406593
f731e0fecef0f279,0.15384615384615385
976f910666e88ee4,0.5274725274725275
35338d4ab3bedbd9,0.6373626373626373
32ee0ec556a5ef50,0.23076923076923078
7a2d1bbf9e21c5a5,0.02197802197802198
728621554777941d,0.967032967032967
b704fe42c361b7b2,0.32967032967032966
7711cb53d4bf91c8,0.6593406593406593
f7fb1f3d4fa36ac4,0.07692307692307693
1afae7cc83fabdb7,0.5054945054945055
bfb274abe5b4aa76,0.26373626373626374
48f9609eeaf35ae9,0.15384615384615385
3eadc120bc6db45c,0.4835164835164835
4f041a387689dabf,0.9560439560439561
a48415cd28a5c090,0.945054945054945
311d9fdf30fe1e86,0.4725274725274725
efc6f01bf5739250,0.5494505494505495
e65a6d1aadf5d898,0.18681318681318682
2997a5a68a004b32,0.02197802197802198
88619578d45bb7e1,0.7472527472527473
6d0cc892b20184e4,0.8571428571428571
f7be23883c964651,0.6483516483516484
c401486f12a262a3,0.10989010989010989
a50a2172d5bd3dff,0.7142857142857143
c0f9a2881da5eedd,0.16483516483516483
14696ecbd27adcbc,0.31868131868131866
c2fc426301dc2eac,0.24175824175824176
e11c3eaf3158c448,0.01098901098901099
4220a3f68229ae7a,0.5934065934065934
679230a9c4f4e188,0.4065934065934066
be4a8a55d9d0d63b,0.17582417582417584
cbb98658f1afd34e,0.7362637362637363
2e0d4445f6c09987,0.6043956043956044
187d147f2a8df284,0.054945054945054944
abfc0b68af5ab47e,0.8021978021978022
18bc971816f0e782,0.13186813186813187
dcad50350611e61e,0.46153846153846156
9c10627647372f7e,0.6153846153846154
7cbaaf6afbdce9a0,0.967032967032967
6226c20edbb815e4,0.8241758241758241
6fb999bfd28d3956,0.9120879120879121
2c74574beefe3e41,0.5164835164835165
e6f19f2c6a37a452,0.5604395604395604
6d3c35951aed6441,0.6703296703296703
eeab5afa1a27036f,0.34065934065934067
d99929f12985ee32,0.25274725274725274
baf80e08298f148f,0.06593406593406594
420053c100f668ce,0.43956043956043955
3d2594efd94c91c2,0.04395604395604396
3adc17f90c863e1a,0.12087912087912088
2e470e0d18aefa01,0.2857142857142857
356716738b36ec26,0.9230769230769231
c50cca066f4b96c4,0.23076923076923078
aed84809a07a048b,0.5274725274725275
65d3327371f25c41,0.8791208791208791
3bb2eb9ecd454fe4,0.978021978021978
c77d93cbe7c40af8,0.5824175824175825
6ac82ace14af6982,0.8461538461538461
f361cc9535fab57d,0.08791208791208792
6459aa1ef77434a0,0.7912087912087912
128688d96a618daf,0.3516483516483517
7463c28a83550ce9,0.32967032967032966
98c9b39491212d64,0.9010989010989011
6687335af945bbfd,0.14285714285714285
03731a412803c7c9,0.5384615384615384
d955ab7cf4ceeba0,0.21978021978021978
55da09677d496e9d,0.989010989010989
9a99d6ecbd5fb35c,0.4175824175824176
143189becada999b,0.6373626373626373
e2daa098a057a38b,0.8901098901098901
0d6949a8c8b13c1f,0.3076923076923077
28b004d59081045a,0.6813186813186813
5d6faab8850fc9a8,0.42857142857142855
b3e425e6f1929aed,0.2967032967032967
f49cdc4196d0d0d6,0.8351648351648352
dad39db0aa8784fb,0.3626373626373626
ac6e1774303d6b2a,0.7802197802197802
ca983d5a0b144bba,0.3956043956043956
3132ab8e2e0c33ed,0.2087912087912088
9489e158ed2fde65,0.03296703296703297
9aa33ead3cd29f03,0.7692307692307693
973a4b1846b3c976,0.6263736263736264
923dfdf95a3fa7f7,1.0
dec5b2495fa8cb2c,0.1978021978021978
cdb5658c842e68ea,0.37362637362637363
909e32a1c0051999,0.4945054945054945
5a715c85f3d9e3da,0.8131868131868132
525b2b1c0b9d547b,0.8681318681318682
1d513ebd3e164f78,0.7582417582417582
5d2f1d7cff20cb84,0.0989010989010989
0bdc8093d463c247,0.45054945054945056
fde6eed523e654c3,0.7252747252747253
1bda4123da3c4166,0.38461538461538464
6b918638760a6ef4,0.5714285714285714
ff1887a7808cb52a,0.27472527472527475
e0aadf94bd4c3bcd,0.9340659340659341
54910b5fda06c0f3,0.6923076923076923
02ad04ff24f203fd,0.7032967032967034
bb7199cdf08c1838,0.23076923076923078
edd2e68cf54cd50d,0.2087912087912088
a2232f043543e9a5,0.08791208791208792
502b217085796041,0.5274725274725275
995399f80e9d56e1,0.0989010989010989
f2f4a8a5f7fc01c5,0.7692307692307693
1331a3ac71a01060,0.38461538461538464
4e5089e69e772215,0.054945054945054944
17599e431660460d,0.2967032967032967
2a1629d9300a2c02,0.5714285714285714
66d4c03546cfd31d,0.4945054945054945
2ac42fef2b3a354c,0.6373626373626373
00972dc51e85d4e2,0.6483516483516484
dd3a7172642e8213,0.5054945054945055
d741eb3faec78fea,0.6703296703296703
1181ac9e0838e9ce,0.945054945054945
248b54e647265d44,0.46153846153846156
2f48d1ac355bd2a5,0.9230769230769231
0dce7e6bd3a12e3b,0.21978021978021978
5d8f6ac2b5f14430,0.7362637362637363
cfc4af9c92ea46ef,1.0
af83c071dce0c769,0.43956043956043955
c7f42d946ef6921f,0.4175824175824176
7872e59264d25c44,0.5824175824175825
9a6e52988d77735a,0.9340659340659341
e2ce9b324a13b77a,0.2857142857142857
93f2bc42c87c9cc3,0.7802197802197802
9c65aa3c7c14971f,0.3626373626373626
9da5a094b8ea9c59,0.967032967032967
1e2a2fb8e0a9c0ec,0.07692307692307693
86fd9035b2922217,0.989010989010989
b88e7f6777396c60,0.03296703296703297
9c39bf384b4ea730,0.32967032967032966
721503b37d924866,0.25274725274725274
bc464cec5bfeccea,0.18681318681318682
b7d482a5075183e8,0.4725274725274725
5867d1dec2ef7c94,0.01098901098901099
cad9281712af56c3,0.16483516483516483
ae7c00cc6e01b68e,0.34065934065934067
678e3fdc32c9251f,0.5604395604395604
db69dbbb91e0bede,0.7582417582417582
d5311720e3477264,0.7142857142857143
0822d97d04ae1c0f,0.7472527472527473
4bffa2e7b48f836e,0.3076923076923077
fe45dacdc4149792,0.5494505494505495
0a44887bbd9c92a7,0.6043956043956044
c811ef49ca070d0e,0.8461538461538461
b7b0cb857c744828,0.8131868131868132
24cb480931381532,0.15384615384615385
f1da64906dc26103,0.8791208791208791
f05d2481913572d2,0.12087912087912088
3f0abcc29e8aee81,0.8901098901098901
56e21cdc52a85233,0.3956043956043956
0a6dd4fe3b4e9c49,0.6923076923076923
d689f977df3a2f29,0.6813186813186813
ad8906e852c2a916,0.9010989010989011
4583e7537e1ba681,0.04395604395604396
8cf2731cb10edd50,0.4065934065934066
118898a9dc6d4340,0.7912087912087912
291dd13d22160f2a,0.6153846153846154
d1af641bd3149bc1,0.06593406593406594
46ff6978554ccd86,0.24175824175824176
5fc37575ca64bcc1,0.5384615384615384
a611695251b294b9,0.26373626373626374
3555f3009490d1c0,0.8571428571428571
ddbdd9d7fcf6615a,0.978021978021978
85d6cad843de5579,0.27472527472527475
d039353225e98fdd,0.37362637362637363
877ac6a178073af2,0.1978021978021978
8672febe3b73171c,0.42857142857142855
02bba9385fac5f6a,0.6593406593406593
103b2c505eea3d58,0.4835164835164835
466fb90995917c53,0.5934065934065934
5816fa73a3c0355e,0.6263736263736264
3b9283d9cf71ec73,0.10989010989010989
116ad8afd274cc9c,0.17582417582417584
d631b0708bbe83ca,0.8241758241758241
bec3352377de198b,0.3516483516483517
a3c7613ea4804bd2,0.31868131868131866
df796a9dda446501,0.9120879120879121
d2aa141ace13a3a9,0.14285714285714285
3cf368256f66d2c4,0.8351648351648352
ca20b15096006dbb,0.7032967032967034
b874ecb7465a3e19,0.7252747252747253
e82b2237d2a729c3,0.9560439560439561
451b6b38f28c8103,0.8021978021978022
32f49f3319af480c,0.45054945054945056
98e406ec4075bac8,0.8681318681318682
75c895827e48e1ce,0.13186813186813187
0dc26185ca8ec539,0.02197802197802198
c974cba45cf38f02,0.5164835164835165
c34609075e804280,0.9230769230769231
30276c0cbf5a3703,0.37362637362637363
16b56e0980cc47e1,0.8351648351648352
f7f6d9481278ff13,0.5934065934065934
5c8ffe24f9215245,0.7582417582417582
0667c37f4ab9fcc8,0.08791208791208792
88ad18c92fac63ac,0.34065934065934067
bf48adcf4d456122,0.8901098901098901
9de11b2af11ea42d,0.15384615384615385
6da931b642620418,0.02197802197802198
5f49149e95840577,0.978021978021978
e8abe6ba9e81a1c4,0.21978021978021978
8b19217155c70949,0.32967032967032966
e9bbf2093aa01829,0.5274725274725275
39fcd780e6b95978,0.945054945054945
c5756c6a8e07b554,0.3516483516483517
365f9f4f227cc0f5,0.4725274725274725
fb04c1c9fc06ae2e,0.24175824175824176
e7a42706aaed2534,0.46153846153846156
df51ed21a0afd4a1,0.14285714285714285
69fc54cd02cb6698,0.6263736263736264
331175ffc8f9ebe9,0.8461538461538461
8493ffcebc94bc0c,0.42857142857142855
3d075f006f0524fd,0.6593406593406593
a423a43ee745c792,0.5384615384615384
c04d005a2d44dc5f,0.7472527472527473
3d6618c37a040c09,0.3076923076923077
337751367c034d80,0.2087912087912088
8fc64d8a03a77da5,0.8241758241758241
47085b00bd38b3d8,0.06593406593406594
05fc9b6fecbda0c4,0.967032967032967
dd01ecd6fc0707da,0.5714285714285714
c9253bc6d3cfd99f,0.6043956043956044
55809cba0161dc1c,0.5164835164835165
ea531df949d9deec,0.6373626373626373
7676323181f6e88b,0.9340659340659341
acf291379cce246d,0.2857142857142857
6e6ef4ec2006718a,0.9560439560439561
83ebd95df4d394dc,0.27472527472527475
f60450caac887192,1.0
2f16e40bce54eaec,0.26373626373626374
931382f09595a5fb,0.8131868131868132
1158dadad50723ce,0.43956043956043955
2eb584b62c03e740,0.5494505494505495
cb4ad502a9114e4a,0.7252747252747253
5f9e2a159b886d05,0.054945054945054944
328005b749bd5eca,0.10989010989010989
efe8de9ac0233a15,0.38461538461538464
75b5b95f434f4b50,0.7912087912087912
f5841ec581ecbfab,0.3956043956043956
caab78ae4d54ddff,0.4065934065934066
f829ba9295185eb2,0.8681318681318682
dae9d60141874ab8,0.18681318681318682
3c8d4e6e588062ce,0.6813186813186813
5c035e1aea30a1ea,0.8571428571428571
eb3e34e6c9364cac,0.6923076923076923
ed690d224600ae79,0.23076923076923078
94b07eb25e2bd300,0.7802197802197802
232d7f3d1e10b57f,0.7032967032967034
0120509c65f259cc,0.4945054945054945
2d5b35fba65e48a8,0.25274725274725274
714a31a65e4af0ae,0.01098901098901099
1858d765674580a9,0.16483516483516483
15c33ff3dfbb4465,0.6153846153846154
43d742b40b46d689,0.5054945054945055
138daf28c300a8a2,0.17582417582417584
d131591743c95144,0.3626373626373626
71255c3e3e298113,0.13186813186813187
fa163d5cfb6490f2,0.31868131868131866
0fb507c101b79323,0.4835164835164835
c3ac5975725114ee,0.5604395604395604
d9b5c2723d844efa,0.04395604395604396
509fd1b620b0c6b7,0.03296703296703297
5f8cbf1fd7087061,0.6703296703296703
f6d89eaebcd53b13,0.6483516483516484
e839e6f0561dbda1,0.07692307692307693
babfc19f173ff3b9,0.2967032967032967
18df369f2d1f9fcb,0.9120879120879121
0901adbdf5a9dcb8,0.5824175824175825
8fa83b64e7714c78,0.4175824175824176
46e7db2189e3cce1,0.8791208791208791
b2de0e7ed4b4e12d,0.7142857142857143
6e7beae1f5bc80b8,0.12087912087912088
e5fd5739fddeb007,0.8021978021978022
58e5f7fba41df452,0.1978021978021978
74c958da4963d83d,0.9010989010989011
24fb3411456dfaec,0.989010989010989
e9592a94213442af,0.0989010989010989
811a05d4bd22d0a5,0.7362637362637363
cb55d0a57da67910,0.7692307692307693
68a7e43f9171070e,0.45054945054945056
2a5874b952979033,1.0
f6a31245b552e7fc,0.6483516483516484
065eb2e4b04796a9,0.04395604395604396
dc547d9854863b37,0.7252747252747253
7c1643b79e0662f1,0.07692307692307693
9a49bf839b6c0cd9,0.42857142857142855
008778b16026ed24,0.5164835164835165
f4666382223f6216,0.6813186813186813
dec577e3bff2489c,0.03296703296703297
a9a4e45f59eeb61f,0.1978021978021978
1ec607caad03f0bb,0.45054945054945056
0fded47d7a008291,0.7692307692307693
db02038316f2d12b,0.14285714285714285
faf36968aed407b6,0.26373626373626374
00bc19de2dbeff6f,0.054945054945054944
bd6042f7a0898767,0.7142857142857143
4dd15f801574524e,0.6703296703296703
ada47bc9ad9bbe98,0.3626373626373626
1ea455852b2ac65f,0.7912087912087912
d36fd3babb835bf9,0.8131868131868132
9c46f98e8e2a8676,0.8021978021978022
75ff92e230def8f3,0.3956043956043956
5403fb3a6e3250f9,0.0989010989010989
d4a80768458f338d,0.5054945054945055
bacd4536693976d5,0.8571428571428571
df6860fb2ef71492,0.9340659340659341
2fd58ebc9bb6148a,0.7802197802197802
7e215a07f70f3cd7,0.2087912087912088
29512c865f2fbd54,0.43956043956043955
46300d239dc1e6ee,0.9230769230769231
4088e2d687908fe4,0.46153846153846156
919f45b6ca35bd86,0.24175824175824176
74ab1ad699d648f4,0.967032967032967
1f1f1f028d53a71e,0.7582417582417582
189526c74f4defa4,0.15384615384615385
6c5f0b6f8d0a4628,0.6043956043956044
d4134c693f6cc2d8,0.10989010989010989
ca6abe95449f1e6d,0.7472527472527473
5886764dfa70c562,0.4175824175824176
755eac69efae3cb8,0.3516483516483517
87fbb7fefe194028,0.6593406593406593
5dc6a21e78c05b38,0.5494505494505495
4d8a03042e334769,0.32967032967032966
6fe75ff4c5940800,0.13186813186813187
4f6bf564767e1cc5,0.01098901098901099
8ed2b9d6ac2b125c,0.9120879120879121
b3c2a43dd0460045,0.37362637362637363
973f848356762499,0.18681318681318682
560af562aa95cc5f,0.8681318681318682
868f1700e96acc87,0.17582417582417584
790d517c3bf5401f,0.8791208791208791
76ad95f887c05af7,0.989010989010989
36c6678a783880c5,0.4725274725274725
b317d13a83f1177d,0.5824175824175825
8a3f17a38b983173,0.02197802197802198
2ffd335a124f1ca4,0.2857142857142857
4a7c7a55730b18ec,0.6153846153846154
e17fe6306d467144,0.16483516483516483
ef2d0d2357dd493c,0.34065934065934067
6d6d9c44d5e8da53,0.12087912087912088
cb48683844f797a0,0.23076923076923078
1b9e5c34e98c6fbc,0.945054945054945
48ed9ec7433abbb7,0.6923076923076923
b0c7178d340de82c,0.9560439560439561
a80173541e7f6d8b,0.7032967032967034
6d34596ca601d71d,0.27472527472527475
13cf7987d1d50af3,0.38461538461538464
6679cb43d81e4a36,0.6373626373626373
0fef50a9926d38d6,0.21978021978021978
071f3ab8156b6ccf,0.5604395604395604
33a53764cb56ec64,0.5384615384615384
edf281aed7bdba02,0.5934065934065934
99bae70ffc342bf2,0.2967032967032967
80783f8f3de1cc04,0.7362637362637363
34b7ed7d13804764,0.3076923076923077
42b2cde90166fafc,0.25274725274725274
60ef4841bc1379d2,0.4835164835164835
862656123baee145,0.06593406593406594
a389c50adc039f84,0.31868131868131866
5176487570e34342,0.8901098901098901
e4b4be92672d7965,0.4945054945054945
2935b78e3d7557ce,0.08791208791208792
f41d11cba2c8cf24,0.8241758241758241
ae5f7b687fef0cf8,0.8351648351648352
05d40d654ce37cb5,0.4065934065934066
5a1b7a74c8603062,0.5274725274725275
ee95a98924dd971e,0.5714285714285714
617f5a3cff57c74d,0.8461538461538461
1216ff14e9baf1cf,0.6263736263736264
dd154b3a92824125,0.9010989010989011
607d56866df8b300,0.978021978021978
b90d16481976e12b,0.978021978021978
fea457196a356087,0.9010989010989011
2dc35e9868322430,0.8021978021978022
f41cfdf92c8dd68d,0.6593406593406593
a9c238b820d30de7,0.38461538461538464
cdd786ffd7e8761a,0.0989010989010989
6d9adc70613f7d86,0.9340659340659341
e5fe7805cc0bdab8,0.7142857142857143
e1bb0739dcee102b,0.13186813186813187
38379ad10305668a,0.5604395604395604
cf508b69828ebd3d,0.3626373626373626
56bdfbc395bf49ef,0.26373626373626374
2013e03742f02b51,0.2857142857142857
a1ff92d35a5aeb83,0.2087912087912088
975889e166adcedd,0.5384615384615384
3f1de40ea2258028,0.9560439560439561
1feeddc226791665,0.45054945054945056
0612f68d06384363,0.8571428571428571
28bcdce184b562e6,0.25274725274725274
9a397afaaff0bc95,0.43956043956043955
531d1cdb6959fbb1,0.054945054945054944
75e2e6f3ca5122d8,0.32967032967032966
caf887ed352c9e20,0.6813186813186813
36ae3fff9367e312,0.4835164835164835
707ffbe7f8872277,0.27472527472527475
83624b33c2dc397a,0.7692307692307693
288555070a8914f7,0.06593406593406594
4f3d61fd541d9c4e,0.5274725274725275
96e4adfed8a9ecbf,0.15384615384615385
ce55f5c51114b6fd,0.7252747252747253
13526b13ee0e87a6,0.5934065934065934
3a594ebad5068798,0.6373626373626373
29e104edd4307bf4,0.5054945054945055
e2ae210399f713c1,0.18681318681318682
f5eb6a043ac3e5c6,0.4175824175824176
6a8e0ac958137eb1,0.7802197802197802
51910b5dc69e2aed,1.0
d12a8e3effed5b65,0.07692307692307693
ab835e87d0bb88e1,0.8791208791208791
a8ff5d357978bc84,0.7582417582417582
e2b157b3350f143a,0.17582417582417584
2a0f8aca18653c05,0.7362637362637363
36f60a6f3d89df4f,0.21978021978021978
1783a7c2d3f22f22,0.08791208791208792
1a41c5abf0842001,0.6703296703296703
30c585bbb6e7e6f4,0.14285714285714285
534f361d32a096ad,0.12087912087912088
13a7b3e812e1ec2a,0.8131868131868132
8b22d58b724949f3,0.967032967032967
896aed3a0d1f7177,0.7472527472527473
6bf9f69b2af98d4c,0.5714285714285714
25c02c7a93fce734,0.04395604395604396
43074eedc3ff86e1,0.23076923076923078
e2a71798e915a5a0,0.4945054945054945
511a6fa572feb01a,0.24175824175824176
2442d75b8115967e,0.5494505494505495
5fd01468a15a29f8,0.8461538461538461
88a9db8850ae87b7,0.16483516483516483
99c9ddde377b1cd5,0.9120879120879121
fadead6e0971a20b,0.8241758241758241
c7d94523bb94ca86,0.01098901098901099
93bb94303ecb8c52,0.31868131868131866
c7db94fc60d3b100,0.42857142857142855
f059a9675497de62,0.6483516483516484
9b83e7f215497e1d,0.46153846153846156
01c3b906a4b5d35b,0.4725274725274725
72333fd075c86750,0.3956043956043956
5bc81784a4e8f8f1,0.02197802197802198
c7c3f5a64352a039,0.945054945054945
d9db38efff1798db,0.8681318681318682
0bc93b1ac7c1c0e9,0.3516483516483517
43f32b89a00872ad,0.989010989010989
12f5d3bd5ef45caf,0.3076923076923077
8bb13f05af06163b,0.9230769230769231
cb7d65b5146926f0,0.6923076923076923
d5c60c256ecce971,0.6153846153846154
7762fa3e54c971c8,0.5824175824175825
13b7b4c4de42cbee,0.10989010989010989
fd86596e4edd98e8,0.5164835164835165
f44dce121a67badd,0.37362637362637363
8a746ff087f90799,0.6263736263736264
6fcd383647050ad0,0.1978021978021978
2b1263b1879ad63f,0.7032967032967034
e10f2d73d08875d9,0.4065934065934066
c686975e3fd51ed9,0.7912087912087912
95ea3441c3a4eb45,0.34065934065934067
7255a8e927aa07d4,0.2967032967032967
7457621fd44b95a2,0.6043956043956044
4fe104710821dfc2,0.8351648351648352
b9cb7196f706305a,0.03296703296703297
febefef9f51dd1de,0.8901098901098901
6cc1e2b28372abac,0.6153846153846154
baca3180eed6cfa2,0.34065934065934067
72bc50a8997b7698,0.8241758241758241
126fec617d340cc8,0.8131868131868132
59ddb8105629f819,0.4945054945054945
21a3985f4257ee51,0.054945054945054944
8a78902827e14d08,0.4835164835164835
e88d698f808f7cca,0.8571428571428571
4589ef2d8d766b19,0.7802197802197802
211a19be9a3ea54d,0.6483516483516484
498a8910d0e2f134,0.7582417582417582
44c11379c203fd57,0.3076923076923077
07fd25eaeae36512,0.9010989010989011
2ff8ceedeedd3824,0.45054945054945056
f6fb9b8b338264c7,0.8791208791208791
fb59711fb5a8718b,0.2857142857142857
9462f2710a5d38c6,0.5824175824175825
a9ad011c994e707e,0.3626373626373626
15cc7d7e6c4679a4,0.7032967032967034
e7c1bf4d6e2c8839,0.06593406593406594
dcaf39bd9199e9e4,0.23076923076923078
27268efc656eea1f,0.5164835164835165
d2df494b1bb138e8,0.12087912087912088
dd2182756abcb890,0.6923076923076923
73c3fc4b201ac671,0.5714285714285714
04b083e6d899a48c,0.8681318681318682
cd7bd704c8a8d756,0.5604395604395604
e46757887a3872dd,0.31868131868131866
5fef94dd6718c2d7,0.6263736263736264
ee8cbf62811ea3cc,0.6703296703296703
2b6e9da57044e8fb,0.25274725274725274
9a4b1fec244c7522,0.8021978021978022
7b67c7f2a42b0c8b,0.02197802197802198
b6660937a55ac6c4,0.4175824175824176
86501cb2bc230c01,0.9230769230769231
91b802682e1c478c,0.32967032967032966
d515c771d9015fcf,0.5274725274725275
feb158946a20f39e,0.3956043956043956
f504515b69fd28b5,0.46153846153846156
1071e905482a8de6,0.5934065934065934
53283d0fb085283e,0.2967032967032967
7c983ec3c38ff40d,0.989010989010989
b14473a9675ab67b,0.37362637362637363
480b1170b200e6e9,0.5054945054945055
8e23dbc7578601c3,0.18681318681318682
a448da751ba10f34,0.8351648351648352
11109a7ac5a8ab66,0.15384615384615385
18b8b8237a40b571,0.04395604395604396
ceaa86dd343b53b1,0.978021978021978
e3f110a793b686cb,0.13186813186813187
8700228c73690da1,0.4065934065934066
b992a4940b4d2316,0.967032967032967
1eb703cf1da999b0,0.38461538461538464
94d9d9bf5a01548b,0.07692307692307693
fe38f9a6d17d357a,0.9120879120879121
f9931ae16cc06e97,0.6813186813186813
999db9dcf21e3cf6,0.7142857142857143
ab6a5cf251761765,0.5384615384615384
3c51d8e1884f1b0b,0.10989010989010989
f75cf465638643cb,0.6593406593406593
ef25e64358a6ee0d,0.7692307692307693
224e510b845464b9,0.9340659340659341
ed8918412fe5f3e1,0.01098901098901099
74ef9f77f9cf3b55,0.2087912087912088
526b3f00adc17a4e,0.14285714285714285
dcd026b8511bcaa8,0.8461538461538461
2632cb6faa9b62f7,0.7472527472527473
36cff3be991dbf30,0.08791208791208792
707046e14216cc34,0.5494505494505495
a00f641811ce09a6,0.4725274725274725
bad8bd7ab1105c58,0.9560439560439561
cfb1496c62ad2118,0.3516483516483517
a986fa7efbb66b60,0.8901098901098901
f4e2d099a172d0c4,0.03296703296703297
2376bc19389f155a,0.43956043956043955
2720e9a224843b40,0.27472527472527475
e09bb30da1339beb,1.0
098846c9a5a29e87,0.42857142857142855
6d19f6212836ee0c,0.21978021978021978
5215310fbc4205af,0.0989010989010989
ce98b7d57b8d2656,0.26373626373626374
0296f437067ec3e9,0.6373626373626373
a8f18a3afc1ed0ab,0.7912087912087912
25ab5e04285c4b59,0.24175824175824176
8a6649fbe2eea04b,0.7252747252747253
24232939e28c3c3f,0.6043956043956044
25bf721c3f6863cd,0.7362637362637363
2d8e9023cb3e2cc7,0.1978021978021978
bebe5ae12050aed7,0.16483516483516483
d1c72171e67b6113,0.17582417582417584
cc52dca283a08c20,0.945054945054945
95679c389d747d34,0.8571428571428571
052d74a9bd39df8c,0.9230769230769231
73ec14adc206739a,0.6703296703296703
9431d82b6ad8904e,0.4835164835164835
87edf0ecf5025c12,0.43956043956043955
34ff533a20be4d77,0.23076923076923078
0d63bfb12e086509,0.978021978021978
5ee0d71885c1aa36,0.04395604395604396
1c2433f7b5914ce8,0.6263736263736264
079eeccd56b7ed88,0.9010989010989011
12b5061f5d6b7943,0.06593406593406594
ad55bd0e5d566bb3,0.5714285714285714
2569b58a4688de46,0.21978021978021978
27ddedb3d8daa770,0.17582417582417584
63e10d48f8c7c07a,0.26373626373626374
5c53707c5ac630a5,0.12087912087912088
9b3606027b7542cc,0.4725274725274725
0b2f32c22668b329,0.03296703296703297
2f5db0bd6fd5bf84,0.7362637362637363
787b2ce2e4c39ea6,0.7582417582417582
161386f2edce7baa,0.14285714285714285
4fd9ae3eaf9af402,0.15384615384615385
d9398ad8506b8ec5,0.989010989010989
46dcfeb6278b0367,0.8131868131868132
f94f9ebc6dca42fb,0.7692307692307693
6330cbecc75fa31e,0.8351648351648352
8ca65d2da5cfd396,0.5494505494505495
c9f485a506c4b1d9,0.8901098901098901
461e834630c02868,0.2087912087912088
8ffd2d3ac37b844d,0.42857142857142855
69767912bd067c20,0.1978021978021978
d439755fa935cf32,0.01098901098901099
64c81f573beee85e,0.3516483516483517
056c10c1bba5d94b,0.5824175824175825
d8b889cac1416f96,0.45054945054945056
7f27d3b4a926b40c,0.7252747252747253
a403b258abc8fab0,0.9560439560439561
c439f169ad2c6d25,0.945054945054945
b1195515bf7488d9,0.8791208791208791
bed7907419aea114,0.4945054945054945
bdbc99a2a3871763,0.3956043956043956
4d176a543c650a6f,0.34065934065934067
d72b84d77040c373,0.8241758241758241
6adeb4d3f8e62361,0.967032967032967
673d42b2a0bcd75a,0.7802197802197802
9f57fcb7a1475b51,1.0
764ffb39debd8476,0.5934065934065934
4669aad99f10dc53,0.7032967032967034
46ad4e7d93e262f4,0.02197802197802198
2e8baa7320dfbfb2,0.6923076923076923
8d5bb78c9dc3cfcd,0.08791208791208792
25e35973f73ea1e2,0.5604395604395604
44eb5e246952b792,0.2967032967032967
139985296c7e2328,0.27472527472527475
7309ce98b334bc0f,0.6483516483516484
8598466d0827fba6,0.8021978021978022
31c856c2954644af,0.07692307692307693
34969ce89b096410,0.32967032967032966
5cfaa8d476fcb076,0.5384615384615384
515bb9f89a48f3b7,0.4175824175824176
a2cc994e400210df,0.4065934065934066
8c9f8ba629a4f896,0.8461538461538461
f601106873038342,0.7142857142857143
df4c7e08b80a2337,0.18681318681318682
c6056e7980e9710f,0.3626373626373626
b44796e86db01e72,0.5164835164835165
da422d65bd37e62e,0.10989010989010989
657bdf3ecda10a26,0.3076923076923077
13f76eb96de0cf96,0.31868131868131866
601a9f6f8741cd95,0.6153846153846154
7ff0f48b87a20851,0.6373626373626373
93d8257486db118e,0.16483516483516483
56fa651ed48c9b97,0.7472527472527473
5f4a89e4dfa30ba4,0.6593406593406593
f6666419dd22c000,0.37362637362637363
44920ffad920ab0b,0.8681318681318682
e66c1722c8fe0803,0.7912087912087912
dd4414f85c9b41f3,0.6813186813186813
d56bf616d27cdd80,0.38461538461538464
5833b18d6ffd581a,0.24175824175824176
fe54155d4f3c2d80,0.2857142857142857
0f3f36e1d1b3bbea,0.6043956043956044
62ccdb6dd58a26a8,0.46153846153846156
83b76c4897f7c589,0.5274725274725275
f8a23fa411f5ff14,0.054945054945054944
ca7b5e30cca2bcd7,0.0989010989010989
a4080f46f2f06506,0.9340659340659341
264ad4b49cea5052,0.5054945054945055
81891cde87bac634,0.13186813186813187
1681a24264e2e74c,0.9120879120879121
3d269b99f04ea5bc,0.25274725274725274
df8fac29c430150f,0.26373626373626374
64188146c2bf7f51,0.08791208791208792
24fc98e38c824eaa,0.989010989010989
071c339c6a092bc7,0.5494505494505495
e4a096ee37e5b61b,0.5604395604395604
4a786cbfbce7c7b8,0.5824175824175825
6510b6f5b275ce5f,0.31868131868131866
e9fb253284315ce4,0.24175824175824176
98d0a8aade1d13e2,0.1978021978021978
896c306721a94016,0.7802197802197802
0886da6ade64b747,0.2967032967032967
f31297552d6b5109,0.8021978021978022
444079e82db1d948,0.8461538461538461
ee747536511d1fbf,0.37362637362637363
aa4900d424687f1e,0.14285714285714285
f554766a0dd17e5b,0.32967032967032966
fc50a39aa00a0f35,0.7582417582417582
a12e9dfca54babd8,0.43956043956043955
b99beb94857386ab,0.46153846153846156
f064f3a0df87f78d,0.3956043956043956
e399a30beffe3d24,0.978021978021978
a335450cec2f1533,0.23076923076923078
2cfc84a1fe57da90,1.0
2d07bf272765477d,0.10989010989010989
c4908f77776b2e36,0.7142857142857143
385307da2ca52ad3,0.21978021978021978
da84296719247ead,0.9120879120879121
feb17ec29c7360cb,0.6153846153846154
2771999a2b36d5d1,0.6483516483516484
c1d9b25b526317d2,0.34065934065934067
0d2660235245aa77,0.9230769230769231
4af6e428f0846300,0.8131868131868132
645418c02f1efe7d,0.6043956043956044
4d1b49f455fb8653,0.967032967032967
f3dc697cf5fac97f,0.06593406593406594
5652de4e6904338a,0.5934065934065934
08bb2933f2df984b,0.6263736263736264
004dc0385decf9ee,0.3516483516483517
432696a03c31a26a,0.42857142857142855
8e7f3aefff2a2a4e,0.945054945054945
f7fc323b2e978de0,0.6593406593406593
dbd4111c9d6455cb,0.054945054945054944
11d967cbb3ed1c80,0.4945054945054945
1d8ab11c13e29d95,0.02197802197802198
6c5ae337198bcea3,0.7692307692307693
f35f7564428244a6,0.7362637362637363
1960e6171c2f8818,0.8351648351648352
94fdbae7ae79839e,0.4835164835164835
72d20589083b2cfc,0.8901098901098901
89eec48cbc3323e0,0.3626373626373626
0d9ca284917d3910,0.17582417582417584
0a5b1536d26e6cc6,0.12087912087912088
caaa3f3ee254378d,0.8681318681318682
fa1817bd6fea8ee2,0.6813186813186813
610929f15aeb6504,0.8571428571428571
0e687238447d3039,0.9010989010989011
26621e68c5858267,0.5384615384615384
74069f4ad97d0f8b,0.5164835164835165
236ee89f61d5cfd5,0.27472527472527475
de4ee2085dc0f01e,0.8241758241758241
769e3486cffd8c55,0.13186813186813187
81f5c30440c57511,0.7032967032967034
0143f8e33182b4ef,0.38461538461538464
34d5ce96ef2a3c5a,0.6703296703296703
eedc9779eac2bfa0,0.2087912087912088
5f0037419152ec86,0.5274725274725275
95d0490cab5cd5a6,0.3076923076923077
b7af20be4e5c743b,0.16483516483516483
545b9808fcdd7370,0.15384615384615385
b6e8c7248ccb0ea1,0.8791208791208791
e2bc489e7d15555a,0.45054945054945056
24c2db7ff48d7a04,0.5714285714285714
5cd1a439fe09e31c,0.4725274725274725
f2d6b9db9245a84b,0.4175824175824176
aaedc7ef87c784c6,0.0989010989010989
d074e81304ddcce1,0.7912087912087912
1d185fd71daffdc2,0.5054945054945055
4ad3b91be2df7079,0.07692307692307693
69da0ad1e581db87,0.9340659340659341
be8f61a002c61706,0.2857142857142857
67c3c2b4ba2da939,0.01098901098901099
6e81850abe98e874,0.6373626373626373
3ce740a3912027ea,0.04395604395604396
284c21941e181e61,0.4065934065934066
c641511934ee7e85,0.03296703296703297
363df04d26e08fed,0.7472527472527473
49acfa864187b371,0.18681318681318682
589433faced96095,0.6923076923076923
7423516da947e9af,0.9560439560439561
d8ffe16db2c50bb2,0.25274725274725274
ab40d985779fbef0,0.7252747252747253
9d59377fa5f709d6,0.15384615384615385
89fbf1e6a85a69c7,0.8681318681318682
b44768d2a34e7bd4,0.24175824175824176
c7e583d8e73a15d8,0.6483516483516484
a7ca8fc4f3bcd7b0,0.3956043956043956
8c2f0d90ac303be1,0.2087912087912088
6c029e4820d6effd,0.8791208791208791
faec772c3c3691f7,0.04395604395604396
61d59e457d271815,1.0
46b11374de78807b,0.9120879120879121
1ba742d896b45db6,0.4835164835164835
1a718fe71427f76f,0.03296703296703297
4f90e795e9e11041,0.7362637362637363
43c3f13ebbd8aeb3,0.5934065934065934
7dddf3551bcd72b8,0.45054945054945056
4be457306e626408,0.6593406593406593
138ad066cf5a0b4c,0.8901098901098901
ef8de210c8641f7b,0.37362637362637363
cca2c7af70410a12,0.7472527472527473
0767aa3f7018bba7,0.06593406593406594
38504fd888a2b7ee,0.8021978021978022
016de03759ae6a49,0.5714285714285714
5a1227cfc53ddc6a,0.2967032967032967
0291f2bea62e83c7,0.1978021978021978
f8c964ca549b2fc6,0.7582417582417582
bfea101f5d219a90,0.07692307692307693
3c1d214e468a366f,0.978021978021978
125db5bd09dd1659,0.9230769230769231
b86d212a8d70c4ab,0.31868131868131866
f86c19474dd399b6,0.21978021978021978
4b9b0e47494ab82b,0.32967032967032966
af6cbadec5194c9c,0.7032967032967034
2033fda947d281bc,0.7912087912087912
28140ee2927a05d2,0.17582417582417584
777637000cbd4ec4,0.5054945054945055
eaa1b9be1ac2184b,0.46153846153846156
bdaaba2cf66335ab,0.4725274725274725
bfa80988d61f377d,0.18681318681318682
d88915c575cfd396,0.9010989010989011
1ed3ef4819a58665,0.6263736263736264
a7424904f279c2a9,0.7692307692307693
5d9a853fe7073a63,0.25274725274725274
ebf43a4d2b267dd0,0.8571428571428571
04b0ac4a0d7a38d5,0.2857142857142857
0c62a1153615e6d3,0.23076923076923078
fe17a2c4bae84757,0.10989010989010989
e59c53dcb7fbeb78,0.0989010989010989
08aa6353add5166d,0.14285714285714285
0aaa6e0c5965fd28,0.4065934065934066
51b99e1029541670,0.6703296703296703
4701e9d0a39894c3,0.8351648351648352
43cbf4d0fdf59c4f,0.7142857142857143
672472d34d5ee401,0.5164835164835165
0a8ccd259c9a4fee,0.4945054945054945
b895a20378888fd9,0.989010989010989
3bae533e5870d38a,0.3076923076923077
653c746171b5cecb,0.6813186813186813
781b310c65c32296,0.8241758241758241
db684dd59f6b153c,0.01098901098901099
4dea7bd799ee049a,0.5494505494505495
b7dd01bf7d123c86,0.42857142857142855
536316aa13a9e0f4,0.26373626373626374
3075c31d339111bc,0.3626373626373626
f778a991334024d0,0.054945054945054944
8a54167d68b6e72a,0.16483516483516483
747ec1b82dbfe8db,0.8461538461538461
4303c6b22669017e,0.6043956043956044
0c937410773563a2,0.08791208791208792
74d1f20bc58de296,0.43956043956043955
d186c6d998e7800e,0.7802197802197802
fc7885bc6aaa3523,0.5274725274725275
bd44392eafd4ffc5,0.5384615384615384
0cd4f5fe8f06389b,0.13186813186813187
b6e92bc808ea0d83,0.6923076923076923
63d0070e6f206764,0.27472527472527475
b7dc8a8fd4629869,0.7252747252747253
d24b21aba5f5b7b6,0.12087912087912088
66595126db80ead2,0.4175824175824176
d7197bed7e9bcb0b,0.6153846153846154
a6d37c87722dea94,0.8131868131868132
d2c153379c27c1e6,0.945054945054945
b981bf175441e8ca,0.6373626373626373
7978aca155a5130d,0.9340659340659341
6fce76401b2606bd,0.02197802197802198
ff698484d45b1d77,0.9560439560439561
215ae9cbc0893c3e,0.3516483516483517
7c51b5c69fc81d3c,0.34065934065934067
f3a30f5c50d07e98,0.38461538461538464
332703bcb6367263,0.5604395604395604
0471de8014576217,0.967032967032967
9f11eb727e309909,0.5824175824175825
9c00f3bb92ca6a6a,0.7472527472527473
f7de52d367b18f07,0.4175824175824176
98af4b647141782e,0.8681318681318682
3eeb6a3b2a4bce9d,0.8351648351648352
c3a113fc7598d96f,0.4945054945054945
a129ad57d65e97d7,0.5384615384615384
61ecaa4a2c3c4681,0.13186813186813187
90acf28239dcc543,0.5274725274725275
4080813486c51a08,0.08791208791208792
b8a9e6cb59b98015,0.2087912087912088
d34dc5188f7c46e8,0.5714285714285714
3585ee20107648df,0.7362637362637363
4e51e4fa66cfabe9,0.7142857142857143
ec7f5b46c790a6ea,0.9340659340659341
736f2f488c93b46a,0.9230769230769231
2c280dbe69229b66,0.8901098901098901
14c2f5136d360c31,0.5604395604395604
be9c800548d3d614,0.6923076923076923
654484bc2b278ab6,0.2967032967032967
fb2a7b55d37a7d58,0.24175824175824176
8897f855aa362036,0.32967032967032966
027d44525613af8d,0.6813186813186813
bc846556d4440ecf,0.45054945054945056
c1da573a76bfbee3,0.054945054945054944
927b950967181985,0.6703296703296703
c776d78dc7a8cc12,0.27472527472527475
ebbe02266704e27a,0.4725274725274725
067179cbfb1fc8c4,0.8461538461538461
ce45f5dbfbc2c4d8,0.6593406593406593
36892b9e19da4cd1,0.06593406593406594
10f555fda0400394,0.8791208791208791
81ba7512ff48216d,0.989010989010989
d8db435b83e47ff9,0.18681318681318682
169b05c6baa53cb3,0.5054945054945055
2f7185da4d173855,0.03296703296703297
df96f1e4e53e73f7,0.5934065934065934
c780521dbea27dfd,0.9560439560439561
8d06e96b7ef9361d,0.37362637362637363
bb9d70fe315a79cd,0.4065934065934066
e05e7a0a8cc34771,0.6153846153846154
a5ab3e92c43eeb10,0.7692307692307693
7f47b27042c24638,0.3956043956043956
5f78d45bab0dbae5,0.23076923076923078
8a0e2bb8acfb811b,0.1978021978021978
cfdd3cf679a88770,0.7802197802197802
0bdc49240dc3b245,0.34065934065934067
d032d45594a64079,0.14285714285714285
720de730e35037e0,0.31868131868131866
ea631940f752ff41,0.9120879120879121
653deb76aa629f52,0.17582417582417584
07bdb59e1a65b2bf,0.46153846153846156
c9ef56c8e76fabab,0.978021978021978
05557a848e18a407,0.16483516483516483
ec3aa22a7654a3ac,0.967032967032967
9afaed54a2112fe4,0.3626373626373626
c0174eb279e9d40e,0.01098901098901099
a7eae258140f20ef,0.7032967032967034
0328f9b96e7a4c22,0.6043956043956044
8ffdfa6aca161714,0.02197802197802198
80308e4e78ff198e,0.945054945054945
6e4b9b5835e987d4,0.7582417582417582
a1c82cd60c980974,0.0989010989010989
7aa3bb57145d0c26,0.04395604395604396
54ca4a6d7f0e8cc3,0.8241758241758241
a3d73595ffea27e6,0.8021978021978022
ffc1e7687da886ee,0.43956043956043955
5e0ea9415e7b6b15,0.12087912087912088
425261b04e750e84,0.15384615384615385
dc7e656d76da56d3,0.38461538461538464
151422c16c4640bd,0.7252747252747253
144330ffbef06174,0.5164835164835165
b3e542463c6835dc,0.8131868131868132
ae6f443c903409ec,0.25274725274725274
43f5ae2cc983dd78,0.42857142857142855
023c9b7bc1536127,1.0
8b08d32ebc436c87,0.9010989010989011
3342a704da13e117,0.21978021978021978
aa6091c9a967c95f,0.6483516483516484
f858f328736f6f97,0.5824175824175825
d32a7e3a27a0ef4b,0.8571428571428571
39f6cd0cc2742c0c,0.3076923076923077
674018b2864a2aca,0.26373626373626374
a075fc2fc6839ce3,0.07692307692307693
d7cba651a37c6de6,0.6373626373626373
d0a8d70f9e1e74cb,0.4835164835164835
db939aed7c0de754,0.7912087912087912
18c9e2668b37a9b6,0.5494505494505495
ef4d4208672fc593,0.6263736263736264
8d281e7f23cf19ea,0.10989010989010989
b48f732c8281929f,0.2857142857142857
333459a35bc75e5d,0.3516483516483517
7130bff34db6fe9b,0.15384615384615385
690ef267ae5a1e71,0.9230769230769231
373f7947afa3d70e,0.9120879120879121
ff8f5a68e9f64010,0.8791208791208791
c2a893f5b5adddc5,0.5384615384615384
9861f6bcdfe04071,0.45054945054945056
c3da8847b15e5e95,0.07692307692307693
22c9f5727d814161,0.967032967032967
095d53182a6d3bd6,0.5824175824175825
61e4820865a7ba77,0.6373626373626373
2688f2a63003cdc7,0.3956043956043956
e7bbef317019cb6f,0.7692307692307693
985887e209ead10c,0.2857142857142857
53beb4042af28bc4,0.5164835164835165
bd113e32d47666b7,0.08791208791208792
e5d98b79647ff040,0.31868131868131866
79c2e44f2c38ab0b,0.8681318681318682
971500df91cd3623,0.10989010989010989
b943784a2c931578,0.7582417582417582
eea4d97f0eaa7ef9,0.1978021978021978
809ca479a65ab0e1,0.38461538461538464
f5f1cc70c16fecf1,0.14285714285714285
0b3bb9d01f32960d,0.37362637362637363
34db64dbf6e6e90b,0.5054945054945055
cd2100171eaf57c2,0.978021978021978
e53eeb7541c61916,0.5604395604395604
82d65e99a93b321a,0.16483516483516483
73e466e646f000dd,0.6153846153846154
acc0e1b3368c8b0e,0.21978021978021978
eacfa2901fc7dbe8,0.18681318681318682
bffa01c5103fe5af,0.8571428571428571
f5d33229750e0b3e,0.9340659340659341
cdc28d9a00b85890,0.8351648351648352
ab318f4642c0985f,0.04395604395604396
42fa8818fc2cb9ec,0.5494505494505495
0d14fd2403641597,0.4725274725274725
e665cefe88d916f7,0.24175824175824176
8f5797ca32cd2479,0.5274725274725275
04ef3742b6cc5c24,0.42857142857142855
77cc636f49563ba2,0.3516483516483517
615ddc287d1e03dd,0.7032967032967034
078a413a3bf9c9cc,0.9010989010989011
d45aecd6ff5c953b,0.6483516483516484
45008c7caf1fca47,0.8131868131868132
1cb4482bab8c903e,0.12087912087912088
41a881fe142e4f19,0.5934065934065934
f8e0d8e98748fbcb,0.8241758241758241
e2bfd7e8b4236626,0.5714285714285714
f06a45e98eb360aa,0.01098901098901099
47c8af1d3bb00c51,0.7802197802197802
f36f308326f2141f,0.7912087912087912
e20eac12c7eeee1e,0.32967032967032966
8ff05b103383458a,0.13186813186813187
8c9510f86050405b,0.23076923076923078
e49882c91e4fcbba,0.43956043956043955
a8150e548fa2a4b7,0.8461538461538461
693130137ff2b6df,0.26373626373626374
a525415fed8d945c,0.0989010989010989
cf32048a23a597b2,0.4065934065934066
d42687d11d92f1f4,0.3076923076923077
84c167c3751614ea,0.7472527472527473
407f06b01c93e9ce,0.03296703296703297
51e9af55b2f6644a,0.6923076923076923
a410743c5dbdf932,0.945054945054945
6f13f7fc53ecf770,0.7362637362637363
ff603daf2853ff54,0.9560439560439561
2f9389394db73bcb,0.34065934065934067
b2a1bfb60f69dbcb,0.8021978021978022
ca289473d06efa08,0.054945054945054944
f1b06644d6367526,0.8901098901098901
9aaca3a1afd379fa,0.25274725274725274
3357101f492ac180,0.3626373626373626
ab86e0ff1577e0e8,0.2087912087912088
ab6e0b658500e38e,0.989010989010989
a0e9cf1b94441f51,0.4175824175824176
ad88885a7a6cda34,0.02197802197802198
45e70b0dbe94529e,0.7252747252747253
42b22366f16353be,0.4835164835164835
14173b98c91a929a,0.17582417582417584
6701769e3cd1c0c2,0.6043956043956044
8acf77d41da59a59,0.7142857142857143
40cdbf4b8a5f8161,0.6593406593406593
bc542cb263cafcdd,0.6813186813186813
6e0f379e5051bda3,0.6263736263736264
5284bb43ac5f2002,0.06593406593406594
9648671d64e79c1e,0.6703296703296703
bd9e1d9bacc5a29c,1.0
395f175e001b133b,0.27472527472527475
8ba5c45db84c5f97,0.2967032967032967
0668db24f7f1e6d9,0.4945054945054945
74cc74d8a9f75efe,0.46153846153846156
1750dd2d0d70810a,0.43956043956043955
2fb095742e0e576c,0.6483516483516484
0ee9b70b2c94ae93,0.3626373626373626
d938f017a886b0f1,0.978021978021978
df8da6a6439e2c59,0.9010989010989011
4cee6e42efd4cd89,0.37362637362637363
c9c3d5ad52e71910,0.08791208791208792
f267419d93a73b26,0.8021978021978022
92a7a8b08fd4aacf,0.7252747252747253
e60a3b011cae0fd5,1.0
96edac2daf821902,0.9230769230769231
b3b32d73625f7102,0.3076923076923077
e6e37e0d0277cf4b,0.13186813186813187
a34c9a6a23ea585d,0.8461538461538461
dbbcfbab5520e4cb,0.04395604395604396
9ba0b54fb6487918,0.2087912087912088
36c321df3afe948b,0.4725274725274725
c42192e4a85edfee,0.5934065934065934
4678e8db86f93995,0.34065934065934067
54e019ac7b9cf5ef,0.5494505494505495
c1dafb9257667d8e,0.4175824175824176
9375f251a4be2dc6,0.7032967032967034
aa056587cd5d8e7a,0.4065934065934066
635baeafe3ff4f5a,0.14285714285714285
1c5fee56d991ec09,0.8351648351648352
3e362d77f50b95ec,0.07692307692307693
ebf2103a7cb44368,0.4835164835164835
f1f18fe3d14738b3,0.989010989010989
a4bc0b71953b362b,0.26373626373626374
a3507f2199d76aa6,0.24175824175824176
1680c93ed016c8f8,0.8901098901098901
2550b22dcf0deaa2,0.5384615384615384
c3b255cca4c2ca6a,0.02197802197802198
56132825355df10e,0.6703296703296703
a5006ca495896d9f,0.7912087912087912
36c005527cd65397,0.4945054945054945
e38d696d2efadc66,0.31868131868131866
35ca89e5b619d270,0.7692307692307693
b048eb82993915c2,0.8571428571428571
b5f7131469d815c0,0.23076923076923078
4d0182c76290718a,0.17582417582417584
3bd4f39d733e8513,0.03296703296703297
56617257ff196887,0.7802197802197802
a9b2a335bb9c519b,0.2967032967032967
82f33d2593f4e132,0.7142857142857143
3704ed39fc140e40,0.5824175824175825
bbee39addaf6015e,0.6153846153846154
d5ff6549b6ce456f,0.6263736263736264
b5f9ba4243582481,0.7472527472527473
ad7549fc988579f2,0.01098901098901099
f70ac27536059f31,0.8131868131868132
a573b147ac2a5a81,0.2857142857142857
b82ea5618439b564,0.32967032967032966
eb68b0fe343c94ee,0.06593406593406594
0f2d3625a13a1439,0.6373626373626373
66e49c3fe07402fa,0.7582417582417582
a669100250eff16b,0.054945054945054944
9cf9004a7ba79167,0.5054945054945055
68a6bcbe71110ed8,0.6813186813186813
de82f752170c81db,0.6593406593406593
de831cfede0246d8,0.27472527472527475
61cbeee4411739db,0.15384615384615385
777d995cec34b2c0,0.18681318681318682
3fc3e0cda687699b,0.25274725274725274
c8e9250615c3c510,0.945054945054945
ebc7464a5795b7cf,0.8681318681318682
5dc6dd56a3e6caba,0.5714285714285714
e2cbcde95a714c91,0.7362637362637363
0a1a6ecd03d783c1,0.8791208791208791
1e13f1c0f81e9e8c,0.46153846153846156
a5cc0c84c5e30c2c,0.10989010989010989
4ec0bd28238db630,0.42857142857142855
05ab01df30e90bb7,0.0989010989010989
ed7b4ac769671898,0.9120879120879121
9401c11f1c5d06f5,0.16483516483516483
e8e07bfebbc7c1b0,0.6923076923076923
4b2280b8d33c5a55,0.1978021978021978
4ae19f9eb59668c4,0.3516483516483517
c86663b2622757c5,0.38461538461538464
cd1dc50054856970,0.12087912087912088
e1823a1c4530484e,0.45054945054945056
449f50daf5d37449,0.5164835164835165
05c31c702fde6be9,0.3956043956043956
2082da877f7f9575,0.967032967032967
897ebd0a4000c340,0.6043956043956044
2d98d080f7a8c70a,0.9340659340659341
e0baeac19e3777e6,0.5274725274725275
ad5ea55d7ae7ec16,0.9560439560439561
01aef51c1a8a22f6,0.8241758241758241
e545f46a2d5fcaf2,0.21978021978021978
0a3a6528a6edc469,0.5604395604395604
4dab9d5883daca7d,0.24175824175824176
14091b3548eac3c1,0.03296703296703297
b7f63b5f7fc57496,0.04395604395604396
c5df0dfe479c1096,0.10989010989010989
6c7655d05e7e3da1,0.38461538461538464
56f97f4aa731cddb,0.12087912087912088
75b0bbe91950a0e4,0.21978021978021978
73869d2269ff5206,0.16483516483516483
59bcf17a2367e62b,0.08791208791208792
9bd8fc9d5e76ada0,0.7692307692307693
d89bf1a227bcc9e9,0.4065934065934066
8b47f6784270c7d3,0.8901098901098901
d854328d83ef7866,0.1978021978021978
c4ce556b2300aa19,0.34065934065934067
4f424a2a45922a6a,0.46153846153846156
b2737b2cbc5f4340,0.4945054945054945
0b354ece9d831ccb,0.02197802197802198
f50c80b7bda825ed,0.18681318681318682
b01cb762b374cb6e,0.43956043956043955
cd28678613f7f8b8,0.6263736263736264
80ab5c97e2b6189a,0.8021978021978022
6ef5de5695d86983,0.8131868131868132
19726e1301a4b415,0.4725274725274725
c60a4be401f7bfa4,0.8461538461538461
e49c252f47649776,0.8241758241758241
aa5f7050ed2ff960,0.054945054945054944
26acca0f812360e1,0.15384615384615385
68b01ac2614759cb,0.9120879120879121
c34f212218c3e278,0.06593406593406594
93d587d765518308,0.7912087912087912
02a78a19954dff32,0.25274725274725274
81fce10373f829fb,0.9230769230769231
84efc41729b2587d,0.8681318681318682
9ba7c7b043a4ca1f,0.27472527472527475
4fef8cae4d146272,0.989010989010989
53563cb07e24ca0b,0.14285714285714285
d2d06025f543d9bc,0.13186813186813187
1f2234a4500119c5,0.4835164835164835
5bf2b06fa3965b89,0.42857142857142855
7389c7c714aebf88,0.5054945054945055
1787c06017b68abb,0.7252747252747253
3c202be459a8149b,0.07692307692307693
09bebfb606210c7e,0.5384615384615384
dde993a7bcfa4c76,0.7472527472527473
09e16a0e6ca8a84f,0.17582417582417584
7a794c79a5066c61,0.5824175824175825
a60e4191b4a0cc5d,0.9010989010989011
8f2c7395d1478e1d,0.9340659340659341
a3d3c62a91195a10,0.3076923076923077
12ea53734f5abbaf,0.7802197802197802
6fe612f73a5bbacc,0.26373626373626374
71e3a202cac74a2e,0.5934065934065934
494276f44d211454,0.7582417582417582
6deeecb9b04067a2,0.8351648351648352
13b897ac2ce43624,0.6923076923076923
4d6d7c0ca465ed0f,0.2967032967032967
58da3579efb53ade,0.2087912087912088
6ccb9f08e5afb253,0.32967032967032966
9c339bc21bb6d85d,0.37362637362637363
ca3574a9a40ecb76,0.945054945054945
81936e7f8146d5a5,0.7362637362637363
f023563d8097ea51,0.6593406593406593
ba3f440cad0486ce,1.0
0bd6fc12bb8cdd07,0.8791208791208791
d4ee37271c9b45e2,0.45054945054945056
4a8c1b2e7a8e2a2e,0.5604395604395604
a7ad53f1a80724fa,0.6153846153846154
092fe07c5de9062e,0.0989010989010989
4460b40a959f687c,0.3956043956043956
9d230b812a6a047a,0.31868131868131866
3bdafbbd766b3e5e,0.7032967032967034
f01bcea16f47c499,0.6043956043956044
16f0ae39111c4c9e,0.5494505494505495
c630add64c1de579,0.967032967032967
a9a36d4d93242a0d,0.978021978021978
68dd74a44813e59f,0.01098901098901099
daad78b13f1e77ff,0.23076923076923078
496f4f4412eebfaf,0.8571428571428571
d2401b832b2ba57a,0.4175824175824176
2281d6e94a5e93a1,0.5274725274725275
49ce4699626db01a,0.6483516483516484
f358c663ec900849,0.2857142857142857
afab470accf6953d,0.9560439560439561
361b93054ad38043,0.7142857142857143
ba0c04d89f3db0da,0.5164835164835165
792897df3efdf41e,0.3516483516483517
c381802c3c86f572,0.6373626373626373
8d9f33e02e5b4d9d,0.3626373626373626
a1e18466c0fec328,0.6703296703296703
0ba2101327649ae4,0.5714285714285714
94ec77c2f876c55c,0.6813186813186813
2ddbc7c0a611fab0,0.3516483516483517
051571bbf4abe39a,0.45054945054945056
cdf422c2c6ec04bf,0.26373626373626374
85f7878a50e2738a,0.8791208791208791
b38d6aa462e67199,0.31868131868131866
c1a6d0cabbd6b486,0.9010989010989011
7b173a5a7f296268,0.7252747252747253
3a3bbc148a469c3e,0.8351648351648352
7921e9e6e110556f,0.17582417582417584
4a722b3d182ff38f,0.5934065934065934
93f7b514ef328bd0,0.7362637362637363
4d1426b633e09f7b,0.42857142857142855
4638d7c9eebd428d,0.978021978021978
2c8f574528dd5a56,0.18681318681318682
705e3dcf03cf3bf9,0.967032967032967
4e3e2049e6e5645f,0.2967032967032967
0420dc4d7142d347,0.2087912087912088
ae7b64d157e456cd,0.34065934065934067
5e5340be9ddf0f70,0.38461538461538464
7161e48a102002ab,0.27472527472527475
3dfde8bb4551f883,0.6483516483516484
d23b25f82df08805,0.6923076923076923
a5e0e28769720747,0.6043956043956044
9fd1bb3b2bc49b6c,0.12087912087912088
974b32001a9008c2,0.6593406593406593
04ace3004d0a591f,0.5494505494505495
4967339070998f46,0.9230769230769231
09cc6e784a9e819c,0.01098901098901099
691ccd5ac713933f,0.5604395604395604
e2130d706e9c0ab6,0.6703296703296703
dbd5510017f3e2ed,0.03296703296703297
277d40ff73af0f9a,0.3626373626373626
0181f7c508a05a43,0.6813186813186813
df8046307161ceb4,0.43956043956043955
0702bee393664e66,0.8021978021978022
9643237b97974a31,0.9120879120879121
7f2687e1f3efa422,0.7692307692307693
29834290a16ad94d,0.4725274725274725
fe6779f7538aaeac,0.24175824175824176
5c686ae231e58282,0.04395604395604396
a1221357e1fec8c8,0.1978021978021978
8b75c8db33d21230,0.46153846153846156
172961b3e1d1ce7c,0.16483516483516483
c84abfcde21aebab,0.7912087912087912
dd72880f378fcec4,0.15384615384615385
c35d660f8b57c585,0.14285714285714285
4d5a0d06bb5c1df0,0.8241758241758241
76c9aadd25ed2fa4,0.2857142857142857
dc9262f00e31b335,0.4175824175824176
8ff6a613ed6506b2,0.5714285714285714
c7f33570dd323e03,0.21978021978021978
7bb5b2fab7e11cad,0.23076923076923078
abd17cfa9970ad13,0.7582417582417582
ba1b26b8a2d09585,0.0989010989010989
f45e282e9856083e,0.02197802197802198
cb825f7ed7acce56,0.054945054945054944
3d8cdcc02aff08f8,1.0
000b7ba8d7db83ee,0.989010989010989
7b3e5fb9a9383581,0.4065934065934066
8950c1a30e067147,0.8571428571428571
1bea939aefb4a5df,0.6263736263736264
2db8718883e3c394,0.6373626373626373
ce1313f414e288b9,0.10989010989010989
86adbdc96218636d,0.06593406593406594
31085c7a24582d32,0.32967032967032966
e4f16ba77dc97de0,0.5054945054945055
e681171c0fc6ed13,0.5274725274725275
6e65d8630276b19c,0.5384615384615384
ccaff9b94397110f,0.8901098901098901
b73cd4c65ddb855d,0.4835164835164835
4d96cd9899a75e20,0.945054945054945
843e1cb6d0e5f1b5,0.8681318681318682
88a413c5c2efa0d1,0.4945054945054945
30c2492e9a38044c,0.6153846153846154
09eca9b544556728,0.7802197802197802
cb8dbe11df814866,0.3956043956043956
8cf936ed78ee379d,0.07692307692307693
9680996b5de45730,0.9340659340659341
cf03af96df9c2449,0.8461538461538461
b34da3b9e0bbd0fc,0.13186813186813187
a1736b8a9cc5564c,0.8131868131868132
cc97fd0417053165,0.5824175824175825
8c4c921ddcce24de,0.5164835164835165
c02e987efcebf504,0.7472527472527473
7ac5595791a24bda,0.9560439560439561
9e10eeb1c8145a2a,0.7142857142857143
a6bd321bdc86103a,0.08791208791208792
184bd93c4ad8476c,0.7032967032967034
2a03ed197ca094ac,0.25274725274725274
e40afe33481dde57,0.3076923076923077
d325ee5445560ac1,0.37362637362637363
b4d0667cff1917c4,0.37362637362637363
35a40fb01b65b491,0.8901098901098901
a80f0c3a347c3fc9,0.978021978021978
db6b7a524c2fb177,0.08791208791208792
77d6143dae739543,0.1978021978021978
be18c4aa379c9229,0.12087912087912088
56699ea76988648e,0.14285714285714285
6001222162e3d205,1.0
0424253dd9d49b60,0.31868131868131866
993c6bc4284f0d13,0.34065934065934067
2ee1cba7acc133ad,0.02197802197802198
21dff198cca0c583,0.01098901098901099
dcfeaa6b0a68f27f,0.9120879120879121
439842bc25f0d737,0.2087912087912088
7076408e8602cc8d,0.3956043956043956
3ce79cb7616dcacf,0.6703296703296703
a515397dcae16819,0.8021978021978022
400df287a1449ba0,0.6153846153846154
f3fa6decb15ce41e,0.38461538461538464
97a31d2e6924c16e,0.46153846153846156
eff344685bc7c15a,0.5714285714285714
9daf1e356b1c1678,0.06593406593406594
234e2972a7367170,0.5164835164835165
cfcd3fd9ca871b15,0.5604395604395604
4dce281bff760270,0.8131868131868132
7f044d38522a8f51,0.7032967032967034
2bf105fe53b97c53,0.6813186813186813
8789444486bd98af,0.7472527472527473
7b287fbe05a1aebd,0.7582417582417582
3c0644dcd9aee47d,0.7802197802197802
5fc313d183ee396a,0.5934065934065934
84c947a8f15588c7,0.2857142857142857
114e3b10851e06c6,0.6593406593406593
3653c1567aa28a11,0.18681318681318682
a91a87ce4790cb9b,0.989010989010989
d3f5e063dca2c2af,0.04395604395604396
f6c084afee97e1ef,0.9340659340659341
83e255773774a300,0.0989010989010989
c98ef00f5ff9a0b7,0.4725274725274725
3d661f3763ef9aa3,0.9010989010989011
bb25ed47334c37aa,0.7142857142857143
e6151857455c483c,0.32967032967032966
c60bd286f1a36080,0.8571428571428571
3ba77a4f0e4946c2,0.054945054945054944
a01fce465169e43b,0.07692307692307693
c6737fe6ab41c6d2,0.8681318681318682
2ee224049be43104,0.43956043956043955
fcab7caa998cc698,0.4835164835164835
9fa8259647ccbdb1,0.5494505494505495
c57e64c8a2f16438,0.15384615384615385
5b330d0e63e42e64,0.5824175824175825
4617307fbe4a0aea,0.9560439560439561
d39df75c51c0109e,0.7362637362637363
38ad50b97bb8e1de,0.5054945054945055
e52b0a057861d6a0,0.2967032967032967
0d3250e1121b810b,0.6483516483516484
cda914a6dbb5a501,0.25274725274725274
84d9c197b1271cd0,0.16483516483516483
e88377d8ff4cc8d9,0.9230769230769231
894ada46115544ca,0.8351648351648352
c4db475a4a782d8e,0.4175824175824176
2a3f0fed91510db8,0.967032967032967
bf981d66140fe22c,0.27472527472527475
41155da92d56816c,0.6923076923076923
63f06659f05388fc,0.21978021978021978
65c9026cfb32695b,0.13186813186813187
94b08b97516f756c,0.7252747252747253
9d508bed43aa29af,0.8461538461538461
7e92355ec0397600,0.945054945054945
493f6e7f24533aef,0.10989010989010989
d189602d7d77a09e,0.4945054945054945
0ed97d161dc64877,0.17582417582417584
b1c837fe663aac76,0.8791208791208791
9e11ca4bcce42b98,0.6373626373626373
735f0d1ca8045137,0.5274725274725275
3234c7dc05edf12e,0.6043956043956044
c2e6fff71bc958a4,0.26373626373626374
3646cda186fdc31f,0.3516483516483517
b0ec2d62a3dbd18b,0.7692307692307693
07aa34fa5ceb92bb,0.5384615384615384
4409d2c9c3191787,0.7912087912087912
02975678cba8c0dd,0.3626373626373626
c756adfcab669867,0.45054945054945056
1517691c953652d7,0.6263736263736264
3947c9e9129242f6,0.24175824175824176
bd2ae870d5d803d2,0.42857142857142855
2710b83a3670d537,0.8241758241758241
66dc8a5e499d8aa7,0.3076923076923077
b183bd66b4c581a9,0.23076923076923078
1d1cfb5d03530848,0.4065934065934066
e8e707c10f3b9779,0.03296703296703297
7116b4ff96e8884f,0.4065934065934066
f9620011cb17fd04,1.0
335d731d28db3c7d,0.9230769230769231
1355705f920f9d5f,0.4175824175824176
cf628be722d22f14,0.7362637362637363
8710120f0d8d8c8b,0.9560439560439561
4ead1d38c4bbbc6a,0.945054945054945
96f9b107553ded99,0.2857142857142857
44a0b8f1412abd45,0.7582417582417582
df88ca1c462d5c4a,0.3626373626373626
dedf436efff2a803,0.5274725274725275
e19e0768bc9f7402,0.6703296703296703
92f6b661a5290b2a,0.7692307692307693
2cc955a1ffda1f6a,0.6483516483516484
5cb5b3f709e77ec5,0.7032967032967034
fdbbcb884bb1a419,0.5384615384615384
29245ef8cfa1a8c6,0.18681318681318682
0ac15278bbefa8fb,0.5714285714285714
f0e9f053f7f623cc,0.3076923076923077
a718a833d05dab53,0.13186813186813187
46e498aa074b909b,0.7472527472527473
baadcac88f46dec8,0.1978021978021978
8e37a239fd4ad471,0.37362637362637363
b04114db459cea83,0.8461538461538461
269f21162bdea696,0.7142857142857143
a8d29838aeaa6ef6,0.06593406593406594
0aa65430a6a530d7,0.32967032967032966
a94589039c30ff33,0.2087912087912088
7b22f5d994fbcc60,0.6043956043956044
d21d11eff388abbb,0.45054945054945056
f472dc0cecc49cca,0.967032967032967
342a7ee1421fa863,0.6373626373626373
c44a15bdcf97263f,0.6263736263736264
1e734c366ce83b42,0.24175824175824176
317153a5bfbf86d0,0.02197802197802198
e0bfbd84fc500e7e,0.0989010989010989
ace9450c66361bc7,0.10989010989010989
538c9858b653d850,0.5934065934065934
80e8bc0dd1ee09b4,0.8131868131868132
4eadd5ae0f6533be,0.43956043956043955
56a7898b3447bc9b,0.26373626373626374
91b3df43648e5d95,0.9010989010989011
90a9b40ffe543d8d,0.12087912087912088
90a249d84f710de3,0.7802197802197802
31004be07bb64db8,0.04395604395604396
4da10d0941681bb1,0.5164835164835165
1c982144576b4da7,0.4945054945054945
bd52c666442f268e,0.3956043956043956
8626a7c6e552d681,0.16483516483516483
c560db410f5a9cd9,0.5824175824175825
b7c88d0b063701b2,0.8681318681318682
dd626ac82c2d4749,0.42857142857142855
544e7342ed6b9a18,0.7912087912087912
f2060c38cb40ae2e,0.6923076923076923
2546931bee7f9398,0.31868131868131866
1e8c05c90f3a2210,0.3516483516483517
d1246be32db79371,0.4835164835164835
21e5c37dc4032820,0.7252747252747253
99a7d21272cae78a,0.4725274725274725
b6edd055d2cc1c0d,0.8571428571428571
1a47bf17f9de82e7,0.15384615384615385
79d0123c59395697,0.17582417582417584
ededecf05f4aae44,0.46153846153846156
3dd4ee32636dfbb1,0.25274725274725274
cc8f47d94a607213,0.6593406593406593
c4751816b8e48142,0.6153846153846154
ab43bcd2a1d5d91d,0.21978021978021978
4b566ca48d171f81,0.27472527472527475
9a26a50bddfa6f38,0.8791208791208791
f6085d416dd7909f,0.8241758241758241
16b71b8e586964ca,0.01098901098901099
233f99af3c800ccb,0.9120879120879121
ac51f70a019c6bff,0.23076923076923078
43d1167f994aa6b7,0.5054945054945055
7e4a58695a955378,0.978021978021978
75e2085686f99c43,0.08791208791208792
29bb0674f06b22c4,0.8021978021978022
31faf45cf495e62e,0.989010989010989
fa18cea8f7d4c494,0.054945054945054944
d3db71d85226674f,0.5494505494505495
dca713b3a036a2c2,0.6813186813186813
d6776034fd56a510,0.8901098901098901
715bf1a58c7df441,0.14285714285714285
ebf45186d51b5350,0.07692307692307693
a5681d1c264f9590,0.34065934065934067
4694313a4bda9db2,0.03296703296703297
724830e65ed1e7c9,0.5604395604395604
0e8e1ea6a2769920,0.9340659340659341
8c95a492f08cd8c5,0.38461538461538464
e8b5207d3e852cc8,0.2967032967032967
dd2b7d14a84fa586,0.8351648351648352
783dd53d3067cba7,0.4725274725274725
06bb1d80920a9301,0.21978021978021978
417f58b79d6012dc,0.08791208791208792
5b889633baeb634d,0.5054945054945055
f5ab78feb301e704,0.6263736263736264
608e8fe2ec3bf33f,0.989010989010989
41e4f4b9e304594b,0.14285714285714285
e8eba3e0d3be4723,0.0989010989010989
7bb7ef48dc1e9263,0.31868131868131866
27d6edc94821bb2b,0.6923076923076923
da557408e6501728,0.24175824175824176
aa2f679fc9852d8d,0.4945054945054945
81d70ad25005873c,0.5274725274725275
848be94cfd556686,0.5384615384615384
df7d3298a46dcdf7,0.7582417582417582
58c056ede17333c0,0.18681318681318682
3021d014895cfb75,0.46153846153846156
036854a1fa28147f,0.23076923076923078
b568f1c433d5fc4d,0.2087912087912088
8e2e2d62a3ff8ecd,0.06593406593406594
bb65ddd707fbd0c5,0.8901098901098901
08dde14cd8689c37,0.43956043956043955
566011d2ed75d74a,0.2857142857142857
ad167f4ae2942315,0.4835164835164835
6718b359aded28cf,0.7912087912087912
50ac8ee67a7d1418,0.16483516483516483
5e4089d18e56d2bd,0.4175824175824176
b297692a8b8082f3,0.17582417582417584
75a0824de71ae9a7,0.34065934065934067
e9041d693c30f00a,0.5824175824175825
9b6d4be8184b1290,0.3956043956043956
1aaf241af7a2360b,0.7142857142857143
4f3518038c7f5289,0.38461538461538464
570667196839dba6,0.9230769230769231
51de42aa915656fa,0.7032967032967034
86945eb459f9142a,0.32967032967032966
5ff73f59160a6609,0.37362637362637363
8c8c33eb45295da5,0.6703296703296703
6c8bb5fa8005cbf7,0.04395604395604396
7bd0bd152adb204a,0.4065934065934066
afb28a3161b3ef8e,0.945054945054945
ee67e833e267fcbc,0.8131868131868132
098dd47b10630f8b,0.3626373626373626
136a0fdf69d42a49,0.8021978021978022
cc009a81fbce7965,0.8241758241758241
fe549c557c86a3b1,0.5714285714285714
36b1255e6651bc73,0.8791208791208791
7983af832a7b4084,0.8461538461538461
a377b25354f432ca,0.6373626373626373
3737938e131e6e5c,0.25274725274725274
1e7f5bf4b8ebb67f,0.6593406593406593
52aa1a256f55d071,0.15384615384615385
823b5e6c2ebc6d33,0.5494505494505495
2cbf99b788b9a1f2,0.967032967032967
63457f2354582a58,0.6153846153846154
b383af2d56464851,0.27472527472527475
fda4342d19af00ff,0.9010989010989011
dbb4ee99434fce57,0.42857142857142855
d9b0d0bab5eaec0d,0.45054945054945056
bd4759928fa34723,0.9560439560439561
b41c67a10c95697a,0.7692307692307693
539c41a17ff6ea34,0.12087912087912088
a309cfa78579a306,0.01098901098901099
176b044c9e163124,0.6043956043956044
924e57bcd4eb5980,0.9340659340659341
46ca4f47a56e4082,0.02197802197802198
1d567705cb5dd41f,0.2967032967032967
2ab19365dc3b8a22,0.054945054945054944
28ee5f1e9c329825,0.26373626373626374
567adfc714b708cb,0.8571428571428571
117eef88bc122f2e,0.13186813186813187
4a355898b0f718a2,0.03296703296703297
815d832aa67ab5c9,0.3516483516483517
8aa2c8cff3e9f9c1,0.5934065934065934
bd24f88eea17ecdc,0.6483516483516484
4e77095c2e959307,0.9120879120879121
67c6f8f4b4c3941f,0.7252747252747253
645f710deb67b983,0.7802197802197802
57a6582bd1d10b83,0.7362637362637363
3f7384e5819820df,0.5164835164835165
ecdf71e67c5ff505,0.1978021978021978
1caaf9d5924e992d,0.978021978021978
832864657fb85182,0.6813186813186813
75445c352e5e8f53,0.8681318681318682
86c581e4d56b82d3,0.8351648351648352
4fccc17c85eb696a,0.5604395604395604
9142ba07f39c2852,0.3076923076923077
85b3e980962eb7db,0.07692307692307693
c21c290ee4dc9a95,0.10989010989010989
9b9abe227a759aa8,1.0
6d0a38b50dcf4d18,0.7472527472527473
560f53b8436d7dd0,0.25274725274725274
b32a1a6e17c64e23,0.8461538461538461
4944c255aab18820,0.3076923076923077
22dc9a6bb9751993,0.8131868131868132
994ac8bb4a3fb8a9,0.10989010989010989
81e151ffbd5a4978,0.04395604395604396
59b55cd86c500290,0.6593406593406593
4ee33ec0617b7626,0.26373626373626374
d4f9b8b6fb6330de,0.6263736263736264
a6faba38993b4491,0.5164835164835165
86dd63f598169468,0.9230769230769231
aca161453297d0c4,0.054945054945054944
0f53932d935aae4b,0.38461538461538464
517de010dddcd13a,0.06593406593406594
7c93787b5e6a4e8a,0.08791208791208792
7d2f119708076410,0.14285714285714285
d67375e43a488fa3,0.945054945054945
8f26d363433a1eda,0.2087912087912088
3ccfde2475c1e709,0.7802197802197802
d4e82fb87bd29a7d,0.4725274725274725
ebc0f3ade6e4e60b,0.7032967032967034
58a3547a9b255f3b,0.34065934065934067
794ee8f2a3773277,0.7142857142857143
2695ba0690942232,0.21978021978021978
1c7e41eaecad139e,0.7472527472527473
73fa1f74bf143130,0.5054945054945055
f514ca7b6a740af6,0.03296703296703297
3c1adf4a5320ebae,0.8791208791208791
54ae55a9d83a4c89,0.32967032967032966
c5ea58b80a51b697,0.12087912087912088
ac0438bc83ca8962,0.43956043956043955
7770c207dba6ed5b,0.6703296703296703
3e212359a5ff5fcc,0.5274725274725275
85efaaab116d7d3c,0.42857142857142855
aa7c8d0fe5df3b05,0.7692307692307693
2147d5d0df5f22d7,0.0989010989010989
4b81163987363396,0.5714285714285714
cdbeef414495bd2c,0.3516483516483517
6bee6e20d0fbbe7e,0.5604395604395604
9864a8e199c6aa17,0.4835164835164835
2c53b4f1558495bf,1.0
f48d3da9c96325be,0.5824175824175825
6a96eb92c6ef8449,0.23076923076923078
807ebf5ec73f6692,0.6483516483516484
d28ea7ce071ef202,0.2967032967032967
09a9f44f608f3dcf,0.18681318681318682
8e997f01d8da7bf0,0.02197802197802198
c025469fd5f6555a,0.4065934065934066
142331bbacbe1764,0.3626373626373626
dc01dd9f15fe2e29,0.7362637362637363
1ac5e545d54280b3,0.4945054945054945
327e9892cb307888,0.7912087912087912
b88a2ee3d8936e60,0.8681318681318682
a76d50f7257cbe08,0.9010989010989011
9e93d5d76a71bfd9,0.13186813186813187
fa5f67b519252f77,0.31868131868131866
cb50c44e23e8d1dd,0.6153846153846154
4ffc6e6eda641b25,0.17582417582417584
6f9730c20942fb28,0.8351648351648352
eb5106f0e83af2f3,0.01098901098901099
a78fd7ce6b47b7c6,0.5494505494505495
1aed568a16b19103,0.6373626373626373
99845b0684a219fd,0.8241758241758241
e683fe6f1085c32c,0.8901098901098901
67bba7b71dc45061,0.24175824175824176
5f65daab7a9a7228,0.07692307692307693
3dcc71bc4086a637,0.989010989010989
5c653d878a039ff3,0.6043956043956044
18349ac21f312f66,0.8021978021978022
6df2caa08c87bcee,0.16483516483516483
2a6340f9ce44e782,0.1978021978021978
8350557562372de9,0.45054945054945056
5edf1af9dc00d323,0.9340659340659341
f89fa53b216326c5,0.37362637362637363
adf5243be3dc84f7,0.15384615384615385
b5c57bde647c0568,0.6813186813186813
14bd45d377dffa51,0.8571428571428571
c4d0279f411796b6,0.5934065934065934
2490a5e3eb7c5370,0.7582417582417582
759e7da14da90f2e,0.2857142857142857
c6e18493f7e55659,0.3956043956043956
54e696bf2a74b5e0,0.4175824175824176
137e11f3ecc7cce3,0.7252747252747253
f24bcf0140cad331,0.9560439560439561
9306d7a24fb6d76b,0.27472527472527475
b38970ae79536a95,0.978021978021978
fa2647948e6b2685,0.6923076923076923
578d6b9c2aa0423f,0.46153846153846156
09b8971d7d31a288,0.9120879120879121
d60faceb3d610127,0.967032967032967
be8a3f5174a5cc11,0.5384615384615384
048c62daac687c83,0.8241758241758241
43f0d4371243736f,0.38461538461538464
a61f792a8b2fd1ee,0.5824175824175825
6ea0b3ab0363a39a,0.967032967032967
45cfa31a8ac1c28a,1.0
847b0d5afc477a6c,0.17582417582417584
b44abd6d62a4a10c,0.3956043956043956
b345e678ae5d06b3,0.5274725274725275
235ff17f41005ebc,0.978021978021978
1804deb6261dd335,0.16483516483516483
b5e3d4d48d2329a1,0.03296703296703297
5cd4c92619b59d04,0.7582417582417582
ede1d3f14fe9a0e1,0.08791208791208792
3e2feaf5ed9bb359,0.4175824175824176
8efb0b6bfb53c189,0.21978021978021978
4d875f1d720630fa,0.32967032967032966
6382ff0fd27c0478,0.0989010989010989
acf67312958903a9,0.5494505494505495
0c9f6d6e98d67c06,0.2087912087912088
ca72a4f09790062e,0.7142857142857143
110d5c0cb0a72594,0.6043956043956044
e88e4618fa8733db,0.10989010989010989
e84d40a02462e736,0.02197802197802198
d0b96945270eec4d,0.3516483516483517
c8d21b9aea2e3f3a,0.054945054945054944
4b4757c10386f199,0.8131868131868132
a844388fba546d25,0.01098901098901099
36ea61c83608f2ae,0.2967032967032967
873554a419b56609,0.14285714285714285
a29cd23b3c1378b6,0.9230769230769231
0fb9fe40221e2469,0.6703296703296703
097b96f40ca08569,0.8021978021978022
98521af54b4bd2b9,0.9340659340659341
06ed6a8a434eaeb7,0.7912087912087912
7705cf4e4323b39a,0.5054945054945055
e8ee6765adcc91fe,0.06593406593406594
a53e698f370b6581,0.25274725274725274
5790160e58ca10ed,0.3626373626373626
c299246a49aada62,0.43956043956043955
29601deaec0c86d1,0.31868131868131866
7f8e0520e1c3f92e,0.4945054945054945
2ee1066c19c1773d,0.8571428571428571
86cdaa33ccee9149,0.7802197802197802
87bd0ac86d71201a,0.45054945054945056
2c39eb99b1bce0f5,0.2857142857142857
4a66253bfa9c9829,0.4835164835164835
944aa30e73c9fc79,0.27472527472527475
9064cfc8e53a6739,0.04395604395604396
3f2d7180fff6db05,0.6483516483516484
821dfde034154f7c,0.5714285714285714
7e4358c048e6a41e,0.9560439560439561
33a8e224101e8425,0.07692307692307693
29483ddde695d6a7,0.7692307692307693
8e9a02a887f316cd,0.46153846153846156
003a54ab83cabd89,0.12087912087912088
13188aefcd6008d2,0.8351648351648352
22d9702a243d8b5f,0.8461538461538461
9115ac38c76b84ff,0.37362637362637363
212536b8a94b5aa2,0.18681318681318682
bce424e571717e55,0.6813186813186813
4483d3cc7f24b2f3,0.945054945054945
52034c4203b1333e,0.4065934065934066
de5e732b45824093,0.6593406593406593
2358d8095b982e85,0.9010989010989011
5677cfe86397b094,0.8901098901098901
c624d34841586a0d,0.5384615384615384
cac581cca9ad768f,0.4725274725274725
e652fc3f89e470b5,0.6923076923076923
bb0b80981da9ebd0,0.34065934065934067
ff86f9d5b852c7c6,0.1978021978021978
abf4d7d72f841a29,0.7362637362637363
35dd078498223fcc,0.989010989010989
4c154cedc24a02d0,0.7252747252747253
4e6cd34cdf1f970f,0.5164835164835165
38ae09bcf88bdbf3,0.6153846153846154
f2b746edd22af83c,0.8681318681318682
7ae7caa80a58d59c,0.26373626373626374
81d2fdbb9b4cfa78,0.8791208791208791
005776f6af073be4,0.7472527472527473
74f5bad9ba7d6473,0.7032967032967034
2ad5c3a59eb87d14,0.13186813186813187
78baacf1b24705eb,0.24175824175824176
a4740e5f1a5aa55c,0.42857142857142855
c1d2a96690729844,0.3076923076923077
3ea8bf67fc887ed8,0.23076923076923078
3a6557979b5e0e9f,0.5934065934065934
d3b6638f55636187,0.15384615384615385
cbfaabef83ef953a,0.5604395604395604
e558854706de95a1,0.6373626373626373
1e6929dcac543201,0.6263736263736264
e51a10d69f29dc84,0.9120879120879121
39d580616e806492,0.46153846153846156
02871c7e048ec36e,0.9120879120879121
450856503c935a67,0.14285714285714285
a6cbe8076c9dbbb8,0.34065934065934067
7c5cb337df3a3f4c,0.13186813186813187
071f59148df0ba02,0.6153846153846154
a0e07c7a2fc5539f,0.12087912087912088
8fec0dbf87bad215,0.8021978021978022
b8426adf6666f4a7,0.945054945054945
1f1f945432ef116b,0.7032967032967034
cfa4443e567de8f5,0.9010989010989011
5a78d9030d1ec0f7,0.1978021978021978
97231b7c9c4ba8b8,0.3626373626373626
d856795400bcca90,0.07692307692307693
673f3b3a7fc8c9fe,0.6593406593406593
ac231474394f84f2,0.978021978021978
29b3101f165e4006,0.43956043956043955
e0a2c0b2866cd0d4,0.15384615384615385
08ed71d763090fc9,0.2857142857142857
cc68eb5fbcc84d80,0.01098901098901099
25422af817bb387c,0.8351648351648352
949e9adf004b79f9,0.24175824175824176
4e10f3729bb9b892,0.6043956043956044
01f9b9d579736d5f,0.3076923076923077
0b2365c0a2987b4c,0.6373626373626373
b832daded3451c4c,0.8241758241758241
98f7a5a951480ba2,0.26373626373626374
ac72d4c5947c636d,0.18681318681318682
2637fbb25a1f720b,0.7582417582417582
b64d1ff82f1f68f3,0.3516483516483517
1a2f5e378ae0a30b,0.7472527472527473
84c6abb8651b1ff4,0.6813186813186813
0a53c03238ab91b2,0.25274725274725274
106eeefccd6cf9df,0.054945054945054944
8e91f3e71ffd1273,0.4945054945054945
fb94ae4e01156eec,0.27472527472527475
ac8861ed237e82d5,0.9340659340659341
aa9550e8e0d6d04d,0.5934065934065934
9ab282e7d7d67f70,0.0989010989010989
2f8b7ea4e2fca643,0.8131868131868132
403f4788114063cf,0.38461538461538464
a9e6208d84481463,0.4065934065934066
b6bf542081ccaed1,0.37362637362637363
ce3f9cfaf6cdb9c3,0.5054945054945055
aa78b2cc9338584d,0.6263736263736264
9915b7300d848353,0.7912087912087912
57be3e931cb20d03,0.989010989010989
a9de783bb186f3dd,0.967032967032967
2b6c3184785b2fc0,0.21978021978021978
472ebb6890e95cee,0.5164835164835165
837e1b0706faf49f,0.6483516483516484
dd9223183a04063b,0.4835164835164835
360d6960080c1b53,0.42857142857142855
3b69e28968f4734c,0.2087912087912088
2b5c6289d2c11794,0.7692307692307693
89d52e5e18eebb29,0.8461538461538461
8c0c72c982c69fd7,0.2967032967032967
a0a52ce07ff30486,0.7142857142857143
7d2ac5008e7fac46,0.6703296703296703
83fe22a90a19201e,0.7802197802197802
607c381496a91a68,0.06593406593406594
b7e116fc9b09554d,1.0
ab8834a66b44d338,0.5824175824175825
58ccb42c18a5f293,0.9560439560439561
44f7870d5fa4378f,0.23076923076923078
f27453e80e10cb24,0.5494505494505495
5f158a61252c6c16,0.4175824175824176
a1ab39bd4ebe511e,0.16483516483516483
4661beaf9dae0c2d,0.8571428571428571
f15d9004b854f77e,0.7252747252747253
bd03c9be52ffa9fe,0.9230769230769231
137db72d035e80c6,0.8791208791208791
802f35b971b3a45f,0.02197802197802198
a76af55630977a31,0.5714285714285714
bfb63cd11bb99ff1,0.8681318681318682
3e197554bd361b9a,0.8901098901098901
b84f4ef5701db596,0.4725274725274725
2312770864ad7f18,0.7362637362637363
03516e44ef24d5cf,0.32967032967032966
ee46f2750403716f,0.10989010989010989
37565e089edee3f1,0.5604395604395604
1451476fe3285f4a,0.6923076923076923
32f225dfa3bf7503,0.04395604395604396
ab4f03c5ec1f3790,0.31868131868131866
edf74fac0406753a,0.17582417582417584
9ad7b3675ad958b8,0.08791208791208792
52a705a2c1815469,0.45054945054945056
295345a405be5571,0.3956043956043956
7719fa45d41c21b2,0.5274725274725275
569ecde98a14e20f,0.03296703296703297
5d6fcad20d2715ff,0.5384615384615384
d4b5a5983510a564,0.06593406593406594
ac129dc429970149,0.6813186813186813
90a3c58c927c86d9,0.2857142857142857
b1f1de3c6615caef,0.8131868131868132
e0ec414a377869a5,0.3516483516483517
d285f909c0867a63,0.5494505494505495
44cdeaef4d1ff68c,0.6153846153846154
92574ebff88ed6f4,0.054945054945054944
a71eca005fccf055,0.6483516483516484
80a6ce383574450d,0.12087912087912088
281a592301367868,0.9120879120879121
a902f285d42a80cd,0.5054945054945055
65e20a8496c43f96,0.9230769230769231
791128dcb5052aa2,0.989010989010989
bee8b96ca7ce0a9c,0.38461538461538464
7d960e372af267d2,0.7142857142857143
80f8e8cd35ad6a71,0.7912087912087912
2fb1c40b9e292a5b,0.42857142857142855
a518d4ce7c3b1196,1.0
e7c7160172bac4a7,0.25274725274725274
71362b7021b31694,0.01098901098901099
2282480f34d9d012,0.17582417582417584
40b34a7fa0af1f6b,0.5164835164835165
28904e67b5362c7a,0.27472527472527475
fec870e4af1dc1e1,0.6593406593406593
171353d0bd0983fb,0.10989010989010989
ebbdd398a139db64,0.5274725274725275
0eaa9258a0028076,0.8021978021978022
c550e72d75d15214,0.3956043956043956
a4f53901faecd3fa,0.15384615384615385
203847c4f0641b88,0.6703296703296703
4dbf727f4f0a82ea,0.6043956043956044
5257ea17a2381156,0.7472527472527473
ddcf956528ac88c3,0.43956043956043955
c7c5d17cdd233a8c,0.3626373626373626
349a2e257d775936,0.5714285714285714
7a5456218a09260c,0.4175824175824176
f5fea34e759dc6ce,0.978021978021978
a1f4ca3c537d091b,0.8461538461538461
6ed613519105b68f,0.945054945054945
eb36391e16691e91,0.02197802197802198
4cf831038e8e36a9,0.9560439560439561
f511886a0ac452a9,0.7582417582417582
9486927002453c08,0.13186813186813187
132bedf079577efa,0.23076923076923078
897d08e0a344c5e6,0.18681318681318682
4068ac186b28140c,0.6373626373626373
8169de3eb628ca92,0.45054945054945056
f026d244f846acfa,0.6923076923076923
ea665a3b26ffff94,0.0989010989010989
af502c9cf7d9ff65,0.5604395604395604
6bd42e2e8338021c,0.4835164835164835
4be6020100534d77,0.46153846153846156
fac655a16fed70ea,0.04395604395604396
0df5708b5fac4aeb,0.7032967032967034
412ae54e8a33e809,0.5824175824175825
89f337c3084b0ff9,0.967032967032967
8c45f75a69f1cf00,0.2087912087912088
b1f3690f4aee64af,0.5934065934065934
2ddc271a43a73f8d,0.8241758241758241
0e9f164aba99af70,0.2967032967032967
bcf60465874ad423,0.8351648351648352
653f16819dfc4c54,0.9340659340659341
49b40d12911cd4cd,0.8901098901098901
a64f2c5ab82d3606,0.34065934065934067
fd46f1d64679bf55,0.4945054945054945
f8497fd35379f787,0.32967032967032966
e24e730da9c4178e,0.5384615384615384
3dc1bc6a1103967f,0.3076923076923077
38b8afe919b4dc13,0.31868131868131866
8b16a1ceb5abccda,0.7252747252747253
6a282494c582df4e,0.4725274725274725
7ff6f596a7efeb8b,0.08791208791208792
c60aab6f8131e0bd,0.1978021978021978
0411cf5a5fd31ac7,0.14285714285714285
9c043c3de82acdc9,0.8791208791208791
7bbc9419084ccf6c,0.24175824175824176
70573e5420fca3fa,0.9010989010989011
449be73f7bf5c712,0.37362637362637363
b46c888c61ff5770,0.21978021978021978
b65f50f0da873e8b,0.16483516483516483
8ec26feeec10dccc,0.6263736263736264
97e258bbd1fe9aff,0.26373626373626374
859f217bc6eb784f,0.07692307692307693
32bbdab1c719bc76,0.8681318681318682
886311f4e8e9a22b,0.7692307692307693
a6a3504b87e658bb,0.7362637362637363
3784157972bb5fc1,0.8571428571428571
795a296ba721ca88,0.4065934065934066
393224158dc174e6,0.03296703296703297
ba2b309e78c379c5,0.7802197802197802
2017bf1d1c84c7dd,0.3076923076923077
e6ba2ae2a6a7b238,0.978021978021978
5b5c3b65dc8a3421,0.7142857142857143
62983a01aca2f35e,0.6923076923076923
54c9c348f36b8cf9,0.7362637362637363
d1664e9214236185,0.054945054945054944
08a070c72476ba38,0.7692307692307693
18b764e3f4225990,0.6043956043956044
582dc618e356b914,0.6703296703296703
6edd0a02aa280582,0.5494505494505495
cb71b9c3d5427d0e,0.8131868131868132
13f59e2e31f88d42,0.12087912087912088
1a30867bce78f40b,0.18681318681318682
a0730c65d40bf69a,0.989010989010989
9def4cb4516e7e3b,0.8791208791208791
bfaed94c6658caf0,0.2087912087912088
80884942ec22c7d2,0.3626373626373626
c2450a69e305993c,0.37362637362637363
802524b1f7d6d45c,0.2857142857142857
15a732393cdd6669,0.38461538461538464
e4c1f50df1ae3626,0.43956043956043955
7da816b97f3292d8,0.9120879120879121
605377e8305bd26b,0.6263736263736264
dd755383985242a5,0.15384615384615385
69bf909284450a8b,0.3956043956043956
430f496ad53e2a78,0.6593406593406593
8124bcf7d745135d,0.34065934065934067
0ab39ad4b0bb1658,0.06593406593406594
26cdc1cf4e870c27,0.5714285714285714
dd7dbaf7f0f2d89b,0.9560439560439561
98d0f335ef157233,0.8241758241758241
5b41421cb60b1731,0.42857142857142855
4a94272e9aad738a,0.5274725274725275
56a6404d56a2d2ff,0.8681318681318682
2449d43c1bdc264d,0.46153846153846156
308b1f2f6854e683,0.4945054945054945
ec34acb1418f8e79,0.8461538461538461
2de09cc40b4b106e,0.9230769230769231
3d35f8e8942cf275,0.5054945054945055
51292d1257e244d8,0.14285714285714285
f3ae19d57b9ac1f0,0.16483516483516483
453fb62aabb4f451,0.6813186813186813
9afccd0281deaf5f,0.6153846153846154
4aaaca410d1db643,0.27472527472527475
406698a1e98d92cd,0.4065934065934066
f06f00a81437104e,0.31868131868131866
05a67a27f5b39567,0.17582417582417584
d05ffbc5cfa464f4,0.0989010989010989
d802cbcd88372ecd,0.45054945054945056
a7a4685b6542590d,0.1978021978021978
51f97948f6f5b05e,0.03296703296703297
1d4be452b422e029,0.6373626373626373
7a1d83a01a33e96c,0.7802197802197802
002b360b86ecb334,0.23076923076923078
08aced6d743d5e10,0.5604395604395604
9ff2705e4236c624,0.32967032967032966
2b00ee235a46fcab,0.945054945054945
9b6b85bf43397495,0.10989010989010989
403de63ed79ac5bf,0.4835164835164835
ebec2976281dbbc7,0.7032967032967034
9c7823bfc2715607,0.5384615384615384
b91270fade05a222,0.13186813186813187
7f7bffa9cada4bfa,0.7472527472527473
2f06736162731050,0.7582417582417582
ec2d84d5079bba6b,0.5164835164835165
1a265df3f2b76b9c,0.07692307692307693
defaa6da60b92348,0.7912087912087912
db843981e0dbb53c,0.4725274725274725
5dda6a6b29851699,0.21978021978021978
c998322ff5675b03,0.967032967032967
2a5c8addea86098b,0.3516483516483517
6129c2f126954aa2,0.4175824175824176
cc7ee52d19134145,0.5934065934065934
aefa678da6168c77,0.6483516483516484
10f31c7d71a431c4,0.8571428571428571
9cb6eeb90eccae20,1.0
e8e1a01808910459,0.8901098901098901
2e7bbe7d1f379d28,0.08791208791208792
4f7d1bc2e0429444,0.02197802197802198
7724b62d31fc2b06,0.9340659340659341
79f47dadefd2c4ce,0.01098901098901099
de19e5d5273a59a4,0.2967032967032967
d204f5c1f5a49783,0.04395604395604396
bd3a7f4aa64e64d7,0.26373626373626374
3ab3634533e25867,0.9010989010989011
95f5b81024920760,0.8351648351648352
8d69368d6f462fed,0.7252747252747253
219ced907f9308be,0.25274725274725274
8e38e8eebf0cb865,0.5824175824175825
cfb2f0265956fb7a,0.24175824175824176
0dd23a16dac7331e,0.8021978021978022
7c12608efb52a4f8,0.7032967032967034
92bd0a2fce7ba066,0.25274725274725274
a82953d06065e8f5,0.23076923076923078
ddde538ecf1eb988,0.8791208791208791
b39884b13b7c8a88,0.03296703296703297
c8d13f9ef1c48ce1,0.06593406593406594
9669513e039aa9e3,0.989010989010989
7f3dee37176f7a89,0.8681318681318682
b0dbac2557fcfc56,0.01098901098901099
da21252b0f5d9df3,0.6263736263736264
c8b38d135f6480be,0.43956043956043955
c2e3512db171fd33,0.34065934065934067
e0c5936cf8e7ca43,0.3956043956043956
084508347a1d4e2f,0.1978021978021978
6a7e3e7f19b7736b,0.45054945054945056
34caf5e283888cd7,0.945054945054945
8036d9a4d373cac1,0.7802197802197802
fdb375a382159cc0,0.08791208791208792
84d76387757d741d,0.6153846153846154
4630cc2ec8d38dd4,0.5384615384615384
69e0bddbe4fa6faa,0.0989010989010989
f368d150d8477d92,0.9230769230769231
83fbd46358b236c9,0.6043956043956044
bf7ecdcebe89f9cf,0.27472527472527475
9e9e217ce4e6d6ec,0.2967032967032967
ff1edcc3f71755c4,0.8901098901098901
62fad054db60efa7,0.6483516483516484
6707a5ddb6874f06,0.38461538461538464
88c99d44eb753595,0.21978021978021978
f528fc6244ca6849,0.5274725274725275
73138935fa851c16,0.14285714285714285
6ce0e83b34b5c5b7,0.18681318681318682
4c70c6c2a9599cf1,0.37362637362637363
12fa48568c84a3d4,0.02197802197802198
ca7f4eb0ce36450a,0.3076923076923077
f11ba7f220e5f7d1,0.6593406593406593
1fdf62c582747c18,0.2857142857142857
0510655328a16ee3,0.5824175824175825
75ac24d343386b00,0.16483516483516483
e444d544fc7e78ce,0.7142857142857143
74526abaa29ef7f1,0.3626373626373626
2a936a8043d262db,0.4835164835164835
8fd02fda4be11d6c,0.4945054945054945
0a62c54968ff9642,0.054945054945054944
bbf1d44107df0a95,0.5934065934065934
e1612e7c1984e1b4,0.6703296703296703
2014abc7bd38a550,0.5714285714285714
62b43ba8d780096b,1.0
44ad3a776f22e6fa,0.5054945054945055
4ef6c309a84a735e,0.32967032967032966
c7c494f5891d7f85,0.8131868131868132
4edfb0448c6812a8,0.04395604395604396
7d763681473d43ef,0.7472527472527473
cb7f9093d6e0fed6,0.4065934065934066
e029632f9df34989,0.6923076923076923
793ba1eea25f9a45,0.9120879120879121
c381229dae8955c0,0.8241758241758241
fc38b4743a84e5ef,0.8461538461538461
cdfb16864fd7aaf4,0.5604395604395604
440765f70d354944,0.26373626373626374
7e2f5c8b4b795583,0.8021978021978022
af8886bd975f98d9,0.9340659340659341
80e9c40089930a28,0.7912087912087912
9b13b92accbbbb5e,0.07692307692307693
ac10464b9e5d31d2,0.42857142857142855
6f081959811f1ae8,0.12087912087912088
1d59c55f60130367,0.7692307692307693
3d5260d352913351,0.5494505494505495
b5fa14a57ec92e3c,0.2087912087912088
293bc97825bcf440,0.8571428571428571
ba69f61f9649f750,0.24175824175824176
a1b8f24af8d804f3,0.5164835164835165
26fead31dfd6bcc5,0.9560439560439561
3ad785034b89dc83,0.15384615384615385
93d9f1fd814d6224,0.46153846153846156
61f668138db91911,0.31868131868131866
40d3b9399137278a,0.7582417582417582
e1cf04f1d6c803ba,0.9010989010989011
b65b173ebcc118ec,0.13186813186813187
29e84394c4048780,0.7252747252747253
61728860c66da146,0.978021978021978
65408a4fa3783a38,0.10989010989010989
908377380acaecf3,0.6813186813186813
144cb6481685c3f9,0.4725274725274725
57ed01f29e153646,0.7362637362637363
75d739f4bfa46e4a,0.967032967032967
8f6427d164c6fd27,0.17582417582417584
746c9239603f3575,0.4175824175824176
6a8821a3c934a054,0.8351648351648352
12178ce1858556b4,0.3516483516483517
016872b4e14f8e55,0.6373626373626373
c08fab375dea67b8,0.6373626373626373
2374db6d9e5aea1c,0.3626373626373626
cff3ea1613961db2,0.8681318681318682
8b25b8f315653054,0.967032967032967
0d3a19f3ba4996bf,0.5054945054945055
6de195ce04177e7e,0.27472527472527475
f614b6ecf2b51c45,0.34065934065934067
4c21fa7a77c1ba4e,0.5824175824175825
5716b0cd91272763,0.6703296703296703
3d4721411d36e1b1,0.04395604395604396
22f1dbc1f04c0bbc,0.3956043956043956
26dbebd48a4eeb97,0.4945054945054945
334e5e3926739e1b,0.24175824175824176
1a1e7be8747e7ef6,0.45054945054945056
b92bb59e5f5863be,0.7362637362637363
faa98a3da6f486dc,0.02197802197802198
4a10e9a4c26ae6e8,0.6263736263736264
8d28a3741cbd5353,0.06593406593406594
b6d4539152ada286,0.3516483516483517
28cb72ec9f7ed16a,0.6923076923076923
e83562d28a4d07f7,0.13186813186813187
d243949543c58f9a,0.2087912087912088
9200137207574155,0.10989010989010989
d5754864cef64ad6,0.978021978021978
94b2bfb8be0c5043,0.5934065934065934
c3b6094709fca98d,0.31868131868131866
ff0a654d620d6c7a,0.16483516483516483
ffc31f76db8de5c1,0.7692307692307693
29598bc6e6a07a89,0.8461538461538461
8967e3843f6e376f,0.18681318681318682
388bdb287d4f1cf0,0.25274725274725274
56dc8cdb36cb83d6,0.03296703296703297
3edbdc638f3e6baa,0.5714285714285714
0332f3baa8283d61,0.9120879120879121
878cecc75d2c202e,0.8131868131868132
51d0ab2b4fac7722,0.6043956043956044
66ae28aac57b111c,0.7032967032967034
73ef28f0947c0892,0.21978021978021978
8c5585c32dd980f4,0.8901098901098901
4d18c3b163fe9289,0.9340659340659341
e00fe22e2a121309,0.0989010989010989
b55db25479768a08,0.4835164835164835
9a081fb7fb4b69b2,0.5274725274725275
b30169d8625892df,0.1978021978021978
fd80dbe63e64028f,1.0
cbc42533d052b3f8,0.2967032967032967
31c1c882e97ec625,0.38461538461538464
1500cd4d71056984,0.5604395604395604
d592ae5c6b8e4f59,0.2857142857142857
b4d278541aa4d4f6,0.8351648351648352
7f6578bc23059d11,0.12087912087912088
b9b76ccc538e3b18,0.8241758241758241
696037b74a7b14a2,0.8571428571428571
e9eb54630fb1f1cf,0.5494505494505495
274b6ccce45b7f48,0.23076923076923078
86a6660d725c5b70,0.3076923076923077
12e723ce52d96d88,0.4725274725274725
dd67b2deacd9de69,0.945054945054945
5f1a8b8f534a8c5d,0.9010989010989011
234818ec16f6f378,0.8021978021978022
37192743bbb2489e,0.08791208791208792
343fe31a863223d2,0.4175824175824176
b39385dd4a6a36f4,0.37362637362637363
2d54ce55d2ee8ea4,0.5164835164835165
b7c977f4a0d9807c,0.6483516483516484
c0360eb7ef9a7ae8,0.17582417582417584
e8ce79298452ea67,0.054945054945054944
0c883f66323b2387,0.7142857142857143
2802e8b161fa1de5,0.32967032967032966
f79f4a6dc08c1f6d,0.6153846153846154
8cde4fe8d44111a3,0.46153846153846156
ec74d5b889ce5396,0.43956043956043955
6c9f3c88eee87faf,0.9560439560439561
bd8093cde0978703,0.7252747252747253
1c10b3fda9fa1915,0.15384615384615385
b43cbfa74d40fb9f,0.9230769230769231
83ad27810a97b4b8,0.7582417582417582
2983b0216e4a2019,0.8791208791208791
30d0e55f63a2b175,0.7472527472527473
96384a757c1c17b6,0.4065934065934066
18df27d744be6104,0.7912087912087912
24bb399fe149d208,0.26373626373626374
33fbae188a46999a,0.01098901098901099
60f6d56ba302139b,0.7802197802197802
c607371b17b77ceb,0.6813186813186813
147709fce6f6a696,0.07692307692307693
2732e7cc71be6269,0.5384615384615384
551f2cbbd217d1d7,0.6593406593406593
ba4e3f11f4de1787,0.42857142857142855
186f1863606e41f3,0.989010989010989
c10ec66d53549d75,0.14285714285714285
943e0ba5a56e037f,0.13186813186813187
8b42a8c7dcd4948b,0.7362637362637363
f71d1f9afed10526,0.46153846153846156
41aa63c61bbf013f,0.38461538461538464
78f8b350a846c9ad,0.5824175824175825
88f9e0866d609e49,0.9560439560439561
71df541e154e9cbe,0.8131868131868132
96b0f175e459cda6,0.0989010989010989
bd818aa46dcf8876,0.43956043956043955
e9dc361f6eee2a10,0.27472527472527475
95fb8b167a918ef5,0.6263736263736264
f04d53679b1a503d,0.7802197802197802
ddfcda69d99e3cd0,0.7692307692307693
8ffbf7f2f33ff777,0.5934065934065934
b259768566196009,0.18681318681318682
1d669abad96483a6,0.4945054945054945
1159eb48ea0c7531,0.08791208791208792
ea4052858ef82dc4,0.7912087912087912
493606930d1ae26c,0.32967032967032966
f4c3eaf43e708b83,0.17582417582417584
dea3823473a2294c,0.42857142857142855
7fdf30c533e36a7f,0.24175824175824176
b872c4375a76c511,0.6483516483516484
7aafb9745f4127db,0.9340659340659341
a3121c3341604fd3,0.2087912087912088
8fabdd58c4d9c00d,0.07692307692307693
87e943ab609945fa,0.3076923076923077
ffa11a5c9edb0048,0.967032967032967
fef0ed9cf9f8ce40,0.9230769230769231
e5d0423d6ad68cc2,0.6923076923076923
872d682ed3ce80b6,0.2967032967032967
e6d1fb1f5b162dc9,0.02197802197802198
2900f64dd4179ca8,0.2857142857142857
9da97b5f5b563096,0.4835164835164835
350102ab45c5ad28,0.6593406593406593
3d6baa6e6bdf2b73,0.5274725274725275
d8a4d4ce4953ac9b,0.978021978021978
59f5f87f66093adb,0.8461538461538461
d16d9939f64d2313,0.7582417582417582
9a5ff31fca9c60b3,0.15384615384615385
15fa71d5ecb27a7e,0.12087912087912088
abf7d60b70edda5a,0.16483516483516483
b487c01637ad5a52,0.14285714285714285
d2af6b697388e2ff,0.8791208791208791
56a6b99cfac37468,0.5604395604395604
5fb517f6ce397f92,0.1978021978021978
e2be3fc14c9d20b5,0.04395604395604396
0c5860921124bfa4,0.7032967032967034
f4bb675bf75f24db,0.6703296703296703
37da7e021e45ed41,0.9120879120879121
08aa505303e14706,0.8351648351648352
83450cddff02cc4d,0.34065934065934067
9ae5aa8bef7af63a,0.4065934065934066
e4710c011abbd89e,0.5054945054945055
c8e6d3a83e9fb57e,0.6813186813186813
f0b2c295c2dc1036,0.01098901098901099
239c8231f85c3b92,0.8571428571428571
b8f5a71403d16e7c,0.9010989010989011
24f993ff7a7317c1,0.5384615384615384
b5a41abdad33afb4,0.7252747252747253
2969d88ca7588683,0.6373626373626373
f378fbc74ccf4df5,0.26373626373626374
a1fe9259f15f1515,0.3956043956043956
df924d0967982f5f,0.6153846153846154
0f1e79a5d8e15f4b,0.7472527472527473
95f21885a70d9cf7,0.5494505494505495
ecb333780a9f692e,0.03296703296703297
d707a4775b4f6348,1.0
d47b04ba55f7a89c,0.6043956043956044
f2a8647b0c67fe00,0.4725274725274725
2a280542e32a462e,0.4175824175824176
d8348a90bea3e88d,0.10989010989010989
a79db2a986a9fc49,0.945054945054945
4e5ca76290a2ea06,0.5714285714285714
fbb5af54fb5dbb8d,0.8681318681318682
1f8ed441235d7baf,0.8021978021978022
17556dc0e52d2c5c,0.989010989010989
7dd1dfa4716fee12,0.25274725274725274
fad01bf0821b4d8c,0.45054945054945056
1974acedeedf9b28,0.23076923076923078
9eae51a5f9de97a2,0.8241758241758241
f85fc3241946c193,0.37362637362637363
4ce8ab4e030f27a1,0.054945054945054944
401528924c421e02,0.7142857142857143
76ed2f0f4ae4b1f0,0.21978021978021978
1a83ac56dfc0eae4,0.5164835164835165
6728f89abf1716ec,0.06593406593406594
304ab1b7c3edc444,0.3626373626373626
44aea0a2619d73ce,0.31868131868131866
49e5bebaf0813bac,0.3516483516483517
b307fba5939e8d8b,0.8901098901098901
963e914c48eb50f5,0.9230769230769231
05e1fc52b0159e9e,0.01098901098901099
3f3c63ef0436faa3,0.967032967032967
24d77aef543384f6,0.4065934065934066
aa526711c0e615da,0.7802197802197802
06493f77def73ffe,0.7582417582417582
de0d2e76478d4305,0.16483516483516483
5cff88cf7fc62d1a,0.7692307692307693
f48f3ca4c739c229,0.6483516483516484
ceb153586314f891,0.38461538461538464
e978015626156a9f,0.7912087912087912
0dd8974155b16724,0.945054945054945
38b4e1589229850b,0.0989010989010989
30a6cd1bce780f70,0.42857142857142855
3aecfc89992bf199,0.7362637362637363
0f8715cff76013cf,0.07692307692307693
a656322ed622d8b8,0.054945054945054944
a0cab635336eda51,0.10989010989010989
3a7c38c8426870db,0.26373626373626374
dec6bb4284ff528b,0.15384615384615385
9ab7622c8b4dda4e,0.9010989010989011
427902be952b3e08,0.9120879120879121
ae7a873948aa0448,0.8461538461538461
78edd8d3cea323b7,0.9560439560439561
213057682784a842,0.8021978021978022
74505d54232bfe45,0.8571428571428571
c2c4ebec55b7ebe3,0.6593406593406593
48e62c4acaf78c43,0.45054945054945056
77b721f809880556,0.8791208791208791
d7cb2ae00ccccf31,0.6153846153846154
47cc8d6fec454367,0.6703296703296703
42f5ea119b0b4979,0.2857142857142857
b59bf360f0c9647b,0.5604395604395604
43a49d06f98e550c,0.24175824175824176
da6ee4f06da6d08e,0.5824175824175825
c91b1bd3b4de814e,0.9340659340659341
e3249a4c73a71075,0.3076923076923077
afb61a3c443c6754,0.31868131868131866
f444c8d7becac333,0.14285714285714285
3675f4ac877a5659,0.2087912087912088
c386aed7291b0e4a,0.5494505494505495
7a0d26b709e0ff8d,0.8241758241758241
f878b7115f488b69,0.12087912087912088
6e06f1ef3669ab38,0.6043956043956044
42e065bf90a9b115,0.3956043956043956
62f9419c8f968070,0.3626373626373626
d41cb1199bd3037b,0.02197802197802198
bd7d4eb47b22af05,0.6263736263736264
0545decd0b127dd7,0.1978021978021978
e791885b475770f9,0.25274725274725274
954c207fb4ce718b,0.5714285714285714
f44f31ba9b73bda1,0.23076923076923078
ee80665ddcb2eaa9,0.43956043956043955
d569cadb9e5cc068,0.06593406593406594
40b08e9670cb9537,0.4835164835164835
8ff5111e4d788471,0.4175824175824176
f9cbc82985760a4a,0.17582417582417584
303553d45088d646,0.5384615384615384
e1497602941f40a6,0.8131868131868132
bb38a0683e50b28f,0.7142857142857143
0f685814968005b2,0.7032967032967034
ee1983e6d293856d,0.5934065934065934
ed1589d1e3125d37,0.5164835164835165
3cd82c13f99144c3,0.27472527472527475
b3af53d8fa8f0022,1.0
e0c64cb1a5ccb22d,0.989010989010989
9297038cb5b41d80,0.13186813186813187
a6130104fb750338,0.37362637362637363
e8462a5796a87dbd,0.7252747252747253
305b24da91a9d883,0.5274725274725275
4440f1d55ab39525,0.21978021978021978
e3cbdf1881625ca4,0.6923076923076923
bcff05cac2ccbeae,0.4725274725274725
40c582481b6c43b8,0.8351648351648352
ad1fd2b1e6465a52,0.03296703296703297
287d57faf02fa806,0.32967032967032966
dfdcdf7c56b46d29,0.6813186813186813
01d9dc5d2fa1129e,0.8681318681318682
b7e6b40caa3f09d3,0.04395604395604396
79203f2b59c1ee6e,0.34065934065934067
f25f6a9cf139e40a,0.7472527472527473
96c7131fb639d0c7,0.46153846153846156
ac557e8452588eb1,0.18681318681318682
3c9449a9e64b6c37,0.4945054945054945
5f97b55ab5ea701b,0.6373626373626373
854f54d8dd66a116,0.978021978021978
ff08ba77e11922ff,0.2967032967032967
0c9025b64916b65a,0.8901098901098901
0281f9be2f6f32eb,0.3516483516483517
c1707b0c5dc4abe0,0.5054945054945055
f7aa9ff29d5147b7,0.08791208791208792
304db925d5b7982c,0.989010989010989
d1c9b186a47b97b4,0.5274725274725275
45e29fc8eb57018e,0.45054945054945056
6faeaa185edcbb2a,0.06593406593406594
13901ee25ac43575,0.054945054945054944
6f8e9baa611f2e6f,0.3516483516483517
ecf899ed7bae0a3c,0.5164835164835165
a413e163d7122c2f,0.7142857142857143
3381bf19824c8c87,0.6263736263736264
1e0eb31541a30223,0.32967032967032966
ed3781efa96322f3,0.6153846153846154
e1857901fb7c7cb3,0.6483516483516484
8481dbe5cba0ceb3,0.02197802197802198
b04df3c2f7fcb939,0.2857142857142857
7c8a078721cfe4cb,0.4175824175824176
bce510392666ecab,0.978021978021978
a76bccbea8f9950f,0.8021978021978022
dccc6383bb765cfc,0.12087912087912088
060c5b90c2724887,0.5384615384615384
3236fef42a32358e,0.18681318681318682
68f7242c733f9a08,0.3956043956043956
da2737a51f3c262d,0.7362637362637363
9803c7718810f020,0.14285714285714285
01af60b08a3c55c3,0.8681318681318682
f68b7a583ef9af5b,0.01098901098901099
49a2cd6d0791525e,0.9560439560439561
ee79f45c06d24413,0.2967032967032967
216c4379df622cc5,0.10989010989010989
db51cca342035f9e,0.37362637362637363
a4713d1275a61f1c,0.8241758241758241
c4b0500eaf92b7ef,0.8791208791208791
7e86a0db1c5b822d,0.7692307692307693
70f9d78d614dde33,1.0
ca39dbaf8bf60a6a,0.8571428571428571
dabeedc187330641,0.6813186813186813
0dd3f55520a3fa90,0.07692307692307693
5b4cc8873391bbb4,0.8461538461538461
9c2c7197eb4e4179,0.3626373626373626
8e5f157d23e10409,0.23076923076923078
49cbba06ea7ff461,0.04395604395604396
b49d2e84951985d3,0.8351648351648352
65b669508db56c1b,0.8901098901098901
433fcc40e0b3c284,0.967032967032967
17087c84968bbf6c,0.9010989010989011
971d28483304a142,0.17582417582417584
56d7fbcd60acbbd7,0.6923076923076923
82d5523968944674,0.21978021978021978
7d116601a42d1552,0.5604395604395604
eba824ade6b29792,0.13186813186813187
1d67eb3fce1614bb,0.7252747252747253
2bf35d59f0d6f52a,0.24175824175824176
fd4be77d3a16d1f3,0.0989010989010989
7903e8365b279b7b,0.5934065934065934
dd52e739c855fe72,0.7472527472527473
c034922167bec700,0.6593406593406593
fd8fad603ca953e4,0.15384615384615385
61782006292416e8,0.38461538461538464
41cf68cb98ed64de,0.7912087912087912
d316cabb758ad1a7,0.945054945054945
e160310f4fa92946,0.1978021978021978
a333fdf7399f21a4,0.4065934065934066
71d5365a01f49fb6,0.27472527472527475
2ef5f1f8980aa9ab,0.2087912087912088
41a8a1eeb5494b4d,0.9120879120879121
d9f2041380070d63,0.08791208791208792
26567b6355de25e0,0.7802197802197802
fd499485ed4e69da,0.5824175824175825
3c4b0bdf8c5e072a,0.5494505494505495
ba25dd58485beb5f,0.9340659340659341
aba368b8d5e054ef,0.46153846153846156
6bb51952b803da86,0.5054945054945055
39734b82c562249b,0.7032967032967034
e82011e28a93e944,0.6373626373626373
ab299c2f59631cbf,0.03296703296703297
eae97b768ab42739,0.4725274725274725
125fe058401ebf97,0.6043956043956044
97ec0bd2e2cba94f,0.16483516483516483
755298e2af315ad4,0.43956043956043955
87f60c32adfc05c0,0.26373626373626374
7b7283eea1ad0aa1,0.7582417582417582
72d67f8b75b49689,0.3076923076923077
f99eb071b74da4ef,0.9230769230769231
1e7081c06b61e5ff,0.34065934065934067
ab956bbefc61f559,0.4945054945054945
1e1ebde4cb6814b5,0.6703296703296703
0ac211d1d5d4512a,0.4835164835164835
3b1209fd2949f991,0.25274725274725274
df71ac6eb7764cc0,0.5714285714285714
02990bc9e39c64ce,0.8131868131868132
af19dbfd67cccf6c,0.42857142857142855
8c20a1ce9245bec2,0.31868131868131866
6b2e5868b07156e3,0.18681318681318682
899f5bbe7d1ad72d,0.34065934065934067
196cc28a2fc779a1,0.0989010989010989
82eccfa95492a0f9,0.23076923076923078
259486633ae1e3d1,0.46153846153846156
98a0687e4f81c521,0.5274725274725275
29446f66fa81a439,0.9120879120879121
da13a70008b7bcb1,0.3076923076923077
86b8a8c09cd46924,0.989010989010989
0b9583a42c3bce1b,0.7472527472527473
4bd3c7dcdf254016,0.7802197802197802
e8dd821246ccc60d,0.25274725274725274
b13a7dc3093598e1,0.01098901098901099
f22f25c5b163149f,0.6923076923076923
8b3bf1bad3788e8e,0.6483516483516484
4b53d13f8889d354,0.32967032967032966
926a76eb550fcf30,0.4725274725274725
e736f63f9cfeb4c1,0.3626373626373626
49bae8919f21b359,0.054945054945054944
6fef5c132bd9b232,0.5384615384615384
5659fc8a21eb7388,0.5164835164835165
d0628eb0f34bd1e5,0.10989010989010989
433744d14f6daeed,0.4175824175824176
dde56a2a8614769b,0.6153846153846154
54703dca8ea99f27,0.45054945054945056
a0c2c6697812ce66,0.4835164835164835
854ecf9b68659756,0.8241758241758241
7a20b5365efed355,0.5054945054945055
9726ce4de42bd071,0.4945054945054945
4cbafb7efe1003b0,0.7252747252747253
8088bdf912d736e3,0.978021978021978
a30579a7a7eb8952,0.5714285714285714
affc29b76a66df78,0.7142857142857143
840cf254f4c1969d,0.3516483516483517
723208158ea3d5a0,0.43956043956043955
df74504080bb4360,0.31868131868131866
e73d69ba0dece06a,0.38461538461538464
d6487b27ceb4e332,0.5604395604395604
12356880fb3729db,0.12087912087912088
a25457699b4d8e7d,0.16483516483516483
7af32b3ef99d3d6c,0.9010989010989011
a8bd74d22a8b7636,0.2857142857142857
a050d13c2a751663,0.37362637362637363
15c5fe47f7f8f385,0.6703296703296703
c92e3ac8088aaf8e,0.8351648351648352
5bd0ba5a1e121e8a,0.08791208791208792
b32b6152887cbc11,0.6593406593406593
94b7f2db9f8bc5ea,0.7362637362637363
e4fba14d3b444ede,0.07692307692307693
44a8114a1f743adb,0.02197802197802198
8eaa2d55d65e79f4,0.8461538461538461
0af79b9f738c7aab,0.5494505494505495
d053055cd165679c,0.8131868131868132
31bf3dcab562a18b,0.13186813186813187
bc57faa3d12a0f5c,0.04395604395604396
ded617204ea934b8,0.14285714285714285
210dad923c8f510d,0.9560439560439561
85e08e548402dc3c,0.1978021978021978
ce607f3483e51b8f,0.03296703296703297
73c22486a67689f5,0.3956043956043956
03188b0ea8065ac0,0.7032967032967034
42d0d08256f0294a,0.8681318681318682
93cf5a7504594454,0.6813186813186813
34decfd16d49258e,0.27472527472527475
a798e054a37c6210,0.26373626373626374
0a4947be4fc06a63,0.6263736263736264
de8e8ada0cfcd233,0.7582417582417582
e195f8648b844ecc,0.5824175824175825
29327d38c9ce53b4,1.0
57229f67ffdbd163,0.967032967032967
5309a2a2b76c6ff2,0.06593406593406594
cbf26d706814c6b1,0.9340659340659341
ce5941242137f950,0.7912087912087912
4de60c9aeaad5b05,0.5934065934065934
fb86acfba407e93b,0.17582417582417584
4a1410bb03ff5bf7,0.42857142857142855
94dee3131e324ff8,0.21978021978021978
c7c831485f8dd7fb,0.4065934065934066
d8cf88e13b8db854,0.945054945054945
bff846c5e7421182,0.8901098901098901
4e63c2c440fb900a,0.7692307692307693
49be1f104bab6c82,0.9230769230769231
e8cf48fa986da509,0.6043956043956044
5acc919b37513d5b,0.15384615384615385
f2f8881c81723400,0.8021978021978022
a97cd8190552b2c3,0.2087912087912088
df4a79e01742be32,0.8571428571428571
5f6460dfc42302e6,0.8791208791208791
b65857ffd84b82cd,0.24175824175824176
df5ee9764e2293ea,0.2967032967032967
278efab123572357,0.6373626373626373
12ef16d2dca7b8ee,0.5274725274725275
4b09f7e644206184,0.07692307692307693
76225247f8bddf7f,0.4835164835164835
ef45b0894bf05534,0.7032967032967034
e5f3769c6b8e6a0f,0.4945054945054945
1e70fea2b504debb,0.054945054945054944
8d856deaef6e004c,0.6923076923076923
6fdb6c9b71e4c93d,0.6153846153846154
675161b03e2101c6,0.27472527472527475
2f74ec40a64626a2,0.16483516483516483
4d9761d41608ad98,0.4175824175824176
fca9f8901839d89c,0.6263736263736264
d8426769c12e34d0,0.8021978021978022
cbb6561cb0e4bd64,0.31868131868131866
dc48834ec753feee,0.6703296703296703
0a9ccf370c413035,0.25274725274725274
551b6aec98d3e37c,0.978021978021978
138098d39b742b9b,0.9340659340659341
fcfab5c7ac521268,0.04395604395604396
c8f0e891459a0e5d,0.21978021978021978
404608443216641a,0.24175824175824176
3a93e285852f0a06,0.38461538461538464
4a98ef9b4d44996f,0.26373626373626374
64ff6a80d95f3745,0.6593406593406593
d325722b9e153c1e,0.3956043956043956
bc57e6c72214676c,0.9560439560439561
d81582f5bbb18958,0.7142857142857143
5ab1d1166f606d1d,0.8461538461538461
7d0f9c0def6a245d,0.08791208791208792
91067a0a6dff19f8,0.2857142857142857
15fcd6a10ee0a002,0.2087912087912088
9951b55b505bb7b2,0.8571428571428571
831f9ff6b2fe7c14,0.18681318681318682
f02163780351ac2f,0.6483516483516484
c9e0c4872de6856b,0.8901098901098901
c4e17b3e6d501327,0.3076923076923077
eb868e869fb17839,0.3626373626373626
2421f7e6e89a45ee,0.02197802197802198
b8e692bff2cfa653,0.4725274725274725
6ab944f34bedc89c,0.13186813186813187
96bd153e508a177d,0.5164835164835165
d28421672186fb10,0.6373626373626373
66295b18c911a186,0.17582417582417584
c60f3fb6786a1e47,0.46153846153846156
f9299d481f93cff9,0.34065934065934067
c7a5715e61936998,0.5824175824175825
59d40a22b5d8b9e7,0.967032967032967
c2871674eecfd60e,0.5384615384615384
0cfb69655f4053e7,0.01098901098901099
d7d031def9afcffd,0.7692307692307693
fe988e87b236b92a,0.3516483516483517
504f561084540a81,0.7362637362637363
af2f03956ead6604,0.37362637362637363
71c538ba25496ac9,0.9010989010989011
6c76478d3be07e13,0.9120879120879121
92b396d900b3873e,0.42857142857142855
d4dee387d87d5677,0.9230769230769231
eca9cd84a2580739,0.43956043956043955
95fc9107e18ce5f5,0.2967032967032967
0c104314354c3221,0.989010989010989
2a0fd14200a1e7f7,0.5494505494505495
13c1792b3280c963,0.7472527472527473
e9388487f55b9e95,0.8131868131868132
0bc040b1fc82b6ed,0.12087912087912088
568921b565a0b9b3,0.32967032967032966
8f4ada8a1f9e7cad,0.945054945054945
5098b138ca778063,0.7912087912087912
11612e29e6cd4c08,0.8791208791208791
ec8847d83bd8ea71,1.0
ac97c29ba497ee45,0.4065934065934066
e778b3724c0f8d94,0.6043956043956044
8b42b38b63d6add3,0.06593406593406594
94afc3f674bb75ff,0.7582417582417582
78be31d333c702ab,0.8241758241758241
ef4c73a6c45c4b40,0.7252747252747253
3549dd15283af0d5,0.03296703296703297
5e187f8caba1a1af,0.1978021978021978
ceac880460a33fe8,0.5714285714285714
3647879f4fa5ec31,0.10989010989010989
b9405e852a3f6bae,0.15384615384615385
25ce01932a364920,0.0989010989010989
c624e4e83086c221,0.45054945054945056
b21fee7c426400cf,0.14285714285714285
1cb7846632285758,0.7802197802197802
efa6c4e3c447e4ea,0.23076923076923078
962869e76bd60a0a,0.5054945054945055
989e612f86e86f8f,0.5934065934065934
e73a38c03553694a,0.8351648351648352
2a5d96717bedd54b,0.5604395604395604
3beda4d7feca8ffb,0.8681318681318682
6e6e7e851b1b3ddc,0.6813186813186813
af9233382c47db26,0.0989010989010989
211a2c7206c11700,0.6593406593406593
d6b869680f60d302,0.12087912087912088
e23ba7ff86186735,0.04395604395604396
7797c6ea44eb45d4,0.4065934065934066
3d8b44728ad0c94f,0.6263736263736264
1f5b5d419cafc151,0.02197802197802198
4a8df85397614ec0,0.5604395604395604
25bec24b73bfba2a,0.15384615384615385
04e7c9cd4355cf48,0.4945054945054945
4f394085e623acb0,0.4835164835164835
8476ccdb2cbd93f9,0.7692307692307693
0a504eebc1a6633c,0.16483516483516483
151bf97e1cde2337,0.6043956043956044
8eb46fc9e747a343,0.945054945054945
6a096b398a5f81c6,0.1978021978021978
590ad6b69822014a,0.37362637362637363
5fe02401d2f02502,0.7252747252747253
297eb766a492d4b3,0.5274725274725275
2097dfc3cc7c0403,0.5054945054945055
3e1373f09cad21a8,0.8681318681318682
a95104f4c268bdef,0.3956043956043956
55ba8044f575c538,0.6153846153846154
7f570ae81cda016b,0.989010989010989
798d459c8c858648,0.01098901098901099
4a811bc8bac53bbc,1.0
6e6d5a554d67811c,0.8571428571428571
e0941eca7590792b,0.9120879120879121
5cff375ea2bfdbd8,0.13186813186813187
455bd824f831efe2,0.054945054945054944
68ef1152f3416f03,0.9340659340659341
05d5cd600964ed3a,0.14285714285714285
46095c8bbddd4a83,0.7362637362637363
360953167ec5fb36,0.4175824175824176
c405b18330b621a2,0.978021978021978
b20703475a9e5886,0.17582417582417584
8eafb98b15df150e,0.3626373626373626
39e5b6bde9388bb7,0.5384615384615384
711729cdf42dfb03,0.26373626373626374
f74f3c6bb923e897,0.7582417582417582
5868ea6bfeea9851,0.8461538461538461
e4d3edcddd72495f,0.5934065934065934
970da7a93070a622,0.5494505494505495
ca52eb0aff866588,0.9010989010989011
4bf32201bdb228f4,0.9560439560439561
9b9716c38fc60266,0.6483516483516484
a412f1f1103b9291,0.2087912087912088
bcdcdc978762011c,0.27472527472527475
8729d08b72d4f121,0.6703296703296703
c0e446e06b014fae,0.46153846153846156
672851d0d28275f7,0.25274725274725274
800b948c252d63ad,0.43956043956043955
c041991d491c8448,0.5164835164835165
63745ebc7b98e7b8,0.5824175824175825
353a5681b4e9fbc2,0.8021978021978022
4a5637341485283e,0.3076923076923077
ed744dab31f2b70e,0.08791208791208792
37ff9fa6d0f99f82,0.7032967032967034
0f0f38d5738b5001,0.6923076923076923
321d557285d6d9a1,0.3516483516483517
1bfd1fc40b2f3ad8,0.23076923076923078
40174cc40e22e127,0.5714285714285714
251fd5f2f3b6b248,0.7802197802197802
21a6d8bfd6be9ead,0.10989010989010989
c3780d13a05d09bc,0.8131868131868132
467dc25560139520,0.45054945054945056
d004cf7769a939c1,0.8351648351648352
7d08ec3dc978d655,0.42857142857142855
6037b85f1e90103c,0.31868131868131866
2581a08ceb1c540b,0.32967032967032966
f0c553ca178621f0,0.9230769230769231
ba0130ebe230d903,0.7472527472527473
d6797cc420dd546a,0.21978021978021978
8d988f301d9b55e6,0.07692307692307693
9018bdd360b43dad,0.06593406593406594
cb9ac680e13e206d,0.6813186813186813
24559234eb223015,0.6373626373626373
325df25c96dc7645,0.18681318681318682
0ed62c83244685b3,0.8241758241758241
8c2a714aedefec52,0.2857142857142857
9f4cab4c2afa55ba,0.967032967032967
4b2463bbbcb98c06,0.03296703296703297
d5417f2d635f7d5e,0.4725274725274725
b62f75a41503155e,0.38461538461538464
61ad0071049f161b,0.2967032967032967
2fac5b9cd8f9f500,0.24175824175824176
0380df35f0299fe0,0.7142857142857143
b901115fa3ee7bc0,0.8791208791208791
b49be13059da6439,0.34065934065934067
30b54537593c2fd2,0.8901098901098901
5c02564c376def0b,0.7912087912087912
d39ca970a4cb6b57,0.9340659340659341
f72a94ed197c2a2f,0.07692307692307693
1603c018e38a719f,0.15384615384615385
cbcf390685706612,0.01098901098901099
67636ff73c585fe1,0.08791208791208792
cf87a422dec67ea8,0.10989010989010989
60ef60b940e9bab6,0.6483516483516484
a55cc0e855aa50ca,0.03296703296703297
02bb8e0f84572bad,0.37362637362637363
e63e42ddb9a63ffc,0.978021978021978
d6c3fc304775858f,0.12087912087912088
5054ae6f898d4bda,0.7032967032967034
0d92179481e9d80a,0.7142857142857143
eef01c406f67cfa7,0.8131868131868132
e8542d5a6e18468e,0.9230769230769231
07751fb894bb5891,0.1978021978021978
2936353893143975,0.6043956043956044
93ffa9ba97f34b8e,0.4175824175824176
811188fa8a01f949,0.8571428571428571
ca5b2e1b01030519,0.3516483516483517
2813217412265bbd,0.7472527472527473
fbd1045cfa8838ee,0.32967032967032966
80f6646dbaaa30e3,0.4835164835164835
4e1eca10c627be0d,0.27472527472527475
2cc5b980f5f06535,0.5604395604395604
65b6a072a694914c,0.2087912087912088
1a75c71189a12bf5,0.967032967032967
e24c80e66183fa00,0.46153846153846156
2a2e44365cd9f1ad,0.4945054945054945
b66d0123cf93b168,0.3076923076923077
4265e6bf4e90a98f,0.23076923076923078
515826acc90190d6,0.43956043956043955
47d8a3270d7ca105,0.6593406593406593
830f62dd970b02ed,0.4725274725274725
088a2f02866aed7c,0.2857142857142857
20280e384752f275,0.5274725274725275
d94bedee1a8e808b,0.5384615384615384
6c6630d80cab72f1,0.9010989010989011
6394c04806538f32,0.16483516483516483
cc33b46aa9ad7edd,0.5824175824175825
ddfdceb4d18622b5,0.8241758241758241
bbf5a073462106f4,0.45054945054945056
4800aa73192d5451,0.5054945054945055
660ce3b6d22cc849,0.6813186813186813
793f7071b73cf2a6,0.2967032967032967
a3a9e662984a5117,0.3956043956043956
055da1c60f18b1c8,0.8351648351648352
293c54dfd4785714,0.8901098901098901
06a37349f6f9646a,0.6703296703296703
ef7130478d7d1d77,0.6923076923076923
a594e84e2a3e35ef,0.6373626373626373
88cac9c06deb267c,0.945054945054945
d4ae47034f58b350,0.9560439560439561
677cb5ab127d2182,0.5934065934065934
ee52f65fa6720166,0.18681318681318682
5864d1191f093718,0.17582417582417584
ce1c871f222e13e3,0.5164835164835165
1ceb727bc244d057,0.7582417582417582
6b52271003ad4129,0.14285714285714285
25754d503a83ec7e,0.7912087912087912
345512f81a666cc2,0.34065934065934067
dec6d13787d98957,0.5494505494505495
cb28fbe00157a013,0.989010989010989
b32ca811870e919e,0.25274725274725274
b8987db046f30b47,0.6263736263736264
de5f37a1db7d7134,0.7802197802197802
d50febceb5873b78,0.38461538461538464
c0ad5107423c63af,0.04395604395604396
c02ddf9367af2c11,0.31868131868131866
6cf90feb8ad05388,0.3626373626373626
224f4b54f4e83651,1.0
0ccaa06cc631175c,0.4065934065934066
d9fa45f80198d8e1,0.8681318681318682
9a511e887181b5f1,0.42857142857142855
593a70fbeff817e9,0.054945054945054944
d29768fbe12fe043,0.0989010989010989
872670cdb9081ea4,0.5714285714285714
4c4bb81f7f2d84fc,0.8021978021978022
b08c512bf20534f6,0.6153846153846154
6f1b61b195148306,0.02197802197802198
95351f637061a805,0.7362637362637363
7b7ea02b651d3a58,0.13186813186813187
a1bfdaf69b035247,0.21978021978021978
6b29e7aea90a7c78,0.7252747252747253
ac385155e48aa09c,0.8461538461538461
91c9af741addb777,0.26373626373626374
2beb0fb908f6649f,0.8791208791208791
ad59d576cf742851,0.24175824175824176
27abb1bb2b4b7a99,0.06593406593406594
cb3775887949ebfa,0.9120879120879121
6bb74e6457340044,0.7692307692307693
e056b33aedfe5722,0.10989010989010989
c114eb08017ad87a,0.6483516483516484
38f3780676cc652c,0.7142857142857143
d6373d0ca70783cb,0.32967032967032966
3c3de2994bae3f55,0.12087912087912088
d489b400e4028947,0.9340659340659341
48980cf1b9126935,0.3076923076923077
f8fa22467d65e160,0.6703296703296703
b87c6df242afdf75,0.8791208791208791
61cd4b680b239131,0.989010989010989
577f1ac6975c19ba,0.17582417582417584
3a66e735aecc027f,0.45054945054945056
3df49d79fdcd0d9f,1.0
db70b6d2c16351d2,0.4725274725274725
dd926aea14f00610,0.6263736263736264
e38311ddf08a8c1c,0.8461538461538461
c03efac7ff4ae186,0.6813186813186813
7bc3a26782549ff5,0.7802197802197802
ffef8cb00ed052ea,0.2087912087912088
aba77944ebec0473,0.2967032967032967
dede54bc037dd99a,0.4175824175824176
fbfabef0f977f7b8,0.8351648351648352
71a71273699a1304,0.5824175824175825
66d2238d605512ed,0.5604395604395604
675e0131a36803a3,0.6373626373626373
c1cb5f13aa121287,0.9560439560439561
0a4f07bd5ca43051,0.967032967032967
ca6f7e68d8e07e0d,0.4835164835164835
28ed34f080ea9436,0.978021978021978
6880a3f702a8469c,0.3956043956043956
e1798c47917f4667,0.2857142857142857
35f57413c1143a5f,0.26373626373626374
5b9453caee32c11b,0.15384615384615385
4d8bd2cf33aab64a,0.8131868131868132
d162f3180c581f0a,0.23076923076923078
da3dd9b5d5d01ae7,0.46153846153846156
09ec73f89d1287ce,0.6043956043956044
e5099f8f39d303c9,0.5384615384615384
1b0f4d7fa495fca7,0.01098901098901099
6e051af7bb59d88f,0.7362637362637363
381090f45e8487fb,0.5164835164835165
83c54a217db387ca,0.7912087912087912
1a5ee9cf9e1a5680,0.5934065934065934
d8c1387c5b69e6a8,0.27472527472527475
dd42fceae336a84f,0.6593406593406593
30cd9b51b4c9a7ef,0.4945054945054945
512a9f910d4e8a59,0.8021978021978022
ec3afae6c626afce,0.04395604395604396
027fef9fba1cd439,0.7032967032967034
95346649ff076d29,0.8681318681318682
dd23cbf4eea5922d,0.7692307692307693
180b43989a495b59,0.9120879120879121
f0ec466d483e3376,0.06593406593406594
cfbd4e6bb056a5cf,0.6153846153846154
50dec48cbdb2719b,0.8241758241758241
d80fc85b89178ab7,0.03296703296703297
9d5ccea927c6ba6e,0.7582417582417582
b0d88f5c7815df89,0.18681318681318682
7d475ca7e0b46136,0.7472527472527473
f46dfcf4c0981f70,0.02197802197802198
0a9c1e7ce3600365,0.34065934065934067
bccaffad9564ae6f,0.8901098901098901
f0ee5eafeea23901,0.054945054945054944
c274be493cbf802a,0.8571428571428571
03e877ad9c4e56fd,0.5054945054945055
cacf8e08b09e317b,0.3516483516483517
e95a68c1d9c5692c,0.13186813186813187
ae317f05e058d4f5,0.0989010989010989
b53af42e17b93518,0.6923076923076923
dda12bf68e003b82,0.1978021978021978
924247942b6e4576,0.08791208791208792
350c7090c6c22872,0.42857142857142855
d4ea8a2cc985b862,0.4065934065934066
cadc5cbd7de3e68a,0.31868131868131866
00fa7daef6066274,0.07692307692307693
c4460c0b874b7a85,0.38461538461538464
303730b5970031c2,0.3626373626373626
34394a4c8405eba0,0.21978021978021978
db39c92f8e55725b,0.7252747252747253
afe634700c49531b,0.945054945054945
f927f8c5aef46dc2,0.5494505494505495
365d55e4bf23b57c,0.16483516483516483
928447a09ac7617d,0.24175824175824176
abe4ce6ef59f24d9,0.43956043956043955
7417ff21b8934d49,0.9010989010989011
7cc25e5d4e046f30,0.5274725274725275
62c19dec4390ce40,0.5714285714285714
5cced15181b0822b,0.9230769230769231
cc70cd63ea251b82,0.14285714285714285
8568b3a3b3ce5714,0.37362637362637363
728c853cf12c992b,0.25274725274725274
fd744f4e6ef68ba7,0.6483516483516484
5967aa365b6651d5,0.3956043956043956
2e55f93652d4cd45,0.0989010989010989
11db7980c3e98509,0.8901098901098901
b3c2a25d8c4c8b30,0.7362637362637363
1dd9138045702348,0.34065934065934067
a93f1e475a81d2da,0.6813186813186813
dec005fe47108c7b,0.46153846153846156
0c39a62644f8442e,0.16483516483516483
7976bbeadca41287,0.9120879120879121
d89dcd91b496e13e,0.12087912087912088
f1c05e7df4584eae,0.04395604395604396
57747726c737c7a3,0.8571428571428571
3fe6f94d8193f8d1,0.8131868131868132
4cebd4b0531acdf4,0.6153846153846154
e761aab225c798a6,0.5934065934065934
a533bd683949a4f9,0.32967032967032966
5bcb7ee5d90f2600,0.4175824175824176
c12218ca6895bbd2,0.5164835164835165
693109a1fefadb44,0.978021978021978
844abfa784133093,0.7692307692307693
1698c4928d647bb6,0.8461538461538461
758ef4cdde8f4f2f,0.18681318681318682
084a7457f49dd96d,0.31868131868131866
c967a446a59b648f,0.054945054945054944
5011596433f41613,0.5714285714285714
7bbe23237758ed93,0.8681318681318682
de10e1f3ab868cfd,0.7252747252747253
568a83db6b4ec275,0.967032967032967
7fbad0efd27b73a4,0.9340659340659341
26c49109b388142f,0.989010989010989
5164ae9663e4097b,0.7142857142857143
b4fa262e45dec548,0.5604395604395604
a1a2ed6d9baacf47,0.6043956043956044
f2c7a274a4a31e1f,0.945054945054945
c293e2c5efcf4055,0.2087912087912088
ec790062818758fd,0.4065934065934066
57ee0b3e502f374e,0.07692307692307693
d5ba62f6ce101bb1,0.15384615384615385
4b5ef0e9ad85cfd2,0.6263736263736264
f7e0be58b95c23c3,0.08791208791208792
2c634158336e72aa,0.7472527472527473
742669d8965b7834,0.6923076923076923
8b4570880045ccec,0.6373626373626373
6b80f7f6de246d85,0.17582417582417584
140c5fd177aa9006,1.0
a40ccb486f5d1aa4,0.8021978021978022
f35930c389c8532c,0.7582417582417582
16fbab4c147ba7af,0.8241758241758241
a32e69effa313306,0.7032967032967034
d3a0fa1c05515db4,0.13186813186813187
1aa8d6a46e69ae22,0.38461538461538464
eced426176320aa6,0.25274725274725274
ba8abbb5dde643aa,0.5384615384615384
4a9b54a9aaab49ec,0.7912087912087912
5b778b430163c00e,0.06593406593406594
a488967106443979,0.6703296703296703
5aa7d501ade48985,0.5494505494505495
37b18b631e448027,0.8351648351648352
1fe70f605790dfd5,0.27472527472527475
6fd65eda22bc9036,0.9230769230769231
ef90bc6139ad8cdf,0.03296703296703297
2d9ae9bc8fb6e798,0.24175824175824176
0e41205a5f44d2d8,0.21978021978021978
139285bbb361813b,0.26373626373626374
c580b94245ce5539,0.7802197802197802
2f92c7dfa558ecf0,0.5824175824175825
1225872d18768a26,0.3516483516483517
6297240106d54d7d,0.4725274725274725
e77a644d08b32a5f,0.8791208791208791
014782fd61b9474a,0.02197802197802198
6e3d6b1719c256c0,0.4945054945054945
fa4c5186cb030c5c,0.23076923076923078
c45ea79900b37b26,0.5274725274725275
6c45ede970f0ecdb,0.2967032967032967
0310cb42c591ae10,0.14285714285714285
30a34fbfa461eebd,0.4835164835164835
d2cf5fe5f2b29a71,0.3626373626373626
2a126937ed8bb4ef,0.9010989010989011
2912aeaf0ea00284,0.6593406593406593
49329f277660e7fd,0.10989010989010989
ef7f759d601a44f0,0.9560439560439561
38e1bfdce467215e,0.3076923076923077
40a3d1c105eb8172,0.2857142857142857
660148bd382e1d20,0.42857142857142855
8682be6186c88f61,0.43956043956043955
f584aae5ed45679d,0.37362637362637363
e316d9869d0e8e47,0.45054945054945056
0bc179bb87773527,0.5054945054945055
42b4803c6f3bfca1,0.1978021978021978
32fa31c165c148b0,0.01098901098901099
520457ad66abbb19,0.7142857142857143
989488f5ba14a32a,0.054945054945054944
548a8c6c1aed5d10,0.24175824175824176
544c9d553737ff53,0.7472527472527473
5ac62c603a6cda66,0.7032967032967034
ef0735f93d251529,0.34065934065934067
b2f366fc2a94aabc,0.32967032967032966
ad34876f96c64f8d,0.04395604395604396
fe69293949aa161a,0.23076923076923078
5c97882fea5f543f,0.7582417582417582
f6affcdb4fd2a723,0.5054945054945055
d5c5d2c2c2ef24c9,0.4065934065934066
c95b428f64aed22a,0.5714285714285714
d143e9db5c3a05fb,0.8131868131868132
3323b6d24d0e8046,0.17582417582417584
2af8f7fe666bd61a,0.6923076923076923
4c39dd8cb3fbd595,0.6813186813186813
3827fad0080b0cbb,0.26373626373626374
1e07866992a16d11,0.43956043956043955
10cbe28931342297,0.45054945054945056
abb05a3ed84c5f53,0.4175824175824176
a683806ee194af50,0.03296703296703297
3495c5471c69fe14,0.6153846153846154
b510f50e41813acc,1.0
f4dbce5af04e2e72,0.8351648351648352
e7b7027e74325d4e,0.2857142857142857
a1bbfd17be4877d6,0.6373626373626373
c75f28f82d916d4d,0.21978021978021978
f7c90310941201ee,0.2087912087912088
aa1915e032da292c,0.7802197802197802
21054d3c1b8db17b,0.15384615384615385
dec3dd2a4e24d698,0.8791208791208791
d7c8c5f7e98f85a4,0.5934065934065934
415660935c90ce2c,0.13186813186813187
5f22477a10e1d81a,0.6043956043956044
208e773244e146e6,0.9340659340659341
674f8e4ff1dd6b9b,0.06593406593406594
a46aaa4e0632bb16,0.978021978021978
b2a6bb086461cf3d,0.5824175824175825
1e33f35660432242,0.08791208791208792
851fdc5b6084ae38,0.5274725274725275
bf2703755efefec0,0.5604395604395604
261cfc93d3c20bdb,0.7912087912087912
a6f2ef3627166534,0.31868131868131866
e04178b0b617f530,0.945054945054945
2f341fe21c8d7820,0.0989010989010989
4a96fd112f8d9b55,0.8571428571428571
a8fc4555902e525f,0.8901098901098901
e46a32fe241a30f6,0.10989010989010989
e0155b67c7940d89,0.7692307692307693
911724d6f9d4e61e,0.4725274725274725
c26061027e009d76,0.5384615384615384
e876f69c56c56a67,0.37362637362637363
4895773ca7c95fd8,0.38461538461538464
60f457ba6014f56d,0.27472527472527475
32f0ad11de4b422b,0.46153846153846156
4500e84aca5400ad,0.12087912087912088
9dc1a99332fe5043,0.989010989010989
b1d4b926b1553ce7,0.7362637362637363
d581c2a7fcdcd167,0.9560439560439561
158c96d6271c1229,0.4835164835164835
466f73cf0c3e2a3b,0.5494505494505495
7b3ceabc35dd9c60,0.3626373626373626
aa1ffb2f0bc9547c,0.25274725274725274
b2dc1a5e3d5e0521,0.16483516483516483
7418503d6ea6e7b5,0.1978021978021978
b0bcd4629d4e0087,0.8021978021978022
64d2f2f4e76fa088,0.2967032967032967
6b8a69832bdccf5b,0.14285714285714285
8279eced942b7bd7,0.02197802197802198
65a2343a603572de,0.42857142857142855
d519f29aced40108,0.18681318681318682
6e20ca2e58daa12f,0.4945054945054945
fe339bb82a71e5ca,0.3076923076923077
accfcc2919957f11,0.5164835164835165
9f67d654b3e711b4,0.07692307692307693
d5580437220f7428,0.9010989010989011
31beaccfa74e30f8,0.01098901098901099
39307a6992e2588b,0.6263736263736264
7acf68d10b6342d3,0.6483516483516484
79f160decf04859c,0.967032967032967
e86e2e901e4f6ad8,0.8241758241758241
7e7d7da978c7ff59,0.9230769230769231
581472492b0a6571,0.9120879120879121
e00b06f357f82aeb,0.3956043956043956
c1d2c2327225c5eb,0.8461538461538461
ff7e0452298f03d4,0.7252747252747253
5eb012702c89d69a,0.3516483516483517
b2eb0dfd8f3ac939,0.6593406593406593
feef567f591fc5bf,0.6703296703296703
ae9976d19382eaa3,0.8681318681318682
4835c41cd2ff26d1,0.38461538461538464
255a3a807b7cfd64,0.43956043956043955
cc5d29dc0c3ec2a8,0.08791208791208792
25c76c92b51842b4,0.5604395604395604
4ce880ce3fca021e,0.9230769230769231
56702819f77a738e,0.5384615384615384
f58b7f8b755145d3,0.23076923076923078
953ccb81edbcf00c,0.6043956043956044
4e06ffb056c6cdee,0.5164835164835165
bc427cd6fbad95f3,0.9340659340659341
d8a98909caf0e91f,0.4175824175824176
6c178c828dfc6426,0.4725274725274725
fb5eee408f1a9c30,0.03296703296703297
e075b9c5f06e3f05,0.18681318681318682
05300ce1aa104fb6,0.45054945054945056
65552a7faac71c81,0.14285714285714285
5157a91a47fda43b,0.5934065934065934
cda92c1cec80bb4b,0.967032967032967
aad57abd6b0caa86,0.6813186813186813
c4f397e23c3adb1d,0.7252747252747253
695a2c5cf51c0fd2,0.9010989010989011
f8899f192efd9202,0.2857142857142857
5786951aeefd7e7c,0.26373626373626374
188c9555a63f36a8,0.2967032967032967
19caed8b87ccd1e5,0.5824175824175825
ad397fb1eb371fd7,0.4945054945054945
169bbe27457df78e,0.7032967032967034
3437609786eeefa6,1.0
8c44172013bdcc41,0.4835164835164835
1de86dbdec790493,0.989010989010989
71c25d17bee6a562,0.10989010989010989
94d171bdea56aaa8,0.07692307692307693
21155bd52362b22a,0.7912087912087912
211fbf8cc09e508d,0.46153846153846156
5f03bdae0b4e3099,0.7582417582417582
4f630d1f70051432,0.8351648351648352
77a8aec7a2aada4d,0.17582417582417584
52690d4b07e760ea,0.13186813186813187
3051be861d4eeb41,0.2087912087912088
dd39afe4aa43180b,0.42857142857142855
c1379eeced1dd9c8,0.24175824175824176
5eed2813b67efaef,0.3626373626373626
6511f3632ee656c8,0.8461538461538461
52785307727e9251,0.04395604395604396
a015162c5a506247,0.3516483516483517
10e46bfe12656573,0.6483516483516484
5d69cdd0bbb18917,0.4065934065934066
6cb833661d54d8c3,0.25274725274725274
4891d1728c09412e,0.16483516483516483
df8f2c8b690ed146,0.6263736263736264
c463db6eb29bba9c,0.5274725274725275
02d446ca1846c3cc,0.37362637362637363
7aa1f89bb77d53f8,0.8131868131868132
458f56c9f2d18645,0.6593406593406593
d34f2c49bc1f5393,0.054945054945054944
b4db3dbcfd964731,0.15384615384615385
ad90eb38fa551e06,0.6703296703296703
afd7fadb08f68284,0.34065934065934067
4431fa99095ec69d,0.27472527472527475
d46a78979508fc4a,0.9560439560439561
b8f318691af35a3a,0.8681318681318682
1018770e90bdb77e,0.7472527472527473
bed75e4b2b476638,0.6373626373626373
8bbba133ebd72163,0.6923076923076923
4de2e3e5242637b2,0.8571428571428571
e4609ec0bc3ca4c3,0.7802197802197802
4c8d3fbabf860281,0.7362637362637363
8b15752c77e008b4,0.9120879120879121
475126e47cdef1a2,0.32967032967032966
d130b28abaef9774,0.8791208791208791
a6b686778f9694b4,0.7142857142857143
509da4ddc990943b,0.945054945054945
fd91ca37f5c785b3,0.8241758241758241
cb2953ab6c2d5c25,0.8901098901098901
6859aa3d37ae46e1,0.1978021978021978
6c35f98334498ceb,0.5054945054945055
13daeda2ad5bdad2,0.8021978021978022
a8ed20d75e10e924,0.7692307692307693
bb97499d75dcb749,0.0989010989010989
c764b441f550dc78,0.3076923076923077
3129f9e84953f552,0.02197802197802198
cfa6c92980601a47,0.12087912087912088
f885cbdea30ac28b,0.21978021978021978
564c065102184728,0.6153846153846154
ed290027a55d0a2b,0.06593406593406594
cc9d560d7baed334,0.5494505494505495
572cb93c3466831c,0.3956043956043956
ea0c140b9723cb1c,0.978021978021978
bb1eff6fd9383553,0.31868131868131866
e631327aa19b0e5d,0.01098901098901099
c7955a5b9b487e46,0.5714285714285714
788b40e3ead14076,0.5494505494505495
6a4d1e7b333cb6e3,0.8021978021978022
f581dfda1f9dda7b,0.26373626373626374
7abb7d0abf815974,0.34065934065934067
f12c248eca5b39d7,0.8131868131868132
6629eb472804a0ff,0.7362637362637363
393caa5ea30cb55b,0.5164835164835165
5e2ca0db8192d6b6,0.42857142857142855
bc9d9d1aafee335e,0.4725274725274725
9b9bd54c51f848a9,0.07692307692307693
6ac277a10c087e9a,0.6373626373626373
a0def80e2cfc3f95,0.967032967032967
6c244d07805a29a0,0.9340659340659341
1aeb21f9ec120bf0,0.3516483516483517
063e9160d856603b,0.5384615384615384
c0dbef8d0cbbc65e,0.6483516483516484
ba3e72b29a58605c,0.17582417582417584
e530fc02908582c1,0.8791208791208791
b710d6dd87be2410,0.6593406593406593
5883842abf075d15,0.6923076923076923
3f0315ee00f99cc2,0.4175824175824176
015d604ac6e8ce2e,0.21978021978021978
1b644f3f7215902e,0.4945054945054945
cf9b88a61ebe771b,0.5824175824175825
2387b9c730d3b5bf,0.6043956043956044
28f99db2f9ff91ba,0.978021978021978
f19d7823a52de722,0.04395604395604396
98d17a2f87c35f65,0.32967032967032966
875975a0a91e42ec,0.3956043956043956
27b2e77da05163e9,0.08791208791208792
9ce0eeb6c1fbd6a0,0.01098901098901099
e28193faa0bfa1d8,0.989010989010989
ab1a70c71276498a,0.8241758241758241
1feacbd9459fcc24,0.03296703296703297
610ba4e9afce10da,0.14285714285714285
88eff279d8496c00,0.10989010989010989
5b6d366b95b1da45,0.18681318681318682
625546ce00686856,0.3076923076923077
21df84d3470f433a,0.945054945054945
08d4154aeac64b21,0.5274725274725275
c3738fe9af8a464c,0.12087912087912088
a49d17001d1484fb,0.8681318681318682
5518104d05abd8f8,0.8351648351648352
0b5725a7c5fd67b9,0.6813186813186813
49cfb22eb9da5c6a,0.9560439560439561
a420636479b4cf58,0.1978021978021978
695f183b5ab52223,0.7692307692307693
2b7555fa20ba746b,0.13186813186813187
fefb3536c8425027,0.5714285714285714
0c67ef80e73db24c,0.45054945054945056
76fd0217c6787610,0.37362637362637363
bfb6f751e1948a1f,0.4835164835164835
e5ef50da16597c1c,0.4065934065934066
44c994a4f938b8ac,0.7912087912087912
5642042f4ca57abd,0.5054945054945055
27fe2aad3e46b904,0.7582417582417582
2bac96785b6a7f52,0.7802197802197802
c8bcb6d56a44a302,0.5934065934065934
06bfc9c877d2090c,0.054945054945054944
73b9f64cd337fb5c,0.8461538461538461
012167bac80350e6,0.06593406593406594
d1c27809fd9ff5df,0.27472527472527475
c8a8d8a2f1913d7b,0.2087912087912088
d23027a7abc7beb3,0.7142857142857143
b8d532301240e01e,0.3626373626373626
67896cd0602b3e8a,0.16483516483516483
818cbd907fc449a0,0.43956043956043955
a9146bdba47acec6,0.25274725274725274
38bfb043d5cfca47,0.46153846153846156
954323eece1e2b2f,0.02197802197802198
82a20a92c8266fd5,0.5604395604395604
62e11ec80bac2222,0.31868131868131866
a76050e8004f244e,0.8901098901098901
77a6ba73ce815bc0,0.7032967032967034
97133d6eade589ee,0.6263736263736264
bc9262a77dcbe892,0.9010989010989011
61a0c6791fa931b1,0.8571428571428571
b8ac43521038fe7a,0.15384615384615385
dc50837a02567128,0.2857142857142857
a252b128b1d5919b,0.9230769230769231
314b6d1fc0bd4984,0.23076923076923078
63f631ca8426f197,0.7472527472527473
559027963b69e575,1.0
b38b5d15de447dd2,0.2967032967032967
80f798fb513c1ed5,0.6703296703296703
d45ebfe590585aee,0.6153846153846154
5b4a168629a62aef,0.24175824175824176
5330e0c135800f13,0.0989010989010989
ddd3e140231c2344,0.7252747252747253
aaf76091849c5447,0.9120879120879121
256fd80e95c64db8,0.38461538461538464
f8696ff11cdc04cf,0.24175824175824176
ac5c3fe7c70c9ca7,0.43956043956043955
33a0044f8cc22cdf,0.0989010989010989
71acb600202a7f0e,0.9010989010989011
fda354f41e4aa08e,0.8791208791208791
d052afedb815cc11,0.07692307692307693
3e09359949974200,0.4175824175824176
895f5ffdcb5d595b,0.8681318681318682
979db08ab7ac8938,0.6153846153846154
8aaa556fc59e9be4,0.16483516483516483
62b08a94529d257d,0.6703296703296703
4595bb9881ad63d6,0.5054945054945055
8a6ef47eedb484fe,0.04395604395604396
356bb205a5a5cad0,0.3956043956043956
a4a214a4df962dd9,0.27472527472527475
adf4e44079d6a9ad,0.8021978021978022
7c7f558e38bed0db,0.15384615384615385
bc06dcc3f3185a79,0.989010989010989
a527cc318f2dc94b,0.42857142857142855
e77896ba929c626b,0.08791208791208792
cb748203aaff01c4,0.978021978021978
c26f548723e4cf45,0.7362637362637363
169c41559a8b8589,0.8131868131868132
85b808338347043c,0.9560439560439561
bab3a61e8fa08e5a,0.1978021978021978
4420b0a1c4a467d7,0.14285714285714285
2970cb6d4a0157af,0.26373626373626374
530c522022fc0d95,0.4835164835164835
1304f7e62841dfea,0.25274725274725274
0317ebb17ddb95a5,0.3516483516483517
ad9caead12444d3f,0.6593406593406593
4e7558f6e1a838b6,0.7692307692307693
3c37e33a69e61970,0.9120879120879121
0542c5cfa4e04f4c,0.37362637362637363
8b845fda862be23f,0.46153846153846156
5c9ef8d4cac3759c,0.8571428571428571
37b453c7abba79c2,0.6373626373626373
1969a577b0e0b691,0.2087912087912088
5e5fc106cac4e372,0.38461538461538464
edd9beb77750756c,0.32967032967032966
e3322f4566eb6634,0.5494505494505495
15a48f1772f9ff02,0.2967032967032967
c5286d07564818b0,0.5934065934065934
41b64a8a475eab08,0.8901098901098901
0dad8d809ad15b9e,0.45054945054945056
2e4203af526abdb1,0.6813186813186813
aa97f9cefe19768f,0.01098901098901099
6e66abe42bb4c559,0.06593406593406594
1d92e99e92cabb83,0.4065934065934066
edef621e0035dfcf,0.6263736263736264
8b92e3a7073299d4,0.2857142857142857
13685377d2e6b89d,0.6043956043956044
473c922c1f1a6965,0.7142857142857143
906615c6d7a81ce3,0.6483516483516484
ec04df370a40bd0b,0.054945054945054944
6d2ccee08181bd26,0.8241758241758241
35101a35c1e1c49a,0.7912087912087912
f969e628c953dafb,0.8351648351648352
0357bac1d7e473e9,0.7472527472527473
8dbf71f0e734c739,0.10989010989010989
256398631eacb209,0.5274725274725275
480d6d30ee6e7fa8,0.02197802197802198
22518aff2733146f,0.13186813186813187
b2398be5b1a45ec7,0.5164835164835165
5abb622dc94c68a5,0.31868131868131866
b7d560e336245135,0.3076923076923077
e1d01e579b5c7f0f,0.23076923076923078
e4f3bb4ef273c495,0.4945054945054945
f0adf840bded282a,0.9340659340659341
111b0f5a6a869598,0.21978021978021978
9e403d2c08ffb094,0.945054945054945
a068b9852a80449a,0.03296703296703297
d81163a5b6d783f8,0.5384615384615384
8dd1b7a9634c5ef6,0.7032967032967034
41fea6c71880b20f,0.4725274725274725
ae9e81adbf4c9846,0.9230769230769231
5cabcaa965b556c3,0.34065934065934067
2280b3fe0ea0d883,0.967032967032967
4f9201a98b5965eb,0.17582417582417584
5b5a94a86f9b6ef6,0.3626373626373626
0b1ccbe86de08704,0.7802197802197802
e72a8bd64dd391df,0.5714285714285714
3ce0909c12c1791d,0.12087912087912088
9eea8c6c07a9e6d0,0.8461538461538461
95a6c6c3f0948195,0.6923076923076923
341c1c219c99f8e2,0.18681318681318682
be557dae7996d567,0.7252747252747253
640b4d20b412f91f,0.5604395604395604
ddd4d0fc260de386,0.5824175824175825
d7350b1ab9dcb4e7,1.0
178d7c4f529fe8c1,0.7582417582417582
42079d470774804e,0.7472527472527473
50c6c8532d04255a,0.6813186813186813
e826bbe908559bbf,0.21978021978021978
b5e98508a5232ccb,0.989010989010989
c2ba0dbcce7531f0,0.5054945054945055
e3650f66309467b1,0.8901098901098901
464141e06d346201,0.2087912087912088
55e488bde1cff862,0.15384615384615385
616db7989b79bfc2,0.34065934065934067
d6e7946efda5d924,0.13186813186813187
13975adf37040a3e,0.9120879120879121
b19975121856973b,0.25274725274725274
2d6e5e24a6165a41,0.6483516483516484
833fedd93493b320,0.5164835164835165
14f5148cc6a3259c,0.01098901098901099
3076de7ef63fd8de,0.45054945054945056
a01fa1f90df6f914,0.4835164835164835
752811fc38caf915,0.17582417582417584
8298bcbc41738d03,0.08791208791208792
549a6c790973ae4e,0.7912087912087912
87051ee48478726c,0.1978021978021978
ef2f8511920680d8,0.3516483516483517
dc4ff1cac6c1689d,0.3626373626373626
f316bd0d5d9994f6,1.0
68170b0c6e968d9a,0.06593406593406594
67db2a4e5875dcc3,0.16483516483516483
4c412542a8bd26f0,0.9560439560439561
a5ee375dfa299641,0.0989010989010989
f0315a219a119c4c,0.6043956043956044
9dacbc2716525933,0.26373626373626374
d244ff631ef4b955,0.5384615384615384
b3965eac93939c02,0.8021978021978022
f85c6a2b1d924522,0.8131868131868132
0701e04b0f352d3c,0.7692307692307693
54bde7cb5c622f6c,0.4175824175824176
0f041929773f3b2a,0.2857142857142857
55fee7658fb06e4c,0.04395604395604396
95982f5fa8394bb2,0.9340659340659341
cbbc53d5b53fa681,0.32967032967032966
b4f0558d27be6305,0.23076923076923078
7dd1da46079c6706,0.8241758241758241
ed3411369b4366c8,0.6373626373626373
da426eef56b34f99,0.5604395604395604
7752a6ed59b038b4,0.3076923076923077
90193ce440888dd1,0.03296703296703297
95441cadc79b969a,0.8571428571428571
69348214dd6b7ad8,0.43956043956043955
278edce2c31b5b99,0.8791208791208791
1665a9f50ba102d7,0.8461538461538461
23af4ec11784bd43,0.6923076923076923
8d8dd3a06ed39257,0.7142857142857143
3923b8e9fbe79719,0.7362637362637363
98fbe5498e12eb3e,0.6263736263736264
59bd7fcfe0a813f9,0.6593406593406593
4ed3dbcfb0bd44c5,0.38461538461538464
cfe8a9bba5a1c171,0.978021978021978
f3ac266851326bbf,0.6703296703296703
2a93a850ca976a34,0.9230769230769231
95524bc1d271ea69,0.054945054945054944
7afddde065b39dbf,0.31868131868131866
f4ed85f39b232720,0.4945054945054945
5cfb0911fdeb021c,0.07692307692307693
08e1a37bcae54797,0.24175824175824176
3ca84a3033d39679,0.967032967032967
e6efc702161d0322,0.27472527472527475
02f6ca61dac675c0,0.7802197802197802
dc1aa2d4efb6cdc1,0.5714285714285714
d7a72bfd51d0ebbe,0.5274725274725275
b1dc735c9a363224,0.2967032967032967
ed463a48c7f1fd76,0.6153846153846154
a81452f9a7052cd6,0.10989010989010989
953e23e5220904ed,0.5494505494505495
8fd8c721d0531c5c,0.8351648351648352
ae028497bde6d09c,0.5934065934065934
72486cc7e8aaa682,0.7582417582417582
ca3789900e4d026a,0.12087912087912088
b4cc9f796ed5719a,0.7252747252747253
64db713173ea0d5c,0.7032967032967034
88f48d0004036dae,0.4725274725274725
a1304549420ec83c,0.18681318681318682
1bb628c22aceea37,0.42857142857142855
95b89b38904c115e,0.14285714285714285
00dec6079bf9e53c,0.945054945054945
4e4be185533ebf8b,0.02197802197802198
0a703cbae0058477,0.37362637362637363
c2a70166de389ef6,0.8681318681318682
82ad9c6d820f8a8c,0.46153846153846156
074cc8068b886b8e,0.3956043956043956
ee3535dd150542e8,0.9010989010989011
7737069c7f38508a,0.4065934065934066
09dadb0536721daf,0.5824175824175825
3a978d5187d272f9,0.7032967032967034
0d9b647ace010952,0.6593406593406593
932f7ffb4eb326c2,0.38461538461538464
3d91367caa2d3ab5,0.12087912087912088
13aff2fa47b619f4,0.1978021978021978
79721965eab2f598,0.24175824175824176
932b669364ed392a,0.5604395604395604
b65356779daab924,0.5164835164835165
adcaa82b733f7f35,0.08791208791208792
b0588bd4305fcced,0.8021978021978022
ed17b60f84fd873f,0.7362637362637363
f35fa9cfe511d288,0.6373626373626373
402d64b08a6e3d4a,0.6043956043956044
02d61df22df74b01,0.967032967032967
81a9cc4a7e7b9090,0.3076923076923077
b70b2efb842e79d1,0.5384615384615384
9aa7ae885c78627d,0.37362637362637363
4a9c412e4af96eb8,0.7912087912087912
19a3e4de3271d144,0.16483516483516483
8817cdaf79a0263f,0.2857142857142857
7f4b0a0b1c5a13eb,0.945054945054945
b0784a49058b7703,0.5494505494505495
c739fceaaf789ca7,0.8681318681318682
0eed7d815572bd76,0.9010989010989011
480701f17e101e87,0.25274725274725274
9acfdd448e7680f5,0.45054945054945056
176ff7a1c0d9c815,0.8351648351648352
2ef7c354db5d3983,0.6813186813186813
42de32f2fa0f1985,0.01098901098901099
2d496b7754c33c18,0.18681318681318682
71ae758d9430faa0,0.3626373626373626
576729558c189a03,0.21978021978021978
83b1224889d47ad8,0.7692307692307693
45f0bd4ed9034ab0,0.8901098901098901
14a285fd566c3c7e,0.26373626373626374
88123fac7e1bf44e,0.14285714285714285
2eb331fe11e6ee4b,0.2087912087912088
d98e912f92d5d9ae,0.6923076923076923
861cc4ed4e23da62,0.43956043956043955
7dbc4119786d416e,0.17582417582417584
191052a5c405eea2,0.06593406593406594
6ccde3a8383ea940,0.31868131868131866
246e57bafd7abb66,0.9230769230769231
4cfca3212b8c1818,0.02197802197802198
e61af4eb764a2f85,0.32967032967032966
c86b2d0532008370,0.9120879120879121
5ef3ce8df5899fe5,0.42857142857142855
9607ecb47dbe6739,0.23076923076923078
a0d079a1e876ba21,0.7802197802197802
55ee1009b5fb9afb,0.7582417582417582
e74e0d00004e501a,0.978021978021978
d09e49258087dd58,0.8571428571428571
9963b660b5061420,0.0989010989010989
42558b31c7819f6b,0.7472527472527473
e569b8ec47b7b021,0.07692307692307693
696b96d6b51c3903,0.13186813186813187
1149c5b1ffc32450,0.6703296703296703
2893fe3ddde48672,0.4175824175824176
ea55d49f38ff0f40,1.0
0fc7078dc5eb2033,0.8241758241758241
7e3694a23c3a612e,0.46153846153846156
2e76443513bbb6e7,0.6483516483516484
573fd2ecdef2f81a,0.34065934065934067
d82cff3813339292,0.9560439560439561
5ba779adb2988a1a,0.27472527472527475
d984824dc42170bc,0.5714285714285714
1affcf7b893f8443,0.3956043956043956
91a66f4255ddc056,0.4065934065934066
8f55307f172de421,0.054945054945054944
0c34e2ff4ce5bbcd,0.04395604395604396
f8ee2e58542dabc0,0.989010989010989
019e7344eeb4e870,0.6153846153846154
4bc2122977e17bae,0.8461538461538461
8df4467005781a47,0.8791208791208791
65a0a3591a8f2424,0.03296703296703297
b7a6c6563bf76783,0.5274725274725275
8ae96703f012ec53,0.10989010989010989
f12516417808535e,0.4725274725274725
4bf0f5c1958c7b14,0.4945054945054945
5679a4a01d07edb5,0.7142857142857143
6eaee4e9d8c52a3c,0.2967032967032967
5e48bf58d9529d25,0.8131868131868132
9b1d9b24000983a4,0.3516483516483517
db4151f94265d6e9,0.6263736263736264
588c990a3eafbe0d,0.5054945054945055
7594bc2c83525cde,0.9340659340659341
728845a653da8d4e,0.7252747252747253
fe16f230faf155b6,0.5824175824175825
c967b12a675d7ab8,0.5934065934065934
e8f26ca5d825ce99,0.15384615384615385
70082c9ecb18c657,0.4835164835164835
aae4141a7175f63b,0.6593406593406593
5b1a7a8f01c7318c,0.34065934065934067
2252782436fd6a05,0.5604395604395604
8b6ca76223a8ba49,0.7252747252747253
ea3896d6683b7c59,0.13186813186813187
be1c472c9e6aef78,0.18681318681318682
88ae4877108514a8,0.967032967032967
6d14518a32c424b4,0.7802197802197802
0fa0a059c2414658,0.4065934065934066
01c08197a3a71a0f,0.7362637362637363
f9e51c084283ee17,0.6923076923076923
b0850f3507d636d6,0.02197802197802198
92df1591dfa39a93,0.23076923076923078
cff0e64fe308d64d,0.01098901098901099
c276dd52491309c2,0.8131868131868132
33537711766c81ee,0.054945054945054944
672e0368e9b9bcd9,0.989010989010989
9ddb2cfeb3a003ba,0.43956043956043955
736fca32ff8c7773,0.10989010989010989
bd94e165913f70fe,0.8681318681318682
a8638a2ed9e4dbd7,0.8571428571428571
64de9430ab371d47,0.7032967032967034
29345e8b45091c7b,1.0
8ded9af32fff823b,0.8241758241758241
58f3538e29de53b6,0.17582417582417584
eac33704b6dece18,0.7692307692307693
66b0cbfb69125634,0.03296703296703297
388a886be9a490fc,0.45054945054945056
5c2c87c8a1ab31a0,0.7472527472527473
db23e6dad20f63a1,0.6373626373626373
6484445b0270dd59,0.07692307692307693
900811eac59a1ac4,0.37362637362637363
aee329c7535800df,0.6703296703296703
18359ee7381523fb,0.6043956043956044
d43c765bbb428fb3,0.6263736263736264
49eb0dd2878236d2,0.08791208791208792
5dc643d29dfb5d1c,0.7582417582417582
343e39c3253e64a4,0.5054945054945055
4b8bb409c13c7302,0.8791208791208791
315b28607374e79f,0.5164835164835165
2ab11b9a984a347b,0.5384615384615384
8c7429cd66692342,0.7142857142857143
9858effb4c1128f1,0.8901098901098901
95fc6b8667e4cf4d,0.15384615384615385
2abca5751f0d93e9,0.9560439560439561
96bbcf4052a2f0cd,0.38461538461538464
eec7002123aefbf2,0.4175824175824176
d0ad650da75860ac,0.3956043956043956
1a5df7b999456b32,0.4835164835164835
341f09154dbda23f,0.3516483516483517
0fedd44956a9347a,0.06593406593406594
6b72b84b390c7059,0.8351648351648352
3274a65bcc2d0a2c,0.2967032967032967
b9702ab76796d083,0.6153846153846154
6a5e44b875745287,0.945054945054945
f039a0fb57f77427,0.14285714285714285
0d7e6ad4cdbdd126,0.2087912087912088
abc8daecd1e99e66,0.978021978021978
6404b88315560a50,0.9010989010989011
7b60ad504e121526,0.24175824175824176
248e1d6f1d0f7280,0.8021978021978022
fe50f5c01f42df96,0.3076923076923077
af24e103dbfaae17,0.1978021978021978
989865fb12ed9f14,0.26373626373626374
3cbce0e5845620b6,0.3626373626373626
ef5dc27c12075b8b,0.5274725274725275
303ee09888c8a77c,0.25274725274725274
16a5369315c7556c,0.5934065934065934
28a9a6210ed73283,0.16483516483516483
4867f3774512939d,0.21978021978021978
05b6b578d26996f9,0.0989010989010989
6abd9d832d6d3b41,0.5824175824175825
51e1a5f84fec1da4,0.9340659340659341
b46af38a3943ca39,0.9120879120879121
968b123665a1bcaa,0.42857142857142855
728965a6d07abab0,0.5494505494505495
ca628332cbdac3b4,0.6483516483516484
2b106c624a07adfa,0.04395604395604396
67c6558b549dc643,0.4945054945054945
e07968a7347844a9,0.7912087912087912
8d99e4cea787cdb5,0.4725274725274725
506ccb2e9b6c3841,0.12087912087912088
834629d1d120d80c,0.46153846153846156
56115371995bfbc7,0.9230769230769231
b7929f2c0c4cc6e2,0.32967032967032966
96a0847179557231,0.31868131868131866
5f6c26611489e388,0.27472527472527475
4b7b4668d154ac25,0.6813186813186813
ef1db7d18329ca33,0.8461538461538461
21fae1a4ec633ce0,0.5714285714285714
e8730d3de63ab87e,0.2857142857142857
d8ad7d3e2d38aa4a,0.7802197802197802
c6a93b1db4227b97,0.8791208791208791
5be9a77174995547,0.37362637362637363
5cc4071b0617a2c0,0.2967032967032967
00cd42308fde8649,0.04395604395604396
1a95e397202d76ac,0.5384615384615384
cda2bf098a9979eb,0.16483516483516483
0d31be4dd45213fc,0.5494505494505495
9e2fa89da3d82a6b,0.6813186813186813
874b6002bdb84073,0.21978021978021978
0196d7310a0bcad2,0.989010989010989
5746826455198d02,0.9340659340659341
00f0f8ba79f82110,0.45054945054945056
fb3905c0b428bdfd,0.9010989010989011
bde054d011d1e34f,0.18681318681318682
da1efed043443e28,0.8571428571428571
2dbb1ae36efec9fb,0.15384615384615385
d731893b6ae22757,0.4945054945054945
ac0eb271b883ca55,0.26373626373626374
00f47260ca253d7d,0.4835164835164835
e12c1fd9465d6311,0.5934065934065934
b50dbf23a7bc9d58,0.6483516483516484
4ad28a665c5bf844,0.13186813186813187
f530409ba3ab07da,0.8131868131868132
1d7b8b98170ce61d,0.06593406593406594
fd911246c16cb843,0.7252747252747253
f354b74af66aaca8,0.5824175824175825
36eb2a431721744a,0.2857142857142857
c7d17ea5cd99e621,0.8241758241758241
6c345edb432ba903,0.978021978021978
5e970dc9d7d98c06,0.7032967032967034
6f1516c1b17fa9fa,0.8461538461538461
e13b92e33f842d09,0.32967032967032966
3a13106572723986,0.6923076923076923
8ea0cb4153c50016,0.054945054945054944
4857d31850076413,0.25274725274725274
67380755d6e5abe8,0.8351648351648352
49f27c3343e7ec85,0.12087912087912088
e3e2f6f4881bfc1c,0.5164835164835165
0262700df77cd58a,0.38461538461538464
9369dbd779a94038,0.5604395604395604
0f4fc5a3e8d85551,0.23076923076923078
44a6a25902706fa9,0.10989010989010989
d33a593a0a1a0fdc,0.5714285714285714
1dd6801284dde6b7,0.31868131868131866
d5bd549ac93d4047,0.4175824175824176
333579aa76267a6e,0.3956043956043956
cddadbe0df47d16e,0.6373626373626373
c89a0bde68b3dee0,0.27472527472527475
e0b52505b2804d38,0.9560439560439561
dc33cdd878f7f3b0,0.8021978021978022
214d7915a22ffc53,0.24175824175824176
0971a2e1771ba9d9,0.2087912087912088
30b7d903ea3f7715,0.7912087912087912
ec85e5e1a106759e,0.6153846153846154
0630653a516efd95,0.7362637362637363
9e27220fadb9302c,0.7472527472527473
b164fae167535846,0.1978021978021978
332ff0f5ddfcbfca,0.3626373626373626
d77ca5ae82ef497d,0.967032967032967
9d10649d49ba90a0,0.02197802197802198
e229cad5a22ec629,0.01098901098901099
0ad68ccc84b10d06,0.5054945054945055
828b8c183780e510,0.945054945054945
68c928b7b526f0c9,0.17582417582417584
4eda10fb3db15a92,0.0989010989010989
9d8e142f3e23afbc,0.7582417582417582
3cbfaa9bf36036f9,1.0
1b228ea6f596b7fb,0.8681318681318682
119272fadcfb5a37,0.43956043956043955
a8cab7ba3363346f,0.7692307692307693
9814c56d2fa7030b,0.9120879120879121
8253f657fbecfd68,0.3076923076923077
4da2fee741ce5884,0.6593406593406593
822dbcb0db05f292,0.7142857142857143
22998f257dc1ded1,0.3516483516483517
e1ce0edc07a1540d,0.46153846153846156
c64eeb1e6c76c300,0.5274725274725275
bae022096575f7b6,0.4065934065934066
298cea30b8d0f33f,0.07692307692307693
8cc0f1c93054ad84,0.34065934065934067
eed2482caba2722a,0.8901098901098901
b6457dc7a54b372c,0.6263736263736264
481c12ed3e17eea8,0.4725274725274725
7b94c735520f5808,0.42857142857142855
75b6533ac35ab622,0.6703296703296703
ff25c8c459b3b1a0,0.6043956043956044
eadaddb7a81d5c5e,0.03296703296703297
ff2b45ecb9730cd7,0.9230769230769231
0875669305b68756,0.08791208791208792
8ece39c8eeadb0df,0.14285714285714285
e4b81e877cda2580,0.34065934065934067
8a0c2a9411efd65f,0.4945054945054945
a5d9a0cc6ac8b93f,0.2967032967032967
bd735b938efaa7ee,0.9120879120879121
86db1e61feffb03a,0.1978021978021978
fb6d5e2ffd3e13d4,0.8571428571428571
9e017cb15dd268b2,0.12087912087912088
dba2b5e91612108a,0.04395604395604396
5440b00b6ab8d804,0.5384615384615384
6c420328dd2d991f,0.17582417582417584
f9f7edb2a40b247b,0.5824175824175825
ae5ab80066cc26a3,0.2857142857142857
6d58612d60a80a87,0.6373626373626373
32e4a5503ec485a0,0.06593406593406594
7d8a691ccbbdcdcd,0.945054945054945
39df6eff0c03e30b,0.5494505494505495
86b0c709499539f4,0.5274725274725275
5314b2398f080f17,0.7802197802197802
22c12aa6c26c2a72,0.2087912087912088
04e5f99d1293a62b,0.03296703296703297
647f5e48ec576a1c,0.9340659340659341
dbd9ea5185ed4809,0.13186813186813187
fed58a0b98606a7d,0.4175824175824176
718b6932eab5499d,0.9560439560439561
26095752320b524a,0.24175824175824176
90cc53196747d4c4,0.07692307692307693
1129f51676ef1b86,0.16483516483516483
11787214218e9d07,0.8901098901098901
6c83ede9afd7c78b,0.7472527472527473
fcd8dc54a783f617,0.45054945054945056
1a9ec1e58949a0a0,0.3076923076923077
9d1f65dcc623ee47,0.7582417582417582
1c8a32af5dba0680,0.27472527472527475
632977921932da80,0.7692307692307693
05fa4b70dad63a7c,0.6593406593406593
7635c74e8c9ea423,0.5604395604395604
05b3593ec444f491,0.8351648351648352
051b781bb34befca,0.6703296703296703
d0a92682b269693b,0.7142857142857143
50b4f9ccb5be2009,0.7362637362637363
beafa7accdc17731,0.15384615384615385
0ec752468eb2ea64,0.18681318681318682
60fb349bce48ed68,0.6813186813186813
3493853709f96d0e,0.4065934065934066
7bc21560911a3f97,0.3956043956043956
17fabb6a544fd52f,0.8131868131868132
a073a4b6ac90d3ba,0.5934065934065934
1f7bba9fdbca1ef8,0.8461538461538461
297d5d4a73e91117,0.054945054945054944
d407c3f14d484df2,0.7252747252747253
ab5282300ce9a0bb,1.0
4cc6952e781423c6,0.5164835164835165
1ce58a259aa4e782,0.3516483516483517
18d0d44faef88849,0.4835164835164835
61b117b651f954f0,0.08791208791208792
cbd3610ebafde8bc,0.46153846153846156
b6abc8a3bc2c8211,0.6483516483516484
ce381469d92c2403,0.31868131868131866
4f7dd0482e8800b8,0.02197802197802198
8b0d73636c4e692c,0.01098901098901099
c3c069673c48d7ff,0.5054945054945055
ee0fb227fb5ddeda,0.967032967032967
607ebc37bddd7683,0.3626373626373626
1bcf0c633be858d3,0.23076923076923078
607f406ddd963fd4,0.8021978021978022
579fa6bfd59ef959,0.21978021978021978
e4eb3bbaf56a092a,0.8681318681318682
d215fd7ab5b06ee4,0.978021978021978
c6a4c6ad2569ee00,0.989010989010989
c1c29c1dc075ee6f,0.10989010989010989
f5dfd5a0a73091e3,0.6263736263736264
efa4a46c4ef869ed,0.7032967032967034
3b4e0659e04adf3b,0.8791208791208791
7d54672dc8d47d08,0.6043956043956044
6a45551b039e4721,0.0989010989010989
b064c29c90ef33dd,0.9230769230769231
c32aa3faef5cd89e,0.5714285714285714
8533e7ecd6b3731e,0.26373626373626374
8ed4bfe940f2f5de,0.4725274725274725
3a629d2d83b25480,0.8241758241758241
859c0ef973af56f6,0.7912087912087912
16c916f7ea83c1d8,0.6153846153846154
ce0340e17305a779,0.43956043956043955
83122e4bf1dacf48,0.32967032967032966
128a0b96f2696e19,0.42857142857142855
84e4ae4733880dff,0.38461538461538464
0b3cb1eeac7206ac,0.37362637362637363
b2bb9937bf2f5754,0.25274725274725274
d27baff824dd1696,0.14285714285714285
106d34d798c509c0,0.9010989010989011
8f4b1a6b7197ea24,0.6923076923076923
90b23a02d3af597d,0.10989010989010989
5676a34b22d5af76,0.978021978021978
1e684673903414aa,0.6593406593406593
e5743f2773a867ff,0.8901098901098901
b0a7b7b618aa6d95,0.8791208791208791
db74c0285f7b287f,0.8461538461538461
b80be05b4b18037f,0.03296703296703297
994f608165e265f1,0.46153846153846156
3f3504d82b78d240,0.7582417582417582
23c5b0d9ed7d1968,0.07692307692307693
a7d05ff3268e1911,0.17582417582417584
0f0ab5da45238e76,0.7362637362637363
ffc515632b97bddd,0.945054945054945
cde8cd23efe94526,0.31868131868131866
3690255a27574c29,0.16483516483516483
da6b9dbcd4c3cdc3,0.7142857142857143
a63fbb3aa513f3a6,0.5824175824175825
1afa3138df141580,0.8021978021978022
547d913adeb313e3,0.6153846153846154
2087c23289338470,0.7252747252747253
356f9a7f616459b3,0.42857142857142855
9000bfe79f31372e,0.01098901098901099
a29df661f75a0fe6,0.6703296703296703
a401461a6a393077,0.18681318681318682
f4fae25c44f0bda1,0.26373626373626374
5914268082241775,0.3076923076923077
59d2f13d06379a09,0.9010989010989011
7a0833e85b63a577,0.4065934065934066
8d41ccd5a6b9df1c,0.08791208791208792
f21cde507a860ce1,0.4725274725274725
ea38960823dd35b3,0.6263736263736264
f1cf0222f33fb1c2,0.6483516483516484
62c52d204ffe87a6,0.23076923076923078
d69ea83e1e2f45b3,0.054945054945054944
fd9deb31b9b4b294,0.2087912087912088
20a3c8340a6c6543,0.8681318681318682
3682aeace51ad998,0.8241758241758241
2cfd7d456b8df263,0.7472527472527473
5662f13453d88be0,0.8131868131868132
aa043fce51743423,0.3516483516483517
27fd606c8e492d58,1.0
b2f99b50cd30cfe7,0.21978021978021978
311ecc3cae848a0f,0.5274725274725275
ee7c70968cfb53ea,0.6923076923076923
9d472218f49acf90,0.3626373626373626
78981991401c395b,0.7032967032967034
acd2ca4914d64a60,0.37362637362637363
41afe430b14bcf4b,0.4945054945054945
00222760dfaa6b51,0.06593406593406594
27735c6a93839594,0.7802197802197802
24c04c0ad30e3611,0.38461538461538464
fc342f413fea9494,0.4835164835164835
4dfa920439778f3e,0.2967032967032967
914905995ecc3727,0.9120879120879121
2e52ea5cad3ec82b,0.5054945054945055
f92d4ba446c32a00,0.34065934065934067
245cac5620a34759,0.15384615384615385
9ad96e95483fdfc2,0.8351648351648352
4b4d3c011ad45b00,0.25274725274725274
e599669570a910a8,0.02197802197802198
41a6be3690211a15,0.45054945054945056
bf773f5e2f96fb20,0.14285714285714285
f3528c039d2b1de5,0.5934065934065934
2ee86b620b954f18,0.3956043956043956
e05212c39717dec6,0.7912087912087912
470688c7800f2756,0.6813186813186813
e1ac37ceb116afda,0.5714285714285714
b9d4bcd8772f9945,0.7692307692307693
b21efd2e49c083a4,0.8571428571428571
1cee4f8e20ef0875,0.6373626373626373
2a8d80df77888dce,0.2857142857142857
f8e9e0dd919614a9,0.4175824175824176
53c3decd6714fd1b,0.9340659340659341
3f3b531d4506a6bd,0.27472527472527475
37a717c5d1b0d541,0.967032967032967
6b7619ee2d5086dd,0.9560439560439561
af85c06732534d14,0.5604395604395604
560ce22856b17333,0.6043956043956044
812c64c2e5e8b7ee,0.0989010989010989
d3df0dae5dffae02,0.5384615384615384
60bf79e68c7a960c,0.989010989010989
781dd7de50988399,0.04395604395604396
5a8157bb9b03d6dd,0.13186813186813187
0ad8bd273d16ac57,0.32967032967032966
4a7b7e616ca1cb2b,0.43956043956043955
5d369c8a7d867e60,0.24175824175824176
7cc9d3faffaad2ea,0.5494505494505495
5a2cc39514d341e4,0.9230769230769231
478f153950ee3c94,0.12087912087912088
4f63cbc592ea8890,0.5164835164835165
49f6f2b83b81e87b,0.1978021978021978
1ae19cbf3c085414,0.08791208791208792
a46a6e0681eab4da,0.21978021978021978
d402ed650aa9c4de,0.5714285714285714
bdefed159c77a45f,1.0
4d68ba783d8ecc8e,0.9560439560439561
549d9128a814a568,0.9010989010989011
9aba76a8a172396f,0.38461538461538464
5a4a0fb39faa4c53,0.16483516483516483
916acbb95a72f84b,0.7582417582417582
0c0fb1171c049f8f,0.34065934065934067
c5f22cd2dd6230e4,0.23076923076923078
ac89f34bdb20cbe2,0.01098901098901099
5df0ff3c72a23bc8,0.4175824175824176
a6aeffcaab3b69a0,0.6373626373626373
481666e6c54b4e71,0.4725274725274725
c2c57e732741cebd,0.42857142857142855
9c2cc422a3685ea1,0.46153846153846156
370c4156b1af449d,0.12087912087912088
56405eb7a234cdf6,0.978021978021978
e4a0014ab3a85fb0,0.2087912087912088
406abab9bf4e5ed5,0.6923076923076923
49117e9f554472f6,0.13186813186813187
c290a91f075790f6,0.6263736263736264
9757067d6532d534,0.27472527472527475
051de17646f6f740,0.9340659340659341
a62aedaa92f65440,0.1978021978021978
4baa2853183316cf,0.06593406593406594
43cf7f2c6e7c090f,0.15384615384615385
caea46449e8925dc,0.7362637362637363
19ba0b158bb2834f,0.6483516483516484
21fdfc1017e2b00d,0.5934065934065934
7ea26089e6841eac,0.3956043956043956
c02d1cc189586b8e,0.8571428571428571
5d003886f6ba9a76,0.2857142857142857
280035b55d1e9f98,0.5054945054945055
cc26355879fa41e0,0.4835164835164835
2eb5e8cc4f2ad663,0.26373626373626374
0cba3dc8419edd90,0.6703296703296703
14cc046eb9e8ae5d,0.7032967032967034
069d4fbd5795941b,0.17582417582417584
db9e73d8f88ec697,0.8021978021978022
84f109e2ed787cdf,0.3076923076923077
9f11ad0675b00b97,0.5274725274725275
6550380a71e7912c,0.5384615384615384
2d81a611d2bb1c87,0.03296703296703297
7bc3c6f30f951b41,0.6593406593406593
fb8ec1f64417ebe3,0.14285714285714285
3fbee0a5f66b5542,0.32967032967032966
bd4b03cab4daab02,0.945054945054945
4ed2936e836ba5f8,0.18681318681318682
6984acb5ce213300,0.5604395604395604
b8ac9514c0a2b7fb,0.8351648351648352
f9d5cf4714ae3ec6,0.8461538461538461
f9710478dded244c,0.9230769230769231
1fa58a4251e2737e,0.7802197802197802
ed32ee360809fa11,0.25274725274725274
f5994121fe276ea0,0.6813186813186813
24052666918266c3,0.8791208791208791
8f19f576e8ed5031,0.5164835164835165
fda9fad54c978de3,0.6153846153846154
de8e4b7381a81e00,0.8241758241758241
afc994d35e01e93b,0.0989010989010989
439be9591f594ba1,0.45054945054945056
9f7deac9528533b9,0.7142857142857143
3e52f1fe8654fd06,0.8131868131868132
76eb7dc7d90f26a4,0.07692307692307693
fde9268d73001b63,0.31868131868131866
aa2d14f57d176f06,0.7472527472527473
4170cf97b7e6c30e,0.3516483516483517
014ef3fc93e08051,0.989010989010989
b252b4be343b19df,0.02197802197802198
211fd9cb7bb5642b,0.4065934065934066
866773ad30e64529,0.2967032967032967
76cb0e1e6f7023f1,0.5824175824175825
921fad5de6ef16ce,0.24175824175824176
773c8cfb4a5ca196,0.7912087912087912
8fb60580cca49630,0.7252747252747253
215767ef19fc8159,0.37362637362637363
5de9938db672c371,0.9120879120879121
47f6159817e9c60c,0.3626373626373626
1eb6269b6fe0496f,0.8901098901098901
94c5b5d388ac71e9,0.04395604395604396
3efcc7b9fb28d9ca,0.4945054945054945
346fb68f0793c8cb,0.967032967032967
b2a7860482fb16fe,0.43956043956043955
02f63ad4e6a30947,0.7692307692307693
f5932691a627cf82,0.10989010989010989
79db1c528486a116,0.8681318681318682
2bd5cdaebe776dcb,0.054945054945054944
3b600fe5c8f9b6d2,0.6043956043956044
5e5979943b47890d,0.5494505494505495
714cbe2655ace25e,0.6593406593406593
7cbdb1e265addb73,0.8021978021978022
c4d7288fabfece37,0.5714285714285714
8ea4aec3686378d1,0.8131868131868132
162b936488a13b75,0.7692307692307693
cfe992a617ff5819,0.3626373626373626
736758f7f02f0036,0.1978021978021978
80085e0022d4c049,0.02197802197802198
9c124cadb703b9f9,0.5494505494505495
3a9efb8bb41f7758,0.17582417582417584
7457a014a54ec26c,0.24175824175824176
0ce52bf8ef1ec854,0.4175824175824176
bd9f890f186d5795,0.8351648351648352
5739249bf30ccb09,0.9010989010989011
95db000a97314c6b,0.6153846153846154
65f6a4758143be4a,0.13186813186813187
95353a80ed03d36a,0.31868131868131866
6b0e0029bea1d692,0.45054945054945056
a2254c9632f67856,0.46153846153846156
8caadfda51d217dd,0.08791208791208792
45e218a04dd473f0,0.6483516483516484
659d8d0beb42a76b,0.27472527472527475
60335f495806f05f,0.2857142857142857
a064377ae6825f80,0.21978021978021978
350fe7e1e435b208,0.37362637362637363
d587f12c639a8e05,0.2967032967032967
43f70290c2bb0c75,0.3956043956043956
0c60d52f04549c3b,0.15384615384615385
67709095a5e7c30a,0.6043956043956044
d7d235dcf5b68333,0.5934065934065934
802f8ed137b7fb29,0.7252747252747253
e68d3700ad62a856,0.10989010989010989
70fdd1413e6998fd,0.43956043956043955
bdd573b8044de5a7,0.3076923076923077
db367fbee8197e09,0.34065934065934067
2ba743b35eee3ffe,0.18681318681318682
bffcc329b1b98c2d,0.6923076923076923
a2dbb326bd802b8b,0.7362637362637363
e318d84ad5d45a89,0.8461538461538461
7882f03fa026690d,0.4945054945054945
2c0e3ae421cf327f,0.32967032967032966
e12528916cf28383,0.07692307692307693
e3fdd32847232358,0.9230769230769231
ccfed8948f57dad4,0.5384615384615384
be2d8af732d36e89,0.054945054945054944
527c1b38b858d1f6,0.6263736263736264
de0d2e5d4190fa78,0.26373626373626374
304d330276e68e66,0.25274725274725274
05b9efe725781e08,0.12087912087912088
791da1c074e7c7f4,0.6813186813186813
3a7d46db9e2edaaf,0.8901098901098901
4d38a49a0781ab7b,0.7472527472527473
6d6e0cff491f83b5,0.967032967032967
187280cd9952ef02,0.945054945054945
5add34aaabafcda1,0.4065934065934066
3b4af5e803d9d7a6,0.06593406593406594
bc19fcbbcdaebfb2,0.38461538461538464
b3761cbbd995b4bf,1.0
bb940d0a4b48524b,0.0989010989010989
ab8582065f08e845,0.6703296703296703
d8032dd12879d173,0.5164835164835165
2a69aba1998781eb,0.5054945054945055
59bb4b3290b71fdb,0.9340659340659341
9883544d2cc8724c,0.8571428571428571
144995ab89b6b773,0.5274725274725275
14943a867c0260e8,0.5604395604395604
3dc24707670617a5,0.42857142857142855
65879c710fc9f7d1,0.7582417582417582
76ecc9d7d59e24ec,0.7802197802197802
52935d9fed4c7ccd,0.14285714285714285
05bb1fc2f6a05db3,0.3516483516483517
7ed63579b49a6dc6,0.4835164835164835
df72939a7eeda75d,0.8681318681318682
8b17748b8f759397,0.4725274725274725
01d01b02e5e1d4da,0.7912087912087912
892f428c8654c1c2,0.7032967032967034
28d11e3b42fa5ded,0.8791208791208791
d4bbd9dd310c66c3,0.8241758241758241
3658e8daa61a54f5,0.04395604395604396
566fec0d10293af1,0.989010989010989
bb1e008d47bd54b9,0.23076923076923078
abda90ee49e91729,0.2087912087912088
b87f3ec14be9ae26,0.16483516483516483
7eebcd9b6af8ccd1,0.9120879120879121
f2062625032e5715,0.03296703296703297
7af3848105ef19e2,0.7142857142857143
9875172c046e7083,0.6373626373626373
0d370f3ee27638c8,0.01098901098901099
8c7267338b24c3cb,0.978021978021978
0d2d994f631dccd6,0.9560439560439561
3b53285f214550ee,0.5824175824175825
79496e997792e603,0.6373626373626373
5128ce45540b4ee6,0.9230769230769231
eb91137a5970474c,0.6483516483516484
4ee72ac0e9f67f3b,0.3626373626373626
956feec37f3334e7,0.1978021978021978
cb23020f4b53fd83,0.21978021978021978
b9d0713adedb4ddd,0.967032967032967
8a14d174865be314,0.08791208791208792
8491e374cc50307c,0.10989010989010989
0564848c8f7718c7,0.8791208791208791
b456e2e68d063b3d,0.5714285714285714
6a20f7a80995cb12,0.5604395604395604
23f7b34c6cc43616,0.01098901098901099
18d689c501684ede,0.26373626373626374
1ba7746e3f612dde,0.37362637362637363
fdce11a53129ffc4,0.5384615384615384
2aef91e544dfa041,0.14285714285714285
6bc872bfad4cde29,0.8571428571428571
c131d6e68b2726bb,0.6153846153846154
c4c45c0744499d86,0.32967032967032966
880bd334b5147385,0.25274725274725274
fd0c2c26b7ebde61,0.3516483516483517
336d80e631ce54ad,0.4835164835164835
d58abeb0b4f374ea,0.8901098901098901
0cf571d018c49f72,0.7362637362637363
59232dd330e9d5b6,0.6043956043956044
22e19c35cf9639a3,0.5494505494505495
2393f8ce76a8c9c4,0.945054945054945
b7b57bd1f96a0ef6,0.15384615384615385
ff274f8e726e2f32,0.4945054945054945
22e8b8c12020f7d8,0.7912087912087912
2665a04e35ed97f4,0.6703296703296703
b5ba71a0d79e06a9,0.34065934065934067
dfe4142524ee15ba,0.8241758241758241
80b3546eaef3f64a,0.6923076923076923
fce9d13d70152c1c,0.43956043956043955
b2ffdd8324d031c5,0.02197802197802198
1d17b20b330642c9,0.0989010989010989
3aaa00adfb11479a,0.8021978021978022
bfb1584bb6ed0262,0.7032967032967034
2a671ca680fd8143,0.5274725274725275
2bb21eab56ffbc83,0.04395604395604396
09dce0ad0a4aac88,0.45054945054945056
7c0baeaaeea4b064,0.9010989010989011
7e26585cb6df8e96,0.42857142857142855
eadb2d1eb8bb456c,0.8681318681318682
b8c933b458dc54e9,0.3956043956043956
5ce1535200978592,0.06593406593406594
cd0854c621cc1cae,0.07692307692307693
8546176fb4cb328b,0.31868131868131866
eee4af208cf87e72,0.27472527472527475
95a1a2e288038752,0.2087912087912088
a6ddce8fc3495df5,0.38461538461538464
3aca55492c5fa3dd,0.8131868131868132
272fd72969ab1e39,0.17582417582417584
c9866bb44291426e,0.24175824175824176
9e2868b0366c129e,0.12087912087912088
6f4645ed4fb71064,0.18681318681318682
ed0eaba28afbd0ec,0.7142857142857143
56050ea04d7b7405,0.16483516483516483
7911a553f928908d,0.7692307692307693
31cd9be7ab59d7fd,0.054945054945054944
eec36a768c065aa1,0.7472527472527473
cbeb32c0bfccf1dc,0.7582417582417582
d3a4eb0c48c53f2b,0.23076923076923078
4ab20ee53b54ce9f,0.6263736263736264
086c83214a16769c,0.9120879120879121
43cb1f3e57cac627,0.4065934065934066
c1140d27b6f024f3,0.4175824175824176
67649387d2377335,0.6593406593406593
3f6fcfcf1cb571ad,0.2857142857142857
8848042286857c5d,0.978021978021978
0414e2ea477bf3e8,0.5164835164835165
c7510375235a1993,0.9340659340659341
e3e6db02400de722,0.5934065934065934
4d1292da144ee0ce,0.989010989010989
10b7b045b1bd1813,0.4725274725274725
7b2fd402d5cb0d41,0.5054945054945055
2d63fb4be6703e79,0.13186813186813187
b26d5d7e370599b7,0.9560439560439561
1876079c0592bec8,0.2967032967032967
66659b269cdb3f72,0.8351648351648352
4a389280813940b9,1.0
d9b2d6a752f6979e,0.3076923076923077
6eb12902bf9dd59e,0.7252747252747253
27e7b872b54f5153,0.5824175824175825
13d5b47388ec88a6,0.03296703296703297
5fadd8661788fa34,0.46153846153846156
2a3b439dbeab0315,0.7802197802197802
fb7f6d71b363ee4b,0.6813186813186813
98e004e0cac767ea,0.8461538461538461
32bd3c624edd494c,0.07692307692307693
de6d7cd5ce42fae4,0.989010989010989
cdd196fbb223100b,0.9340659340659341
5b80e4fd39fda4ef,0.6043956043956044
564e75cde5cf5e7e,0.9230769230769231
4305d3844381fa97,0.34065934065934067
9e58b4aa13bed6c9,0.24175824175824176
34e9df1b4b0d4df2,0.01098901098901099
cf2514e5683e2097,0.8571428571428571
d0e27ba8ab511009,0.7472527472527473
5c057b80bad07759,0.12087912087912088
085482474588c1c7,0.5824175824175825
39fac8384ef51be5,0.06593406593406594
6cf33dcb2cec85c2,0.6153846153846154
be948d43266f3872,0.6483516483516484
9f5789eb4a2f9912,0.4945054945054945
0ca9b2cc755f4e8b,0.08791208791208792
434b8231b9327946,0.46153846153846156
a3dc0ce3c0dba49d,0.4835164835164835
b6821e3f37220ec9,0.23076923076923078
6d10f5852a0f5e9f,0.38461538461538464
4893f40535dd5206,0.6703296703296703
b81f87c78c60dde7,0.4175824175824176
6d4282896e1ed8fd,0.31868131868131866
e791058bc755afac,0.6923076923076923
74263ec6a8e4979e,0.3956043956043956
6485b7c8ffe9e807,0.03296703296703297
ddc9f116683365af,0.7912087912087912
66b4f6895d6ec681,0.054945054945054944
5e41d7bef9fb44f8,0.5274725274725275
ae797d9a3f565c79,0.17582417582417584
a8ae3fe3e679f480,0.3516483516483517
e3a0381fa3ec0649,0.2857142857142857
070a2a283d81fd36,0.45054945054945056
c828c662428ea629,0.8241758241758241
5e53ea1d885ed4f2,0.18681318681318682
2f29a0163d0783e9,0.978021978021978
5ac36f01bc037d82,0.10989010989010989
36040241fedb0d25,0.7802197802197802
104dd3103a8d5093,0.8681318681318682
20bcc231e71ec327,0.8021978021978022
fd8eafe981415d18,0.26373626373626374
f64f96b247d928e7,0.6593406593406593
879b79da188d0c08,0.5604395604395604
b7415e1e58100418,0.7252747252747253
23de721c298ebbd0,0.25274725274725274
c5fff3d3bcd7f0f8,0.5714285714285714
14c83d2d9dd1f970,0.7362637362637363
ebb3719a5d6fd6d0,0.42857142857142855
fb0600da68a15b74,0.1978021978021978
2329dfd490d7e149,0.2087912087912088
543a8cc65b49db8d,0.6373626373626373
ea0b843aeaba8884,0.0989010989010989
eb6d183f22fb79ee,0.5494505494505495
d33578c772e8f06b,0.9560439560439561
0088d6645b417fe9,0.15384615384615385
a9dc115588313d2b,0.7692307692307693
3299cd284a5439b5,0.16483516483516483
86e8ab3271afb583,0.3626373626373626
0beed3e5ac404f4d,0.43956043956043955
35cc68bc1725ceb3,1.0
eb41b320a653071b,0.4725274725274725
e3ab5ddf367a5efa,0.967032967032967
6d3a85a674f407cb,0.5384615384615384
b5fc69354eba5510,0.37362637362637363
bc9b11d3f27e8bf6,0.8791208791208791
68678ba18a29b9fb,0.9120879120879121
a631cc0ff7b5810f,0.4065934065934066
90d4d79afb3554e9,0.6813186813186813
9cc287b2d7825796,0.02197802197802198
109539fc2b6f2680,0.7142857142857143
c17f6150cae62079,0.7582417582417582
f4136c474979de4d,0.5934065934065934
1c75ebb61b00a7f7,0.945054945054945
93fc9f6edb899c39,0.14285714285714285
893eaa5752114bef,0.8131868131868132
8da07f21f8a50a38,0.7032967032967034
cde2b69d1f7a9f67,0.21978021978021978
88629ba1086edc58,0.8901098901098901
dbd86e904b5dc04c,0.27472527472527475
c454899d8bb7d5f1,0.32967032967032966
5ae175e6b3f0463e,0.5054945054945055
dd21e9704d60f975,0.6263736263736264
fb07a0db37b33e46,0.5164835164835165
22e9353bd6153291,0.2967032967032967
cf7fb0dbdd8531a5,0.3076923076923077
bc2d132d080ea1a5,0.8351648351648352
724438ddc2000d4a,0.04395604395604396
535cd3e5c6f7625f,0.13186813186813187
8a066945551d725d,0.8461538461538461
381d45040120c246,0.9010989010989011
be705fb29e0a7aa3,0.8681318681318682
98e937ce01a1cea9,0.9340659340659341
3abdd4c1e9545611,0.5714285714285714
4a67814c0b8da9d1,0.7032967032967034
5b239229600a4368,0.4065934065934066
6e322a8fa9ff7f1a,0.04395604395604396
c2264fd331759bed,0.054945054945054944
214fe8bbc6698853,0.8571428571428571
2db985a8908c6ea0,0.01098901098901099
340a17b1d49d94b8,0.8461538461538461
0d6e2b0c9265c537,0.4725274725274725
103567764ae54a5e,0.7582417582417582
6c65da9f3089238d,0.6593406593406593
4c2e9b3502463bba,0.06593406593406594
4a7a55717541ae38,0.21978021978021978
29bf86e334c9b9bf,0.34065934065934067
c7124338a8beda46,0.7142857142857143
ea783aa352033706,0.7252747252747253
b1216f130da98594,0.6483516483516484
d868363a239bfe61,0.27472527472527475
5dab88e29e3b1479,0.24175824175824176
291d301c2e3da72d,0.25274725274725274
380f09a089fa2f3e,0.978021978021978
2f6d8ed6f1dfdfaf,0.967032967032967
d7d8811acbaa81c4,0.8791208791208791
a3f002be05e82aaa,0.32967032967032966
f6f936038bc92dab,0.4945054945054945
1ae5d5da77a33bd2,0.0989010989010989
cc269d76c6432744,0.989010989010989
3db8bc183965fd2c,0.02197802197802198
26574f9ccbc6baa0,0.1978021978021978
1ffb4887ea0c54a8,0.37362637362637363
4884e7b98231d3db,0.16483516483516483
c8b564cfb2383c88,0.6813186813186813
f0e853d9df05c669,1.0
7631cf943c4cd83a,0.45054945054945056
47547f83326c2091,0.7362637362637363
c7d13e333032580b,0.6043956043956044
b19d6fe1970494d9,0.7912087912087912
ec157a46dd926e8c,0.9230769230769231
305d327b24e59619,0.12087912087912088
1aaaf627cae84a58,0.3516483516483517
11af9a18df55ea9f,0.6923076923076923
f9c9dbd586ca39c8,0.3076923076923077
75cf79248f1794cb,0.8901098901098901
363c7649f4e757c2,0.17582417582417584
3eb168c136e370a3,0.31868131868131866
eb1c3e8941b544c9,0.5494505494505495
a43b3a141943750c,0.3956043956043956
664eeed63a7bcc74,0.3626373626373626
e52bcda6fedfb684,0.5054945054945055
3285efd3f8b361cb,0.08791208791208792
f5c6e3828e0f04bb,0.14285714285714285
a9950190ea63d9e9,0.7692307692307693
51b317b16646f0a0,0.4175824175824176
9650fa4b81111ea2,0.03296703296703297
a6cdff42224af854,0.07692307692307693
6d7b3f21d6e70315,0.2967032967032967
63a1b59ffa8488bb,0.8351648351648352
5aa0b26b11ffead2,0.2087912087912088
14e682f538fd3bcb,0.5934065934065934
3541b295bdca700c,0.5274725274725275
70d3512f820433cd,0.5604395604395604
ccfd2af92a7f4912,0.10989010989010989
1ce88688a31de533,0.42857142857142855
153921435eb7a51d,0.38461538461538464
cca13cd998b4f1ba,0.43956043956043955
02386d0c7606e345,0.945054945054945
3a1fa3082024b44d,0.6153846153846154
f8236ceccf1e42c8,0.6263736263736264
1045c452d1bb7e6f,0.5384615384615384
014f87765a16d983,0.7802197802197802
2a8948828c809d8a,0.23076923076923078
98eb6f26cefda2b4,0.9120879120879121
fd348c1ccc7848f5,0.46153846153846156
4ae30e96452089b4,0.15384615384615385
7100fa2c00103a14,0.6703296703296703
1d2bd52c2b8073ee,0.8021978021978022
11a36eda11d48153,0.9560439560439561
49b96ef2592764a5,0.8131868131868132
294d02359f1601c0,0.7472527472527473
999fee311426c868,0.26373626373626374
3a07baef66e5842c,0.6373626373626373
5fd41f7ebf2b3fa1,0.9010989010989011
a18614a3baa5e529,0.5824175824175825
5a4093d98c91bc41,0.13186813186813187
2e1304bc81d1cb6c,0.4835164835164835
c1d536ad860b5be2,0.5164835164835165
20ae97f362c5f80c,0.2857142857142857
d9a4f9bf300491de,0.18681318681318682
d62a5f4625450dea,0.8241758241758241
f244a59eaa0928e2,0.7032967032967034
b4f4fec3e2c4c108,0.6483516483516484
321842cd8cc67e55,0.32967032967032966
06eea2ad7e5cfc12,0.24175824175824176
6fafe843193f58f9,0.3076923076923077
f9b989e3c71fe623,0.5164835164835165
771c967e33eef74c,0.18681318681318682
80e85bc8e35efc28,0.8901098901098901
69308e43b814817a,0.26373626373626374
3611fe90c1ef0b3f,0.5274725274725275
c33d615ca8e1d3af,0.15384615384615385
e70634f9cd0a0182,0.7802197802197802
8cdaa94ecae2dc32,0.5054945054945055
dcd5b606cb626f99,0.3626373626373626
7fa0fce16bba2d47,1.0
6c058c0eea01da79,0.43956043956043955
655f7ed6c7534667,0.8131868131868132
8302cc395616d229,0.6923076923076923
d4d41d1069574a2d,0.6373626373626373
2b60c27fb0e2a844,0.37362637362637363
e92f42fe6d7f0594,0.38461538461538464
0e00945f2f538829,0.7362637362637363
928ccb1c46f1f525,0.7472527472527473
ed0e4c8180ff8190,0.978021978021978
a26db96405d0c2cd,0.7692307692307693
84537d0d92920f83,0.6813186813186813
1dea35cc6e03fdf1,0.5934065934065934
2ea906601da3ed66,0.8681318681318682
1349423df03f2564,0.4835164835164835
66111885a5d9fb0f,0.5824175824175825
e96620b1a8649400,0.4725274725274725
4b23fc4c56fd02e6,0.14285714285714285
10efa9a225481c35,0.46153846153846156
f1a68aadcb34a72f,0.7142857142857143
4db5e6678719c164,0.27472527472527475
8687fbf2f0866f83,0.7912087912087912
4b9cb295e1124ca1,0.7582417582417582
ea6df2f6fd5e5e2a,0.03296703296703297
e403230266407bfd,0.25274725274725274
65e070f784b66325,0.9560439560439561
a40575a4e9f1ac48,0.6153846153846154
e8c44a00f7fe96b4,0.34065934065934067
e0dc166f511d47ac,0.8571428571428571
53efefaa4a64b2b7,0.06593406593406594
8e96619846aa26f9,0.6593406593406593
4e46b6392d2a8bc4,0.4945054945054945
737c4df2fa571c59,0.0989010989010989
c70d9bc82332152a,0.2857142857142857
47aabc3a5d99535c,0.6263736263736264
a54758d03bb65e74,0.5604395604395604
6184d683da4fceeb,0.12087912087912088
4f112c910528dd83,0.4065934065934066
582b50c54bb5df75,0.21978021978021978
27a7ce37aaaa21a2,0.45054945054945056
c5c4d49c58c37b00,0.3516483516483517
6e0a88f351ffbf58,0.13186813186813187
53edd8d05d6b26e0,0.5494505494505495
1ef0e8a055ddf3e8,0.5714285714285714
55cc1dcec304c79a,0.16483516483516483
b6564e9798c7a25c,0.08791208791208792
f9c25b3fbd7ea702,0.8351648351648352
993eeb5b004f8e4d,0.5384615384615384
41bfb7bf7aadb1d1,0.6043956043956044
8ad109ee28a580a7,0.967032967032967
5f2baa5229f7073a,0.9120879120879121
67ef797df9b5f17d,0.04395604395604396
bca4bc79a51f3ac4,0.989010989010989
dc6494bed16f7d62,0.17582417582417584
34a5a338b8124a70,0.02197802197802198
a8a10e41dd3d093e,0.2087912087912088
15acb5dba13086b2,0.6703296703296703
b16d3e7dd2ccb93c,0.23076923076923078
fb1a9725331c37a1,0.8461538461538461
f4f57516f93fcf07,0.9230769230769231
248ffadf81bf4659,0.1978021978021978
74c687edaae70c35,0.2967032967032967
7e92e1358f89fe72,0.8021978021978022
f1a9436a3d9a9ae4,0.3956043956043956
f02ebd27af82b535,0.31868131868131866
a74453f784ee5b06,0.10989010989010989
ee79b623a32fabe7,0.8241758241758241
5209497aaef2a127,0.8791208791208791
b40be14446d4c840,0.42857142857142855
b359e3fe8b0226f5,0.07692307692307693
8b383fefa64b40ec,0.054945054945054944
78136d342e3b063e,0.7252747252747253
c68b8a386913eedd,0.9010989010989011
4549592efc1aa2fa,0.4175824175824176
6d768bdb55b3cce0,0.01098901098901099
02e83828b7c7780c,0.945054945054945
469936f5cc0c7fa6,0.9340659340659341
58b0f1afed540bb5,0.6263736263736264
d65edacb44046f8f,0.2967032967032967
b62e34978f374461,0.1978021978021978
831ff116fa5a741a,0.04395604395604396
5920f0610cf3ea84,0.5824175824175825
f09ce1c7ee32b208,0.45054945054945056
3850a42f4cf0ed6e,0.9230769230769231
f3bfdaf483c09d49,0.2087912087912088
e6a0795d1082b56d,0.8901098901098901
4861f61722cc2f24,0.13186813186813187
add45497bbaa2536,0.4725274725274725
080bdd07c640a8b0,0.12087912087912088
98a94909e4e8691c,0.46153846153846156
52379436382e84ca,0.8241758241758241
67d80a3d8e15e6ca,0.14285714285714285
f319e5a7d198470d,0.8571428571428571
43c600da1cae43f2,0.5604395604395604
29876a93da6dfe34,0.5934065934065934
f3c45c3ea6189579,0.7912087912087912
c1e743559f6b0346,0.8791208791208791
2b48001b761faa29,0.5054945054945055
7082603ce973e5b0,0.15384615384615385
62f1230ff15d228f,0.24175824175824176
c0c738ad2b6b29ac,0.5164835164835165
d88fcb9420bec132,0.9560439560439561
62ebd8faabca29a4,0.4065934065934066
65cde7a98417a6b6,0.42857142857142855
5e3971ff26a7353d,0.7802197802197802
7dc8231b0386a859,0.27472527472527475
c63949e9a75e4154,0.7362637362637363
2bf979140f354f1c,0.02197802197802198
6376969e2c361c68,0.9010989010989011
feabb0b3125ef9b1,0.6043956043956044
c3283ab244cad031,0.18681318681318682
9fc9d1bcb543e62e,0.4835164835164835
8b58d0ba3c59d71c,0.01098901098901099
af62b6e5bae91909,0.3076923076923077
417f5f5169353eb2,0.16483516483516483
699186a98d791a9a,0.9340659340659341
2a80383c25475540,0.8131868131868132
c952c4d1fa39e2a3,0.7692307692307693
6337313f37e50e9a,0.10989010989010989
7f6b3722f20e8c23,0.3956043956043956
d87b404c52cc3e9e,0.978021978021978
2e58ed39e977eea3,0.3516483516483517
ae6c39fbdd945a89,0.06593406593406594
201002e953bab5ba,0.5714285714285714
5985b602d2304914,0.5384615384615384
2efe51ded3efee49,0.4945054945054945
0658b2d28ab828f9,0.6153846153846154
63a84d9312273b80,0.0989010989010989
127e845e64082ed3,0.26373626373626374
6f33f84cd8d11b6c,0.6373626373626373
e7b3fd324dd0af40,0.08791208791208792
324baf4ef20560f3,0.03296703296703297
d194f930d6e48876,0.9120879120879121
9ce8d8b453e95400,0.25274725274725274
8a3ac2e892298fd9,0.34065934065934067
adf43eac828a2e91,0.21978021978021978
78852e6e82d7d1a8,0.5494505494505495
4ec7201a7e1a70e3,0.7472527472527473
559e3666ce3daf79,0.23076923076923078
55af9cfe903736be,0.6483516483516484
db988fecb72d856f,0.38461538461538464
0fa032d6cfb23e4c,0.32967032967032966
0561c4cd00921b52,0.945054945054945
a93488487ed62649,0.7142857142857143
a9493cc1881229a8,0.8681318681318682
422425b5b55cea43,0.8461538461538461
c6912c83b383fbba,0.8021978021978022
a7496716cd812822,0.5274725274725275
8dfc17d236afe59b,0.8351648351648352
d5eb41f8e1996759,0.6923076923076923
48757874e8ef5eac,0.6813186813186813
a658dfa6685d815c,0.967032967032967
6b64a302141deff2,0.3626373626373626
8a0dd97423fa951b,0.17582417582417584
b9db972dc013347a,0.054945054945054944
75ac0829beeb2b12,0.31868131868131866
14a3da11e1b759da,0.989010989010989
faa63f0d927443c9,0.2857142857142857
7eeb0a406fa71555,0.7252747252747253
aa5b74d4c5cad0ba,0.7032967032967034
b80cf0f8f49df766,0.6703296703296703
e80f5017ffc1bad4,0.43956043956043955
782e08e8b7b165ff,0.6593406593406593
d0368d74d2229cdb,1.0
8e7edf23dcf32baf,0.7582417582417582
8c26be5bec85317a,0.07692307692307693
c0168ab1c94fbdbb,0.4175824175824176
86805dfe545d0af6,0.37362637362637363
044bcfeff666a0e5,0.07692307692307693
ef53de69adab5f42,0.6263736263736264
bd8ba21f420327b7,0.24175824175824176
912f76ab7f1c880a,0.2967032967032967
e924dc670851d442,0.31868131868131866
fa21c8df2cda6554,0.45054945054945056
672646687d0fa02b,0.15384615384615385
72e92f074d670f2f,0.8901098901098901
7915998bdc2c0407,0.945054945054945
475c2678ac21becd,0.04395604395604396
421ca79716b5a6ca,0.06593406593406594
f3a26d948f746aa4,0.01098901098901099
768769dd6bba679a,0.7032967032967034
1e884af4845a5232,0.17582417582417584
cec07df9f7d147cd,0.8681318681318682
f3a207fe4ef5a869,0.23076923076923078
c28e880b1314b4bc,0.8571428571428571
fe6c77b099bac5ce,0.4725274725274725
131ebd1928b6b2bf,0.3516483516483517
d7bea4b7fd6b6cca,0.13186813186813187
61554352f72e7cbd,0.34065934065934067
9fe64c05e254e8bb,0.8131868131868132
4d2c3c689b4c244e,0.9340659340659341
d5bd865fbc3755ca,0.5604395604395604
1af7825ef9aa00b2,0.6593406593406593
09a598ba30be73a7,0.7472527472527473
eae17b2477dd8978,0.26373626373626374
f55177473ee7ba98,0.5164835164835165
b8c16bea01af8a43,0.18681318681318682
a1d3da3e72078d13,0.4175824175824176
2abcb9e0a6c75cf5,0.16483516483516483
f4306da2554bc61f,0.9120879120879121
8454f854b679ad46,0.4945054945054945
9f5e1f2f072c367c,0.7802197802197802
4f4a4b9015ff2bc6,0.9010989010989011
db849926df7f232b,0.46153846153846156
fd8e3fa9331e4f0f,0.5714285714285714
98cbb9edb26498dd,0.7252747252747253
cc069c5c278716de,0.02197802197802198
b769a3d18fc0c135,0.7912087912087912
7d0389edee659523,0.978021978021978
d9515642d34e476e,0.6923076923076923
24ef0cdf76fe5573,0.7582417582417582
fb5994d01b8e6d2e,0.10989010989010989
0802c73f68118d16,0.5824175824175825
bdb88dd532866478,0.6483516483516484
6aeec23fcd293a26,0.6373626373626373
a7686ad29e262f43,0.0989010989010989
4bfb6341b64968a3,0.8351648351648352
cc58709e17b5bcc0,0.37362637362637363
e1bc8412ed72e6e0,0.08791208791208792
be6fe085afd614cb,0.7362637362637363
f3ce97b73351f599,0.6153846153846154
5d9b8aa26ccef69c,0.6043956043956044
8266b9a27e36178c,0.8461538461538461
d5b712a34b311567,0.2087912087912088
32e1cd77b4a4ae86,0.3956043956043956
25b75177cb4c60e4,0.4065934065934066
bd712a304b09bcd5,0.1978021978021978
204edbb1546a01df,0.8021978021978022
121e7423d193df5c,0.7692307692307693
f03a52f2b113d7e7,0.5494505494505495
53554b713194e706,0.25274725274725274
7e70832996417495,0.32967032967032966
15742603a13cb68d,0.38461538461538464
e64d8c008dca228f,0.8791208791208791
4e5d58db9b6fe094,0.9230769230769231
17ec344ae6965574,0.6813186813186813
82fbe17f5932e651,0.054945054945054944
76d75444d9a8b2e8,0.3076923076923077
e645c799a75ad60a,0.5054945054945055
bb28b1e5a11adf9f,0.7142857142857143
413e68c9fb87b315,0.3626373626373626
647420ccc16f4449,0.8241758241758241
1785a3d4c982ee89,0.967032967032967
c3aca400de42e50b,0.43956043956043955
cbbd63173a3c0ae5,1.0
e5caad2864986adc,0.5274725274725275
e1f87c4c69e689dc,0.2857142857142857
2afc2aa5b5f897b7,0.5384615384615384
4265e8838bf2a2cc,0.03296703296703297
cbb68956d786f667,0.5934065934065934
28d02a91dc6b1248,0.21978021978021978
8418a7790b8d8fa9,0.14285714285714285
10b98b745269474a,0.42857142857142855
d9f98e0c2f0bf49b,0.27472527472527475
ab6fda602c72d467,0.6703296703296703
3d3988897444ee47,0.989010989010989
3c348c981c369779,0.12087912087912088
1f2df7a1ebf997bc,0.4835164835164835
8c33a00aa3a4980e,0.9560439560439561
69a721391e89a4bd,0.23076923076923078
339b542e9e4ad2f9,0.02197802197802198
db372c792a772ef5,0.31868131868131866
a7ef9e00b6d8d090,0.7912087912087912
458dff4115d5ab14,0.9230769230769231
4c14ab6cb89a4724,0.6153846153846154
24235565ecbeb636,0.34065934065934067
152a611d86ba03fd,0.24175824175824176
21480c5f1adefcce,0.43956043956043955
cb7156b4ac5104b0,0.989010989010989
e6a82024e4e47633,0.7252747252747253
c32f2996523d960c,0.6373626373626373
f014da19c1377a56,0.4835164835164835
75dce0304187d1a7,0.45054945054945056
712afff497a38dcf,0.16483516483516483
a8a1a2fa97be9139,0.5494505494505495
5a5e3d72285fb164,0.5384615384615384
7fb46c6dc6316748,0.13186813186813187
50aba07cf050664e,0.5274725274725275
ed11246eb0ae962b,0.5604395604395604
a82394e24df64354,0.6923076923076923
4da4c990f8695262,0.8901098901098901
a36956e4bf33db36,0.21978021978021978
62fe7775fbc5f20a,0.8241758241758241
ba7f550926191ab2,0.8351648351648352
b7c30751eca04a62,0.978021978021978
031c2a1b539159bc,0.7362637362637363
21193c9873a8dc85,0.26373626373626374
f04df07d1288256a,0.7692307692307693
5bb04cb0c6338e6e,0.1978021978021978
a887299bd5b16994,0.9010989010989011
889a10e91b5c2ec0,0.5714285714285714
aea5e4a67672e3a6,0.37362637362637363
ae92fbe282aef339,0.6043956043956044
a50f155ccaefa032,0.17582417582417584
1fb9a5824076481f,0.5164835164835165
90ad40bde8e21563,0.3626373626373626
4ca50a19da0de2e8,0.04395604395604396
c7cc7253c6a5b988,0.2857142857142857
0be05767d7dfc40a,0.46153846153846156
dc000f400d742571,0.9340659340659341
f37afad6140f320d,0.38461538461538464
25b42c04de62b7e5,0.0989010989010989
5ffdea73c31132ab,0.15384615384615385
3a0fd47bfc8b1abf,0.3956043956043956
388add4911aebaab,1.0
0c15ea3c76957b11,0.2087912087912088
88e630e807828fbb,0.4945054945054945
6ba15fbc30b2e339,0.5934065934065934
f07de2eb14d8ef57,0.03296703296703297
5b66658d46bf5a6e,0.2967032967032967
799e3bad571310c6,0.4175824175824176
4ec37df139acb081,0.8021978021978022
d2cf32dccf5b5614,0.25274725274725274
888b92c81dfca502,0.945054945054945
73ce2ca21a5ea3d6,0.8681318681318682
629dccab3a90f92e,0.4725274725274725
6be204bf55a1d3b4,0.3516483516483517
a9fd5f1950c97b1b,0.967032967032967
a70f8d538dbc898d,0.5824175824175825
e817f0d5e1c1e782,0.7032967032967034
f49b80a80317c6ef,0.8571428571428571
6f19d1df8f0aa0c1,0.27472527472527475
61c5e173416e2856,0.14285714285714285
cdd4a3259f82820c,0.6813186813186813
16a8f177315c73ee,0.7142857142857143
74bb9a849213ff7a,0.8791208791208791
d617442fe116d659,0.6263736263736264
b564faf9a0bc7718,0.6703296703296703
14a722b65235e31f,0.9120879120879121
6ce159a9ec35e7ac,0.7472527472527473
1a4279e3e76fb7b8,0.5054945054945055
dd7ced5bfaaf550a,0.10989010989010989
35c62fc218fbe2ce,0.18681318681318682
6c40a0b33bfc1463,0.6593406593406593
3786df0af5640b34,0.4065934065934066
f0ec3444c925315a,0.9560439560439561
6aa35b9120b8ae11,0.06593406593406594
098d085cb4d9b724,0.32967032967032966
cffb87ea0736155b,0.6483516483516484
a4489c1128a1207a,0.12087912087912088
f75b1760cd6bbb32,0.8461538461538461
aa549eaebb69234e,0.42857142857142855
5ef5ca8021f9bafe,0.08791208791208792
e9e04d46c3a78de4,0.01098901098901099
1002dbc5f583bdc9,0.3076923076923077
529b1f44ab010203,0.054945054945054944
a97ef3a0e45eda18,0.7582417582417582
454bb94001eac324,0.07692307692307693
7c6898b9e925149f,0.7802197802197802
83b68a19e0730840,0.8131868131868132
6d1d8ed8b3827771,0.7032967032967034
42e0e36164956655,0.4835164835164835
ad2d2aadad51268c,0.7692307692307693
e927633931dc748b,0.24175824175824176
851d121487d1099f,0.08791208791208792
7f21a8d821595e52,0.32967032967032966
0c81de7cf92d76ed,0.054945054945054944
9f14fc803bd84367,0.5494505494505495
820f0aeb97d69ccc,0.01098901098901099
4572513aaae5d396,0.2087912087912088
40a3a5282bf3dbb5,0.5164835164835165
54e1847efc1f9844,0.2857142857142857
45f8a3619535dc72,0.7252747252747253
356cca0406ac67c4,0.16483516483516483
13c01bb28c83ceb0,0.5054945054945055
c009e41da6b2362c,0.9120879120879121
9cc5f43c6b06449e,0.4065934065934066
42a7e5dcec79761a,0.4725274725274725
caea4b219b903db2,0.25274725274725274
4f27cc29be41d8c9,0.7802197802197802
6c62a57a58519369,0.1978021978021978
120882af1967c053,0.5934065934065934
dd75ee47977b9914,0.5604395604395604
ddec74318bf6ed02,0.8461538461538461
c7136bd7d4d7dbcb,0.4945054945054945
85f624912b8023a3,0.7582417582417582
38e74a66bfd7e8f8,1.0
65e1ad8e3f81f3ab,0.27472527472527475
f04f75d69ea20425,0.13186813186813187
b9d450342b284985,0.967032967032967
1c985f290ceea5b4,0.46153846153846156
0e22d7f43cd60ce3,0.2967032967032967
f80d001ae804a403,0.6703296703296703
e2afaafeffbe2dad,0.45054945054945056
8d079ec772c73b16,0.38461538461538464
bc0d112169038163,0.989010989010989
23fbe972ba6c576e,0.6593406593406593
a545dd1df6bcac46,0.18681318681318682
892f2456bee044b0,0.42857142857142855
6c850c355eb575ba,0.12087912087912088
4a1181770b461b8f,0.7142857142857143
4cd9c9be1739e0dd,0.3626373626373626
0e6d8086d84b8222,0.23076923076923078
4ee92d6af8fd6503,0.945054945054945
eaba5a8bed8c98e0,0.6923076923076923
f7eb779a27e6b422,0.5824175824175825
dab5399ade720ed4,0.8791208791208791
07d2574f3795dff5,0.5384615384615384
8df99df43bb8948f,0.5714285714285714
d6d1fc4e99f073e0,0.26373626373626374
107f1de44944e13f,0.6043956043956044
9fdf4fa9332b6764,0.4175824175824176
993f8091900a76d7,0.6373626373626373
672c46c3afaab6f3,0.02197802197802198
bf96420fd5d449fa,0.34065934065934067
7c62c5e5d4281cbe,0.7472527472527473
9ef62299660d09cf,0.31868131868131866
36edbd9bd147603b,0.37362637362637363
5d8976a9d68e9943,0.6813186813186813
0ea28dd1f5aa50a0,0.14285714285714285
ee5ff810d579de28,0.03296703296703297
9108464c7ec92d1a,0.5274725274725275
37e264e264e2c6d5,0.3956043956043956
fa2b5bc0a9905bd1,0.3516483516483517
39868b8c51312646,0.9560439560439561
2b7272787d0bfbd0,0.8901098901098901
5863d73ae968a722,0.978021978021978
f78cec2da248869a,0.8681318681318682
325c15f357f4fb12,0.8571428571428571
b0e9afed9b86b602,0.9010989010989011
a317080e3c64f9da,0.10989010989010989
4a751fc6a5928461,0.6483516483516484
b24e5e532107dd28,0.8131868131868132
91038a7fa97b3ce6,0.7912087912087912
1ab900eae56be415,0.17582417582417584
4a3e90de506fe4ab,0.07692307692307693
fd373ce12a39b259,0.8241758241758241
75c0c5d0131406c2,0.15384615384615385
30f5d1537274ea66,0.06593406593406594
ae7b6bbc49980677,0.43956043956043955
4936d5884604856d,0.0989010989010989
ea1649d736f87579,0.9230769230769231
97e6eee63dcea038,0.9340659340659341
3e9dd938abe6c34b,0.8351648351648352
f41d5b458d3aa856,0.6263736263736264
7eaaafb7aaff1c90,0.7362637362637363
ac3fe83f94e4f9f8,0.21978021978021978
300022cddcd0aeed,0.6153846153846154
1ad77735f2f275b6,0.8021978021978022
614f882c687f7690,0.04395604395604396
4cbbdbcdc8ef0a65,0.3076923076923077
af052c1a26e43c1a,0.4945054945054945
1192ed0c3a9c844c,0.6153846153846154
0321ae7b4e8d3193,0.3626373626373626
80930401f371dd76,0.37362637362637363
920034fb38095509,0.21978021978021978
1f7d92dd405f9d1d,0.46153846153846156
b7633a7b6f754dbe,0.8131868131868132
92fa42bc46570aa7,0.04395604395604396
60b98de6232e3b30,0.9010989010989011
fe4ee06c8c2c096a,0.01098901098901099
322ba1b33dc2a549,0.27472527472527475
7bfa1cf97596d400,0.978021978021978
3adc609be40f6bb2,0.4725274725274725
2480a8b642048244,0.8901098901098901
ea81f6ed2ca9bb77,0.43956043956043955
826cbee9be7b5a8c,0.07692307692307693
25b2610b6c05d22a,0.5274725274725275
cba628c9918f4caf,0.5054945054945055
97bbdfe2bc96d37b,0.8791208791208791
36853cd40a5dc85a,0.9230769230769231
035086d79e7c6215,0.7802197802197802
fbf0dca2710cf4e1,0.45054945054945056
6c03442cf81919bc,0.6703296703296703
2f2b76275bf74345,0.8351648351648352
cade43730ad70955,0.4175824175824176
1e3cad96f28a861d,0.054945054945054944
7ae57608be4056bb,0.6813186813186813
6510b15acafca554,0.3516483516483517
eb45982744d724c4,0.9560439560439561
61b9dc59b16afbfb,0.23076923076923078
7e87381f53e7722d,0.2087912087912088
be9c646beb8fbc84,0.5934065934065934
b4093c05e9cb33a9,0.12087912087912088
34cbfa2f8a52e2fa,0.5714285714285714
241c4dc797ab5936,0.2967032967032967
5b5e9cfb9f32e51b,0.38461538461538464
676ba00b25b4cd0b,0.4835164835164835
64c0ebff00675c33,1.0
95ec4941138b6ccb,0.8461538461538461
edc10a30347879fe,0.8571428571428571
8d9f3385b7ccdd71,0.08791208791208792
60f09e560d763cda,0.967032967032967
836504083a53a46b,0.9340659340659341
8ed1ec3702999297,0.7362637362637363
8659b9deba47e7c2,0.8021978021978022
820e0bf1d370c6c0,0.8241758241758241
8dc2a6d4b96046ac,0.3076923076923077
99a1044dee37e881,0.5604395604395604
2bceab69f3b250cc,0.0989010989010989
086a212683fc9b47,0.6483516483516484
36d9d2141d46f3c2,0.7472527472527473
964cd9aac4e335fe,0.18681318681318682
056fe94b5fd2eb3d,0.2857142857142857
90e70fb5fbe03560,0.03296703296703297
b61b32c16bf23d8e,0.7032967032967034
1902a6e459bdf731,0.989010989010989
db2a15f021a7eabf,0.34065934065934067
345069cc67462d1d,0.9120879120879121
b52999c48d985656,0.6263736263736264
acffa6b65287272e,0.7252747252747253
c89799d0256e43f1,0.5384615384615384
418d0bb4b61ff234,0.06593406593406594
6b33d8d2955b8d83,0.32967032967032966
ae349cd7aed5777b,0.26373626373626374
280d9c2388d07065,0.7912087912087912
0b2b1457a1b947f4,0.7142857142857143
70f4f974635eb4be,0.13186813186813187
e9ce2e029eb5dfef,0.945054945054945
3d7c63ce82a3c015,0.10989010989010989
839f19818987c88f,0.17582417582417584
77a93fc6fe1458ff,0.8681318681318682
748640116c2d8df1,0.5494505494505495
1ae91f0589a8d008,0.5164835164835165
c182f690e7867cd1,0.31868131868131866
f567ca7705fc6920,0.4065934065934066
4df69a1266a84088,0.5824175824175825
5b5d32d80e1fd769,0.6373626373626373
7a06c5f8289934fd,0.1978021978021978
bf64d8e62c3cfbaf,0.6043956043956044
2e9bc1646bb95c54,0.16483516483516483
3c5e5f85a7360648,0.42857142857142855
24c00af94310ae45,0.14285714285714285
04ee67175a6f0f7b,0.24175824175824176
c68acd8b09a3f9fc,0.6923076923076923
9dcef5b604750768,0.6593406593406593
f0784845b4145f70,0.02197802197802198
c05b6487ba6a71d3,0.7582417582417582
2cce58a2bc468e32,0.25274725274725274
b871e00d236f9f59,0.7692307692307693
c296ba5d8af89cfc,0.3956043956043956
3d82225a0ffd0e66,0.15384615384615385
ce1e2a8693a05cee,0.23076923076923078
8d374fc131c67873,0.5714285714285714
20a65d9069610973,0.7692307692307693
b24e46efbaed71b1,0.7362637362637363
62b48e7d8d9de558,0.07692307692307693
2ac7e4520396823f,0.13186813186813187
c0b39bb4d8dd6bad,0.32967032967032966
0ef7969f1983be4a,0.46153846153846156
86a7ac3f51c9562e,0.27472527472527475
c867a7f3b83aef76,0.3516483516483517
ffe5d933f866b502,0.4835164835164835
56bc3337d92ebda7,0.6593406593406593
a6cd927fc17c0fa3,0.38461538461538464
e2293f76f6a27141,0.02197802197802198
825b6c26ed554f6b,0.5934065934065934
5fc425f4f4bc41c5,0.6703296703296703
9cb9f6676169431c,0.7582417582417582
78fd327c84d57e53,0.9340659340659341
e4b5902b33f111fe,0.16483516483516483
871390cd146a70a2,0.5274725274725275
5e3c11be3836f0f9,0.7472527472527473
322d08672cc8046e,0.6153846153846154
cb1ec9f0fc93d404,0.10989010989010989
cfceeb60a87be6a2,0.2967032967032967
7e2501009e98de3c,0.25274725274725274
f366540044ff6b71,0.2857142857142857
2de2ef0a34f71339,0.14285714285714285
2f928f2dd87328cb,0.7802197802197802
968524ec03470a49,0.7142857142857143
4a1f816a9a39e8a5,0.5494505494505495
87aa8efdae35ddff,0.45054945054945056
15ccdfa2e6742839,0.42857142857142855
c4f6155cf155fd68,0.8131868131868132
c99d9eef001f8c7c,0.2087912087912088
28ea84c1a85cb25b,0.6813186813186813
fa895c2ab22b91b0,0.06593406593406594
5bc7052399048230,0.43956043956043955
ef3cc630f9f0a9df,0.7032967032967034
3c5da16c7ecde7ab,0.8681318681318682
92782eadc2dd2b0d,0.5604395604395604
37c1ba54b8cef7d9,0.5824175824175825
264330d439958737,0.21978021978021978
54f57660d42bf0b0,0.5164835164835165
ed18ad33618554a4,0.8571428571428571
1a43a2a33c06133e,0.978021978021978
a6d5c573aa91764b,0.7912087912087912
62a7a39feb1b20d6,0.8461538461538461
bd255c148083bfa1,0.17582417582417584
03aa68aa3d8db0ac,0.34065934065934067
bda1f39970bcb505,0.054945054945054944
b8e5ff3ed6115ac1,0.5384615384615384
5b0e6641e289decf,0.26373626373626374
73a94d2770ef3007,0.24175824175824176
1611f4f6db216d28,0.3626373626373626
26488d5bed7b7f3a,0.967032967032967
ea0c474c1d0880b2,0.3076923076923077
8d7dd468502b24a1,0.9230769230769231
2d3d261f275b0bb5,0.03296703296703297
c9001568e0179d25,0.1978021978021978
16963fd97444e52d,0.4725274725274725
90b7f611a6fd0bc6,0.945054945054945
eb91cc98b4bcc560,0.6483516483516484
014aab6599c95cec,0.9120879120879121
f078d2058063bffd,0.37362637362637363
a57aed5b5e9116fa,0.12087912087912088
254be5fa631174bf,0.31868131868131866
5d1e68e743808d8d,1.0
9ad7df26c3d073ba,0.4175824175824176
822f67dd62fde9e3,0.08791208791208792
aa625ce41911a9c4,0.04395604395604396
6d50734b4a15ebed,0.4065934065934066
6a4be87c01fae4ef,0.18681318681318682
95d85470e944d762,0.6923076923076923
fb5af707f95f5a52,0.8241758241758241
dafe6631e5ed6ba1,0.8791208791208791
2c36ce43673bd172,0.9010989010989011
8f6006168c8e377b,0.7252747252747253
4cfa0710998842f7,0.3956043956043956
e7f194f0f7cb4da3,0.0989010989010989
feb968f4b397fb8c,0.8901098901098901
2f917bdb1899da2d,0.4945054945054945
50657cdcae7b082a,0.5054945054945055
40a234892a7f2530,0.8351648351648352
fa9f73bc62bcbad8,0.6373626373626373
3f54060ba28c7ee9,0.9560439560439561
9abae7ac084e5ac0,0.6263736263736264
409ce143a966673b,0.8021978021978022
e87a26b8245a47b2,0.01098901098901099
c0680426b1b4563d,0.6043956043956044
fb520314f51941dd,0.15384615384615385
c796daa3bd00235e,0.989010989010989
c281be36720820d7,0.8901098901098901
2daaa41edfc6b341,0.6813186813186813
a87c8f09111a579a,0.13186813186813187
9fb7ceb1f64ae4a2,0.15384615384615385
b1bcf5ebafe3b960,0.46153846153846156
ea66af218a8d53d2,0.7802197802197802
59076baa8d4a96a9,0.6703296703296703
bef3120a0361434b,0.989010989010989
84d6a36f8c29acb3,0.17582417582417584
f4fd78acb88a2773,0.7472527472527473
763da55a9c9876d6,0.23076923076923078
7386dd61b1f78458,0.4065934065934066
deb918d6cbfd9afa,1.0
485be5e29855aa99,0.978021978021978
fc03c177c9161fdc,0.5274725274725275
57ac16811e38227b,0.4945054945054945
9dd43bf1d8396d22,0.7692307692307693
204a75ac1d4a1570,0.27472527472527475
ff0d8f1a85e085ea,0.5934065934065934
c210f8b4877b9829,0.5714285714285714
bd5b9dfdb03fcd7f,0.38461538461538464
02bc4c007e392c62,0.9340659340659341
f636cc59cc080154,0.24175824175824176
2dd650faaef1a00f,0.9230769230769231
81eaee55c7f5ecce,0.7582417582417582
bd1f0387c2d287ba,0.6593406593406593
1a61f394762fee3c,0.06593406593406594
d2abdb3143e1dcc6,0.7362637362637363
8bd59c42cfa92d60,0.3516483516483517
2d6624f8a221310c,0.12087912087912088
9e92faa52d338eca,0.8241758241758241
85a035a80ed56bb2,0.02197802197802198
50b6b8d5848910f6,0.04395604395604396
e3394cde14e221a9,0.08791208791208792
cb11a380eae31654,0.2087912087912088
8c96cf227f951bbc,0.2857142857142857
9bd32a45186aae7e,0.8791208791208791
e3081182de14b4ed,0.7032967032967034
372b49d58ede143d,0.3956043956043956
eff491ad4faf9afd,0.37362637362637363
99edf93244640084,0.7142857142857143
c87fff206c14a4db,0.21978021978021978
5ab744bc2dce7366,0.6263736263736264
17989ff2fdc0999d,0.3076923076923077
11c4abd80218f45f,0.5164835164835165
f9134b3f551eaa36,0.2967032967032967
fd6aeef06ce9a9d7,0.8571428571428571
29ede583f97acb3b,0.4725274725274725
6284631348e0da44,0.5384615384615384
bbf4c143545da1b8,0.8351648351648352
16c3cc020e20253d,0.8461538461538461
de1b3b80f60cfc74,0.6153846153846154
425decfac4101df0,0.7912087912087912
30bee0eded40a185,0.967032967032967
09c3ee9df53c0088,0.6373626373626373
572afac9d11814fb,0.34065934065934067
b4a30ed9c7ab5b50,0.9120879120879121
13e20d11c73e81d9,0.07692307692307693
c3a162db6837cbeb,0.03296703296703297
92a51eab10aefdce,0.16483516483516483
88059645759f4a7f,0.43956043956043955
83b64c82af2cb953,0.5494505494505495
6f133941d015f4a8,0.8131868131868132
6aa76aab6374b2b3,0.45054945054945056
817eee1a2311a17e,0.054945054945054944
13446ed6ef165ca7,0.26373626373626374
2a3f96da54ff4369,0.4175824175824176
a6d2e0f8c4bb4901,0.9010989010989011
7c2fc5e5a01243be,0.5824175824175825
98a5eb7e00ddc197,0.1978021978021978
d835fe8b2f20bdeb,0.31868131868131866
b678fc0abbd2c3ff,0.9560439560439561
25f40569eea52017,0.6923076923076923
ea01a6d76e678c29,0.945054945054945
22f7345ac89a4c41,0.7252747252747253
1cc756e0895bcdec,0.14285714285714285
470de1ba790d305c,0.18681318681318682
f2c15b0dd769198b,0.32967032967032966
79dcf4d2b2dfb19e,0.25274725274725274
f095b5ad980db376,0.8021978021978022
292a16241907bb2f,0.6043956043956044
b3d2417f91655db4,0.5054945054945055
bfdf438213bd4dcd,0.4835164835164835
7dbd5c5ce82903f8,0.42857142857142855
33837b3c987c374f,0.0989010989010989
bb3bf64467ed6cab,0.6483516483516484
15ac25ad599dca1f,0.8681318681318682
110052d8235cb6c9,0.10989010989010989
5f9cacc26ce81cd1,0.3626373626373626
b0ca75475a4549b6,0.5604395604395604
efe67ed6994158ef,0.01098901098901099
eaee4c632fba6eb5,0.46153846153846156
242a666e7c241671,0.6153846153846154
0c06da0846a822e7,0.7912087912087912
1ae67891ac8db578,0.13186813186813187
eb42a75088ce38cb,0.18681318681318682
7343489995d95444,0.3516483516483517
ea2d3c01944128fb,0.06593406593406594
3a6d7d2f4220fa21,0.989010989010989
bec61dbb54171110,0.7142857142857143
d767da9c0c433c97,0.2087912087912088
4844979fd9ae0603,0.23076923076923078
328213fdc37ad4f9,0.6813186813186813
24c3c5abd641fb30,0.26373626373626374
f3658fecd3f4d2c1,0.8571428571428571
eef1c7ead5825433,0.8461538461538461
de7a9f8c7541493a,0.978021978021978
43c4b22f5c98a350,0.7582417582417582
558b005ad4fefcfb,0.15384615384615385
02d90ade0e225db1,0.7032967032967034
bd01f31e71af6d9c,0.9010989010989011
3eb61a0ad8821079,0.21978021978021978
436c775f9e52c119,0.5604395604395604
9f119b65b6939c04,0.10989010989010989
9f4b8c31b731077e,0.34065934065934067
0903112183182fb7,0.02197802197802198
c95afe491989ab4e,0.01098901098901099
f582f4900ba067c8,0.7362637362637363
2ff7eba2fa3ec88e,0.2857142857142857
caedf3202dc9218f,0.5164835164835165
9fc6f22102e3f7bc,0.38461538461538464
33a01ed6bef03bf5,0.8021978021978022
9505817748be0253,0.054945054945054944
4cfb8c262956c496,0.6043956043956044
7fec14a8709b4eda,0.6263736263736264
7b12047fef81b976,0.945054945054945
db106d9b6eaca623,1.0
2222c321a8747eea,0.2967032967032967
517a55154ba6b239,0.08791208791208792
7fadeaa36191338d,0.967032967032967
3db5cf48b9c9e99d,0.4725274725274725
557e27f4060c531f,0.6483516483516484
19781959eff60d8a,0.8131868131868132
63a54135c92cc5d3,0.8351648351648352
38a8a7c58f21c1b5,0.5934065934065934
eeab0a82ba8cdaf7,0.5824175824175825
baef2910c32608ba,0.4945054945054945
a90d0a28cd58728e,0.12087912087912088
428df888246c6511,0.9560439560439561
0972d41bdc743eb0,0.3626373626373626
6cfa1e758aff825b,0.03296703296703297
7d1d4cd8871fdbbb,0.4175824175824176
d189d82d16f087ae,0.6703296703296703
4d1b523dd4ed8606,0.1978021978021978
620500d0b647e3bc,0.5274725274725275
9bbe2e2c3f3dafd4,0.4835164835164835
db02268e45b74a11,0.5054945054945055
b28c4521d703a4d0,0.6923076923076923
ea6f31f6c41b4174,0.37362637362637363
481796a47a81a8ca,0.42857142857142855
d8b93607d1abdf88,0.04395604395604396
fa07e605ce0415d4,0.45054945054945056
44f2c072d5a5f702,0.4065934065934066
75ff3324d907bbcd,0.8241758241758241
8a9f33f5d157dbcd,0.5494505494505495
de2e08ed172cf792,0.8681318681318682
2bff66f88d8933f2,0.43956043956043955
bc3c47dc28486915,0.32967032967032966
c82135f10b95f375,0.17582417582417584
69cdc989ab153810,0.3956043956043956
3542d93513d5730c,0.25274725274725274
6ae59c712aa5c093,0.7692307692307693
aaf44dd79ac8de71,0.16483516483516483
c9fb517412a1d053,0.27472527472527475
e67a6472b05b9c13,0.14285714285714285
5e5fc5d3f1173bb2,0.9230769230769231
9cd40d89f35f7b7c,0.31868131868131866
2e50b7ff6ddf6375,0.3076923076923077
130a2ff5d57116fe,0.7802197802197802
22646a3366b25cb5,0.8901098901098901
e6cf33e11db9cc0d,0.7472527472527473
d3e837873a0f0540,0.6373626373626373
db61679008c2cbbf,0.24175824175824176
c54cd908d919205b,0.8791208791208791
51d0c73b6cc5700a,0.9120879120879121
acfa4c0483f5454d,0.07692307692307693
fdc5fca4d34bb4b5,0.5384615384615384
aa25d49b873ebe94,0.9340659340659341
827c6203fcd71ebc,0.0989010989010989
6c1965d78db5a8a6,0.6593406593406593
b94544777c928a7a,0.5714285714285714
b7d926d45a840724,0.7252747252747253
0ec2e74adb10e96d,0.2857142857142857
76bfada8f7992cb6,0.46153846153846156
abfd46004278dbf8,0.5274725274725275
0114a06c332c6d95,0.4065934065934066
d553827bf3daaa95,0.03296703296703297
d40f72f70709187a,0.8571428571428571
e10268aca38fda65,0.7032967032967034
079bddb8b95b1cba,0.4725274725274725
b3d3cba29e54997d,0.8021978021978022
b88b82c46f38f9c9,0.38461538461538464
7aea586c592e2b74,0.7912087912087912
6daea66c41514ce9,0.04395604395604396
55d4d7b9e1c07c21,0.23076923076923078
ca3a498416a3e0d3,0.7362637362637363
59cbc402cb88b6c8,0.6703296703296703
86137faa848ff784,0.06593406593406594
331efadee5b21028,0.18681318681318682
18e1a5e917907a94,0.8241758241758241
8b1a801c11f7ff7c,0.9340659340659341
0f7432928c17b43d,0.32967032967032966
385fa53fee7c5d36,0.2087912087912088
63b133b8398b9e57,0.4175824175824176
fe9be069db125ecf,0.43956043956043955
8b808d6cb02b2dac,0.45054945054945056
57fcb7f7c058717f,0.6043956043956044
ebf2046cfd65969c,0.989010989010989
9b9cd5533ed07f1e,0.7142857142857143
8d314a81215715ce,0.17582417582417584
1eb3fada5eabe9b9,0.5164835164835165
a100833af124b560,0.6813186813186813
7318a60e7f89c15d,0.07692307692307693
06bf4692a6a4ed08,0.8791208791208791
00003f797aa39558,0.01098901098901099
9c4cd1e519b8b3b5,0.5604395604395604
ff3a9b5611f932c9,0.9230769230769231
47e40a9d6543c7c0,0.02197802197802198
24e5844ef1dc9d55,0.14285714285714285
af825fa844b003b3,0.3626373626373626
9d12639fc2cdea24,0.13186813186813187
c11472f1cda6c8ce,0.5054945054945055
fb409af21eb6c317,0.7692307692307693
f0a4dfe7b69a4cf9,0.978021978021978
cd24256549453277,0.08791208791208792
3ffcc23e4ccf2e67,0.3516483516483517
45ec5fc216a789e6,0.9010989010989011
490f201c705f55c8,0.21978021978021978
6b329a51ea99de29,0.3076923076923077
f4eaa2b359492544,0.967032967032967
be67c9b544580057,0.31868131868131866
a518eb931ee568e7,0.4835164835164835
6d849df1e792a9c1,0.7472527472527473
6188a34bf9c0d57b,0.054945054945054944
f0263605486193cb,0.7252747252747253
86b57ce17d09af23,0.9120879120879121
4e6faa754e0ec96f,0.5494505494505495
952183766d3bc17e,0.26373626373626374
4f2a94ec984fa529,0.34065934065934067
76e4ccae13201534,0.6153846153846154
d29c2d7c297f02f5,0.8131868131868132
28c4148c0e98926f,0.16483516483516483
2396163467558077,0.4945054945054945
de6fbe3341e3a4a0,1.0
607df208dbf6d34a,0.5384615384615384
d56fd951eb9ea7aa,0.27472527472527475
f91d465419833c40,0.37362637362637363
65b8910e99456f97,0.6593406593406593
2df970bb5fa51ba6,0.6923076923076923
8e5902ba06b9159e,0.0989010989010989
3e81ac3e1eb8cec7,0.25274725274725274
07e2ddab0e3daf45,0.945054945054945
e4551fb1062dc75d,0.1978021978021978
66308b9b8c61645a,0.2967032967032967
b8dee3dfe4d08b6f,0.6263736263736264
9c48cd44544ea1cf,0.3956043956043956
db2dd9959a152308,0.12087912087912088
a451b155efffbe44,0.42857142857142855
7d4aadc8540ac994,0.5714285714285714
48336225fb3a3cce,0.8681318681318682
da63857ad2bbae9f,0.10989010989010989
b2ed5d7938547e69,0.8351648351648352
c06c90446f879733,0.8461538461538461
7c90723f9bbc1793,0.6483516483516484
06601be81dbca6e7,0.9560439560439561
14a13f595ab06777,0.6373626373626373
c8ac4807433acf2a,0.8901098901098901
7d1e761f104c4297,0.5934065934065934
783188ab8636038e,0.15384615384615385
39a7f13e74c06996,0.7582417582417582
8ac857e27b8ecd47,0.7802197802197802
dae00068516fd122,0.5824175824175825
7716c0d803dfea28,0.24175824175824176
6131670b31b998f0,0.08791208791208792
36ee1dd84f34ed53,0.25274725274725274
7a79ebab56ed764a,0.7472527472527473
abd92f3f53a1514f,0.8571428571428571
55012f4abac23a4e,0.945054945054945
34cb60747f01f637,0.1978021978021978
814ef8a8d16161c8,0.10989010989010989
1ccce9475ef663e4,0.3626373626373626
c5b0d4cb4a2ad0ff,0.14285714285714285
cf80ce952ee8c61c,0.03296703296703297
40c2e951bff84186,0.7142857142857143
02cb3093acae8c65,0.45054945054945056
d933486a28a98dcc,0.6043956043956044
94281f463bbddc81,0.9010989010989011
70461b201d270fc6,0.16483516483516483
957f42d55c415496,0.0989010989010989
4168f4d5e223a1d7,0.24175824175824176
1b03124a6fce6f8f,0.31868131868131866
9782bb3a596a7b90,0.17582417582417584
463959f078b35d2a,0.9120879120879121
5f96e3208a1a08ba,0.3516483516483517
d114569de885efd7,0.42857142857142855
fec81846d514e2cf,0.4175824175824176
e593af51fbd51de2,0.989010989010989
5e15cde3694d3b31,0.8681318681318682
91e8bfe9f2d2ba02,0.46153846153846156
a08af5714d46c846,0.38461538461538464
ba610eefd8c0cd72,0.8241758241758241
4f33aaa5339edc9a,0.6153846153846154
de739634f0adb0a2,0.06593406593406594
a8d4cff139f5181d,0.34065934065934067
7dec64f6dc0be4c6,0.978021978021978
2a59b8320eeb750d,0.5824175824175825
fc14f3f11c480b70,0.01098901098901099
a0095cd95881ff8e,0.7802197802197802
59279f4d32fe6078,0.7692307692307693
874be71edbaa1ec2,0.07692307692307693
d153ab3940981f00,0.7032967032967034
126563c954a8fcc1,0.967032967032967
9842547a0165b138,0.6263736263736264
d5b33d87f6ec3d18,0.8021978021978022
2bcc94ee9b248413,0.4945054945054945
2799e3547720301e,0.7582417582417582
a2b388432ce607c4,0.13186813186813187
4a6d299e34f18bf3,0.5494505494505495
4b7f49793eadc0df,0.6703296703296703
0b6e9301d2a927dc,0.6373626373626373
7e823501f3fb5b36,0.6923076923076923
906c0010de6c0329,0.054945054945054944
a2b5ff22f3f2d874,0.27472527472527475
37793348d4f44f8e,0.8131868131868132
95db1ef92b48e736,0.5054945054945055
a1d382243420898b,0.5714285714285714
46beab24317a33c9,0.7912087912087912
0f78e1b727b022f3,0.3076923076923077
ad31719030279ed2,0.7252747252747253
2ec9dc4752312c84,0.02197802197802198
6b2880232a3d6cc0,0.8351648351648352
74bdfab66ee1947d,0.4065934065934066
c230d639fb1dd09c,0.8461538461538461
558d59cb13456aa6,0.2087912087912088
bff9b1eab9bf5f2c,0.15384615384615385
9decd882a4a14b89,0.4835164835164835
9481ef95a011515d,0.5604395604395604
97ffdaad1243afa6,0.37362637362637363
1cc2e2df1c03d5b0,0.12087912087912088
3f32572a0af9af3c,0.5274725274725275
584268684e7c6d46,0.2967032967032967
62a1b9b35dcb6e48,0.04395604395604396
a3466d837e033b10,0.23076923076923078
2e8f355821f07703,0.32967032967032966
4f715ad5e9783c32,0.9560439560439561
b1ddb35074bc7470,0.5934065934065934
d2f8e8fd7410d369,0.5384615384615384
841ae7edcea93b36,0.8901098901098901
f490d190d0811b5d,0.6593406593406593
93865e9541f128a6,1.0
d2dd4d9991ffc946,0.9340659340659341
0c960cc4c017b067,0.9230769230769231
62fe530cc85e7447,0.3956043956043956
902e33d405907a45,0.8791208791208791
cfc1f079789c8e3e,0.6483516483516484
2148d3bdd5a65d3c,0.26373626373626374
d217e4f8ea5a0b32,0.6813186813186813
734e7b8a333b83ed,0.7362637362637363
bfb596046e69425d,0.2857142857142857
1ff5b7636b1aac35,0.21978021978021978
543693275700a475,0.4725274725274725
3f990f910357831e,0.18681318681318682
720d4b301024c4b7,0.5164835164835165
f6b379edcd63338f,0.43956043956043955
31df7eeeef1f1bc9,0.6373626373626373
95c8a2187af8a6c8,0.42857142857142855
c30404d7fcad3a60,0.7802197802197802
46113bb98d0ab584,0.4725274725274725
1b1aba0b7542cc09,0.3626373626373626
f748017b247bf329,0.6923076923076923
3362eeda4e3d4626,0.26373626373626374
c68dc4f076b2f2f9,0.43956043956043955
3c828578d62002dd,0.15384615384615385
42e4fd0432a3d024,0.7252747252747253
7f54287d3b2b07d5,0.3516483516483517
d29df94a81cc35e0,0.5494505494505495
cf14cb72c4afcd5a,0.2857142857142857
395a0234121b7ad9,0.5604395604395604
58f9126c686c87cd,0.967032967032967
99270465dc80c2af,0.2967032967032967
48efb737394c42bb,0.5054945054945055
3a30e5f7493a606b,0.7142857142857143
1e15ecf907c29a51,0.14285714285714285
8114167170ae3251,0.8021978021978022
c62e754b84c891fb,0.8461538461538461
9a28e994ec3c9ec9,1.0
0354434f5ef2c257,0.46153846153846156
3d5b4bdce25cd326,0.01098901098901099
75d67c5b8b4873fe,0.18681318681318682
1e4e4639168ce869,0.08791208791208792
97b393784b096ebc,0.5714285714285714
4a03a432238fadd1,0.16483516483516483
ef04c799984accfb,0.8681318681318682
270ec17c911d295f,0.8571428571428571
1cde83018a9061da,0.8131868131868132
cf026a5bdc3d2683,0.3956043956043956
9a245977df1d724f,0.03296703296703297
d2f75893061f4031,0.38461538461538464
a7007039316520ea,0.6703296703296703
4e203ab91c2918b4,0.5934065934065934
3438df784142b3e6,0.3076923076923077
9c6e3561a4e01235,0.7032967032967034
28f7c5279015b7c0,0.5824175824175825
319586db6d0029dc,0.8791208791208791
4f5330cc967b5702,0.5274725274725275
b1224c2c4021b019,0.34065934065934067
0057783cbe0eb4b4,0.8241758241758241
0b29b48f07cfa278,0.12087912087912088
8ba4a8540d5bb923,0.4065934065934066
cb71651959b419df,0.4945054945054945
296dcaa4e7b7bce1,0.6593406593406593
60a64d375f5493d2,0.17582417582417584
25fbcb4d224945c1,0.4175824175824176
6ce6fe4c6c3cd809,0.9010989010989011
be0693f308333158,0.7362637362637363
a4b0d650249034ba,0.6483516483516484
4db26e262c3c330e,0.9230769230769231
3fd844df370364cb,0.7472527472527473
380c98c82a7448b1,0.989010989010989
1460510d5600084a,0.6263736263736264
e43453496c304ac2,0.25274725274725274
10342c90d3f356c0,0.04395604395604396
bfb51bc0a8438e65,0.5164835164835165
189c9cad8aee4afb,0.32967032967032966
d394e69db5879144,0.6043956043956044
75a63aab1be60e89,0.24175824175824176
3dd24df8ff6b52cf,0.7582417582417582
d4eb23df510d8a4c,0.6153846153846154
024492e21246c317,0.4835164835164835
bd7e3ce66cf63fe0,0.31868131868131866
4798ad81e224383e,0.7692307692307693
39b891f8b68c26b4,0.1978021978021978
1ffecf5951d86746,0.10989010989010989
361895925f88de32,0.27472527472527475
9e83e5305bdba067,0.5384615384615384
a75942c48e8bb7d9,0.8901098901098901
83886cc40f5263d6,0.21978021978021978
5004c8b89d2ffaed,0.7912087912087912
443128e7f9f93fb1,0.2087912087912088
11e8dcf8e2629559,0.07692307692307693
d272612c99977010,0.0989010989010989
11889756815cd9df,0.6813186813186813
df0bf54755a433a8,0.054945054945054944
87728a5b74e7d2c0,0.945054945054945
c1e2ae5647e8ba90,0.45054945054945056
03eb5d9069b73673,0.978021978021978
3b875850a164710b,0.13186813186813187
b94a10f0e2da935b,0.02197802197802198
f1a1c9427d7a0bc8,0.23076923076923078
7b345697acc87898,0.9340659340659341
5a7d5f51363db07b,0.06593406593406594
e96c3f41e5d189a6,0.9120879120879121
afe8f88f42e57adb,0.9560439560439561
703f8097d733e00d,0.37362637362637363
8af02442758b4938,0.8351648351648352
d270e60c816fae83,0.8131868131868132
1592ca7df2e4b2c6,0.6483516483516484
7cbdb87d523542bd,0.4065934065934066
ac88f41e745bba10,0.5054945054945055
5a05044222e79565,0.5714285714285714
c16538e9ff392db7,0.6593406593406593
2c5a8f02efea6787,0.7692307692307693
139f5b7ae13bd285,0.6923076923076923
374b8e6ee767e4e0,0.26373626373626374
ca8bd3b74d5b9cc6,0.02197802197802198
f2ab6a5a7564ee40,0.8901098901098901
4e1262b82d54aeb2,0.3076923076923077
018558b123a869b7,0.5274725274725275
3b01b3213ecd2fce,0.01098901098901099
3ede1df0c99c6368,0.8461538461538461
258017b427d00ccb,0.8791208791208791
2f7271772734f0f9,0.5384615384615384
668d2d8c1325fe5a,0.4945054945054945
56682ee93ab65373,0.7252747252747253
cafd658c9aef36be,0.6703296703296703
2b62ee8ef925c9b2,0.6153846153846154
62a7c48af25d9377,0.9120879120879121
67be73e27a4bcc07,0.054945054945054944
9ab62ce7aa6b87ff,0.24175824175824176
c5f7a0a5b269871a,0.5494505494505495
23b8446c8bdea2aa,0.04395604395604396
c637c6f30b7641c7,0.2967032967032967
deca0a3b7c526cbb,0.8681318681318682
cb8f8f63b6b3fc26,0.43956043956043955
ea186ae0c093f460,0.8241758241758241
1e24530c1e6e04f7,0.27472527472527475
fdd527d8230e9802,0.5934065934065934
695b3ba63e895518,0.21978021978021978
2ce2d9c283452ae2,0.46153846153846156
573c82fba8680b29,0.3626373626373626
e837b205d28d6587,0.07692307692307693
58ba2da9dfe10276,0.8351648351648352
066d06578f22dba5,0.7032967032967034
e794090957985039,0.18681318681318682
3527ade8e50c223a,0.37362637362637363
764d9ec5ff57ce34,0.4725274725274725
53b96e99268e2549,0.34065934065934067
5f6505758a5df59b,0.9560439560439561
4fed315c88207b3d,0.6373626373626373
583984a156c4cd81,0.7142857142857143
2752a0c5ee81845e,0.6263736263736264
494982501599caee,0.15384615384615385
cb9ab25bda556a95,0.5824175824175825
048ab7f0a33ebf94,0.06593406593406594
f1e0e4d2ddbd5647,0.3956043956043956
02b89e1eb4f11020,0.10989010989010989
88468eca8bc7cc9e,0.31868131868131866
1ff8e4ca96b1ee46,0.8021978021978022
d934509745f3d715,0.0989010989010989
cfc7de33bdb09ce3,0.13186813186813187
279eb269fc708c8d,0.7802197802197802
b6efb7681d378119,0.6043956043956044
b5a7c51f3b559fda,0.6813186813186813
b0dfb7138c17cd68,0.7362637362637363
320fa4e0b143b682,0.2857142857142857
a316342cef0281cf,0.08791208791208792
3d5bfafddf9430ff,0.989010989010989
17afc216bd990c11,0.16483516483516483
6367cbe93678929d,0.967032967032967
2ce4449d166b2f55,0.12087912087912088
f07157f86f4ded7f,0.25274725274725274
555b41947d003320,0.17582417582417584
8680786438d5b985,0.1978021978021978
8bc6aa9902dcd68f,0.9010989010989011
2282bcd46c0ed85e,0.03296703296703297
40042dd56776d2e7,0.4175824175824176
a389c033f1b8bb44,0.23076923076923078
eb018767bb8f6de5,0.5604395604395604
94f3a60b4495ebf8,0.7472527472527473
66aa72e8e8d5e252,0.42857142857142855
23d8478fdd7f913a,0.9230769230769231
9a610531000bbe6e,0.3516483516483517
478e658cddf2ba93,0.32967032967032966
01039d9e31220887,0.8571428571428571
880c55e10c928db6,0.5164835164835165
730db2e3a8c75826,0.945054945054945
aedb32ea8fecfaa9,1.0
d2ba4397261a4b45,0.4835164835164835
a42b40a31d5cebdf,0.9340659340659341
d3253ba9efe1c15c,0.14285714285714285
149937b609caf36d,0.7582417582417582
de246b77ecfe7629,0.38461538461538464
a096be750a7c70f4,0.978021978021978
0f504e39196b4a69,0.7912087912087912
25fbc6beaefad436,0.2087912087912088
2c993f0f0e1f97d7,0.45054945054945056
3d11a715725e9d56,0.46153846153846156
08a7712c1b0e602d,0.8681318681318682
3a5096ac8a56d834,0.27472527472527475
4915cb507c5f913b,0.5494505494505495
93e7eed593cfc511,0.2967032967032967
dd6eda521135a42f,0.9230769230769231
1d8da1e3b2d9f8c9,0.8021978021978022
30d2bec49186536e,0.3626373626373626
b0cfdcf15178e70f,0.45054945054945056
fc899c73a416c331,0.25274725274725274
358490404361e3fb,0.08791208791208792
f96d5d07d1ea94ca,0.2087912087912088
8e0ce79c001751bf,0.6923076923076923
7488b6fd35104250,0.01098901098901099
86e2a8073868dad8,0.7362637362637363
4515aa2f5d5be3a8,0.5384615384615384
f3806f47f775c216,0.5934065934065934
17c54592ee11a1db,0.5274725274725275
c97c003ee3d05209,0.9010989010989011
a394b9243b48cac1,0.5164835164835165
b7c84f4d058074e5,0.1978021978021978
1eb721648a3f198a,0.5714285714285714
d4125954d1dc1eb6,0.945054945054945
dda4d5ca14d950eb,0.32967032967032966
f1ca413c3f7e234e,0.8791208791208791
adac8c750ca85af3,0.9120879120879121
ce2a639bbd37b6ba,0.06593406593406594
44db8ef2ccfdc037,0.26373626373626374
506d33fb5303e0fd,0.8571428571428571
ef8a878e7fac896d,0.18681318681318682
b9f918022417de5a,0.989010989010989
e37f2a0f1c9ba6c5,0.9340659340659341
bb7e6f5100d74298,0.6813186813186813
9101c7caaa781ac4,0.8461538461538461
054eae18b6948875,0.15384615384615385
5e131aac19175671,0.4945054945054945
b8f783c73231a8e9,0.6153846153846154
3471af7ec9cd07b7,0.4725274725274725
237e14440762af10,0.5054945054945055
6642ae498ee623d3,0.8241758241758241
69579fa3ab63bbda,0.7032967032967034
18ba5d69149438e3,0.8351648351648352
26c2ddfe059f9cf1,0.02197802197802198
64a660186debd9ae,0.34065934065934067
87c475e5e99ba9b8,0.42857142857142855
19e17243692c461f,0.5604395604395604
dc34516284e2b022,0.04395604395604396
8370bcbde9830d82,0.12087912087912088
c6c5b47d71c0541f,0.03296703296703297
66b04b861c4905fc,0.37362637362637363
1258f0f3a3859723,0.967032967032967
b4efbb24eb54d8fc,0.7802197802197802
b139136ab36b9ad7,0.7912087912087912
7cd13c51729b2319,0.13186813186813187
d6cbe4ee662f926c,0.3956043956043956
0ec11247b8118945,0.6263736263736264
a2f635984b16b8e1,0.9560439560439561
fffbe6961e5b1c34,0.054945054945054944
bd4ff44444dcc69e,0.4835164835164835
434c04be372a6ae5,0.0989010989010989
c48ea548135ed3a0,0.23076923076923078
433da093a8d0f480,0.43956043956043955
59ed77e7b329a46e,0.14285714285714285
f0e309a7e4d8ee5f,0.16483516483516483
e438f4b58e35243d,0.31868131868131866
13b0c8b7436d6cae,0.7252747252747253
e6f0bd8bf7f1ddb4,0.7142857142857143
63da0f70b55e0fca,0.7692307692307693
e29121186a3f0df2,0.4065934065934066
b16dc576281d8c85,0.3076923076923077
dbb59b4c2342df60,0.10989010989010989
28cb1041f432b675,0.7472527472527473
ceb233a645e55658,0.2857142857142857
54c1daf65c14494a,0.6483516483516484
2543ff9f4e6a1dac,0.24175824175824176
843dd57745f1e9b5,0.4175824175824176
72d91efb7a4579dc,0.5824175824175825
75f724275dd6a629,0.8901098901098901
1b19c76274398e8b,0.978021978021978
5fa3e6246e9891b3,0.7582417582417582
19a0a0088c312cf8,0.38461538461538464
d051e099f79d2712,0.6703296703296703
b110efec13834c4c,0.8131868131868132
b94d8d026ed09341,0.6593406593406593
0302a0bbb18ffa27,0.17582417582417584
206776129f6a146b,0.6373626373626373
b4b0a159fc97384c,1.0
192e87f2986a70b3,0.6043956043956044
908ebabbf23d9362,0.07692307692307693
08ac900654f49652,0.3516483516483517
267ddb4d9b6f5555,0.21978021978021978
17e6dd3219318772,0.2857142857142857
fb026274495fb82a,0.6813186813186813
be68bc4662d5acbe,0.37362637362637363
e77ce99929ab5042,0.17582417582417584
360d498e7de36abe,0.4835164835164835
84a2035872e0d556,0.7032967032967034
fde7b7d7558dd5c2,0.8351648351648352
3b2177d1aefa0436,0.26373626373626374
bd94add7f9d22ce7,0.967032967032967
99192261fbb2edba,0.6263736263736264
9348236a1b28ae1c,0.1978021978021978
5734b5a06c7a2d95,0.18681318681318682
456f8031bee4ec7b,0.3516483516483517
70b15cb45b4c811d,0.7692307692307693
a508c3359e903ed2,0.38461538461538464
5b03e7050bbd995a,0.9010989010989011
1f02b3c61b2006e1,0.5824175824175825
e835370cd976d4fe,0.7142857142857143
16401d975e852db4,0.3956043956043956
60925b872b982287,1.0
3f0d44f391066ca2,0.7362637362637363
3bc9f5cac1f97c8c,0.8241758241758241
060c78954decc4de,0.7912087912087912
67e6f3c0f89c5e4f,0.9560439560439561
cdd803a07a40577a,0.0989010989010989
013acb07a7aefa81,0.16483516483516483
c28a5b17aa005dc8,0.15384615384615385
0116d3f5bac1fb23,0.8901098901098901
d8d89911ba200991,0.9230769230769231
06dc859b10acbe25,0.12087912087912088
471e156a772a7477,0.7472527472527473
8ef2670a84f8c475,0.32967032967032966
e7133d2916c7bdf3,0.8791208791208791
b1a54b792556fa6e,0.4175824175824176
a74bba5ddb23636b,0.054945054945054944
7f81d886111e8079,0.31868131868131866
4c2dbad0ae02d39b,0.23076923076923078
8cb9fa9a605324a3,0.2087912087912088
ded9730e9a8a923e,0.5714285714285714
9fbad4dbaa38fd84,0.5054945054945055
c2b7aec55de43e50,0.3076923076923077
a3c821053163db6c,0.27472527472527475
38fb7b194739ea56,0.6373626373626373
88663a960f5d524f,0.6923076923076923
89e06650bc35a45d,0.6153846153846154
73515cb334cc0e85,0.945054945054945
31a99ea6863cbdb9,0.13186813186813187
c0e720bd94cc5bc5,0.07692307692307693
598deae1a10e4c8f,0.7252747252747253
c792892020ec7086,0.2967032967032967
b963d72f9f93d706,0.24175824175824176
a0508111cb8a6eb7,0.06593406593406594
1a24e0e27421a7c2,0.5604395604395604
4d9827ba54353d97,0.6593406593406593
3ed84978af5ce51e,0.10989010989010989
381bd09e173dbe62,0.7802197802197802
8f6ae931daa98c29,0.9340659340659341
4db2d5be181ad327,0.8461538461538461
33d855802547bf74,0.989010989010989
10303bde4b01bf31,0.46153846153846156
17449b982cc3de92,0.03296703296703297
97e124c069dd3628,0.6703296703296703
1e150253f7885193,0.45054945054945056
e4b3f4ff38917307,0.04395604395604396
de7b726dae9f6350,0.21978021978021978
ceac21e2b55a213b,0.9120879120879121
3c3f7952607583f6,0.4945054945054945
2899b67005ec85d3,0.5164835164835165
103e562e6aceb546,0.08791208791208792
6a973d44b28bb02c,0.43956043956043955
54c3f3f5e8d56557,0.7582417582417582
7aaf8947dbbb1487,0.34065934065934067
a1081612cced6dc6,0.8131868131868132
c31a8706d88ad952,0.02197802197802198
9fcdc00389bb3014,0.5934065934065934
990ca056a6930954,0.6483516483516484
b4d2f0bc4d9e8423,0.5494505494505495
08c1ed3e0f707b49,0.25274725274725274
287f992ac6c0e3f5,0.4725274725274725
b128cec3fa15a1a7,0.5274725274725275
7f9cdcc4f3a87e9b,0.8571428571428571
fedb0785c6654580,0.978021978021978
76908c4155163409,0.42857142857142855
6b0accdb9dfac9f9,0.5384615384615384
156e2207ea6e2471,0.8681318681318682
851dc0eed96251ec,0.14285714285714285
8c4222ce44efb574,0.8021978021978022
0754a761586119ba,0.4065934065934066
dc4eb4b149c7ac6a,0.6043956043956044
eba97634f4948310,0.01098901098901099
603af4402d79b170,0.3626373626373626
d4375c53e7d6b870,0.5604395604395604
92cf2495caed1bac,0.4835164835164835
b1455e72e04b3d2a,0.46153846153846156
dcd54a4498bb51b2,0.6813186813186813
42162c8df275ff78,0.5384615384615384
bf91163091d52596,0.6593406593406593
8271c0883deeeaf0,0.9120879120879121
76b396a49a968483,0.054945054945054944
becb292af064325c,0.07692307692307693
d4e89328c485d6e7,0.6703296703296703
4fe60a02a1e81f16,0.02197802197802198
c4ec210cbd32700b,0.967032967032967
1a663acbcfecc93d,0.4175824175824176
983daeea20c4c8ca,0.6373626373626373
269fb0c6eb0d9d9b,0.8571428571428571
f5b2e871c2cd8d35,0.37362637362637363
50019383d77bbc5e,0.9560439560439561
2b7f5a663c86e365,0.8131868131868132
042a9dc0193a2a4c,0.2087912087912088
48d1a83b02e94c13,0.03296703296703297
dda31b3b2ea860e3,0.18681318681318682
fdea09f227186026,0.7032967032967034
8e39c4c227d08e1e,0.8791208791208791
f00836f881a6a9b5,0.9340659340659341
87e9f7de794f2263,0.3956043956043956
927cccd823fef02f,0.9230769230769231
efd1142df7366951,0.23076923076923078
354645416b1570ab,0.5934065934065934
540a368144d2fa1f,0.8901098901098901
d5d32c3c0b14816d,0.8681318681318682
e55bf2abf8274190,0.6043956043956044
a985ce8fbeac85b3,0.13186813186813187
c4ab0f08139d946b,0.5494505494505495
8498c32105378c7b,0.4725274725274725
a09522d4d2d347a7,0.7912087912087912
c39c2d919cb12b37,0.06593406593406594
aebeebf62c6bb305,0.42857142857142855
a99ee6c6f5291c4e,0.2967032967032967
1dd701605946487c,0.25274725274725274
085ae7a832140691,0.945054945054945
51cf1efa8f6774f7,0.45054945054945056
066ab65ab1b6e894,0.989010989010989
b0644c4acbd87d4e,0.7692307692307693
83f47692f5814e9f,0.3076923076923077
e70a38e4f4ff0bc3,0.21978021978021978
50d9f09f014a34f9,0.7802197802197802
df37217b641f7f93,0.12087912087912088
84413381e736a742,0.3626373626373626
d1f4ae5b613f48f6,0.7252747252747253
4bc494d41d370a3c,0.8241758241758241
09c7f7e15629b0f2,0.5274725274725275
5ba8da300433edd2,1.0
e52ae5e64186af62,0.8461538461538461
2f3cb885025b6e2f,0.7362637362637363
74239f4586f7f74c,0.7142857142857143
156980fd532d0c21,0.5714285714285714
e543c2d8fd9c13f0,0.17582417582417584
062281ecf91599b9,0.27472527472527475
084fb91ca57e4439,0.978021978021978
dad430388538056e,0.0989010989010989
d5786d834a6b0a98,0.1978021978021978
7759beb30a517f97,0.8021978021978022
243a0cdd54250d0b,0.32967032967032966
6e85f93891bd87c9,0.3516483516483517
65bbf40d1987e7ed,0.6263736263736264
b6460bcefb902747,0.5164835164835165
ddf2e233ee434c4c,0.14285714285714285
879bd591fe627937,0.31868131868131866
f6ff9ae127e682a9,0.04395604395604396
fa0fa1eaf9ab7a70,0.43956043956043955
f9e3972752d2b164,0.4945054945054945
f2dadeee457790c8,0.5054945054945055
4795a9b927d66d7a,0.6483516483516484
3547365ea0ddac3e,0.9010989010989011
b1f8f843ce532273,0.10989010989010989
31fbe1244ae2d433,0.34065934065934067
6c9f6b0d8c76dee3,0.15384615384615385
9325c21649ee27cf,0.4065934065934066
653abb5a73ba211c,0.2857142857142857
98088aa8ec0fdf6b,0.5824175824175825
119445fb58fde4d6,0.6923076923076923
a7d52d492f8db13b,0.01098901098901099
7a8159bf06bee186,0.24175824175824176
0453432e8dd66511,0.6153846153846154
60667ea26d9f5aac,0.08791208791208792
9a1063b8531f0a17,0.26373626373626374
d56dde3debffbbdc,0.7582417582417582
d4bd9b27eed03145,0.16483516483516483
30567bc063d5ceed,0.7472527472527473
6873b47ffdb709c4,0.38461538461538464
896b480d9ad445db,0.8351648351648352
d97950a19a2ce8a9,0.3076923076923077
5872b69131e3ed89,0.4175824175824176
19c9a636500678a6,0.5604395604395604
8e77b1685d068e93,0.4725274725274725
8b59c4237890c9f5,0.4065934065934066
7cfdbd45cfcc5581,0.06593406593406594
d614c7ce7f1e7bef,0.04395604395604396
1cbe88c1c52801b5,0.07692307692307693
597802660dc2fc56,0.6923076923076923
a581e2fc7850b612,0.7802197802197802
ea526e700ddb9cde,0.9560439560439561
4d2d4263fa45adb4,0.7912087912087912
edf8b3bf616523da,0.3956043956043956
26fef2156322ffb2,0.02197802197802198
e5afe9418fe84583,0.4945054945054945
36285a04bf1eaee1,0.6153846153846154
3abba1995ad88fd0,0.978021978021978
40c90ffc518937bc,0.14285714285714285
82ce4684461db31e,0.26373626373626374
5a7e6176fdc1c1e2,0.5164835164835165
2f309f56f5a8221e,0.17582417582417584
cd6df79090a8818c,0.7032967032967034
fcbfc9c87dc04478,0.01098901098901099
66196444dedf83f0,0.1978021978021978
12680aef0ea018a3,0.9010989010989011
2360ba032641b33b,0.5274725274725275
dd25d89ddf51b778,0.2967032967032967
0909a4b7255062ff,0.6373626373626373
a7066f2fcd66f134,0.7142857142857143
730c69dc9252d0bc,0.08791208791208792
d2c28671d177fa2e,0.8461538461538461
a55b4b7a50b17bad,0.5714285714285714
7d5eb6eb9b4a7933,0.6813186813186813
8e142ca0327276f2,0.32967032967032966
a08c7567689c9586,0.42857142857142855
3707e96a640812ba,0.5934065934065934
230b1fe1b305c582,0.5384615384615384
d2e92e72e5a1cda3,0.7472527472527473
15c79784f626a51e,0.6483516483516484
607a2908a4a2c72b,0.2857142857142857
b6c4aa0a7b84c784,0.3516483516483517
96d71f1041f188fc,0.5824175824175825
fedb7ad746ded692,0.18681318681318682
f698c0e799f33971,0.9340659340659341
7f093fed56f64785,0.9120879120879121
a7c16e1fd97c1a41,0.7582417582417582
0459dd4547582886,0.8021978021978022
77cd8d61f363688a,0.21978021978021978
b573adb8a8a02e6b,0.967032967032967
e47c958d13703e17,0.0989010989010989
595723016390ae91,0.7252747252747253
c463a06f2a57f0a7,0.9230769230769231
9d9d676f25b29e9f,0.8791208791208791
031cbcf1c79be4e5,0.8131868131868132
2bc7bf7dc5a78e82,0.15384615384615385
d71cd1ecbc936689,0.4835164835164835
92e54b1457c63283,0.31868131868131866
63fc6db0e6e2ff7d,0.5494505494505495
f9e7fabdd6a0528d,0.8901098901098901
81c8097ad929788f,0.6703296703296703
440cf4e4a4522167,0.12087912087912088
0323b30b8c7231a2,0.13186813186813187
d50422bc8d9668ab,0.5054945054945055
e568690578c63162,0.3626373626373626
fa031e15d54adb29,0.7362637362637363
b11d1bdbd285b785,0.37362637362637363
a9f7703fa1fe9497,0.8681318681318682
dd734c0f53f2270e,0.6043956043956044
67d454481dd71261,0.10989010989010989
6c2e1ca2a5676f85,0.03296703296703297
6aa201c852b9e351,0.6593406593406593
a24a8091c1e8d34b,0.45054945054945056
be827acc7a0720be,0.054945054945054944
32e08c886970d8cd,1.0
306baaf80228a82d,0.16483516483516483
3b02526b9056c4fc,0.24175824175824176
0d0709ddedb0c7c6,0.8571428571428571
0d007322a5b90a32,0.38461538461538464
043190f5b4365654,0.2087912087912088
1231b0128359b62c,0.8241758241758241
e54a225ed8c23fe8,0.25274725274725274
93c6c5fea7e01e86,0.46153846153846156
defc5f7281ee61d3,0.23076923076923078
3c34e2b3bba9ba7b,0.989010989010989
4859bd6635737938,0.7692307692307693
383081f6a6f3bfe6,0.34065934065934067
6a2fe14825a60315,0.945054945054945
0336c95f5565c065,0.8351648351648352
12b4e53f0ae92fc5,0.27472527472527475
22db21c02ba49ef9,0.6263736263736264
f31b6cf9afcc145f,0.43956043956043955
14c119794547d429,0.43956043956043955
783ad376b3607e98,0.8901098901098901
9a440bec44488a90,0.8681318681318682
17b49aa1ba674742,0.38461538461538464
d4ad6901b146ca8a,0.46153846153846156
394abbbaa262c730,0.5494505494505495
25f134b252cbc53f,0.10989010989010989
b6e9efc1c5559996,0.1978021978021978
f9ec8bcbd679d461,0.9340659340659341
3c0d89811715508a,0.9120879120879121
5d798685316a60fd,0.18681318681318682
6a38e7d9bca1bc83,0.7362637362637363
a8ca09d295a228f8,0.9230769230769231
e6a4e8b0ab1a4994,0.7142857142857143
9d5a6205e8cc0df9,0.5714285714285714
8fe1d28a154cda5b,0.4065934065934066
f2816576111175c1,0.7032967032967034
618ac44dbbcb7743,0.04395604395604396
de9d14030b501129,0.7692307692307693
a3324b127d6246b9,0.27472527472527475
26f6ca8f52276e32,0.6263736263736264
6c950b7297159218,0.6043956043956044
d9f8d991eea5c061,0.4725274725274725
9641783e38eeaea6,0.4835164835164835
83b4f4680ef1c163,0.14285714285714285
d86db8077da586d5,0.3956043956043956
34e054a8dd5bcf3b,0.2967032967032967
1f5b904ee93e956b,1.0
1afbce507ee7ec3d,0.5164835164835165
5aa853c0161f332e,0.15384615384615385
05c71182d92485cb,0.5384615384615384
e213aa38325687c1,0.2857142857142857
0c4eaaeb7da20d20,0.6593406593406593
1b3697380156ef4e,0.9010989010989011
7e80a62be1eaabba,0.3626373626373626
29de4ddf73f051b6,0.967032967032967
e26fc2a55574c2c5,0.25274725274725274
1a0be38090724e85,0.0989010989010989
24b8618046f78031,0.7582417582417582
06f1d22b74c73257,0.24175824175824176
2993c1e96d3a1a7f,0.8021978021978022
349a618074f8cb55,0.7472527472527473
aadc4ad1918d8000,0.2087912087912088
23a6e75bcdb8b35a,0.7912087912087912
7589497a1332a3e1,0.37362637362637363
c6aab6787e09b624,0.054945054945054944
171e3378e5b4745b,0.8351648351648352
2f0e73f554c85702,0.6153846153846154
ae254f804abd380e,0.13186813186813187
0514e138369d6a7c,0.5934065934065934
6d86cf0ce11be595,0.4175824175824176
6c0cca1283ad3b06,0.8461538461538461
0131b9a667948794,0.7802197802197802
0631543aec312027,0.989010989010989
f2c9cb23a4749603,0.07692307692307693
e1dba6bab3a87869,0.8131868131868132
3efdf6e8027f68ad,0.02197802197802198
ab3d452fd17eb123,0.6813186813186813
46bc14f49512e144,0.4945054945054945
8b16efc1ef12c419,0.42857142857142855
8a2501847e918d63,0.6373626373626373
080f4c7ff204c1db,0.945054945054945
3e35abf3c21b4e78,0.08791208791208792
514fc88193810507,0.8571428571428571
58cdd37323835a25,0.5824175824175825
ec2121d3e288e68a,0.03296703296703297
ec167c969c97826b,0.7252747252747253
18edc3b7f2d6d078,0.34065934065934067
bb8b4930990b81d4,0.6483516483516484
656cc4d87b12600e,0.6923076923076923
5659eea707e559ea,0.17582417582417584
f408e5eb12c0522e,0.9560439560439561
27d18da73b69ec5f,0.31868131868131866
b07374262d16f326,0.32967032967032966
bd89b0b8656fbd6b,0.5054945054945055
7fa8c230a2cd9002,0.8791208791208791
8f5d5c30cf2d11ef,0.21978021978021978
4743826dc6565cc6,0.5274725274725275
30097528ab79e698,0.6703296703296703
7a3fa08b83a493ea,0.3076923076923077
8a737517b34188dd,0.16483516483516483
3cc24ae50c70a6a3,0.5604395604395604
e27fd2ff4b5138b0,0.12087912087912088
25348da091b7bf6c,0.23076923076923078
cdad3029e26eafd2,0.3516483516483517
537e082dead06d90,0.45054945054945056
77bd9b253d4aa8a2,0.06593406593406594
87cb2ecb61191bb4,0.8241758241758241
59d4ce4662941083,0.26373626373626374
9cddf4bf31a23870,0.978021978021978
abd598b947a2d576,0.01098901098901099
8f2fb6e5e8065a0b,0.5054945054945055
e3de4fcb17a160ec,0.8131868131868132
d794b6f34f297a96,0.12087912087912088
1d2e2d74fc3e68e9,0.32967032967032966
aec66e219c1ec345,0.45054945054945056
c01b75c088bc43c3,0.6043956043956044
ef0eb34c6669e3e0,0.945054945054945
bb4b800888ce0fc2,0.7362637362637363
fd326df085844f5a,0.2087912087912088
ecdde15e1b7d5af2,0.46153846153846156
f023f551ae5013bd,0.1978021978021978
560b45325693ee7f,0.14285714285714285
7ac2eb33c73abc05,0.4725274725274725
72e806e41b9b0b88,0.8461538461538461
3cd41bc75be27fff,0.9230769230769231
eff04e658a63832b,0.6153846153846154
ac663e4552437f22,0.054945054945054944
2678e205e8ff5696,0.9340659340659341
dbc54cd834ab6905,0.25274725274725274
9025d37d34db4ba6,0.07692307692307693
a750a066ec91324b,0.37362637362637363
265b87c9d07be626,0.5164835164835165
463f2f573f49c635,0.31868131868131866
460ac58ffeaf3961,0.6813186813186813
ece93c3391aa54ec,0.9560439560439561
d35b507af1f5c254,0.7802197802197802
6b800b83150ffbdf,0.989010989010989
4ad07576e6f9e0b8,0.4835164835164835
5e3ef46d4e47e6f1,0.9120879120879121
2c69e7666728e294,0.06593406593406594
8deac9fad26b3440,0.04395604395604396
e0ecdb9d461b9de9,0.4175824175824176
a9c68e28c4dab585,0.43956043956043955
d0292e6c1074e75a,0.7032967032967034
750023708d110570,0.8791208791208791
88874c60e8b26698,0.5384615384615384
a0f3b8ea3839a127,0.9010989010989011
eff2097604e0baec,0.01098901098901099
58a52478721f7dbe,0.6263736263736264
b214390aaa5fd5ef,0.7142857142857143
48b3fb3606917779,0.34065934065934067
345bf3adfc9afa45,0.15384615384615385
513d3daeed15f1b4,0.5934065934065934
8e0a26e211a024e9,0.8681318681318682
ba77bd186d0fff4d,0.3516483516483517
6a04ef924b566abd,0.10989010989010989
2fcdc89f5564569c,0.42857142857142855
45e71950793f4023,0.5274725274725275
05baacb964cd4d03,0.8241758241758241
b80a24656a2672ed,0.6373626373626373
466b46029990b70d,0.6483516483516484
37a5819f21f862af,0.5714285714285714
66853b84ec1fe82c,0.967032967032967
9d237708895e182c,0.5604395604395604
f779b882387dc28d,0.5824175824175825
520f9a032df8e273,0.18681318681318682
dc0de3a4e48e5b30,0.4945054945054945
a075f9429f48a65c,0.0989010989010989
6a27c7289a1e667e,0.6923076923076923
27c7560656c8d07b,0.8021978021978022
097e4955191108ee,0.7912087912087912
75bd758b05920e6d,0.23076923076923078
a90c77272d721e3b,0.8571428571428571
50825ba472716e00,1.0
637835e25a4c447e,0.5494505494505495
5dbf26adb3629ab0,0.2857142857142857
9d0cc9863cef50f2,0.978021978021978
2d170ddb465e30db,0.24175824175824176
829d8cfb4eeb727a,0.3956043956043956
48202718bdc2f7c7,0.7582417582417582
e875e0d9412df8fd,0.8351648351648352
53d599c5bd77672c,0.38461538461538464
1169892c94c82606,0.02197802197802198
cee007a5596bf507,0.2967032967032967
f80e9e7fdc003be7,0.08791208791208792
2e9fe833481aadac,0.3076923076923077
945d2beaedbcd026,0.26373626373626374
05f710681102848b,0.17582417582417584
3e8dfc16a9db21d3,0.03296703296703297
7c779ad2916fd001,0.7692307692307693
1227968c99f2188d,0.6703296703296703
7f24229089e42212,0.13186813186813187
af371e9ba70a1be5,0.6593406593406593
c1e5acc5ba66093b,0.3626373626373626
5a6ac9c1581e5832,0.7472527472527473
53bca5d95fd955bf,0.16483516483516483
febe7666a6b9f36c,0.8901098901098901
906bfee287f77773,0.21978021978021978
8483e371a295bbf0,0.4065934065934066
a2bbc0a8c53a4390,0.7252747252747253
7b4b51117f0a80ea,0.27472527472527475
2f4f35613c7f9d1c,0.6263736263736264
99b629b2ceef6cb2,0.2967032967032967
e0b16c04a24258ea,0.5934065934065934
46ce642263283b5d,0.7802197802197802
92715f11ecdcafc7,0.8901098901098901
ece0e5ffc7ab5f55,0.45054945054945056
aefbc43d638ce9af,0.27472527472527475
15554a2de40181b8,0.8131868131868132
44924e5e9e204a82,0.07692307692307693
450be0195a161dc6,0.4945054945054945
bda8d96b6954d3bf,0.967032967032967
eaa540b3f38187bb,0.43956043956043955
6c46ab6f6208da08,0.0989010989010989
e6a93ce34a8d46c4,0.6373626373626373
ce9ca9477eef59b8,0.32967032967032966
03f38a1a3e29460b,0.7472527472527473
ed754f26ae2a3aab,0.7912087912087912
a2fceaf63b221b71,0.4175824175824176
6de77d03deb4d4df,0.4065934065934066
504a748cf938018e,0.6703296703296703
fbc72a2308e8e2bd,0.3626373626373626
05f21abd26765b41,0.5604395604395604
286fbe91f80c8996,0.06593406593406594
7850956881f8f7c5,0.4835164835164835
54af3be178aa5df7,0.054945054945054944
709e38effad9520b,0.6153846153846154
48297aa2ac3e1fff,0.9340659340659341
af866e883b99434e,0.18681318681318682
ba8e567899af00cb,0.5824175824175825
0c91aeda441445e9,0.34065934065934067
6badcd3eb1bc33d3,0.17582417582417584
8a27733487337760,0.5714285714285714
d868d7209a528feb,0.21978021978021978
6c4b4e94a2fa1d24,0.24175824175824176
e11c01cfd32a93a9,0.26373626373626374
dfec07a14a2da7a4,0.8461538461538461
b57f249751be2e69,0.02197802197802198
dc2da9872a5dfafb,0.8571428571428571
1ed8f59d553b1098,0.7582417582417582
63b3728c07ce6d72,0.6593406593406593
277843a7a80ce481,0.08791208791208792
aba45e0a6ae7b344,0.989010989010989
404fc08fb2768c31,0.7362637362637363
2faf40f3f7438ba9,0.12087912087912088
da6b8d7dfdba9115,0.3956043956043956
c0803b6c206e3ff1,0.04395604395604396
79a55de0ed67ac21,0.16483516483516483
efb866093897d156,0.31868131868131866
a6d3ba999c834779,0.2087912087912088
2d2e1f6a9b02a45e,0.945054945054945
20ccc6a1f15f03c2,0.15384615384615385
2fc73f053e7d9c76,0.8681318681318682
00838da09d4a30b7,0.7032967032967034
7e60f46ee6ee9eee,0.978021978021978
dfe2c774b1133326,0.8021978021978022
d9cee6365deae7d3,0.5494505494505495
e66d27dc3e455c4e,0.6923076923076923
07281d92eab238e5,0.7692307692307693
fa4c6c95ea3d215f,0.6483516483516484
def3c57535b925a7,0.4725274725274725
e017a9cb1bd3dc79,0.46153846153846156
8610e8356a021faa,0.42857142857142855
f7f0e422b7df46f6,0.9230769230769231
59a52708b2cf2d9e,0.9560439560439561
bb721677e3e6e0b9,0.6043956043956044
6ef4b89f0fb6dadc,0.01098901098901099
6a3cc0e50579e334,0.2857142857142857
2cc8b15dd0865462,1.0
d99b399ce35f175a,0.5274725274725275
424cf10336fe9011,0.13186813186813187
71eb7821f102eaae,0.23076923076923078
bba1238d82593201,0.3076923076923077
98af36677f25469e,0.7142857142857143
568deb1040b62b73,0.5054945054945055
c6f7f9dff7e2befd,0.7252747252747253
0882a606eb09a050,0.14285714285714285
24b74aaa6ce574df,0.9120879120879121
acacb8ac817b4fe6,0.1978021978021978
fd3c0e788d8c7431,0.3516483516483517
33dedcd777f0c089,0.8351648351648352
ebed9b82bf180c86,0.25274725274725274
be23b12a3403ad44,0.5164835164835165
eb872f443e317c71,0.03296703296703297
6f83c1e418236592,0.5384615384615384
00282c3c273a71d0,0.6813186813186813
44c172ff7146fbf5,0.8791208791208791
fd450fd13f4dc2ba,0.8241758241758241
2d9dea9f565fb1db,0.38461538461538464
558bbe190fb5d451,0.10989010989010989
ef3577d7be5ff9d7,0.37362637362637363
234391d313cfe1d3,0.9010989010989011
5a8d981245f967d0,0.34065934065934067
32f260033722317f,0.18681318681318682
b0537c929eabeec1,0.4175824175824176
f9a1f18b8a0ee536,0.8901098901098901
bb9130b46a3c0d93,0.43956043956043955
38a2fdf7459a9913,0.13186813186813187
f73c287fe513168b,0.6923076923076923
9e6bb4fdfac894d4,0.45054945054945056
b7246664e71d1204,0.42857142857142855
affd9a563ee1a9fe,0.5054945054945055
0d34b13897d3ee06,0.10989010989010989
c51e4ff71b5cc1ce,0.3076923076923077
357f4f09ee652d4f,0.9230769230769231
2c50548a56dcb4c0,0.6043956043956044
55fbd4283d6a41f3,0.2857142857142857
09b59c50c7d453ea,0.9120879120879121
72b274c3d856009a,0.5824175824175825
00844b7184ad6c5b,0.1978021978021978
c0370d917684633c,0.08791208791208792
e4ae138c941c265d,0.989010989010989
6ea23b7bf307e3d2,0.2087912087912088
057c564f4efac126,0.02197802197802198
78cbb3cd7473e3e7,0.7472527472527473
d0c6d92bd0502603,0.5934065934065934
7ac2ec37ebfc9c5e,0.37362637362637363
2bca2702d550eabe,0.04395604395604396
610096851a012763,0.5164835164835165
8f58120ad09ef8bb,0.01098901098901099
6d02af6744a80599,1.0
3b146c1b70287644,0.7142857142857143
d1eb19f8f0968e2a,0.8241758241758241
28e24438c1bfe9e0,0.9010989010989011
b1f2fe909722adab,0.7582417582417582
323a66bbb27d451a,0.3516483516483517
ed935c4c9103cb4f,0.31868131868131866
8b8052a1a1ca2f75,0.6263736263736264
43f3a05c70c13b13,0.3956043956043956
b98dad719421bd45,0.32967032967032966
2d2f19418c507ff1,0.8021978021978022
57f2bc6b0cc7731f,0.27472527472527475
2eef62dac3752358,0.24175824175824176
41e83aa41e26ec9c,0.6373626373626373
49c3f6305dbc85ca,0.06593406593406594
a1b6fc294c96b01d,0.7252747252747253
ee306f44029e5aab,0.7912087912087912
a24ebb7014bfc398,0.7692307692307693
9e29ce3acac42643,0.3626373626373626
e11f60d1ef1a3a80,0.7032967032967034
9c47c79c27a8db07,0.6703296703296703
2baa9a19657922dc,0.967032967032967
e3dcfdaed6e1d0d8,0.4835164835164835
cc74175e160daa36,0.9340659340659341
769caed98ee0bc95,0.15384615384615385
1d955e7c79f9a27c,0.945054945054945
ac2f423a953ab0b4,0.4065934065934066
29826a4455e0a22e,0.8791208791208791
da2712cd71865831,0.8351648351648352
c2c1289a76331391,0.5494505494505495
c62afcf9089c7418,0.9560439560439561
ceec7b52bfd286a9,0.6813186813186813
ad5a08f96d2e3a03,0.4725274725274725
7402d4fc1cd26869,0.5274725274725275
04b02682d764b35c,0.6593406593406593
60310a0337dc5328,0.7362637362637363
d85bca4aaa2e2984,0.8681318681318682
cc399ce7fc3ee853,0.5714285714285714
5954a76730cd88d3,0.38461538461538464
101b742e69bd77e6,0.46153846153846156
4a499d864139d1e4,0.17582417582417584
fc9f9667c9fe7049,0.25274725274725274
a1c3fd023d6a8290,0.14285714285714285
cb0a8e16435f16bc,0.8571428571428571
26e0c642eda24cac,0.6153846153846154
93b55d9c202098e7,0.03296703296703297
00fd0dd97fff061f,0.16483516483516483
e80bc447c437acb2,0.054945054945054944
bde32de605626845,0.2967032967032967
b4ca447663a452ab,0.8461538461538461
522d22ceb24a8061,0.26373626373626374
4404ca1ab945150f,0.978021978021978
9b7634051f1701e2,0.8131868131868132
cca6fff750abc644,0.21978021978021978
3b4b997f224cf38b,0.7802197802197802
d58b91c017353f3f,0.07692307692307693
9087c50c03db7734,0.5604395604395604
6e1f8a4043435736,0.0989010989010989
9570d2a687ce5324,0.5384615384615384
2612d6af2e394bfd,0.12087912087912088
38881c186ee1ea80,0.23076923076923078
a0712cfdceea3b5b,0.6483516483516484
abcf11ecdc610b8f,0.4945054945054945
c327f5f488c7de4b,0.7472527472527473
f582dca693622e4e,0.03296703296703297
3760b505476e7c31,0.8681318681318682
087b7c550403d0d9,0.3076923076923077
382a444e37948741,0.9230769230769231
757cf3684e554ad0,0.5054945054945055
e7a897adb0e0e059,0.5604395604395604
8197271ecc309aa8,0.7582417582417582
78ecf054734fb757,0.7032967032967034
a47497b36b20abc0,0.06593406593406594
09be9d7ab761fd9a,0.02197802197802198
c77e9e0f11c808c3,0.6373626373626373
fa835b4650785505,0.4725274725274725
f6884f4d7a9e9fb5,0.6263736263736264
636b76178cd6bf98,0.32967032967032966
92d978c60eeebbb9,0.14285714285714285
010e131702fb5bf4,0.8131868131868132
08629bb300a218bd,0.4835164835164835
a7d4a3cb2114c4ee,0.43956043956043955
f8b11d4f70fb73e4,0.46153846153846156
b4033790a770f83b,0.42857142857142855
f11124c2db25a3ef,0.7692307692307693
f7ad96fd819d43e0,0.6593406593406593
2cc5e66bde43c6c2,0.37362637362637363
d38b6965dd6f0b2d,0.989010989010989
9added21f05b80ca,0.2087912087912088
3ddca0301872ce9b,0.31868131868131866
b532b3c9f356ef29,0.5494505494505495
829fa000e0840174,0.34065934065934067
c7cdc8c371c4bc13,0.7802197802197802
cb891bf205ff9a2d,0.6483516483516484
10c6dfbe4fcdf180,0.4945054945054945
f495a0708cf62eb8,0.38461538461538464
039c1958d84eb26c,0.26373626373626374
e65b6fa679db1b68,0.9010989010989011
1b622945f59568eb,0.12087912087912088
99cfba3f78e4231b,1.0
e5398de2cf66bf08,0.04395604395604396
cd97849284d11d0b,0.08791208791208792
2cf2e6715f460421,0.2857142857142857
e5b4b3c0d4cc8782,0.6043956043956044
d21577f53f14ecef,0.6923076923076923
7fdf03ffae9dd56e,0.7252747252747253
fc2e8055c8e99f1a,0.8901098901098901
1c6c0c5fac48fec0,0.9560439560439561
9fd786cbf54c8549,0.8351648351648352
9d964c2f30147822,0.5274725274725275
5d891bfeba9d1921,0.21978021978021978
b8fb04fbc9d64760,0.8791208791208791
88e7af0a7937b057,0.7362637362637363
630ad7945ef8fbd6,0.6703296703296703
54519c1f7035f1d3,0.3956043956043956
b8098eab3221c456,0.967032967032967
388d149b05a6e0de,0.8241758241758241
1b1780135457f27f,0.945054945054945
765c2f2e808e7ce8,0.5714285714285714
c1f7ae40816c9133,0.4065934065934066
c2be22b01ce25274,0.01098901098901099
ac1e8376c5c17fb1,0.16483516483516483
0ad685e25477d9f6,0.9120879120879121
19a035fb2e73189a,0.18681318681318682
f385fadc28db0798,0.8571428571428571
dd5c28b6cd1b3889,0.25274725274725274
23fd73634bc1f550,0.24175824175824176
e0ea962ec1f8a8c1,0.0989010989010989
1d1b598e010584b5,0.7142857142857143
4675d170c2f4635d,0.978021978021978
d3c5455901a945ef,0.1978021978021978
c32576c4f5cbce6a,0.27472527472527475
b6e39bf2b42d93d3,0.15384615384615385
49dfd4b7a03b154e,0.5164835164835165
16e92fdd28ca9d2c,0.7912087912087912
8125414d3f823417,0.45054945054945056
76234c0eca7737fe,0.054945054945054944
a35579fee38d2fe5,0.5934065934065934
f27da05900fb75bc,0.07692307692307693
10c683424cf946de,0.5824175824175825
988c024317fd4dc8,0.8021978021978022
60b7f2fce9b3ac9c,0.13186813186813187
3eb07e8ee363cd2e,0.2967032967032967
82f6f63769e20afd,0.4175824175824176
76bae1b202ef509f,0.3516483516483517
1e1c0458949af14b,0.17582417582417584
7447d7f1d72820eb,0.3626373626373626
7df51800c857defa,0.6813186813186813
4c679ee2f0f22c5d,0.10989010989010989
cad47d145ae14740,0.6153846153846154
ff56da0ff9488a0e,0.5384615384615384
34cf6fa78b4ce26d,0.9340659340659341
4d83e9b7a59d5135,0.8461538461538461
f299b5d4611c56fc,0.23076923076923078
3fee532d2b9ed98c,0.18681318681318682
becf1345888e5e20,0.07692307692307693
ff9f5569715bdcce,0.01098901098901099
c42d7fc129abd839,0.8791208791208791
e8254d9947086d9a,0.06593406593406594
ce904c524696ad72,0.8021978021978022
2ae9e381a8fdc918,0.2967032967032967
50b8ccbe54a4fa02,0.9120879120879121
24ac779b649a6858,0.3516483516483517
f11de92ebb9c1476,0.054945054945054944
4129d6291f4c525f,0.989010989010989
36b86c9ec2a24fe7,0.8351648351648352
d319e229ad1a2fe7,0.26373626373626374
5f3d954cee6eaab6,0.5604395604395604
d1e17e984d858333,0.4725274725274725
dd1f3e67990025c4,0.37362637362637363
cce4f216a13eb909,0.4175824175824176
223c771e29a3788e,0.6923076923076923
267264d5e513e9ca,0.5934065934065934
a2eae66493773185,0.5714285714285714
45ad11df9fec92e6,0.10989010989010989
da762e36677af320,0.7362637362637363
b3b0209c0184de98,0.6483516483516484
781a755edf71ad56,0.7252747252747253
acef4abc7b1cf53f,0.6263736263736264
855b7bf8e6e1f46a,0.6153846153846154
3e060f95954cb91d,0.7692307692307693
22fe5681fd477e40,0.0989010989010989
48e6e7712258b18c,0.38461538461538464
7626b7da67207520,0.7032967032967034
73d44b2ab28855ff,0.34065934065934067
c622c400013b14db,0.7472527472527473
7acd6631109abdd9,0.8681318681318682
d536fe460e59735d,0.6373626373626373
c8b76b9ae477e651,0.4065934065934066
6fec615f57bceb46,0.8241758241758241
f2b1face0ba71b58,0.03296703296703297
4f3ec55d8c453643,0.24175824175824176
c5612a19e3cbeb9e,0.42857142857142855
7f3815a22d904633,0.17582417582417584
874f016459bf3573,0.9560439560439561
580a51267f773325,0.7912087912087912
7f4e1e1c88e64d8c,0.1978021978021978
32c90ba090f2c048,0.4835164835164835
6d84e8c07e14b0b1,0.8461538461538461
471300afffd85ce0,0.5384615384615384
b09ec57b5edc00d0,0.2857142857142857
5c734d330914679d,0.13186813186813187
272204c1d454210f,0.5824175824175825
3917b42f363be95c,0.5054945054945055
5968e8cdf4c847da,0.46153846153846156
4882048f4bc3616f,0.6593406593406593
b96bb13953153e5f,0.32967032967032966
3b8fab2b12575102,0.31868131868131866
7a87ca46300eeb27,0.945054945054945
83436e78830be6a8,0.6813186813186813
f6c5c4b77f057ef8,0.8571428571428571
626393497271e3fc,0.967032967032967
a0c69e5801838d01,0.43956043956043955
ee1a52a8f968ede0,0.3626373626373626
dd7a732ff208823e,0.12087912087912088
59e0cde266f59e04,0.45054945054945056
26f9ee3eb765a084,0.5164835164835165
a1860ae94bcd9f33,0.9340659340659341
b28e089eebbf4b77,0.2087912087912088
9983eab4b8ea728c,0.8131868131868132
809cc6d24dfeb0c7,1.0
e0b4b9534c5a9c50,0.08791208791208792
0f8d30a56c55b29e,0.3956043956043956
cc01ea166a07d422,0.04395604395604396
f6de62e0e62aad82,0.21978021978021978
475cc857a2ef1c2f,0.02197802197802198
9e8a0741da4d707d,0.978021978021978
dfae744b181fcda8,0.16483516483516483
dc0aebdf78379478,0.7142857142857143
ea1e33de27ffcdd5,0.9010989010989011
fc591d68ff8ce408,0.3076923076923077
83db9cadb22b7791,0.5494505494505495
f329c8cfb9851716,0.6043956043956044
5c52681b6863b31f,0.23076923076923078
19486da6ce1c6a45,0.9230769230769231
0e5981971843368e,0.6703296703296703
a4e8daee8d23b66e,0.5274725274725275
15768554afd6f2e0,0.14285714285714285
618676f615070508,0.27472527472527475
0f031e26dd2d8745,0.7802197802197802
89f9296945e29d7a,0.25274725274725274
99c91f9d2997617f,0.7582417582417582
1be8b5785695afae,0.8901098901098901
62056f3e10f46f27,0.15384615384615385
89a193ab76212948,0.4945054945054945
4be00bdd9a3480af,0.8901098901098901
5500c9e6e2e06f88,0.2967032967032967
d55d5db14c47c853,0.12087912087912088
baa7bd0f25c1eead,0.3626373626373626
73de40073b922ff2,0.06593406593406594
84d974cc6ad20280,0.14285714285714285
2af80f4aaedae816,0.37362637362637363
ae0b8f4e8041abdb,0.17582417582417584
e2579f9076b3b93b,0.03296703296703297
d6934673c20fd762,0.04395604395604396
d986dc9774abe589,0.9340659340659341
83003bd2c01ef599,0.5934065934065934
1f9ef43e95b7b62c,0.08791208791208792
8d85c7b75921d20f,0.16483516483516483
85ee56cbbe1cfa37,0.8461538461538461
50dcc860002a7832,0.23076923076923078
b2c4a7208ad4bf00,0.7032967032967034
232af147d3dd76e4,0.5604395604395604
8f085e1105b429b8,0.6483516483516484
919bdd51014aaf24,0.7582417582417582
eee3c85ef47eabf2,1.0
f75ef884da5aa90f,0.18681318681318682
6076def932e29156,0.989010989010989
2e5cc7c198c9e346,0.8791208791208791
0f210082b7afcb72,0.34065934065934067
04f434211082e6e9,0.2857142857142857
c1dab91c55965a19,0.31868131868131866
f63b1b05d6725c2d,0.8571428571428571
fc7aa84044bf7d23,0.945054945054945
c5ba9a5b777e8c8e,0.967032967032967
524e1bcd48973e9e,0.46153846153846156
f931c3cbde287b0e,0.9560439560439561
b44f243449b77f96,0.5384615384615384
016942d6de276bbc,0.7362637362637363
077348f7ef798f5c,0.8131868131868132
2855ade156a32410,0.054945054945054944
d6654bb35b9e60b0,0.10989010989010989
6618a3c2e4f44f8b,0.5824175824175825
be38dfa9cd8af308,0.24175824175824176
40808e2064dfb7f1,0.8021978021978022
39736e7daedc12cb,0.5494505494505495
5be49c55dcba26cf,0.6373626373626373
fca8e48625afcff0,0.7252747252747253
f56a8ab244037ed3,0.5164835164835165
fa7f7302c96126f7,0.9120879120879121
b23e50eb3953e01a,0.0989010989010989
389fe2bcc66f1ac1,0.02197802197802198
81b9bb02024ffda1,0.7912087912087912
a932cfe91e166709,0.6593406593406593
0c75c26e08d169f7,0.42857142857142855
ae5d8713b0b401a7,0.6813186813186813
175604783daee94c,0.45054945054945056
1777556a502d3f09,0.6703296703296703
7421c80a91b1c51c,0.07692307692307693
c644d2dc8e5ff31d,0.9010989010989011
4de1c536f4b5ca9c,0.4725274725274725
31029fd53d53a775,0.15384615384615385
6366fdee3f64bbe8,0.3516483516483517
0e9ea244be3f5243,0.7142857142857143
38a15a36c4e55fb9,0.13186813186813187
dd734f92b667e8a3,0.3076923076923077
1204b123e3b48148,0.32967032967032966
4586f7b0b1017196,0.4175824175824176
bf41c190f95c3ea4,0.3956043956043956
a90b726d70a3851a,0.4835164835164835
5ff489fe4c81d66b,0.5274725274725275
1851aedc242b22cb,0.7802197802197802
9d6c893a07bb931c,0.27472527472527475
a6fa7ccaa60c35bf,0.6043956043956044
957b4427afef9872,0.7472527472527473
41a62c4d0335c5b5,0.7692307692307693
cb742937777a8efe,0.8681318681318682
52e76fbfe49474c0,0.9230769230769231
7b1b43fee721d9c7,0.978021978021978
5c6790219baf45ec,0.38461538461538464
029420aba30f1cf0,0.6153846153846154
7c9cd7a4df6b415a,0.8351648351648352
fe64eae205af4ffc,0.1978021978021978
db4110104768b7fd,0.8241758241758241
4d7349f871b82395,0.4065934065934066
9a83edd775dc4768,0.5714285714285714
0fe97c381246de10,0.6263736263736264
eda4e8dce7f5ca9e,0.01098901098901099
caad02c57f994b03,0.4945054945054945
aad00f259d8b4887,0.2087912087912088
d87c1096b793977b,0.6923076923076923
aa457773269e8f34,0.43956043956043955
4f8ac6e844af454f,0.5054945054945055
28091370452dd984,0.26373626373626374
07ae6f05bcea87ca,0.21978021978021978
0da7514077002c3b,0.25274725274725274
5a4afdff6ec82da3,0.6153846153846154
e837a425316a0ac6,0.01098901098901099
3df65ce614dca83e,0.945054945054945
744177079f742450,0.7802197802197802
20d85b9bad3cb967,0.5934065934065934
e250335f385627a7,0.3956043956043956
a751561980644ee4,0.8131868131868132
a4e9b514dca42f49,0.6703296703296703
fdd38960c18264d6,0.2967032967032967
959c84d31d1138c0,0.04395604395604396
20f1f9d35964aeb7,0.3076923076923077
7ff511060e1443d7,0.27472527472527475
43e2390b847cf170,0.8461538461538461
9ebacf0ff9bb5a4d,0.6373626373626373
e6efc5c1552e3e73,0.21978021978021978
d8c181ab1f8cabb0,0.23076923076923078
3cb1955907be7b53,0.8901098901098901
697fe2d747111831,0.5604395604395604
9e87e98bad126b74,0.2857142857142857
8e6a9d9e0f52f4a5,0.37362637362637363
9d89f53769bf7654,0.3516483516483517
a43e85b2583e20b4,0.10989010989010989
ce95e86140ff52cb,0.4835164835164835
e16842e548cf3420,0.5824175824175825
323f364ebe0b202c,0.967032967032967
3e83406eb56892e8,0.32967032967032966
00d2549813f6bedf,0.6483516483516484
c4a8ad091bbf2357,0.02197802197802198
fe3bc7f3403657fe,0.7582417582417582
6e447af8faef3825,0.9340659340659341
c6425b2d0e8f0fef,0.26373626373626374
926d09a1a012afdb,0.12087912087912088
88dc51f287908efa,0.4945054945054945
b7e803939912c19d,0.42857142857142855
6200c3f978715eae,0.1978021978021978
3146d3ff63972e21,0.43956043956043955
259698f5d15165ba,0.13186813186813187
27ac47b45a75f351,0.0989010989010989
32caf81c754c2640,0.06593406593406594
bfaea3882c3d5016,0.45054945054945056
ee756bee1c7d323a,0.7032967032967034
ff596c53ccd19806,0.6263736263736264
dc76fde4e7f3112a,0.16483516483516483
f6128ece8fc58ba9,0.9560439560439561
67b1b8d87dd30920,0.31868131868131866
23e9b971db49debc,0.5164835164835165
fa2ec13772c88b35,0.5274725274725275
ac78c61963ed03d1,0.46153846153846156
1ec4f125bddbff40,0.8351648351648352
0d7650f0ab2dd02a,0.7252747252747253
626e3fd846e1971b,0.989010989010989
6353989ffc3526de,0.054945054945054944
2d7a546f1d709890,0.08791208791208792
a70b179790666c18,0.07692307692307693
63aed7d65fc5bd28,0.7142857142857143
8952105e3c788cbe,0.8791208791208791
dbb527338ebac48a,0.4175824175824176
f5bd1b1aa6b8fada,0.4725274725274725
099d9a72c4489917,0.6923076923076923
e1729fdc0a1d0e7f,0.14285714285714285
ba9c2443e7db78bc,0.5054945054945055
af01747a369d4d35,0.9120879120879121
779f8de3f12ad716,0.34065934065934067
25a289af83b6d510,0.2087912087912088
5b3be7ea73f090b8,0.3626373626373626
41d96880e285d247,0.38461538461538464
5aba31746457d86b,0.6813186813186813
42e792c3fb02c389,0.9010989010989011
f728c778628be63b,0.5384615384615384
cc08ddbdd8938b32,0.8241758241758241
305c2f71c3708ab7,0.15384615384615385
8a38feb763d6c219,0.7912087912087912
e27e037022ae6dba,0.7692307692307693
e04fe72a3e95e857,0.6593406593406593
4d317c4450a4e679,0.03296703296703297
31d7e657ee55fa68,0.7362637362637363
5ec4150262a1749a,0.8681318681318682
abf89a4a92832612,0.8021978021978022
58c6c770012aa5bf,0.18681318681318682
5945ddd018dc498e,0.4065934065934066
fa4e363e7b202115,1.0
9dfaf6990532d638,0.6043956043956044
e3f5b3b0a28662b3,0.24175824175824176
9d133f1cd10ec5df,0.17582417582417584
ad867903b3a66cdc,0.7472527472527473
db617672e98220c4,0.9230769230769231
eea96fb49e91ed0c,0.5494505494505495
5f1e43c4ab4f1108,0.8571428571428571
3b678ccab374d1a2,0.978021978021978
97054c484fdf281a,0.25274725274725274
0dd59700afae4e19,0.5714285714285714
d0f0b35c2ddccb1a,0.5054945054945055
4fbb10c00568070c,0.27472527472527475
afdf86c78b2841cd,0.7912087912087912
76ea5e5b960b714c,0.6703296703296703
a1b56dc7dea86749,0.6593406593406593
18aefca0f0e5b122,0.14285714285714285
e6d70721946c246f,0.7582417582417582
3daad9acd9d1c6a4,0.8131868131868132
438d8328c0664371,0.6923076923076923
929be4db2239142c,0.9120879120879121
02083331a4591cce,0.989010989010989
cdcfc6c15919c37d,0.8021978021978022
fa96118c832be423,0.4835164835164835
0b1ceaf684fac0b8,0.46153846153846156
646e5dc12b3def2d,0.43956043956043955
e938da758515290b,0.5824175824175825
3ce2efe2e3316ff4,0.054945054945054944
df51c3aee144472f,0.02197802197802198
0d43d3d8923a8385,0.12087912087912088
455a3494d3bc8d18,0.4175824175824176
40a758ebab92abd5,0.9560439560439561
4c91ec203a580738,0.23076923076923078
75150c2db2ddc66f,0.2857142857142857
b9a89b2d512e0805,0.7032967032967034
0681bdbafcd6589f,1.0
5823b005ad441992,0.5494505494505495
02492029d621e8db,0.8241758241758241
2a16fa4fb9f62d2f,0.7692307692307693
29146935d2b0d6fe,0.4065934065934066
b6f731110af7754d,0.0989010989010989
76e453232420e035,0.3516483516483517
522eb45091e5604b,0.5274725274725275
a5c8c7573430bdd9,0.978021978021978
8a75a9ee5b0c0e3c,0.967032967032967
f095f48e1a67bdee,0.6813186813186813
1fda73e0cb06200e,0.45054945054945056
54aca50fe28d988e,0.5714285714285714
1e982f4a66bb2c7d,0.3626373626373626
593a0cdb61c3a4b2,0.6153846153846154
342a3417ee4fbc29,0.04395604395604396
9499ef731a050442,0.945054945054945
39bcd9bb1e0b8ded,0.8571428571428571
3cee5af0dc7759d2,0.6373626373626373
1b8fb30b5c77d259,0.7362637362637363
b8a69ed18ef24397,0.26373626373626374
5ab3f0fceade5bfb,0.3956043956043956
979de03e07b32f7d,0.9340659340659341
4fcc129a6eea82b6,0.24175824175824176
347e087bd9ba6156,0.06593406593406594
c72229e375595ac2,0.7472527472527473
d79b2d240462530c,0.5384615384615384
1ed16f2f446bbd70,0.03296703296703297
6d93875b9245a83c,0.2087912087912088
f9e2c021870224d4,0.17582417582417584
659a316ef6bc6770,0.8461538461538461
6ce39ec73422bc6b,0.1978021978021978
254b7c277ea5cc37,0.7802197802197802
fdc9345784f7f0fc,0.08791208791208792
e1a9a1cf1108a8f5,0.16483516483516483
533feaa77112d81c,0.31868131868131866
98ba248332941f84,0.7142857142857143
b2d1f9a16309c418,0.5604395604395604
3f0c41c94f606803,0.37362637362637363
c5169867d9924253,0.25274725274725274
ebce0186ada2c720,0.15384615384615385
256c37c45eb6fe5a,0.18681318681318682
18c0e2ed9a2a4ea8,0.34065934065934067
d6b7260723a3974c,0.6263736263736264
8f330aaa5d35f046,0.38461538461538464
87bbc0e31536c666,0.8791208791208791
a6208f2854722bc5,0.9010989010989011
b465cdbb371b1013,0.01098901098901099
a2b478f15b71693b,0.8351648351648352
66a93bcce6419dd1,0.3076923076923077
84d73a82c0ab7b9c,0.07692307692307693
2beee7d2f3e0b91b,0.6483516483516484
0aa6fd93b292fee7,0.5164835164835165
4f60f4cc9641b0fa,0.9230769230769231
fe36cba5d948f0c4,0.32967032967032966
74c0bcb4f48a7c4e,0.42857142857142855
9faae00aa6eb0835,0.2967032967032967
f1a43840ef06c969,0.8901098901098901
44cbcb8aca5408fb,0.10989010989010989
0fbb0f138be1bb2a,0.21978021978021978
96cc73b1b5be4f21,0.13186813186813187
a4dd218d569201ea,0.5934065934065934
1e57313791573977,0.7252747252747253
2ae0a6db456756d0,0.4945054945054945
6b2d71e22af2b6b4,0.6043956043956044
da04b30f879b6b32,0.4725274725274725
7c6980d78d4e0560,0.8681318681318682
5a5ec18640fa2e7b,0.989010989010989
1960ac795e7282cc,0.7912087912087912
48aaae4d33f6883c,0.12087912087912088
2bbb72e9557e65a6,0.5934065934065934
80232b49daa3a55f,0.06593406593406594
d19bb16b9ff6b8bb,0.03296703296703297
314c8ccebb1a3117,0.8021978021978022
e0ce2322e25fe9ea,0.04395604395604396
87adee1edb8c1f6b,0.16483516483516483
71ad92a6abeb08ad,0.054945054945054944
3a3a6f81348aff62,0.01098901098901099
c04b4edd52a6cdb2,0.2857142857142857
9dc528142c935fdf,0.3516483516483517
6668f175dc2f0f3e,0.8461538461538461
a3ffef0be1ab5b48,0.07692307692307693
7c27856de89aaa94,0.6923076923076923
57edf93115ef7a49,0.26373626373626374
91f545427eced133,0.3956043956043956
7803065d2161d631,0.8351648351648352
66bcd9dee0e15989,0.967032967032967
129724300f9fc549,0.31868131868131866
376c8a875cfa7117,0.4835164835164835
ff8f1ef2f45307a4,0.24175824175824176
a4763f2ccb2a392c,0.17582417582417584
5b36780945f22aa7,0.978021978021978
ed912893b90877d4,0.5164835164835165
c93fad528621591c,0.10989010989010989
d5eb706ca1e3f9fe,0.42857142857142855
6894b7a275a86959,0.8681318681318682
9350f5f613961a81,0.34065934065934067
d4851f7f80c55ffa,0.7032967032967034
7cb5062cf9b26da7,0.32967032967032966
f2b22d74b0b17012,0.8241758241758241
ec433d69bc7b2b65,0.25274725274725274
6218b0d5880d9ef4,0.38461538461538464
d56a6f21b0ecac62,0.5494505494505495
4ba4d8667a92d83f,0.2967032967032967
79db4c1087b238d4,0.08791208791208792
60fcb6824bc9a82c,0.3076923076923077
6f41f062ab8d9d43,0.5054945054945055
669fcc773387aac7,0.6483516483516484
f5796fe1a74b4542,0.4945054945054945
78a46d683615d296,0.9340659340659341
d1a8e5e4e85c5f45,1.0
00e16c4779990cc2,0.9560439560439561
ab8f161f1ac61b9e,0.5384615384615384
87e2f8e946c5e8d4,0.46153846153846156
e8e4f6af40fa0a2d,0.7582417582417582
37d0c9718428227a,0.8131868131868132
2e6c3bf68aaa6b62,0.0989010989010989
9b50bea29e489faf,0.4065934065934066
c0a236c347a2bbee,0.6813186813186813
4a0b4958dca35ad1,0.45054945054945056
53452a378721b2bd,0.7692307692307693
140550d573019eaa,0.6153846153846154
2445e93d341dde3e,0.1978021978021978
a4bb662692d85ac8,0.7142857142857143
3f1bcce8a02c486f,0.9230769230769231
fa202493e86b70a3,0.15384615384615385
85c5cc31d866c429,0.7472527472527473
254842022d06cb4b,0.8791208791208791
7e2dd6e1c33805c2,0.9010989010989011
da7e844a93893512,0.4725274725274725
c829576e6a6bedc5,0.7362637362637363
f80b4bbab822949e,0.02197802197802198
909984f090f86134,0.6043956043956044
b677e965ee1fff83,0.43956043956043955
197c9d110281b500,0.27472527472527475
46cdfe8ee50aa2c1,0.5604395604395604
1aa9db6810eca029,0.37362637362637363
e87b98b5b8b7e0f8,0.8901098901098901
4e8d2500d199e802,0.21978021978021978
7f053b500c533406,0.7802197802197802
5f31748b5cd85e8e,0.4175824175824176
8d0d2e6a99a90b41,0.6703296703296703
b928e06f1e6a6781,0.5274725274725275
7e6f0aff4514a43e,0.5714285714285714
8c14bf95509e4e41,0.6593406593406593
6455d5c6aff725ca,0.945054945054945
08e71a3c0cb8aebd,0.9120879120879121
c019d59eab1d75ae,0.23076923076923078
710fb732fa0c092c,0.5824175824175825
3c77202d213d1236,0.18681318681318682
3a6ab3336577d7b9,0.6373626373626373
318baa7908dd283f,0.6263736263736264
7a9ac910ab4b6117,0.7252747252747253
4344be2789b179cc,0.8571428571428571
6dbdd98531d144b4,0.14285714285714285
6749a0c45de4ecc9,0.2087912087912088
26a6ce8295b9e029,0.3626373626373626
3eed0a788eef6058,0.13186813186813187
801ffe857c94f6cb,0.8681318681318682
3572ea0266531439,0.1978021978021978
e77403a778e02031,0.37362637362637363
00b4dd5cce76a65f,0.6923076923076923
1459b53313539ad3,0.17582417582417584
e99a9a1fc8b8ff35,0.5054945054945055
fe990bbb2a98f035,0.978021978021978
9b1921cf8551ef5b,0.9010989010989011
347e20847110aaea,0.945054945054945
a1adb5d0563c7c3c,0.34065934065934067
1cbe0a48c4064bb9,0.08791208791208792
1de677c25aefc061,1.0
e8c3a5f1d0f6fec2,0.24175824175824176
c460170ec9684b84,0.0989010989010989
a622d3342bc0fbcb,0.12087912087912088
4b1dc97f9542092f,0.3076923076923077
037f70c757329007,0.26373626373626374
2b9395480aa98957,0.13186813186813187
810009df484c093e,0.21978021978021978
6f6a7caedcc8872c,0.3516483516483517
cfc251917e1fa986,0.8131868131868132
af4d4448608c112f,0.6813186813186813
0145ddcb2189b00f,0.5274725274725275
64082e9cd9451545,0.25274725274725274
bb78ab4c5c3229ec,0.3626373626373626
ce7856246c9596a1,0.967032967032967
4771514f1d099ae2,0.23076923076923078
74fd92639a9dbaf7,0.9560439560439561
f8e9989297e0995d,0.18681318681318682
3b7faf43b1bb2664,0.6373626373626373
5a5f042010f77340,0.45054945054945056
be9aaeb3f2b05380,0.7032967032967034
55e05d5435acb0b9,0.5714285714285714
29e7aa37309c31cf,0.32967032967032966
7e289423cff86745,0.01098901098901099
070e9113b506949d,0.6153846153846154
0a9eff141f50d11a,0.4175824175824176
58b1f1580bb3269f,0.7142857142857143
48cbbd5fcd56e199,0.06593406593406594
46d4ed419de27f37,0.6043956043956044
8918badc229dc5b0,0.8241758241758241
06d06e001de64a0d,0.4065934065934066
9a61351f6e52c951,0.9340659340659341
20ef4bcc822a2140,0.5164835164835165
1bf2b2c3e86f37f1,0.02197802197802198
2dbcf27ce3649055,0.16483516483516483
240cdf40d6002aca,0.42857142857142855
3e0120346fd8bc65,0.8461538461538461
42aca692488aed55,0.989010989010989
d9d5496af2070726,0.7802197802197802
58d76a187dacac2a,0.27472527472527475
0a310a42579382f1,0.9230769230769231
daa76d4440549a7a,0.7362637362637363
152770b9c75cc8d0,0.5494505494505495
3403893d7f72afaa,0.2857142857142857
4e059683a77277b2,0.15384615384615385
c60049d320f1b569,0.03296703296703297
f9a88ad9be263e95,0.2967032967032967
9151421022657106,0.6483516483516484
c567cebec2f889dd,0.5604395604395604
5dbc5bfebff66900,0.3956043956043956
cdc63c8d0ebb1405,0.6703296703296703
e660af8f253bd44f,0.2087912087912088
1218825c6a9e3a9c,0.31868131868131866
e8149a9504dc2a8d,0.38461538461538464
586879c4e03bc653,0.7252747252747253
e8e5aee946d60e74,0.7472527472527473
eacbeed468386aaa,0.4945054945054945
e75a388b62dacf91,0.46153846153846156
2cc1a9a965afa9f8,0.5824175824175825
c1eb799195f0ec3f,0.4725274725274725
592832005975ce15,0.9120879120879121
942203a4053e92ff,0.4835164835164835
5c393cceff00fa39,0.7692307692307693
1a8466064b57b15a,0.5384615384615384
478c77cafc1b72fd,0.8901098901098901
6802097aecf904e8,0.8351648351648352
3a3c0a161696e058,0.054945054945054944
c4f20f2855dbe7a1,0.7912087912087912
8a0340f9a0af48b7,0.8571428571428571
f51a588513d6dbb3,0.6263736263736264
7e2c81adf40881af,0.7582417582417582
8ddb84fb97bdfa1f,0.6593406593406593
8c066bddeafc4645,0.8791208791208791
71ff3a98ec18ec68,0.14285714285714285
bbf89c86f79a2d90,0.10989010989010989
2d4a0c8ab7d92786,0.04395604395604396
5877bb4e1e372967,0.5934065934065934
e150983a9fcf02b8,0.07692307692307693
a15f750a49d523ab,0.8021978021978022
c448cbbb3059a1aa,0.43956043956043955
54d652bbd17ae1b2,0.17582417582417584
38d680243cac9bf2,0.13186813186813187
b29db58a0361fd10,0.8241758241758241
0ec1360965b9e456,0.5824175824175825
a740f4c8cf2d757d,0.45054945054945056
fe9e15703f64d1ce,0.1978021978021978
59387b56321ec9e8,0.18681318681318682
5f0bed916f610337,0.4835164835164835
b74dade04342f673,0.43956043956043955
0dd76ea240d34040,0.5934065934065934
876a4b364abb81c1,0.6593406593406593
0d544ea2ae195b23,0.2087912087912088
71dee4c7cbfc1e9d,0.37362637362637363
a90a15c83463ca0f,0.2967032967032967
dcbdda3872cce5f3,0.6923076923076923
619af47229985850,0.4065934065934066
6089f62ed608fcbe,0.07692307692307693
192401ee2d42f875,0.6373626373626373
6fd137c46f7a2d9f,0.9230769230769231
fdcd4d2488ea9513,0.7142857142857143
bc6cae2cc3ea849e,0.6703296703296703
8843be925139aeba,0.8021978021978022
b1f420a0c77918a1,0.978021978021978
39a60ff551ae7867,0.38461538461538464
1b6575cc239a8eb9,0.7252747252747253
f27d28ffa94c9d30,0.5604395604395604
ac3c421703e1a91d,0.25274725274725274
4b0a6c9bcd6f08ab,0.26373626373626374
4f0f3b678ec9f955,0.42857142857142855
42cae9ac9db396f3,0.23076923076923078
e9bf55318798ed82,0.7692307692307693
cb4bd64070bff186,0.5164835164835165
f32881b9c0cf944f,0.06593406593406594
98011548f590ab56,0.7802197802197802
4dbfd872060bf3a3,0.15384615384615385
8bd93e0121c915d7,0.8461538461538461
7cf3e2c2765189b2,0.0989010989010989
676ed2f4c4baefaa,0.7582417582417582
4d2bac3f43043cdc,0.6043956043956044
ab0872e0c99ce73b,0.9560439560439561
094df3351e603554,0.14285714285714285
ba7db647f5258808,0.6263736263736264
52365240390a10ea,0.9010989010989011
73a6a7c517b863f4,0.24175824175824176
7eac393167cdfb0d,0.5054945054945055
1fed3cf736f87555,0.01098901098901099
78b38ed40c7229d1,0.5274725274725275
52027b216f8aa096,0.34065934065934067
1e35bf2a9830d1f1,0.8571428571428571
a42417d8c640180f,0.8131868131868132
703fdae07c9974e9,0.3516483516483517
041d399d84e9ace6,0.27472527472527475
5d1e090fab45da9f,0.46153846153846156
ce0b2b4c8ff780ff,0.7362637362637363
e6f366f80737cf28,0.6153846153846154
cb0244cfacfcb403,0.3076923076923077
054a48798005af33,0.02197802197802198
8d90788c47d29670,0.8351648351648352
8c71879c619dc7ed,0.9340659340659341
f2391a25d10128dd,0.945054945054945
3319ea97cb3e03df,0.5714285714285714
34194cc802509343,0.989010989010989
e5edfebd080edb13,0.8791208791208791
b860b8b4fb6bc71a,0.10989010989010989
fd9d4271bc8a3db6,0.4725274725274725
757f50ec508b355c,0.4175824175824176
a31fc58519c59bb3,0.08791208791208792
3254d0903b9f0c28,0.9120879120879121
6a63aa43ab185a0c,0.5384615384615384
447868d9704c9506,0.8681318681318682
fa316c4dce3e3a49,0.12087912087912088
272d56c67edb91ac,0.03296703296703297
ac0066de3f1ab492,0.21978021978021978
5f288c115863c317,0.32967032967032966
1b89afdd99ee4fd6,0.8901098901098901
050ce3b33503b962,0.04395604395604396
bf46941ed0a8b899,0.5494505494505495
5256363fae53a803,0.054945054945054944
6a25fb91db70f696,0.967032967032967
3be15cb9a7e78799,0.7032967032967034
5911c90b1f44b4aa,0.3626373626373626
943d4717bef6cc2f,1.0
1d1ba650a0b1b13f,0.3956043956043956
0811172adf229aac,0.7472527472527473
5b17a8f98665d11c,0.31868131868131866
ba43082359bcdac2,0.6813186813186813
985b7c8bb8f3cda8,0.7912087912087912
6bc66689735397fb,0.16483516483516483
9fc620140f4a8bb2,0.4945054945054945
c393833402dfabd0,0.2857142857142857
92b877fa4af81681,0.6483516483516484
0b56106444e7c054,0.02197802197802198
1cdb64a4350a835d,0.7142857142857143
3617cca6fab6f49f,0.8901098901098901
308ce734477991d0,0.42857142857142855
0db320517df77d29,0.7802197802197802
23099000c785d64a,0.16483516483516483
9e5799146ca47db2,0.2857142857142857
3ef12f42ee2c86a5,0.07692307692307693
7caeea15ddca132f,0.2967032967032967
7341eff8ba8cdc11,0.5934065934065934
e274c728032f386a,0.4175824175824176
aa79de2f17318e5d,0.7472527472527473
58935d7f98f46892,0.9010989010989011
cf3cac6ee801f5e7,0.7692307692307693
b82b6e069ea7d261,0.06593406593406594
7ddba86d5e7891be,0.5604395604395604
caf4648e987b033b,0.03296703296703297
6f91a02310862cbd,0.6703296703296703
a1a01c3fab0280bf,0.23076923076923078
695847deb3e8a306,0.9230769230769231
40f94d720ca20f7d,0.967032967032967
5c5316eb4e3bed6d,0.4835164835164835
300d733211bd53f6,0.5824175824175825
58310cb5334c27f5,0.17582417582417584
12dd895fba3fa60f,0.6043956043956044
9f2f765b1037e127,0.32967032967032966
d2dae82cea5ae2ea,0.7912087912087912
c32e178e35900559,0.5164835164835165
cfabf7502805cec3,0.25274725274725274
512ba6f543c452a9,0.7032967032967034
1ba0591a27329c4a,0.2087912087912088
236a60491adfc9ca,0.4725274725274725
817c27b78f797fd4,0.4065934065934066
ab81dc6e21451f90,0.9340659340659341
a08d3002b4107067,0.27472527472527475
64e25fe3cd48fc1b,0.46153846153846156
4a02d867458e6208,1.0
55d41fc21c130f9e,0.5384615384615384
7f6cc6ec13ded3ba,0.054945054945054944
7571112b7324e735,0.8351648351648352
8365eb6cc0821ff1,0.8461538461538461
3be7d97b580a2f66,0.8681318681318682
99f14d5af91fe4fc,0.8791208791208791
49b142ae067338bc,0.978021978021978
2a90e3fa5497e381,0.8571428571428571
8ca8709550d112a7,0.5274725274725275
e26bf0de411f10ab,0.3956043956043956
8944db9131361f0f,0.34065934065934067
61b375576dc9830a,0.8021978021978022
ae57919ef982d198,0.6153846153846154
0dcce19425a0e807,0.21978021978021978
65aea14abac81cbd,0.1978021978021978
df5366118643412c,0.08791208791208792
30c5265690e05944,0.01098901098901099
ef3774531cfab193,0.7252747252747253
0c17f4b324390f8d,0.6813186813186813
e7bbeb4653c34361,0.3626373626373626
0d0e1c17f065e197,0.04395604395604396
c0f2d16ff9d9ff2f,0.3076923076923077
0adc1590b87538cb,0.6373626373626373
024342b5e0370c51,0.5054945054945055
3dd3dfd12cadc1e7,0.18681318681318682
4ebcabe21c0bde2e,0.45054945054945056
97a4fb5210ee93d8,0.9120879120879121
7497462f67e827b9,0.7362637362637363
b8c712b203817754,0.0989010989010989
940192d8752df26f,0.9560439560439561
56ed8e24a57509c5,0.8241758241758241
3ef7dc8225d2b888,0.5494505494505495
94fc46c4e46997fa,0.24175824175824176
965faf4e70aae80a,0.3516483516483517
84886593ccce61c8,0.6263736263736264
d6ceb350e73f5993,0.6593406593406593
f38751dadbf3f161,0.6923076923076923
599b3c859df60e75,0.945054945054945
3b65ab0e4f2b9c50,0.12087912087912088
bb86a358f81a2b65,0.10989010989010989
d4402d032bb4293b,0.4945054945054945
59c0dc0ea141a6b8,0.38461538461538464
7b2b3b4d23a47ad8,0.26373626373626374
3d54e07a9b3d6235,0.13186813186813187
2269ce3e7e71c419,0.5714285714285714
b7a68dff9c8223e8,0.14285714285714285
52a4645eca3d4112,0.6483516483516484
f53c78703bffa43a,0.989010989010989
8d1ae46a16275ad0,0.31868131868131866
e28a0b642531469a,0.43956043956043955
fa478052c73a37b0,0.37362637362637363
e245f726e81ebbe4,0.7582417582417582
b4dd9b306de51c1b,0.8131868131868132
5ea269be05f6a1fe,0.15384615384615385
27e5dee759534707,0.06593406593406594
060876c59bd26868,0.27472527472527475
f0e6bf4083c14efb,0.12087912087912088
94c6295e51fc1fff,0.5824175824175825
ff29ff06acbf26aa,0.24175824175824176
7ca1a65c77a322d7,0.967032967032967
a896d2d7927d8c86,0.5494505494505495
b5218f92c53f242c,0.32967032967032966
2f3418cdde2abdb9,0.8791208791208791
40bea0a6750f2eb4,0.5054945054945055
16f9f5092bf48411,0.42857142857142855
4d403f4038b085e8,0.5934065934065934
36646eba61efc72e,0.5274725274725275
2b6fe2289132e285,0.989010989010989
466821841ba5b1a4,0.2967032967032967
87250821943295ac,0.14285714285714285
89ef28baaa68f253,0.21978021978021978
489e02b21e10a4e6,0.31868131868131866
f21d77716c20852f,0.978021978021978
9e12a14379667197,0.5714285714285714
54c82dbed316e971,0.6483516483516484
71031dbd2f591994,0.3076923076923077
fb06a3248b2b1392,0.7582417582417582
248fd133b5cfee94,0.8461538461538461
306f9180339de746,0.01098901098901099
9bc72078002448a8,0.26373626373626374
a71e064bd7777b4c,0.5604395604395604
038723dae2f75d93,0.7362637362637363
fd470b7cf2c5e127,0.4945054945054945
20459e76c41ef25b,0.6153846153846154
5abdb833a931a92f,0.5164835164835165
f5a781572b830a87,0.5384615384615384
c664480257284bf2,0.7472527472527473
f0bba0ea7a50e285,0.1978021978021978
d2f139d4903c99c4,0.17582417582417584
ae18344733d49f69,0.9230769230769231
7a3b8c1cfb90e224,0.10989010989010989
f79640a16e8f045a,0.4175824175824176
0b4a5d872935e222,0.7692307692307693
be2651f6f62ff605,0.34065934065934067
b8aff72e54fdae5b,0.4835164835164835
e73d292458242237,0.45054945054945056
17245c4014e1c573,0.4725274725274725
e0a2eebb2e156493,0.7252747252747253
e08e2157a9744b52,0.8571428571428571
8bd1a4cd500112a8,0.9560439560439561
17272ebab801985d,0.6373626373626373
cf3b67218a3f915e,0.13186813186813187
62c7eebb24d00f08,0.3626373626373626
e4fdb6a389f62905,0.7912087912087912
28b4454b921f6999,0.7142857142857143
840df670911ed77c,0.8021978021978022
c3445cc104d91ada,0.8241758241758241
085ea143191d6674,0.8131868131868132
2386117261656959,0.3956043956043956
5993e39e5d8ca396,0.6703296703296703
ae8debe4fc2f4e22,0.43956043956043955
b1e7898c2a17d08f,0.8681318681318682
6e8f4cdfea57e54c,0.9010989010989011
9f4fb3114449dc6f,0.7802197802197802
51b612aae9e9cb8a,0.945054945054945
680d36be40c1f1fe,0.9120879120879121
8f2a975f86809153,0.6043956043956044
c6b6b5017999a36d,0.16483516483516483
efdf162aefe7b6cb,0.04395604395604396
ae5b8b33c4217dc6,0.02197802197802198
8b01ee793d6756a1,0.8901098901098901
4c8d090f54ae84e0,0.3516483516483517
3b88e3150cb662c3,0.15384615384615385
eb495d19afd1a400,0.18681318681318682
d0ea85f512e0e76d,0.6593406593406593
888ccfbb763412f4,0.03296703296703297
8a7d75c8f8301f8d,0.8351648351648352
fff722e8059d7357,0.6923076923076923
2d167e07ff54560a,0.2087912087912088
e42168f44de8490b,0.6813186813186813
129b12b6a78cc0ab,0.08791208791208792
8ea4f1cd1b5b2293,0.7032967032967034
795e3c8164c90c57,0.38461538461538464
c9901ff5aef7b47c,0.6263736263736264
9f04e3fbbd740b94,0.37362637362637363
19acdf50ef6205f9,0.054945054945054944
f5ab5c0d5c2c19b6,0.46153846153846156
91a9239fe7f0cf27,0.4065934065934066
e12b2f9097ea1bb6,0.9340659340659341
f65eb07f6ae70c85,0.0989010989010989
1bfbf7f4d84bbbc4,0.2857142857142857
1e169d52988761ba,0.23076923076923078
128de1a3feff972e,1.0
234eb8b12374296d,0.07692307692307693
455f524edf342233,0.25274725274725274
2ffb658ea79c52ee,0.6813186813186813
3089edc299c3c1ee,0.27472527472527475
84ad6bdc70e821c5,0.43956043956043955
062c50af2daeb29b,0.054945054945054944
bf250719a9f9f049,0.5384615384615384
9915939f423ed8c0,0.6483516483516484
85e1acbec8802097,0.14285714285714285
02bcd2085169482f,0.5714285714285714
57b9b2709ff2356c,0.7802197802197802
7c5098014ed7d07f,0.7472527472527473
4609c1f48aa52470,0.9230769230769231
aabe76b2c5071c1c,0.23076923076923078
a4a58da5e0db729d,0.7142857142857143
079698d742d6f8e7,0.5934065934065934
8d06756610863b61,0.9120879120879121
5a947c71441552c9,0.10989010989010989
953421e90f7c80d9,0.06593406593406594
884e72ed924e347a,0.45054945054945056
0a6b690611b8e6aa,0.2967032967032967
da5a829d70eba6bd,0.8241758241758241
13464b49c024cee8,0.1978021978021978
422cbe920aaa7d5d,0.8901098901098901
2ef44ced947e7fa2,0.2087912087912088
1266c3a0877c7864,0.46153846153846156
2332ea8b1c84b2ec,0.9340659340659341
f2433b400488b7d7,0.8351648351648352
cb5bd5b173abc0b4,0.38461538461538464
025f1f982b234e97,0.5604395604395604
56b5bb1dacec66a4,0.24175824175824176
ea8672feeba15441,0.5274725274725275
d162259e142b0016,0.3516483516483517
d4b654caacbdf99b,0.42857142857142855
af9aa73f34a1fc13,0.3626373626373626
4f4bb1a39e820fc6,0.4945054945054945
4215f5d903023d4d,0.32967032967032966
6c98f13c895f2690,0.25274725274725274
1f8eee626e2088b6,0.9560439560439561
2562c07161470c79,0.967032967032967
26405b453fdc141d,0.6703296703296703
db47698decdff865,0.4175824175824176
83b316499012d862,0.4065934065934066
72e56acc52f507d7,0.7582417582417582
3b56bc06361341a4,0.8461538461538461
c60a5b8cba981363,0.34065934065934067
fb94d269b9f3af0b,0.5494505494505495
dde22d42ed7698e6,0.31868131868131866
bc876ffdbb08d047,0.26373626373626374
167a2472439c0e7e,0.6373626373626373
b97d6ea0c2b8f68d,0.8571428571428571
52e24014a7ba29d4,0.03296703296703297
9db0eb90a2b6b3d0,0.02197802197802198
3b2fa183432a1aec,0.989010989010989
392ed83e583d3b8a,0.6043956043956044
ae61236c3bbcf317,0.6153846153846154
687b06d3d94a1269,0.15384615384615385
13964984cfcde4f1,0.08791208791208792
46896b4906ceb667,0.8681318681318682
0d516b3dccea66fb,0.5824175824175825
8d8f86802be267ae,0.4835164835164835
703e188191f56fad,0.7252747252747253
2b20672c40f1815b,0.7032967032967034
9cd22c6df1e9f896,0.17582417582417584
c9338d031c385846,0.3076923076923077
e5a4ff7d6f053d82,0.04395604395604396
ba73e7eee983e97f,0.8791208791208791
586e4ee904ffe409,0.37362637362637363
b973b5a34cdde4b0,0.6593406593406593
e4872f6734fe6845,0.18681318681318682
bb472310ce8b9a5d,0.07692307692307693
b4b203cdd269bee6,0.16483516483516483
a73a14a8d9ecec58,0.0989010989010989
c26d829d75549881,0.6263736263736264
0759242e1a205eb2,0.2857142857142857
92311452ef1a9753,0.7362637362637363
1875e3e076925b18,0.8021978021978022
2a3821a8cd5cfc72,0.9010989010989011
87be742f7b40706c,0.7912087912087912
ab0c301b845d0626,0.5164835164835165
6d84a96810afb7bc,0.978021978021978
3d5ed40b74bfc7b9,0.8131868131868132
bd16d8f0f0942aaf,0.6923076923076923
fc55754d0a474054,0.4725274725274725
b54cb0475cadb7e1,0.21978021978021978
48d6cd9974789b6a,0.3956043956043956
79d36aedf2922980,0.7692307692307693
eccae1304ca9661e,0.01098901098901099
4b8b7259a5bf9c60,1.0
eb0cc1fb84483410,0.945054945054945
c12a4e30d50805a2,0.12087912087912088
9550555f47d514c2,0.5054945054945055
2ecb0572c3f96b0c,0.13186813186813187
cb46b4f388302dcd,0.967032967032967
17a3b97154dfafe2,0.5274725274725275
edf1cb1df467ee89,0.3626373626373626
4f508a80c1ecb419,0.14285714285714285
8c5de1cbfef6cc8a,0.7912087912087912
37330059f5b6c2e3,0.7802197802197802
81a2ac7b84fcfef5,0.5934065934065934
96b8657fc21ce81e,0.07692307692307693
59825902724ed56e,0.7692307692307693
af009dc455015ed6,0.4835164835164835
c8d9fb0fd37a1c43,0.1978021978021978
135acf7cde7e7b31,0.7362637362637363
c3c60c4113e5df04,0.5714285714285714
af1d358c629dac38,0.8241758241758241
006a23d61986f766,0.8351648351648352
3fc1c2b852713af9,0.26373626373626374
3f0cf6f902712e9f,0.6263736263736264
c0d84ebb00eed70d,0.02197802197802198
f32b74fbdfc39065,0.4945054945054945
8bcbccbc6b43ea68,0.6923076923076923
56a5d010a8938e18,1.0
fdd6dfc5d5c561ba,0.37362637362637363
fe53ca5fa498e47a,0.3076923076923077
7ddb37e0da9f9d00,0.42857142857142855
86670ee5a6641280,0.12087912087912088
71e207a642d8621c,0.23076923076923078
50f26213fccf24ce,0.10989010989010989
eb5123fc39278bbc,0.8021978021978022
3415b324d7ad4f9c,0.45054945054945056
1fcb7f973f65637d,0.8681318681318682
a9d586d87dca1df1,0.08791208791208792
509bf9aa06ed5e01,0.4065934065934066
bf4298813c2e7028,0.38461538461538464
58123ca299a563f8,0.5054945054945055
03069eeadc38806f,0.8571428571428571
d084888ed26743ee,0.8901098901098901
067753792c2dfe78,0.31868131868131866
e78bece46600776b,0.15384615384615385
69abf58938ada507,0.32967032967032966
aad60e6811432efa,0.5824175824175825
db487e337336ae37,0.34065934065934067
50a2e9ca5a272b9c,0.6153846153846154
5b7cbeba2222c5e5,0.6813186813186813
665a8e1664117127,0.04395604395604396
39921a4d89a22493,0.01098901098901099
731f51fb45aaf03f,0.9120879120879121
de8c3eae4b71b6ad,0.7582417582417582
59837b92f63e6139,0.2857142857142857
176ea1f92c1f2cd5,0.8791208791208791
877031ab468e44e6,0.6043956043956044
1381b7d4d1f1565a,0.3516483516483517
a2b980c8ba016ea9,0.6483516483516484
b878435ff4dcf070,0.054945054945054944
5b2a1b397274d00e,0.7472527472527473
494713b3a938222a,0.7252747252747253
26994ea38a2e6439,0.7032967032967034
17149a62787677ef,0.46153846153846156
4e0dc315de6c08fb,0.9560439560439561
4ef3b97119160b2b,0.3956043956043956
14db28bb5a206d3b,0.945054945054945
3d8804e8e8e879ad,0.03296703296703297
f934925d2b3ac85a,0.0989010989010989
2e40dadce7d032e9,0.17582417582417584
5484365b44c6ec10,0.8461538461538461
fde53df7c61dbcf3,0.2967032967032967
872a8212cccdf68e,0.16483516483516483
b694d4bd749a566b,0.13186813186813187
573352de000731d8,0.6373626373626373
b12e27147d191172,0.7142857142857143
1e687f05d1ca4410,0.25274725274725274
bc992b3b5cf8660a,0.9010989010989011
1a924df38231e872,0.27472527472527475
930b13de281b21aa,0.5494505494505495
bfc8a8c2c50255bb,0.6703296703296703
e40d014559e0414e,0.6593406593406593
76204cb54bfebe42,0.5384615384615384
b3a5f0134a728d23,0.4725274725274725
8c47aac1a75c6ed9,0.21978021978021978
72248f22304c3d7d,0.4175824175824176
c44ee5b782c2c6c6,0.5604395604395604
a6c8075f5144b63a,0.989010989010989
dadb11c9ad0094d6,0.9230769230769231
abb67860b519b6e2,0.18681318681318682
a8e3540541a0e58d,0.5164835164835165
aedeac3d578ece1f,0.24175824175824176
fe9c840f78cfe49c,0.9340659340659341
ac8d533b176f468c,0.978021978021978
9366925da4df9d14,0.43956043956043955
d28637c910dd1a83,0.06593406593406594
1eebdc77b18e1877,0.8131868131868132
bd0f6cbb03368fa9,0.2087912087912088
49b122e1a9543d6f,0.23076923076923078
f38b6794cf91e732,0.5934065934065934
248a064c786d82d0,0.7032967032967034
a7ffe6ee2649f8ec,0.6043956043956044
b5023782d00af0b1,0.5714285714285714
01462f4a60bd87d2,0.3956043956043956
0cefbb917dbc3ac4,0.45054945054945056
63b376400c308a1c,0.6153846153846154
4c9e3bdf853b135a,0.7142857142857143
9fa6914683bf7195,0.9340659340659341
275bf2aa32a846c3,0.7582417582417582
4bb94cb71f51deea,0.15384615384615385
1a339e41a832f7b7,0.07692307692307693
2e74d80f7f95367a,0.7252747252747253
cfa7eef97bbd7e55,0.8351648351648352
790201adfea6e4a1,0.6813186813186813
2fa3b42b35504198,0.2087912087912088
4d29645be4888d4b,0.10989010989010989
d43d9e8a114beaf1,0.02197802197802198
64d7ddbde2a0f984,0.3626373626373626
64a2c398fbbb7257,0.4835164835164835
91703195165529ab,0.9010989010989011
0c7a9d61e8247063,0.03296703296703297
a8dd6b2d1205fd47,0.6593406593406593
0efe920dc200aaaf,0.38461538461538464
5db2ada5575a7855,0.967032967032967
22d2f2090727d971,0.25274725274725274
2b5fbe3953384550,0.8461538461538461
ba5227b87e2eb1a6,0.18681318681318682
1441f006bd7ee41b,0.5824175824175825
5a6743b009ca1d45,0.01098901098901099
1f5d7a46c9412332,0.2967032967032967
5dc89e3a371c8e10,0.0989010989010989
63ffac9bf93ae9ae,0.6373626373626373
8ccd9413cd8e26dc,0.9230769230769231
926b37e0110601ce,0.04395604395604396
37bdb86461ba9997,0.6703296703296703
6e86f32235868c57,0.08791208791208792
5f964f89e17c9918,0.4175824175824176
84c0f271c05b92cf,0.4725274725274725
d1eddc30da6f0ab9,0.9560439560439561
5cd81418e97cc12b,0.989010989010989
e56945564e96b68d,0.945054945054945
26ae25cfd04bc55d,0.13186813186813187
4b8efbad38befaf0,0.4945054945054945
bf017c79ce4b2e7c,0.5604395604395604
c6c203990d991e47,0.46153846153846156
98233d87312bd1c7,0.4065934065934066
2e7a67e83e53ec46,0.5164835164835165
2c95003cd51264e0,0.7802197802197802
adcdf81e6f2f8d9d,0.32967032967032966
ae958e1028a2b8c3,0.2857142857142857
b2198b560c76157f,0.8681318681318682
ede36a9005dd3529,0.42857142857142855
f598d5388e5e429b,0.8241758241758241
b98a6a3ec5cb6cdb,0.8571428571428571
0a6986c9984eff2c,0.24175824175824176
e7fc6683f06c0d08,0.06593406593406594
ea340218390370ee,0.8131868131868132
523b9c39570e426a,0.6483516483516484
7afe9dd7132b7436,0.5054945054945055
7e11738645bad4f4,0.6263736263736264
e8c385151cab1491,0.16483516483516483
783c2f2cf89d94bb,0.8901098901098901
12be5474456ee94e,0.17582417582417584
323ff834af1f35c4,0.7692307692307693
705da74ef39b96dd,0.8021978021978022
e65736caae0a1624,0.5384615384615384
5fccaeeacb8e9d96,0.14285714285714285
62e9068da80d1d97,0.3076923076923077
2958dd12dbc884a6,0.8791208791208791
c93dcfe731e39ceb,0.5274725274725275
5a1f3b1d711538d6,0.6923076923076923
47bd266806382682,0.054945054945054944
c04cfe312c38c2ec,0.978021978021978
49e9359d121a0567,0.21978021978021978
3e78a0b1450b34d0,1.0
3b44c5fd6076c370,0.7472527472527473
d45c2c8b04f911e9,0.27472527472527475
9b57df588477a1e0,0.12087912087912088
09ebf0c3c823f050,0.1978021978021978
f58fcca88be3f4ea,0.43956043956043955
f07a90537554337b,0.31868131868131866
2603d5e15a8ac5f8,0.26373626373626374
843d6a872f9d1730,0.3516483516483517
a9ed934e6b79ef56,0.34065934065934067
ee8bfe0153882951,0.7912087912087912
4ebf687b01adc2fe,0.9120879120879121
f93bc8bbeb03295f,0.37362637362637363
936a0fc8b39663c3,0.5494505494505495
e7e8a39558d04ce3,0.7362637362637363
90192c680807da50,0.26373626373626374
f66b7bf1e938f279,0.7142857142857143
a888e6b5fe57d57e,0.7252747252747253
65c0112641083d08,0.7032967032967034
21862e8f9ee7a310,0.23076923076923078
b3cc073734f1adf8,0.4725274725274725
4fb490fc45dce127,0.5604395604395604
8d4253ca9566bb68,0.6703296703296703
5d28c7ccf584c5dc,0.8461538461538461
16660cbda9821252,0.9120879120879121
8c2cf94066d12b81,0.4065934065934066
677fd61b5b9b64ab,0.07692307692307693
8f6c48ad9ff2a2a8,0.054945054945054944
bc3b50f8b10b5c35,0.43956043956043955
32b7702f387c4701,0.9560439560439561
0361ec396539737b,0.5054945054945055
1879807219555646,0.2967032967032967
9caab972184c4a16,0.17582417582417584
3828fa2721ffb608,0.21978021978021978
d4ed56a0cbfb62ce,0.34065934065934067
8a65020eb65c6bf6,0.18681318681318682
cf00f10360e85340,0.7692307692307693
f844217e990b6f67,0.08791208791208792
164d9e70ed853ff3,0.6043956043956044
ca167c4288c8952b,0.989010989010989
70af9eb199ff29e3,0.3956043956043956
2d0956a398b9c8f0,0.25274725274725274
039a1aa7d0db4c8a,0.7582417582417582
824c6fbe018779e6,0.5714285714285714
0c49986e00abaf38,0.8241758241758241
8382665c002ab03c,0.1978021978021978
08f57c7f20aaec60,0.16483516483516483
184eac0e92204cce,0.03296703296703297
bbe97658fca980b8,0.5164835164835165
ebca1a29ba3d5798,0.978021978021978
e24eae643159d2ab,0.2857142857142857
f8b87c009724dc0b,0.42857142857142855
9763d7e7dafb2b5b,0.3516483516483517
a0233560c54b4166,0.04395604395604396
381d947e381a95bd,0.01098901098901099
602a2711abb99968,0.6373626373626373
c4ec0dfdf1bee02d,0.945054945054945
834736f47c470615,0.12087912087912088
01119d65a89c46e7,0.7802197802197802
812dee2116c8ed8a,0.5274725274725275
c3e40196e60360b3,0.8351648351648352
8b02582a4d45a7b6,1.0
001de76b13cb3005,0.3626373626373626
f919cc3902e63d19,0.6813186813186813
e486e7c86d635af2,0.9010989010989011
b59573ceaa829905,0.5494505494505495
3af48bbcbb3d38dd,0.9340659340659341
bfdd3f4bb388e8db,0.13186813186813187
ea0ba773a41d04fa,0.8791208791208791
f54b509c27acba38,0.6923076923076923
935af89f960eb65d,0.02197802197802198
1d6f5660406bd199,0.5384615384615384
25be13212a13074a,0.27472527472527475
da54250aaa57e1e4,0.06593406593406594
cc1485aab0b8f646,0.5934065934065934
ece8047c01b1ecbb,0.14285714285714285
e9d47978e0315a58,0.7362637362637363
abeb5277ff110fd9,0.7472527472527473
ba9dc2873909c5c3,0.8681318681318682
8349ea9e36fc585d,0.6593406593406593
24254150dcefce47,0.46153846153846156
a91496312579d046,0.6153846153846154
254ba7c76b08e736,0.4835164835164835
a68538c73e1359ff,0.967032967032967
db4d60c75dde66bb,0.10989010989010989
7560d697ad4d2e97,0.15384615384615385
75edc267eda7a964,0.32967032967032966
6eb5b01710c8b9c4,0.8021978021978022
197695baea0a68a5,0.45054945054945056
3213b490a07b84c0,0.38461538461538464
0fc56874a24946ab,0.0989010989010989
84b8ed6c805b4273,0.5824175824175825
3a37165117af8d33,0.4175824175824176
edf682dcd03c338b,0.8571428571428571
308355611a881cfe,0.8901098901098901
36ab7a9d4d6018fc,0.6263736263736264
4294376a1c5d00d6,0.4945054945054945
a6d3f98c45019c77,0.7912087912087912
d2d1ee020b193351,0.31868131868131866
d4318403e0305861,0.2087912087912088
e30d3a1ffcecfb0d,0.8131868131868132
10257e593342f929,0.37362637362637363
71b8393fb059d1ad,0.24175824175824176
95bc5d79b95c6725,0.6483516483516484
272747d45b28eecc,0.9230769230769231
eb1a63b71c77a142,0.3076923076923077
f778e783f5549f1a,0.9230769230769231
5a5e675ab85ae083,0.7692307692307693
1ec96a41faf0c946,0.5384615384615384
a8a97c4c7301cb70,0.6043956043956044
cad31ed9e3788e23,0.5164835164835165
1b8a2a41ddde3ecd,0.6263736263736264
baf6ca9ea2f28295,0.43956043956043955
f31351eec785991b,0.054945054945054944
d6bf6ffb36805913,0.10989010989010989
9a5e371447bd990b,0.989010989010989
dae62eda23de4ab9,0.6813186813186813
00af62a330550edf,0.4725274725274725
ea488cd70240d8a3,0.5494505494505495
e842d558eab584e8,0.978021978021978
10bc34814960b94e,0.6483516483516484
92dc8e364ffd19dd,0.8241758241758241
906b6a3b31cd322e,0.42857142857142855
dff220f92c02bcc2,0.4945054945054945
ff0a25a80b182743,0.4175824175824176
2a6755bca4d6b5b9,0.04395604395604396
8dd2ad60234b36e4,0.02197802197802198
1451bf177cbdfe2e,0.7472527472527473
2235570d3de1c43e,0.8351648351648352
5683ab89011bf7d7,0.8021978021978022
d7356feaef0b6ece,0.0989010989010989
7e8ed2a4292394a7,0.12087912087912088
abf57e0ae69435c2,0.8131868131868132
7a748062cc923d90,0.3956043956043956
ab9a4cb1f869a320,0.7142857142857143
720cb3dcc5baf400,1.0
1d0abbf729d7409c,0.3516483516483517
280bb69c64e66755,0.46153846153846156
ca1def258db16f71,0.8461538461538461
2f92ee4ab4d4ab34,0.9120879120879121
f89e32a70a123d64,0.24175824175824176
1735d8b268e08ad2,0.26373626373626374
e4661a2188d8ea91,0.06593406593406594
6639dad3621900d2,0.2857142857142857
235b83c08ffeb518,0.8791208791208791
5441a88928f025ec,0.38461538461538464
2a1fdffdf82a2f8a,0.2087912087912088
62633a4019bcae25,0.6373626373626373
c36d6ee7eab52063,0.32967032967032966
29f7a7a4fcf5c77e,0.5054945054945055
fc08e617fbd2a25e,0.4065934065934066
9245cc3fa8c79223,0.45054945054945056
69a01c3ab55dc8f0,0.18681318681318682
c9418d6d4dbce7a4,0.9560439560439561
60c6688a3f0f5255,0.5604395604395604
8dbbf3124aa8b7a5,0.7582417582417582
43b630e5b5e4c945,0.2967032967032967
d658a67ea9a42ced,0.8681318681318682
2d4a362341aae370,0.6923076923076923
682cec9b2e824096,0.03296703296703297
b9fffdd5a421697e,0.34065934065934067
f01e7b5bd805ac23,0.967032967032967
62f8efe8cac183fa,0.5274725274725275
789a1d877cec6f0c,0.08791208791208792
1c1e8381ff31e349,0.1978021978021978
6d6f39535beca5cb,0.7362637362637363
a818cd0c31cfb57e,0.15384615384615385
7dc35cfbcdb7e6a9,0.5824175824175825
7604978d893657b9,0.9010989010989011
b05b3940f361cfee,0.7032967032967034
55baca00aa541adb,0.8901098901098901
af3df546b7664c90,0.01098901098901099
a02a5a7b5c9391f5,0.6153846153846154
6cfbb72c7a13e035,0.7912087912087912
1078287f7e6c5952,0.17582417582417584
6dd32d82cdb8e807,0.7252747252747253
1fd4ee7b50f4b9bf,0.6593406593406593
0999ceab1e40af7e,0.21978021978021978
150f3621af857d42,0.27472527472527475
90249b8a68466aa9,0.5714285714285714
37b06b1c60b8fab9,0.8571428571428571
c9a070bce0de70e2,0.14285714285714285
59c7eda09f73b930,0.9340659340659341
663f6984bebbc6bd,0.37362637362637363
7706012ecabe0355,0.3076923076923077
534f8246b8fffc65,0.6703296703296703
935bab33cd23bfa7,0.945054945054945
f0fe30443aaac5ea,0.31868131868131866
6cb858186d57c7b9,0.25274725274725274
bffbcf07f07ee1a0,0.7802197802197802
229018ae604aa448,0.16483516483516483
a9ed9445a9317c59,0.5934065934065934
974b977c4aa6318b,0.23076923076923078
8f2bbbe1cb365d1e,0.07692307692307693
d76164d251e0c521,0.3626373626373626
3e3eefb606f87400,0.4835164835164835
46f0c123df25e867,0.13186813186813187
e8a3adf025fd7c2e,0.9230769230769231
ca12a62640835e2e,1.0
210f9ad0c07c716a,0.7032967032967034
7a0bd5e9f359cb83,0.02197802197802198
19c0b2c977c1f60b,0.4945054945054945
af013db7115a8154,0.0989010989010989
0f7e398effb22d99,0.3956043956043956
c5ac3a9a249b1b8d,0.7142857142857143
a8d6bda348209046,0.04395604395604396
62b808d46ddb1162,0.8791208791208791
b0e2f6b04d34eae8,0.8241758241758241
0ee73619b123d826,0.5824175824175825
90d4cb18ad9e5ffc,0.5494505494505495
158c23e3724ae4b9,0.13186813186813187
71204dbfc7a91541,0.2087912087912088
93d79432d44e39ee,0.6373626373626373
f5db8b4d0e31591d,0.25274725274725274
48a1588076a8c5fb,0.24175824175824176
0ac0573d6643ae5e,0.6483516483516484
6a675d30bfce07be,0.43956043956043955
1238b1f58590ba3d,0.7912087912087912
bf42bd66a5dc9a74,0.4175824175824176
270730aa16bc1603,0.7252747252747253
bf6a8f435602b4b9,0.46153846153846156
4d38ca0d75c36f3d,0.7472527472527473
663e599b877897aa,0.06593406593406594
37f4201433ecae53,0.8571428571428571
c72650abd64b5638,0.03296703296703297
63eec47bea7f635c,0.5604395604395604
e7be55fc11ea25a6,0.17582417582417584
4ccf1bcbe6d1f075,0.6043956043956044
2c8280d323d9717f,0.5384615384615384
ec4f20ce11b7cf65,0.9010989010989011
f45f8d7847f539e6,0.1978021978021978
98da1778e1af61df,0.4725274725274725
d7cee6394e540927,0.8131868131868132
334f5fac3348e3de,0.6263736263736264
c386b42e1403c0b0,0.07692307692307693
7f85d3dbbe9a78ac,0.6813186813186813
512c1f4e75794350,0.4065934065934066
65c0b443ee3fca13,0.6153846153846154
4c12b99c3d454594,0.21978021978021978
7441d5de56168913,0.7802197802197802
4557a75b118c7847,0.2857142857142857
2f8df038b6e74f9e,0.8021978021978022
3b58f9dd79c5d455,0.4835164835164835
5cad84a4b8cebc36,0.42857142857142855
d4e991babb3dbf6d,0.9120879120879121
b32efbaa27057989,0.2967032967032967
e77037070ce0ac6a,0.45054945054945056
2e94925d62242e4a,0.945054945054945
6f567b880fba7d20,0.5274725274725275
80914bdb2b9258af,0.08791208791208792
75166c76b64a513f,0.3626373626373626
b8cef9a381226b91,0.16483516483516483
4fc40a3698fa6b53,0.9560439560439561
8b03b0e3679404a3,0.5054945054945055
d3349ba155f3de84,0.34065934065934067
72915c15d6119e5c,0.5164835164835165
b147fc994538c4cc,0.12087912087912088
185b4273847be545,0.7362637362637363
f278467e8201f11c,0.01098901098901099
f74f3c66cb164639,0.967032967032967
f7cccbea7dfff1fe,0.989010989010989
3b7f5d88f9c56db0,0.7582417582417582
18add7a5e8384124,0.5714285714285714
24916c3326cefaa3,0.6923076923076923
78671467328a3227,0.3516483516483517
1321e4d36f099aff,0.8901098901098901
91bad509426d6872,0.7692307692307693
8586931b99b83628,0.23076923076923078
993f26b6405b259b,0.32967032967032966
45c8e33aa1ad0226,0.978021978021978
f4ea56bc4eea87a4,0.26373626373626374
79bb5549f5bde0f9,0.5934065934065934
24ab3c71569630d3,0.37362637362637363
3e42f3eaabaec8b9,0.15384615384615385
7a103b81664f2816,0.18681318681318682
488b34af6766bcd6,0.3076923076923077
ac9fa654aa90f5b7,0.6703296703296703
388e7fb3ebad255c,0.27472527472527475
5e95af7d8857c024,0.38461538461538464
20fee2c0418dbe35,0.8461538461538461
2862e2f466d92fdb,0.10989010989010989
ddb371fe23c90d7f,0.8681318681318682
ddb736ac35d04b1b,0.8351648351648352
f3001fb0267b6bca,0.054945054945054944
034e7591af1114d6,0.6593406593406593
6fea82ee2a9562e8,0.9340659340659341
85d53dacd40ad31d,0.14285714285714285
69d50279fc3a2809,0.31868131868131866
9815aee12385840d,0.7252747252747253
06e298b93b21a7e7,0.03296703296703297
28406212f0c3c641,0.8571428571428571
951b6914b4120f08,0.25274725274725274
3f90b0f966e60f2e,0.3626373626373626
db8c23350879566d,0.4835164835164835
61e4c27d0a84d688,0.978021978021978
84f35e38c4b37b34,0.9010989010989011
8c9f44cdd888783a,0.945054945054945
bc2d2b07ca905c82,0.08791208791208792
9e74d932c78edbf5,0.17582417582417584
492c4c05d59a6758,0.3956043956043956
8601003ee0e3e5fd,0.1978021978021978
0bde1cbe5b62a3c5,0.8021978021978022
c72ea9b6aab1a666,0.5824175824175825
5bc1401c5c65a597,0.989010989010989
fb697ad9677fef5d,0.7692307692307693
bffb0d451ce6ea5e,0.7142857142857143
6aed86f1b86f1c2f,0.5054945054945055
7bd316de7dc8957e,0.9560439560439561
2634d3bd6b0f00e5,0.27472527472527475
ee393682544d2b47,0.6043956043956044
158dc4d255b63660,1.0
ea1842527da2179c,0.7912087912087912
297ed4739c13d415,0.6153846153846154
2b34fbaa81acc544,0.2967032967032967
fd093a3bb07d43b2,0.8791208791208791
5a9af0c4dda0794a,0.07692307692307693
1cce057fe047e5d4,0.6593406593406593
d8301d84f20611b6,0.6483516483516484
42d25bd58b200a92,0.13186813186813187
2e9c3580bc224abc,0.9230769230769231
895768c0821e0956,0.967032967032967
5dca5b1c73746de0,0.21978021978021978
15b8d31e5cd3b560,0.8241758241758241
4a14ba4679f41366,0.6923076923076923
e1c3ecf154435d3b,0.5384615384615384
6e892ee09e0f3466,0.9120879120879121
b342eadbcdba29ec,0.5494505494505495
d42b09b721b80f47,0.8351648351648352
2e63321ae60c7e4c,0.7032967032967034
48e75ec43acb60a3,0.2087912087912088
31755023c54c1e4e,0.4945054945054945
0f9a8376f1b4bfa7,0.5934065934065934
56c253e24544d0a6,0.6263736263736264
83604b513c91cb6c,0.0989010989010989
d3d0ed9a6e3dd418,0.31868131868131866
6e5691ae0043d8aa,0.01098901098901099
74355d394aaca4bf,0.8461538461538461
56f214ef142d7e30,0.4725274725274725
2ce97a88de005531,0.9340659340659341
c929e7e76379d15e,0.15384615384615385
32eb1aa7b0566c95,0.7472527472527473
867d04edb78fbe28,0.18681318681318682
32581a3ab810b543,0.02197802197802198
1605175403c606c9,0.7362637362637363
6f23e57e103dccae,0.6703296703296703
7f50f9eaf8d143cc,0.32967032967032966
e1903a958813027a,0.5604395604395604
93957fdf2a147175,0.5714285714285714
507f95643043e23d,0.8131868131868132
0c44b7866901739f,0.6813186813186813
f20a6f2c2cfa9b97,0.3516483516483517
d371534989c6e044,0.42857142857142855
bf3603a4946614e0,0.24175824175824176
2830b41e3657b852,0.06593406593406594
5d2b200f625ca479,0.4175824175824176
f22d53b3356fb2d0,0.5274725274725275
4703132d1f9b50fe,0.14285714285714285
eed973a22f859783,0.8681318681318682
d91700414262db40,0.5164835164835165
697256cc87ac3543,0.16483516483516483
b22ae9cb37811d0e,0.2857142857142857
aece540809baaf4c,0.8901098901098901
df133d3b033436b7,0.37362637362637363
f91c8528b4177700,0.45054945054945056
5b0b033c63097324,0.12087912087912088
61efa16da7b45417,0.10989010989010989
cd92d5f2237f5f0c,0.23076923076923078
9d36347dc9668480,0.054945054945054944
0af64fff5c051b01,0.46153846153846156
27411b713165c1b9,0.7802197802197802
a2fe4410504037d9,0.6373626373626373
dd03199b48b13a71,0.3076923076923077
b1925b7a34218efa,0.38461538461538464
7c5dc110ef56d43c,0.34065934065934067
ea4046a68878ac05,0.7582417582417582
6dd36b55d43ed6e7,0.26373626373626374
4be494a2d0fbc57b,0.43956043956043955
d15af0637f30b479,0.04395604395604396
a2528a89473bad76,0.4065934065934066
865713e9dcd68944,0.4725274725274725
ec5385167d46c9a6,0.7692307692307693
482907bf4e7d4208,0.7912087912087912
358605ce0a0ea6c3,0.6593406593406593
b9679755a987f70d,0.945054945054945
ad2e41606dc66e83,0.6923076923076923
813774734a7c18a0,0.3516483516483517
9fb7b82620a83aca,0.8681318681318682
06fd970985d5ca2e,0.6703296703296703
2ded2a55c5cad4db,0.7032967032967034
6d84db8257bec163,0.42857142857142855
ba86a17392d05f8f,0.6483516483516484
954a2fb5b4f5d523,0.27472527472527475
a70c552a1c6a1b4f,0.7142857142857143
9916d7d5b87f47aa,0.4945054945054945
61c01773c58bc6c9,0.45054945054945056
6b3aa778678685b2,0.03296703296703297
5272e357ea21ae07,0.5824175824175825
e4ef9b8d1ce3fd52,0.02197802197802198
0b46957ff8624ffb,0.32967032967032966
73baaedb2bef1dc6,0.2967032967032967
02445a92704a9fec,0.6373626373626373
324bea76c285f231,0.2857142857142857
5a3a37eb04fb1b37,0.08791208791208792
0517b5632481c150,0.37362637362637363
8a728939fccdff10,0.7582417582417582
2e3f83b2db3c4875,0.8351648351648352
37a724acdb9906aa,0.054945054945054944
4a7242be77f12475,0.978021978021978
428807d9338c77e2,0.04395604395604396
22775e17a3e2fee8,0.6813186813186813
2d6fbce13b144873,0.16483516483516483
1f486a6efb93be76,0.3076923076923077
d26d51fa2b6aa2b8,0.24175824175824176
00b39a13f04f3f61,0.7802197802197802
3d0137ae6bc79490,0.8791208791208791
ff945a44f3f49689,0.21978021978021978
dd203a2bebb65b00,0.8571428571428571
4e22229f43f468f7,0.9120879120879121
bd1d458e39aa1fe8,0.15384615384615385
118be0069f448c74,0.8461538461538461
47020dbb6a494f2a,0.967032967032967
f3ebed02a8084b40,0.9230769230769231
3c8a1ad7d75702af,0.3956043956043956
bf305bb883f68504,0.6043956043956044
b9f24f56694ee78f,0.5274725274725275
07f60938270f4a86,0.34065934065934067
3518829e929a74fa,0.5164835164835165
b68d7f874761f76d,0.14285714285714285
a28164318daeb99f,0.43956043956043955
8085b99b127cd1d1,0.25274725274725274
9be10b7df12f23a4,0.8241758241758241
62afae2e7da685bd,0.0989010989010989
5c2739cd10462278,0.01098901098901099
b7a1165623b5222e,0.2087912087912088
f1cee9882161651f,0.6153846153846154
25c879e974998832,0.31868131868131866
25f7f3f54bf25d18,0.7252747252747253
71c4ac3ee99bf3b3,0.6263736263736264
8676e362482e759f,0.7472527472527473
f97e03b79dfae55c,0.07692307692307693
7f831aa9629021cf,0.989010989010989
04c15e1ab7d3fde1,0.4835164835164835
4de2cb521c5533a2,0.5494505494505495
60293b624a89b1ad,0.38461538461538464
e65a9732d2fef213,0.06593406593406594
e4eaff1b56fb9b20,0.10989010989010989
6a3f725987048244,0.5604395604395604
8de26f710f625583,0.17582417582417584
b3b9daf84e26b4b1,0.13186813186813187
b4a3b5524ad00967,0.5054945054945055
95b5f93a2561b7a8,0.7362637362637363
f2dcc61027b89fff,0.46153846153846156
f81745b12883c713,0.8021978021978022
442963b6bc2e75dc,0.4065934065934066
a7aa947be9abc34a,0.9340659340659341
4443f98c6cd971af,0.23076923076923078
f5102f1c2f546ea1,0.8131868131868132
c3461b71b6301353,0.12087912087912088
7f17c6199880186c,1.0
5d25659a19efaeb3,0.5934065934065934
824c29a930830fda,0.26373626373626374
e2d2853987740e7c,0.4175824175824176
ca54adf065f310a2,0.5714285714285714
1a7da2c375cfa1d3,0.8901098901098901
0bc37c1e14ab8f51,0.9010989010989011
a8ac5d6dfb675e09,0.5384615384615384
76f8e3156d21b84b,0.3626373626373626
2258000252feaccd,0.1978021978021978
b2bd17b3c4fde966,0.18681318681318682
0aacc72588f22883,0.9560439560439561
3a21f99c4cd834ac,0.4065934065934066
729659bf90267222,0.34065934065934067
72748d93718ddc89,0.5494505494505495
b1cd64740c972628,0.43956043956043955
03d5119596076118,0.7252747252747253
6faf79620dcf3a74,0.13186813186813187
bcb1e062f96580a7,0.945054945054945
7cfe02eb5f1e7e87,0.1978021978021978
e9cd5c380bfc82f8,0.37362637362637363
f7a781e47664f827,0.31868131868131866
cbeec32a31964462,0.7802197802197802
8bb5335eeb70d6d0,0.054945054945054944
789c71b62948bf5e,0.6483516483516484
cc3a9023da9f8f19,0.9010989010989011
c2247fb8cc63d73d,0.24175824175824176
d6d007ae34a83478,0.6813186813186813
c0c51e126325b080,0.7912087912087912
0dcb2b6a5b4ced64,0.42857142857142855
d79bfa05f99e96a8,0.9560439560439561
c8f7aea8c9cb253c,0.08791208791208792
7c750d25923bd2be,0.8791208791208791
22036bc184d8e75b,0.8351648351648352
6085684fde9be419,0.01098901098901099
967d1af4be2a6826,0.6593406593406593
d45d28e0eb7e93fe,0.6703296703296703
0280026487bd99f9,0.15384615384615385
22af15624a35b925,0.7032967032967034
c9feea874f15dcf5,0.7142857142857143
423f229060ba1332,0.8681318681318682
ab5a5bb6325e3b0a,0.5274725274725275
81f6c76375d3eb13,0.03296703296703297
5f406f91424d8733,0.6153846153846154
100782d52444c4c3,0.967032967032967
1d96e75fa0b6aab0,0.3626373626373626
da41a23b0eef5633,0.5384615384615384
399f1ed9b66b1307,0.38461538461538464
9fd0ef4ef492d5bf,0.7362637362637363
55b941e6af99da40,0.10989010989010989
3f8f5d7876804fe4,0.25274725274725274
7115339c3573da61,0.45054945054945056
5cb83be4b7f1e886,0.46153846153846156
972d833958d0429d,0.5054945054945055
0dbdce3d15a0128a,0.2087912087912088
681d49b4770609ab,1.0
83481c6384cc53d3,0.04395604395604396
7449bc12651df008,0.14285714285714285
2e01e3cec103a751,0.9120879120879121
755878b20684dbcd,0.02197802197802198
50e3620157a11c8e,0.18681318681318682
58aef596b641c1af,0.8131868131868132
7add112292c354b4,0.32967032967032966
248e43f0393496e0,0.5714285714285714
588bd988898dcff8,0.5934065934065934
6d0393ddae515ec3,0.9230769230769231
90f16020e79e0931,0.27472527472527475
36aaf23e92c6656e,0.4725274725274725
7f1dc6db31adbb4c,0.8571428571428571
adc1c11fdc62d687,0.2967032967032967
19ef74dd07dad1f1,0.17582417582417584
d309dcd223391546,0.989010989010989
b3f796b9650de465,0.0989010989010989
992ee5a2db4b2f43,0.7582417582417582
9627355bdffa2ae1,0.5604395604395604
d10f62b7c54770c6,0.21978021978021978
39a34779d1ef703a,0.2857142857142857
c991993403ad7585,0.4945054945054945
c7fd8dcde5e5407a,0.8021978021978022
8118d8a25a6c44f0,0.8241758241758241
0a1c765b3ef098a5,0.8461538461538461
ecc09f9801b11e1a,0.16483516483516483
385b1ce088d8231b,0.07692307692307693
8131251a9f2f9b8a,0.5824175824175825
2b8bc070532a1f03,0.8901098901098901
a93ad48c8a9eebc6,0.9340659340659341
09c276cdf5f32e22,0.7692307692307693
675b43f4afb745e0,0.6373626373626373
32fbdc246fd44193,0.4835164835164835
d04682e23019cac9,0.3516483516483517
3f8d6c3f71a61c19,0.6923076923076923
e2c59d107f6dac03,0.978021978021978
a894bd8538e66104,0.6043956043956044
ecdc3f3e6152a01f,0.4175824175824176
c1966634ad4544a0,0.3956043956043956
9bbb0892217afce9,0.06593406593406594
e93b090bc753061d,0.3076923076923077
9fe296f1bdc8add0,0.7472527472527473
eabb5d03eab5a15b,0.5164835164835165
64468c2a64b2c784,0.26373626373626374
daafa8b38e9af93e,0.12087912087912088
39ff36ef54f6c659,0.23076923076923078
472e1d210a30b34c,0.6263736263736264
0d0baac0bb1801d4,0.13186813186813187
f0590a13270f953a,0.03296703296703297
3bdd1369c717b08c,0.16483516483516483
9044d83ee59d9f70,0.43956043956043955
1c734c71fec8c0eb,0.37362637362637363
03355626a23fe79c,0.4725274725274725
2a75be16db55f77d,0.8681318681318682
4de51343a4376257,0.14285714285714285
c1c31471f473cdce,0.8571428571428571
d18bd2b5d8a32de7,0.24175824175824176
f558ae445d01e1c2,0.7252747252747253
e34f9a0dc03287d1,0.32967032967032966
d250f90096893948,0.02197802197802198
b3294d5ab4a9479d,0.4835164835164835
588b0d01db4f0b8b,0.31868131868131866
d3e1d8d7698a01c4,0.9230769230769231
ac94e2a0ebad30c6,0.5824175824175825
5fd60c24c0ca8eb4,0.3076923076923077
8a69d7e8aea1c8d5,0.46153846153846156
e9c6558111d2ae1b,0.6263736263736264
ed23f7f8c3d6d101,0.2087912087912088
1de3bae6eaa08a2f,0.8461538461538461
1abad9b3130ba9d0,0.5714285714285714
6054773e77513a16,0.18681318681318682
3c4f7518499a863f,0.6813186813186813
5b88cab7fb708348,0.42857142857142855
d0e60ab9d4a7b8c2,0.25274725274725274
8893211d5230e336,0.8351648351648352
03859648663ce0ba,0.23076923076923078
0dfa77f5d6124068,0.6153846153846154
a8ea2afc595574e6,0.3956043956043956
d5ad289042a8ab84,0.06593406593406594
c148cfe815ff66f9,0.989010989010989
a1f88374aaf1b94f,0.6373626373626373
f76fe947b4c1ef9a,0.8791208791208791
d58d79ee142d9894,0.4945054945054945
0e96f0d5f6ae2858,0.6593406593406593
0baf0a98f23ebfa2,0.6483516483516484
cfc99407b91d6c3e,0.978021978021978
b34170d5be8c12b2,0.34065934065934067
844a7a21c1d2c542,0.5164835164835165
e9aa3143ec418273,0.3516483516483517
5f78f1b7e4e76bb3,0.2967032967032967
bbb058b81c7ac0d1,0.5604395604395604
24daa3dfe3f88fe8,0.6043956043956044
57995a6479e57f2b,0.12087912087912088
8c021551fd304f56,0.9340659340659341
1bd7a151a9d573f1,0.6703296703296703
a488c984da49590c,1.0
6dacb0000ddb626b,0.8241758241758241
264ce8ae0ba56184,0.7802197802197802
16f2082d629176fb,0.9010989010989011
4f74cbd7a873b0d8,0.7142857142857143
60f48476e5c897fa,0.8021978021978022
74f201bed3f98869,0.17582417582417584
35af4f450bf9a2d5,0.5054945054945055
ab1fc5dc25c85b1f,0.27472527472527475
20b9c220dd1377a9,0.1978021978021978
bc15045d9c3f89d1,0.054945054945054944
cf19017787d4d0e2,0.4175824175824176
08796fd3356d8f75,0.21978021978021978
a8a0af88f624d4f6,0.0989010989010989
4f5e14548724ca4d,0.945054945054945
637d74119dd8a1a2,0.2857142857142857
1b691d9a2ed7a39f,0.15384615384615385
e884188571687d92,0.7912087912087912
1a26da241fb11b42,0.45054945054945056
bfe08c23bb9bb24f,0.04395604395604396
a6d0e60c59802e5e,0.8131868131868132
39883f27804c6a13,0.9120879120879121
2ae3129f7b1b6d26,0.4065934065934066
921db5e266bec961,0.6923076923076923
1be699b5f4e92c24,0.9560439560439561
956b609036ac5fcb,0.7032967032967034
9b01d701e11ab43a,0.07692307692307693
407db0af8a4a4f7a,0.3626373626373626
e21fc74575b1b929,0.7692307692307693
3b61d2f50a642c0b,0.7362637362637363
4f05cb48dd312391,0.5494505494505495
571865372ecd3aca,0.38461538461538464
804b6e686d03352f,0.7472527472527473
53cf9762763835e9,0.967032967032967
a76bed15daf87c97,0.5384615384615384
7385913e70b85190,0.5934065934065934
6451a17f16eb4567,0.8901098901098901
bd131ffae2f4a69e,0.10989010989010989
c9d79e0a8205e85e,0.7582417582417582
40b7bf992020e8ce,0.01098901098901099
5e84b9494b3ed8ab,0.08791208791208792
8e54411ffdfc212d,0.5274725274725275
9dd05a88e1f67e5a,0.26373626373626374
828080104c1d72ef,0.26373626373626374
270be932c5301eb5,0.24175824175824176
25d3bfcd05effffc,0.8461538461538461
3a07a73258fb00a3,0.10989010989010989
cafb495361d6e437,0.6373626373626373
a96ee5b7d9a6fc18,0.21978021978021978
72044c19fba58f76,0.31868131868131866
1bcfeb47ccd973c7,0.5494505494505495
8914859ddb629b4e,0.01098901098901099
152c347177b374d2,0.1978021978021978
f11b70b8b7298ea3,0.3076923076923077
b9d65a89610470b7,0.06593406593406594
364e11598b4e0460,0.8791208791208791
24a44ee9f054aabb,0.5714285714285714
fb8611acc177f1ed,0.5934065934065934
581e4b8b1f760434,0.25274725274725274
2e9561b805bf4eb8,0.43956043956043955
eb5a596a5493a770,0.4725274725274725
9a28609c177bb828,0.945054945054945
a759ab2eef425077,0.8681318681318682
ff72de3a4246ded4,0.5054945054945055
22b8d7b6ae78d240,0.6483516483516484
1a3d4e4fca03970b,0.3956043956043956
89ba897bf6455f52,0.45054945054945056
532ad85fd33ca482,0.7692307692307693
f8d6e38aede69724,0.8131868131868132
973f3299b3c8c546,0.7472527472527473
f4600e343440c049,0.5384615384615384
63683b8c0e71bb1c,0.5604395604395604
a0864110e06c1ee7,0.6593406593406593
6e77b8a62aed3d18,0.38461538461538464
2d246b2093dbb2e8,0.16483516483516483
bdd2958bcbbb522a,0.8241758241758241
b9f09e77ebbb58fa,0.6153846153846154
16d3966210f84b5f,0.6813186813186813
e13e97c253ac9e8e,0.7252747252747253
1d335845a4a0f9ed,0.15384615384615385
9d948fb123d6acc0,0.7912087912087912
4df7c8b77ce7aca6,0.6703296703296703
8d0a9992dbbc1113,0.2087912087912088
f2a5ddcb23e9bc4e,0.7032967032967034
a9f64beb548d47e8,0.967032967032967
57dc1f8b75d51133,0.8571428571428571
fcde334191915995,0.8901098901098901
b7516cac3f586ad6,0.4175824175824176
2d3b04ac0c63cd89,0.27472527472527475
50749a2c74906eef,0.9230769230769231
359c4763d86edddc,0.37362637362637363
7aa2fa0b6b7f1406,0.14285714285714285
75fa2a9e647794db,0.17582417582417584
e5609e8735edf72d,0.5164835164835165
08ffc2bdbc01d518,0.23076923076923078
282e560fcc610a66,0.4835164835164835
0acd349cb36692ec,0.3516483516483517
e637e2df51652ade,0.0989010989010989
4fc3ca5aca47e78e,0.9560439560439561
490cfa12103799e5,0.054945054945054944
734626df5f849846,0.8351648351648352
a812f0ac695608ef,0.12087912087912088
6f635c1929f7f7b7,0.978021978021978
82d6cce8f58c2b96,0.03296703296703297
3e03e59aaaf10aee,0.5824175824175825
260b9f6af37433b8,0.7142857142857143
838112d8b2b0b64e,0.6263736263736264
12bc1aff90b127fa,0.4065934065934066
ac7fa82f737b9095,0.42857142857142855
43a1d944a71f94d4,0.32967032967032966
82d218dcbd93b521,0.07692307692307693
7930f4a8a016e71d,0.7362637362637363
04e9b9f051191139,0.9010989010989011
5aa0117a2a1c57c0,0.02197802197802198
33d46d19eafaccac,0.46153846153846156
0581ec632266b750,0.7802197802197802
1deaa6675c0963bc,0.7582417582417582
b091191e0545b229,0.9120879120879121
ba1747c2cc562f27,0.6923076923076923
588ba0c730f59df9,0.08791208791208792
59dd59f1529fb43f,0.4945054945054945
f45b3cff26a18883,0.5274725274725275
8fa5127f1c8a6add,0.2967032967032967
d285fcf4b5a62154,0.6043956043956044
0a5c4ccf063c8bba,0.2857142857142857
d104b71e71833d17,0.13186813186813187
0b2c7eb591b7009c,0.989010989010989
5a2eaef75faf6b19,0.8021978021978022
302a40da8aa1b72c,1.0
c4a11ce549374a2a,0.34065934065934067
1bf7248f14dca5c6,0.9340659340659341
00070de9dea9843e,0.3626373626373626
3f6f05d65b92ab91,0.04395604395604396
f6bf07f1ce59c02d,0.18681318681318682
