id,prediction
048f57e75f98c212,0.4833511962678919
cfe3936f187df973,0.5082226890772839
213c8a9400c228a6,0.4399906590755055
1d1faf47842b4f8f,0.49884016966625766
fad91bf6da232450,0.5058200618376045
b9b9e333ae9b1d7e,0.5219108843870509
952fae59bc8e233a,0.5078656759868981
f1bbd1b4eb8ccb8f,0.532449061765402
1ec7ea48f2d6c576,0.5144089359250051
ecc757ebc1a35c4f,0.470248348878165
af4ea2f291f887a9,0.5080106051336785
23b8a30b56b3a3a4,0.4823421664757723
124d464d3d8bd9ca,0.46429741053612217
762601ac26054a49,0.5740805106103373
7c2463aea5f6ccda,0.5022685160469426
24c9f43210bb951c,0.5047676019317995
44aa00284dae70db,0.49979515127936036
aa0cefc11ee7fbc2,0.6046191179810981
84b0fd86cc914ea0,0.5863028533658015
d5069a03ac1d1db2,0.48245910997877384
347d845436440320,0.47441454315589904
c1d35b4afd08968f,0.4771449440106179
0afe2b3a894a8653,0.6518940687363814
f7dcc2d4d02dbd30,0.6316523440818276
706fd1a233515080,0.46863280301543586
50b0ebff63cd9a66,0.49292130106204657
e836aa3ac3daa3fb,0.46464937486305724
e5e86e22e8859301,0.5988193224372409
65659ffee1a966d1,0.5640836586902567
50827d3655355119,0.5096008752311745
29788eddc0fda6fa,0.45200033325421696
42b47b8dd0a5e7a4,0.47968472186697764
24a23c87f00e565b,0.5110642279937911
61acfef2e172dd8f,0.4945446274619699
357fb8c5b2736297,0.4792612643797767
b42fe7c66731bec9,0.4935212734429246
d4d88d63638c0856,0.5070118962828349
83cae071cf7485c7,0.4870852351626962
6213cdbdc5cd7eca,0.49857376352747407
01d24a8d1d79209a,0.46512281924885424
769dc53355daf48a,0.5930981918397595
944c03f1532a64e5,0.45357903967008073
32e8bd8f0492457d,0.5130395632373328
e471b5bd2d7d7123,0.5050868664699804
68b4947983382f4a,0.5166860725276923
9bf4fba0cd45f0c8,0.4986909653815026
e462481fb9a74438,0.47786936736769947
89aab896cfa8612f,0.5131470914456091
12936c178485af58,0.46044136814936776
cb3c0e29593d3cfd,0.4529829197487947
46d2cbb32dfb3848,0.4595096289019731
c89537a526a292c6,0.5103135070378453
a87127b1c012d802,0.5248832992391909
5ad76514a3540cfb,0.4610894792137221
ff66c68063d62831,0.5374213664144387
447d0cb02568c315,0.512408727308193
7c94cc80a9807a6b,0.490902592302076
d588eb5c9d8cbc07,0.5016537438106856
350e8354390ffef9,0.5455518302108157
dc1bee2c3a45da5b,0.5020537589951033
b8c4cec773508762,0.49892765874534506
a7d6439674ba61cf,0.5071132495010444
373f93d4e40dbeec,0.49038333504851117
3d1cd7aa3c17b378,0.48061421154119977
92f4af456e7dc0e3,0.5379514124603262
e83af3bea476c01d,0.5061416765353848
bfa12fe5eb3a0552,0.4842565658639584
55f87926882e26fb,0.5114021557547936
630b4a2b08983f94,0.4985560702972782
8117e22bdb588804,0.5100843600312218
d850ecb2d505295a,0.5424189908655592
6c4c00f209a71012,0.5147964112871688
3eedf55c7b4d2775,0.4773766019993595
a23902d47dd42d60,0.5168358328528491
6c04bcf513e49f98,0.509726773627163
0c10f7c24f2f1f3e,0.494135118829766
f83beb02f9403fda,0.48523086279889616
2a80d2b90d52294f,0.49403328492620713
43d3c07a852f36b8,0.435783781313574
50458be647f253fa,0.5790804390283982
faef896893cbb742,0.49517420218744046
fdf71233a8fc6a60,0.45475457722909285
b802d4b58434c5c1,0.44385401756101583
6088f002bcd1a6c3,0.48351298389008734
fb4aa319aafcde30,0.5427552719212424
23e3c6fb0a18e7d6,0.46299402964693903
d93272e621f8bb4b,0.5755575934364052
d448526c9b9fa5c4,0.5400322599558107
80afe18e32f61a97,0.5129630159439215
5ac2daec128ec532,0.4465261114605331
fe0868650e9af9f7,0.48777196408646706
0be0e0d3a47ae059,0.5022768206217136
48f67d6452766eec,0.5082357340642913
20870d6d0b866980,0.4471330884456399
d8cb40c2e51ce729,0.5015559245200796
e7c55ed2e85f0499,0.49889285663247296
3f8a894bb1fcbd26,0.5108633561762452
56debff121507cb7,0.49336957917001123
f9a5ae419266d25f,0.5372954324790038
6bc824548a611e7c,0.514282847394067
453bd712a139fa18,0.4638426256085346
098bd2d72a9be43f,0.5019063486053893
d005fa997035cd3b,0.481121305857551
a29e92e2687a4976,0.47247270977610456
0aacce2636f119ea,0.5598935992977296
30fa93d62707d7bb,0.49918579433315025
b4f6492d2c9ed09c,0.49786439690339823
e5fb3cf872726079,0.509565376619477
814f5434031e59b5,0.6059070806404282
564b71a9c3714f72,0.5709912352686043
8442fe1773fc21a1,0.4788574085280993
df1d078665d51480,0.477152240899805
5ab5933722dd8fe7,0.4762396720794858
e732f04dc596e2cc,0.6333948439693219
091ad5548193e506,0.6445688350924921
c4a73c8a32e69f43,0.47106957493560075
67c8386ccb0287e5,0.494199120233478
32b79a8cb42b104b,0.46122004082686185
8142c6d7245c6e7b,0.5957455036372805
0d42dd50380a89a3,0.5527989886772331
d3c9d1da942380d2,0.5026716791721607
9833aa75558ca97d,0.45155866420516966
b7ffdaf1c1b807ac,0.4638493351136267
72fef543ad6b9e93,0.5100827608952299
05ffcdbcdf16363e,0.49785544801160764
62871fbd4e28bbe9,0.48624584548141425
831e3c54595e8016,0.509600624770844
489d2ef714d899a4,0.5132067626823328
a3debe1a4dbd4f8c,0.49868075875254947
2a777bc968ebcf52,0.5035559288496059
50cbd8184253846a,0.47732836976171034
50d9a1ff2c6b6e4b,0.5992326234056876
1be735a03fa396e7,0.4680342204792214
62e24b9c7192434a,0.5205870044834091
d090c3d7049d23ba,0.5041460201909896
3fcac6a5bf1ba186,0.5156949743727447
d5b4f60b45db4f6c,0.4921138464939814
bd648c49b98024f2,0.4761408199914281
7c157af8920cb9e0,0.5155701061248257
fc842c099a14beb5,0.4664808715685488
d3cb4deb064c7697,0.44210354964734755
0788bdc95e4e36a5,0.4525707956267522
ca9fa42fc89fe916,0.5155924233841042
b41132bbcc3e3582,0.5306804286383671
a5eab41e57ff7f24,0.46026185846395906
f6faf5b78df406fb,0.5266276467457529
9d8d3d7d6b8253dd,0.5190057469456548
2e1f52de129fffec,0.4788758961246997
5a188ebc9dc3c779,0.503253327117144
a009049d4cb5abe4,0.5437523602322395
99f03beff29f4227,0.49473327779206133
4a7e9e91e5d7b7d3,0.5025271562613647
63ceb55e9a034922,0.5099115473910963
67ad0031ebb231ff,0.48546924816519743
894492dbb20ec574,0.47989501690765546
4eeb1a67cc93bffb,0.5458486442417569
0b756d5aff27545c,0.5008403828754038
f0028ee42e12b71a,0.47254782654081606
2c5a29de8c1fb896,0.49610933615178876
422fdda32a84ea92,0.5068713357503488
76710b02825d4efd,0.5007080626067988
8b9097b6676d4fed,0.5442887865927579
6189d884b5fd9599,0.5188470869074416
c578939b0902e4f2,0.47924029683409874
a828cbdb7c24def7,0.5219614247922052
e733292ed85c5a38,0.5111487256886387
26266ae15698e3cd,0.491649215355797
89991514320fb9ea,0.47816464377215673
26731910ec12196f,0.48659789416313937
c018ffb624766b60,0.4483427505399743
69696a0d8d69572e,0.5763876941321663
26380480e31a47d2,0.4963834493641548
7d7219864f026bf2,0.46776004469699406
53d3195fa794ccb8,0.45094356460036744
4a55278d9b09c23a,0.48420889316725113
81d334776f7a35a3,0.5447781668343625
bea7bc334a86ba2d,0.4685902813187479
82581722df90e6f2,0.5955013250365743
e3d33de342544ef5,0.5285959669485798
2ba546f13422724e,0.5157616888484712
b0353d97c6cc0116,0.4515361927514254
83c7ae47c9ce7246,0.48691908741331325
cec0ce6d903fd7d4,0.504899995846774
ba173b61a5b6a501,0.5134129206228321
67a0d000aeed5f16,0.44563725356297856
554e08c906245dde,0.5015282148032273
b40261509af4c288,0.5110957777304859
878b815718bb904e,0.5102843590879059
63498e33ed6b8c21,0.5012556025575172
c27fb94914d996cb,0.5314313787065357
1147f1eb35a7341c,0.5103172767508359
9e14f6786b91c70d,0.4729474620969578
1acb555bf627e565,0.5022665673897386
c8e530165e74cf34,0.47782725952086735
ffd0c2cafbc272d0,0.4612563403184988
3350e10cb62c5777,0.5471161543235212
423f852625867eea,0.49330198043351814
837134af7f9926e8,0.5035077455525979
62bb3414a3f3aa2a,0.5140830427081216
0e7e83a0810281dd,0.6052365729111644
6e72fe117bfa0b30,0.5705519870038176
31e33745a69498ae,0.4809799110639006
fd794b33ef880840,0.4770436267527197
65959db404106730,0.47571626791365085
6274d3d8e87e7196,0.6350929816632737
456a1925d20f5be4,0.6428929664726408
4441339486861ff0,0.4689403821519207
ab6e15efb7708e3f,0.4968485733895578
ae58d1f1310e0522,0.4599208088935949
be771d614caa5550,0.6067626002694391
fe1ef30c7b27b1ff,0.5497479331656251
4113aacc337b5383,0.5013354416071193
745ea2cd7a1ee2fb,0.4451255725704042
aba86e73dee78782,0.45919045244195356
03d5d1ac3a0a23c8,0.5095472336793373
e2012cee5d0a2e7f,0.5084865294820313
6186891bcab9dccd,0.48626844514756906
1a6f4f1ac6748081,0.5127417145272127
f9eeccbaf5a4bd51,0.5161371973391246
e3478d82cd17d89a,0.49690324115117823
b7658609aa9f6b11,0.4987831934189112
2759f557dc5f944f,0.47955346554659395
149a2870ee75c680,0.6037786476284723
8482a69df9255630,0.46756676391607566
6fb1d8d3110233ae,0.5191025742956774
18c005f099df6731,0.5041954927917371
0fb71256b31809e4,0.5178110233592421
547f8db4d5971af0,0.4915487368524937
d92320f7cec00b6c,0.47953755355406047
9efa23fd22f34940,0.5089002445964018
f244c7b7d56c7772,0.4651058598488367
a3611fb1b9d87427,0.44845507802016615
63074a0a6bdff885,0.46129104241026075
5c3b6a155ff81cf2,0.5201125146010732
ecf1b9cf05f545ee,0.5341203812260242
e25a721f9d468ba8,0.46595619444089276
d2b11b9ab9c00b54,0.5480071013934418
6f3dca3b9932c69c,0.5286436034378299
e6f927d2d8ab9cd2,0.47996885884848184
1b260eba632270ec,0.49685959379541567
4f80abfb31149216,0.5524624957814258
c580cf636f894280,0.491447397373858
3603ececde6ef719,0.5003743738480967
1f180c80679eb305,0.5048677427002572
2e1683650558b78d,0.48246619818464875
ee748916c6cc52b9,0.47809149025062214
a9f76466b2265d50,0.5390140110822939
e9a756a4d624b3d2,0.5042897624854029
fc96fd5d0f9776ee,0.4721818921603991
c0716e9baa7e2c19,0.49591693982642837
286edbf30b55e8d4,0.5091252222294287
0012de747eb96729,0.501707687588866
db770d9560871840,0.5352120212349667
ef9c28429e2395a2,0.5235774284092376
7298e0eeb5eaa378,0.47139462892490425
098c1a1b99ca409e,0.5142280115030997
f5fd003e8798113b,0.5171193462470591
d6fa0125bd194448,0.48906750255145715
180781e4ab9725e2,0.47415629526890757
58d053472fd27f5d,0.4852918370265371
357cb3389f9877ac,0.4374350258722526
86565fe36b385dbe,0.5736663618270689
4badb83281db1c85,0.49872977368136495
02552d81472802fc,0.4630463130271085
abd04f220e2e358f,0.4522125693252781
32793b8879e2c84d,0.48866759546885374
aeac29276526f3f3,0.5424628630491322
9873dc0bc2f94c87,0.47199723219935397
ce7b857e01fe5ef1,0.5989545195051809
3ca8af456427c0f4,0.538698387492988
10b8a07c7ae58715,0.5133636163103086
3463abcddd9eeb7d,0.44691088789463085
848614ee16d311e9,0.4767034338098416
dd7055b35c21510b,0.505489811081857
8b55da680e8cb74d,0.5085006339203966
960f64eb03d4c286,0.4469377570201394
0fd8020833c8c039,0.5037145882727527
eeab66cf11146760,0.5039112393728119
bce4ff7d167b3b3c,0.5119656799962172
9f5df10ab6a75153,0.4941172121877171
375c9fff447b10a5,0.5285153224134769
7a7566f90dc5bb6d,0.49857456547317636
4530890c8a0c363e,0.46827122211785044
f78006ecd0d08f30,0.48865720517916944
79a076ebc002ee29,0.47653038950334325
1498f2bb8452bacd,0.4710177025288702
a9e1c18a1ba12d24,0.5590217709062412
2ea69bd685dfb70b,0.4942081446504776
bacbd68952fce002,0.5007958040732994
e9f9772103678f1f,0.503507038824484
abddaa21974f4612,0.6039181009852659
e2226fd427755bee,0.5786195318637911
dccb9b77e4f30533,0.4780979570029986
d4857c6f57f020f9,0.4773147127928168
2dd6eb04601c1db6,0.47778618373509196
2051bed9a0cc720f,0.6339090021159447
5fcf89fadcc9ad2f,0.6457058559860387
3d9ee6cfda3e16ac,0.46173319136066704
7f5562cd753b47be,0.4982596745039194
5409cb2c518dc01f,0.46181079450684914
0862ddd2b9472f6f,0.5953177886494307
34abbdf6182eb3c4,0.5444030603903349
4e3a91280cefb7bc,0.497540578778072
193bf4395dbc2a12,0.4533695421266749
c2bda0dd05c14e88,0.46132112289612703
addfc8f5890b4a69,0.5095273045584536
59dd95f6fe190369,0.5060832354898169
f7bf3833a0e3e904,0.4833133006011192
c8a497416f1d1c65,0.5147490809673136
69dab06f7bd42986,0.5095285112474762
d3c80680d3e3601e,0.4940140703442921
620d9fe0317288d4,0.5021638365185236
6edf9802bb353f99,0.4817187637106741
3e8e3c6dafe3eb63,0.6035837349263384
6232e082eca1b43d,0.46426646938218097
532d92c62beb70ae,0.5171359023214408
50726cee97736480,0.5041547420888712
a382cdcf68e314fa,0.5156789335835641
d9b9be813c7d5441,0.4931200438130221
8b44b1ee86971f14,0.4733363199557916
0ac95d2993683a22,0.5102860614784565
0afa7b747f60e8f2,0.46937173835916
3338080361602eb4,0.44604603841881063
53360b827daae805,0.45831370901182966
5527239bbbe1ebcb,0.5222062602510948
0582827ff522d958,0.5346111287159723
b287e76c4b2db855,0.4627554231711235
518f6be6b14b563c,0.5282071200038283
2d8e76d104df6328,0.5288684747918794
c862698e64a6d90c,0.469949323464776
8fae631b1eaf466c,0.5015612550030867
3204fccd6e8b64c1,0.5523507884915873
f58b0110b4da3356,0.4987543678044005
ed7c6ca5bb9084ee,0.5017051938922854
63f89faac7d485db,0.5035380768555929
63beaa52f8217f1f,0.47917475999197423
96adf9c33b6875f5,0.4801075835838098
0dfbf7726d4c42c0,0.5469822420430958
ad169f06314fb6e8,0.5055070876526058
e596a254699aa95c,0.4640226803699816
f3a36c74d1f0b102,0.5025892811259232
518e51e4b4a64d27,0.5088446150382381
13b81ce1c953f856,0.49739919245373465
c92e6635cf36381a,0.5401078438456453
b12bb9eeb8ddbf4d,0.5233458284567217
33eb56687bd624a3,0.47811825426756194
c77df4104a26f705,0.5205541602975214
2a63de471b5981c9,0.5190827316226382
d462689b41b46f27,0.4933029859638517
775e48852109a066,0.4781760161908566
878cb6623c58eba5,0.4911888378027881
91716c8bcab87d41,0.4375349062116066
4c5a9e2daf220ab4,0.5793677736005838
1703f5e666399fe0,0.5002143196665428
406666ed3bd196c5,0.4664607000889781
6c9523073f4b5948,0.4507527294669915
092e473e5143aac0,0.4868997662436316
28217fb26d715383,0.5429756724801508
a017580865de67cd,0.4720877019509703
8bc3ede44b399bdf,0.6066148543209373
a4b144bee77151be,0.5266523341282974
e9113fcb33d9d48c,0.5165512256306506
35600003db4d22ea,0.44869246843751565
8be2f003907b8f33,0.47964084707783605
45c9b83d9e1bdd81,0.5118855873432577
dbd0a39640a352f5,0.49780860569982
668cca38a9d4bbfb,0.44581964945220465
ca21b9b142944b39,0.5041153125903642
fcbeaa39b2d7c33c,0.5043477436220439
53d981b29b819f23,0.5112016827438693
a6812fe371c4012a,0.4986897871351207
09cebf645a4a23b2,0.5244797025548678
3f37414c8725ec38,0.4995408527981764
b6f82254bfb8c659,0.46009737412476825
ec2c732227108555,0.49059719298441684
291d386752c3d191,0.4788873565145151
12d55d63d0937875,0.4751041135209899
c12ddc09e00477c1,0.5410020846397806
a9aa9bf3caa059bf,0.49108783750901497
36c516edc9e4df4f,0.5001966871237422
495b0ea32afc3288,0.5051560066159931
0cddea8168a71cba,0.6025366409514963
ac1fee1a7483fada,0.5800931711495837
fb6315460499bcbb,0.48111981776999324
b6db9f52398462d0,0.48162133564888365
777c798138e9c6a2,0.48155205665330014
0956612572ac353e,0.6260826726303591
2c227e7eaf9a53e4,0.6345383141944202
eeb3be5be7093b4a,0.470859370071528
2782e28313e0e9b0,0.49450021458938
79f6196ef8532634,0.4608058108321915
98416255995ea083,0.5952218816847057
3760591bf5cf1472,0.5459914925466514
8096a6779cbd7c73,0.4979660361483713
694c935fe3cc76e1,0.45350892682056543
fab01eb10b8ce859,0.4607649428485052
6191c5b7b7d65e9a,0.5328501240269085
a2deef1846d8bc3a,0.506575952902869
eb20edecf207e27f,0.4952639546238702
9f368646e85e6fc9,0.5220034542254801
6277143956e58860,0.5213647404001569
a9c8faaac57efe80,0.5060706179664408
43df32c7a31738dd,0.49800316394903055
1333b5b8906e1649,0.48614187799803044
b6e8ca8f4798db30,0.6052497936014285
2e8577a03479c460,0.4613711269387575
1a6dcf3eb0b8d2c3,0.5110076487412767
4ec7d25dda0ad6c4,0.5055679854292967
b00c06fc4360e01d,0.502186045155909
dd955a1b93abe7b6,0.4897271213276453
38872994b4aa78c8,0.47725902001850184
8855dc18ff7060a0,0.5139420403865131
c7768479b1e124a2,0.4814032274938165
43b701a96add90a8,0.44629596073318445
e8fab8b01b37e113,0.4607130179652672
d82655ad6eeecc01,0.5291338421158689
4655a4052f41d218,0.5260537362048747
371703b3bcecdfa6,0.46004727644916454
f0f61268def9591a,0.5300309552045108
968a20b877b7d1ec,0.5316435652920974
846233250aa0ec7c,0.4712077446915519
1ebb205ac580222d,0.49838527646471387
e5e7c45e21a2fdb0,0.5536232838198735
bfd71ef4019d74a5,0.495394905372166
c24249b73b20a68a,0.49896027631819917
1047a8574bc739d5,0.5025540034577276
178797d3de089f97,0.481600726467433
5727e11ac03e80cc,0.4724833906340695
6cc179b6b3bfd0d5,0.5455758600495055
fff4d25a358daacb,0.5040495730443197
3da9aa54f127ba3b,0.4639969974145013
aa60332c9d5c19f3,0.5039998874707747
963dd1f80e501d8e,0.5129692070957068
636ee077420bcf7e,0.4941205397746309
b26a8398b0723e46,0.5358483649275698
2ae9be828461012d,0.5250527836181559
67bb09b7efe77c40,0.48560522740734424
605904bf821e86d2,0.5150027958526313
e3b4b9e29e7349ef,0.5102304056693995
e2d45cc43cc09747,0.49249515240324837
ebd2353f93eb9cb5,0.4834549536171291
9994af6fe12af314,0.4917196953280347
d5885488f79df6b1,0.4344871130177068
7c4b15baa080723f,0.5863283933827539
c48900e46816f0bc,0.4955129388475207
97448ab8939aa5ec,0.4688229592450457
4538b9aa6f26cb61,0.4355530909613836
876f65f13ac7adab,0.4905414612043075
22c6f6e7c04ebb9d,0.537915276675269
7306e44cea24f367,0.4820315675836817
7dd276223c6f16e5,0.5873600177068907
e232876729f30713,0.5202456998655587
0b272e430eeb125d,0.5161796663515343
43d2f60b10116606,0.4516001767062475
7f60cf3c97d8127f,0.47815000546193775
0bfef51c91e176fe,0.5058664568537485
e8dca70000352f9c,0.5099532155369029
a8f12b89648b59a5,0.4465301114533866
1d6e5ae7a188fe97,0.5100341717019997
61cdb533c0813794,0.5082995080570921
d39eb0a8e152415e,0.4992645358840119
685a7a0d68b8c0ed,0.5025905986467082
549c194fe16b4872,0.5151394196489825
59fd77c603936ac7,0.5013935038083905
e5635abde9cee020,0.4606571748599334
404aa866ee010ee6,0.490457188304926
c69337d60d461426,0.4904061798003151
5940c72dd4710336,0.4702765203364019
3495a56bc483644d,0.5420025937486752
bdc304388f89ba35,0.475788731256108
839e882c29b80f2a,0.47504649646872
cd5b6f032fea9f83,0.5007704183017158
e3da01543b29e6be,0.6053888271854354
debd54badcf5dd8e,0.5663216514012248
60e3031429737c38,0.47924448153927557
5332ec6fe212a943,0.4799059680514981
1492b0fed1c22731,0.4738322542919471
0a63b1bb1395b1f7,0.6323917486565755
60ef0ec2c219f1fe,0.6401409041649986
77402b065b6265e7,0.4730823680023759
651afa08e2fe9a2e,0.4798045174073047
fabba97deb701fa7,0.455354776843657
1be0613f58ee47bc,0.5904949855929847
b04dfc52c2ab72cd,0.5444637701217453
001c66570298c4ae,0.4877383736363665
b0494e5543cf953b,0.46570010150994534
21857d345e395731,0.46487317084230106
8b5cddd6090ba2e3,0.539211008769007
7fbeec25a011fa0a,0.521448594438938
fd17dfafef214960,0.4993223792099779
b052bcc45670548f,0.5253462117315004
14ddebb4a1542709,0.5239680430818369
aed2e57c1d2c5123,0.5043234139223194
d90c20f58fc857d3,0.4926825340668267
262c07d6a914d001,0.5041785869327845
be276d5e73f8dae8,0.6112360762082772
b6f324769cf84eb9,0.46740496386504027
f33f8275ff8183bf,0.5039116518274702
0c21503d1806ef0d,0.5058281461530308
48c19eb379f58cf1,0.501205028045354
ee5270e92b3ab4a2,0.48752109882701067
e2d44568ec051b91,0.46316853578222084
9a4d520554309444,0.5094842287963519
576f4aa9b847e8eb,0.46202245027900335
19028d264ee8f8df,0.4401366294866055
59d9004baf846f42,0.4517707293606663
718835c1897152a8,0.521239892360708
e049654f5763e250,0.5444209640241189
df5f938bf988d2b3,0.4643005683846251
2935ce9c2e56f5ac,0.5415794977625873
044d1acd4714bc0b,0.512469662575508
4e9ef86492c8f99b,0.4725149843327283
af715bfa8011248e,0.4908506141011516
737c89bba162910a,0.5535150618189083
d2c91b02f34c0610,0.486191006331397
666106dc2caea4d3,0.5202387699210294
017a44361a63711e,0.49445471525145546
47d3bf722de69a80,0.47910464063398095
cded16003d431bd6,0.46407768735197585
54e9764d7d5951f3,0.5511242154784167
dca4b096850da22c,0.5163008600278746
db9bfe61a44b3694,0.4753336671401218
899234d490b88c76,0.5025556844249401
da091a6a34291400,0.5074584645933049
5a3edaa56a2e14ac,0.4967947303470932
59d91c1ecdd2aa26,0.5249454072652678
c900ffa4f83b3c0d,0.5310686523874676
eaaafb8fbd1d1319,0.46931290721841423
5a387e3bc1bbdbf7,0.5205302211054301
73dc851ab4815623,0.5020569675205684
51ce0b098662b486,0.4997659934312999
000285bf01dad639,0.47331637071773425
95d1af435f9c405d,0.4792984243471152
0aa1760fb77fe833,0.43830832221938976
9abb0f0cc1efced5,0.5785914153618954
024f5e2dcf19f543,0.49335215377494723
f08221da19c4d173,0.4769311713992457
3974d30458dacd99,0.4341750751373732
51fb588bf2ebff6a,0.5017187601477037
8c01a52a4d2cbe4f,0.5350716955621516
69a75586c07ad4c3,0.48974913812112375
e353bfd9b70f635e,0.5807966624857055
68555c213fe69598,0.5272328114425885
222a4eca7bfb587f,0.5177965437605322
bc53bd55e3021703,0.44958930813646325
3edfed34635c64f6,0.48253205344838146
010f846fe71ff322,0.5068988002620154
b72bb968bfaace67,0.5027122718538224
a4f2912807d0b789,0.4489760014688142
5c021f7aa1442b63,0.5110844879737113
136c8bae243d5be3,0.5042191001341615
0a05412780dc6fcb,0.4948930176807046
c0d63cb86bae24ea,0.5007400081171725
b314c450dadfb291,0.5185799972962988
9649fd2187860b36,0.49582364888866837
0c9c9667b4718172,0.46553020833124537
c6286ff8cd19e089,0.4909470555585552
b2d07219291b3d8e,0.48752540677794487
7a183103ce3b477f,0.4561203355282335
03d8a4474fdaa224,0.5466127232724409
17f083f0d484059f,0.47171056450216975
1a61b9f241a3b33c,0.4872406735740047
7700cbb89be5dc77,0.5008280016645915
7b2d8a9d4e97464d,0.6117627110040782
2c66fe2d1b5c1173,0.5620314603164986
6d79124f84343b3c,0.47760471392896264
4a7024bc366c1e46,0.4825171581911525
04851e9c432aedf1,0.4700729975384059
bad64c541d78d933,0.6410585630308657
ff6677fdb2073f21,0.6497049915951469
b064c1d310d11ab3,0.4754947449778124
6f7d5cdcffd15859,0.4798066666571489
375df89442e2bad3,0.46077528965178927
982b5dc9c7ab7935,0.589479225971457
1d898af56fee8033,0.5563587239934442
6e7b6ab04456cf62,0.501914893770139
cba5038fcab7da6c,0.4605586883882953
0017c2f4ada12a8f,0.46695465570727224
97bd794a00999b9a,0.5403874786519466
877b966075c00229,0.5234550999813065
07cbaca38a4cc0fb,0.5053349088265034
38381c87c51d9b8e,0.516797708657473
aa45697ca72ca8b0,0.5186562937548924
4398682fd5db41f4,0.5053094953774552
8a4be9ecb56ecbf6,0.487898795053493
5e69b78f83ebda50,0.502560151035144
a0ce10e058f84cde,0.6033809932856652
9e5fffab7a931f64,0.4632178849402748
fa46dc7dfd18f54e,0.5039548753014691
06ea2d6730574504,0.5132435100849426
7681acfb92af18ec,0.5134010330710204
d153dc4aac340522,0.4791760376678589
50f3ef8343362321,0.47104282512836393
1c702e1c0dccf58a,0.5119175175793534
1ce3fb6b3ae868f8,0.46008310867819846
846e8126f3c53738,0.43645843763496317
afbec91fd4b736ca,0.45367621258648727
83fe45f1cc42a9cd,0.510978086632343
3fcac2691b24dde9,0.5409542983489166
fc5e8e79edea0306,0.457106040436948
b3709a3c7d7ba9b1,0.5354420620309346
79309069816dbf05,0.5127636178259867
5f913c1a08868eb6,0.4791695282795837
4e369f0f755bb292,0.5013113207849442
05cb3a93b978a354,0.5550348783756145
d2b12e9c0c4e0058,0.4824144864419071
3f5655a7d3f6e619,0.5081909378518632
a2c237862699d6fb,0.4990346340553896
7b02be4f948c9084,0.4738576379775278
bc21e2969e5498d5,0.4663686086073344
538d734c829edcdb,0.5468230880501282
eebb7aaf73e14568,0.5209775470012193
3b1aea689608afac,0.47556088895039417
b80028ca021f3382,0.5031301685695077
5ba97cfde94a4327,0.5059558863328175
dac7c6b480118842,0.5110757766375371
d929d9ff3f92de47,0.5269712483918715
ce61119d45571daf,0.5243247623055923
94ec67dc1fa468bf,0.466270214954809
2708bf85c7fbd34e,0.5075542626587732
405e611d6c482504,0.5185057623024517
e85983f16409a269,0.5001483148644146
5e617c6633880cbb,0.47885179224289276
465cbf445574513b,0.48331874699885735
edf54705445500eb,0.4334922066675585
81ee94bea74143cd,0.5726756811364203
ed50b02c1d6f97d0,0.5028948521467593
08b93b4874375a28,0.47873921398659236
7ea6e7fb1d37117a,0.4400168374286415
0ee49c37b08c30bc,0.4981900748983096
73261f3d1b492047,0.5317569203953609
f34d2ffd34f075ea,0.49172014086755134
d125582dca3ca508,0.6005100567334031
30fdd9db130ad7dc,0.536375029121665
74b2d6e707d3cb5a,0.5185290782694144
26e954c1ed59549f,0.4468914166326352
b48ea32d592126b0,0.4825812385325803
563a911bee86faeb,0.5067715197723885
9b96b4d47878a7ce,0.5047271762694493
873801889cc84149,0.4623412974280512
85408347a716033e,0.5091174383743003
2ae858ae3163214b,0.5041701287815056
3cb8f29058128058,0.5012067975739185
d474ac2b59671e51,0.49727164226133713
974bbb78daee1ae5,0.5152141064786039
760ac91ede666dcd,0.4972036205799104
09755cf6c7fc0b26,0.46527070771337264
ae99d740f73d8b59,0.490624172879937
7ebaa5f0ba6cff70,0.47712202120728975
36ee1d3027b197c0,0.45426316350538354
9935e9049c595a50,0.5482483705807261
7ec59f45cefb08f8,0.45905225219849555
82958d6ba815d820,0.47768717619190326
c6756a262d063f7f,0.49827683325954986
ca7d14f9467b14d7,0.6123749645989622
30d6019010306c0b,0.5609778174011157
706b16b8f81c3508,0.4816572992384667
6b4c280c7c1197fa,0.48035710565277046
55fb4e8c9c3929cc,0.4761400248827159
6c8f41534545c7ff,0.6406975248533129
9c0ad8f5fcf5260e,0.6385112921981313
8996c3e961d483de,0.4783890698691877
2da0b3679adabca6,0.48871349533281805
446e1bd034f579d9,0.47197850415102305
8daa2b7ce6c6032e,0.5965250068700783
ff83281becb9dcc5,0.5597490727243251
c70239735e425ab3,0.4996988587663944
bb1376fac8803a9f,0.45943753546935584
4556337d5ea4395d,0.46687279729167264
ca20c865f40a2c6e,0.5317566121079276
4e78bf8ad48d3f91,0.5175627490378986
d11b186dc1e33196,0.506615507075377
6a080baba48dd8cd,0.5151049931799355
7227c43724949b87,0.5261942747353358
87fd5cb928b73414,0.5016583197384374
aa36476b4961376e,0.47813407805259445
2e32f4eb034f60ce,0.5037228081950402
5c1cfcf614614272,0.5935635428301873
738c6b46b6700b99,0.46725091424284004
f3e8b3f2ff264d3f,0.492037731989707
c71abc92afe5a455,0.5152151518587296
09bc4e1689a8cacf,0.5142992465205543
ee4a52c333fbef0e,0.4749697181699508
99c25159807a582f,0.47512104700511104
05db2e41bee8b7a2,0.5172984534683276
be87f2eaaf9b975e,0.461665907628948
d54265f4713c1869,0.44166190837938624
a3dee4d5d4a1deb8,0.4595724628974237
199cb51fe11a2730,0.5042091938080178
49d14ba38118745e,0.5302693076353763
ec5969ed33f15ad6,0.45477475329969974
fef66cf1065bcd76,0.5315208040428139
f822f279c51be108,0.5191418289596371
5a367ed43edf40f0,0.4771886510762079
0852e2860be62199,0.5024844178793374
43a29801e4a7d981,0.545719247538057
ae6e9bc6f9535d28,0.48386027281963107
4daf71c4ce95ec3c,0.507950699011079
73ea381d5935177e,0.4981628799557838
424cb47c79be5ed8,0.4753358180443631
51d04c7e4a776772,0.47699186386125836
4beedb8c2e95cc12,0.5455466610806624
27f16fe286c230b8,0.5205690186400085
d09a1ba1da012e9e,0.47582767231275536
d7ec8830b7536ea8,0.49920599751897166
c127f4f87172280e,0.5071100615821288
edbe6fb43d7bcad8,0.5206333750841738
d1273995ae09f273,0.5370827975176442
1a941ede347b7cb4,0.5238053843804445
7249dc20d2b7a7c3,0.46037550129719584
3c82516445ae6503,0.5149574421025341
1c48f011d896dc98,0.5214839668666802
70a3c18ae1fb020a,0.49700638995560875
fc8384d93a651eb6,0.4908983963923489
5a69ebf53e5dd803,0.4766086720605678
33ff1187d7d754b8,0.4410689367591709
9dccfda2be42e590,0.57004510460877
dd45cbc8143a5e5b,0.5051356430442488
ea415afe04ce3e92,0.48515055621146974
d28bfaf3845957b1,0.4394488826222708
24227c1e10b35612,0.5015188370335681
01d34012ed055ec2,0.5327413223702189
1662befc9fef9b32,0.4927414427994181
ad296e443ea5e27f,0.6005762412601429
f6da82a5ee730b09,0.5383452466357571
c7cae7b367b80531,0.5145799255720167
4ef4d8530639d053,0.44552279136607087
05bc4118cd304de8,0.4874021675627642
3f02710ee83e249c,0.5135888731636528
f63bdba223bfeca8,0.5093948083096358
3be0b78a57bcd994,0.46160353372198193
c146ad649af6e9d1,0.5046465275593538
6c6d063a9dcb0c5f,0.5026169746827062
aeb403c0be23a2ef,0.505847823752062
57ec1e2ce692d854,0.49583916370872816
626b28eb51544d63,0.5126568701413776
51abbcb5bc640ec7,0.5006345353206237
bc59eb15a90eb298,0.47007428004800367
4f6c08bd7104291e,0.4899159643446189
cb990d9312d0f2aa,0.4850402268432984
174784d96681fcd6,0.46783983302767185
ceb5d998c62987d5,0.5411537272776665
958317996b0c7404,0.4663317758988632
27a212687c99f5ee,0.48720094245292933
58c906ed50bb461f,0.49907337943675545
8df93cc7f896ef72,0.6114066194417149
c1f70debb8180571,0.5636128118026564
9bb75b23eae84fb3,0.48173664112626247
afe205152242ce25,0.4756324875367324
91fccdaf6cb529e1,0.48153228995626907
ddb09a40f8117722,0.6412765831216403
8a0ec2d6ddc5a8dd,0.6533216090448717
1097cdcc3dd5a099,0.47432887887798036
f62980c66c2b5d6b,0.49216457259885826
7d84d9cde64ce426,0.4718685503755824
f1c45495952a16a4,0.5864242742714086
bd46e2285547d1ba,0.5500665412276897
360a1c0768757a7a,0.49974796502820085
50243422f7f7e612,0.46154341693977796
97da3ad0ebd84775,0.4721189269424684
43da8d402a85be01,0.5295353565742873
df34d1cfa2aa5766,0.5139328477062497
bc04f52ce3fd2f71,0.4999252775325391
cc4694020c2518f3,0.5155290243194286
7005d7e668a30ebc,0.5162565067676085
2c43fd6286b1d516,0.5005769117998358
e80def345f0cea61,0.47340457586365947
a3ad1073fff13645,0.5012136174956707
426b5e5c88e747fe,0.5880316299849387
46056e9e787c995d,0.46801007009321616
34a2686fa0c82a1c,0.4990250865884389
f1acaa0697598fd3,0.5175506002313736
61a712f9bcdc6f15,0.5181674828980218
2e4eb20b3099f025,0.4781732449219904
e7799f8ca09c15ae,0.48258804128322064
a8212785a1a22419,0.5211830631951614
af3273af3e417090,0.46111294810454573
42baafaaa5597a8e,0.44915907640082575
3531c629244101fb,0.4621093890140807
571293055f5e81a0,0.5022949160814303
60fd139d3fae1a37,0.5280494582030169
8ce7adc43435f6db,0.4553998058110664
72ad460503ee6896,0.5284359890578291
8c83e3d32b4ae4a0,0.5207653889327555
86859310b7c3481d,0.4684014323471115
5b829556c0d675c8,0.5036992725084133
e1ca24b32a13b493,0.5484797328873205
3aed1c927d835a10,0.48542617257259923
d405408ea0dad1d7,0.5106799687353112
db5dda7685bea79a,0.5022641445824865
a3ac42e7e9d9e06a,0.47881766043562735
70183c09c158dd0f,0.4743554177139975
7272a55fa75acbd8,0.5538568133633257
27fb35ff198c7a85,0.5185714821113563
268f2a7023b709a8,0.47550156898200036
c4822238fb0d915a,0.5015346386519497
bfae330d5db2c82d,0.5146409515591042
7281075ab958c2ae,0.5145657216977677
bd52c5c5e1eba28e,0.5283228957586313
12caa3bea91764c9,0.5195908790373865
e99ec6d98656ec95,0.46458347060022787
bb3b4de27e7514a3,0.5045396078444535
0725fc334750ec9c,0.5221081470092669
de355fbf1ed13462,0.485901382320172
fd5c869d878c8b67,0.4961599830141675
67ca71a63c35de67,0.4776256760878501
0accfb1b6b011526,0.43921410093626234
f2343c4f70b01b25,0.5747387340459692
06186b76a6325c88,0.5000128468923479
bb98f78afe93ef3c,0.4833065342173598
11304d1e968e92f9,0.43721560985972263
560b8272f7f7ba3a,0.49977413633295975
0eb05498743cf996,0.5294825779744183
9d02cd36cb38c48a,0.4917023174741124
861d263e569e70b2,0.6001193347331042
2e62b0e907b04aab,0.5334378571124929
3c8c0c143ed0f4c6,0.5184343490555113
d5e6ffc16cbf7895,0.4427573801809863
b26212d88f5f0999,0.4908098395619369
89e0b4947b90a0f0,0.5260938977756396
f24a6eb486a5276c,0.4987041397556724
e1e05dd034088ae6,0.47280871798848734
ba43cb966f3ca7de,0.5042379499113527
af41f4c3cffd4392,0.5061119382720427
09a021937d4149df,0.500411889411503
76e8391e50ee9bb6,0.4932359006394834
164c6183227d7865,0.5210667175604267
2b948015e7e57774,0.4999071029605846
e8265ff748848820,0.4667301001382279
799a7f886854e81f,0.4752628965915976
85362d1c031fc518,0.4796632547612609
dc171a253004488a,0.4595720963648131
283f431d5b18d110,0.5633330950248926
4fc574dceeb85795,0.47926801934769403
521871abeea0a547,0.5110310296527507
96b62db504b14350,0.507493761948165
bd1568671a062622,0.6215855924311704
2a56f45b8d9f1f80,0.575207723267392
4f78782be961eea0,0.47763070237837546
99f967468c723122,0.4883463717876073
bece6b2b65d8027f,0.4848664221492548
14351f66a3919572,0.617249349975499
ed190ae738de6747,0.6450107879114391
ff21a875e7952589,0.4892851133146514
7b2ec8489a11ef0d,0.48040823275610767
33dd3f491bac2b12,0.477765401921882
777fcc9be1968ba6,0.5950573041080351
126bfb91797d7638,0.5453746404137665
543cf7117dfde227,0.5069917970703137
944dd26c180a0513,0.4713043576630499
8b6ee90817cccd80,0.46639032130187297
f2e9c3e7fff9ea76,0.5275263432587739
b556dec95400430c,0.5253120819443906
1957356412656ffe,0.5081424424438516
baf139b792d378e3,0.5145590202495017
4af7e402afb501e8,0.5195644538862686
df8cd530b176aa76,0.515442768090937
10f38b2415dacc77,0.4841397882325259
0a9b77ffc5506e5c,0.4862891361708288
2aa620a2ce3472a7,0.5766537483437942
7f2b52b5b1dd3386,0.4545466178255333
ce3849a51a3d6ae9,0.48924886957162794
f005a0ecadbe7552,0.5206591979895708
cc060e694c9c2ac8,0.49558735096954576
770a45925e80fac6,0.4817124974983751
17dab0476b1c6e36,0.4814497439610903
b083cfdd5159e5fc,0.5117515848460534
76211194828b6014,0.4682196121326755
1ae5f3cb6aa069f6,0.45271642203195406
789561a3dc033b5a,0.46987517226753883
fcf67dc82a01969e,0.49325949354897647
be8727e170acf1a4,0.5206438086841636
3727266830798839,0.4575266501035864
b0bc7a3e2c78fd40,0.541513823617311
a3206c3b0d20925f,0.5324507162036821
29efc1675ef108ba,0.45285143441328624
a8a28c4743ce9f23,0.4969048741631451
1960043af7067623,0.5602749546645623
91b7d918d167156e,0.482567918051218
afefa16a81237db2,0.49417381791792714
f99d0722ffe45df0,0.4855785646230917
88e89fe4124d96ba,0.4799221165814187
1144a39f86f1ade8,0.4745198316971718
ae4a7706bdc9e5a5,0.5576512645252913
45161965111d0bab,0.511463399993684
2e3dda48f6ca99df,0.473447743787361
4d16ddaa4d3eb28c,0.4991669420122612
cf46afe66d29755f,0.520433888597429
771fb10547d96983,0.511147419399797
2f8120d9860d9722,0.5313970721718471
7c3baf682b7582ed,0.5100687574071783
b9478579375a08b4,0.4700060381527327
b7eb8d84ef3ae5c5,0.5040054205550438
ddb3636b63bdc81a,0.5222027296886746
a549717cc2211fdb,0.4843404742671673
b728ab1c8f64107e,0.47841776543147263
bf829604498af815,0.48320910891724767
8bc888b2559ca8ca,0.4413640376995216
bfb488ba431a5224,0.5783225597977346
c5a9d1dcd68d05c9,0.4859928457730631
408c5b20b75fb599,0.47592369681706304
ac02fa03a401ba53,0.4548669744524112
10a2a34fa779ee71,0.4747214900766834
913d2ab92572f0cd,0.5192330876705575
503b1c074973fd4e,0.48589276244308044
fa40df445862cea7,0.5938515194809182
23978b4905a5d246,0.5403693749013041
8d5acaeae6015987,0.5118371614543591
c64ff2abd413300c,0.46827981999395407
df129b3fb24ca3cb,0.4831452957233259
f8fc1618616abda4,0.5293988463515138
40132e0afba430ca,0.5033080362388257
caa571457f3aee39,0.4712673462705712
1b6deef07bcacb5f,0.5029013193732914
9dcd2ffb4d5aeee4,0.5036702883100309
826bf95db8903ff2,0.49864010973400963
7dc2d5a31b7b7791,0.49961689758617467
32903ef4c0b8e86f,0.5196631170388903
36cf3dcbe70ae97a,0.48874080934777
1993d9f564568faa,0.4520054633802816
c862040e087f92d0,0.48625343812032074
73a3907c4d12a586,0.4890649341140806
c02060be7ff61a44,0.482101611450638
495d4bb5c732bf2d,0.5670739781563428
25428953c10f83f5,0.47442368865164464
89faa4fb4075571c,0.47797526098824916
289b1c3cf3930a1e,0.5048951103863425
319f034d6cf7fdb1,0.6176708627811018
7173a7a61e856573,0.5628290688269809
1bc229ee555d9b0c,0.4840159633101426
b28cf343993268c3,0.4867335930478689
45b4d200d9303d93,0.4787242885758496
31654fff4a639035,0.6201504108096129
95f91d8adeaa112e,0.6537276183085984
98265af1b3dc5368,0.48235904898213633
173505bd1f8497d9,0.48732909748023334
7d6a8dbb76732031,0.4780894552507897
b4a4c18af9bff2b0,0.5952941056510737
72422edd50792c87,0.5490219480529164
c61c61098b8c22cb,0.5092336396798094
96c36bfd78d76f96,0.47499835277474023
652c0b20d8fc7204,0.4714234131068198
ccdcc7562ddb054a,0.5303210364914488
bf09d54145852cf3,0.5218410073469234
9160c9c6fd1b2a27,0.5172071660318802
1e15398b4a85ed71,0.514518851499147
e14588105a041068,0.5129021512475951
054dfa515b5949ee,0.5161129594906514
252691466676550d,0.48401955281785325
dc53ef505eec9fc4,0.48110668032223236
2c6bc9031854c8a1,0.5774862842739392
5ef94bce051a8903,0.45107886927613183
1e46d130a296f39f,0.4938310120510855
27dd328560bd923a,0.5156928513750483
c197f2fb9f3c3756,0.4903545730270452
b208b8acbe2d6469,0.48567805775811523
b343ab4c3ec76847,0.4782829567078677
9f12bf86b1ff8701,0.5200231126670304
b12a976bb325f703,0.4603716048358618
1d9b65e4ea032b10,0.4474771012533696
d63c3c56142d287e,0.46143599254717516
cd44b374922d8cca,0.49911442711724097
b260562babf73065,0.5129035526286526
da9df07bbdcc057d,0.46032275892606167
4b586c807900cb51,0.5345320887427552
bc1b0c341e2174d3,0.5202137353991412
fcfb70cca5844971,0.46261514783318103
7273b2ec6b89874a,0.492845721342559
9feac2b3a1f3ea76,0.5565049242634348
00ba990920f0d8c9,0.4799683207427393
9c1e167253fedcaa,0.49520145505561664
a11ebc53a553918d,0.47785430184731614
39979fa68adb5bae,0.4783473720273641
f5cfe23b17afb116,0.48364463168142047
cc156fe736343841,0.5339552937101654
d785616a0cbd03ce,0.5139521804824978
14e8f534f6bfb2ba,0.4695678129724048
1023a4ccf410be16,0.5020774274977172
26a2425466f1ebf1,0.5150283979182457
ebf45e4f3905dd06,0.5129804751463368
0ef3310a7bbf68ac,0.5288034408394221
26df05f294256d38,0.5091438135255367
7aff2a8a57de9530,0.4751487667904226
931a643a97f25817,0.5008251861925128
173e93f461b105ab,0.514524399360603
abbdc6a4ac4e8e73,0.4706589965450063
99a72b7ed81387f2,0.4793929391753332
93c46edf00aa4107,0.4899613119487445
852fd5677868ee9b,0.4506325743542212
bcf18cb197ac3c28,0.5736362869206736
ee12f23fb997aeb9,0.48472659283099384
87e3cd74e8cd5386,0.4744717387215355
07448e33c0c2670c,0.4618244834957079
8d1408d2c0ea28af,0.46941198592944033
fe60670397045a84,0.5260889234838504
cca54e13473685b0,0.48306073862666565
fa4f58f67859e6e9,0.5896215922478608
a8e31d499c5588da,0.5346947955140859
00ee73c90a62887e,0.5128432113577167
c1ee90789ec8d81a,0.4649584375508742
2eb063dfbb1e5aea,0.48390619992832984
fd8451c1f67dafb8,0.5242376458067705
b2a127ba752a6eec,0.5040700493281707
d8b8495a45ef1ad5,0.46778850288704477
24e8d4065a95bb1c,0.5051228230210905
2af9681e0576246c,0.5067290389018302
57c48a1f25836987,0.5062344098217405
b281e68fa247e081,0.5075985680097329
d187c3e60717eb12,0.519699615095124
710b538d38f2c4f3,0.49275961337516294
45b8880a82ba864d,0.4604013049138139
b406cf3e9895eff8,0.4882943723489548
84da137f147f64af,0.48298616235969694
8bd5253bd4a17e8c,0.48236421213999725
08392a88eda8dfe2,0.5347248016225712
93b4be04c8a0aadd,0.4720717452785943
07bbd01481cfb5df,0.4982190463936085
cefc1cf96bc7477f,0.5026307032358104
6b2bbf4d2ff12f3a,0.6217608174595175
9abbef5adea423b3,0.5654300983558576
91d673a32a2d6348,0.48303274460494217
9964724fed840d7e,0.48387870903038466
ac1e7b8c12fff21e,0.4872768680090078
1d1122f2700350ea,0.6359118045471579
ecf1ad3a7995ff3f,0.6561328944748654
7e7ca5c51e1f6a67,0.47221940029131826
756673aa8fa2a20c,0.4833805170895089
b304d2d6ca81549c,0.4772299057803291
0b57d4b9505930df,0.5880006315822633
0ceb5c1b4e4e6d1c,0.5493685042824377
ee1b23953c88984f,0.5167022134948378
5ae5f7ab3e383c9d,0.47319874567941445
949205bc055fe6e6,0.46873473639391094
81e236fa2d8793e3,0.5135269524364884
c84c453bf0421f3d,0.5113812242604978
893db1b8cd06bfd7,0.5011637913216346
284ceef3029a6c28,0.5195038109790373
e4d926dd448fe977,0.5159641306098862
9efe8528fba71332,0.49335680941812154
c757b19ff437ad52,0.4789193299700285
c99b296b06462867,0.48341604193005927
88af77dd3fdd9abe,0.5760476631979992
6796489719c61f35,0.4447521680830262
48b85c2747b7a486,0.5012470516608031
3572f4a3c1b597db,0.5095761305653485
ee8dca4f36a00ad5,0.4835013704431125
e3b7b6bd8406a82e,0.49053867323610456
b1b143adfd746c0f,0.4789628764350574
30c45f4a89a7a3b8,0.5054563763973726
306a5bd425fbf230,0.45659615330300185
eee98e56d58fdb8e,0.443803095359804
86dda451ea0714d6,0.4574240796675053
25227e9960245f3e,0.5044591713079205
e245e74457ce99e2,0.5052517831293232
f52cb5c0b17aca4a,0.4687376119391107
0490ca16f354edfd,0.5371463680850228
956429713948b429,0.5320818899259435
d7d4f9c9c003e137,0.4675397725867376
6f54151aae7a38bf,0.48717823837657215
ac93e98bdd80fa1c,0.5520209591400155
acadd1006ea5534e,0.48642069875714833
8f9f7ba2de52c5e5,0.4900307227948919
665ab896b60ace46,0.48219201628956543
160b343a7545fe91,0.48374476417871004
1914654dc1e21651,0.47840239913870297
d2816f91147381e4,0.5373416414996635
7ac2df8d247ec01d,0.5057969353700265
16d5d0d5f32bdfb7,0.4708186166775039
5b27987ac81811a3,0.5008144040440095
b4c14993ce73bee9,0.5242043034970009
b258e16f51759f32,0.508180911637316
ccc86430a881ef6f,0.5279497811545093
c527256d77431b65,0.5122963917599945
a4965da8bb289a2f,0.47314950389228705
1a1539e7b085c784,0.49847938601840036
b7f948ccc3446007,0.5149157731861684
fdbac76cca1441f3,0.4761522642743189
bc15cf5adec2fbe0,0.4870690980949285
77d384f924e7af8a,0.49367995313850943
d1a6f0cf1016891a,0.4399384573010241
08ef815ac4e7b6fa,0.5601474828592994
5a469c3166e0ed32,0.48569809516682927
422427d8168d42ba,0.4714466141656666
256fc681537eeacb,0.4661995028888798
5a693e78eec5197d,0.47595569753293965
668ff7485ea5972b,0.5335542468819787
84295a21cb4f27b3,0.4858879465818535
3ba2dd7fb983eef9,0.5890413687513906
a3e2417725bb343b,0.5474075618828403
4cadc3f8d4725252,0.5064829741096809
802d1761d235186a,0.47288755950889794
687e612b4cbc1882,0.48260878664127704
2f14015a3905b1d2,0.5194110953363877
b4b806fc9f347b20,0.5150537700954018
c99a2781bddeb01a,0.4665304568330787
dcae42b71dfb415d,0.49939683136335256
4221a7f919f28179,0.5091136943796133
120e50067f287653,0.5007721669800356
9a982e12f0df42fb,0.5120310426385357
54f2f300e38a21e9,0.5263896408947794
245e513f27eb4fc5,0.4979585918342524
b3498ce3bdc8c5ec,0.45328551148547636
b8e1360adaec4e20,0.4861931099676018
5c16bdc24bce1df8,0.4878715679162151
882a26417e5cf786,0.4861399192945397
1f6ef2bf6779e42a,0.5367117849222065
b8b9441456c5599f,0.48117006344088853
413cb9ce01fd69d5,0.48607984173036434
25dccb1ea1c2d40d,0.5066984679912415
4528c853fbb69d29,0.6147466847148686
9ac5b61fa686119d,0.5565727722478719
83dbbd7178278850,0.48729860439985717
fccbcc3318343884,0.4864079817584266
d9e775d617fd3bf2,0.49043810244815766
e14491a82708b631,0.6411302908443988
d556555d35fbf95d,0.6589156696451591
4b13836849052727,0.47236124775859833
03bd31e5aa6a3d3e,0.4854468854687939
d92e33680f8ad31d,0.4781790084034522
68ec26bc89b090a2,0.5839066536424958
6f1d3ed7f4542bd2,0.5633805011167489
780d50dcd83b60fe,0.5137154305530758
5dcfd4d7b124612b,0.4689821097303135
3685712630434808,0.47049980351008136
6745cae87146fee4,0.5149467183965017
cc8492d11574dbaf,0.5119291066163614
565ffc97e42cc503,0.5002147538126455
0d57730f4f221176,0.5170255690440393
d7cce8e51de1b4de,0.5124760376910711
8b3996d7855b61c1,0.4922407632981971
d781cf68496ed887,0.4801882584453526
2f1f812820d38e2e,0.4796810179806905
929f2eaf218dd60b,0.5858541124890044
4c615b945501d555,0.4470311170439045
d5cb8163edff2957,0.4962519012136515
c03fd20c91cbf6ae,0.5099654564098556
ab4f081dacce438e,0.487103462622024
bbdfa949a77a1380,0.4857106237016616
0b7a0766903fce08,0.47667758732218135
6f9938b6496e03a2,0.5086011032347084
51ec70282c97067d,0.46579082766547275
88cd4adf7968b485,0.43264924502667435
74cb5c08e2a31f0e,0.452733432102043
f863465da478fb0d,0.5055510543203453
cc5c5552e9e9ffbc,0.5131971584554541
1f701abac9040de1,0.4635944330442413
8a664e855ff90b0c,0.5458176621896607
d5cac178a38c6207,0.527249184648326
70b631115a9c5bba,0.46414233347176825
5cf2320966383c86,0.4846563375676337
f63e354d4dd1931a,0.5492479568219657
2f11255b4c4985f7,0.4970228811188506
adc880d6eb7045f4,0.4916006520615619
7bc88ed38a977ad4,0.48304379450971546
02d4b44c779eb8dd,0.48078105895200685
9747f2adb025af24,0.47600982291400074
8e0634129143ea72,0.5342397666376683
e435ee46f0e69ac3,0.5038759871912661
8cc43bd31fd854f9,0.4679740353414428
7ac8e68cc34ff044,0.5120477022363119
cc17dc3bdc2aec12,0.5267810212007135
6adce12264f4cad6,0.4968686898578517
da181d93b52bcea6,0.5283473280148387
e61f510f1fbd2100,0.5074641874822574
acada8aca84192bd,0.4682083207648714
0ed19fa65a3d0964,0.5044891732764529
b385bec9456aea4d,0.5169760750251622
72029b481d373cba,0.4756212667603489
c829d77e204b8572,0.48282813410987946
3ab775a9de13d5e4,0.4966796279142548
afb30c427d5bb93c,0.44150877284838974
8440fecae9e2da49,0.5601159093276298
7c0c2cb806cbe7f7,0.47725307231966363
8e8ef4e64e2bd779,0.46802067724901286
6406adfe00a8a3d4,0.464713260402458
d522faac31c6f100,0.4742146517864144
d2ff1b7bef5613fd,0.5246742568051708
ca465914da66c96d,0.48677214263451574
555c69a5a966bb1b,0.5980429377853641
77d0fd5b936144bf,0.5531417328226527
8fb2812137277581,0.5091795914381186
c8299d44052a96e5,0.47076960086278974
3fd572cbf5a87907,0.48790439644458616
061668dca0eb867f,0.5181450470082423
116669396eeac2c1,0.5014618813410806
91137b777a4192fe,0.4700952397312501
7ac0aa7dccc47e2f,0.49515236218494296
44729448a88c2aac,0.5051022226614912
3afa3c4830d2b398,0.5021699023832442
ecd20265679a2c80,0.5030384867577636
95e6ff5be8747d36,0.519709060243098
d3d493ef9402c527,0.501664073039258
9eee57a6e3269c15,0.4504049568026611
8d155d667cfbd346,0.48291459631033784
da6422904cabedaf,0.48666198298688146
d2c19d941f231b68,0.4847039481586014
e13edbde775adb43,0.5311999104421437
16b39c4709f1f925,0.48207895890959607
0ee974423c2ba68d,0.4918199262289735
d88dc632a8dbca18,0.5094408643938826
2205d59cf35a37c9,0.6046960940643036
dcd31d4beb88c9bb,0.5535518629194447
799e31432974dc6c,0.491376944422949
027dbbda58e76792,0.49103328616263053
1f64a1c3109374d8,0.4883278483052518
45f1b78f2b9cd898,0.644362150338007
f62e8c05b08a9fe2,0.6688212643797073
ed734e29e5cad4a0,0.4724041861100132
20faf8cf5eb3f7e0,0.47863488537386933
cded91672bef9c82,0.4685488946188445
6c83fe66b1eb5be1,0.5933694744767749
f2d76111a42b7d93,0.572374971923262
fc236c8ac37e41c9,0.5191805810439933
024a37b7c7ea58e4,0.4667270146239021
779c2a021e9d0aab,0.47196315396965505
ddd9d2b21096f7c9,0.5215888221386051
61125ff378048e31,0.5054358846845587
ac5efc354198ca63,0.5011466455818906
d6a03def6f88acf3,0.5123052396097929
4b8ca923310b6d52,0.5162733653073496
6a29849918ba902d,0.48854989632598744
840209bb6b1e7d5a,0.4744652129203384
235ba6e8423a034f,0.47841460737666885
f5a2c737c1045b76,0.5788829989743638
46b2e10f1bc94b98,0.4440629792934756
e0f4a30dc80e1943,0.5041044490742064
5928eba0e200abea,0.5111902902812938
d490bf5e0640e7da,0.4928136035991184
daeb1b56badbc138,0.49407446697139235
31223d2d8d48a8ae,0.486021293572504
88bec66ba8cf89f7,0.5092465471389537
5c11e6cf17c7cd82,0.4672991701973508
075022509e99c967,0.4374596512749175
92478fba98d0687a,0.45841728952775407
f2d7e09cf7f7ba6f,0.5125187207344791
ca2511671803f0cc,0.5135821584953121
67354685309caabd,0.46198802266625405
49de78b0945c17e7,0.5382347620210345
fe16f87512609cb2,0.52539439265369
a88f1b9a9dc5dd1f,0.46991552694541916
93d3f60e6a04c239,0.49310276359879124
1b5f60a83f929e86,0.5502295043121705
e0ec960493f5be56,0.4962819970618143
0eecd84cfc607ce1,0.4922719716505183
f6e5db3c67467012,0.4786366072932805
ce0342bb39106d84,0.4877113348855444
ff36c7f91d38156d,0.4641807637598644
05b6f76935251799,0.5473928317880771
978d9b24ba0c2cfa,0.5097227036906476
efe639f3933ad82d,0.47108851409539565
a6f6467003d617a9,0.5049406935780265
3ef08cf5e92adcbc,0.5185590288059503
c5018bb7d7d24102,0.5076393772418966
cd0820b8b574c95f,0.5379981813967519
7d7b397c1f7ca3ff,0.5153536423488956
e283932bfd49727f,0.4684254487206656
e448e51699198f81,0.5061373765773419
9fab82b5ef5bb3ac,0.5239243573300789
a4a0dfa9e75b08c9,0.4737706447794149
2569d360b3a38f44,0.48017064174810953
f92856ccae9292af,0.5022716300179373
782e0a3ee4089f1b,0.4457753141306515
29061f0e71996eef,0.5581818276386158
c07055a88a0930f4,0.4786625986999664
91c8df672f0a93fb,0.465146699065345
287ed9d641be7387,0.46606347418486627
9ff685fcf7c32709,0.47198208276577613
2d0072bd5e1fad0c,0.518751812278674
dcf1462f3b94211a,0.4864308627131628
9d73307eee4bef92,0.5941830541465749
b143031909853e18,0.5616393342294062
a2f0b61e86ebf088,0.5103281124679365
2eaca208817970c8,0.4699650474459576
77ac479f620e5957,0.48220991810443947
03fa05b8fc4a3b90,0.5185213524294681
06ea11bbbc5d1b4b,0.505084271618249
72cb1009ccabdfb8,0.47213186007431807
24b3d909311f9823,0.4975056398750479
c7b83be61f28dbaf,0.503371522853475
3abe3e8b45e1178c,0.5107057403732567
096ba568c83fb9c1,0.5063287057240934
203a5e383d7593a8,0.5095611567296405
8659b70f592c87da,0.49717107683770656
37addacbf6266a89,0.45291997724237865
19ca91448803a9f8,0.47858254110982723
0bccc47355be8a34,0.4906102753136481
d21ff500a70a9002,0.47964075835193265
004facab248ce2bc,0.5214717603240915
0d976463a91d2406,0.49652781514847844
51d016f0c9d868c8,0.5077720164773222
cb81a4a243483583,0.5063124596694515
866d6e8b79c55dbc,0.6022902298702965
e698ad571681699d,0.547477214628108
c50d328b773fa301,0.48250340125870717
02660a88a799358d,0.4870784415218985
23e3d5c2c46e7ea8,0.48360485302059775
c46897ec31ad8518,0.6493316726673543
81b976e448ee9636,0.6709609302141992
11fa1ad81e1ba49e,0.46738227375406516
a6a3bf6fa6163ed0,0.4790681235830343
9df78640964a9ca1,0.46875754854308727
191ce0856e2ab8cb,0.6072515134154355
d6833c2901015476,0.5756074093310615
21b2825d3aaae4df,0.5097189196350043
1becebe9c278420a,0.4598992340971648
5790e65ffbe9244e,0.47006008351205486
c2d4ebd6bb7b4f6c,0.5273435936251194
6f2e039c380a38d4,0.5011846987977739
8c2845b0f0bc0c5b,0.4922574276514944
2a10d1932a26058e,0.5123603965524639
4c0903f5ab86e784,0.5178278421823417
5a8c250afc18c30d,0.4919898891823453
7613f018de907d6a,0.4752977579962868
4cee29867a3a238a,0.47571502965266577
b4d84cffc003653b,0.5894546438424675
9ee10571fd40adee,0.47878936930657245
dc61f9a409790d36,0.5050973454065439
75103acc3d4d84a3,0.5217854835446709
1817e654a3d00532,0.49593447913404787
6e16badc454209a2,0.4982888207432279
68b08f3855c14b0c,0.4764532641215007
e533c9b8c512efe3,0.5015931644448117
a10dec97b3564012,0.46430099791585033
d75e173f015d78a9,0.4447974385101472
7636d6cfb8fe5bbc,0.4582169294529169
2cb9fdd1c3ea6279,0.5103295751656121
26bc290938225d2a,0.51767699932607
0407f6af6b2df085,0.4678454460398149
6304537928b3332f,0.5461936615169443
d060b1262955debf,0.5357213396636358
e3131194366e4946,0.4841147038028395
adb06966f2a77421,0.4986396707027426
9ecd7c4319899ccb,0.5503095517690914
660c4661fc8beb32,0.48327814337156905
1f4eb43a2ad22528,0.49703824920105877
45ae2691430a1a53,0.47882576351214334
a6e6093758d0eaea,0.4880533380677431
c21c858c846b4f68,0.46635354736231527
4b96836433fb6ccf,0.5326420383747084
1952e3fea005f65e,0.5074280892078259
37a7e4bc2f98e957,0.4719936448637343
c0c1d209e2577f6e,0.49793829701847625
13351d9337e1a9a4,0.515947094321659
0af0107bb53b0690,0.5165417199344907
d86834ed9d848acd,0.5248550753952106
59f10e4d7976d6a3,0.5044235439220445
eab337eac5796a9b,0.4833543086104186
883a1abe16e1e926,0.5008824381828714
0454b328b0dd02ae,0.5153841727117409
e3d5a40af1ca630e,0.4786910229416801
9cfb12bc12638446,0.4707409006438421
3baac9f481333d92,0.49591304599180475
2c10002688eb2499,0.4409522120025102
92ccb579cf9f8a35,0.5522089260068668
28648027dd8f2c9a,0.4778882785504994
2ecd0500ac5812a0,0.4636000197119743
a50f501aa645ac68,0.4577486762612244
f95d2dc3088ae23e,0.4662518749287349
a051077c2cf93bfc,0.5109469343184277
e5a74229e7fa7b5b,0.4947543801178005
765d475198ad7f43,0.5865142127140207
107ae8a8d3391c05,0.5590687586415077
91bcc5d55493dcb0,0.49924286032517995
fc8343cc972081b2,0.4667894395972403
ac29ea889e947670,0.4831100865757324
961ec861e1576a3e,0.5258703245141296
8a162a0196d08cd1,0.5067077094824612
230bbadf4dd1002b,0.4779264224791615
b960d8c10b20d30b,0.49596132919987923
135765abd5ca7aad,0.5116155360806024
ac838703a9279745,0.4946880044993154
4748c44c0c545612,0.5022197739228611
7a516151bce38c07,0.5084104664019615
3a4db212d20d3acd,0.5013145808725792
372674dc2ddb7410,0.46163102798546496
3ded8a0766971c68,0.4928260029451945
9f1a64be4117ab48,0.4937766077242398
78201cce3e86f70d,0.48340000862134613
58dd9c13536b64ff,0.5510725246152407
12348f79f3e47412,0.49399704257663535
d5ef29f3c56754bc,0.4894912543051875
1a7a1823308ce1b1,0.5141795742478281
50bc4a1170a195b5,0.5950095907220355
a0a5dd9ad99adbc0,0.5545545121624722
924add370e5245fc,0.48578121947560815
3af001f24d680276,0.48462649108684375
b370ac8b3eefc826,0.47868571601299037
263ea731010452b8,0.6551848868141812
41541669c549f34a,0.6707243500841423
ae34fcd1d81fda8b,0.4613895174624769
97dacb9ff830b60e,0.47451867231199285
d6db17b0d6b1aae4,0.4695107998018906
84433de0592419e1,0.5845550880637117
639c490b9a2660d1,0.5765127810019107
564e2252ae5372c2,0.5164448341186586
c77ebbef56a95a75,0.4525644647680195
bba58f3607b91500,0.48039035566536936
bdf518e40fd1f85e,0.501225677295343
dba77f8188ab5df8,0.4996199549515822
f1ad2043e0f81665,0.488313264025086
86fba8725e2780bf,0.5038397488712458
a14bdcb26092b5d1,0.5143517678878844
78bfbd4d6a455ea4,0.4891442230872972
f17244335336796e,0.47537744674287485
6e2992b85b169dca,0.4931446140002149
359f85a8e94000ff,0.5739604031657028
68869e2b695a6b3b,0.47318572955474436
4bd91f8c2888be29,0.5050830561909492
9bc6ea46423be832,0.5184362201076201
01e2bee57f90f94d,0.49260723476639323
9a1f6a538d37908f,0.5037720423201553
6903e5e7602121a0,0.46023535674396676
3d588244212dc921,0.4958391487955567
0f3aa71f87dd0cad,0.45864945349331887
82592b283fad08d3,0.4519221483746567
a98864554b6e885f,0.46164185669262836
c22227bf1fdb4ee9,0.5045185714625964
f75c118977b4e47e,0.5146855923898835
f276ae0ee3e6ce41,0.4694638451010398
bce40c2158fa64aa,0.5461295509203724
e6ccf651dd06a3b4,0.5386767406280466
8568b37e6781738b,0.47512525188880983
6d7a9d27dd36fe2b,0.5000710672192886
8617091ece40f2a0,0.5549727945471928
60331dcaa5ffd124,0.48941719503300385
56ed647a5092efe5,0.5024446257211699
c2ad404e046235c8,0.48020672124098773
4d6040ad486a66ed,0.4877606541619056
24b5c09461496ca1,0.47763648512120893
5b948c3657361798,0.5285665688613048
4f5b5b11d90dc22a,0.5134973518613087
166318665c68f3d3,0.46809112700520283
a131f3c0d3df30ad,0.4968928971090881
e65251c4711c8434,0.5170874299273043
28537ddaf7986058,0.5194178003705685
e5c94b32efb014e7,0.5364487991495476
1f98234999ebedea,0.5023959528866655
40275c3d3627c114,0.48382837590455985
f90b468a402caeb0,0.5031443148262289
0683a85d987264fa,0.5117491428541044
e04d5fe4440fee0f,0.47952813057090815
e2fdd59211f52216,0.4667425526510043
5ef662920c6e97fe,0.4982902002442158
f81096a82a0165b4,0.4405527550685532
4ac7542f08ebbe51,0.5490798848958331
b8522862d6503bcc,0.48107445850647945
b3992edf69e4636f,0.47805200286377003
a28915c22df53c06,0.46507408312630927
d9f218a7de6af138,0.4714618559928141
044bb478afb51579,0.5148376474198689
09b62580e90f3f04,0.4888185424957251
9453082f34189220,0.5931902490633
a72eb0bf4225a3fa,0.5573440530887996
fe0af54d23c7849d,0.4949675605217402
81affe6d49d89e84,0.4691492112794511
e6234f49b47e1e60,0.4849124721542766
ae7e881c5f673630,0.5289680997526666
88249f576528360f,0.501986556527551
1dbf9d27afca5ab9,0.4684582512253158
247bbe8920cd3471,0.5009814785191631
5795f638bf7ec635,0.4913342348102423
f8d268c5670520b4,0.4907348687930084
2f36d1343d0566dd,0.48788989914397896
635b3fb23b5692cd,0.49502131386503434
d91189256a98580d,0.4928212736081905
93ee351f8bc92230,0.47782960128071217
654b7a4e9032b26e,0.48186420526290485
14ef71fe91f99c8e,0.49381843142612314
1298ff2214466bcc,0.47283409104808194
df1aa29091c5e555,0.5437760765453377
2fa7f4ed0fe39b49,0.4867999660014608
f64fc76825de5749,0.5132851064796081
81c27eae39d1c6f7,0.522408669195215
df7578a637f7fbc3,0.5939754105410129
82594382400ded5e,0.5696934928143844
b185b7cdb76447e9,0.47167271482215023
059f530b1d9af146,0.49092666906141924
0fc9e9a006ab3a8c,0.4730286432203876
d34b526b0e9c0e00,0.6626187903863044
c79565f13f6e6d4e,0.6752056420567911
8eb441fe28de9fd8,0.4747004705896545
018f350509387d3b,0.47898603995664646
262c919644e1dc28,0.47615167251553425
8c63cdbd7902c0e1,0.5866551510519786
97bb31260769955e,0.5830892350323141
ebcb1341642bcffc,0.5067822552162542
1e74b279c0950ea6,0.461120041840378
99f7faa223f77f69,0.4634769722749317
02d098e0815c74bc,0.514955781299752
6065775e086bd0f5,0.5072763403745963
3d4bc71836a230ee,0.5071446168692193
623f062ce8ff516f,0.5199539306722358
9232318c36c43d4e,0.5148156476272615
51f6f9f6a15e35fe,0.5008375949177702
6f5b571e49c6f02c,0.4788330515168978
0fbb42eaacf97a89,0.47961235291010573
578a7a2964b38200,0.5821379877517139
826f3e943fe84588,0.4638859377903166
d2027307297fb72a,0.5011732329479217
1cc86913a3b4acd1,0.5111189789484203
ade19472e925a14b,0.4837534913516198
1eb0da81fcf1410b,0.5080566045377223
d601d7aed0c64266,0.4697581509374713
533c04259ce4b453,0.49337550280680964
3efc051030846560,0.45319762135038255
2a48bb944bc5e941,0.45114154600992573
b9849867bf1effa2,0.4689132444137958
832fa70b57c08ecc,0.507760395388468
75a294f9f6ec6d80,0.5040076477346933
94377a3859be21e9,0.4753415909129399
9155db7c9326e967,0.5339823460699841
8337fc5daedb24f8,0.5561425967951843
f51324c722d015cb,0.47741679177201934
217aa252bd63f5d8,0.49994979816899143
ff24a0ed1428b7f5,0.5426172926139994
f75ac96c81dc9771,0.49076232516150275
340113dd77a064be,0.5049381456753249
ece9fdd745d82978,0.4796796761079789
289f40fe3ef7bc2e,0.483720626893408
6777651e00f9da85,0.4591065092234192
74415f04bf258d02,0.541332328319749
4e0b4812e3a1fbe0,0.5097854578276568
50f3169a34fe4fd4,0.4712638475407729
017774a401923ca5,0.5023609870102123
ca145d2cb647ae26,0.5128588838346374
57250f6278a2934f,0.51581263674822
74e1ec19d4887aa9,0.5286689468328741
0388235cf1a401b9,0.5010104884663367
22c35066669781d0,0.4951450747963214
b981f1a2f65a143e,0.49798618703777875
ca9af3464e71a16d,0.5128749767025159
e676b57ed12723f5,0.49969099659691063
b1461aeb3f60c1a5,0.48632929397706093
4db5e75453c38a6a,0.4859113035230598
fe8d77f6351779d8,0.43019889393906974
e2c1e9c999db22c0,0.5544325773576839
f170af118575aff6,0.4806353553532834
19c3eea20163b876,0.4754007126560418
9182ab9667007574,0.470649838761123
d36b8bd2a36de083,0.4775022518139098
e43c1e5c9f39f913,0.5177006290180528
e2be40d98321cbcc,0.4970363231632722
7a5cdae7de552dc0,0.5994126101275766
d7dfa0edf4ef1a61,0.5175717195121012
c846de491ceff7df,0.49477130787719426
6d6a4e7e9556e4e3,0.45958552580887524
614dab257945193d,0.48216583282424275
75e6da1524f0c5d6,0.5284607972897325
6f4cc8a99b15a514,0.5084874874889831
016620bb079eae57,0.4688168246284894
f916e8056007584d,0.4988757716528891
14c311d02f2cb50c,0.48597179868477947
6cb372bb495d3b6e,0.49666016548248526
58623ef1a5add565,0.48738560735609326
4b1e723a72cd79a0,0.4976596522802246
744e5ee4d1b367b9,0.49578224123491155
970e30c4837d2b55,0.47391167978739945
e814ec6f03b94264,0.48571096665639824
796e8e85cd6df11f,0.4908208853351427
4b0e430a3bd3d554,0.47330363260297337
114b3f3453c5e6b8,0.5400259193674622
9e1952b6e735778c,0.47587614380418564
142730f750c64cef,0.5084052516169685
996c6b406c2c3227,0.5206436353046557
1bbe3bf284e5ce5e,0.6266850767468997
6b62a15a690fa672,0.5727738494727553
d78c4e5fbebfb2ff,0.47683777751539047
c444ad04bea175c5,0.4932729270386935
94ed76a8e31f95b8,0.4797873878322001
5a000459e49d448c,0.6491504436596293
2149187e968c5ca3,0.6784085739881357
29bd7f98a29be3be,0.4760173437918501
eb59c2814cef6a28,0.47467904272797257
2668da004b041a40,0.4779783048261732
413e6e1d4afa171b,0.5932033091922622
d52d4a7fb15e53f3,0.5853406548762754
b93534675424fda3,0.5102162151253291
fe1664655c72c72e,0.46283103060565267
4a776fce664c045c,0.46333492650439045
a3f13c680e3b392d,0.5082224767134085
1678b99ce311d49d,0.5126258580348148
9c6113b14b6724de,0.5038397681320614
abdfd79c4866bdcf,0.5187061564586057
8eb8fd90f753a16f,0.5123730834052567
b820f0960fec9d62,0.5111034066974127
7686d311837b435a,0.4750882406055492
7d36c4c51a8055e4,0.4816964300303359
c875619ae72ed6bf,0.5824660188711447
bf3dcff7db967766,0.458340418867513
2cfeabb2214d1e9d,0.4977553080819229
fbe08654bf41ad5e,0.5210906267320341
9ff92cb577babb39,0.4989032958080317
7a8ed71acb2fd954,0.49724012386378713
3c1898eb0f488b25,0.47158157132897094
234f2acd4e765c14,0.4924775890018138
fc1f5624a1d79074,0.4541360469887775
786e89b554798431,0.4505341455624763
2e47ccee61cb1c9f,0.4682340407372989
623cd35774f38db3,0.5053713440942782
5b72ae5b88addd51,0.5014923956398296
eed1168fd41089e9,0.4731578127031002
07204bf5cb676678,0.5404694116374288
21ca98d1d643eab4,0.5525996515998824
faf318051bb10f65,0.4812582940494503
008500208c6c5d9c,0.5026668851896561
ad2f3a11ad9a9c8f,0.5073358941637961
21384b21c5c17109,0.4978320802661915
7e9c2ae96f852d9c,0.5149876033814128
7c55095c5bb7ee5f,0.4869113604212858
0bc94010cb90c098,0.48175377209943093
cc471428d231ec21,0.4531390392449215
d39cc5f93fd122fd,0.5381762663010851
8df5b8076e1e67c2,0.5065539511792584
a5fa7baea4116ac3,0.4814575138786692
b691cbab8d1a2971,0.49759333360618196
30fe5a82f87cc9e2,0.5119460757431865
ee33662eeee9377f,0.5159279527589928
9f633bf3f3704c1f,0.5239582840284696
cff96863147a81ad,0.5037366563467092
73f83aa6731d0c45,0.4909698467538963
84c513403239bffa,0.497247958452951
76880b28ebd6d373,0.5127324722245109
f338e04844aabfc6,0.49902162541693684
04f7614bace56c75,0.5006027604198222
d6d9dbd39332dd31,0.4815525226273605
b4ef115a71bee6bf,0.4278755894503412
ec433ab9ff6be0dd,0.5629463773974598
989d2bbf6386a386,0.4785993581526955
a57d5ac888528187,0.4719909742097983
a430af4e530a0d95,0.46334374392435973
49cf9c8f8d05f169,0.4830368622038843
40feccd8d90bb7db,0.5169584763819421
f82d27c0f001ef58,0.49204166886766276
b0bd93e22489ac26,0.5987401835800692
a1682251865a23e4,0.5176138443965409
0548a5c76a25fc10,0.4912931684295254
124145d4ab9d1c8b,0.46147159068205534
848543df00db5561,0.48613168138840224
50bc1aea9289bc40,0.5218533187866441
7e507da0be0c983c,0.5076882855153033
1455a2b6309c7143,0.4723367116682269
050cef55511d688e,0.49604091466473954
108501794e63d2e9,0.49278081545738317
e049b35a165bdff6,0.49555317154734424
bde083aff54edd25,0.4962078576183282
46a8c232b5a3545b,0.49812441610433766
35f6dbf5300ec5c1,0.48935409384603945
4030f8c412a55b38,0.4696908495969059
495e0da53d9ad240,0.48704751129145163
d3ce560001d0e91d,0.49202745248758384
2e6e61324a528a8b,0.47748044005065693
adb5023d0c60d467,0.5354716145744867
590857576f44c28b,0.4890791647970991
d10e880cb9b53582,0.5063912634890991
2f90ec08e5212b6a,0.5248390600287322
d280db56d1396a96,0.6326570668131196
7dc5d85956d063b6,0.5618524219937937
a033cf8b2270d815,0.48209964306618946
aac6a8e0792b6010,0.4959109858222269
08c1a84e1edb8f10,0.46988240967867356
8ac9bd89e4db6b4d,0.6442206738788071
08de0fe0e017ff40,0.6859173305996601
f1ef53f02458ddbd,0.47242268467721615
5700f13489ba9975,0.4790299754145999
463b5b4b4a91993b,0.46778389406823984
48c044db791e79a2,0.6047833019507971
131b96bbe1c565b3,0.5868387450678098
3abc287f9c380f7d,0.5091845356555947
229ad820de7d3760,0.4582149440607297
946c4fa806f25f15,0.4564410345243328
1b762ae4a9e73393,0.5040922449695906
d351a118bc787391,0.5112466499382141
fd0a76404924f8cc,0.502867306673582
5e99f6f13f50b03b,0.5121888104825891
c9474c3f49441ed7,0.5056315032240877
55e2bd9bb515d5c5,0.5109634575966964
281e7ea77449bbe8,0.479263101459939
741b41eb14c5228b,0.4801318345540464
7cfa28bc8554a4d9,0.5910738268706521
32cf924507a46098,0.4597359708675546
120309ba6fb1c5d4,0.5049240301906093
491899740acf26cf,0.5223768228220718
4ad3e39f357b5430,0.49508675393559143
3b57f11d69d0a676,0.5003691095553546
9c6bb3e8d10f2131,0.47094318683290504
907954d6da11f346,0.5027214404494333
fae5df0aa4666569,0.4538076974632179
0ef675c8765e9c68,0.45868389474759996
11e793313c54ce11,0.4621313942105427
f97512efd601297f,0.504638557464959
3db0f8f5a33a092d,0.4966600094324688
1a273bed94c556fa,0.47632855089839266
23d812e4a2f35aa5,0.5378230592044002
406ffc709b73f326,0.5506184097165459
7fdbfe8e9bd5e65c,0.481966240468819
9bfb159390b78026,0.4810792802128039
ccf2a300cbfa5b00,0.5186888150122766
4bbb0089d9af683c,0.49972991438708214
843901c727514f81,0.5103012773825675
1313e40abf21a342,0.48034542809606784
68ea863bd1174e1e,0.4832084033353733
1b3efa2976326fd1,0.46474573235636485
e7d00bf05a75945b,0.5374593738252702
1df98c7a523b06ff,0.5016488587140953
3a2e48ee661a7b00,0.47969115274369734
67230bd2d2d208b4,0.4993549727745421
6db9e517931aa7da,0.5093194472554945
9aa72b2accf52bbf,0.5155774363377261
bd7df637eaaea150,0.5244983615246139
87f1a584a24250e4,0.4987861859042553
a3bfd3568c467ed6,0.49749359093446777
e6881ea314a96869,0.49572694851447274
4191e3504079d56c,0.519694211823163
7ab3b65addafaef5,0.5045368140054434
1f934635270702e5,0.49494883241215093
c53691f9f6b21b2d,0.4882090053130461
f85f91de1817bf7a,0.4287166449050477
bd3ca4f7c6b602d7,0.5784963327189236
0ab2b459a8120c1f,0.47575539480051665
90158b805e87ac2a,0.46956219508364583
3afa00dda1e7917c,0.46653812575237696
16bd2d55f1f4cd88,0.484438953419812
9901b221687c8c46,0.5185994697146978
19bd0a36348b1278,0.4901854982028493
9087868165756002,0.5922866114791893
51c23b5d987fb516,0.5336634153689892
f202928f3989ebc1,0.4952144881540851
9d8c4f9cdfb3dceb,0.457368971245266
674212766c122329,0.489793771840624
5a94fcd21f01a573,0.5196815681723786
b55537f2673245af,0.5066511403638587
e4c438ea803c8ae7,0.4723639116888272
0e94eb47f27f77b7,0.49243213157307086
69bc391b7a5e37d2,0.4906334742969273
80935ae6c7793df8,0.4982168404910734
68c37a22c9b3c7ac,0.49652913722444736
4b75e41535a019b3,0.49598427658832756
76c524cde5480c75,0.5057042581836084
d51178d9fec971d1,0.45933679453973597
fb6c5574802b341f,0.4908637569065454
44eb7d1ab19c2dcf,0.5050054243367537
bc282fccfde6cd3b,0.47482838831582574
a043c1e7f73efd88,0.5269482821748876
4c465227c0077c01,0.49432512556690744
41c5046126ab1ae2,0.530082680581345
b6230026a8faf910,0.5311795162634404
44b0f2fcd1b7a9b3,0.6220233889139383
692f8dc2cdce2cff,0.5722093758069282
d2fffa36619623e7,0.48550337430148705
f636daff124323ac,0.49982170598868103
ec94ad9ec2d128bb,0.47348492519498997
172bbeab209a6851,0.6333929503818234
9558accc75f05603,0.6518169038070106
f01ee0aaa3904202,0.46820433860201716
e2270b786eed04ca,0.4752281898467947
5c883aa441f70325,0.47762665914910074
a6f67afbade17680,0.6231831158564325
a15351745106d1c3,0.5795736911077789
10157c2775d6aee0,0.5090256337356094
4fde7068e50aaa48,0.45574773401821855
6093074a29257772,0.4630165049286554
ebd488c9c095be1f,0.5209059924794073
fd881b8e477b3dc2,0.5031976675243233
bc410a12cc117441,0.502718425040492
97794d563dae6c45,0.513282424644563
da38938b2e333c11,0.5099911664842007
62c029d46d5d4b2e,0.4993800483503176
ebb6bdb4cb64232b,0.48275738630262754
7118e911f76074dc,0.4725127502261013
eaa5f9e0b76dac2e,0.5879518992400224
94a0e3a8228db64a,0.46220792673394007
75f110a31208922c,0.5093935187313573
7f53d3472263a50a,0.51123499741402
250589dd25c5fe7b,0.4903913519096277
bee9097b1b3ed530,0.5010285056317891
b30f6cf2543bdc23,0.46641110716724454
6fd3a2df26b4020e,0.5099071773328108
b0f95eb2aa01b5cc,0.45975088500729977
a4ddf0fa8dc8370c,0.45254948614673074
b37c7e92f7e68420,0.46565824701037917
864ce1d2f6ad36d1,0.5086181614755092
3aed0c83605e0943,0.5013183250020422
4eb58ad2cd883a53,0.4723045400767977
1ee2e35d1697ca99,0.5470521583029209
dee5f5eab5a3c8af,0.5532451895291239
fe2892a585cac830,0.4743643524945036
5c5abdebe461adc7,0.48584994413689186
1aea717e03046ec6,0.4978172166913557
777fc6eaed211caa,0.4941433565740725
8bb67b564f651e6c,0.5107360894186983
d68fa16288664b31,0.484783325822151
dfa74b0236afcf17,0.48712337913890424
04fd342627d4cd48,0.4673310729922866
402322b802a0fa2f,0.5473193512712073
074e570ece96c759,0.5047010029415143
57d72534af381087,0.4746060885461665
7e02994436bbefc5,0.4985181326262943
9d5d2d3f211cc2c3,0.509342681362706
16c080571d2bd280,0.5290838213676186
3a31baa81b976827,0.5157221909678573
bfc865cdaebdf817,0.5040405514714953
73da7c40e4e2b9b6,0.48608269197979115
feb8ce8fa17b987f,0.4953932511168616
aa20884cb18c5f44,0.5023752939633026
2b828209ec5eea74,0.5002639015803463
241f7d739a0e3eef,0.487221878350401
999e7761b5ef6c06,0.48541495260222267
ec40c5b47ad9df2e,0.43301134544813336
0afd1b40fefa4134,0.5851473982191564
3d9a56ba84424a3f,0.46742055715309316
e1d22852150c0338,0.46558721897755495
c85f17a909f7de58,0.45601610093388845
868652625710e559,0.4711442853963206
e7bfc663e1f94297,0.5162164687392792
ab45b2ff4a7e1eee,0.47893643886080817
15fcabc2dc7eeeb3,0.6010475684000858
a61066aa03d7ca7a,0.5240681514398278
13260d3f9b10cac2,0.49745440838920296
f39cfe4f90417f36,0.4501457932998518
0a9a982971361e7b,0.4869967706777327
9653e12dbbe18a0f,0.5123261780264944
767c65fb216478ac,0.49834595861294384
809e052804bd3e7e,0.47091836352176086
842a5b27ac44f14f,0.49489991976485426
9db19a3426d37e71,0.4882903942783978
a48f15d52f14b1c4,0.4907967555263453
d27e3dd0e46fa1d6,0.5090317498093642
43f41be3b6f62471,0.49199802735617115
c0645e3997e8dc85,0.5023857069422071
d2694b86ce320b93,0.4663975654260235
7b932b9fb13a6d57,0.4980462796674133
1ad711a7896ff2d2,0.5032219014085222
768fa25d88801679,0.4740573383311464
b152f03087554679,0.5350445552146731
25accd58e5f04f12,0.4732076245265695
d4d9f982931de670,0.5175687313674396
12351122908b8020,0.5262272451842108
03167aa45a284d42,0.6133175118311821
f6bcaee2bb63fc5f,0.5773821685166544
22da5423c41724e5,0.4792806467583275
45a35e80a5226973,0.5032500613785318
11cf181f54b76e21,0.4782433779188475
aaa9e0ef8f73d976,0.6322971210498798
98e03eedf66edf12,0.6770551378453016
81cdb6f1975909a9,0.4625000280768252
ffa2daca248aaee9,0.468021805711753
b6077f5bfb94bbfd,0.4709815290376508
e0a4f5541f26f55c,0.6128373949664971
3d5412143fc45ade,0.5721687143432246
6722ae6a3b6a92fd,0.5019037742162324
0f4d65757ab9a802,0.4576554415663281
2bdb4977d3d212b5,0.4632985741002378
78840938fe815597,0.5030979732929066
6dfc36eed868b6b7,0.513415378094071
6550236fb651a47e,0.5016345406689938
d16db0693516c890,0.5136981434768315
e6ae260491e8f06e,0.5105714947135293
e9b59727347c1fca,0.5020370446948779
3da918d521fe2f90,0.47323881617621244
9fb06113ebf926a7,0.4800333020890488
0038419af89eb523,0.583160840854292
4d34efd24512162d,0.4540730031493818
d9c197fb44421844,0.5166132899041089
5231a639b52d06a5,0.5155168025375003
bdf686abd61df8d5,0.4963339120604301
22f4f494541ba3a9,0.5059556707534196
5be8ab94bba43593,0.46111553224699153
dc5457643d8d08e7,0.5017037962209646
10454f7fda60513d,0.45641993118371715
6919927085f9d9dd,0.4446484880926105
0418d319d0847ca5,0.46866023112819655
a20f9e06988fb33b,0.5105075891689276
0831e3c2afdf0cef,0.49545613353424756
fa865e62b395d406,0.47344626125442757
83e02e0542cf97f4,0.5289663819126234
6f6666d4f89df99e,0.5448011964428979
c4397f2fcd3b3d95,0.47539836607595376
81dda320fa1dc74b,0.49001758493806613
942b07ae517870d9,0.49738400684342354
269f0af09d64f34a,0.492281314078989
8bd3ceb8f4a6abe2,0.5198421810115963
3c49672a53c3e914,0.4836940810487368
8b6f7928460852ea,0.4907448304173233
223170410b25d349,0.46819236909799744
cf9e6b04c1411ba7,0.5485747573025447
9826a5fdc885da07,0.500514344739716
f4e8f5d48ea9c374,0.4820025387129585
0b2f236d8d12241f,0.486708643539411
c4bbdfa5a3ada31d,0.4941274207729649
bc6206aef55e59bf,0.5246541974246097
be383c724c567108,0.5283194306898722
c3b1854ffa4f2eba,0.5000530437351143
0e599c328e23c1fe,0.484069952015556
7f3d8645eb48d1ba,0.5021773514958383
d55dcbc3cea51646,0.5136077648021522
b87289eef296ea22,0.5049477909622717
a95aa9be4ffaecc2,0.4717303676322153
f2560e5292f6c9ce,0.4812035674941273
17eec2bde9019306,0.42401228661978707
8d81d6e1041da9af,0.589215389009186
570636253d60062d,0.4714179025545907
ebf7be73bc59d288,0.4687118736813307
62b77792675d1339,0.45734402256933704
9a98fd70fe509426,0.47242540778124087
58990b7e0c0f70fa,0.5099753949649132
9b64f2053078eec1,0.4846965793378387
d31215c5797ada4d,0.5882927677609469
00dedb8a6b356d76,0.5283315949669867
eee3954ff25c00a0,0.4966703774361766
f4cee3eb3c88a578,0.4619730748701414
e142cfaa17d2ec15,0.48219525052846235
84d71214fd454017,0.5145867837231226
6a126d357be96fce,0.4989114574261846
ad660cb49d19eed8,0.46125661379298544
5cf84f6183d4dfd5,0.495705583503525
303450868bf61778,0.4956281188906736
f9af190c8fad509c,0.48518221482150303
03a1a1bcb4bd3638,0.4870203291318671
e95287d1e273b099,0.4815805946035189
01699ff82650d194,0.5010632710972055
00838cb90cd1b243,0.45434605099036274
81dfe034727d5222,0.49950110531301306
f00e6462038c0854,0.5024337037792129
ea231c229faa9def,0.47041247935078445
f30d9cc5286ebf68,0.5285988298243381
8a2862c17df14461,0.46868765828070735
e3ee2d74ec933c49,0.5261198697763596
50d62e79a90e1fc5,0.5104415165659785
9c7e3536c9e2245d,0.6191807887151761
4aeeb44469fed311,0.5924650707167506
092d8cfda8dd9b5e,0.48134988536889356
85e74ec63f46b108,0.5096767695455151
4197b605dcb59715,0.4694509640396869
5e95f21ce7f799f5,0.650537985466328
4bb59d2f21b4eda2,0.6772086850792716
aed6f578d772a1d3,0.46921245162104297
bee002eb8629227f,0.4670564569168981
3036f4b1ea16c572,0.4576462879602894
d88d95ffc07a2009,0.6312707263778858
a0c403d5cf4c5c22,0.5632141600970122
f9f4f67ece7c80b7,0.49675458317834875
e4e9a8b452c2cade,0.45536382469717496
ecd396580675bd69,0.4522895743491042
45747b22aa2035c3,0.5206162206556261
2d5495fe8cddb17f,0.5078361948481109
7313783423937916,0.5132802212942791
c8cc11aa6ae1e0af,0.5192360773853213
b7122624bf0d36c3,0.5232012815350706
7d2cff42a8f6a731,0.5053325758759766
61b30d6d740828af,0.46483184658850707
742926e4cf81694a,0.4826875121822344
c3f26396b476673f,0.585900156413373
dad3cafdefdd2d7b,0.4622559544777989
b9b14b4f2517553d,0.5147508682627813
d474d99da25faa0c,0.5163795694520836
2fdaaa85b98502a1,0.5089792152932137
4dbb7516ace226dd,0.5003549466552519
0528b97d9d9c1187,0.4411522966630188
7d0765ba68785e5c,0.49496374355848494
f757d9b9c93666fd,0.47415968625418636
2ed4d1d87e705a9f,0.458177060051586
40bcdba6306d5e78,0.4676159393519488
5c3c964fc9f460d9,0.5188036396275779
f7f7951bb29c8aa3,0.5096192503085999
2504cf93a099ab16,0.4739372631414773
6c155e6cf27df731,0.5279056818828559
5b32ee3bd649dba6,0.5430139033242019
89af204da671ae63,0.4832047890009745
5c98f3add0b39c1c,0.4931556953628293
ead2a7a711734da5,0.49189819529333856
1843167045c39418,0.4921605878980758
5a6f60d1fe2900f9,0.5268120813738395
f82e4055603f8076,0.4783377611300038
076ff0812981ccf0,0.4866289593941253
909c939ba0e2a05a,0.4642741930578449
11c58255c90b2960,0.5480251488215431
ca62cc1a574009ba,0.5046502564207496
2d82c6b68dc7122b,0.4842946468368755
a80a20bb768892bf,0.4869348520871194
df592dd22d0650e0,0.49529179141519974
b5e4fe2f71d85d79,0.5333292816669386
a4c0517fdc101bce,0.5161492102972526
26fff198b8ce8a27,0.5084698768017732
7823740723e31fbf,0.4769041500122171
76637572da0b8e84,0.5003878064145355
485568de010c4f81,0.5029928236785692
0bc4cea488c18353,0.518777385667754
6b5093466fc78b2f,0.48054081099730594
2d38c4beda93d3e3,0.4734957761522771
43608577c484f410,0.42545337871074174
c0fbaef44f494c1f,0.5932322937339014
e0c9a8ca41bcc1f5,0.48067028670053547
786d65a59708cd82,0.47092604956386563
8b2f300f38ea038e,0.45098734872185053
f30536ffa665029c,0.4835340214033479
557312a85ed07303,0.5080706416216696
5e5d0d7833e14e73,0.48366493602719507
c2f9c7ed577a6160,0.5926844056679423
47d6f6333ed40136,0.5145080399280613
f27974a4f306b0be,0.4936237290513694
8ef53afe03f4eefd,0.46537515611475166
2106a931a80aeecb,0.4792353789775654
023fa144e63b7652,0.5152585854670302
f16625785e71063e,0.5009828041336688
320a58346d4f6a6d,0.4502313946970917
e51a3fc99ead12a4,0.5006184591129315
b838e2ac2b427eb9,0.4931233294507864
e582c573dcf45a21,0.482100358699737
4f1eab7856f76f04,0.4943924348624562
48b6f89a9dd7992c,0.4910253522959158
d4b2cdb4cccb379d,0.49882757444119574
8fba1fadd5cf69c1,0.4574109251539036
bf84b27576888a5d,0.497197346146361
a0ea96679506ce9f,0.501469880782582
2a64589274943dc5,0.463651094279501
95e55ac875a08869,0.527025510694185
9b8ecbaf4d15b383,0.46830664824703727
fbf0713bbe483bf7,0.5270016735352838
f0b8646b05f9a658,0.5208652428945482
5238984b138e184c,0.6236424450563766
82392b2e82b742f0,0.6002999425233084
1d155ad0d30654f6,0.48028724422025215
3c869bf81319e23c,0.5145940985417046
24f0a67ae6ff8109,0.4759176850312614
158984cf594e3b9e,0.6391528010067299
e6c506a0014e87c0,0.6720717945000654
53f60b32781c8ccb,0.47407146114966114
b052b71b1043f474,0.46906852597162974
79fd42089eb24922,0.451400725652651
4ae1bc0915cbbefd,0.6392464871053283
25a8b0aca3b9da59,0.5776684041865332
5388cd49e4cf9502,0.5023389224724506
887ac6840037e212,0.45782805086646916
7f932976bb66938f,0.4608887602744065
ecbcde229116e1c4,0.5261581930188044
b6b7c300be1914fc,0.5175404175285537
b1e65cbb8ae4fae9,0.5180695540866909
c7db4995fcf6fe5f,0.5204492765838248
2818e76ef73c49a3,0.5284900662430705
6650deb8b66c1a4d,0.5018813817023495
01dae96586126286,0.4679257335540279
8d7c996e8b2bc9af,0.4904520679770247
791af6b6782f3d63,0.5813843443687572
ba4637b13d88f195,0.457992863889515
ff169ff921a3cf15,0.5088972866809163
38af2ae5d4602522,0.51860153486969
17dbde55621be2e0,0.5030368931709757
da946a23d65ff57d,0.4959052336885299
333bfb11f4277525,0.44328311941316634
3780c49892e04717,0.4982874919762119
2cfb5f364a28e77d,0.46628718986054707
8275b1b598559edd,0.4517573460546813
1ea3eec7804f95b3,0.46726813699364
ca0a69d713d0e089,0.5268929287927608
f3e7553ea160c549,0.5177562994077394
d67b2e863ed638eb,0.47310115762512217
07484dfe9c01a72f,0.5368698518536832
7aa4a75ba1c2c07b,0.5336491074231621
2ace92f7501a1c31,0.48071985695096653
a532b754e2631a23,0.4941959614882683
c583014db80352be,0.49332846281386555
01447ea762229259,0.49980420603278564
00d3b48fe446eba4,0.5226868918861018
ea420fab29b786ae,0.4772542828072731
b19397fec7ca1fa6,0.4926639186113845
8646606e104fc337,0.454480813707119
0173563c51c380a2,0.5419144090449182
a89fbfe89b1c6584,0.5060617193528243
4a6f9aab91ba0fff,0.4848446414988763
b178e799e2154c35,0.4895681066389115
f92d23f49b288dff,0.49925110700862085
cf7566ce5d73f90b,0.539746026697534
a2b49aaa544716d9,0.5119103856947205
d55cfa95d7972763,0.5027131024398159
63cc221745676ac6,0.4752288736233482
72b34fe017f3f37d,0.5044689045315623
2c901c7130e27598,0.5028988164903138
26bffcf3b3cb3e5c,0.5134847956622052
a86ef85030293a73,0.4837647337484574
65057cd38e33bb1a,0.4793764352074894
8bfae8eceb9bd9bd,0.4267808089575845
ded5c40f19be24b5,0.5923107692321957
06b41cdc591ad6a2,0.48164332385449127
26769f0b270048e0,0.48075810304202227
38cac386f2b7ffc4,0.4463212616177423
2bd78d1d102adbfa,0.4857347630759318
5cfd8ea2970db9b0,0.5157399114291912
06e8eb50f379c727,0.4945097648473461
65766909d8510bca,0.6011003557096752
e722d0c0e6777333,0.5205680620509576
5a1d6172d950f349,0.48451900387870617
5ca0f3af6a443757,0.46828969647671836
b6efd78bd09ea754,0.4770464697389669
ed0ae7e8d5c9fc96,0.512515451619673
cb750e10b820ad0d,0.4826084542925496
5376642349e53cf1,0.45116006440422063
af24a1ecd009c2c2,0.49622637682006354
8d718d61f6475788,0.5132968796340741
81e1ae0c47a245ab,0.4811950530702551
ef2fcbee171cfbeb,0.5003813651856331
1672187b6ff685eb,0.48580469020868855
63ad0cec9a7a86b3,0.5091601254585129
a3faf47b8d566595,0.465796657796547
a748aa292f0bc44a,0.49981003335884555
208c3bec474698d9,0.49841084369932154
646c84d9bfc56b7d,0.4576079135482075
f7539fa9ffce9576,0.5133505223667345
edb9fdc4ce978074,0.47838041820579047
1531e4b3d1828f28,0.5194829425226245
e64be75d7646de7f,0.5136907619144491
2ba3575ef3d51be4,0.6196016042530974
e0c4519c855d5af7,0.5995573107581669
1d9a7ce1fd83780a,0.48083213665943336
1b009f80484c9dc4,0.5115607415267351
0f8e9bab5049c9f5,0.47482087557220876
2d0d9443366e3ca5,0.6370801012503566
45469ec60a3942c0,0.6637705168280151
c82b26391d9a3f4e,0.47729120277971293
d241a290626e4a67,0.47399456440243504
a830cc0284d3267c,0.45851510903967874
a2c83733bf01dda8,0.6384311357832615
40ae5e31a5f180c7,0.5760572370811089
ed4a62a511177e5f,0.49234916006202756
3cb886a53f8fc094,0.4667131303448526
ed7c45e779ffaab8,0.46114350600852283
18fd6c5278b62863,0.5301952165870183
7286d2f41f03bdbe,0.5230134496354866
1411261f8bc9b352,0.5133497233659698
40669618c05c739f,0.517963953331675
89634820e3b0aeed,0.5318621727921107
625eacf0fae3f378,0.5173568034050642
0b5f724bf6608941,0.47108404367294354
6426935f29dd97e4,0.4759153505776925
8f17c0f76e8dc8d1,0.5825134210097584
ee33be62c37efaa3,0.48254823401823144
e27233da902b7e32,0.5068540833604717
0d062775efa471fa,0.5139298440406457
ad2d0310c21d3c7e,0.5070211304695499
2378159e64e3e609,0.4983922204757749
351566223f8dc9aa,0.44861461917916845
2142cc46f11caebf,0.48965784241856825
0eecd343f7593b76,0.4773008252541615
6806b777f3d7346c,0.4511054500244558
c3c73b6020ff9fcd,0.46300018292247036
aecdaef11e9acc5e,0.5255288825470568
6ee7c9529228fa4c,0.5032888848972592
662fe57a75a029d1,0.4697002046535125
477882b7164fd030,0.5356277309039579
e27cff49b962f8f2,0.5301850158543612
50d7a46d0fe75bc7,0.4870438379889763
59eb3b9830ceba7d,0.4983596765907984
01abcf48098dee5d,0.48177415684566316
9190df47476706c0,0.4874848996560155
5cc80ad4d0412441,0.5224318606743352
7dee74dfdc9431ff,0.47666403835634985
c9d4c350a4d99edb,0.49028647434179307
aeb2fcbb6f4586b5,0.4586883792254246
eedac1ac24469421,0.5443121382662922
273c29482dfc30d1,0.5048765891901318
233c2e86c12f418c,0.48861367857439486
c9151d42bc317ea8,0.5014579667308342
c02fa48f7c88370a,0.508498835670812
d1f495b7369b9bad,0.5280615338331283
532f57308b0e76ba,0.5211659662590834
893c5efec04c33ca,0.5059892379707196
d1c4f39c92845dcc,0.48394171781448514
06e5c7e45799a276,0.5071176431372206
773204339ba66b73,0.5053070860012661
240c4b59b951b87d,0.5111109008570445
1db28d3690a92834,0.48670593548182806
6b952d59fffa3b45,0.47754015027349783
6d040c773c38f5ac,0.4185995906485658
51ea5f900b208709,0.5974284317966803
2c2746a9cd26c3a9,0.48646490014817334
798b000dbb153f28,0.4749069418086236
e7c1d03138eb9754,0.4508426939983027
6adc8ef4926bf395,0.47583017007382256
6560d14935c6746c,0.5140663091771257
7822b368db944e68,0.4974514832717569
07ab773c818631fe,0.5976668468372869
5a0643f56c5b5ab6,0.5201027384148372
ac3f0bd0a4246916,0.4816248260726339
ff8a11a289e5a3f6,0.46551170682419074
74b72a357aa6af0f,0.4753003715818478
a676d289faf6b24e,0.5123223236570207
e83cf57bf21e1bf3,0.5056707612595972
f1defabd4d8f3992,0.4617367852703276
ec8a484a8ac33e78,0.4970602047646149
a16a42f44924d29e,0.5154255797075251
7f908f525b5f63e0,0.4882589588071662
cd55543c0ed6f281,0.49556337590191957
e18b4274250e74a3,0.4963956670812145
f9e249a9c1c822cf,0.5083397770082762
dbdf631d3896db76,0.46714538582249165
2489f9a1564e245f,0.4807317279622838
96fc10b6df952d06,0.4960669267253228
37351a6feda6c156,0.45665010095234226
f9203d6d3c01cb70,0.5217318072976573
b94dc53cf0f3846f,0.47347605916908186
bf26420778015395,0.5329838473384894
decc81912e21b545,0.515455534407049
d358ce172bd64b22,0.6150200702512342
b3f83d81b5849dd0,0.5802422954785074
9ab1c5aaf5c02d8b,0.4830640986664205
77faeeb28f4554ca,0.49849395426791854
24f0f289f382004f,0.4818189327854394
acd7be14b9be9eb1,0.6367924503009761
4d3a38aaa5e9b6b8,0.6568480042742044
5e6cdf2d1eeae71d,0.4729532716736198
c35e7bc278322911,0.472485894359716
70c4bc2bfefc32ff,0.46673725001509325
c15c9f1ca7dd7fc0,0.61706199959315
aa9fd5d93738e767,0.5837975720548935
a107bc65d3416412,0.49691117730199086
4cf8bfc854666796,0.4868487275489264
faaf913e881b109a,0.4586532059697951
4e1f5be83cac5ce6,0.5288658365761607
fb42f7f99ad4f653,0.5157394762032352
2647e4c487a5bbc4,0.5194521683552253
2c93cd735b5e4981,0.5209098346264666
4497690fa6a1cee8,0.5159503678277195
d32ef929bef2c726,0.49292844341114705
c95f312af68a4d12,0.4682464414074242
3a806248ec6bf961,0.4795188561934367
aa7bec5be4baf708,0.5666775577292211
4ed26cc2cb2f4ba7,0.4841195484870875
dffb8e4ee18dc98d,0.511562521866767
c8a359c6fc02c493,0.5169159668451629
b023b19573f7c542,0.5064888421500724
792f87caf8c7ddbc,0.49646437673931454
e9efe21448f43520,0.45966781777745047
1822071b26f962a5,0.4965015230983064
92143080eaac2949,0.46873253865066045
8e350a99a6caba22,0.4593546508808203
354fbde6e3f26bc7,0.4645004667569259
c754d337868ca3ef,0.5153685189312895
74e62a8bf0b69ec6,0.5114427533358048
48bbd416f5f5f7ff,0.4677833213581042
d896a63c5202d7c3,0.5237553838713463
a31b2c6c3ed3467f,0.5372877214957101
280eb072a2f58167,0.4914761382471544
016bcf5a6dbc2b1b,0.4921248309367011
b3dcfc630a5d12dc,0.49717344475726555
993d7eeef2e3e3a2,0.49301212769628755
568b223e801b02d2,0.5115447961674299
02daf4203f49439f,0.48664870554639017
e1d04f90ba0c42f9,0.501180446636903
0965ddfd6d46216c,0.45626850295899035
480f1903262a5c9a,0.5381427059758374
8586836811daa106,0.5147242650788574
8f961cf77445c6be,0.4830239005871948
e357f949d2eaf27a,0.513293051546444
88c5aee3391024d5,0.5037133640540556
ab87445cba4d3581,0.5314243565044555
03a0235008faa6ba,0.5304966873947499
213cdc110710e6f6,0.5064745866921322
a54110909a98c967,0.4922802789885037
8e640182828047ab,0.5039796619079789
925bfb9766171968,0.49975960579763146
a3b3671a541868ac,0.5081391014340426
ce7553eaab5fdbd2,0.48109909194123845
092de901c16bca5d,0.48076738655033135
4a8b168593411cd2,0.42695304195812367
cc3d62c4211ab092,0.5893347461305536
f43d10428dc2ea57,0.48908274043010525
b7ef055c635735c1,0.4829479611412525
5b77ce00fb215449,0.44615601929253623
9833e79295b7ad75,0.48734168263496125
087867477651ad29,0.5229076437546663
cdc9c4ddb334eeae,0.4886726770272378
ce0ef0ba91c3c2e1,0.590614441535483
4d1832f590473d30,0.528331006364457
5be46ec15dad6a8a,0.4865436629500174
6a48aeef9eb9defc,0.4595194775256698
886239af3167203e,0.4841554702891031
811b5ed1161e04a5,0.5043059385903738
c0b45d787c890de5,0.5050798048194424
4c0c48b02bfec17c,0.4628794638267688
0d98649b8f5400a7,0.5034324546047166
a4b18b0d9ec53185,0.506347468128183
a9b4013d820ad22e,0.4893962403549097
3748a75d19e65918,0.48777420952321027
5be81bd2e6f18d75,0.49065192273056724
05d0847684387dad,0.5059902642890362
8464a5dc6c1facbf,0.4719410030043907
7a4985b237da624c,0.49033831473311706
bd4ad9a15a940585,0.4968260790555159
29e5d5b8e856cdc7,0.4524377032700534
2c0adf66b0d1bfd7,0.5205981087540863
a4cc47a858a006ee,0.49138237454206335
7830c81887e82eed,0.523974567558259
97913f714739bf1c,0.5127552663969956
2e5c8be2ea7a9ef0,0.6095880839918173
facf6bf874234cc2,0.5830283725420118
18378b54d6e60d4c,0.4766679011861561
62d3eaab466f6cf3,0.5105105887359163
ae6ecad0f17f44aa,0.484172825049357
eed1c3119f1ad4c2,0.6271221715646664
1af0f5998067912b,0.6593877883091119
37d81a2e3da43952,0.4811949373473927
617bf742f01ddc5b,0.4714146433160502
7a00e4d8d9b1d978,0.47186946980846234
3b2d5cb8f2fad954,0.6183295406013264
0da0dd7053a76167,0.5744776285632373
8f4a6926d46a5fd8,0.4955915775634703
5cedbf9732af7160,0.48128474743395055
4e2235624a034d02,0.4593569502814542
c799acf0277a947e,0.528770861381296
32a5bdced87c21fb,0.5183736598693394
1ff4d0b9c638338f,0.5257998013471832
c912b8120f53165d,0.5284769061150683
42fe6dd8d496496c,0.5319365201024358
47945a03b810c6b9,0.4937880394584798
d194a1778e0bd469,0.4621659326566503
3cb3cfef00fe6b1c,0.4979384158241206
8b3968011c9820a6,0.567732686683756
d6d10dd61b705611,0.47525193375593333
66c266218d866510,0.508007954434217
5db02e1581351ade,0.5110332940129043
b3eb80f7d36e2ab0,0.5019788522981883
03099e5566a37603,0.4997854764458495
41da2086c1e6ba16,0.45381266845418977
c5a7a2bfbb26ebbf,0.4945286331716827
94ef921d39d09c0a,0.46728475833198824
19a2422cbdbdbc14,0.4623474713665304
21384d54bd584d06,0.4667148002186656
057e4e45aa99f824,0.5183167301365954
8fa2720dab39e566,0.5045669000350481
b69c2023eb37f051,0.47280569262319605
3bb484481c6459b1,0.5350763081573002
b817ee547c48539f,0.537261696093023
205475efdb79cce4,0.49833383030460265
581c2b7a4a0a9d26,0.4835101090145877
f37e8b49d9e6f3e4,0.49173222584499454
83b461e3fc9048d5,0.48354655739393115
2bb0ec839f84660f,0.5119259613965397
7d2a218d5ba85f73,0.4764952431305448
dd58460855d8c624,0.4983363807411454
79e7f9dc34e596ed,0.46054578646797417
57a275b5f17babc6,0.5282769043856991
6c8fd8a6838f4404,0.5148944537954367
f02ef502ec0eed97,0.49224976547064936
398280f7c5f6908b,0.507099508499844
d3905c19e75d81a5,0.4973424622460575
5034fe93d551eb0d,0.5298889440962035
b4070df19c0b7ac5,0.5335757083292487
3db2706a0f5d6c3a,0.5073806226699066
1a01a9ffa086253e,0.49215155568591584
0b2e30b290bb3f96,0.4955782198241443
64552fbd57d3983e,0.49910803073242893
39a35785dd18e8f6,0.5114059420582531
dee0556384ad7425,0.470725635849672
2b1f53edd21c7801,0.47893885161935157
3db68318cdfb75a4,0.4253382953449334
47fc2575d8730235,0.5836134409802212
e483025da2915fd2,0.48410513858500726
5c7e742430a19d20,0.4876247071142168
1a82ea054e195fda,0.4419747293562728
c25c75a9a59892d0,0.500596098079075
942e1c21f13e98bc,0.5265676632661639
38f3027e74128aac,0.4934808099452477
af18c91af5b52f3e,0.586150494276297
ab6417024cf030d4,0.5177967731271236
71fadb2983c0cda5,0.49338253833314827
dead63c988add6d9,0.45109456363455536
44fb761416108b21,0.4846096592817972
f9cc84df3c237619,0.5031727560787622
cd14e15a3375df51,0.49285483025333254
f0878e45fc1fe4d0,0.46953765486766375
3712010cdbe3340f,0.49870950345406884
e42b4d99c0845730,0.5120053230713068
c6062bf4fd6b21fe,0.48124768813403584
7601eb14b93e342f,0.4976391917520808
296d378f94a43648,0.5010319460066177
a4726a2af1d6ae5c,0.49256186719495987
6436d2807c620813,0.4852053205181348
b07e2ae79b0717ba,0.492241041585477
3ef482aff4965f22,0.5008656334245059
173e944e78b9fd3d,0.4697745658404191
959d85f5a8e7199f,0.535044295910288
d2a2ec47476ff69d,0.49542602913561806
e308ce1df82820ff,0.49991791138182096
331947a494f0c04f,0.5146346373290965
9d6ef3b45348f56d,0.6023379502536937
ae12d035c0121fff,0.5810265441881826
df81e661978e0294,0.4844011388754974
e94bd92792758247,0.49505121755752246
7531b7fda85f1d41,0.49129946746013675
6170521f655a7826,0.6248177787199627
62c4071b4355808f,0.6450519130453325
e1bc9986d747879b,0.4708608853003995
2a33834c02412d98,0.48232047274523937
b708d8289fb600f0,0.477479367097736
ff1810e4ab3b70e4,0.6224841718592318
7b635e4dde74ba26,0.5814370941615483
5bff686aff6a0ac4,0.50209534076028
6d7132f4082c596b,0.4714622411703291
7a7ac4ef161afe34,0.45538348475129165
791030802011b082,0.5186418430915338
3613874d94211608,0.5096979967188566
1c4a93644ee27320,0.5155647693510133
d39d930071212259,0.5234709152420455
4f332c386f688301,0.5261407555926916
c36f94a69a358ad9,0.493184901084333
e25fcbdee2ca669a,0.48040300770111677
7ead61e02ee46d99,0.48310591108341017
38f3e39d91ce1b4f,0.5706997559528308
40d3f648b80b5e7c,0.4800582015657585
b45945da88cc9baf,0.5132728424122157
7d9ddc87d1c7fc52,0.5113873616431064
6a57f1574c575ee5,0.49179953877268634
5f37c0a840f56719,0.5029221744936266
c8c7bbc5e26a007a,0.46577801948997455
018b3a16a1294693,0.4960060471121769
c4cdd667b86d300d,0.45208197231328406
270767342ae02381,0.4710755503341284
52572c0b41c4ca91,0.47726348430006094
65e98f190e3390bc,0.5055692863229957
d7aafacb6ebbd1ae,0.5035131691354391
80dc4189d7f0225b,0.47455101768536256
6367466f86727721,0.5279398264333774
df57fb89d8b48f8b,0.5415446770923985
873d83f20828660e,0.4912462847444199
c773c87ee7e2c6c5,0.4644257760177768
3add48c57549c000,0.48881600710472317
b489802a1f31c15f,0.48416170081885057
ed094899b4d6dfce,0.5154511022662781
ce972db6aec4c3b8,0.4830828179624286
d8eee4d106cdd908,0.5058374711714577
7bec9278571dbf63,0.46629256977465816
24d3efc90d152d24,0.5185138687486176
08799d0d3613bd2d,0.5153738655987232
d4e44f3929e78508,0.48918800295782305
6b02bdbc184731ad,0.5087626108489179
dab5f3e0c0d1821c,0.5000100391732247
d2f345bd3ce03760,0.5315069619860181
faf24ed267cb5089,0.5346457936871096
abffdec85a6c1caf,0.5040957299740033
ab2dd5da8bdd42f3,0.5012514517760784
e65014f442485f43,0.5065912226180426
3bd7028ac5b73e5a,0.4981668775493693
3f15eebff3a263d2,0.5150515670840519
fdcdcf522052218c,0.4692853826498822
674fd8991eb69976,0.4811042125794339
88c4f2287e9f7642,0.4287770769342689
da220c44bcda673b,0.5827480633713054
56d7e1b02f8ac169,0.4809222691316588
deea4e95b4205a72,0.47580815387978326
2f3a955c3a7d2f84,0.44277512843584654
a5d5280289d207ee,0.5026779176528466
38fc5124dae79cf7,0.5215223394707602
7b4661fb19679ca0,0.49275367090730304
18a40f2ed9672d18,0.5789776081678103
064a9fe05a51c8c1,0.5519364016138851
cd42c99d25f6a118,0.48637353502232283
d8490ac7298c61fe,0.4718096029388472
d6df9ac6f13fd0d7,0.4887261908166224
6db14a00c2afb4b0,0.5071436638528628
59d1bf9731e229f3,0.49496457323498355
8a2bcb84bb71bc2a,0.468295785128091
34bc20b577beb21c,0.510749382275749
7aa14a99675acdb9,0.5093611638259111
a69b4535cf86eea8,0.48621011070448794
6545b94a42c84a94,0.4946418535593351
5da6387275fb5529,0.4998775293318378
0a60591667a1e0f2,0.5024668382659285
1c711f106310d23d,0.48633502849388854
8c669586ddcac82b,0.48773431712733517
4b308f5ca4a47cf3,0.5051603571274119
8e8cc8d3c352f81d,0.4643078991402829
61849c06a5ea64f9,0.5440969911379018
649b027a559c4ffa,0.4947491100303919
895841eaee57f890,0.48721822673834914
4a7e4caf511a5522,0.5133459404640708
b802b471892fdef2,0.5972077010546601
2ef23facf517c43e,0.5774046685039922
d3154352153cf5c6,0.48475028496854566
55c392eb42c02b90,0.4943880564771005
20477f3a2d144f6c,0.4917019140663794
cba1e5156938bc11,0.6274130604850412
eff83b053715d082,0.6461043059960898
9cb9b56e696e9aea,0.4660823980420272
2c9e60c21f036c22,0.4818017868739838
4b78aa89054764c5,0.4745514202734007
dff38393e905bde7,0.6251284612059375
a5acc7ed63df81e1,0.5839900468233464
33155ea30f475d8f,0.5066586755994305
9f84da5a310078e7,0.47138310809451145
f627907dcaed80b6,0.4542337564213077
fe708d0be61f7fe4,0.5186455249901285
6246766b6d2fc795,0.5086788828003227
4802899c4d7d75e6,0.5160539839112265
f0dd161ed00b33e4,0.5215504238948494
d4c63facdfb9f46f,0.5349813143417314
549ad9518d8d6902,0.4845972516567417
a3a8cfb6dca6e1dd,0.4790922366783559
4405aa993d70b856,0.47930831839744115
41151696d3149874,0.5646920253085523
f2b0b9adaa22b8a2,0.48419240687253406
88208f20685409af,0.5161636968294291
a31feb8e35bc110b,0.5123212172812605
f146de11ee9888ce,0.48948125983580104
79af343aeaeea6f5,0.5089183083776272
dd3b52f03d44320d,0.46479085209154203
a668a4e36110027b,0.501979299567287
3a8c8fe9897762cd,0.44790629046166375
9ce53280a8571f83,0.46746141017304244
38f8a4c421ce8d98,0.47782251612701465
511d8ce72c690341,0.5073278971022877
38fcb45e87f35a44,0.5033913267729471
0258efb3c1814520,0.4712239569168628
611a33377277acba,0.5255254213032414
61f32e72fd4eb4ca,0.5475388489744709
3cd6c02574fe3fec,0.49227047383793876
898929e589c97a49,0.4834195421662728
81c3502d85901cdb,0.4870130103561908
bdcaad17a8441656,0.48778480878051855
f0055c611a59213a,0.5110950540496373
64ddd296768f38f2,0.4810051380705962
03f7e9416eda2f2c,0.5090536311955008
381c2a13012a355c,0.45926738063639116
59309fecdbebc1a0,0.5227715255293149
60af38e8df8fd1c2,0.5210984673266366
bcc370877d61b782,0.4848799266216999
3b87e90f2861653a,0.5180875278202195
ae80a69f2d85c025,0.5018736597703481
92b6ebb847b0ea74,0.5339615097696626
74639a05f8060c1e,0.5353165222800605
f239a087cc08198e,0.5054214470233167
6edd22f8900db87a,0.501064869019578
9befc0802f8bb6ba,0.5074892706437006
7f6a5f5cc4c17d28,0.4963400955809948
42cd81397c2ea4f5,0.5151134501179127
a1495dcf070f69fd,0.46706150360907206
6206a23de9993e62,0.4853201843360997
4cf09813bdbaa09a,0.4312239171381903
ab3a1b7228442dff,0.5885062440260386
8b56edbae410c578,0.49189321660388186
517755d022c22a2e,0.4751942044197045
2b288031d8481adf,0.4387795701470659
453c625614e6e022,0.5026708230557658
7b5e69f7277a4e73,0.5296622430561191
090018e4152d8acb,0.5026306299494319
20c8f176dba7ed16,0.5771779363511093
2ff19871f3ffcc82,0.5480489059140236
42c6f9f079968602,0.4935824739632021
e6d16e49a1f8f08a,0.4705867101276162
0340135a1505eaec,0.48635325663713824
3015add82bda0c36,0.5093484428758925
67edeca530fc97ff,0.49282027860266664
f6fe88d6c28ab109,0.4624926442620374
1465b98b85be65c7,0.5160660165947724
0ff06febc8dcc8f2,0.5181365317755461
7235e07eb606f16b,0.4829012966277024
4fced831d1fcf96e,0.4969720492742328
a12eeb5cffcc7ebb,0.5021040128282059
414cfdad3a5a2fd9,0.49267914993263917
69e94388fbca978e,0.48739825272633697
d00da9494f7dfae8,0.4912910556132746
8f2686f7bb706831,0.5052648326106574
3d153e3b2517f07b,0.470285054882029
88d7ff4a61022e3e,0.5366339859714387
72d92f10285dc6d3,0.49811734553315545
e088b60e1e6ab92e,0.4948016564920402
12a9799d9cd4b5e7,0.5102259031235721
28fcfd8ca41cf91f,0.6101722835070162
01e10b2bc931d97e,0.578284944638534
64cfa018a475d3f3,0.4817878132259056
ea6a472de7e67095,0.4952637222877623
2621bc0627593c26,0.4859016872443872
3445757bd050115a,0.6319091546269526
86be17e54274f235,0.6496906215655627
972a72a996fe00a2,0.4712060835218179
cf996a2c9c672ef7,0.4810101449331954
cea420d33f448b55,0.47000440711273317
f0ce1c10a356c40f,0.6208242453619022
a0957ca3411276a7,0.588134845805649
1fa8f2e95c399465,0.5080874161399318
af26f61db7d42142,0.4757770660065299
2971315c3c79565c,0.46073412178818773
0125220559a96259,0.5180480218153762
94ea8f2ad8bd85f8,0.5089437667610606
0a5307b730bad83f,0.5169974873468823
caeaa4430091bcd3,0.5154971722232071
5829cf9943182e59,0.5379886495900087
5bad290eddb3fd3d,0.49664631994824826
2ef47598677636e0,0.46782912700700463
4f7e13a83e0a33b2,0.47584812702226853
e50a67d0fac611de,0.5668350576665585
00eb347c9fa42781,0.4752411155624844
d683a4f6c141ff70,0.5100593903655115
0f591862797f484c,0.525921123758996
c8b26f631fceb1d8,0.4948177345356566
74cca75d96f8e80d,0.5109412767235401
d155650d98883d35,0.45096131242287407
d9b6c0528e4d98fe,0.49274505384779954
7da5b3b135699248,0.45388206006031395
7ddd408a9fe840e1,0.46842912319072316
b25ccffafe225da8,0.4813702246427567
708f9f13e028108e,0.5163168389382136
ac013964e9effbd1,0.49234221664162026
5668b123ad54254d,0.4769279056960687
05eecaeb042acbaa,0.5212530198765617
2fd45841f5336e0f,0.540423607687502
b93cdcbe44877222,0.4976066992127399
bde1e5a8c8304353,0.49440043089070496
3429a1d716878407,0.49032533689463165
2380868fac91b04d,0.4840564433409884
b5609764c5cf14ee,0.5174215733684698
1158d5eac9a440ce,0.48232053534577035
0e31e3e8f47354ad,0.5086138998798587
8102d65c81fcf61c,0.45701782928768986
108bc0aaf9f3ce74,0.5256813004267034
9733085305c46b03,0.5247024622565262
492c93752ea664f0,0.4782209920455236
fb84402125260875,0.510930435438405
9cc97a12db1b67c9,0.5026939529789853
71657794b4c92ee6,0.5285029239812491
99b3f17c22dac2f3,0.5327707169757202
bcc5bbfb7d7da300,0.5122688976738412
532337bd567d66b0,0.4992806224794575
a8fe866231c85eaa,0.5028725208026472
4120068b9bda771e,0.5043269264790969
94478e4598a36a6c,0.520809301071407
688371a5a2b96a45,0.46869227357285337
5f9d938af3d19e9e,0.4857024996969843
2a9b2a91a2da635e,0.4327961065626915
f3c2091b2cecbe78,0.5876176931756892
306689c98caf7901,0.4963204632216568
b43fcf4e34f3f8fd,0.4763037095741415
b33d535fc5d37c94,0.4382205071979792
868c94bb6fc0c403,0.4983747347534808
cf9ffa3e99ba608d,0.5230160505527226
c0fe2093ce4dd5e4,0.5065228182613619
5ea90cc602ac4a65,0.5814372969079662
d881ef8e52e51688,0.5258700261987759
d1af839127f7e44a,0.4923710865151586
c234e9337c17efdc,0.47588234574927557
b9c13adee3d11919,0.4873841195784522
11b5bd4dcc3860c7,0.5017349031650131
a56b7f19ac77bbbc,0.4954851748211083
226cd88da576e93c,0.46038043140073626
92b4fc3455a7d816,0.4974471986403839
164c3a81fe34da6c,0.5137475147837736
2793d8cb22c099dc,0.48566219350316575
e790582248000173,0.4872497576227961
3b999ffca5ae4f1c,0.49943506075947086
0f0a0f2cb5c81911,0.5098592802015691
7404c7d79fd310dc,0.4812183136991992
8b30ea9a44a76a76,0.4764259378167368
dec1db1eae776d62,0.5036066038502737
8cf1cc8954d5a106,0.475299451887259
a6e350046f6dbdc3,0.5308140590649003
74eaf634a8a87f24,0.4912981663307554
1054b671ebfad544,0.4986003392351416
8cec3dd3a5fa1678,0.5099527892257301
e08bfcb0f735b292,0.6055623111549663
d4647fa3e8b2a6cb,0.5854020056575524
425615ca18527a75,0.47549321380813736
74f4db82f82bb382,0.4864802096268066
764cf4cb640023d3,0.48905651666004357
24470152bab737f7,0.6312618874854472
212cd78f6e31ab08,0.6659859107927851
c7eb2637b3d28217,0.4603485362165052
0d7aadb1b9b6fd30,0.48990193884874866
7f4e279c7886a716,0.4659460027561002
f35a6bb2b5a12bf3,0.6351573230000266
2c33ecdbb123b268,0.5875952269812262
82e229379e2f50e8,0.5139454078998653
2920c958615b399a,0.4728456429946466
4121f67bc6c30321,0.4639665722689512
aeb92b1234b844b6,0.5288055725939415
f0a41aa1ef354a41,0.5106816910757496
717d974677491cfb,0.5131936685380761
275306d1c1cad1e2,0.5115219023698498
a53864a5e91653cb,0.5264544117017804
9d46dbf346a559a5,0.4984012031723206
f427af9871f1d601,0.46919116788766835
37380abd55535026,0.4770642137713057
5c193bdfdf9584c6,0.5677241649388739
996e50c8a51bb09f,0.48272656405750913
e64d540018ee1f7a,0.5161556624092714
2446b90f3d0e742e,0.5105374739349255
c97f84b696b7213b,0.4911544632215974
d793788d0fb98085,0.5121292854144984
ea5369bfb67a1f5e,0.4439611922753842
0ed6a6a06383b892,0.49112138957284956
6ccdcbf551bfc824,0.45249363673136567
2989dfa1f09e3aaf,0.4743285352400328
67aef3e9bd3163c8,0.48150669852302774
4f64d94051dc234f,0.5245467386966829
f2a78e7b3e41dcde,0.5010049553961903
e1dbd0345cb67c83,0.471956576254725
83cb3db9a77251b3,0.5250107516527613
4bc2b3287bea033d,0.5327927624057185
43137cc3dea7cc71,0.49044569400794824
6cd539f71d0febb1,0.48971668296578996
758ae1994a5603a8,0.48868779216074876
b8fe36c658d54769,0.5066500394898467
a568f88574e07df7,0.5246702312230631
96209db080882425,0.46842202129768595
03eb35473c789e0f,0.522853936193707
6cce02168bbb22b1,0.4541258095893621
68d2f8cf3ede9763,0.5158004154112596
62cb98761ea0af17,0.5231084683855766
ac7513e18a176aa4,0.48921100434715714
650e4cb12d590f47,0.5034146997814535
c449bc1df7678fd8,0.5040048503411609
3cf1679f7ee6346f,0.5290625578206065
cdb0d7c92622af81,0.5355800902910464
95648bdf4bd40bb7,0.5038150597911029
908df42f4bdc8507,0.490881873932866
e3dce1c969c47619,0.4854347976172044
df2234a8264d0b8f,0.5057169416417773
ea953596e2cd90a8,0.5072062687969008
ca41c7b805e9362f,0.4669245810710263
f8041105c3a5451a,0.47835755580156936
98c779f126d91150,0.4172572210714538
cac8a49146b4bc2f,0.5790319897236029
824312c2824a63ea,0.4950302072174362
9d755fee1d286bce,0.4781792103677811
048f424000970da4,0.43148619128046706
27643005c52038c9,0.501416342936734
14024fc9e0361c6c,0.525395168679859
df3576ef272ba7ba,0.49202138321874644
347ecadef20be8cc,0.5904675689677971
b024559eacd1e93e,0.5364261642071935
3d3f2a8544b83ae9,0.48901401438497494
11ceae142ef04307,0.47246023011710503
fb725079b609662f,0.5004794964198516
3ad705ec71e4cb2c,0.4870688207782795
d81498300e3844bb,0.48792655604268964
00b3a909ebab3c81,0.4630491264924613
70777d14b2a026f4,0.4854249302201177
9ff342fd724b97d0,0.5164735926316002
ac16da4e441ba870,0.4845692984509202
1d827fbbe53860f9,0.4905126972675151
e5f0c021400654cc,0.4978498959473654
bb29697d5546844e,0.5196287319792937
2d4a32c2c07d0d43,0.46757349128199
7391725b302625fd,0.48228704163464386
5b22bb1fd366919e,0.5087958913871996
96d96d2d980a30e3,0.4760232904095302
6b22588426d18bcb,0.524377062610145
b4fb29d1f8a63145,0.4912248024290261
d24b167c53713977,0.5004778110212225
42a4f6d1f3d7c811,0.5046118067434896
6ab0294899c5fc8d,0.6053250921209327
4303be820fbbd537,0.5828956102735133
997b175cfd7d8c2f,0.4784771375310801
59f5e010b0c4c15b,0.4923986335409658
bde7a3443d7ae1ec,0.48564793917822335
de3244ef612fcaae,0.6200879842189786
4c726adce64f85b6,0.6535964286564883
ddc6376482a6e896,0.46740158552737054
99426352ddf5bddd,0.49183485961455786
65f52e890b92bfc3,0.46323348668180264
3fa706876f28871e,0.6257504583628908
cf6ebe99a469094e,0.5834572351305094
3aa074c9603f8c10,0.5163736244927963
ad7ea9901a1a73ed,0.4666415792616898
badda6e5600a566a,0.46590999987240067
8e1baf078ba7437d,0.5100705395221841
8b9188dde47b50d0,0.5061865123218529
a669603029d7aa67,0.5084533725408564
34a5125aaf300a9a,0.5130840470580158
e8d84216c76d2791,0.5290606902888528
ec2cb0890f52a5bd,0.5048317502463975
eb7b25e49c1141a1,0.47062380610909826
b70a2efe764bbd62,0.48176953624760754
d33c974ddd13a287,0.5786362667069223
88ee54d1cf712233,0.48305111223841257
430c850c739a539c,0.5184232546289441
216e3a1043b65fe0,0.5072769340790428
05a53182957dcc12,0.4875555552599926
5619cc0874e44f6c,0.5170827952420756
a4d05c98af6287d5,0.4364282273416523
bcb0fed71e025172,0.4931868555587937
19fee37565c3ab9c,0.45803983187775943
c57c1cfc8f3f58eb,0.4711401429934948
c052f9c0a05a12d6,0.4784234271129817
07a64d4b0164ca15,0.5135384428705443
1d9d4595a1edf60a,0.5076203576549835
f387e0be42301247,0.4700899099688237
6ab9419d5521fe03,0.5197916426841808
ff461979ff7cf2d6,0.5270047486604754
a9f027f42308951f,0.48787027849697995
2188f1c59cba57b4,0.4950217716636177
33d0f5d6593f7225,0.48692081242323737
ce345393dcdb5ad1,0.4898291635984373
90fedba29955ed07,0.5126896590107681
727c0788ce434ca0,0.46408439101289967
64c5533fca5c8bac,0.5172710286407383
9e53b280638b57b7,0.4611503829685236
952a66002f37e669,0.5135798354783391
a86fc102dd1b2211,0.5166184053272647
1057d68d0c1922e3,0.4822058098285662
bd0a7870ccdc9aa2,0.495938426894876
36e16c6aa38b3119,0.5065185832115315
5fe08b5200e9b32d,0.5282847933309908
291cc09d45e10480,0.5259280914319722
d29fc93680307729,0.5000280282053418
b3d5261afae8a701,0.485921382677555
f690648ab2d9f012,0.4905347887903533
d740142ed73003d1,0.5069908006656437
5a22a791a15a5d42,0.5195028430578963
953ff640a50b674b,0.4799803317744056
ce6a469ec8e956ee,0.48426117395434676
70647bbee623b161,0.4125398985017086
a34874cb7ccab61a,0.5739342197093924
f658ed97be325035,0.487587144237705
34168c91a18bb9e9,0.47746904174469695
5cd477bb7a03fa71,0.43637620742196914
05f4e04e2f38b7cc,0.48618402438885755
3bcab9902b860b96,0.5187472018718634
725ad9618b3fa74d,0.46868524542104817
5ba7d4fb87b167fc,0.5760362149881632
11f2c8b22709feef,0.5410310482770142
40901ce53c5e0bd7,0.488098091224727
5eedf20025018c67,0.4678287647081383
222ddb136905bac6,0.4925980342463405
1134cde4db47a6b2,0.5017268306198291
fe0b7f7b2ae74e1a,0.49731048391779986
fbe8741e400f2da7,0.45782357037122834
2ef27acfb34072da,0.4878172126835467
c6fa6cce4a8adca5,0.5132749985995533
778c7603cad2a09a,0.4788268617902385
94ac8e5dd91cd567,0.4943049157117172
a4c99eeef90023fc,0.5024487875495685
9479a0b1705b1ea9,0.5215366002029735
f904aa6c29f8c051,0.4600267749522412
75f7713b9bf4418e,0.4717674698787142
ba283c11ce7c8c6b,0.5166809560547659
a27896c0af7d8ddf,0.4711618279553783
90f947ba6bf7a58a,0.5396415234094412
8851c0807e3dd719,0.4864989211480658
722e075fc93c3793,0.5067916692747154
ffceda959761240f,0.5053006767892279
6f922b5f3cb94658,0.609417601763661
2acc8023a74bfae7,0.5797090142844717
96e56a5b75c8176a,0.48218505369105924
df4940956d95dd18,0.49340748501391696
e624b9c4c2fc25d2,0.48641636393505805
1f8a2b503f127c4e,0.6205560921162465
faf1637c76e9e1b2,0.6402732520282771
723b2e5f63ead9ca,0.4596154656852536
37524ea2d64aece5,0.48664563935549954
3421a2f03e9b38df,0.4655032763972238
bbdb501ba4776003,0.6223976524228125
4476c659d67e91cd,0.5787589416823129
7581e328b958da8d,0.5149793318643197
8b759c3e8e0c3f69,0.4629074039085035
3d557a5b293f8e0f,0.46870107693212426
460487f88f0fa160,0.5182728127297361
47c434ec3d8289a0,0.5143635233425575
f980b6ad1769b99d,0.5173596012802192
278c8757009557d8,0.5140616803809324
923eb1a682d37892,0.5251457181105827
721de664a465b13c,0.5047385596630136
cf7fb0e3c5f2a154,0.471029144878228
4c606250bd937a6f,0.4730768772744618
364471335d593083,0.578850541268084
8e8b63f41db29b2f,0.48628241197987987
de6f826911b4623d,0.521132027599589
9a2ae813f6671fcb,0.5028930541033048
a9d83900cdf0121f,0.4924170022502321
463fc0c97364008b,0.5171554933577303
96c78fbfc72d3a3e,0.4419735354120998
6adea406403f5421,0.48405770516007585
372e12b4d8fb2517,0.4469159536753686
b17a95b6411964a9,0.47133196667051425
004d3603e0add04e,0.4660940062859604
84f92819a5154fd7,0.5136105598527223
884351b9a0f7f323,0.5084690177910831
6e84c2750b3d7d80,0.4703103201110952
d15ac4bcca6c91da,0.5073119885214923
6ac2f3f7fe74813c,0.5226290103009845
fd9e84463c887d75,0.48314325762214183
46e80476bad6e6d9,0.4945328154988907
6fdcefd9a0eaf9c9,0.4946500758870416
a31cdb3af8c92ddb,0.4892388792714797
ecc61d65a5d29bd5,0.5184126535954675
423577e8e2b37807,0.47229004440391975
1577ebbaf5c6a086,0.5119223994107871
4e51eea1644b447b,0.46334543880599477
17a21a8e1acc8877,0.5143635860854838
59c0aefd39cb757f,0.5228484270510765
0eef17da667e0d2a,0.48712968058396633
7dba0469105ecf3f,0.5009479623572647
948d15530662497e,0.5029198911654541
22de44c9a6c68be3,0.5364088212991587
b273fec4fa99e637,0.5252419861152338
88cbf4b9b7923729,0.5011168705542164
fd89149278d0ac56,0.48885106455293914
18ef61885851c18d,0.49756192380047937
2982045c8c748ed9,0.5164606686241696
405281725cfea68b,0.5116662301781469
b9b970c1fba97ddf,0.4839886618776734
dce30392a32d95c4,0.48537795391360294
312a264073816452,0.423414574322294
2b1ee1985654cbbf,0.5711608971851185
749a974719840b2c,0.47589131317111366
f1b9e41b42638071,0.46770880460026154
eec80b7eec47adbd,0.4487467155971392
9e5d7ab712400dcb,0.49176284134563863
9c55f80ddf141720,0.5279823536317141
79b8b4d5c2950894,0.4752963931108085
4018b48b0404d3e3,0.5687984261360655
a0a39a0f7f205042,0.5391126858530859
957543fa477ec602,0.480022350443434
7b25a1997f2065ff,0.4732402121342639
24bac985594c139f,0.49206162917337726
f516740a64890fa6,0.49318889958077905
3398e8a958f90481,0.4840979706288955
69fd670311a9621d,0.4707720334418737
47d2766bf3c7f8e3,0.4842223327636759
c4f14e16200d4f22,0.5030686351445633
21d8f83a6d70cb0a,0.47650126295855166
99ddfeb4b50b3369,0.4852735272623372
de3ecdad63217940,0.5013528294161101
a919454bf6b7419a,0.4996490188454944
0401a7d7fc5a5944,0.47076786737807463
a0fd1b368f77b0e4,0.4705336124341939
67ff6f9f9cd1aa5f,0.5040625839995123
4d681b1f85e00a99,0.47039303091335416
0299c34aad4a74af,0.5416009999397513
cdcf6c58a3056ee5,0.4976621808242042
c61283b76a051793,0.5024872223898946
9731e0a14321c3f3,0.5002144988587527
06df68410f11633b,0.5973239624611407
bc942f8c216b14eb,0.5711021706588615
29efa95fe81e725d,0.48306771743165966
16ab29df343adeb0,0.49378668755194266
489cbdeaa3d3e274,0.47733949181543966
d36c35493c12eab9,0.6160510111674866
5347f2b95015c896,0.6245031761817847
c274f0f71cec578e,0.466952791072512
fa9fb96bcb1fa4e3,0.4961247037854407
0fb0a1caa5f464bd,0.4736385736733386
88e6b60c7c6c20af,0.6260688407131428
8e220301be99ee07,0.5812059008029562
401079039e3209a1,0.5069493880416835
412f0be1709fffad,0.4640265721079382
bda69c7cc52c86f4,0.4661016552303321
8312622be40351e8,0.5283630313699184
39a7e66ab43ae8c9,0.5146533426766955
c26bd5edc58f2619,0.5273547233026615
d0000799a8d76b4e,0.5186313561835361
31e56e652230a7d0,0.5217038010500877
30f9f286591b3c61,0.5092687483582923
bf7add0624dc90dc,0.4667418670975949
83a1a514d3236554,0.48122979307374836
b2b27bbde6c4639e,0.587428917041495
a1e7f379bf2de556,0.4866192242419689
4e29d881920ff4c5,0.524469628707831
779692a36e9e528b,0.5083918920515598
f50194f485f1a6e6,0.48225817928651726
83ab5f8a6504fd01,0.5148799956135259
4cc8e4920f53e76b,0.438618246015155
e544fe696864b557,0.4953555316365026
e43d2d34bdace4ae,0.45091060144454054
ac355de197ffe2a2,0.46852224253275043
43f97b689201d932,0.46584741328403634
c9030250d366cf35,0.5166131263423462
306c1b03b230abe1,0.5049182386183593
c9d453983e5172a5,0.46613816671581376
cbd6c72820be437d,0.5119189779000053
955eceaf456bbd6e,0.5205151705280063
ee76c4e02ccb4d77,0.4809934506701621
51d0a3c8f2378d3f,0.4925845158512294
bf31585c90b19493,0.5037433141828125
fd720422c901b828,0.479604816542635
2de8c164c82e168c,0.5210015010429473
c054c9b87db6a5f9,0.4663106646471663
e5ab06bdb0bab942,0.5084753039692835
3f22b7bd193c5607,0.4835150422353516
36f66634a7f1609d,0.5118389644581491
2029718cbf6367b4,0.5178002591762927
fd16578ee695c709,0.48252420372798666
8372d102054a5e87,0.4973337096248752
802a0bb1429dcc42,0.5031334111230076
f3ac0efa78b5bd47,0.5314673512673703
410dfdb7778a6c2c,0.5147235669826553
7f520090452c3fc0,0.49356022041186964
32ba0b377cdadc4e,0.4889004990384219
4bc1f52c1da598ee,0.48684083098334796
4c7217ccaacf01e6,0.5087694924841535
e6ed832cf683d56b,0.5170441599973716
29983d5caaa1e188,0.4797793440818081
63de689b71fdbb5d,0.47737619957937505
ffea5fcb021fc71d,0.42316434178930673
f7e2b44644fa9761,0.5740843855361027
0f4c377faa754ae4,0.48714902329768184
a9281f21bbd93175,0.46461724292199635
8ea064eb6673b58b,0.45466005239497465
6c43710a08d7fd66,0.495473178698698
38fd25b46a4e04ae,0.5282317173310115
3b9c305955a11b7d,0.48475485658273865
4aa606f6baf05409,0.5719833414070059
b18ea6bc6176777d,0.5383828474570422
b1cf498c8ae6d4f8,0.496929201192559
9496d89c5097cfa1,0.479971179068001
4071af10687e967f,0.4876108476546075
bf2c9827771b3493,0.5005463423279358
9676d6b227301a4e,0.48759446745701085
dd617087d0e99342,0.4680138894436445
552db452a859be02,0.48431439421167954
798547d897c26d00,0.5099250329421837
6244430e51c7c0e1,0.4819380863300654
34ebb7523e70776f,0.4906299820185198
050807578c10aee8,0.4991029403742614
d9fdcfea8763ca46,0.5048722322585613
d2748ae7fd3b64de,0.47493800993254087
987534fd913691c2,0.48476139673651353
dd25f2144522261a,0.5091640896923384
5172748423ec0a40,0.48066639106538245
a0791f8f56f78d4f,0.543096863986321
1a44c8cbcef31656,0.5036961125613426
5b457037ab8baa0f,0.5085627537011792
00812ed9d8afec73,0.5042841320697131
7a36383e606d18f6,0.6232018015484984
5d4ea142e7ea0f85,0.566507137604427
44eccb25d1f3d426,0.4736986257289808
75af3e9627f231fa,0.49762518712743387
6b157fd628017461,0.4774229176146253
4098d8f148a13927,0.619611297648429
75f0afbad462cb44,0.6204110444249685
980f641204f20a73,0.4636005678624696
693e5660f2a7e265,0.49023642502871756
6ead5d2e8e73f71e,0.4735545629239325
6b97dcd68c84a30b,0.6310458242527602
790ad50a5ddd9025,0.577293930126415
8bfc85685886c415,0.5020305691250393
cc65d889ea4076de,0.4610300298594847
355dadbe55d322c5,0.46251262173787167
4d41e47784277552,0.5241565659886902
46d8f43400507d31,0.5127886206888179
a1cbe0d6a5dbdc05,0.5264325086964352
439f68bc69ede5e7,0.5184522627635652
2f0a62905cf35082,0.5248642458487658
efb34f87464ba3f4,0.505787968277617
492c4ee20c5c3e05,0.46012221385775587
d87a886a73d42c57,0.48521775090630737
f9dae627ddbd5c09,0.5883303086964494
c658d7cb1ba872bd,0.48976405537853474
235b75042f257d05,0.5230069189492128
3486b9c19d79e7e3,0.508320662722973
da6ddcf02a52df67,0.4831751202089136
39ed7a38b2dba21e,0.51796224532308
ceafcdd6a85bd70a,0.4354128937366104
91d9534c1457ed77,0.5037050827411068
34a6047bef357864,0.45279832464137537
4379952adce0b8a7,0.4678958672334014
d48a99bf9f1caf8e,0.4622533664944526
3efeb8330c5e0457,0.5168197196310014
de5391a31f414a1c,0.49008768981266715
61d2290d602ac4f3,0.46940909016969146
6db39b84169e8e25,0.5118028524171185
5d12c08dbb60edf2,0.5252349292685897
40e1c05b0e465773,0.47729983769942574
4b870eb48aad7ce0,0.4927236276090875
cf699fc70fb46054,0.49545936933786905
dc33a573e2441546,0.47901237500650273
8b221c7d1c630609,0.5103855581916896
b4f14ad179d22422,0.46612132265082495
fef24c2f371e0087,0.5070131886846371
28b6d6cb68ab8d45,0.4769752845180425
0d343ef929ed5612,0.5126164160131561
d6626f04e473e783,0.511633903185617
30a882b43d5b3113,0.4879917359405511
fd4191b666cd9d35,0.4935334562984761
ed670f2ca8a0ae36,0.5017991123125214
d96810676749e35b,0.5342089734422888
a0ef3d4c94e62654,0.5192629206007744
04903c37046451d0,0.49673146891773
051d781c24f99170,0.4839474122455122
d5fa8844fc949d8c,0.4829203535923944
adb03b8a238bceab,0.5059930203145588
d70f54f853c5672d,0.5229581134259
4c91b2775b1df8c6,0.47935146614385804
6684d7686d37a629,0.48946491121954727
d635c4c178580746,0.42616335317098786
3726e8a83dae41ac,0.5721756406515849
b1ff1cb559af7d3e,0.48560434757178905
8b7653df808ab91b,0.4729400666981092
1f477b13ce6c1283,0.4547786001694343
74512677395a842c,0.5008433975006252
086903c9d221ed45,0.5330215565369025
49a1d58e8c0542d7,0.4851427562694942
85f4ed6928ea0edb,0.568841424435791
536b09bed154008b,0.5384969117484604
0c8c75a0ba0c252f,0.5037959175473181
d6fca0e4b2537993,0.47624888824778444
b71eff5eee75877d,0.48669044893115354
d7740d71e96096f0,0.49526164040653364
5e0b7e3a33e8a823,0.47815274617256365
936196704064a503,0.4677535032829473
07ffa8665e4d23a4,0.4948444810902868
2e0cf55f30f70f76,0.5200017561709158
93e8f674c794cb5f,0.49432264279481164
9a385755a14c1f1f,0.4924819784744279
70adcb95fad61c5c,0.5247681416555027
b4b7fd23fe4c677b,0.49285814884863943
423e3e7e870754d6,0.48298363371133024
fae072e4fc29e42d,0.4770910291236372
8d1fe4a99e9618d8,0.5047426149910829
b51e8d6c10e2d0cf,0.4787907071232844
b62b49d12ea1a6e2,0.5578820297601235
58adf229a2712803,0.5023049389802814
355733216794f729,0.5095806712052274
491d1ab5f947e027,0.49839023005817185
ea4c3b726982708d,0.5949056376105941
c09d79f56dc237c8,0.5614972473011521
cc0e4dcd51437c96,0.4764997288974152
4b1f10f05d94c615,0.48208139255248894
89927d5325b3a237,0.47010122135390975
f910c70df159e6db,0.6170170499136369
57e9d621b1513bb1,0.6291012669777374
d64ea5f69b698a52,0.46274366152988966
f1bee080137d6a62,0.4911102191485507
f33a8ea256a17c6d,0.4748556419572524
8a736b744f2a692b,0.613767992538244
2a37e0e34d260607,0.5817647895946462
540efb33f1a8b3e1,0.4900280352940425
dd2b947ed8d70ff1,0.4562020768844369
c7b6dc1de29d7c41,0.4694005793045961
b0cfdffda44ce098,0.5200847157553486
03f4656163a9bc94,0.4941425313489324
a26374d63e95af29,0.5114735973949297
4f56a12e92010547,0.5092564308040122
2be3d39769314911,0.5188121327278774
dd1f848d9e163072,0.49999115602322197
b1bbd0d9430cc23e,0.45954084983963717
e85448aedcdd8336,0.47943327071043995
8da2bfc5331cdd36,0.5824023640111403
261c9bce456d866a,0.48524772898973745
99e82646d643e0e3,0.5234336350575236
ad9d29f06e56bde4,0.5040679771835999
c2bb15e163347b9f,0.48380796231851264
b8fcaec6c238548f,0.519732270485713
cfc3ea1ba50bd6c5,0.4398308920265932
4926d9ec2b977431,0.5036902612008389
98d5e293df68b0ef,0.43585211442664773
d9023613f9a55930,0.4711471695213214
0205b9f3cb46fec9,0.4673382294244217
261838f05144bf6c,0.5255386772609013
253a5319a1655fe3,0.5081406641853146
2dc69d5555c082c2,0.46976192125679894
d39a1af78781f348,0.516280251893885
8e2028a6dcf6f327,0.523135621995255
a59c315f563729bb,0.47456320269212626
99c1b90ea80de74b,0.4781490492977245
f44cdc5bc4a21630,0.4974853087033395
f4bc98181095ea2e,0.4784632670228157
08f15dc6ea923dbf,0.5172184552559169
d630e2725c26f570,0.46927647565506936
6be02756c9f90e81,0.5043380292404678
fd6872cc5d7e0c18,0.4736395203190169
d876eb47121f01f5,0.5144608059777549
4c461fa6a1fe4fc9,0.5203307084442323
678105c5cb0efc84,0.47061764226873914
2c50fc28835b71a9,0.49341729905019305
abfe78010f454f03,0.5126474416842703
d03301f939cbbd55,0.5319687248004781
598522751b52b785,0.522981418838721
fe702fb9d529d9a4,0.49097693422685484
babd6cc14dac0bc1,0.48554443511676604
170cfddc6ad62b86,0.4871312857553338
48484e9be092cf94,0.5162253408680815
99b5b08383c80332,0.5287271196346017
c88f2253a8d08b88,0.48249159463682156
d189cd42899cf66e,0.47579660125614875
cbc2a355dbad7b8a,0.4266883978131303
9d2735eb08e698a9,0.560340699702622
41897f0de3d28765,0.4842783256757207
99037e7919c4450a,0.47136808279799924
a47e9573aff1597a,0.45870434097939317
0ebff9c12ab219a9,0.4999052443347486
21d3de34d212e411,0.525106370319981
4915ae9299fbb258,0.49036270850301034
6e942738edb52e1b,0.5687660539065363
1cd79b9f26ee9d27,0.5379173098542142
48ebfeb2e1c5bd85,0.5030563664568415
c1de56398e8c65b2,0.484565986750938
3ae4a236832ce02b,0.48784215653281227
5b6a916b836a6d4c,0.49047819561322337
7a7f353eeed8e271,0.47961657320966755
328daae1113ff79f,0.47642104105233263
d3ab56c5ec95e21b,0.49301709931332893
1da6d494d2d32469,0.5222359796049951
50c7d71e32e0f1ce,0.49359994675788643
f4cbeb122f6e5b55,0.49026371748886755
067370819a8b0b7c,0.5204283161770966
f1090b32417bdf0b,0.49396130666560256
ada5a79203ccda37,0.4738068441990517
535e860c4350eaf5,0.48974443204241513
835cc8d69e5eedee,0.5002783174276141
093e79bfded25c06,0.47484871141536833
020507ebafcc54f6,0.5715658209891098
0852791fcca9c008,0.5002260854180144
356811788daeb6f5,0.5069612791393339
00458dc404563ca9,0.5068865854330972
700befdf971d3034,0.5971232686553314
52076c5ac491b37e,0.5648750201487118
427bbe76e01a3374,0.4746429467770801
10e2e18ba0424dd3,0.4700293064701654
953d9b009f63a207,0.47649215676261125
9e939410a51ca766,0.60683709952613
5b49b66c2ca0ffe3,0.6151694097827236
3f4f731d5b5963b8,0.45560818813611936
0a578044c6724808,0.49687776783788673
0a7226df43a30895,0.4796244078005413
9e77d06c41463bb5,0.6184349151055083
53288bdea4482930,0.5857966041572737
7cc14401232ffeba,0.4966189005816377
6cfd3dabc8c81a18,0.4473953228571377
6f380ddcd85caaa8,0.4749335649452123
1a1aade8e3b34002,0.5068780553378214
96cf8f1c56e48bbc,0.4894517803869416
fe7540f6a4c2b9a3,0.5059904584447328
364ecc3993a1853d,0.505656836244903
0fc3bedb6a307d64,0.5219982638694277
6ee377ff813ea34f,0.4916171184464183
7bb96a1c66253737,0.47003460398467023
39129c1f532df421,0.4801409369685312
0833a8d33c1b86fd,0.5819251193949839
79255d71e0f44ea3,0.4829277685723323
6d8809066429cb91,0.5202051344694671
a7f8bc5909c6b861,0.5101173550519044
6be0f8c0dc9415f1,0.4950075326529817
403ea5422e9317d1,0.5116283252746674
2a7cd7cf094d7959,0.4410057921083842
a84b68c2e36af5b4,0.5020810641878805
1f846fa9e7f8c417,0.4301776970456044
1353ef3f5956b916,0.46852253078756223
4dfd678a49ff1659,0.46121518033076203
c197380b45161889,0.5251475122459915
d00efc0ddf9a22b1,0.5110775382840095
0308f4e230fd221f,0.45939744908958335
2e1574f51a14f75f,0.5251262381817083
bf6dde3a3ba0d305,0.530771130600171
c9e3ed4f95897b65,0.479925490675877
25f012aeaf538956,0.4777193107797286
e150c665c01ec2bc,0.4883539145799527
0663d04b2a63d90d,0.48414016844464713
00f8f1bec919ad76,0.5097965238681433
0baa873eeecc4465,0.47121740618813357
cee332b937c73b47,0.5094338110792012
0487386156c3191b,0.47369914556288495
4061895f1c86b83f,0.5189112576811119
b8c8afe749105104,0.5197476280556274
1b0b0473dfe55937,0.4718053075731541
1384c4660fd23d1c,0.49679677638297004
88a0be98422e74bd,0.513473598599899
be9ce3e79f09a9ab,0.5378953600398939
38adda1c00efb6a4,0.5266317767967346
faf64134deb75bcd,0.49192518655522743
506a4cf6ff461583,0.4818309733509091
6ebdc40e00e72726,0.48706605978091133
682d75ee20cc27d3,0.5168084879377787
8fa7a68a07c312a2,0.5277871649862118
d83352b364963d26,0.47177380093248045
df7571e3231233ad,0.47781141952620265
7d83da00a0cf9a87,0.4333080823443748
fcf8bc27d98f2e94,0.5654970627925371
0a7195a57401261d,0.47075088310713376
118421905606781d,0.46610609233913947
7985db863144b38a,0.45534979782384055
bab4e64e17a2508e,0.4900124169114808
c2a196b67553b7c5,0.5273126267762094
c4f271a22a412c80,0.4763367347709708
e42058813253ca2e,0.5812157510950928
12297cdd5a9303c8,0.53369322323635
c6cec2c2488cee66,0.5025179735671914
67f18491f49f97a8,0.48179389201097844
673048953b9f01d1,0.49029302466218727
48c302ba2ce6ffd2,0.4842489976088471
33d4d9f1d1934c89,0.49544515714150994
17621613c4089664,0.4699782677519988
a933660cf745bf91,0.5067346368316754
21f2a87502edfd21,0.5156753570089222
2b81bf8e199dc18a,0.49440942371179086
9da53b8f80787e88,0.4931040279493628
abb5b0d8b61d2e4f,0.5286689747843567
a8bae3e3bbc82003,0.49699095848472585
ef75021a08006f65,0.4596096648642598
9a200e0e55d5fcc9,0.4751414377867794
38bae7212b7f5955,0.5002832488957789
182d6e5962935501,0.474811754093701
aee25f6a2044b9ba,0.5619414555193207
0a7ed6f3ad0ac010,0.4894329088397352
cfbf026383a82f0f,0.5088883580559269
c509ba51dc8e9aa8,0.5019155523721072
9e883356cd55f0fb,0.5951130731783134
3e94cfb925dfa9c5,0.5470011570584054
b70d1630a2a70540,0.47289146260990655
3ffedcfa4a4f1e16,0.4812594799467629
fc3b95b356fb331d,0.4653203423337622
3ba6218d5eb3de89,0.6075838517207894
7d3f0c4787358fbe,0.60383040475254
b8e4bd591d245c37,0.4502576677805945
9a08aefc9533da4c,0.49538501426629666
205c9ebc50ec2f8e,0.4854634273241103
3e6049ef4d94f0be,0.6162534446043703
6a193c54b500f006,0.5872494314373133
c8ecbf2cf12e83ff,0.49239351568702094
7e38005b0b3222bb,0.44136726275886706
b4a1c29793a7185e,0.4700091067147557
514c7a34864a12dd,0.49268410893532155
51b8014ff8339cd3,0.49349254796076525
6a77afd81b580142,0.5108123989126203
484fd376344daaed,0.5041854039121264
7b33cdfcfbb4df34,0.5155348727956036
241b3c548f28e06b,0.4852165000004143
fa04fea36bfec88d,0.47602985214282734
6b93a0b40b6f7d83,0.4773415665216305
120a69425c66ee9a,0.5788222895773815
cb9214abcdb631e7,0.49081273507504397
971045baa3117194,0.5174613543139857
0ad7ba9e397809de,0.5036743852056744
b8dfca9c2ef9dc6e,0.5013144040862395
13132304a71866b3,0.511432639282482
0551b55b123e06bd,0.4421837250785181
a18a3ac60110b72a,0.49185860223288835
d2bf02842aaa1629,0.42813856415403717
ae75166a50121196,0.4657491376122871
33064073340d3e85,0.46350184045336573
9e9bfd25ed9eb634,0.5325799927678709
9535654ca3c4b61e,0.5169962924820073
2114604a36712241,0.4642630273056638
77f0b11a8d7b3a57,0.5475447789772935
66ea86a805f0e8f5,0.5193854905403195
aa6d946823dec06d,0.4665722041192826
30fd03e01c6f8436,0.4843750981051035
d6e33c61b05409f4,0.48507931983000463
7d6678c4626b60cd,0.4878683429197457
f53c4e8d819672a0,0.5049302552293811
01b73e04903b3665,0.47507562888877886
d1dbfb95bb3f1ee9,0.503315962532258
e0f8ebdf08a16dba,0.48243299889277624
a1487dcdb023c150,0.5096603825385909
0ff1e43cb7a35d39,0.5120775140608306
fe0aef94b0d88ed4,0.4704507832383712
da97f779e1e32d5a,0.48824435071485073
18b2eaaf49a1cc85,0.5159625415261917
44b79944198a17fd,0.5513368522706139
1b075fc249d22954,0.535656382128211
0a02ee06afb38729,0.49775652956990524
e356585dfe7bfbcb,0.47613355892947296
f55cd0069a9b58f7,0.4932093920444952
7ec8d1f85640cc46,0.5179477006857719
ef9855095820f707,0.5286361401189144
4c130d7d3b41837b,0.46376861744772846
a099afddc26d1afe,0.47103856190697324
fc9fedce0b791be1,0.4360754492371157
c43c6c697aac6a3a,0.5579953167158794
3eb59d08f12f9553,0.4748633107199921
4660d9a619e74d28,0.4609110714414997
bc9f66e4e0fd1096,0.45525460500566317
bc886eca4933c4b8,0.48633452596029625
1e66bf06e7af6685,0.5394532954168231
ea39f5aba2dac50b,0.4809577125274691
68a96eb6940a40a2,0.5915016652105018
62abec1ce8ef6d0c,0.5440434743335578
58480a7545d6bb97,0.492717086497799
8a86b1daf98073f9,0.4838586691710599
1c3bd8b8a026d770,0.4886791985884067
e8e7f16d9e56bf88,0.4852932159342255
96030b68de71c6f9,0.498718985599242
7ec72808f3c76a35,0.46415514061054497
b6d91e7a5601dd1b,0.49698203213503733
050c313ae0ff169c,0.5142537474992399
55c3cb7fef3180b3,0.506127608656062
a09e09343d95e74d,0.49423669369054135
e81099389849b225,0.5244604315148234
05a7e164c50e7691,0.49554019144149186
3fa05bb5500315f3,0.45353100630373655
d6cc7df831a43ae8,0.4666902426091064
c2f9e67eb188d539,0.49812364435086853
999435845313d5ec,0.47762155333589607
34b5aba611df96f4,0.5548306045395472
49939894f4bb2222,0.4785770820130105
c115f7b2383bed87,0.5113644524439773
bef6ef2f9e1ef7c7,0.5012258598157534
3d5ecf2dacb388b1,0.5972075485868076
33f55c05c671cb4b,0.5529938174336252
1e576d881df932f4,0.4695058921248958
dafe211d41c3f515,0.48052433772133263
b31c365998cb6bc1,0.4768686920005689
50fdf7833c550a60,0.6213646773280539
7d15c3650e7f930b,0.621275803965834
e8f78c9e61b35048,0.4625864843212546
8959157b8aab77de,0.49803496561890226
8eb6cf3079d8146e,0.48317069393137
e28a32b028534771,0.6162868735058853
57d41ab75df6fb2b,0.5849725702478452
51d7b7870aedad31,0.4898915129225381
ba0a9455213dc6b5,0.4397652362180744
a0fbcfa763b035cf,0.4652285017221488
db073727badbc722,0.5007376229052779
b40da3f17927ac39,0.4932453985151781
c5c17d4e54d24f02,0.5179447613819201
3af40192236f1905,0.504810222042274
4c5fe28e338198d7,0.5158829390421605
1a35deb98be03a59,0.48749288450159023
309d80b3df755973,0.47265984658510474
1eaddaffd51bf232,0.4768558028787604
57bbf5d6e5f1ddd6,0.5899457893139004
b3e35b0645374b9e,0.49128391528007065
912c939251b3c910,0.5196606126165702
8e4edfc0b517479d,0.5143108649040614
1db03921a40dc654,0.4996160474556679
51a34b53cc31a924,0.5113520802835821
1feddbd08a88336e,0.44855832303323206
1fe3ea8e5a420177,0.4841679336507059
12cb118bbf01efe8,0.4258704213680493
06e935f9a9a29cfb,0.46325336477066503
3bcdb099bafe7da8,0.46384927503520834
4fe7b4cd3ef79868,0.5447594311874995
3472eb74bacba7b3,0.5222632069343867
28339f9c0dfbc164,0.4619118346549149
43eaf5ebfe6cdeb9,0.5451129590695242
f418f3cc290d0cc1,0.5145508343668641
de9042fb96b9c31b,0.4657340681459501
e52869bc1275c0d1,0.4908881511068959
0d50e1153abf7322,0.48312884845173576
db0de8f69afa03b0,0.490686408771866
365806e6fccf084d,0.5081678846745268
3082b4905acaaad0,0.48583333526867944
a5f0ab4f208642c2,0.4970244741438954
6f7973c877a34182,0.48165960333445035
4af875a396817929,0.5109517392066405
40d06aab961784af,0.5096715015686988
dab480762e173fb7,0.4628021738326835
fe7682d60f08fc0a,0.48986143781093316
38f7f0b41c8a6965,0.5123058498714863
53c3a2145e15044f,0.5594031197633795
961a7ec84f6b95da,0.543146398982769
4cfa542e718c52f8,0.49086323485659555
5a663a848d5b2d58,0.4788168311838591
437d1cbe48225c57,0.5044398574469533
cf135eb5b0dadcff,0.5247412283115888
bc7731868e998092,0.5236219059156381
ae6b35ac486ffaaf,0.45814444927195197
1573a2634017a4ec,0.47274505514828924
a65871e5dcb92d12,0.436322317189924
8ec38aadb5aa08c3,0.5667283461488021
dbe193487f2e9e90,0.47526788792979857
b2f7ada0dbbc78fc,0.46411276501185594
94356b3824c69d71,0.4483684319016208
ba06b257952176d7,0.4928435630892861
d0053b57c2dba389,0.5408579337394123
7ac63c28388e7bdc,0.47926156664336617
7a5598892df8db1e,0.606234802115143
d2ad9115f388efa8,0.5682016949314195
a1469d97c9ee6516,0.4828965492798585
873dce33563d1ee8,0.45649925341168385
cd1836eb9c436fed,0.48049517187881396
4cb3cfecaedbaab0,0.4846773494165165
dbee6555b1917e2b,0.5012309310686679
4e6aca3d72d48512,0.47014155161488025
ee0ff2adfbea8d42,0.49562973226673357
6f00e8897bd749c5,0.5124034658496517
315d2e028b9b9495,0.5069339853403986
6354b5030d6add70,0.49711940587143233
2c75d67d31e83157,0.5261928523104336
cd097b0ca63ec27d,0.49926601132782
811e659322294ad4,0.46470025971574036
cd465a39d3a122b4,0.4672779613249076
72212baff9d758c2,0.49566286548187466
139fcb91034497ca,0.4754088564682085
0b3c7175970329a6,0.5444674118403031
4c16fcc5ee828ee3,0.4750441070160165
e40c1b46a7c14c2a,0.5066071593372183
f751399a762a6fbf,0.5110106126426683
3216f476761e8acf,0.6040489978071703
9a35f7ae29fa5b88,0.5660334493384208
220000317b5d9915,0.47252386390607093
786eae5a76486e6e,0.48163055345016204
2c92d06e3158ab7e,0.48049253987372786
f4fdb64227159d06,0.634963085677845
8727672a47ec6f44,0.6404055165760508
8cf264e309409df9,0.46116986297443174
f45dd0a3dbee8683,0.49936781156275656
8b53ff9e4e5fdfe5,0.4909411995636337
3ea5c6c911fa5b5a,0.6381673138001283
fef2203e7cbb8310,0.5882842744228493
333e99655d9f990d,0.49996890143735384
bb86e2b0d40a7132,0.4413738987847087
262fc35700fa7fe9,0.4646731083686987
ae7498be50f7e32f,0.4919642548264477
30325b739e154592,0.4881231922496393
633d928591e3e9b9,0.5117939128872984
82a75a12d265092c,0.5025714186427774
79c09b1b6f8430b7,0.5150854013014443
dc7245523aadce92,0.48631872392763076
5d14ddbf3bde0333,0.4764117907927795
a8ee7aa9732e84e0,0.4754149871203178
ebd7b276a76769a1,0.5775080478627639
8236b6590ba471be,0.484882788293735
a06bc2270b089ef7,0.5152774173051544
153d5636999df555,0.5117624008919455
86f004c643cb7554,0.5081256306865418
599491a8ffa756c1,0.5126581606240107
eb225a33cdd8de64,0.4606290450575361
5b4370605811dc75,0.4835565744244562
1f24b7d67f45c16b,0.42482443401441217
9805d1cfb46cc98b,0.4630744019276647
3508a8b10bf5a05f,0.47224270374536836
7aa1de9013ac10c4,0.5399686517192827
1752c9aa170d6659,0.519827280479879
aec2caffefbd7ff8,0.4599877118483565
3548ee256f486e44,0.5445835709193609
69f71232b47a72c2,0.5100563183581995
d9f9947ffc288d63,0.4762327205459349
8fca2c8ecb3baf5e,0.49167562151585065
dac86a28b453cb0a,0.47402148504400476
7489d6bf608619b2,0.5002525623961788
d691b67982df9be0,0.517481995783188
74b1ac74d9d19914,0.491955204921561
e09abfe771d66079,0.503921132072316
a8b08ad7a0b86beb,0.4834861755526938
78253a878a613c08,0.5079105490170069
97a5abd81b09b878,0.5201334337123578
b7a81836a8085d0d,0.4722826105391098
8ee04699fc2714d2,0.49039153681934666
b98e45b6db4c21cf,0.512171766842851
6a0b0ed01b29e78e,0.5553092500277479
e1bdfb8797949ba2,0.5446314851052945
c1c76ca98413e06d,0.4927118113491997
6a0ff27b16f9f168,0.47830159077697654
ef92317b81e1acb9,0.5032735814289504
9cb63f3702c7962a,0.511521078738691
c23ed9306f692772,0.506172419234892
b0426e20fcb34b17,0.4546450966559572
34e2ee1be51a376b,0.48114035209047634
236af44a73c24c80,0.4411210372106201
458ef706b19b98bc,0.5603970619326764
de27ca03d04f6703,0.4793913216420086
fdcb8c932d91f31e,0.4613681532024785
6fd18b9551abfe66,0.44455528255583654
601c9b00604cf0da,0.4882016639557729
a2dbf5fcf2f2a31c,0.5447140111394363
1404570494c4cd8e,0.4780972504928638
dd186243b290357b,0.59204302096263
98d1fda798feea57,0.5487365974813506
180f7fe2735b61a6,0.4816887981556368
c9a034dd6c2c9150,0.45965390059279365
9e98acf2e64ee2d5,0.48507929973706876
9c8ad9c12b690eae,0.4842239670994758
22faa1dc1449612c,0.49516921806477066
1577faacb4df06af,0.47229292455813265
37581e71fd172874,0.4994038217001684
5de2c327b0f840ef,0.5115462724258855
2fb3c8081e90f4d5,0.5050018966190841
6f125650d794ba03,0.5016251482633591
348f65e5217b9683,0.5245322036462109
8fab554173e452ba,0.5045934396213758
12e5b256a898de7c,0.45667057382639187
58d474b1942a5ff1,0.4745291617944778
f576fa2932c1e617,0.5056124692752872
8ce24e20a690f3df,0.4771881283988293
cec9d6d752071604,0.5386581282634288
1cb67125eab22910,0.47595633266019555
cfa8bee66b4f88e1,0.5063964518054925
6dca32922f483683,0.5033639694241703
5a6b702f5dc592d7,0.6113109661956984
a8a35cde75c85389,0.55813931828955
ba157e801ead08d6,0.4803371163827328
ffafb51122796b2f,0.487504875835
68890620602e3a27,0.4756314624667657
3f8980c836ca82d0,0.6305133584271099
812ea29bacfc78e4,0.608768500523161
21ffddd69449378c,0.45264968818743223
d01d08933d184962,0.5120308287035599
a747148867dacb5f,0.4856986174747845
1dbb773177ae6fbb,0.6328377496457744
87d9d31301ba1454,0.5789222777080615
c2406a3388deea9d,0.504418748698481
254cb6ede7afffde,0.43941254934148577
65ad386886f408a2,0.4733602310463758
b0f64d214dff078f,0.49434291744716985
a67cd3e1126ab29d,0.4836747068456093
9935b25ee6b79948,0.5114303155659453
79f192e20d857dda,0.5017773758817385
48d90b4e60db37a9,0.5037942835615161
7878135b18bbcb9b,0.47860689280688784
03f4bb7da3585072,0.48078851407907996
687e91e3158f6837,0.47726223096767695
7e1cf91c57d4b205,0.5849659143944195
2fce678ac1e731c7,0.48874616914243485
140a6953b1bcb7a8,0.5265056493508946
30ec8242b9de274b,0.5068404400889508
2a9fa0c5412429ab,0.47743179542257586
0658aa024a6ffc9e,0.5106268044295234
bbe4eec51b9b564c,0.46088754931096787
c1b769341fbcd7da,0.48306042052987297
cf8e06d98fa5a41c,0.4256898244931171
3869be681e3fffc2,0.4668369295835313
3ad08bcb91d7502e,0.4652499448878731
31cf7c049d3bfe40,0.5478963045211742
413a689d8efb5efc,0.5086318370319219
adc261121f4bf3b0,0.46585799155086804
80c2a40f7cedbc19,0.542371860651787
4f893a74ad0202d4,0.5145397775217491
0cd892fdaf8c6634,0.4717211386432718
fbcea922a580a55f,0.4886283933792639
c49a8c8a1eb99377,0.4781897937591695
89fdde6ba241ea92,0.49692619486223744
6887f6524baac1f9,0.5122551928931013
1cf82d492210a58f,0.5002611373553845
bcd9664ff67efddf,0.5143139621254382
38c7e5ad8713eff2,0.4891042406849193
80530010929773ad,0.5077998735352559
faecbf6dc73363e5,0.5132327968035083
4faf8fad814f4c26,0.4664438971956931
151cc1827558b767,0.49610777530028094
4143d02c0480cc6b,0.5104951777794899
c79dfc7509bb1d75,0.541629043912299
7940f01bdaa9e4ed,0.5413870178427587
5389e5708320b3a0,0.49950671828455484
ed74d63b15f7bf5a,0.4864861926925611
8d4bb468ebfe9d6c,0.5012712956422697
1d251d6a65a33fe9,0.5139491210395485
5dc459f7ddea1382,0.5145609247543893
28851c8c767d92c2,0.45979697970947997
f5bb6fd361271b1b,0.49581593906923194
8991096c45dcee81,0.4345839756434593
2f26f774674acccc,0.551463542276842
7b5ae6f0fe5bffbf,0.4807546764699362
7bf9121cebcfb724,0.4566582713620738
79472b87edc89e5a,0.4432247855090399
7579573d3ea8a189,0.4910212917634451
d69be4e7c8d9001d,0.5456483718543689
1a1cdf3f7e27a31b,0.4844907095091653
5db90f392ce8a3e0,0.5723753766207763
9de10f987364518e,0.5466012184795592
58134d0a44ac909b,0.4790830402687496
1a24412e34e50362,0.4656276119918886
b6acec4c1f1d8f80,0.4912455383743055
6d80b1be093eee45,0.4752895475605896
67a257ad4cdaa3f1,0.4914477774505803
19f997e9cdbf60c9,0.4696430571238439
42c515b0422fd1b0,0.5191787826773452
ae11d95ec6a58d5a,0.5002280215493287
a026fd461ecfa8f2,0.49771729277035626
89b2780a3ad5fdea,0.4961965073440009
a25d4c5979764f02,0.5221952165002707
7994c0fdcfa30ab1,0.5002326622418544
697267357bef6a19,0.46120584269684173
0bd495d28aaeb0bc,0.4639816594377473
b3713b1744dc1b60,0.5060886718662174
eb041382dc755f01,0.4714841851786201
4d6e396d143b65b6,0.5331575734715926
855012a6812b0066,0.4767758647906919
9a458f274af1e925,0.5051803845359855
746356c6ab42ac80,0.5040216287470316
5e03efd86744e81b,0.6188628789659771
183ba092cb2d8477,0.5547984317493688
0d523d0365354236,0.4772012852940728
4ee8b63288534993,0.4921749491488241
441264967082048b,0.4738418165515399
b9273bbdb5612dec,0.6382474467482271
b187c8b16a78c7b1,0.600488220860271
8d6eff84db1ecef1,0.4581567653589522
a4f6fc1ddb3a989c,0.5069657087218358
3ed1621cbcffa0f9,0.48324002485504625
4623386297e6b205,0.6276079782816254
7a0149c5973a4472,0.5896658892164596
a0ff7de916850993,0.5003146828249938
57daf047c34602dd,0.4391343066043596
2ad332c1061573dd,0.469805060678798
af75f7f8c2052d16,0.5009413381854312
930c22803fc29f4e,0.4768503615246473
35147e9d21cf6731,0.5084586554022238
38b79f87a5feca13,0.4963316579295649
39207b59e31597d1,0.5029253397145619
23de7916514bb22a,0.4709537816984375
f5ccd4a8aa0b0b77,0.4771227744017492
1e93f9aab4b0deed,0.4850555053449215
9fb3f14b72eadfa7,0.583566048777324
20c32b0acbeef93e,0.48305353230167625
306dde5ea1ce034d,0.5491980160159993
f643b3f8f2ce9891,0.50016938442245
21e62478dae15d0f,0.4737220176479382
d52f84c440be8439,0.5369434451759233
1583fc565a8fd9ac,0.4573555113118766
93968f08a3abac18,0.4794088425074796
16af5e3d076cf58f,0.425070944706472
c8cb01d53ef72d78,0.46440064011335325
ec478afd74ddd000,0.46678132771822134
f273cc715f7d3b10,0.5428873922816233
abad363082aab737,0.5116257536154812
9e401cccb77d44fd,0.46508103489655084
8205c9ee44e87555,0.5236884133136698
22788e2be049c342,0.5193096339279228
61700f653a4ed1b0,0.47278357761069956
3f45372638642b44,0.47877874461192493
d47eefd7626afe88,0.4765902821863478
dd959b4ec6d90dea,0.5010833429233321
fe7de94e5f659afa,0.514614068013598
ed9685c157627466,0.4965000771593131
443d4509c89e571b,0.5034831175071747
8fa8d4b1b84d6214,0.48069547355780207
ef3129e89d6b631f,0.5132803349642892
de29368b9c376912,0.5121367144480775
b3ab87f619d46368,0.45777192491973606
eddc0d255506496a,0.49349144531698697
7a9bed779578c18f,0.5133981120749573
9acbf0dfae0535d0,0.5529474860462237
7a3501f206924adc,0.5325103502361686
8c3bb7efe7033ff8,0.5078323149486649
2818ba03512dba92,0.5022153280209416
34b688afbb636af2,0.49944125041035936
ef12699a75a5a6db,0.5115845377940363
bb3580513321851e,0.5238666349159901
aa86f1f7eec5854c,0.4673657677010259
da31c101ed0bb3af,0.496031144262278
ce379cbba163f73e,0.4314057610072687
5c1882cee79a4633,0.5439871874697577
988b4d4acc0a5f04,0.49934876232098735
c8dc79be49181cb1,0.47082119616542983
97ea7e6d528a6177,0.4460149449438642
d4c9a75e3ab5b453,0.49734153002088055
fd651f72df29052d,0.5406133935270413
a23b34628d0864c2,0.5011212424218701
b01055e467f9b662,0.5760919280408225
166ad45f7cd8a799,0.5191328987481296
5713009f3daf05af,0.4759890640784624
2b51ae68483de8e2,0.4711833651831162
cf279e0c2876d7f3,0.4882854955624736
8d6ade527e5e6f9e,0.48480935995227004
491b39253a5f34a5,0.49537886704656486
9b4bec256178da57,0.4619804471874618
83ea356fbfc27394,0.5257996246716972
972c67ef5db0dc9a,0.5069564764647421
ae8b96e503a4ff6b,0.5100664635084673
549d948301291213,0.48674628691785116
6da07a837668caab,0.529747889428052
4bd64d3b989c5dd4,0.48944107787875035
9af8c80c3ace4655,0.49372090667682156
ebdea300ba0190c6,0.44861266507111863
cd1a0f144fc0316f,0.5071171349345509
f78ff9dff3886d18,0.4602761400151656
7231f49617fdc9cb,0.5421707607737611
660474555b947ef4,0.5030054671002168
b56e52eb3e771e41,0.50582112158877
db057347c5861101,0.5040273351738349
de318652a55c92d9,0.6203625305026965
f6badac5e187fc95,0.5562084783817721
16a2a51a3cb1912a,0.473183426959072
4717301e1706fc1d,0.5002516984338151
e00dead354acd85e,0.46396563828153803
9bf6ee39f3c673c2,0.6307668034779754
ccdb03fd4ffcecb4,0.5956808360194589
4903bf73305b89a7,0.4668057389341427
83676ac44643a499,0.5073912799738057
1280b9a8982996ab,0.4729355823506054
c95f2ecd99f424c9,0.6291061807263365
bb35b49986683d01,0.5795553739943659
e865c6c3bc5e2b47,0.48736263471949737
f87ff06dc7b25e4d,0.42980759377049815
727334da312a4bf3,0.46141223903524964
bc3ca6b226078d65,0.4945794885458852
3b0ff8f6f13cec63,0.48227055413989983
6cba9b6f9cca4e49,0.5058605335583515
090142e93b475ec0,0.5065459421033471
6995dd47eb996252,0.522922147993081
ec854eef22d4548b,0.4783754034606841
9545d8946eaa6556,0.47521844269545954
252903a88a74d572,0.5004323077764218
cb503be77a65fe9e,0.6093378627907394
54a930f300084118,0.48406039911863585
b41e3601aa225ed6,0.5437625763702336
4dc0cfa2688ac52e,0.5040528899987011
6392e2f418feb6bc,0.4677012858780548
26a1ac615e42d42b,0.5375631315900141
cf26d75ddfbe0efd,0.4564757336838604
af48ba93543de0b6,0.4776575206208016
497d07e43a95d93d,0.4306924995937369
a44892a1c4378c29,0.4768557898195688
01db54c59098ac6b,0.47449537970948996
2b07152da791efcd,0.545607787148715
78006d15f32d1005,0.5116318685493992
afd0b6f2dcd77583,0.4668075833457288
d8302ff106f9e35d,0.5263986267682991
f15f4f630c26343a,0.5205228225366856
52fba9486e818607,0.45732500989106506
dfd5912770a2d0be,0.47563986159786964
37a6f1908c04a4c6,0.4755447218071983
57ed9187cf16ab61,0.5007447673632746
608b32d5bec17da9,0.5197083559163815
342e234233ba344d,0.503344033254099
32d77b7c09eee6db,0.5026670149785131
b9e869a6535f0c27,0.4772220151266372
337df3fd4ca21d93,0.5172151944605667
e1b9282885466a8b,0.5024433468564314
4e8271c65ec1aceb,0.4449158778572144
900ee467c0433e78,0.48999544858403454
8a638f6d85f5841f,0.5052525765174355
ae83346e3276e809,0.550403217642329
03c3d21ac38a7209,0.5289067029034134
8a2fc3776fa765cc,0.5068945039462105
da4793f499abcab1,0.502351156014922
893f9af012e61b7d,0.5044207234286534
ae311f31f1bae0ad,0.5021069080175793
e5e4d0451a7262ef,0.5283711516621115
4fef9a6d34e7280b,0.46038629656615526
983dfdc452c36c56,0.480831767557245
79e5f58a8f121eb3,0.4368106027616597
ffdde855586693d2,0.5575963728634896
d2bfd2a5aed779b7,0.5043101694137742
7a92e6a3e4591106,0.49225130784817117
0de84541b75bf42f,0.4451112538398714
026b004fcfc72bbd,0.5095913019318641
c39e6644fd02a967,0.5346717459584371
a08a78384c0243ce,0.5115672182911647
f6f4ca293515f355,0.590176818417731
4ddd70a7378cfa56,0.5365478075507085
6817345bd94d2524,0.47299831650524427
898b5b98f0b3f001,0.4802790359118161
f9a9680f98513fcf,0.48457347972141473
d18c049015f962ba,0.4838488761345823
328e75b2001acd2d,0.4913465624781639
9d0f5e28f3331c96,0.46347906440068676
3c77a110fc72ffc3,0.5228770748637119
b433fcc7157ed3ba,0.5037460813323822
27965160348190ba,0.5043986226144518
797d2ad275380498,0.4778828729457987
bdaaca812be4567d,0.5362685035069853
7563c02e2eeaa8ce,0.49528959142145923
ed862f2ad40b9dec,0.504013994673719
5453b862f2e34d2f,0.46002379091809154
54949b7594a43e29,0.5035981231402954
367a9cb724578ddb,0.4547370967249229
9ee31ee365b04804,0.5334225846998858
5ed56c96b4a1a8c6,0.47964322387329505
9858c7179cba4a0d,0.49917944847865403
54edb15df4d9a0bd,0.5021829616299656
b5825b44c61086f4,0.6441116855574852
ea99906baa680ae1,0.5570355664284978
0fe394cadbaeaf9a,0.46693704762122823
ff0c30b68687effb,0.5014399744282719
c9118cbe41c2905b,0.4602647080441762
2a1b8ac0b96b3d92,0.6390566353677255
cae72cc655fe07a8,0.5834729268165924
79d414b792da1d30,0.4583712747458183
4e1d824096195bd0,0.5063857525756065
d1d645f12a8be631,0.47745834663269604
91f89f769aef70c4,0.6404415522722653
135277a212e5011b,0.5950707462781522
07de7e54be4b6c83,0.489726685486628
de0a3543d323484d,0.42424458276125643
a97ebb646567a754,0.4626010820718047
4b02f2b9237d0fae,0.4943933957709923
19b1322387d064bb,0.4768487729857278
260b916e416e4af5,0.5066294387334068
3e69a64bd191c263,0.4921486247943413
9dae2c63fb8d17da,0.5231107908421255
af96c61b1c57f232,0.48416525582565795
8b6721c5da0c334d,0.4711435344046613
4e6139472a250c04,0.49681914369815583
b184fa42e755749c,0.6045938443900091
42febacffc5ce9de,0.48069783900877605
42a59c0bb01e7fbb,0.546195937886067
69f1fd39fdac44a9,0.5055148738769799
697c3a8670265dee,0.4902832498658516
04ca106ea7b9f9cb,0.5429525394614682
3dbb714402f4be1a,0.45931384862850155
d031b33939512a49,0.47961569612081467
82d9d1cd62a1ed0a,0.432302145593072
9954c2fbf39caa9a,0.4877286843128966
5b584d12f162fea0,0.4740190588213613
1957b3c152cf2b2f,0.5404239959058895
3e47146af3564dec,0.514683456911667
7b15b90dc54e2b1c,0.46206246406390483
b7510b108208ec1f,0.5325590129373471
0a6f9df0fa59c056,0.5220884048631808
e09f8cf2408b9993,0.4694520148624619
b0288d2e62858647,0.478018430519386
c0abe6635b801351,0.474943069624302
a1746cfc0d77c11b,0.4945878614253987
6fd0805648a21e0d,0.516442184520892
0a532a06a3427204,0.49057981044567034
78942cd9efe94ab8,0.49822794116712543
81996c0018a7a247,0.47530046493328837
015b80a6ab7fb445,0.5100180681061685
40894d860c6cee7a,0.5010004191782786
59ac65c11ecc0822,0.4578605089688135
02075ad8c46d077a,0.48896340838763774
1d4c50cb0a6b7c7e,0.5056360852996523
6575f454bcfcc59b,0.5468429061811162
ef18eb5f8a73a9f5,0.528113701178862
8aa3484162160f4d,0.5052169430910209
7720f6084710444f,0.5056892284322567
9c4d486d494f0a25,0.5002287059843875
30d5abec032a2833,0.5072748287419275
33e0dc84b5818c10,0.5300443359041349
e1ddbe19aafa9dda,0.46515797100536593
8c2a3afc67473c5b,0.4865481110182195
151a52e6a44e2122,0.42936038538302923
d0e649c13e151422,0.5598461059630812
b80da9ce26974954,0.5027565061820027
9d3b9f3db43b7dc4,0.49113171688994683
00faa2f3ad74ecb0,0.44600865068017237
417f6635d9d1ab1a,0.5067831118226802
65cfb98964352a28,0.5372844131837887
a2fe1317df13bfcf,0.5078576726128178
3d2585add68acc7d,0.5930048879609364
a26bcbd911a420ae,0.5396781559769188
3a2b87489a46cdb9,0.4713816406456608
c563a02f0a989d54,0.4824352845833776
b458a3a9203baba1,0.4810537283133889
4aec1a7ea9e19491,0.4832938657234629
eec70e7fd0ce145d,0.50353709428212
559654080dc04a22,0.46889409841132834
7330ae3124d184da,0.5186243202387382
504f0f6d3df2a430,0.5003488401720713
ebc4d15c69af6c12,0.5026301645531912
612cab03943fdf22,0.4891513716669508
1bc48d83fb41e147,0.5437613019529027
61ff85aa5e957689,0.49127651898043967
3e8f17d7990288ce,0.48396415981489926
e02960e75d99e103,0.44868650172619584
95f807c255a899ef,0.516295167286716
640238d0aa4f0d4c,0.4564921660011615
3c7b6272118f835e,0.5267224419189058
5b1f3984cef1730f,0.48949137250487995
d6a052eef77a443d,0.5129880515375678
d6396430ea637975,0.5035376031789479
e8dc68c923c69dc3,0.6386479350510856
ad65c74032ef0fb3,0.5533104069769756
4e1c29167a00b80b,0.4655673547133512
31319fede3ebbec3,0.5054240202862421
4edd967a64289e9d,0.46579197823578955
96fe7d2d14559eef,0.6394075005749091
ebe8e8d5977073b7,0.5719331811015351
63a2c0a5549003c8,0.4438518658779761
19196d2c30b8ae2a,0.5043211169784921
322de4f579770531,0.4812107304865041
21fcdbeeb7d01d58,0.6117537678080462
e8e4382e8e85d4fb,0.5784057451190016
f091ab6f1d4c7504,0.4905341472819751
de05a9783563c989,0.4339467760169553
cd4eace58d6e53cb,0.4621501501155363
b12e8ca1294acaaf,0.49041864492248965
6a607c979b62efb6,0.47306662978460523
da3be1b4e8320330,0.4992854710611523
1be8a363c39fe154,0.49140338366647973
e544486a8675420a,0.5228543598934166
4fb1e4bf5a49a54a,0.48355152713119
cd0aa3cb919c4c2e,0.4806256133985173
594d617461611893,0.49856443965455943
dd14e8d4f3d9270c,0.6018941854442023
5a8ac5a9ec36fbe3,0.4824548214477409
f17caadcec0d50ea,0.5472004483987554
53b760b83b2f072d,0.5093326141063933
aea265609c8b2afa,0.4851443857176073
268083ff6bab4281,0.5349857955303637
1c2a4d7cbafd4e24,0.4633131729101485
664959e95a754cc1,0.4734801853739198
0202cdd86b513f69,0.4366437680554225
fbe6287374b55799,0.4794917032024977
d8ee157da69dfa32,0.482798938539428
b052b5ef674608c1,0.5428821042829728
49b284ffb10fb3aa,0.5233842029832824
c58b78cacbe349bb,0.4622282584871422
b541c1c4ac753fd2,0.5181470941524859
8313545ee2b8e639,0.5335869540717483
6dc99136d2367d50,0.4655485344683826
52eba78aff70eec7,0.46969475756634504
26ec5cc623f3b644,0.48947873687237353
fda915ead2e27f2b,0.4942289003625897
ee93cc13f51ecb68,0.520384242123373
8ea70ddd317c5a72,0.4918750696440407
d8fcfdc244ec6333,0.4993589742089968
808d5dde2f106d2a,0.4864605070775503
9ef016df8ceced58,0.5081343136780052
d28418e797d0587d,0.4952804021118644
de9d83c8a6700673,0.45031612611749705
85c916e0e9165e5c,0.48992327380853795
5c77cc08498451d2,0.5125920564434506
d6a486d87a2f76e6,0.5453093141192737
e668ccf908d4c5ad,0.5271308034473718
7678f1c05de9e874,0.507899014270909
b7f8b4960d53728d,0.5104727165683454
b1a42614a324860b,0.5001673156225551
ac3cf49980328184,0.5122779907148448
f9d1075c12d080fa,0.5212875899748804
40bcbb5a52dadc8f,0.46724365463235396
a04438abf1a912af,0.4953460154881093
c70a958308c75265,0.4373414545698977
570aa193f3200531,0.5461808346518784
bebc87173bf69a60,0.5001813002434171
c22b2991f22146a9,0.49230718355142966
a9ff705162b23e30,0.4466404737019021
92b08ecbebe547fb,0.5056473772216712
47452255c65109ae,0.5353386621107896
5c66ccfdf0f0f888,0.5062987015252429
b3a82583cad538e9,0.5895494974955794
4d9ab70f0aac1370,0.5457635289831405
b8b2d79d412009bb,0.4710563553605194
e629c533a9c5887f,0.46163975210468
4086b07e0051bbc2,0.4863519842163606
dc1b30a662472bd4,0.472806436417776
ee1b51a6eb1ba858,0.49930472594252284
03d6081fa143f4bc,0.46727772927124733
884724d7021d571a,0.5339531133339281
9ac5be2cbc69c6d9,0.4983598340360652
f3b44a97a3b0463c,0.5116827573988252
07ea80310e0b2519,0.4885149774676011
0b6b983e288c36a6,0.5414336339355252
a3f2aecae591d6ea,0.4830257276206267
c6dd76f490a8d071,0.4946538484144649
17d4bb59d1e70934,0.4523184822996591
91395c5ccdeb3bb1,0.5061836251992469
851be777e6709e13,0.4679097858713839
31188b694f7d642b,0.5331460715686795
b08711cc834c4a50,0.5010821655233965
27c5ada37a67f232,0.49951619283474424
f388b797f6492bee,0.49643575796218387
a6eb1a5134ae1a4b,0.6189484981599861
d7dca6299090bebf,0.548267318160898
a87400c1c5248c8b,0.4665290354448832
96044d5395c98e44,0.5046589752603967
895b39de434135a4,0.4625307307743607
bac321a990d46eb2,0.5897977228546558
1884a7235ae4ac5a,0.5992081385796643
042c6d5e96471c16,0.4468041642257645
48736ee0ebec5285,0.5051061130951142
99bb71802c39ea20,0.47211219642269375
d476363503fef72a,0.5993878236798508
95d4c0379d231f5d,0.5827634074649439
bbcdf8183c7cc858,0.49422023443688334
c87183c477d0d680,0.43499018344448337
1c60d21ef58b99d6,0.4586250060039837
328adcb97b643415,0.4892839260043158
4ad1c30127c345d1,0.4702714658404892
4ba7db5cebf34906,0.5059833627953952
fbe59eda347d03b2,0.5040573012913565
12431bca09172700,0.5284693714532885
aaeac8648afb9049,0.48444481441688336
4a6cb22c222c13cb,0.47640406620350695
5fa3e893cf2de1d6,0.5029565025789708
9d9b2e71369bb50f,0.6029497512676013
1aa506973e4d4e97,0.4869309542741602
05614ce28771dbd1,0.5407886806601694
4e83784f887f3b5d,0.5032526999979096
f86b1879826eae7f,0.48292343591454256
3b7bb80056b032cd,0.5237254736215291
2b3fdf180e9dc080,0.45846729381947404
d7a5caac03523b32,0.47114245625602313
196f0ad6a4452f66,0.4309396930951501
62c7dfc51ff38654,0.4751279776897632
546afc1af9a98a57,0.47801685810912464
cb7bd58c65ba75f9,0.5510054504813244
27ef16366eec2298,0.5194167064370031
f9db832fa0ade6ea,0.4580031996363093
a6a95726d55f7246,0.5240582121423775
46e11167ba6bd9ea,0.5256585447968416
ceb16f82f3390f3b,0.46255205482458894
9ef47ff718510a52,0.47423769834442764
a4072e7cf69e3595,0.4868914049686297
6743567662901129,0.49268047078472055
28442eb473844c9f,0.5208551190118266
5f76d273ed1dc351,0.4775011976465322
af335881dccd71b3,0.4977696975354309
13ad664c07afbaf3,0.485575783544288
931f79405b46d65d,0.5276366374550976
259ffed36267b75e,0.5047882163101138
1b8b57fe0a277d16,0.45344350507724895
47b2be90de03226a,0.49301909162938484
148d211edf4fda3f,0.5156786793130719
d39a4cfc83aa4aa0,0.5478889662966251
b100d3d30cf6e0dc,0.5297771981308983
d8be83fab0b73865,0.5132118313947728
f739cd30e44572e0,0.507832760796425
0326d0795f6a9dee,0.5106585160278947
62410276aaaa0711,0.5226698490441498
2eb9b1db2c9dc30f,0.5326813308839324
17f8bc0f759a2ff2,0.4660421963190965
b888f7e19107c3fc,0.4908428068019698
450657ff037cce0b,0.4330824736896397
ffb69ce82ab900df,0.5556466084129993
be611f3713df7ad4,0.4981245299199828
f1f0336f029c34d2,0.49212313530779817
ae5ba01c13fb73eb,0.4320397681326964
9617c8b49fadb8a5,0.5133009138200056
acc5ab9aaea9c756,0.5402196038475151
4d727e5dfa834e4d,0.5126520966401196
e62f3188cd1e60ce,0.5931296363407114
0182464f7321bbc7,0.5434367128516315
37908294a8a41092,0.4639224106750298
9f62eac3bea95dc5,0.46763710572277273
6375e6638cc9b07e,0.4823277282115108
aaa7f95d3a35ddca,0.46897710335784115
a54e85e580cd1f02,0.4965304465358048
b6c8e482b4b6bd3a,0.46840432363711193
0ee9faf2628e2927,0.530847280239094
74ed580473582166,0.501307155585467
3c701d7b4bcb7d1d,0.5212561593889982
ea42edf0c6041d5c,0.4882698102879097
4a7c9d91f672d95f,0.5469103768972656
1a182acf8e77f317,0.4915159102354103
6f57218a2d9a96ee,0.4954171687400484
8dffe914078a7adb,0.47101632021649653
f4802796a43b942f,0.5016970763977636
3f39a6c8962dc8cf,0.46594301321651055
86ce27dec5469a90,0.5520425804278872
3e45948f785519cc,0.504882053794696
57155bc935973c11,0.5073482411153349
9838e0f1e53782fe,0.4971767076503152
f7d0aa7867119aef,0.6074834687085876
0f5005eeba095c99,0.543467930686165
22c09a47ad735ef4,0.4714014083584672
a2892dd79630cdf4,0.4941692917149828
71dbd7b843ae2501,0.4864150898390014
a53d988547155d68,0.5989802104515017
09acd767bd1d8738,0.6008856019273789
55fbbc8649965227,0.4600813661656933
23a78d874b9a7cd3,0.5108476119870891
bb7d949c3d2c0c77,0.472097688163989
a29af7098c7bfcf7,0.5936179673597778
4210c0c0bb3180a8,0.5769233288220097
a0e771f6f2028a10,0.4893967520469391
6428706ca04ab315,0.43402564041403835
4cda2176d0def9d9,0.46113884641843605
34e20578a79bbbf4,0.49738466246065316
ef7573b9afaff3d1,0.46527513956614375
4cc124a6a7d9f5be,0.5115932399225267
4ec2d687078c0c69,0.492018069643942
4efbf045bc0826d9,0.5227220622560645
0712b19bbd45b518,0.48436511332882315
a1b39dca2a139489,0.4618977256394048
ca42b9b159fac7b0,0.5037641628687141
5bcd38e9365e57ad,0.6026300905731986
3b4dab62feefcefe,0.4878568218471515
040e474446a03140,0.5350543605800246
8e6aa062d5135af9,0.506551999240728
37b442b0b27c4f8e,0.49421718173361073
b679af2e56e353de,0.5372432126848274
301d46723c7a749f,0.44867001215550073
0559e6338e3b2394,0.4724592754306778
cedb9bcbf5317012,0.4270293303859942
3d21297a9fe1a9bc,0.4698208357890442
d3339e27f7725802,0.465541378983203
45f89bde06fd1743,0.551189375087964
4dafbde46a83aa85,0.5167226752737442
155902f92e073d3f,0.4593801843145946
3dc799e6b322b691,0.5394831139228126
7307637ed66bd76e,0.5303988551013354
36edc3c5d7724b33,0.45751367603193793
0a4b30e030078ebc,0.473381654045372
58fccc7f4530c21e,0.486405681101862
1ab59fa2a1be510b,0.5066903693497862
49588afaf0d26700,0.5258478202746492
5f4e863955deb2a4,0.46970824164982594
5b56facfbef4cefc,0.5031717087192182
8445a6e8d9a6d978,0.497573099557432
d30ac20a4741bf8f,0.5053309193585425
2d2f254ad5fecc6b,0.49698532254433503
1f86da690ca90a04,0.4615404548278046
16cb37f8c3b30b3f,0.49122698992942027
2e2acf78456a038c,0.5066294566416438
caf50b607772ea99,0.5495822585993511
f8b097f8ed937b2e,0.5325945594447383
c425bae2a24b7928,0.5200519611679061
005f54a9a52e1155,0.500135229731256
91a9e124456511bb,0.5187390259202993
f7fe3b7853c3e341,0.5135254028139007
5b62c215b8df57cb,0.5232652378363385
a28a0e6f15cd8e87,0.46329128773420103
b6d024a95ba65659,0.4885970624780862
5ee71a166e33ebda,0.4388515826259206
7a670b8e428f936e,0.5577754873600547
5e1b9ebe936d2c18,0.5045451786257216
4ad9f178ad6d9b15,0.4908233497265496
2ed793b5ae632cda,0.4325674839834668
1bf62c66b882adae,0.5102578429375612
19699e94616848de,0.5446924268216317
7146ad16cf81aa0d,0.5159066486815667
211fa1d700b20ed9,0.593424138180854
94a64bb6f810a75d,0.5448898751233922
8d78ec592ef02ef7,0.4699725472604164
5b124e974fae5872,0.467115561427196
7ef145d082cf23ad,0.47604643200480146
806b17279a0a8469,0.4482791694305007
fb8fe9056b5aac53,0.5066655521658193
f0de66c8256bf69a,0.4752439882443402
db45e0dcdb891386,0.5232033184210249
d6b4b06e7667d193,0.5033244497935861
0dccacccd5060d0a,0.5239021392521437
51bd942e89ce5dc9,0.4932250992354701
9984154fae206cee,0.5380068619015261
c5f5d03e5e7ed998,0.48736208810738235
ed7521f0b4a916a3,0.4970083496000728
a2f890e9e3221530,0.47313463443021764
4be3858f47745e29,0.49321061531234933
121369230a2bc079,0.46675451560059367
3b01f26e07e9351f,0.5393354536612698
d9f715bb4457d11f,0.4827257061113317
a6071f990d5cb062,0.5258648028398197
43847bf4d09e194e,0.5037584367121514
5a23e066af6b01e8,0.6197896965266333
80e08dc8a7b8d390,0.5432732287654374
6afec7c2cf97701f,0.4659868613381857
0d5c98c4e26b28c6,0.4962234600398394
66a23517b57ec79f,0.4929423328319077
72c20e7aa1cca286,0.6045501837835476
3e63fcc5d1eba98d,0.6079930731889492
08aac075eb031555,0.4637690888003967
9aec359e878b68bc,0.5062036461382071
59e4a1d3bc941228,0.4616103156207877
ffc8b2edc5da8608,0.589477089666
8f2a08685b179bc8,0.5705306428593027
41ab624ab3be49db,0.4872875934648754
0d940d3f291541ad,0.44434097808897577
887891a8c047c2ee,0.46459974882068744
1c5bd8cc5e99b092,0.4993130383583908
76e778149067d1f1,0.4722537713106292
cf801d255a36ff9f,0.5074787930931295
1d5a8a377d303860,0.5030051998633878
a45ddd8ff753b7c4,0.5223799471597039
ebbf8d33cd95098c,0.48390025956209426
f719841201f3170e,0.47071454077427777
8a6205201db48605,0.4940613972004415
3b541de2dd3b8bd4,0.597652848118229
a9e3f32400cf0452,0.482066813270124
220ae96eb91106b8,0.5274221189312025
5ff0ce81b03a5423,0.5019854668344943
25fedd6457f58a4d,0.4923026068792582
dc3eaaa05326b47f,0.5240420664094262
35a7061381b57ca7,0.45315026024593563
cb54d0e54065bda4,0.4734442044988004
fb8e8c07fa97b30f,0.4213795048813853
6d0271c23b7106b6,0.4814679776463693
ad86be80b37ffa1a,0.48178963386357787
a53747758d8dc24d,0.5482142518558951
040502b24e5766a5,0.5243819911248635
98c3fb9598915f42,0.467145164961
cf9dbe5f5fcd6b02,0.5327568970962596
a54938efd3699c57,0.5255265327935035
36ab6be5678b900f,0.4585873514447185
801d92a3c1cf7f00,0.4752381773040517
1a41776b9eb7d59f,0.48057040379864047
438a37a80b1c38a2,0.5056953079636729
e5f0fdc41adcff45,0.5250946475847016
d1882eae94e86e6c,0.4788042989389192
3b14fdf11cd79c5d,0.5111093399073103
716c76d3cd62c339,0.4941792044005192
e2218e934666385f,0.5229859621944052
7232179f5b3bd882,0.49918978927341673
198cb1170d97f925,0.46495188154352984
1a776d47be496def,0.4824334896497092
0bb60037b2f50993,0.5149866428846084
30a6b41c3f8bf1cb,0.5469525855257863
214b45b6899ee174,0.5324961403899381
708a3367e68f8115,0.5212604765977586
f471d09fe4953901,0.49279533455703817
797a6f67a6360b08,0.5200395290136857
fd550ee2ff6cf2e7,0.5324893513271951
911db57b50fdb5cc,0.528380874560389
3de980aab69edc52,0.45335477650348033
d3857e68a0dc5b01,0.4948589898216649
4bea58f8dc06a1f9,0.4333167795605858
9cf02e79e11e7fcc,0.5452336296609631
3a11d1f9b783108a,0.49888422842572244
c7155210736dc0d6,0.4946762453624185
6e4f1a1152e3b239,0.43461410798689915
3fa64a144ae4e52d,0.5062853332640679
45db4f1bd80d451b,0.5492328856929262
3bdf8975c1813ffe,0.5095737823136023
9ce5eb096cb19ee4,0.5892806748663941
2e0613ad650f9eb3,0.5496208505474441
fa8adea7716a5c61,0.47239456480420605
901a496cd93c9348,0.46207879595885337
f1e26764476c84c4,0.47790050634678194
8cc939be484dc7b1,0.45642431580232146
7373d7d5d17e41ce,0.49584625610870026
7b26af7b7dd42ce8,0.4703245821883012
cc7086b69c864d14,0.5170611306941127
3d5d7eba1837f9cf,0.4985238065018305
6c4129d1ec5cf024,0.5331403867051063
7e93f24761f52332,0.49640576195751374
e2db6c2bb6efadfb,0.5283008658487909
5b9d8cb3da494bbc,0.4912808596307403
954f7d4104dc26dc,0.501685107688804
1968d6a04247315f,0.47523225906899014
a9f0ab62228f978a,0.4927836321017087
c8150a23c1a4e088,0.47333377184279446
d0a9fc6eea5031f9,0.5477948269746813
bb9a43bc26cf8089,0.4763610498457176
719b126354f07310,0.5271946949319501
67f221feafa18fd5,0.49707855339515283
4025da64d593c3ce,0.6232566028780655
f013994c9edda09a,0.5395716047159198
b706618eefab0446,0.4764788251420212
9ecf494f12e7231f,0.49239573946392845
26887cb27f377d87,0.488031189354567
70c51ce8f3013098,0.6389789577717708
21264505c28a6d70,0.609260732825126
7a7963db438515e8,0.477710415909429
5e1ce10bbc32d6a2,0.5121228351823117
df5f1772fc22fa1e,0.46524342579803746
f13e36e944dd31e9,0.5971208896385599
fc474003ced6f333,0.5843222146120115
8d8491ef96426aac,0.492298805570727
f95d9b2212201de9,0.44606884595070784
d8d42fdbe2fceaf1,0.46091714667829975
e93bbb837b5da0f2,0.5052962955815055
897b19309dea3bec,0.49656408180050027
bd28d92e5b9a8006,0.5180396500515063
e2552806bd4db36b,0.5023398229276279
57f9958d13b17649,0.5199269807627539
90afebd6cac8b265,0.5025418056013311
62c6a2eb309d4456,0.46785795429895327
c93d0fd20bc2cccb,0.4925258911015249
369afb76cb325d41,0.6034737474720907
087e32cafe0a75ed,0.48291892784100066
cf824c549947ef10,0.5383706467935034
11a476c870473ed9,0.5034965077779127
613e52b529186139,0.5040175884217942
189c29d6d0e79151,0.5286989679584191
101c040f691fc55c,0.45268061549058636
c971ec1c323e2081,0.47449636232692183
216951b688623209,0.4221496470688484
72e0ae0fa6172253,0.48867390319626547
b0343a483f8a65c3,0.4812373548869554
096d93a17b4fc1f6,0.5493383380153257
2b0c8ad8b91212e5,0.525334193046274
b0467caca70f7a40,0.46902248818519177
a269dd9af38e4445,0.5277464363834274
5b0959551021a52b,0.5287847376856457
2a32775099d502db,0.4602274086213586
64bd338a4963863b,0.4766382282180013
12ed273a10366936,0.4815958161038171
574fb5ed765fb877,0.5024739977236516
80b36cdf615e5e4d,0.5245737389372881
2ff8c1b52956db45,0.47674384597552233
993c940c417aeda5,0.5086834725424315
e589c2c5fe3d7264,0.48686114557404925
dcf1d1a53b20129b,0.5092615679088537
297f144ff81f15b2,0.4995354482837058
d13f35ed5c7fe84e,0.46582114033536204
0d8a36bcde2554cd,0.4851507535712508
d72428aa029320f3,0.5121592923203947
7a23345c82f4f934,0.5270605194922486
72d5900f73d12920,0.5291119517803122
a56a4f3532dd9059,0.5164091945545376
1a6e5f80c0f6b5cf,0.4890672432209816
470a5e0fc2b0ee47,0.5154457643313278
f9934f8a1683c1de,0.5278491404074144
89d788674c28c3c6,0.5256775723245796
1fb3645e83ea95a8,0.45485869425546643
454b23617ca94fd7,0.49392583873652707
64bf772461d08494,0.4288031896777229
8b96640613303f3a,0.5322565901844353
d96c574547d22969,0.49507173413561656
8f2a296bdd4383e3,0.4873200210215125
687df1e71ac7a78c,0.43373432528003
2e51f136f1dd54d0,0.5021846560129524
552731f09a7e5bf1,0.5480475696802349
f5a643d83ce658eb,0.4993587776943774
c19ad433144d1900,0.5927702688086669
a44f279272517bed,0.5381723026681811
98abb8ce42f9e099,0.474423503759688
120dae1e41049092,0.46176687285837104
01f67c40f7f4690d,0.4860183860108318
4013f076dbc0371e,0.4473245622727554
5c8d69d4139bde8e,0.49510146237008257
a79ee19b17ede9a1,0.4718279692711391
e8236cb0d9fd91a8,0.5159553561029547
454086461000f455,0.5000518724519551
2341f81f53b73121,0.5243854107155793
444f67da40e85323,0.49327039927944427
a0089bf620c002da,0.5371297664880933
277e2a1be7336d38,0.49180568325065566
74a7e146d7f4e2bd,0.49536288625495306
41e13d548f5c2801,0.47475745936973346
438d0582017cf773,0.4938924946518387
b4d57e434f22ce08,0.47505337435707373
c81f74f8fc29da4d,0.5450783066820972
38e2d956647e7243,0.46559027431968636
04d6f3fe672d6849,0.53410506524518
4afc5ca4e2db38f5,0.4963113534612521
e666155ee839e15a,0.6198380697697071
6c5bb3d9b88e3a09,0.5535664471939729
f8f9958998a691ef,0.47234574785165884
744c536f9eff5153,0.49776574033798227
463376c93f246d16,0.48622802695323897
5833d626e4780455,0.6073077544567013
149d0a1200ee1636,0.6033791377913428
e7396879fafc846a,0.4810894092803757
e1edef5eecc6714a,0.508654640649337
3b0d260c31d506b5,0.46650090156842206
79079b5194af8a68,0.5958585542965248
c8da9bed133dbaab,0.573058377771654
db8b5d2487104bb1,0.48598060198093207
0e589b0dea2e56e8,0.43322348704685354
9bfaec61a6a4ddfa,0.46397919168209256
1bc53d191fa101b5,0.5115306187169636
cc6087f8ae21f9b6,0.4994684544868676
9244e3e01f3d70a9,0.5181198984377821
0f73797e358bb8b1,0.5064681452906415
08e068766e791430,0.5090274032870241
ee7e6563842ce19d,0.50840826249252
b495df5f1c7e655c,0.4721751954545257
63791d82f0726fa8,0.5010037181729002
acccaec4bd8c61c2,0.593687112339796
c55c66ea2afd8f7b,0.4890965593008869
a231136f3a6aaee4,0.5311884152925366
6e8481bd7ade4a04,0.4996975445709264
bf4113313eb9ae27,0.5024825396041251
b509f728a846dcb3,0.5237988243095691
af7d28de5f5f46b9,0.45195164519067765
cfa7b4828fbff290,0.47107381258966674
aacf68958694df36,0.42477150993951374
a7eb889dfdcf1164,0.48548970891578414
419b6ac7161a0c37,0.48091658160295503
9069fce8cf8319a2,0.5461438436707005
a1cc7577efe1a6b4,0.5254045547629985
2ff4c8dbf6dd273d,0.47012913169868453
f94fa72f8738ae83,0.5340512249729796
61ea8a5986806bb7,0.5327751154867917
0aeeff1b068e3a2c,0.45979718126674096
2e2b4b12450bd3b8,0.48126477753464214
d2a99fcc3a405cd0,0.470555526839997
8e561c324926c0a8,0.4942519998544451
36aa7967de36c439,0.5194060315832166
689c72cd5382bc62,0.47389874249060804
9f459cf97372218d,0.5047408852040776
59717a6933045859,0.4909042701948394
0d499a66d99c1fdd,0.5092886431933886
b78ffe16e975f66e,0.49845280704462325
b023b191f819cca9,0.4698845981512134
1c81a19b417d935d,0.4817673521951289
97c76af8abdfa66d,0.5118821253439709
50dcff9f17e3eabc,0.5371082368312022
8e0716a7d301bec1,0.5308541654450869
709fc4b9eece3042,0.5201198254538335
45dad76aeabde78c,0.49610579266910537
6656b1f4bf512f9f,0.5183825634740943
1634ace481b85cea,0.5226569599703481
9f96a5e4ef044229,0.5218783174935034
1867a9337c13dff6,0.45879709060392593
1f6290e71c18d04e,0.49141467412987005
64e815f618ff1273,0.42829849196852776
623585f50479a019,0.5420186420118918
284d7e68fed7ff79,0.49775465865625246
9ae6677c452ea88d,0.4903783865896342
42b3de3fbcac4d90,0.4338246126563208
344f29cf348db59b,0.4999729453725179
1975ca1112a9c0ba,0.5482629703519794
9a905c1e49096ada,0.5028124258881761
f67a006b5fba6a89,0.5895746499367537
5c3d64fb395f1e38,0.5490165906588261
8584a7360485a8ea,0.46751882314444915
08cb01db2beb80e1,0.4673235585650266
384233ac69c5d8c1,0.4777125030366063
87c3f0abf5dce4eb,0.4690448574235009
3815a1655c448846,0.49846011268400847
11e535e03e1d9784,0.4660728026980545
5cd1ea28ae823193,0.5166413890238297
c31d307ad85c8df6,0.500196700917282
c9aef49cc65a1254,0.5235612337190322
07a5538981deab79,0.49472400917248094
941b18001698ab6e,0.5361849502111575
21cfd0bcb57467de,0.49318497631429403
bcfd343a5bcd31de,0.49180336510548206
26011a3a46a07bc0,0.4830949535973532
b3a4323a0b2b5ae6,0.49363744049181413
15c25d8b2fbdc2aa,0.47437553204785066
8c79954a3bdf345f,0.5442144930988151
d466c1d14c5e7a31,0.47948053513491873
96ee457dc008dc97,0.534031977333812
66cff8848be01e9e,0.49307549673734896
bcebad503af6d3d6,0.6198087172844633
6d3dbcde191c5a13,0.5479971585202676
f6136a354a125ab7,0.47575288048746833
f24755f44504d821,0.4924160928804955
523c9e71f777efff,0.4880144573163464
09b8d4ca9b3f0c8e,0.638872691616776
23b70d40f10cda3b,0.6047705681305349
4d6315e5faf31892,0.48058929490657776
1726b6bdeac42c5b,0.5087777347715837
a2e81b4a1248d9e2,0.4690614656713219
7e88acbc1872d30d,0.5868544172413341
346ef2ba1e6d5dad,0.575163226205294
2de144e53131c2ce,0.4889139852383453
3d83644fff45ebe4,0.4513911582332565
173f74c3e47f7060,0.4611860205535292
aa0d1b1cdcd7b87a,0.5103981994250704
4b60302d78913201,0.5022854187987578
6a09b77b76d983c8,0.5199598027433814
a2a1ef60bf72dd07,0.504811459742275
5e3d9e914b850196,0.5115690924241751
5c6f530d5fc57bd4,0.5178792692483787
712947cb49f56097,0.4721561348941802
004056cb840b01a8,0.5050452494395874
d2bcb2bff2ccd8de,0.5947325662279253
50c57ffb9022a8a1,0.48030214424329243
1e2431e99355064c,0.5214355670399183
5b80d3f1e41ce582,0.5095620485685118
e28e2e3a5b182c04,0.4990704351322568
ab441ad733f9f7db,0.5083724022811067
68fdba6c04036ee0,0.4485702228794255
f24424a484e67024,0.4717270441078987
15affa273f08f293,0.4399473346949936
93a0f4f0df6297c3,0.4794516291843969
038cc91e4c0767af,0.47782023795767103
20f027e4e37826ff,0.5428593360203313
30f2ddf3c488b893,0.5242163671578073
5a70eca14da7e4aa,0.46748765429914796
a9e744cf7ced520a,0.5476825748059337
759be8e127ed0a05,0.5341280363930929
d97288914c5d27ec,0.4692299312154211
c8a98275ad03c87f,0.48767758511581194
d6d3db5318a9adad,0.4733925599138282
b4acd909d487ecf8,0.4937052808695742
85415553161b196b,0.5220579150026488
54812be71cf40485,0.4817924620891195
ce870a64097e2582,0.5092720407738759
6aeec700bc7199e4,0.48657444932756777
dd12e2cce26bdbc8,0.5141820470158368
d3cca0deb763f922,0.5010430006965438
0c550bafc62713c6,0.4704939346305975
b0ab862b99762230,0.4799458836546644
33b0932abb1a1573,0.5044869933280655
a9f4455ad2bc2622,0.5331718821130801
1e1b9f91a645b393,0.523799362793723
1d16d84494e035a8,0.5230934017727132
3410a2bb8160394b,0.4900843317714516
44e8a27452be295e,0.5143158202805469
d0742b7b6540643c,0.5338425826989079
e7f47537112b3aeb,0.5122948724235379
327ceaa7f46588fb,0.4577892717124059
6c0b84fb0d23b2ee,0.47772482534398963
4162bd2fac8c0414,0.4281537337252628
c1a9668993e8781d,0.5336654739155924
47c0b271994a6bf3,0.48932131294578374
1a0f457ce25c4346,0.4837050800147469
22b6313ff950a94d,0.42846479182334773
bf982838e435389f,0.5017180239120558
d24e2f5c54a07bf0,0.5601721980551471
1c08df002f87cdfb,0.5081168941135077
115fcd9ab4fc338d,0.5852302279839585
bf185dc920522e94,0.5522044282812579
b3fe983465413b99,0.46841294704715575
d902da3ff5d3db67,0.47486387881842496
3014845cf74cc57d,0.48236478276651673
b3540f10ff95ad28,0.47888905655590563
775879f8c4fafcd7,0.49384467276546706
a7ef8032f2d00002,0.4642857739474545
14728bf7116a3124,0.5488939044576495
05e9e523fd65971c,0.5032998130648056
a2c23107cc2ebc2a,0.5171187112101678
8caecf2043c147b3,0.49318415730879817
6d3b2c812db98b7c,0.5225043428111172
326456f409741a69,0.49461623054978543
aa0889ca5abff9c5,0.49500582995457165
9ad9e5a92f0ca074,0.4754323031710783
54be45b99aaf714e,0.4879598577693467
6fbcec4844d8d211,0.48235040136204965
4506a3eed377f38a,0.5544447383693665
ff38d6cdb5d67375,0.48328374838272015
1537aa8b6c2ee593,0.5226796784872612
ff4010145636dbbe,0.48769444957207564
45e5a7eae7e12623,0.6054136450197302
032dffcd7653ea26,0.5462665220962479
188640a647dbbff6,0.46928603116235146
84943a204dac7d26,0.49889976023832683
c2ee6e76aca0a3d8,0.4950425427830216
b7a9570e79460236,0.6276127225113757
915153432b8bbde4,0.6111299953445972
028f7cc22bd70702,0.5000663904700373
a3e425ede98185d4,0.49544833197379723
79189c34b14d3c58,0.4624601810506913
53c3ece1b1667246,0.6157350770201047
ac666cbdad0d3153,0.578412089857167
36363a7ed6cfacf6,0.48454083392260994
a8616225c0edebaa,0.44513740497431564
705ebf85a888f6d9,0.45723767941196203
77b0d343ac4fc536,0.5220014285715153
6a6bebe0d9c544d3,0.5148321003790371
927c7dd38a4e5d4e,0.5220023942274452
9869596b05cd1776,0.5182366786209766
936585821fb90eb6,0.5236055473249336
1f24e7377d24a4ca,0.5290779781585784
6da79b332d635d02,0.46663209029413877
a723956af832827f,0.5190903010826344
5c210e6523660cc4,0.6002145438557864
e9fbd2915a9f1d73,0.4901526455617843
7014be946cbc57a0,0.5268990838767342
88b032dadd61ca72,0.5124953570657683
6878712b7a9fbe73,0.4923106823109241
bfdedbf7fc40bd1d,0.5126404481860816
002f07f5f04042fa,0.45996648709840315
b491e035a243f60f,0.4723399981249018
93165d209383c04f,0.4519159857051881
01c34d11b47840db,0.47451785354254383
613cea8cb6c2dbc6,0.4783580212028745
a454eb23dc0129f3,0.5482149609438092
92792d74bbf141da,0.523380672543384
2423635106320c2a,0.4611432815488128
6e4a4fa41ee67a4a,0.540687748372467
aecd49e7ac5718b9,0.5255295151096673
48a872e9002e7ca7,0.4631972506858808
76990905cdfcf8a5,0.4984651335513065
3d41fd044e1c8a6a,0.4645752777735228
59f627f37ad2aaf3,0.47297997224876687
5aa1043fc42f3197,0.5106659528228013
4a86a91a195b816e,0.46729414230008737
ee498ef33b72d7de,0.50595937905797
061baa63749d5836,0.48084883882046725
d29e2684741145eb,0.5128099261426248
3d08131f45505663,0.4906932097747754
18ef8923997d579a,0.4624027945541457
92de8c30b7cbac3e,0.4803314974654872
4a1b06e331b19434,0.49807326224519266
f42df655583d3439,0.5058766196113031
ad294699931a11c3,0.5269827048224789
06d85a6d50bc1490,0.5255576124239811
1e30e1ee5a80ceba,0.5024924404675725
ed203003ca1ad866,0.5282599263838577
65d91ce782fb8a86,0.5145982419077116
17aeae8bdf25713b,0.5110571078719452
da34eb2c7bd92f1e,0.4636578586128859
9a6e54854adb690f,0.48805823572930873
545b5015bb16e0ea,0.422741627583462
05b98653b15ad201,0.5442265175689225
d5e9b0b3c46b3d12,0.4903331712200898
2069ce27d0d36437,0.49728348473602335
e7bea1d89a89afc2,0.4158663365511561
f02fcf88b3e98001,0.5209580181656429
ce11c918738e2eff,0.5493710151964697
e01da41309840743,0.5147467396354067
bee94a56e366f6cc,0.605010257555892
49f4df64c38fdb3e,0.5638977729553281
32c17e2c8b739309,0.478749869678343
6d6fd6fd6a8cb1c9,0.4963809288946913
0d5367605bf517cd,0.4831911835675883
846ecdda4a039221,0.47301382993859276
bb9498c3ae91307e,0.4911992595026532
ddca6892996db390,0.4668338256058151
0d4098331151e0ff,0.544453785883102
2e62c5328025fb28,0.49921593270424336
cc34feeb243c39da,0.517116180961552
8ee5f9a3666f3201,0.4914680307800927
c28f032daf3a86d0,0.5245753680951881
de1f98902268cf56,0.4899904469968408
4e09111a0cd99490,0.49563104154063187
f0bfabdd4d76e520,0.4736842277563118
b05f84ff78b637ee,0.47923859015171955
04a99bf89af5d273,0.48071672784573183
34118081c7765875,0.5377055360998693
b24feeadc66e0f49,0.4493195433690853
13bac3ffe3c3f993,0.5296025522686343
7ddf83828b9fe917,0.4850867419564785
40a6a08e2b8eda01,0.6027047419608047
390abd1513f6abb2,0.5574799634521991
8a3a51f326af16df,0.472004912754153
7a0ffd4a8b89ce88,0.5035726034596316
a28b9550e0f68b74,0.4863479432419804
6a719dd949c7127b,0.6301344003391997
2222da1c0c020bc3,0.6080262825262144
e8785aa7c16f0c0e,0.5012291433445991
89d54f99973bc3d6,0.49122791133177623
412c4220c794b544,0.46802944522552625
bb7ceed49c31351c,0.6125678040982381
8de2080cea0c9c7c,0.5657642229185688
74d995412ec5e03d,0.49467215164711487
5314440aad269cec,0.4584195325345667
f927a2f07567a648,0.4571108738726164
adead71008cec8a3,0.528110304949164
10932cc5e77256aa,0.5259619780697815
1674554099e646e7,0.5377918840336162
8f87a266760d0203,0.5207933256692749
87d0e91f87f61523,0.5229967577219872
a77d3dae9d0bd813,0.5290860173659782
0775b2dd6a73ad37,0.4609993141569029
5ad93eb0752e799a,0.507334754735665
6efba2403b9a81b5,0.5957992431165547
e047f9288e6cd87b,0.4903669374135383
f79ff5ef2373c902,0.5127140450699087
67693bc19815c111,0.5091743154557743
d2cb6f3275f81a5c,0.49975545222311724
9e44657072f720cc,0.5021673856042966
e3ef7b6e72a497c1,0.462093958221105
911a153a904a2a2a,0.47615888636936354
169886f0adbdbe57,0.45870161477669735
170ad78b111bd474,0.46404687725930205
3137a1e693227f63,0.47203001810485834
a477107c58b70cef,0.540570257090889
e82232c04c672111,0.5139105317689364
ce93dc5c668acf99,0.4504849176301242
e56ff5c19d7f55df,0.537231973448218
2fe41c079b7404c9,0.531131735979429
5314c68033aed5f1,0.46415392205634065
f67f193a92632ca1,0.5040183931478774
0def2df810c741e7,0.4662254562061361
c7c9542509fe907b,0.4700841973238936
6000ed7b2e508aa3,0.4989644897136334
a4f24d3b83271284,0.4696369406997629
58ca1e72f9dd7632,0.5055735576470267
abd6e52c0bdace50,0.47927295359698197
88fc7aa323763d0d,0.5172988148832983
f95174a4020d0796,0.48642452475527775
0c70347df7946b88,0.4639755746862766
472dd8d6ecb3c662,0.4791146650663447
95576e740099af62,0.4923402473277054
2f0a0b25ca33b2b6,0.508639547946516
cf83d8f1850def8e,0.5361730719779039
48a2bbeb39323e65,0.5438206332410132
7e63f3f66a861c02,0.5026071464113486
47dda04c43fa5d3a,0.5217995310034987
3b5514238655916b,0.5179449718167899
2d1d77161c361f71,0.5080142760210247
c9ec7e39496d7376,0.4712939837302055
e9f7fa86eec2435a,0.4942426182238435
db3f6f4d9dd04a46,0.42670061786096225
89c215211e0a6b67,0.5511085484042818
d705a40c7ae21c1a,0.49356753303434997
e15addd6201895c6,0.49381854504926226
d8705570867a5c53,0.42994597378244315
acd123ca8545333f,0.5129382121660567
4c1aa9f44792b024,0.5529346548082539
935c7616fa280ae8,0.521018785987764
ebf9bce361a247e6,0.5916513233049746
d065c136a2a6d91c,0.5632980909084984
595af711368d68b0,0.4736092657503167
8f0514545eff9089,0.4865030911013455
54d48b985c0889f7,0.4714901918999217
653bbf1f00cfb6ef,0.46254951622999063
e334fcca56e4aa18,0.49074437726347897
c648a2a1e3e6a74e,0.4779612842570391
1797741daa25241a,0.5304662235547727
4d75bd50a23bb68e,0.5097992071644799
a4f3e4c5b9daadba,0.5169960484382977
8855363a4084d7e5,0.4949794252023465
1179d589d4cdb2aa,0.5204191217083212
a63169cecd448629,0.5036228064809947
9f957b1a500afe66,0.49324854324022516
022ded2eca262bfa,0.47333488808338386
f75bdf1e241449c0,0.4712719876459861
b9daf067f81ff852,0.4749929734318592
6684a597f831c7aa,0.5298552062128896
ab7678a18248a8ee,0.4611070321408075
786b3e4d096a48ed,0.5163584412080746
609fd3f3fb340ae4,0.49030590185190437
457c0e6e46a69758,0.5864235038221212
74ad8ef851837547,0.548616769776932
bcfa045b8120a7a4,0.47362109833723287
0794e78c5508b690,0.49371405517905287
168f19fbc04cbde3,0.486511641586846
5042647e1a342852,0.6261666168285579
a0175ff918af0c62,0.5989418326539536
03623f47b8e15016,0.4977329974813933
bef9148bc8d38c09,0.49153389375900103
90a064e6aa47f2f0,0.4777425188864577
f02d3b9204a346d3,0.6126552079085795
1ba24fb2e56ea634,0.5673338051989048
4fd25b3265876a1f,0.5248626593636151
7a2112204ae74ced,0.45692586103662913
0cdaedd87f18a470,0.47068270934201406
da8e4878aa51aaec,0.5272736254625955
c935ec0c7cf1dddd,0.5244040681383189
22a32a5cf4de3465,0.5244639931886652
e124e70470f3a304,0.5208540538788569
62842122bb932998,0.5118653911855939
a7402364a6f7a78b,0.5261388538381716
cdb6ac5bb8f7d8e1,0.47408369170230846
8a2a4744159ddbb9,0.5040626323551041
9d0d14a93ca8e3ec,0.5768567354376296
f8327b2bbbd2b20a,0.4908771446723238
e324fa2b006bc92d,0.5082332257954154
4d6d206bbbd359ec,0.5049225781088487
b37711d2ea81d6e1,0.4923857429677445
00f1ce694f0a0100,0.5109408231589384
d65aa146be46426d,0.4749827031171887
e9bed46da5ba64b0,0.4802940774835006
d649a6952ed29662,0.46205735426338523
4b0d017fec1b9192,0.4644327736861208
df4622dee1cf531d,0.46401611897583006
9707e2657f830650,0.5452105658851544
165b001b63fe58ff,0.5127622515447564
589fd823c55368b4,0.4529749083475464
16be660bd9c31e70,0.5307568484383246
7a8b112043865550,0.5268744347278006
c825e22ef78d6948,0.46419938285570805
a14c76ff7d686dd6,0.5048266029394345
d521ffc247a3c31e,0.46745384742563545
2d5599938d3bdf70,0.4756948122913872
6db845182d1e5d3e,0.5035728688072448
234da1206cb1184f,0.47382166568851103
1f1857d6c7adca1d,0.5145359928643368
6237ad0de7986c81,0.4959072165581073
25032917a1121870,0.5168227924226905
7692764d6c85f6c2,0.5154662965639227
444e8444710f1392,0.4531859195476893
facc7258e8be0d5a,0.4951195544528999
94a898ee23f8c92b,0.495161067910175
f59b8c5728345e55,0.5094905745101608
94e1fccd8bdb3dba,0.5351892667797005
6c3d2acba397cc55,0.537209039070214
181a0760de0f862d,0.4934944812469273
66b6299fc4be752e,0.5140299239618593
aba7e96fd2721a92,0.5323287467836146
a1fd9da6743334f9,0.49585184561040463
ff0ba18d34c7f4f5,0.47708306976361126
a762cde57d51a916,0.5090940553673358
b1c76bd4c7e69cd5,0.44140619711356277
3fc114091e421149,0.5393211807531588
f91708f91422d1d9,0.4935591198034084
d3b3e381d45904e3,0.4856455533006343
069b3e535b0f7703,0.42205778066724253
5b392600add77735,0.507594617828685
71aa662d017118d6,0.5524382568690086
953a321908fc7c6b,0.517865586853847
b797f87e0dd61a68,0.5902848262601386
eab1ab6ad43bd2a9,0.5623033925607195
6e695e9b02f0607d,0.4690887959526072
a65e060d5900bc2a,0.485569393945541
cf20b164d691aba3,0.4807549119307468
a72e24500531a0fb,0.4663673233362211
e80c56a97e2d5905,0.4984495656746374
eb2550f7e2eb2a19,0.47199509794219563
b4e2aee5264a6630,0.5389019772002865
518c28b7b063468f,0.5189280039328993
f92af4e872cf468d,0.5310031485853792
6e8097ce71fb42ad,0.4964785940229839
7e0ebd3ce46cb3a2,0.5238641782343764
bc3b372ffbb7e0fa,0.48361340021307897
dde913d9e24b26da,0.4954538601668679
8facd90d4b314d15,0.47368277549663795
b8a4a4629d230ba5,0.4846563853970891
2692394228dd1f0e,0.4840290839323024
2919d27fd3482366,0.5265759964117525
8a0ad67e730513e6,0.47079744653678424
439fcb2e0f5e1bf1,0.5063791533393566
3c2fb9454649fbc0,0.48974506798057404
60bc907853a729c9,0.5864686855386956
a792d76c7ae866eb,0.5534612593514523
c2053219df6bd9c4,0.4634224640410989
7f6ef8ac77e0ed52,0.49939698640083574
acb48c58a19aa814,0.4773972700154834
3f36e069fda6a1c1,0.620154760540135
b6b800532cbf52d2,0.6033786442679175
6b7c6b93e796ad5b,0.49828591786406407
33036f9e96602444,0.48846051674077573
fb4f821c0b045a0e,0.4719082120288254
2f6d41cecbe60534,0.6231653350923114
4b8585a9ee71ff29,0.5647840918014384
5947729ae23ee12f,0.5138893759078911
938410d02bbdbb6b,0.45452573175551025
89c643cc10bd3674,0.46260727963311843
590a7ed7eb4d5c09,0.5211431085127121
5423bf651b795f91,0.5250699610567031
52bbb6c88b336a3f,0.5256296216074176
5ad655eb96aecff9,0.5166461385451856
fff27416c2ca10bd,0.5226728629796932
cfeec093d7c6dbf9,0.5281900317288794
2832afac0e3eafeb,0.47491639257897633
17b9dbefe88487ef,0.4988019150769216
3ab69ecf8171deaf,0.586649989819035
cceb8e01a3f95ffc,0.48809310648460613
a89543a84d374265,0.5174529313054652
eaf30a6ad3c8aa17,0.5021876514183802
66d914f352cce7fe,0.49080055686810486
72be6a61ac66f3b7,0.508215431528671
1edb2dd8f5df2b58,0.47395560063647824
86a7134b9a7dc2b2,0.46072048857173076
64fd196cca5ed136,0.463018568601396
16d94421bc2f79c0,0.4543148861706463
54dde529e504991d,0.45458355161679864
120c8da6fcd68bde,0.5536846804980036
adaceb492deb642b,0.5108961967113472
afd62218b1ff03f4,0.4589406014101779
b36d483a8807cf68,0.538110702508797
5a83bf686e54faba,0.5266474907059524
a042e1593d9db9b2,0.46948478246157754
dd30d596875056d9,0.5045332611617449
f22d4a43b95e6d5f,0.48105716512823427
b02a7b8f5dedb873,0.4978747002826982
7ab8f4ae3af2afc0,0.5153911032864004
2e5354a3ef70ccc9,0.4751054910141286
7ce70888ff9d2643,0.5047878145007998
f63195a149eef7f8,0.4823924102387631
16bb1186f6de39c4,0.5134933193502094
19d7e9084fe12706,0.5230309500990827
76b9b66e1f9199da,0.45509049590010986
8c90cc6d011d2956,0.48801803404814836
fcf1a1b26e5466b3,0.4957093927409115
f58d262b551b8fe7,0.5064111001514049
158e09a6586f2b19,0.5452423790537736
6958c39bbf4646b0,0.5436279159446002
644fb7024ecc21e1,0.4901232319927745
2f60e9b96cfa72e9,0.517447526923081
f8c494fab641765f,0.5229417195226478
2268b4a31a1c44d0,0.4972130942050734
ce8c04c11d01a99d,0.47727014822868874
675f191beebd3620,0.4949241483703304
0e85b87278c32644,0.43149245776794
c5d8d6a1d774d51f,0.5451068762676552
98f3135b76129835,0.5021839265741861
be95e62ca72a0cac,0.4833458589522691
cd9684bf228e4aeb,0.432620370845316
339e61ebd83ea70c,0.5058823673648074
5613e01a279e6fa3,0.5509894466622633
aaa4dcfb8eda2290,0.5136028240660229
7d99c35d72c5fa8c,0.5897898977907293
7c397143bb7be13e,0.5523610846266424
c26df79b0c84d184,0.4557125406550493
29b64f963afecb00,0.47139255475978703
aaa7e8bbb6dc60a7,0.47681023224053676
d47475cf7e707b94,0.45949276512686965
cdc75248ea867722,0.4959135001528584
3920dea338efa73b,0.4784177213390717
b2d4357ac0d05fca,0.5353547296654652
504e30d4adda7b30,0.5099713831075006
b4fa1fc6c1bb3b3d,0.5308753493753781
25cb6eb3892f2b5a,0.5145178495062218
58d35a6030dc1f49,0.5245620709818024
8764a832bdf54be1,0.5050665493688868
71dacd5ba6be1457,0.4937133886409789
e978b5a6b22b22fc,0.486996541736627
b2c2417b0d59238d,0.4881071615237892
84a4a72fae216129,0.4687178522322648
2bd8a3b5d0491187,0.546270071970958
5e1b197212f2f128,0.4830818693056801
c56ca1f977114836,0.5001020074691497
1534b10dadade7a8,0.49081869503318365
011c3e0c081d702e,0.6091664448531156
f11ab656709b185e,0.5527299002740594
a2341622658e7eaf,0.4698491097487256
f4bedb2e0da64541,0.49114858789415616
5aaf80bf32332bd8,0.4794019079069469
081b95c2ba40c19d,0.6207957777714195
dffa47b3483eeb7e,0.6004879099541485
71a86966435017c9,0.5007832716568483
bf33654f7c9645ae,0.48178557570589475
7959be04241d2cfd,0.4756551266551635
075d0c773aef7391,0.6049560068707868
b4fa898a6583bb67,0.5763962596694014
1b8f4b2f8e34689a,0.5120461589999705
6849b7550f656ea0,0.4679538473173932
66be81eea8ed2911,0.47062445355638527
14f9bb213925ac42,0.5230487280779632
2f74b575e94ae984,0.5226512834281926
d833e1ff150504da,0.5199506761399636
61fba920736306d7,0.5156373017592754
bf8d0808012cdf7f,0.515583503525434
5e6847500947ddb0,0.5255285704262994
8c43bbdb3ec12154,0.46250187258145115
8c43b39d4021a073,0.5176637613272
15fd5e5c477abee5,0.5828999980129186
5212521845c64b8d,0.47835474334999406
6ae7946d625f6123,0.5136732531224
d65446fb373693fa,0.5111961430296684
3770ab02df081ccf,0.4742375674296362
575f527b9619a1d4,0.5126119725428648
d305957bd3f085af,0.4720632739809181
b631bf1df95273f6,0.47419373509423246
9b4b5fbbf2c5ee7c,0.45659797975873784
b4c6d2b3f28a2693,0.4504609202182934
5a7dd9925fa549d6,0.45791478581993605
2e7feb870c86fa79,0.5476028405419044
dcba0443b6df7487,0.5108775349102426
8c0622bae376fffa,0.44974948816932325
7e5f3662390b351e,0.5256377198691429
7cbc3d5a420f8718,0.5240529395543934
70431c515cea5574,0.4655900676197642
f2fcb34286d76554,0.49420223587925427
542eb5ca5ac16a49,0.48265412761668736
74e510573ab5f502,0.4983115783805089
99fc8458b7416fc6,0.5161341975693705
ce012c1f73ccd4a0,0.46900663280594657
bdf95ce3f14f4e6c,0.501807913977087
0579f0a452b0e2b8,0.47534522529894074
1375e82654256b57,0.5082958284089444
2cf7742916b3ec94,0.5119739956224365
4afd2397e4323f93,0.4600360856363128
b792b02ddd87e887,0.49669507350207687
96ec303563b18fe2,0.5128377345628592
704128a30546ceff,0.5085576526240574
8f2ffe3f8d15a545,0.5389895087112453
4a807421f3db1d99,0.5329608341363284
c086b7bc074f80b0,0.4946323435632707
2bc962b8dea7385c,0.5094328522165523
8dc3ab3dd35dc92b,0.5387754891408634
7849dd79019543d2,0.4942476579574582
fe013106f9b77d1d,0.48491621446974187
ce5bb7c4e87dbae5,0.5087305936731599
8c2c652e96e4c86b,0.4295775639759911
cbd2b4157c2b66ff,0.5491369694214818
b96add5292bd0224,0.5011617557214361
7d23e9fecff3d0f8,0.481668137253773
147c094a28093b4c,0.42656936792689026
f0d26c093a8d8395,0.5054087481438481
a59849f382ca874d,0.540676382936493
851b24dbfbe685a9,0.5118243255732629
8880201ed31ae679,0.5882006341152126
99b2c740bcee2393,0.5591117290566044
7a106105110447d7,0.46373812710630524
59d74ee2064f2280,0.46738069304774277
185a15d4a7ffaf00,0.4719044439986718
c42199166a72756a,0.48531309418824253
223e636aff975135,0.5026183810768173
b82d4761d79c7ef3,0.47273220788450043
05bea1cff747d98f,0.5323797554166845
55a7987b51efe598,0.5141086891841439
15e28b37814abb5d,0.5338147817108385
e064d138be5e972c,0.5226868462584922
5cca4fd02798d330,0.5289379690812324
db941ee42e647063,0.5097691441010679
ba640e4585591ee0,0.4918572177017124
e7a2958a61632fe9,0.49344460630264386
99b97cd808ef13e8,0.503240127663202
fd02c52d233a5a25,0.4689271657402454
17dcdfcb0d2e7c02,0.5451977606158409
26bf6584a41662de,0.4967956329378347
5a573c1b26635a80,0.5148133148310807
9c60baba58c6554b,0.4884839006226753
68b503a239fff913,0.5998349731696722
61d499a63a1fe3f3,0.5503925974023915
957a07cbba781cf7,0.46522299011022583
b08bdccca7bc84e9,0.4959295593143864
ea625efd8960dc73,0.4773869001726805
3dd17a2b92145443,0.6265455175553813
46c8fdadf329341b,0.6052673164572686
97dc7bf5c837fc13,0.5099965297954371
51eae2925bbdf065,0.48383505859567133
27097209cb4fd2c4,0.4730399121421196
be15a82bcc85318a,0.6045928291790208
6e6f29a12bfa481b,0.5838659440092997
7193ee64232d8b8d,0.5151361654048642
f0b061af9ebb4b56,0.4686029316124184
ec59531f1290f77c,0.46499899964625335
d6fc3cad45dc7d82,0.5255180001178945
f54a0209a12b3ed0,0.5196659671466737
8c875df9d1b7f663,0.5284755796311197
82d43dd426ddd912,0.5136580186933137
1fd1bef75eccee92,0.5197224387065068
863517bc2291fe7a,0.5311315560709515
7c3b85da79371188,0.4593646396203619
36d5079ed911a13d,0.517625987331618
592faced595c41ee,0.5808504751903361
3d233d140be07682,0.47480331806020604
e7f2a184c1eccd1f,0.5141276321107366
705986bb386fd189,0.5030608111149816
0dd3bb89f508fa91,0.4746189173755666
be0f3809528521b2,0.5045890589671566
190e0f85e0606ad2,0.4785618100822384
a42eaaf8a9be1eec,0.4669183892761908
1d16346c1dd3b945,0.463428469397438
5f36a57056c6cd06,0.4533816891386324
e7dca76fec43da37,0.4571431393182399
a463d95f0d4c7a57,0.5566746509358955
bcf0a977e610ba76,0.5099450334092042
048385fafb688083,0.4458333710031501
3eac3949385ccb34,0.5311985006476202
25a48915a62f37a7,0.5141189844420117
c17027f31d558c4b,0.46561034817874436
b1f90c4648460ee8,0.49258341040029263
da86548808befafc,0.48794952852301243
a341b5c434ee80f9,0.49512211187087973
23b1c7d45ccff342,0.5039997977435731
8413f30337ec78ff,0.4655113104347852
9301fd25c6964b9f,0.4898807756351786
a1b2c549ca992252,0.48013159880035583
feb7152aba36c401,0.509892698112256
88413ff6201ca0c0,0.5089801049786133
b0cef2ad35660d52,0.45542816668998876
f1e1b7b056abe18b,0.49011183299621097
c193df2164ab85f4,0.5028419384121177
eea49f775fd5b762,0.515952847556499
31ba66ec8975f09c,0.5476404807715342
3ba5ce3b38ab9a26,0.5448786133201935
703c7583fa32877b,0.4749992637365372
57b0979951d15943,0.5056931179446036
cefe2974076c9406,0.536344446890526
143047e53c1984c4,0.4982410376398567
e02495a8f09c2b96,0.47099060564739137
cea4f7b9cfcb0138,0.50084872038733
6774501cf2617465,0.4220386505271292
b1aa2c349b7ed0ea,0.5329211009241639
81b1f222300b3fdc,0.5049209831545509
7227c600600b22a9,0.48074401404411116
8bd01c24287e07e7,0.42982349492362837
c944f2f077fab4f7,0.5043535905120293
4dec3a0c3d69b621,0.5464834597813162
3391482f2753bffa,0.5129024203149352
2257bc22450a885a,0.5931909069803107
cb163fa9c2245259,0.5564663373578784
35a597fa2af6f306,0.46104731987222114
cdac8304af40a440,0.4599974632826882
0d4531157be85260,0.47233050661316556
5d60b6ae6fce7723,0.47822069918450183
2eef8c55a44cbeaf,0.5050784139412127
14abaffa857fbed0,0.45845083120784125
be21e97c3f22159c,0.518877941752391
6842f6e3360e83df,0.5104117221345135
5a2dc6ac7388ebaf,0.5330396581355829
49840800f158195a,0.5162742822025802
dad23c8f217dc030,0.5369929980533249
534f12c9fb252b17,0.5043192922072199
d6c7bf3100189ada,0.49124664291075826
dcc4f9b539d13bf6,0.4815957085724265
138779e4c39aa8d1,0.5046425534636847
0581256942acb149,0.47028278135538804
aaf8a163ae4f167b,0.5464692563254407
60c5520d36c46a4e,0.4771459669243029
443f15ddd1d6db62,0.5263981594638226
1381a28e2ea6fbfd,0.487153871966461
1219616b93f13ca3,0.6034260094681043
1ab572cae089be0a,0.5602444290867459
c05e44a96a04dac1,0.46555268823745455
f49aa32e2a454105,0.48418609317470895
e50dbd15ca50118d,0.469316196973132
79a0e89010cce879,0.6279028386023495
6a5363c26ae9fbf0,0.612862050915127
cbbc889eeb7b3c1f,0.5136766306950664
2274825b88a2d05d,0.4779016258040627
633bc59911f19be8,0.4740427501637682
9cdc6c42f33fb261,0.6098667451373774
cb6a2533225d673d,0.5814255351121294
1124aab5f9c63ddd,0.5073410797844996
c7bb617e75d2f25c,0.4707230449956423
67936d4a2295e67e,0.47038573430392217
114c8abf659237df,0.5195404289280781
0fc678734f850e34,0.5203570250760691
cb8d5397bba9254b,0.5159726480374153
395b75993721f1fe,0.5213312879611021
105b0ab3a5a82e7e,0.5119738193855106
099151c3fd444583,0.528666511098649
55a46fab30b95eba,0.4516481366508036
f4f5fb0f62dd5ce6,0.5143123526632237
dbf7146c461c33ba,0.5822470678899376
a02845e77a88b21c,0.4705587878337014
9a19160e5555a6d1,0.5158686584847811
28285fe58a577d42,0.5114404648110309
096465559e8d62a3,0.4708356432378622
c96da9836b0d31a9,0.5091484374589865
29f5ab254c797ef1,0.47727571972380867
7573a49e9513fc7a,0.4722377082243996
b2714a67ee800085,0.467479545269036
2951f7332be9f3c6,0.4635962572741561
d0fbeb40c710e7ea,0.4668662082851234
53cd47096d2cb224,0.556494474377963
a9f8b2ecd9533b50,0.5096149172601245
99caf30be8631a44,0.4503479372647544
438ca74a6694b2a3,0.5195058420278468
ea2bf97cc8690d9b,0.5173697225203655
ab93edeea2f0ed97,0.4650141992106285
6ac3c863ca92c2ef,0.48070066298914826
7992276c2db690d4,0.4885688539737829
0c5ffd181298f7b5,0.4922385214674555
169f34fd3fe03b29,0.49793983831267996
e8762b9a4f6e1281,0.46699041382952755
1b94432d906581f4,0.4930347214603039
b995c9a0d614d891,0.47870252259568724
32cb88087d216236,0.5015163389286408
b7dbc5ac1e49a43b,0.5134629175499097
708eb6296e700f96,0.4561887776011698
eae3587085739153,0.48196300760730315
456c83fd68bdb56f,0.5032210695801961
7e48d089933daeba,0.5148195957209347
f4327ae2ff049d60,0.5519172053335895
fbb2a0f9fb181436,0.5400617626522244
8cc3e54a6a8f1e2b,0.47179595633314597
571b37c839ff7004,0.510041777847352
53f3fac9c77a98b0,0.5307525879608855
e23f2d0c36a12746,0.4933957840392009
3e46de0782dc35b5,0.4710963647352773
e7a6033409999d1f,0.49555077035282924
628b8a78f34a0190,0.426079400711179
def10aea83280f3e,0.5387655726550657
6879d04b99873088,0.5147358837624184
210b53d2919da935,0.48362259556012654
f20427f928c507e5,0.43567594840656465
1ab7a1053adfb47a,0.5175434780118513
acfb580a365a8409,0.5425554657657375
5e388bfe13725bc4,0.5235186752635558
fa391dcbd0c7b877,0.5918226598407069
6a07fbe97380b607,0.5525908721402584
6fe14dfd7b44fcb7,0.46856100704442105
ec0226b6051faf4e,0.4436384471305881
6e6435cf40a67a6f,0.4777944245381657
096edde6ab7e37b6,0.48664184302768176
ed1a3377d80b90b9,0.5058677814103169
17f4f1e343861285,0.4603126621576463
1d3b3fad129d83c9,0.5199881743573207
97ad5d4aea17eaa0,0.49875078122126637
82064f1a88515048,0.5272066836872502
ebd6aeb055a7e899,0.5137090906788438
40c1d073345f7044,0.5349585401559809
c31c218a0698c81c,0.5113551766026155
976f619fb96765b1,0.4927865053070003
2af593d04de179a6,0.4796988793431598
00ae770227d794a1,0.49131239846472374
48f5b107713cde6a,0.4596712972096064
3da6dd4ae3068de8,0.5411356781743561
d7da19ff01a7d55b,0.47379292147993457
d432c8736f91a282,0.5145480679440255
8c829ea94214164b,0.4824309558379313
44584708ccc9078a,0.6022800631791156
340ebdef20e3b92a,0.5736083999498545
85e529402cf8c7aa,0.46704236935855237
3b04c2b1a61c145b,0.4841756348355952
ea077d8b3ee148a2,0.4646081218144624
43a780fe3f437fcf,0.6233548147549359
6a1f5ab5e57fa804,0.6006960448121845
f81a153209b3c89c,0.5110911678929485
5b386f9be642e7a2,0.47736990101404275
24a4b723bf72fa1d,0.4800326175673917
b10412811a926d22,0.6097707773969734
1f424e3664e47550,0.5997474979892328
01f50f4e31de2558,0.5157133863877958
4815f3e80b5d9725,0.4663934737087162
ee58f73cab96017d,0.48630847129833277
51be1d9857b8de6c,0.5204391408277498
3da966fbdef359f7,0.5157352389498434
e1e8e2b24838c373,0.5106537575256825
43aae88cf0c7b10b,0.5280353680303711
93a97ccc97711deb,0.5004513344257844
5a5e22fd1dee6369,0.5258715267932149
542606d45eaf097c,0.45471885403381607
6add41875ed1050a,0.5183631770411309
d106405c514d63a9,0.582315647140414
7c5ef2777ef994f6,0.4799830414388284
400f1411f0a4b59e,0.5163139122303859
487a4745fa54e5a4,0.5098541952580096
f27e77441d765d13,0.46271714931265684
410b9c0202e16eba,0.5100956171247704
2cf941fa0ba52da2,0.47818260254985323
d9179a050b89e9a9,0.48276376438461954
f1b5683ea42e5856,0.45710633034688164
d92cdc767dea433d,0.4566399798547014
a44105866372650d,0.45824782960231714
7eb1d1ba9ef75768,0.5568556487518821
cbcb4381b4c15032,0.5050538775787559
eea7222a1d050f0d,0.45277080771124045
c44aaed7794ddeb5,0.5195993890366901
32fa38ac7cdc6c46,0.5147412486312672
3e6fbf8f68c7ff1a,0.46797491915266964
1555a10d5b42c40a,0.47441431415209623
dd82c1f21a13d0f9,0.48379759602496153
71a9a8fb9004263c,0.4980455982414682
a5874bdd1d526327,0.49419232705453386
03212e94b2b3e2c8,0.4630413008064497
6a790d10b7a15fa9,0.4865945406733725
4dff33a70525e84d,0.48005514176292785
d3e5cc99c52df0d0,0.4979382144094361
8b21aac6d1dc3647,0.5132908570359807
2ffe60d9b9cf6c50,0.4529847492342187
c00b15fc474471b0,0.47810885018326066
0e021bbee110cb92,0.49634629527924523
521191b491a3800e,0.5104429925202627
447cf60ef8f7cf11,0.5452479142286693
5184992672beb088,0.5412505657161708
c6d06b02be481855,0.47071642609743525
853f94924626e0c4,0.5114244886871302
da64664423e22dff,0.5348190621559934
61528385f78bd18b,0.5011967141909629
3aca001df1b89c48,0.4804165041316887
1a45d646b7bf47a6,0.4976365282892974
420a5c804fcb1c4b,0.43456710119668984
bf1de0f88fa89b1a,0.5422081243876176
f20b8a328c8eca68,0.5135901602288684
a92ba60d83d3e30a,0.48982526683870153
215ea62f2e476e3c,0.4345354255018219
0b2f0f61be8e9047,0.522588088860632
f403f4218a6ca0ad,0.5383606912294377
75e643408588b51d,0.5206919614128125
f4fa9cd2ed44889a,0.6074815724379352
ddaa257b6efdb66f,0.5434754698315081
13c23019a428c385,0.47851547288214324
207b7561025b8138,0.45157043959129617
8dd4bf292bf765f7,0.46780549947725014
2049595c3c2436c7,0.48493052827847616
6765ef5afb23d124,0.49250161805645243
fd94a90b7b76ba89,0.46941469216214515
534431e0670a7407,0.5151619569128445
68b88ac8d0aac9de,0.4975935115010913
fa56433c39fe421a,0.5264562842706152
3682adb313b8f83b,0.5137556938974637
96a336f84f26b541,0.5339994903154832
660760c51c54f7c7,0.5010312103053436
027ee7adac71eb7e,0.5029730806787525
0cf755859add0271,0.481504597251991
9f20df79df477859,0.4964796872644739
1141275201876d86,0.46216728495703285
4104979536e90405,0.5456717281551726
3ad0c6518d3e27e2,0.49148266195287416
8a964aaec3ac05ba,0.5130221208352375
10b89ddad305f7ff,0.4929175141165737
b16673c1b0b7bec4,0.60207776111128
549f0f9f001520e1,0.5826429166680372
0234670be16bacb5,0.4675574400030287
79579fe0fd493421,0.48321216038458514
112619738509b387,0.46733463934105646
c350cbbfb3c29ef0,0.6293345372930073
106a7bdc4d470cec,0.6015480448673012
f6f3af4c51a5ffd6,0.5048053160461486
957751f9296b95b5,0.4879688687185113
93f998f986031676,0.47475664166495424
604d24b2a38d08a8,0.6095634439419343
2b0cd795c44f9d2e,0.5840466851731492
170553db462ebcbc,0.5170445338317305
558b895d6fbce432,0.46237611300488024
e35c8782762cfc30,0.47658944565474726
7c2b27d4cc8d584d,0.5051999489617347
acda79430dd078d1,0.5019141885294118
b14e96dfa1ac3a92,0.5080136433785648
bfd59e2a34e55fad,0.5001116639435325
1e4aafb638fbb5b8,0.5158881319826014
fd6d790a8ce3e679,0.5218157913270088
e2e258822b91b055,0.46303980336188677
bcd940cdc820a9ff,0.5083696296509806
6c172c916933bc8f,0.5902992182648007
e09ce2d1ae3c7292,0.4786931234906042
116b312d0a1f2794,0.5131969254628972
8ef3271c55e6d832,0.5093279716562681
d281c74cbcfa9625,0.473986617418805
94edf713840152aa,0.5084945887000661
0a05891bba164ec0,0.4797504651512019
995045946699821c,0.47618935096016424
95d0f154ff8501b8,0.46309428410706055
7a4735ca07944b49,0.4596129759688312
cf7939bd12192352,0.46062589655758424
9dd9dff60e6bc5fc,0.5495857268174978
c3d2fa301e127d07,0.5082012365641448
317da77763db4952,0.45358892894300173
20009c52e68b279f,0.521943504180079
598990869acc1abe,0.5114098347947221
e814d41cd828f83a,0.4693936159624199
0b7f1142b80a2afa,0.47434512941281626
755e46e61df34521,0.4765570160140893
bafa2ed1813866f8,0.5027100916363161
fbe8170e329306a3,0.49896526094956184
5505fc382e32a187,0.4676935350123236
781f1e23d73e300d,0.4911143318823541
acce42115ebf28cb,0.4784997621439391
b620effffa5b67b0,0.49636170458030127
45c7ed93e3509e7c,0.5036583178960069
45d212eb648bbcba,0.4563936279378378
0d010d5a56ed92d3,0.4831490004102744
5df7e9a61c561753,0.5027996338358882
fe38447079e9f6bb,0.5161408354402853
eb07579487895297,0.5507107488111933
9222320e27f15e5f,0.5424982489012538
d7f14c32b2ce0f48,0.4794441403662417
c2588596540e29f2,0.5059633215436617
51f0439ae570a057,0.5282282267516833
9873be2c4efc9530,0.5033972827688001
769e0fdbb5d62694,0.4811348299014153
2ccb4a6545d95adc,0.49855787532780793
96949019638293cb,0.44017937441691224
69d23b177e61b88f,0.5319191866827858
79ebcfb03725181a,0.485874192665968
9e9412675ebfafb4,0.488447379181443
92719245252a38f6,0.43662801046550603
00ba2c91521dbeb3,0.5079121734129123
a633fad90c69d524,0.5407430437792142
e47a2d8da6da3f2b,0.5001391691636166
9f7fafda62407ac1,0.591463040162855
9569f5e79352bd39,0.5511711567300068
558a9a8ecb08ddea,0.4714461739161593
e0d55392b6162aa0,0.44773950210160174
359d18662de6ea85,0.4733084209857944
1e0444400a4fc124,0.4875847016454137
26568015ba633114,0.5029951395033565
05176533d9c932d0,0.47529313474183477
4f0a3c31d3ebe74e,0.5175604455901839
fe4ca2d1ea64b1f0,0.4966473775655045
33b6c9da27c47018,0.5114298168027749
3ba3c8630e02bb0c,0.5128283757679115
db07f644452c32e2,0.5316739341068336
09413801cdeb36b0,0.49690635405512196
d6db5460981ea8da,0.5105952439971804
782888eef9a02917,0.501717168052872
bf97b12e8fecd506,0.49437866554221854
0b22b93eafdb0f79,0.4816013745501908
6004a90818d04eab,0.5230236482398505
26524ffa193321ed,0.49647049333864723
780dd50a1b28e017,0.5169765770343261
f237a05e1953d63f,0.4896755975604111
dbfdc36e78f2502b,0.5984011017153327
0d964bfdf7bb4bf7,0.5720326943186541
4ab31cd2058c34d4,0.4729303371978796
f483b087a75b86a2,0.48203615551739487
74e41ef34d3b29fa,0.4732603193361222
ec648c356a27923d,0.6205508109504364
a4695d65f6193915,0.6124175140704191
cd9ea470a9cecb13,0.4841479410490699
08efb273c7580a35,0.47916318603270924
6df20c22b8dcfede,0.4851030256274891
1e8bd04570003640,0.6171983235474354
e31329d87ba831f0,0.5367087480113396
0175efa1f10d25d9,0.5194681054393027
91821c04f020ae8e,0.46844778193823355
a7142215655694fd,0.47511193352834813
9ae96ca8ffae1285,0.5022198851445584
30b90b87f8712010,0.49118703886909365
592328df01eeb4d9,0.507088151132935
47548dc711765df3,0.5038572438007798
5a53c3ff18bcbaef,0.5130531615549219
f2565da47dd000d6,0.4956221417766835
5853fe0cff14d56e,0.46809396110655477
72056319f2b67597,0.4966315892119796
aac37f08db263f49,0.5924345488259717
1da27a7b9dad5bc9,0.47213747011727136
f3bc5bb804d2bd6b,0.5124965089169715
4d1f01304e53bc7f,0.5175208533395906
abf5074d1cd3ffc3,0.4752861505822621
0e86a56c11956305,0.5085374185580732
e4d5c47ccdd5b775,0.48219554736911285
b87af9f08d8fea94,0.4834764187564262
4348ca63a31807c2,0.46417253489611743
fad397758c59fd70,0.4669511323376756
50664cf238d290ad,0.45548724052355993
a6899d9a5c75f175,0.5468617329593608
82d93c6f97ab63cd,0.5025077065310759
9a3d54e2d0f75583,0.452767910696245
7be5f81e169177f7,0.5196814951855457
293d38b5fa3367b8,0.5347044749096375
997f6a72e6a46410,0.48024085966940744
5c90361744b3a7ff,0.4747534759156259
c88d66d639eab00c,0.46932899261339356
b92685aa924eaaa7,0.49607915517948675
9661c333fa86335f,0.4986193829738236
61ba3fff0a953f97,0.47552257414892174
0424826e09fa4063,0.49946188538499414
6ecb2582afd2dc4c,0.47963228045786643
66c6f3be1bdb966e,0.5039312175646475
4da19419d3da13d7,0.5265384972454129
5da147046c26332e,0.4684691379056829
f92b00dc4a507a23,0.4859994196565879
699d83fb00acfa3f,0.5018613942306132
2c87a9687cc327fc,0.5223359889749655
1d1ea9ed48b54bec,0.5496515539066626
bae5e5045c9d6659,0.538054018855487
d427eb55126e8ce1,0.47477348643878226
0d5ac8f33fe1605b,0.5040697691358705
b8d03c8f4884e425,0.522733946171245
754aa89d45e6bdc7,0.49054118396124125
149c827b981ee7a0,0.4684473629338045
fed463c6f618e6f4,0.5005016851276309
a3904058eb75b8bb,0.43758586618125606
714382cae410174c,0.5211233576569931
8524d43df912fa57,0.4844648692398408
435ddff1a0feb19e,0.48456412967033424
33ae3fb95abd5107,0.43413277211996437
e0d30fca87143d4e,0.49768181799451394
860edd8667acf6ac,0.5314688183442327
6713ebebb43fa491,0.4939044568166223
173b2e0c91de700a,0.594368038659808
612c7c0da2fe3928,0.5455549108626242
9701cc4b3fddb1c4,0.4881387953289149
87af7cc5bddedf9b,0.4548167256279898
50efc7007730a332,0.47688945639311453
21f9f39e30021878,0.484376892426839
ff0427fe978b64b7,0.49221060171809383
68dffb54e902783d,0.46357794764107596
76d82a425c864750,0.5193665379684546
eecdbe9418e46dd0,0.512161802617431
fafe5a9291fb76ff,0.5189516193727953
1aa9fd170af48866,0.5128343618095567
1369f5241df7c0f0,0.5269411842402978
d1a98037fee66bb3,0.496081081634701
3ff848680b5488de,0.48616071954488316
9bb160e4cf18f198,0.5040566563363101
d8a205ffa93ba82c,0.49459742063629675
613624b692c76223,0.4797372979440031
06eaaa3ea9cabed1,0.529720155220701
5029311e2687683c,0.49682359645647556
d4a7709f28455b8a,0.5191248934680447
f716262330094717,0.48666819694523755
eb8daccf0b25bc08,0.6260315704428192
b19c395c69e5816d,0.5737729367646761
5da69eddfd8662c0,0.46921246661171767
6fc54df4ccc397a1,0.48744741607149566
980866792cc2680c,0.47120429619583115
25c6f1db51cc7bee,0.6411304741293073
1efba9b47b94da65,0.6150947950234482
3816919274325f6f,0.4828017968197711
7ed14b001b31ae4d,0.476194578870346
f061f0a91789e17d,0.4802833089304649
f18bed677b7c501a,0.6257252228727221
d2aec2f27b176701,0.5508874526722913
6d4ed4e01d17ae26,0.5150341141376691
f37f08c4cc411aad,0.45619928234549456
9ba587189c218ef1,0.47388694366082684
d42f3fec111a6f59,0.4958168157809151
d8a9354607b43615,0.5000507287622789
eeaacf12d5f29236,0.5020778951566492
12b0927c2f0df935,0.497037767090991
2645ac93d7b3837f,0.5089887591833886
8a89361292db2a2d,0.496621896660711
c95dbfbb90b962d2,0.45656034474874174
1de839acc9b7bc66,0.4809674317423325
0f8894640b783163,0.5867372214885237
89b1095f56985932,0.4705532812606277
7937d4c2245a413b,0.5132601069245676
eb5e0917f00f87ef,0.5226709478023484
adcc662fa329dabb,0.48580870297266476
80ca3629ced6773e,0.5156621496665884
c6408384283e987a,0.4796009907653044
6ca017147ad27cce,0.48595483479947177
21ec28377d0ad1a5,0.4645812054655589
11c64c60bf318a49,0.47083661389666376
9e6ca8edef39be06,0.46741250865252226
06635f1edf4773c0,0.5442632410200103
a3f725b3d133e541,0.5017484244214676
5f68403c30e4b5d3,0.4530330040257309
ee4f4c0a8858f508,0.51904458087787
3265de10cb99715e,0.5365583805948598
cb816bf731a2223d,0.48101874919008947
f358337f07449e8d,0.48217031018078893
c3d882d1d3c45445,0.4727537634243639
449b5dae4fbe0348,0.5058683014429235
5e2952a2d3eba885,0.5066003656773376
e55ad9e4f3d9adab,0.48932881106944603
eeaf2f83630bf50d,0.49982183607100905
07d4a7faaa840cc8,0.4658219277083022
eae52db066140af1,0.4966841493259535
8e762c1fe1cae10b,0.5215048014430996
ca522038c94b43da,0.4655893729200502
21e901e7bebda51f,0.48213193259359965
60d10e338756eb22,0.49360680943520896
b6de411811d9a4aa,0.5271382285400017
e12506a465e190ee,0.5434982696374017
1dc24b72e2e52ea9,0.5329478406295087
7ff8391b22734d77,0.4797072581449233
1f72ae44e0db0e91,0.5075977871557595
08042346db75989a,0.532800361596606
52ebe485656c81dc,0.5061407929212138
b153c466455088ae,0.4734044828988695
fe5163df35094979,0.492835802833286
036d2bd22991d570,0.43522426464423036
7cc32fc1fb46fdec,0.5310010359706074
4697acaa96105bfc,0.4779675044375912
46e45ed6b951c351,0.4725381668744685
e3b244a16a110709,0.43919051800365205
b34a9ca30649fe68,0.48987481463255744
f74da472af12ca33,0.5325530967977823
08ecac6aae01a8a0,0.4884449035916494
fdde49b8c4ad7e75,0.5897519008128608
f4a646fca068e787,0.5455657022917453
3dad1e771a8d922e,0.4941384925681497
1db5917757a6564b,0.43259198134120114
c4e9e1efa82b3b68,0.4718634517678202
ea8576bc59dca3f2,0.4888319724600261
d5079a6e76e6fe1e,0.5134719537736941
585979a39150cb6e,0.45838803549083207
8f87e4dd61b0e286,0.5409874897833443
532025834ce95457,0.47813649081326737
5c9c21c36e4b4333,0.5185955789928043
eb83d69b31dff3c3,0.4987463196537941
b616895143f071eb,0.519377115332017
83e7aaf3fe3611d5,0.504076639146746
dfaac82c73e81eba,0.5190886918964074
7250aa6517e5f6ab,0.49547619769453455
5663209368960eab,0.48968953003714744
6636dfe06f63d57d,0.46393938200432727
fb58f151de2c1dc2,0.5293574259128154
7c037cc9747846df,0.49551325769103105
82efaedf29c9d44f,0.5162002372245371
2e67c2fff389e459,0.4730001081617008
6d42129de77ed494,0.632066948660261
0aa795acffeda528,0.559718400675853
ebbf4886e33a2f8e,0.48219004182652236
23fd0e456bfa1d86,0.4936569686066299
aff8d2306fe91002,0.47903218626445443
9707a97e4d393e8f,0.6397427233158517
2fd581f716353dbf,0.6033489843251868
8042d426413199de,0.4982864457396462
6eebf96c1c8bcfdc,0.47488094752484433
b9eecd8b30b002d1,0.4714144137157599
c445627440a2cd72,0.6385181783658247
e3b298e0e2126325,0.5456272945458638
0d4909c02c805903,0.5106048532155725
972ee6cd40247f9b,0.4867347745937012
e088f577d6752524,0.47046659728477125
570c5f12a9ce3bda,0.5232539936953068
f2b70fa7cb24fae4,0.5256956420927474
b571af4546b3ed54,0.5213418865185173
c0e609cfff2c5dd3,0.5136661425624554
7549ccf1b9573dbe,0.49416275857462233
4039a7a994dfe05c,0.5060469137475533
5c7ce7a04473e531,0.4626073519727314
265b0f16ff7dfbdd,0.5124535930647309
b43d48146f501c4d,0.589260317642417
488c28ed73bc6aad,0.4987320483757163
930bc0fd37fbd443,0.5278543530770213
38d419ed9de1a06a,0.5090135806461276
2511ab02b4e2f016,0.48288395872712564
1ba79f3800911641,0.5165250962728701
076cd916754c9149,0.46092158210019396
9a7f41e3f4153b0e,0.4741614233074758
a74b3ab921f9cfa5,0.44476370373521723
b6d7565aa9f23905,0.4553607122593871
b9cf6ea2a460dd17,0.44258799400669346
1eaec0fff8fcbcb9,0.5461172467475199
110ae966de3b40b8,0.5038876010449933
f54e590bf7131ef1,0.4616377028764891
70dfe8a55241ab75,0.5067255777220697
6f2887defac99af5,0.5397346991263846
5eaa0c1bf39f1b2a,0.4787013551130721
20cbb1b713a37c49,0.4932123426824455
f894cb817f3c5e7b,0.4721414018278869
f72768ddd11f5f57,0.5057263185532598
5e2a4a496ffaa105,0.5025022287125789
3a56f9474bfa69e8,0.5035140778279049
68adad68c9dfcf6a,0.5005015290903209
2fc31311148bc4db,0.4706577453516181
0c809f5ad669beab,0.4926240668844919
0cd8566487ca6fc2,0.5386033005468777
a85262b033c3c886,0.47098608001184084
60714d00640f249b,0.4846990833626659
44f27ba2e9bf43eb,0.48694678397554203
575bb53c4ab0d547,0.5206280376132795
98c4c4c92eba4ebf,0.5490961624185859
eb3e865b95d79d36,0.5404084562870439
73e3f3afbceaa403,0.484946141204321
1fa9bf514767e096,0.5253685810082753
37cfc031717c85fb,0.5027381356524764
958178f08d053498,0.45307925539597627
6d75c255f15b6f4a,0.47778984331630014
fb30dc0ce2ba799b,0.5058558708123271
b0475fd623f28aac,0.4359054605839562
bca6b84a20584cfb,0.5268883804664457
feb3353013a8db64,0.5123071732918332
f4dbfc876651326b,0.49459401514674717
71f5d33c65abebb7,0.4264487147978583
dd653763bc96728c,0.5114424879328308
b9917fbd6ffb9c93,0.5433578878002437
171953521ed8bc38,0.509133545327178
bcb4ba5a66195c7a,0.5893753836382605
484d723b0837111b,0.5254016840509609
12f520ef289fbfde,0.46271662290511983
25058bae6350253f,0.42629754343989146
b117da8e84d392c6,0.4843007245798584
dcd6063dc107404b,0.4826149031460736
7a46f640d229c196,0.5118593479098019
00537f145d94143f,0.45490228344340355
f6c508bffbd684d9,0.5388589720932284
d1fb3a73cdc08d68,0.4787183350688655
5c971d6e8b37ffaa,0.5225201656146465
1db78d8f0a2ec014,0.49700946126178114
120ed25bd3b31938,0.5189124596745713
af108f9ce2ab85e0,0.5035797739341409
3f4bfe2267b8e1ed,0.5170181489911281
fac3329e1df83961,0.4967053604652538
5a446aad17d23988,0.4890960768302537
6da419501df68298,0.46544119466143297
d07f68ad8a7e1ea5,0.539572492541218
527ccc5c7e5752a7,0.488685300774372
af8ad006ebc46f02,0.5200942927601029
2722acfffce9a606,0.47067606798938344
ba197de8ef6750e9,0.6298617467524414
c1cc9d341d6aa50c,0.5609627432358503
4a3e36a6d103fa56,0.4863028758243555
e2ee8fb0a29e5646,0.4901183019490769
04ccf26d56fb5f18,0.482197501978208
93cda92dde1d0c01,0.6369256043564034
128f3e01f1ac3649,0.5929022675000587
15482be1b730736b,0.4940962248898151
a63085a54d5b19be,0.4728033303461432
05838b7a4f4c932e,0.4716623244257132
56bf29042e465680,0.63834575964758
33fa4038474ec764,0.5467530721529297
1d7ea804913a304e,0.5092788326961706
5099268e0d2d0a76,0.4859869951660136
cf2ae11adc51570f,0.4854892871627634
9e115d0c58f280f3,0.5224883686853601
eebcadf84433b70c,0.5271204856668517
66d898add4e76c79,0.5259409587728759
f7b1177514417db7,0.5145038065319019
5b5852ecc938b7d2,0.4638970223733365
b1a9ed00f40389db,0.5126700220807274
b46103b44f03ce6d,0.46822865591364604
212916dfdf1deab1,0.5064048312766262
b71919458f868ff6,0.5953261433264738
fcf717aba430c72b,0.49024929774681447
fb3142432af6c810,0.521957938461877
64da1bc39aa70d6d,0.5115850712926944
68155b61dc79541d,0.49956110534205356
84ac1145f1ade458,0.5151079779286003
9e2f0fd7f82e27df,0.4595957561275281
608803320ea53372,0.46990314402461464
10d9414516976c8e,0.4443739076890725
7f7281a498becaa6,0.46014605065801195
1d018ff92e300e7d,0.4461487439178117
afad1a3a41876140,0.549048279993354
91efa4534c630c69,0.514045919911265
a854a506a0a6c9a6,0.4552397953903172
6f17cbf068a272cf,0.5064712814707221
3609e74d978e3f64,0.534716546656097
8d0faa7ad551f54c,0.49347187728288966
adac06293d6144fd,0.48756331530601704
6be34a2f966fa689,0.4713049627201189
de6bbc10be90a2a1,0.5062797034187903
d8da27cb9907799f,0.500677394704108
28f5956bc4a710df,0.5128272263350143
25701da56338f3d0,0.500799923956704
04b0a1b32ec52b43,0.4717297923134942
96dcd2d9eb2c9cef,0.49869676504100435
b68fd140c72d9253,0.5386224642307655
1364fd375d009baf,0.48592680452950954
6208205f577aa8d1,0.48926631153706523
734cd2d2cb35ddcc,0.48834624229635804
b240939d20a37930,0.5193883944301494
14874fad456ed030,0.5493125796060836
b1e3a30219f8a2c8,0.5448590564588347
9d5bfcf1e878ce47,0.48675267240231657
5ad3f519dc4cc2c0,0.5293013304746752
b0d019e1f2d3d106,0.5083047547658337
092d60490c5fd9fc,0.4381204145493416
1b590b6a0880a64f,0.47579233511933716
3102eff704c3cb20,0.5002559427432249
5a8899baf22b52de,0.4376095884234439
a710db8f7297cdf3,0.5514427565751674
619f4f94af632000,0.5025358674107415
6997be716ad788ce,0.49026091124383897
2c63dcdc2b9a335b,0.4228733119063677
e0bd74d72dddc90d,0.5096155867861242
620060f135d9315b,0.5378817908396738
e1a3f32b8854f037,0.504807201308543
4efeae31c13ce7f7,0.5840515112478999
855f0c89f0c10a8d,0.5175503376967043
9b7abc02615e0de2,0.46057130337456376
8e6428744793eb58,0.41508096839314823
af80066d3671a244,0.48242975535759847
3a0f1f86561b94a5,0.4830738158885006
26ac7367d5ad32ff,0.5164005344603337
e65f75d420795981,0.4526645307423385
b3b9f7402889aa86,0.5342944030618617
b08477e8d4eb2534,0.4821338769282426
41938b180d2bc718,0.5348766383458632
ee4181eeef6f099a,0.5052184082340985
08fda953800dab2d,0.5152741537560437
1fb7c769483e5473,0.5146161739938693
d1800429a13443a3,0.5004410163080062
fca35065ad12ac62,0.4948833589352505
d8f2b7f0552626d4,0.49513950770074466
8775dbc48c8c3119,0.4762364876067944
7a06200c74ccd549,0.5188431674823979
271ecf1c0f0a5c6f,0.4948206975919148
30400af692578058,0.5118016432578465
913c21aa5e850e08,0.47101738860108233
d407d20c3b34f593,0.6220553271618234
350f40839e02417a,0.5680874804895875
f6022be5b219f302,0.4810300122652832
9c0b0373d44b1c78,0.4917327164646642
3285e7eda278217c,0.49268170748757634
1c17357d11817895,0.6446271827926148
11bb98086f33bf95,0.5983662599219006
bcd8d2ce02d41193,0.4985271255703102
d3e3d1899ba597b0,0.4825319545769633
92902c3756c95fab,0.46571728800717005
9547287d67083278,0.6601602565193985
9492c9784f9cc994,0.5487328605203231
cfbd0aa24c08e303,0.5076372800630236
fcbd806459d71036,0.4878533631087125
0ff8d9d2762f6451,0.4719373984732347
d22256381896c3fd,0.5168244481783151
42997c1fd01f3fba,0.5232311015629615
4dbabb6a65edf93e,0.52356070506491
6fe6b02e327d4363,0.5198595872759801
978b7d7bd2b0863d,0.475609093544773
14c018c18ec52b75,0.5151164139315827
6324ffa5330a7e1f,0.45482235324359044
bdd407dad76709e6,0.5062166095773352
ad4e8aebe72c0dd5,0.579049537201453
cc37e34ea6349f4a,0.48840746038345817
f958b6418c52dad1,0.5183358851756975
86242cf1b33e4d39,0.5155375455610804
f37cd173216aaae1,0.5020107602246696
886e3be781ddb213,0.5091943572409
8c575869931480f9,0.46103226083239623
1452685febfd716f,0.48438924727870836
ead639376d2ce3ed,0.4395139033255213
1267271ee9ec90c5,0.4490588332817851
f10fc8d7d1ae4544,0.4386497445251789
5beecf2bcfcd8bdd,0.552647814641638
7cf64ac90d366af5,0.5213247133468304
55a4b983ac0f1d24,0.4570915772222437
97598946c796e616,0.5153831063488084
e35267b15775ff41,0.5295097363436435
6b862d5e85e87ef0,0.4896753119447417
767fcd739d274a70,0.4842212214106688
31729bb445179214,0.4679800637202691
fb7d0333e51e3cc8,0.48927438863360195
ed205bfdf2921808,0.5012132700610283
9f49cf2c029dae2c,0.5037441199920828
29e5321c7838538f,0.501690102421941
97ebb5e065009ea7,0.4688433615302663
dcb0954ea47eb4c1,0.5048397498592725
eedecd2cb0c4ec94,0.5440031278515796
ff12786c552b5fde,0.4846105771255571
65b6edc1fa8ac878,0.4839847270088913
b7e0de91c4bd1ea7,0.48009445979274656
3cf71de850b94d06,0.5093811948902665
ce12a4e355f5b9ce,0.5375951726402086
10890b1bea002e27,0.5476553976340574
babe9d43d39519df,0.4830656524924608
38b5f7bbca764ffc,0.5350986188620483
1f3725888423b7c0,0.5062483679704581
05baff5f07c4e7f4,0.4239364234049846
b9c2774fee0f88f2,0.47774507297686564
53e4ff0a3f668487,0.4883579699839602
910f4b80d023b42c,0.43708338562320403
137b1a593995ffcd,0.5443742596655313
57c573bd4332dd1c,0.5025803224710277
94db964ae57e6984,0.500431284518434
a0240ab4ec03c8f9,0.4153493107354621
c3fe503859dab7db,0.505977974152428
eaaad519b837c575,0.5333900157679372
973244f555261424,0.5057832845488215
28aac415892ee081,0.5802832781225987
292a2ba95aba7e6d,0.5180793601877464
fe4de0d518fe1bc9,0.47531624872068623
1b023ba1961fd04c,0.42284796946807646
f815eda5b0934ee7,0.49089170781685765
7db41f8197f3b0d8,0.472988925617553
4039c7165ecab609,0.5157968828799077
08976194ab96669b,0.44293220139054434
d7c22f43f2c67695,0.5416411210838259
c6c047998cf354e0,0.48516773937533464
85e86db834589b93,0.5330213764279237
d9de05eafc461b21,0.5093902334471874
9f8dad29ce225265,0.4998302483935927
252cebc8574a753f,0.501694399446125
43fbea41b20a5e26,0.526285248054212
4f2402169885a18c,0.5125084193712675
ee00f82d17afe5ae,0.4930305936388587
3d220440de5a720b,0.47896654066854005
527af68c136a0fc7,0.5329417896449434
1bddff232b3807b8,0.5098534478124415
0eb5abe0eefd8fea,0.51473696963122
c0702cd321f96337,0.46345210876560716
aac6976eb0c5ee04,0.6326163805137378
03f3fecbceaee08c,0.57116675855445
bc620adf818e437d,0.4850755763652791
13877fd799059b57,0.49902080477300503
1f9e92351c5fe32e,0.49141967998997327
3ab4021df7ca09a7,0.6436752926773048
f37c5392fcc81a3f,0.6159122963062336
668c373fb2abd111,0.5022581136315397
a57336629532a84a,0.49241061148614207
a5e238530053d4c5,0.44462175860010267
d25b8fca0464eaef,0.6776467904065311
ed711591323cb057,0.5361872106830045
16872447321c9915,0.49548331243141996
4ef96f75a8ba5162,0.48829366057940204
bd218f34d247b633,0.45520367819015417
97055461e25e9baf,0.5042520707575547
f97800dbfb1854f8,0.517593731568022
eccff59f930ae746,0.5138753575239825
d2433f46bcaf43be,0.5055044440233447
5cbfb53bd552f3c8,0.5043495616870903
a11a81b62940bab3,0.51782269105031
f7051218fe074d48,0.4514983746473622
48dfada0501d5fd2,0.5409644468492787
8a98b6e7d7f2833b,0.5603636153834616
c159190ad7f59a2e,0.49715089598544315
4e2fecd376403449,0.5066016652520868
5d512c30d28dcc34,0.5128006367378999
e81ca02fe5a74a8d,0.5015284660339503
f5ced8890c9390f8,0.5031137940510602
b5fd2be48f4f5e7f,0.45934215018881086
443307dc278153fa,0.47372853991197983
043112b48e4d1e9f,0.4398254335292021
3fb766ebc74be0ac,0.44124412782666256
139002bd1a5996d2,0.43145826398330556
63a11b02fcfd3d55,0.5440425269527176
2f02cede5f42e1c9,0.517681563548213
dadcc137ea26fd41,0.4547467238403837
ffd93f44052fa23d,0.5181543441290738
bae507fe03aaebde,0.5381309030196687
f1deabac2f8a8b2d,0.4942915684709277
6eac316d17df146d,0.4966972780953909
26fe02c585a0ae27,0.47830371996261856
f50c2a13bbf3da8e,0.49225059707735963
317ae3beefd2fa00,0.49776698123366614
0bc8479c1fb00ac0,0.5117407209059625
46ebcb24e82c9a23,0.5000485649864055
5073dceb0498308d,0.46466153308890923
53a84aba80ee9c13,0.5102646476036391
eec429f1b363e66c,0.5388393154712218
86183208b8491eb4,0.48564178981141404
3573e90548ad0ec0,0.4853972172944956
5a13b06a874a07db,0.49263693250461316
3b3d5e0dc99c1155,0.504067443098321
0bc2a318f9319251,0.5395657648655185
5358cad3cfac1fa7,0.550732770880928
d4c82b43d86bc896,0.49442958231580647
6a053f58cefd0e40,0.5256123596777823
a346d019acb0d176,0.5172860740856504
d86d63b8cab264f0,0.4130010711624952
8c11bd94d26e0f26,0.4765423559074986
6b0a35bc6db4dcbe,0.4872792195744734
3cb8903ad23b1cc5,0.4528180936555941
e4319e9004f76d3e,0.5460089500575327
d5d12acf63941cab,0.531341038841577
1d2e397e8486689e,0.5066057061506192
2b5fa24ee7b2a0fb,0.4037790129787526
35a6793c31d67e76,0.5368976362358733
43e92d13234698f3,0.5368000711408907
9b47907ee2ac5d7b,0.5173333544927989
f6d6c7bd65f1de3d,0.5696897643894887
9713b257b1fce56f,0.5303486518797148
e6517ee33e9cc8df,0.46700646095911846
b1d35730672dafc9,0.4183716287266115
fd4a81df7e891250,0.48140393839006757
fa8874dc62ee0238,0.4756145704542135
db61e1178e05b404,0.5152539883675629
e01fb3b439be5b15,0.45375971761129175
51692eed75c2e4f1,0.5445897735621976
a4284e3293a8bdb1,0.49265849505930237
d060839c59038971,0.5249427656616582
330bb8869aef83eb,0.4932276961446831
ab03142062c31442,0.5081785878178762
8a32ee08e5c526ef,0.49924476034346943
7615c7db87a2feed,0.5229099346530726
087f805f1d1b0c60,0.5084068345893216
439a9e3d33b3fc53,0.5123305819326998
66fdd4c2498e6e4f,0.4855973346165575
fc6f59e99f6b7584,0.5030380097223104
17a6d4d9dd23b526,0.4934712340563472
ec8534a109392517,0.5097298095898334
8ef5ff54e3463354,0.47108779970134496
cdca2b903914f24d,0.6357671926854181
e40921b61c062eb5,0.580048224139843
896e6782caef47cd,0.4784955727974485
faf5d4f5a5e52d24,0.49645667332928356
519e6ecd77450980,0.4827388889143942
72a78226ebe9dcd8,0.6444545343646779
f2b7d83a4755e003,0.6144286574680938
9e55bab3c3bd6623,0.5004271695370882
b254b7e13f9a7543,0.4837889603427925
c12068258bfc0186,0.44515445933080766
e07043b01bdc407f,0.6695811132116587
a8613b9761a6c8a4,0.5342861847657303
ad1939a10c828a04,0.4940364614304513
37c6158d4f301b5c,0.49259667377686356
b9c6478466b1b457,0.4574899277670852
390aa23605e3774b,0.5169204004036564
8e68129de86a228b,0.5090178526570295
5ab78792110bd723,0.5017320721022007
40dc06c3b3987062,0.5012300470131805
b731c46cb0cdfc40,0.5055233521793008
63fb98a3098fc455,0.5192371574796618
90d6f49b0484f06d,0.45770337022601226
2fd6aa3c4ad7d7a8,0.5345958374745929
d92336bbe01d518b,0.5559305497348238
afb849da8e22678c,0.4976304013964421
4541d1eb8428be91,0.5133330416870091
236978b0325b01ed,0.5245710857864859
22f991fdae5c3bae,0.49693140801691726
e61e39eeb7863d18,0.500092202774302
7c547cff653a524d,0.4590492288303655
b7a40bad106e946a,0.4648456784244037
2ceec122d455de53,0.45188780653954574
76a45f890a14a31b,0.44056215567289914
e99195415381d25e,0.42577224424345683
a12221c1730b48f5,0.5419486979368956
ef6b908f4425fd5b,0.5212089578098906
b917842cca703d00,0.45081594331807984
196709070c9c65a5,0.5174513792994883
630dc0d8ba81ef3b,0.5434750357749589
6c799f7189dc53fe,0.4990826064773647
340baaaf5a63022c,0.4923741007611879
4a2aa099f674fac5,0.48956112154927245
7fd53ac09d084737,0.5045607817167433
c0f87b2c24b550e5,0.5005850803267222
8ac72ebe26d454dc,0.5153040102821156
055ec1f45893dd3e,0.4914378233874682
646e647423e88b82,0.46936726884506685
db47ead82eb5defc,0.5147202698398079
5e6ea5b6b30b5fd3,0.5422391377183728
305d3c17f58b5188,0.48192058519488046
f6176564d03654c4,0.4821038949966716
ebacd770827413b2,0.5014994218577095
33c2752c24c4d604,0.4988383694312223
4a4be0bd821c29e6,0.5492613984548675
76c0ea1dd6f676ea,0.5518282560134451
da2839c9fdc78524,0.4912311546469157
df5622bf6f9fdbe6,0.5388803879268373
327eb712c7c5fca9,0.5071370519030522
f6c3bda5f3bdaa1c,0.4275676508480133
09fc68ea22790bcb,0.47654764895550417
8a3ba6e8aba284f0,0.4897920825142761
405358ffc4d2a27f,0.4559192448028693
5335481470563c63,0.545867273246283
c37abb09263fa742,0.5268282015555592
34ac1bd1f8729875,0.5079455214412995
816f53f598acd99a,0.40312967354740925
db0481ba1cb32942,0.5349582594761556
fff82887510e81f9,0.5423453908046417
6a2626b3f56df561,0.5171739231310469
9dc442a48a40af93,0.565490345415854
c90da9ca6a3bdfcc,0.5290341923360186
0a744b61548edbf2,0.4519110127804875
7cded2fe928b95a9,0.42109943714550246
f365533add2ff0b7,0.4774250133438147
826301652207ae53,0.46974930037004303
57044391d572bcd0,0.512617314508922
9b0911c80490b0b7,0.4533266651639687
a41be8397fc70496,0.550260413576334
6ac32db715a505c3,0.47038888671996526
b0c417a05d417cb0,0.5130363314584663
2078273b4b96931a,0.5056338531337079
4b3a123c78d06fde,0.4994299932568449
543e02bbf2bb8b6c,0.496812244511712
652e0e0dcf6bf6a2,0.5181354303877388
2dcdd110a5072b54,0.5065465299546795
8f4f8fe25e26c059,0.5115655205160698
6822cc9296fa8abf,0.48656939254038867
8b0b74891efd9a49,0.5101513072466572
fff4b5a779029122,0.5025240480421086
d934799fa1d2d6cc,0.5044922133605537
d3f6f4fbe60b218b,0.47398725711542977
8a41223d9fdb48d1,0.6364056812762138
f9016856ff4dc3a2,0.559051743676442
72d736029c08e6b6,0.4747460278891755
4b7033c8ac65b0c1,0.500600658511421
c475695913c83e4c,0.48272489761265636
20f27c2acadc2015,0.6528799497215645
2f08d951ffaca375,0.5948415223547792
389fb5d7cdd2fd6a,0.4957838260123373
581e679db6e899ef,0.47969225473999133
e3c33e9e1d88f7a0,0.44423010704910637
99064a783733e468,0.6516255774936888
85cb2a8259644bc1,0.5276471241110853
947023e7bb5bdff7,0.49692926382523583
564b833a318bb961,0.47786499330051213
f14613e855dfb71d,0.45859171641540875
915f5a74807dac9d,0.5074751130561063
e72008bc80884b7b,0.5087889896392788
cfe1732f2ca11200,0.5063277963902301
49b9657f0131ec22,0.5129757221444851
4056a64978149ca6,0.5168497186678074
ed0891d3f91542f4,0.5135465947023293
636e266b2a84b8ad,0.44435927233259054
a1e877ef10343040,0.5374953835026114
5e3aaabf929ef113,0.5531895892084001
cede32f0303c3e79,0.5008710528215863
8d16f8d8778b7cb3,0.5021405119166025
aa68f434a2ad5fff,0.5352301293319967
3abaa8bd4e0ba619,0.4938436402925047
2dd02822350ce7a7,0.4973509283839599
9b0296e032603436,0.4631253765725958
e8802f0cd71890ca,0.47366382139308305
ee42881c18f1dd2a,0.45435980649628105
a0fdedf000ed60aa,0.44220836296728505
f0a09414018742e2,0.4255194084497097
b0c8d62a2e784975,0.5462033483257024
a1796e7dbadbfde6,0.51885486605482
ac04fdf7fadf2b7f,0.44736990108126795
8d959cc64a5fdc0a,0.5198953291365673
b5d2b4847b83e919,0.5417841426357554
d3833528b82393ea,0.5019064499283441
ab65897dceb335c2,0.49194828395371193
76756e94369118bc,0.48456676806656507
394eabefd6c75a48,0.49627462965084546
08582259ee0e241f,0.4995177260903576
e179d854bdde6a9e,0.5143137795078063
d4216823587151b4,0.4863850007962437
36a4b2684abe552e,0.466950897713704
4e137d8a61b1f6c3,0.5057952516434937
0deeaa001434576c,0.5541691212461598
a209ec845e5bf3a7,0.48772503919726384
bcbdc4ee14a2417e,0.47863801855400046
efd1234b378fe26e,0.48381451965892797
80003c10f63bd9ff,0.5052141689259141
94b98392b021847a,0.5432073591446078
d70e753de8ff1ffd,0.5508555748090637
b7f0dc2d1a4f3632,0.4862315943666242
255396db55ad2cbd,0.5368370154330693
5083fae8f5c0c212,0.5154093504557925
061b467040d9f09c,0.42760589613090616
f0f62f0664ae6a39,0.47505326090465816
6af78991411e5675,0.4894051757110498
43328157cd8b795e,0.4486346543321227
3667e5f1240ef4d4,0.5404196032276503
8369fc30f638907c,0.5243422741225291
0dd0317055c31798,0.4924519440523689
c0df8061306988ad,0.41420221866309936
51371d58154e838b,0.5430671538546515
310ccabfd48668ba,0.5344846431741228
5e4d39ac6f17ef78,0.5226521858315002
9a20638446fd7f6d,0.5712485749436295
a63de7889f355e0b,0.5370490145326896
bc1f881076b3d7c4,0.46266532243067293
d13ecfe115e07e38,0.41838093566061507
86b6796bd9de84b6,0.4763097074518017
6736df25d4453e40,0.4695302290265435
ac073cb00b4e616d,0.5120863451800565
0c18f4763dab8b64,0.45687301476339615
ff9b287506cc10cc,0.5443688620202335
820a68daa05ec5d2,0.4848506533259508
1eef5dbfb4a8cbcc,0.5136332121315726
8ca2fead184730d3,0.4988016983934007
a3673ba1f26e89d6,0.4982577348371493
b06e25e451aa935e,0.4937570040520084
bf27aab45c2db257,0.5168725845693498
67ad59211b0a856c,0.4964205458223403
efdece19da20d097,0.5066527206816042
4fad3594aadcef39,0.47906939165583606
85d20c2b20223ad0,0.4925313925054291
7a9084674afbf1af,0.4881558049558917
77252d5ed2a46c02,0.5040330492714724
9304060476bad67e,0.47754738966424104
864f3e12d5f40a28,0.6223399236999734
3d554ebb21c8a7bf,0.5529707566701505
7137844e89b03724,0.47246936398270467
c1a2f1b0bc174499,0.5050133904763872
7b41127541af4d40,0.4836342992382049
d70a2b09d702bb0a,0.6435878617481408
01d387b03a35167f,0.5833713167089848
bab9a108894a37e0,0.49951422772026655
c5da79cce4aee124,0.48310789202866466
0f40ba2ed13b5d02,0.43979679553717843
9a3240543786163a,0.6407209809735371
501b601572f8f538,0.518537582648965
7f442d90350318b8,0.5032977796554642
ec9bba0a58c3e8c0,0.48806255220633066
f12af82d6de96653,0.4548116077897564
42de21eae17807d1,0.5148548001839727
11de013c1bda26a8,0.5113796307203263
7eeb58f7d3cadce9,0.5219227494814567
72437e4c9963a7ce,0.5133252395073856
4c6cce17c9b5453e,0.5109877281215609
ee3884b642136b14,0.5202280600641401
b3eaea0d32020f27,0.441648388980161
4bff25f9efb254a2,0.5343757399273956
ddf95010bd0edd4d,0.5662329390454228
986fb07809072d89,0.49629857397881627
7d819ab465de992c,0.49429646968377283
0b8f31d5535789f4,0.523153793625448
06430bd953c3ac7c,0.4874750190696794
76c2c8d1b69e2920,0.47870479258096243
08a7accb33f3d18e,0.452085540258647
d40b92ecba9f0002,0.48691895183209843
74c7d100dff071c9,0.45386506378276903
19bb27ad6cc82a8a,0.4390656358676186
364fa2b6b87f2400,0.44011457732819226
1d62fdf7385b90ad,0.5467021914087538
7a44b9a851dd796b,0.5209960058581895
b75bea85b4300fcb,0.4468044084219507
819c7d639034e5a1,0.5202406589297027
7b356884952617e6,0.531305124611878
a35a3d9d9c2a6586,0.5006626490896372
3b3eb52514a14b83,0.4905090793987821
36ba20d01bf487f6,0.4868034663513833
15a80e21c8ebc0f7,0.49556033798424526
0195b29d9e7433ea,0.5064400167662864
2322b278b9f8b1c8,0.48868687022495605
a24f6b80a26bafe5,0.46201106924518853
f4408f88d1dc26c3,0.5021336418013432
7ca167657927e05f,0.5435948699029574
1b55175217650ef3,0.4874954133330546
54d7d17b6a7284ad,0.47987261726682084
488f1daee5f799fa,0.49256966457624785
18e12a357b9198c3,0.5065645659962954
3d541fac48922c2b,0.5302581838766959
d233c582d60ccb12,0.5537165235235225
853eec9a311ffb5a,0.486835052136255
c2331e8b033139e9,0.546509820724731
ca2af929e5c0599b,0.519403288530486
0478b1c919bd12bb,0.4310964480207269
23b3d25be81d44a3,0.46945223291098404
512604e84a19f280,0.4976894977554218
6880b33a9270eb13,0.4584892682496947
d6efa2eda19d1ade,0.5421785466868918
ef3535de379b450e,0.5306319618211153
ee618f1aa3effaf2,0.4961186368253352
020b27c0ff8d9924,0.4123601564502417
59cf632c0e672742,0.5412689827947706
d893c2c788ab7b41,0.5325742801622269
b60763d929372dd2,0.5240743072636662
93743579967e8609,0.5746890401079437
52868049f07c0287,0.5267178161656516
b8d8689ad08f0797,0.48176062668053954
f41b09a95620e7e7,0.4443234827504312
67045dbad2893c6d,0.4785594740389437
ffc2c9905e6475cc,0.4623363072689799
0b4af4fdbb33c825,0.5077531505212867
b823d53cd140bdc1,0.4545606865214106
726f76cefa0cf48e,0.5392115542528205
3d08b27285c81632,0.4826609299468465
f087848137ae9b26,0.5101708716907933
a7ed2893a0562376,0.49244433756683037
7ecabad2d64f7abf,0.5049142808321123
3c3b0559f090a867,0.4932584960808767
f9620dafbacf996e,0.5254278748182749
34f97591ecc6f71a,0.4890936853825062
7efebea813c3f180,0.514133769108758
ed16d76dcf23eef7,0.48398283156336863
639fb037e92fb190,0.5019670496111504
bf31ad42c178338e,0.5285627585081809
0c5470e862121b82,0.5025697616232123
f8db0bf0d006d32a,0.47229731954370413
618ba666ffa3fe7b,0.6161079443478676
c7db0db298987c4e,0.5483371798995517
3194a4d997f92133,0.47756769825593326
e98f970df2a692c0,0.49565693811031775
56450eeda4413f6b,0.48796234342441014
d76b278a84cf2ae1,0.6421019902799182
bdffaee842954064,0.5773080767679952
4ac3f99a8a445514,0.4939979240315231
c522d0c16385fef0,0.4814388644008474
7a428f0261b617a1,0.4554984380713838
479ed4596d2f8e20,0.640273311202836
d08532b7ae8ce4aa,0.5175277123599231
992fe3898447a71c,0.4989569618312777
2032176f0f4945be,0.48669280697753936
e59fde92af3d6fc8,0.452257979818935
44c4a027283aaf76,0.5083731734836038
1aa7086a9f9b596f,0.5096863665553099
672dfa0d6aa0995b,0.5105040792585065
8cf3c5cb90d5cda9,0.5065566388022213
7843975895d61d10,0.5121786883333503
37d6b1bfae5eb5cf,0.5171198741217904
87696b28bd8db62f,0.44828906395143064
eaf4cc490174acac,0.5289642475520895
cb16a5aae6f5d847,0.5586523220889256
81334754c0ce2111,0.5006098563803226
c33124530154f65c,0.4952437635981598
f0c8a26c77755a31,0.5220470949235583
e36cac863fe435e9,0.4992119032922393
f32d14fb303c0009,0.4790856949308092
3712e108219c136f,0.45703769942143857
39166e43c445d2ce,0.4940126809277485
bf7dfeaa3174a286,0.4530168388811934
025a065998f13f1b,0.4468245207935685
1d025b72a17afd62,0.4384566504182742
a508eaae9585111c,0.5452451970179888
6920d87f7509a82e,0.5200972657084297
164b7ac4e9576967,0.45482773752224825
2c06f8b40e1de5a5,0.5252947551179632
c6033658af3b7da1,0.5312864553615751
7dcd74005242d897,0.4974847487522087
65a46ac6c5ae6064,0.5003380934794258
0941f26e0c788183,0.4656855628241623
68e166511d6a67c8,0.4937165306144575
3102f84f68ec451e,0.5021839959894648
db6406003b5a2f62,0.48881019968566153
570b05c850c09eaf,0.48024822016888846
6abb53c44901e4b1,0.5084639479041363
11e7796220b17b03,0.5463450697313729
002bda62289a2f34,0.48499452925240694
3eae6df5ea0d2bd6,0.4845438341249457
9a22377139fbeab1,0.49335017816027404
9c7560c46e30bccf,0.5126124721443401
e803ec09d89c8d5e,0.5302096021854875
c878ef096dbe0047,0.5564454856367709
6405a6f71c7212ab,0.49059576939478045
4f95dad7eefe0441,0.5502523839737627
dca535338b37c7e9,0.5034752416732899
b6f3ceedbbd08487,0.43303312524553916
7f90f75e56f2559e,0.4682582293291526
6b07302d1fd365e2,0.49985424651626154
b0e336449d4e2ead,0.4519995128661308
63f5250f3e196e76,0.5402062692113108
e9ce243c49612a8b,0.5244778883155633
6ab556cdb702c999,0.4872894953891769
28148bbdd6d0a581,0.4104594408351261
7942dec1aa3395c6,0.5312151121203481
8087f91e315d0a93,0.5277790088911196
8396b9349d281cd7,0.5207977292060539
8f5cb87f77f1d2fa,0.5770898353597786
b73e15fd071b9008,0.524979869616314
9ac3c9cebb7732ec,0.48792309209808993
f755dfe359921b67,0.4485533154387684
5caf669af136d6d8,0.4853734157342162
b96ed0368fd55b2d,0.47140853463360854
9cb8cd86c7218d99,0.5225431903395761
62d9ff654016a7c9,0.4589355364150869
d8da71d66e2cdb61,0.5281030578267863
c634cd9abf87108c,0.49567220440503323
65328676505c5cd9,0.5230837769424079
a83b231f2e34e634,0.4957836944350855
c11c100df9f8e822,0.5094788580572686
6e40b6cb8b2140c7,0.49015245714916156
614d0fdd42847de4,0.49483359132663596
fe504d0431993947,0.4874368032532528
b6ef20a88ca7e163,0.517438914420192
5d4fe7fd9dc221c9,0.4798413125522041
c75c1ec95a9b7583,0.4924328968001004
0a968e2791d4a1a6,0.5104782802353384
8bebaf179a7fd378,0.5073814626801048
a06e998179b24901,0.4797440448792831
b381da15ddebdf9b,0.6249678645541259
8502295d7ac1c9e9,0.5623310621967098
18d1508214302f29,0.47333257600383716
d3be78bec4c4ea14,0.4920943863946905
9a2f75b2c2926ad3,0.47947117679931894
42e9b76347d825b0,0.6563965158751514
9c679c80bc4ba5b4,0.5932408462839831
63cd1a8975b503f4,0.4918521318896044
92e9641c0faed946,0.4811927742673665
c42539c55c6e16fc,0.46302532543480246
aac857c779528e3b,0.628636556187178
6914db276b87ad4c,0.533317679590718
f126ab4e7fcf5de8,0.4950077700205724
c1390f96b48411ce,0.48215124631754147
f5f2283e91601a9a,0.46879162993035783
4936b65c83db3180,0.512874325189963
a9b932e06c3c97d8,0.5170578862345854
e9b03365ec0712ea,0.5202585021219213
9d37ceb1bb996b87,0.5074932057816118
5b9ac655938d8a48,0.503943068699495
f171b904af170049,0.5088610291187209
ef9eb4196681498b,0.446636888698168
03f265a7def6b8ae,0.510253515712452
f65267de4eaed7f8,0.5491243534888122
e4c8ff4cc319c0ce,0.499743099306879
3ccbde4a41d2e946,0.5153942871520443
934d43b5500a1e1f,0.5153753912221808
8df8e45ef4a72b20,0.5021831341499776
f40a9b37cfd06a7e,0.5041868796308213
2bef6ff8f828d994,0.4522021610500706
604d39f0539f823e,0.48429845816703554
7cccbeff013e762d,0.45751351066166324
7f33c9db906d60ed,0.44405062041018184
02ebe562d032a9f7,0.43224791478651226
8de7b22946e0bef9,0.5433648265479781
63b12320a9e54489,0.5159705174980012
03395df4fef34683,0.45777352711738006
cd1c9f9063c1410c,0.5234841167216442
91af49f336587b51,0.5218001269455432
1cc0c954e998ef5e,0.49335587209505216
be1d4173267e9b86,0.49997170637541966
10c5a50e1ee5597b,0.47656456125087654
a784425503b2caa6,0.4981271874704081
e631439780042ee0,0.5004468976297488
c78cf6c5bab481a4,0.4859372287030006
fcf92dab3fc709b6,0.4838447747895165
2b83e7e1cdcfb796,0.5047581001699242
6ef6379aa044d3f7,0.5354024863113388
68abd4df3fa3f9a9,0.48265012055481205
b0efba6ddd6fc694,0.4781512466734241
5df0d0cae2b9f336,0.4930105329790848
942459d0f9849567,0.5132323927078509
8ac76906e4a3d95b,0.5315731227499713
f24181200e22132d,0.5560449556778453
2933cd1407e1759c,0.49582873448469245
a3b0d70698710cf7,0.5379562461021214
d64379eed67a38fc,0.4973853884012477
5ad8acb89dbad96e,0.4389772259404334
1bb0f04f06db1d3d,0.45050219064123986
61032fa2b73fc356,0.5005568246946676
c6ac2d49ef17893a,0.45097039012260187
bc99d4bf0f01816a,0.541413702757575
150b3b0f54e44c64,0.5085350094197666
39a12ffcd6c2f8e8,0.5027196279511308
4177da14f29d74d7,0.42853267259794237
5a959ed84e5a7f61,0.5276422488264536
cfaf9670600d4921,0.5278691403202646
4ee6063f6f8189d2,0.49669817231502944
9a3201d6a1900e37,0.5965899738714129
09ccd3c67589b942,0.5165329684997279
8b8dbf10e5baca06,0.4703624370842274
58e305d501249cb9,0.45002245130391894
0e9724422e510add,0.4786276769021921
1ce80640715cad28,0.46651704697600516
551d5c43d819864b,0.5222273424023406
c031a84a9481d691,0.45207789414518196
4ccbff85fe69ef5b,0.5303330533469286
0c6ce67ee6e35f09,0.4921018487953559
189646a4578daeaa,0.5146644429542249
34e8432871911f2d,0.4909676329307189
4ba784feb2e090eb,0.5095908711334621
d83879f6131bb414,0.4913332493404241
5fcde178c65d489c,0.49703770860106034
c8a660044c9d1fa3,0.49210876589599784
03df04559130e362,0.5165425739867139
f41961d6024f4bc5,0.47657114778465526
eb54b22882aa87b9,0.5174941921202793
dbacc09afa3c04da,0.5187602200448388
60d74dac18394137,0.5075186180071862
2621a874af0df42c,0.4855453886092165
29117ade77e23b3d,0.6327102386056137
333e55cfb5ed69b9,0.5514708918386584
bb962aa97220847d,0.4742339403487815
eca10e43a2c98278,0.4997283971665134
ef2c0c8adb8a3260,0.48093710230808284
051a76739c194dbb,0.646558816488283
dfe463f6d9bc136c,0.59952662748289
d2703d25798065b2,0.49387561333173635
115e2a6751c043cd,0.47355366621601735
ed6685385fa0e276,0.4538245647890635
c5020421d776a7c6,0.6358350349496825
f09d655b264a181e,0.5361925762365544
95066ddaea57b611,0.49666736393023425
fbb5b860ef6d91fc,0.490033233712029
3369f91beed94163,0.4670079346754821
21be0db5b41068eb,0.5160669790269741
a3a10c523e5fb3c2,0.5309584274109316
7e142b9dd7a2285b,0.5290110160171905
c5fdb550e9dad491,0.5148542515537474
55bc1f6b43659692,0.5068795157632454
9d8e583396a34f52,0.5084870808271154
b81565d9d61e89d0,0.44815146470159517
e218ba73d006c771,0.5178491556270954
f8a0c38b2721af67,0.5600951380253925
8f8c173a175dc4c0,0.4972518257992471
42d843211bb4f329,0.5106587629519895
cda96034818f5d85,0.5073464088715665
d4f7dc0f4f7b0955,0.5000952846730011
e8a15c9232c0db19,0.5028969580858299
91f08a7903ee8f2a,0.45778233624596065
a1ed7bc0c7a6664e,0.486313592908614
c316dd75e2711cc9,0.4598149363406451
9b20ea43842f9f7a,0.44136604081345765
cbd68c9869857993,0.43354500421167563
88e25161b8d9af7d,0.5315456842509289
1b4f6884ba3656cd,0.5061957615300093
1c5d51ffcdd7d81e,0.46128445154106534
838cd2dcfd7fd5c2,0.515483172479706
786d00224d115600,0.5179630275198982
4a675e63a5c97126,0.49652882284347877
53f0a2e0ef12da97,0.4921209879245748
d17039e31399a4f7,0.4746576473467896
d01e4d6963c7ce2d,0.49891929160853143
1da4d9dc9f19aa3e,0.5137566844684057
272ea1c2df892da9,0.4885101739163402
55411b7d1d9cb4cc,0.4785951992829529
096fa74b3afe6ead,0.5060907205726639
33a815370880f637,0.539365621948964
e32ecf20e25a723c,0.48234043936557125
4be23e081c63fbd8,0.4831636998185288
7cc06771140ea88c,0.4910770790165633
95f1d3404f0d7491,0.5084512103650498
814d9456a0e8183c,0.5319925249159216
c53aa9fe5f02cc89,0.5490795245592165
d07d48ff3a741e4d,0.49030590252909934
cf2b91948b4b24fe,0.5351281576270658
675cb60e09024ea4,0.5056843794552728
39f58485aa11de9d,0.44097830895821444
48e578f2f0aeb244,0.4716495158348384
e90eddfeb462aa91,0.49544072877672374
779cc081c349d2f0,0.44678791541066176
d5f880f31a9ba5a1,0.5391338036869043
e6609218d6075025,0.5234645120158623
5668d4ff043b33ce,0.5064968145100722
f04c56bf105b561d,0.4382187869767975
2308391c48a81af9,0.5252534672249624
a88b0ff39d7eb675,0.5240255245150833
ce94f260884d09a8,0.504332179633289
838d2ab43f9e0359,0.5821317737207365
68804ddf97584b35,0.5207047842326082
10ec89b757326f82,0.4714063108657627
3f6244cb2bc6e7ea,0.4436628694354947
c3acc6cf94be359d,0.4795282178037148
6e14120a3e597f27,0.4699852632191277
f4989d52bf09e32d,0.5268456964730642
eec5c3fcb4e653b9,0.4644394112519241
c7adc203347d5d02,0.5296593898800549
40a1141394608582,0.4927697299200273
46912774be2688fe,0.5183831891030835
977f1107e7d60e80,0.4927832576464728
68e8ede91dad5238,0.5072657788838288
618638ef058188f0,0.47864946658655727
c3de9c7025615efa,0.49769564108953235
7619cf4730a24e47,0.49999218680937507
a0ba4fd320688dcb,0.5131855542007877
cb69d12ced7c6be3,0.47745258193810025
6f187d3f8c267b42,0.4989459923435794
087cd83ed6e34c43,0.5283200008385064
34586d0e295817ae,0.501142314625292
4187ca4c6db18425,0.4852006780114475
ce73c303d189ac0c,0.636634698995148
348353f256062d9a,0.5655814477194815
b96848a6845e9759,0.4781696183400077
8e6733e05ff64f5b,0.4901297160987348
61fb68ead890f716,0.4823935031731653
9fb0f94c884b5e99,0.6432271999383622
fbe9c954c9271890,0.5938068266305356
0f78c030b2e978e7,0.49125446382068605
0bfe9082e280f1ab,0.4698671771784386
bcb7c42743413c74,0.4589068608795078
ff3e26f0c8a63859,0.6367070346883048
a685c6106182038d,0.5416515600034685
6a09c673c5590c9c,0.5037127931974988
ab4b86d738db08e9,0.489160245301279
ee06307a25af6e4f,0.47484645826582317
946e77d9f8975914,0.5202415770568654
df6fe6a791d29292,0.5314010705257303
68c6570f78d0660e,0.5310675014043986
31626d78b52be3dd,0.5076936754798343
9d96f2b831376583,0.49841761438244736
dd7c81ce330bea9c,0.5157186113543801
a3e70d83dc715c84,0.4560889283504077
7d1f77d19cc8ce2c,0.5247629768101941
262eca1e60675d87,0.5671345351100775
e84b0c53c2f9ea5f,0.49599766957698144
ccdf41a87e0c0d3d,0.5160492191059842
a25a1e3bdb0fe278,0.5156691674445442
d6e8df3e928f9e7d,0.5020573626004281
6370230cb1a618ed,0.5015237887753868
a7d18e3ae51e16ab,0.4543491723328783
2e45dd1c350764c3,0.48312839252944795
9682fd144bcc63c5,0.4495796562000578
6f8ea9d7b660a0e3,0.44299355780217087
dd179660aa494dd3,0.43202936307472417
e67defdcdd4b224c,0.5335015008254144
47863e4877a9ad33,0.508376843101016
a699e43949d054b7,0.4523461463269469
22a7aeed3d64951e,0.5072460234461489
0f8254efa4b4a854,0.5160284924949405
538e821cfa987302,0.4896758712170153
c4773dba91b222c6,0.47957980565980474
39f48febff34390d,0.47184085125916586
d084fbedc999a23d,0.4962459199276079
7029a7337892c2c7,0.5098972098109125
f29f11e07428d837,0.488481085523806
9817490c39122f0d,0.48706187088201003
9132e6e6918cf57a,0.4871377509773218
d0999e3f10239091,0.5373966354193792
a3a3f2c1b730c365,0.49137323643448383
4cdabe4127f671c5,0.4838651927117379
e10ed9080f683f09,0.4968542845005397
ce5de6221b5c1a48,0.5032143251062222
754522eb7e0a58b1,0.5318139756573754
0ac6d10677eaf6c1,0.5498133737372299
f3cc5a2b16f7935e,0.47089712199332623
3489a47f709864f2,0.5269628228028839
c9ad665e6a694184,0.5005870674766688
a8e0588d3066613f,0.44190935958375566
b982127c0681630b,0.47240134917315635
5c75c32ddc703a2f,0.5006477714661322
707dab33f5ab2339,0.4533963524033928
100383602daeb30e,0.5400945519019077
a38bf9435c232a38,0.5195915203099577
798be67e5c982e43,0.5012641274712566
0e1802ad646e8002,0.4369564209449708
5aca4b6f1e913928,0.5261752162647522
0275066222fed56d,0.5212234607139221
b48c952ad6c43a51,0.5039796988827476
6b454035040f3339,0.5731757389021671
3f05dba9e940e1c3,0.5063011861047961
530b6c67de6fbe03,0.4663495569257723
d5edf589dba4cb84,0.43267603613209804
cd3702a3bcbef35f,0.48819057595511794
2352b45eea1d567e,0.4671120732525156
7a54a933804fb831,0.5224950046220261
c7b1f325856e64a7,0.47099810866303593
fba52d0aa30ee8ec,0.5388703873939933
a85cff3d7bd580e8,0.49019995819483975
d04f9ade25c3ceb7,0.5193962294728837
bd5de70f08e70c6e,0.49842610767437656
9ec47c771e7acefe,0.5050127159465703
e9930c89bb8ffb8a,0.4814724343693677
20482796e2f66102,0.4980338586449682
e59c087869353bad,0.5010715533863223
45fdfab1ecd59570,0.517220004720262
17168da4d8aea4d9,0.47352395912521594
cb72d63ff9094b57,0.5034876606603853
5663e3c2ee68ce79,0.5152067206061571
942e00b8fc005d09,0.5027373354597583
ce1f994514c1e81a,0.4839406574104631
dcededd5af51fa74,0.6376551882839582
9969c55b6caa6eca,0.5666760867556282
c5a6273cc6a25337,0.4812178304165109
a7680198193b13a3,0.4907140437608004
8648dbfa8e3f0f3e,0.47972959934753856
94bf7ac857a125b6,0.6411806143313457
80f847e04d89dfb0,0.5965613778581629
f0389db219be08a2,0.48957863754786923
4026f20cf2e972b5,0.4696930927746559
f854e006f1f484e4,0.4556718640672437
ba29d0814976d61c,0.6342629635125133
4c99a7b52f660e63,0.5422909220484264
6d16adbb0995ba08,0.5011856512357614
16866501b2c51b51,0.4920263864020459
92695a08349b911a,0.47398464009843044
cfcb51fe63f321f8,0.5158529616956458
8484be78306fcf4a,0.5217237778122288
24b35357d12db072,0.5264446672171313
2b9bed02b3f9d685,0.4992388650856082
3edd16412cae6709,0.4918798868492439
9527f5f6e822ebb4,0.5176660822250657
ef59de0535e6e59d,0.45574749523886116
6973cefd40e0603b,0.5266772086710843
fe99b09714ff7b10,0.5622076663144605
1cd4e8049233d16e,0.49528873073987467
2206006152b2d44f,0.5171698484932671
5ea70a024bc0a7ac,0.524912082480619
0c19c21ede0f0cae,0.5019995285843702
f7726cda1ba16383,0.5053761653460972
b3a544c900990a0a,0.45772068426093115
6852c3e39105dd95,0.4960230651326849
e2b6d2013af4d53d,0.4436157069999497
7ff829a4276b1547,0.4490354499006506
d3f5498f1af64b93,0.4292648785006645
64ba8ce5b2e403e0,0.539480692712506
a4309f3442ee5057,0.509949717872365
e58a65aa178554ca,0.45354773700039375
e48a1b2aeb1da40e,0.5075339503411027
d0b22ebb33b94c68,0.5206558794783365
f9c0a192bb236c4e,0.4892455577542767
db2139bc72e11783,0.4896398762990126
fa9544591f72f36d,0.467761930541182
896fa9e52d340908,0.5101551315563075
776e5eae12cec8c1,0.48830489887450357
3e9a3186e748f2fb,0.49828397148863746
e910d8c56aa90706,0.4951666742502763
6ad6d0634dd7a998,0.49012100241712697
b855606201ec80a7,0.48575550418057334
93a64ad571be2498,0.5362178345774601
d6f1e81d9422dc62,0.490947345588439
89a8985e33882e1f,0.4820211529741968
6948d64d9836c2d8,0.49712757087387893
3c073d73daa1194f,0.5029779313484819
38e6a17bbcb1876b,0.530750616613227
300755bdaf5504a5,0.5502141304553403
6b24fb1b9fc8dac8,0.46492855824819523
6f21caf5885c348f,0.5256317223601045
39bae22127a1288f,0.5065166072456458
4e01025cc63e53ba,0.43579039114588713
593b13bd06d6d281,0.4803760053933457
e9e340698cc8b7dc,0.4957317569399171
e96d0f9d98f304ff,0.4574970353608758
74bebcc81ab9551a,0.5414305322014827
71e0b2cbb873684c,0.5291360139977983
80756d8844cf90b0,0.5026994848534527
32b85b5cc91bd8fa,0.43252911715819176
ac93bf9b1073b676,0.529591394715596
760ddfbd5a0031fb,0.5225824831895987
c04eabc4c9c5c2d0,0.5087288626187616
ee6ee5301f8c7fa2,0.5741786633215528
34b4237943d2c55f,0.5278483966780138
0eaf5174c9df73dd,0.48542015115663095
f79a8bfd8692c39f,0.42438236233847326
ae8e012c8451f748,0.4934108525337485
8f18962acc210c30,0.47600387524469745
3daefa24da39dca6,0.5254163019093608
f094e6f7002de52b,0.46852640576519744
bd6701bfc51712b6,0.5390357443807885
8be91087759ede07,0.4804041659186786
42f2b10a71061005,0.53144047441521
b2c3a3896717a6bd,0.4955574897944528
d6d8f8d430681053,0.5094709676680577
db347579e1d8e36d,0.49043459901266506
456bd292371e8231,0.48646066244815556
0e3cf92ad14995ff,0.5008333433208367
8e21d896b2d7081a,0.5116418472754432
a3a77a33038f527e,0.48265033171247174
c207ee0a4c284514,0.49290087761469037
4c2b81c044ac0b3e,0.5019351962962385
a4b388e8ec284e13,0.4961005173705284
2f13a550b834dd99,0.4827145985128294
4c5d10f56e8e77c6,0.6380931628153736
96b0934681fee0f8,0.5596565318046447
5491dc454f0352bd,0.4824242295621207
429698f95bead2b0,0.4892712021255585
6a41651d03eaad1a,0.48954646225742793
dde525f910033541,0.6443129628931281
c098c03ea09b4adc,0.5890863670096362
defb2fdfb157f0e0,0.49307303121215496
5baa2a69fac10851,0.4690762974259679
fdc1b31a573ef2b8,0.46204388292599674
3852f8c5625a3c99,0.6353346233972398
07949ab29463ac39,0.5318819521437841
ab522948a0dee630,0.5038401075209256
c841794f3a7d46b8,0.4935393895615241
fbd6e835b2d7b3f7,0.4767641107318231
3ca51d5bba062745,0.5165546838880158
1aa26ea48e375cc3,0.5218571359091724
c1debd9b26678cce,0.5312498630774074
703ea74844742575,0.5064194208901686
c7c08a4ab27a1f56,0.49267099009028237
97d917585da9be8b,0.51970239782877
38eea989d130136f,0.45295831592630553
872e0154fcf3d628,0.5229232915617474
65038b42f19507d4,0.5640274060006615
a92bf5cb6777f0db,0.5052494004410508
5449356d8b95aae3,0.5144359575396622
c28be4f82667ed05,0.5280781844275624
187e858d9eb4e924,0.4984817673180746
b6fd542285c6d741,0.5042408423976581
49f255eda5bbcad1,0.45895543218633716
95d44fe6dc88e154,0.49917114516137795
eb781d15fd9d1f5f,0.45418665774308364
ae2d676c9b82b9d2,0.4541032142539214
ca3f313680573356,0.43555112865790657
e9c2b3d350ef7200,0.539101317694392
72bab6144588f8bf,0.5089290186089703
7c481db206e53282,0.4489269225969782
710b35aa5a1746ed,0.5105158640856804
869b0dc42ddc586c,0.5167142018243462
7129ffaa06e5e8e3,0.49050437562646376
88b27e1e88a9e088,0.4930740229913031
ec8acbca9df6d5d2,0.4817558789976145
fe3bcbbfacf4d7da,0.5084010784484675
2f5c048ed31b269e,0.49297959159383775
018e4ac04285a70f,0.49889813725756826
04f57432781c67a6,0.49730606368880625
c5137b8e14e6b361,0.4929286793417189
30a3bf7c63e87171,0.4990412172159543
212c655ffa25cca7,0.5299581772169479
ea86471e40c82dca,0.4918999471375576
d4cd9c0a63f7009b,0.48812760806820066
18ae176fced0a4a1,0.4972069136854602
223e534743b5624b,0.49760098689728816
031358527f757682,0.5356208041338724
2118c6be81fe112b,0.54380530800384
81872dc131cef689,0.46601107366026784
ed58a720102ed867,0.5258774043203478
65f39c9b9ed2fab2,0.49777235216018
a137778eef302099,0.4461341212231458
5aafc1bebb63dc62,0.47731154855355373
a399fd160b37d0d4,0.5021670997734069
dd79d6d4469dc960,0.44610119403318915
f37d030f9deba561,0.5423285645147818
25d47fcdfbfc31e4,0.5221121498009629
594376a5d2f9f00f,0.5025254870693542
a8d38fce779dfef2,0.443491695375668
02af560e1a316f3b,0.5292096905702292
5c5a86e44b1f5a36,0.5219429015632144
3898c2fdea58d8a4,0.5035317971568318
1e674271e9d8a037,0.5752907422168333
f1d2f7329a32b415,0.5211242306017545
1e423c0ed2a71cf1,0.492268142805375
47c2abd02a73eaea,0.43442713421676593
74aa46553d873f55,0.49113775055600883
fe41edce0918e5ad,0.48319551271073213
531c60522c72eab0,0.526872166881519
b62ccec4982d9947,0.4714529213422932
ad4d11acbf8a3a4f,0.5360040004988255
64100830c689c622,0.48504130789576694
671355e52a439600,0.5201350221685817
22f19dff3e1e35d3,0.4897300647552858
6a58c27a2cfe4251,0.5075273880314458
8c75444c9bb75f63,0.49510940321347263
63f5b25d62380857,0.488999594693754
33155b2139899f23,0.49033444412897254
aa68020291c711fe,0.5182104379859456
95b7d4794a2b2196,0.4791682956250576
cba9e70dd243661f,0.4861458916107857
53339f75d1a0d5c9,0.5096111919529798
32a1789942953b78,0.5009351182318114
c4b427b9eb39eb54,0.4836422724099795
24846f7d4ab57127,0.6361803451466623
2569c6184a2c6120,0.5648769824038078
326a2e1d24cc60c4,0.4793954090376218
0cd1cd898817ac3b,0.48761514911797943
377e499ba0a9de59,0.49936360975056826
aeb6bad267019caf,0.6391840994154877
bf8a63c7901dff9b,0.5821201273379972
267c3b716ff39a4b,0.48580387247236334
3d371597ee84d5fb,0.4715478568038519
933e7db1234b26e1,0.4622997091858998
3ac62daf3bdc40d1,0.6343629253301911
570e5049886d13e6,0.5312961343121348
8ed7d29f5a644ea9,0.49873674245856603
783d871d47584e1a,0.4894771900495657
6d34d6617676acfd,0.47652751918175795
032c568adbd006f0,0.5098153528384141
057a2da77ed88a28,0.525419564792619
a608773c3cf5405a,0.5290694269956581
8a8e05618e6ccc17,0.5075356598393568
8ed8da3115bcb993,0.501296477567297
51192eb9ae46cc33,0.5167702134522947
0adebace74cd11c0,0.4559760702583213
2ff0eafb1e1def6b,0.5241263122576048
63d8968f9b2360ea,0.5629051639787277
d6b10443e048c1b7,0.5012824250336397
4a1456874e4e9c4a,0.5163762073227632
42b6d7bb8a10a725,0.5286438093072224
783161d158f8f0b8,0.49943278450416484
9dde31351b45042f,0.5067760196004277
ea51e7b24c01f0de,0.46839780815978416
b5ca3756fbddb03a,0.48770747557413296
4475973cc6e923ad,0.4516727773588004
cc7aa40682c36214,0.4563658743031529
4dc19467ed8b8a8a,0.4393808954441215
3c30598c52b7d5b1,0.5486885808971778
e1c0feb0d4343c53,0.5215947518917161
cf821478b4265bce,0.45304856000657323
920836af810943fc,0.5029325044745998
43755a26f5c4f22b,0.5250263957956771
b1143792c244026b,0.49448057494673736
1983c9eb441553b5,0.5010722444190324
45fbdfbe1aa15975,0.47152274907325586
5cf62e289323e7fc,0.5111524785047998
c405dc286badee7a,0.4918651372402939
b93f99b876dd2700,0.5109694351710287
80efe32b8d0134fc,0.5053219398743724
255570f176fced1e,0.4958012196601258
1f041b0dbf8d5b2c,0.48820008173127283
21dbc06f68fddd29,0.5235549585853574
aedcc1b5f9fa5e4b,0.48310372865539963
21c68eec705db813,0.4905099191106497
2e05819cfd8e2802,0.4890676472394244
0dfecaca3eb3747e,0.49892903670132105
1a1cf1ad15ee6317,0.5387239094699641
4a1b68113686e369,0.5536283358978564
5703ad436274eb3a,0.462267218799145
baf212990d1e74e9,0.5181895576525153
a8dfbea6ba62aa8b,0.4968512487205803
f0ef14c35725b73f,0.4435341027907649
5c1057621147a5bd,0.4778568376952983
8294b0fe4d395531,0.5029636914209897
ec0990fe170f5088,0.44495864529997353
78f0703a376f1ba9,0.5387617324445599
6a1aa950db748dab,0.5179052749000099
233f9f667bd16412,0.5031895936698182
a3cbf3d4ac3b0dbd,0.4460459413876632
d8226a5628d3badb,0.5343897417676888
b208ba1b94a1de65,0.5241252933473661
6088af577fddc811,0.5012849255058046
ba557e66cf2daf4f,0.5719016238732685
256ff1ce3f3b7d80,0.5132293333950664
34006a7cc40b768f,0.4767835880774842
6f14c0e8d942d902,0.43141375604869303
7b80caafe36f812a,0.4948026049914267
52273cc7ca721187,0.4776734113643446
0332efdcb805f57d,0.5100628948515837
6234a203dd6af96d,0.4663037400523605
eff8d736147ad234,0.5315632295443892
b2e88e33e1a8599d,0.487145025249206
98e04b1f653f1afe,0.5286657736336579
dc25e41114dd17b6,0.4788697221640521
b0a695fb0866900c,0.5095575961943538
cb969f897e7c8ae8,0.4921379005319788
52398fe57ae33009,0.5135806909127335
39c4d01536b8a303,0.4887697450266766
384367ec480b7176,0.5296959919244332
aed76f5f6a78240c,0.4913335167757513
0a828f6b66a2d215,0.4845365596858322
8b98bf14ba3b2222,0.5048348931610257
120e5487be3d4bf1,0.5206669538218923
e00118eb9836a6fa,0.4764711291964062
158b0e224b6cff42,0.6229056950475121
1e7115a84089e5db,0.5584788956427
97e30975000a9432,0.46931645672680555
5260984dd71de38d,0.4891398505615575
527af8f81f028d3d,0.49008781571412063
7f9f0e4d6befd8a8,0.6299483493522657
5cb1c4555cafdcce,0.6002542101453164
e15075850f2964ae,0.501929227302645
2c2932bbf4f12c22,0.4679748556117638
cdd174fc05a69166,0.4600156849600505
755eb6cb16b73c6b,0.6268861276697223
22784d4690ad5eee,0.523290995044297
adbeef66bde28737,0.4965257094072887
85206f07400a471b,0.5005093695754388
373412779642a71c,0.4663436687506113
682aa538882d0273,0.5199999622478739
713aaa4b6ab239ab,0.5260590831065957
b487c6056c9279da,0.5160817598270273
f129dda0dbdcdfd5,0.5068925159254424
b097f19b2da32731,0.5181391464816225
49e160018ba5ab17,0.5228540781407334
f1e03b90a8ddfd62,0.45026935635758825
bd2d2c4cac79df93,0.5309980198868384
918ad7b8123f0c3c,0.5514144399789915
3dcb38d6ab9129cd,0.5078955432751344
5c4a4c29658184b6,0.5070604174486424
f970975c605a138e,0.5248565003127853
9ebbe6bb8a89fc2c,0.4997556679651908
1330d0f523a61fc4,0.4962909339527737
2d094661f37df6d9,0.46828643246259083
ff0390a04e971bd6,0.4857710440947549
3d79dc29db0b41aa,0.45860106999430195
b5737853911217ba,0.46412806973971055
38888869e32295ea,0.4382027620662927
a399563196a73686,0.5380683979990959
8e07fe94f8fc6458,0.5103021281595265
321b15b7c4ca1f13,0.4468636179430654
4726a9ff9d8a0659,0.5133012582755792
4f1906e1ffb71157,0.5256535705040228
e28cd5f0f906e528,0.48146567008982355
e5c382d9a6fa3efa,0.49013962379024145
139448b427d0e277,0.47162540909745776
37f0ff82aa6aa8dd,0.4976151973701869
cb24f7d4e6c80df9,0.4942132113909917
ce2bd9cf5fa0cbe8,0.5243715471752051
c1b7ecbadd551152,0.49740479795617154
d3525ea552ac32dc,0.4828953635126164
cc06bf52e0098515,0.4856111719451903
08f949c82e311f2b,0.5428756515688851
6e4d47e920099c9f,0.4774322960205234
bbd0d83780ddb9b3,0.4985366967183438
5a5f0f69d7791d13,0.48408668158508816
2aa7ff30b5371789,0.5082839155584902
6729d2768dcb8e26,0.5304206847299828
7a8b976f7f225628,0.5496351087558994
9813ad9c03425655,0.467364759599455
68a5c4a8bc941716,0.5159310225397691
a3b3dd6efc56fe01,0.49524694836365657
d2be909515a9f918,0.4488136586013226
4e5baaaa20ea1218,0.47368077091950145
66a506356515b10d,0.4989051267521344
4db459380515c2e1,0.4465302776733404
0a7d87380477871c,0.539653719031497
a8db33a56d885a49,0.5273552870015725
05af0f9783ec1c29,0.49634850825091625
f46cc641d2124654,0.4381512412632612
518d178b5b9da9c9,0.5405418551832337
abbfab8a4c701a43,0.5205090273152113
70f3e2bdd9a8942c,0.5075414371554667
bdf8ea3c0c92742f,0.5572820753975399
2e0b786742d2de1c,0.531679060372659
6832e92852aa6516,0.4874128510833007
926924e9c40bd71b,0.44495733460654563
e708be8db06102d6,0.48897436316683274
6c0a22e342b4fbaa,0.4772440782444689
a69c220aaf007f13,0.5066721674279745
3cfa1d1fd99af2a0,0.4663662865101157
28e9132241cdd6a0,0.5251333889356884
cf16633d9441e32b,0.4754459384441554
38245497f6e340c8,0.5262553407020842
dfc2c43b912dc71c,0.49116133592484446
f9cabb49d98237ae,0.5072782866200138
5c2c6c6f6484a490,0.4920519173649862
b86c2786c171a9d1,0.5231180462942752
2deb76bd78a8d6e6,0.48613323632796535
c461cbc68f91fc77,0.5318569717187822
f84a2288dbcf3265,0.4968554645765739
dedc7e5864a4f84c,0.46669595755782534
824c90127240cc0e,0.5070216465468371
f6e266a2ad69b919,0.5254867756064511
a06485972c82a795,0.48618320326878395
e9805d7feaa4d682,0.6100656380452795
02d76f74fccfcd3b,0.5427406634082722
3d52316180d22912,0.46970145023204446
cb361bcf12312266,0.4859043233591832
db442667323859c3,0.499562350501235
d3a10e76a5c0e552,0.621818754008868
0332d3233b3241bd,0.5907749569927166
b27fb85d6c6d9350,0.4862519016941753
64f44410ae417255,0.47001219867016575
0af98af0f3b26f43,0.46956128035439604
129c8ab4df2597f3,0.6337977941515807
ecc08c4b9e7c5f5e,0.5230819751788298
d55319394300e6ec,0.5076403302432089
1c402c9064fbf62e,0.4890043367801453
4e5c0e752a3cb13f,0.4722849819398218
4dff2c95745ceb65,0.513152839465306
3212e34548d5d783,0.5052222140266018
7e19624d67874b97,0.5043333121103447
7c7fb4c182f43e67,0.4991057752565272
3b2f2bda315feae5,0.5330513913951427
64184593578f1aa6,0.5112721165376302
ebf4ec2e71ea843c,0.45968508859660995
076a441bda1a7601,0.528932514561837
e3870b634b039612,0.5294765644530443
7ed522bd7ac8bb9d,0.5042691087106798
f4e3a9fa08827b9a,0.5111033726610111
a622e15ce6d6ac5c,0.5164184039466394
be085aa80977fe8c,0.49793666966901373
dbc56fea3b97fa12,0.5048737002729552
b06ec6ebed3a1d9f,0.4708844640414166
26cb45070df5a582,0.4792221936778731
937091703d4e175f,0.44873415423767327
e5191202b705f08b,0.45631579611995887
27047d9d7df82183,0.4337105442548608
05668eb89490d552,0.5257503024841141
1b0339962baf925c,0.509691360193657
a81c3d293f607c33,0.45987324456894874
38527de314d1f2de,0.5042368622020588
ddb733fc181bdcf1,0.5249798491325504
686206fd0578f135,0.4824778720022056
26847a79b2544d29,0.48161235021712057
ec9ef74fb19fa5e3,0.4741846409324879
9e0b998d59f9f519,0.4966638981019027
2de494f3ef90ed0a,0.484367506676056
1a71e4f9976e9227,0.5321981788326007
af70f400e0039d56,0.5118265288601902
b52e5d07709a92d0,0.4966147334812522
6dde98c9d6777f2b,0.49200941308839075
a80408b04ecc8b71,0.5511532516161365
e37556c0b918e945,0.47456987357443414
0c9aa13831624537,0.49798402863056457
e7306878c5c4d5e7,0.4946939656476246
4b0905cdfdaba97b,0.5199647155262531
8bacfb51521522ab,0.547056662376418
f028e9268223c8e0,0.5597005896251558
31b289f198a14119,0.4744519326468042
831e737f936bb24c,0.5055053051237417
ef11e8982351bc36,0.502777501246588
1f4f8979bda7ff79,0.4331008955173714
4e1ee69db86f4781,0.47209827228571155
f2248525ee2238ce,0.5043352267326093
2ba120cf6194798a,0.4566165777052844
09aa40318aee0981,0.5292070504244684
5b945b1547c415bc,0.5293448071715439
4254c44b7c884145,0.5045242118407729
e12875625c793c1d,0.43750774986389906
ff4d1b552dea5049,0.533592981009165
4a347d1ae2f4233e,0.5255918071160057
f6f78515db250126,0.5066342969887723
35d8ae5eeb995795,0.5594939564759668
755d9d034559acfe,0.5142857900752464
40726b3847aed937,0.4755862764586779
d5c9df029db9dffc,0.43647921515364574
052386899b3041c4,0.4941510843955337
a71b3b8fff035976,0.47090501367699567
9e0e575c050463da,0.5022987855482653
aa7c55e067049069,0.4834853893527856
4340dff4aeacc792,0.5333561313539593
429539977701ddd3,0.4903713847149702
37bcae7b31f92bbf,0.5264274687394794
4665ea638c1e68da,0.4886841529621243
a087ac5d9046bb72,0.49645629432817673
423bc74079d3fca0,0.4891347852351364
f511dba40d227e79,0.5084935176286118
e53a046db266b8fe,0.48487165037481916
dbf624b4cb970bc1,0.5260983338333924
1d59a3f02a8de1de,0.4874693710747411
78e52ffeebbd40ff,0.46064067385520624
efdb5bdb4fc82129,0.5099758792662293
4c3019b893bd0cc3,0.5129618820893349
7864e37983aafe92,0.47896683975865595
90b99e812fe07e82,0.6206159412434824
a48a5a9f091eec28,0.5416458738498069
b98faf1e7eb1d6fa,0.4689538484385768
ef781de52e2ad68d,0.4904950882239463
8247c3b63e725eef,0.5028958622431634
c7c91e1f91697ad6,0.6229263091973944
7ce2a85eea2e529a,0.5802453312681802
25940cc6816ca7fd,0.49007760693713887
1f1c2701446574e9,0.4637749460655345
f94dff2c9574d643,0.4886311195859665
6394e0acabc75dcd,0.6391628403202849
5277d6f876f627e4,0.5217510434550989
b64a2becac783792,0.5139164012142842
58affc10d151db15,0.4885494932012938
f5fff30ba0f92ddb,0.47785825438098706
3b0673c8a0df6c97,0.5183215523282875
9979830bc4085433,0.5105817394411777
31d51fd7e38d6a2c,0.5012788059519117
5e0e4622bd269b5f,0.5069408370323865
bd1c04a642bba8a5,0.5210984674150017
e9b411c7b956f2aa,0.5117787693288944
276e7ad514d894ca,0.4608812260935877
103f22c17d9caa67,0.5282343358398655
7001adad301ee381,0.5357073582742347
70bef25422efb485,0.5017541028093913
63603ddd7d7c4361,0.5093234839696555
31d74c17fd48ac76,0.5096396855276026
010e39487ea755b0,0.49709723712499587
188277fd0d0aff3c,0.4957935972738762
c3041cc14e70433a,0.46002275764513
1ebb60c0a99988f9,0.4800862776393664
23b58748f042b202,0.44774083787801855
a3dfbf2e2214bad8,0.4498627927578751
9f907e31fa233bbf,0.425013525892844
84224f82c12ddc24,0.5319087656452393
01f809a79b562dcd,0.5133736381900487
f77bb1dfacc11df1,0.45852709236969347
ef74958a3a2a00a4,0.49655511787053297
68cbfe0444699ac9,0.5253587686694116
4a95ec36009f36f7,0.47978406584169075
129aa48c04ebad63,0.49021262146777445
8e5924f4ae4aabb8,0.4678838061628051
19c25d9c123029e4,0.4893710940695455
98c80ecbc5f223ff,0.48592176655260744
f3c4c206ac0692fb,0.5297492856854684
d70c91f5ac218cd5,0.5135714003441075
ca1bab64399ed50c,0.5081036451456605
28fdf9252dd2bad0,0.49412350756589174
f7b81f5619e5d157,0.5552336652874559
5621f786a04f4472,0.47223559843859586
c7d581d1e45a4734,0.497807445011185
5bd7c3f7d9381927,0.4910497673088796
f92e4ea5138fc7c1,0.5172654974941753
bd23ba514db732dc,0.5469829669249493
13db6bd0f93d0151,0.5571959950389878
f380bd50aefea0b0,0.47196365859259626
c816776e72e64ed6,0.5083171495575581
3d33b0368212a565,0.49995285037408954
7ed4412b9d7b7a07,0.443461795017994
47ec4a4e36a05284,0.47922612996580316
e2340643709e2846,0.5072003247013135
6d6834fb96bd5cfb,0.4554485803946424
ee8b4878f3e5bd3c,0.5163929152365381
1473c74663c39ebc,0.5212011001503764
7256b77491dbde07,0.5078419381313685
fa5abcd96338d619,0.44256013567048025
dec87d7dabfb3214,0.5330489389060992
c04c4e1347164b13,0.5284041009308154
a78cd2c408544128,0.49374901159466245
bdb6601554f21cfc,0.5613838155045098
21bead0f167d1883,0.5090383766750163
8693668808708386,0.4758656989541057
1c319852f63ebb5b,0.4363590001007267
71585c61630b44a4,0.4986003813090285
eaaf54a24b1b7eba,0.47213492273726065
751201775b63efc2,0.4960850373984732
29e4261964795fda,0.49398321044027615
33abe4dad73b471c,0.5339702724831992
7658c29fcd81e777,0.49717778319655703
cf9e8bde2b4993c0,0.5154332374768639
466712d465a1e8d5,0.47905626722686623
d0b5bf8c7aca63bf,0.5068549670338266
cfd06335a74fab70,0.4884848195158361
c0e279af021b36db,0.503172394401153
10499ff67ce97d15,0.4855312590705886
8c0befc6086fdb9a,0.5278049316681187
a72f966fdb89ba3a,0.4906407184722652
ee14c07e646013b0,0.45140400809698356
2ae92776a7838040,0.5079799474614921
e69b62c4cfa75493,0.5189972552224396
884d7320ac86b8bf,0.48103892359641887
d0a4cd7af3e399a8,0.6067544267172067
99e32f7d0f7bfb20,0.5414801226848608
f2933e333aca76dd,0.4789593542859796
490f68899a6b8756,0.48821806590401584
a97ed54e3d646744,0.49753481678471245
e6ee03e73527a83b,0.6224253987792214
a96c10ba8d29b968,0.5933044376191651
29838c28bf1bd203,0.49955486142605465
48b25e641fd2b5b1,0.4647255183646758
4b75ed5985f04b41,0.493242320238494
9f6e9a1c2082e84f,0.6260751491707226
e94290445311cb26,0.5212161942801417
a5e04affccce633b,0.5127137836414475
4122dd88a4ae4735,0.4930885731626986
1770fd53d4bc2d67,0.4703710569077668
4a758cc4536ffa33,0.526961549837491
f03404cad03b63d7,0.5114876252195054
272cf914f737e41a,0.49975903093428564
b50ff2566451efd4,0.5065211490801846
58f93f32aaf88694,0.5220932414010608
31c3a2e8ab1b1228,0.5126416614520077
b9201764d8d2e4ad,0.4594962116821846
ac0e89e4bf76dda8,0.5334796536084777
a429a1a34587acff,0.5346365849129721
901f5e06b670c4e2,0.5011741131303868
6787bfdf97bf3b18,0.49762615882716654
9e862804e01f15dd,0.510151755782522
da3241c6c85a822f,0.4945303124782222
f633d9f66f80ac63,0.48789628838813637
534549a7e6a7d656,0.4714306021705479
599adb6ac43a0629,0.4811107150280727
5bc26355e35b6a8c,0.4537175691209826
598ea0c4a8a3205a,0.4542660969418637
8938fd8e6cc0282a,0.4377144332430932
54c906e12ed90e48,0.5335641272513478
c6850637ea7ad803,0.5157749321322357
c776315d4681d755,0.4612114825001805
c2f1d1adb310312f,0.49886742952379515
058ae9854fcec898,0.5176708912443988
90500200847fae49,0.47892211453294997
45e4cde2863ae70b,0.49184814130631715
c5cf165f133eceac,0.4639462746657599
8e324bc7e187b26e,0.499462447382893
c431a7f55b31a44c,0.4876359048376453
79b01eddee784016,0.5245212411508231
64b6f5e2b67d3b11,0.511014303054159
d8cbbb0586d13699,0.4911093667656261
faff443b4c0f18fd,0.48595215130836
7ff6b740304602fb,0.5460264794469316
1fab40903d55fa36,0.474556792063624
c3f9d1511e4fc390,0.4995667378348554
139fb053f111be02,0.4924189753999255
2d311823755a6121,0.5143248086616046
a76dec07b632148e,0.5419578624719558
4695a1a89b9836f4,0.5606896812470659
580526b6a0bc3ccc,0.4737574204825934
25f3504114765f3b,0.5196700832450384
dd5f04a130a8bb23,0.49519781530932605
3a3c554afed4e467,0.43997240883024924
e43a68a9ef5b82f9,0.4855551818682846
791dbaf759bfbfd5,0.5112784329775703
0a94bbaa9b5ab47f,0.46177898121788774
23e4bfc03938420e,0.5240495124620098
1b7bd9330861efc9,0.5196259722465543
416f3cea661c4361,0.5045482963103716
3859e9218d9885d9,0.4581299963807254
d1534b16b310cc15,0.5244618259653273
59dcef57e407529d,0.5283904999656395
eed8b2da8624357a,0.4859841465975785
0adf3568abc6e3ac,0.561639549055801
78c848b357c5cb92,0.4837663598913089
0a7bd1c6261becff,0.4722262174126972
acb391a031445dc4,0.44137441958833923
eeb8a2c345948e1d,0.5015508682456622
757eede5075727a5,0.4701328929824723
25aa16d8b529d64b,0.4964855266301532
43f156323d4f59ae,0.49066211300419516
e40717f92b0584a1,0.5299026590321196
305a40442177fa4f,0.4963951597199435
b96f6b6a8f89d62a,0.5244557956162913
60d39406bbb4a3ff,0.4780943352911413
4ce879e6b29defbd,0.49626076932282337
cc349ff1dfc5ca18,0.4900900727027744
56b582aa619267dd,0.5058297436005602
cb09d949fd036411,0.48534859740518654
3d865f65a83c8262,0.532618426943513
87c135685eb9c773,0.4866585823115759
3e96b13c913367da,0.44136268770862963
09e444deacd26a75,0.5039476602957974
baacb5a34c3639c4,0.5109454774410712
53f8d6cff693bc60,0.49198867472049423
7ee9eb5ef47a9c8a,0.6205574511549828
4267d7699e30bc49,0.5353480480957881
78bf6ad395da0011,0.4922409121039575
2b18a522c08b8dff,0.5010118917791266
10404e81c6db4434,0.5062349278023623
beba43b4fe029c85,0.6209657586137244
63cd4922463be3a1,0.6214666035664479
8c8fcb218e6e93b5,0.48358757866616653
cf051f14f6cd898e,0.46111286586254385
30f23e2c15edd826,0.4941561828671226
3c7ff4ed33efe6fe,0.6277353249025877
000e7f2dfa94b001,0.5457059937966411
dba83bb8363de31e,0.5120185177642674
80959f7add018ef7,0.4984235313166342
f4b07483026cd0ad,0.4679263321807463
27c8e3bc01b58c08,0.5130177386978484
7330f460e5228755,0.5119745286817416
5cbc1c5cdaf714a9,0.5098066381609806
fe84d49e836f95dd,0.4938186540149865
f73e789b5f45104a,0.5172877234921816
5e2b76bdfe102faf,0.5020550619847547
0865884ec48c0285,0.45670267554046085
017983a3cbe7bc1e,0.5263547862770541
f380adfd0b7588fa,0.5317802676259453
12bef3323b3f68a4,0.4995200314373812
20e7b6d669895e3d,0.48928306455971005
cf11fcaa64a9e2a7,0.5136967156178487
158aca01554648e9,0.4977636284209115
b088b5bacd77aee7,0.48414873560916194
2322ca0c18c2ee20,0.46935038591970724
9886abda4cec343f,0.4624081063741734
13036977a820f8e2,0.447868667554989
2f1b5d19808584ee,0.4543643153512339
59bbc4888fb646da,0.4377035089205126
d98754a986d0adf5,0.5495244826960898
53a013acd131e6e6,0.5154308462338042
25e596cf2d277b63,0.4642211557341074
a1d1269e08d7f735,0.5028098274801451
b190c6933d8c1459,0.5087951821310217
37234662481264b1,0.4819769353399638
2f6e29aff8fab261,0.48914221670649005
e31802dfca1c2180,0.46293587914129586
f74ca7408edeba77,0.5041493602652389
96ec8b6f8b7d1e1b,0.49077864886292344
410606b3da594e23,0.5296430027570493
c221cc196f90e714,0.5118419143365818
cb2577ea5b35d874,0.49256684529709005
d3ea42680e075538,0.4870221419584132
0dad6a53283007f5,0.5362497383403121
851105e93d5b0b7c,0.46492480469003206
206d82a727b3f6b5,0.4998070718658657
a4b91d5eefcd21ad,0.5032725641333452
f635075b5ea71c38,0.5137252134978434
f3168a6851b54bcd,0.5493290054043087
de3ab74355a16c0f,0.5570878454175278
9edd6557d42012d8,0.4761919359611988
7609532a6cf362a0,0.5146059329357157
4e5199099f7cbd09,0.4897852452932603
9a365a77a04a9181,0.44498189869331917
f1487a7e7a321ff3,0.4762429222507325
e5b825797d417f9c,0.5183597094433112
62db06cbbf9d8a39,0.46050836008008733
5b59af7407485d09,0.5218158326175566
4590b74638dec316,0.5157493470239175
5b330d93aa79019b,0.5063033135007506
5e333e33479d6852,0.44763187041476227
a592c64ea90305c6,0.5217199580570686
14b988a97d2efb9f,0.5341512093675592
d0f4baa40c3b15df,0.4927227517479218
7388d331331cbbce,0.559171909775703
1a85a9eb9bf9644c,0.4897411952159141
aea4c3baadfc5f8d,0.4717437373128589
f2d8bda810a371ca,0.42315375183069337
157efb20ffb0889f,0.5059892294645133
f92038d07f189548,0.4651423727934806
4e7af4c945c63060,0.5004458638946182
53c513de7278419c,0.49570515318351094
f6a56e02496884e5,0.5135373164340009
69a8863863713257,0.49898614135624586
8323de566ed3160c,0.522274305141066
1d3a695149f73427,0.4797468005785863
e3fe075696469c73,0.5046187079347194
403f290198c636d3,0.49102836821647744
d37cf3cc0a3fd4ed,0.5155028697263909
d3dd0f687965345e,0.4832288542921632
24ef2154116f8b40,0.5296975933600019
1a6dac4d8d56e6c8,0.48388153788141297
1118cb8b717c5a2d,0.4521557548622829
bfd9b6eb9dd387c6,0.5279207815477277
1adc033297236a7b,0.5155538604280008
6c1dcb75c5720c9d,0.49177565008066926
657e31f25f899c65,0.6128078334147302
4bd12bc4c6a70523,0.5393416403088896
6e72469ce76351bf,0.49469342184288156
424bd5c1d857aca8,0.49490793531718746
ba052be49fbea894,0.5167532742848282
6af3446b80b376ef,0.6225912470242703
fee18d689da0af91,0.6139518273975286
ed8902fa15a79f73,0.4733962660352887
0bc48f9128ff71b0,0.4626930808557448
aef23956b1cef4e1,0.4972039513358766
f83d99f5bdf711bc,0.6421459688545947
9378ae7788e81080,0.5479908941520222
8a2f808236bb2a55,0.5192969615846503
3e518298632e38ab,0.48407702460324675
40ba91b05c7c4e5b,0.47201536160894875
d94cdb93ada764dc,0.49745269044853735
62640f9b0e5dc580,0.495074007675522
09f8501330739820,0.4882826856544198
6f5c421371b1ef7f,0.4779958497464343
daf888a985c0962e,0.5170963478047677
84794ad754442cd5,0.49456308005767513
2505e3a9b50958d9,0.4638449460318044
e114a8d725623a8e,0.5141498822571895
869e420309d32e9c,0.5227255777440584
949573b0772162fe,0.479767609509824
8e0902e543b3c22a,0.4878080352797338
c26434f1fd0473e8,0.5121373237760305
90e81e27234cfad7,0.4988280433193011
14ac645604b8f76d,0.48632521703672293
68cd4a9c23b64b9c,0.47430553312791535
968d2c76a88bca29,0.46929433985618907
6c0adddf71639ed8,0.43547033089542053
a05b88cc83e46c68,0.4560141697453812
7c095f6dd2ec3f35,0.44027977069576174
2f674e0c780b7e97,0.5279654071887676
7aa2d3de581f20ed,0.5151181307074544
e9836ec4812a5771,0.45998755898944776
57dc9af1888c4a3f,0.5101685205913711
666242c4ef40d6e6,0.5070680925315397
00077ddf81365a03,0.48409154822279765
07433f2009dd7432,0.4952019165802135
c71f894b8e1b65df,0.4676777800725258
690af1a5af895fb0,0.5014527852806656
f405123723e8726d,0.4870369539088515
89f68a400bda65b5,0.5316133765031048
26add57477f8ab15,0.5101877819189207
7a2651005dcdb594,0.498061569873817
af12a783cdad79cf,0.4812389843019069
eb6f171269268ff5,0.5538019945357885
7c172946def8d0e1,0.4666420597939738
724561c105821b36,0.5080041670986358
9bc96293f5d00f72,0.5054319671923674
663ace02bd523fe8,0.5145604912480473
46141b1483e47605,0.555266789509847
1f914e316a7d09d9,0.5553608268850254
18640033ec7932cc,0.4766446904654448
d12ef874bd0dfc17,0.5019328621523053
ed6b85f7ee8d860b,0.48111965147634383
7ee2db09c276898c,0.44031698358735083
d2bf253065de64ac,0.4798519347861774
56bd962662311132,0.5223970339208315
e0f219d3178cb30a,0.4636845979864398
a3de9f2b8713dfa7,0.5261699731404633
9373fb482a3db5af,0.510251835575845
d76a56f6986ecc8a,0.5059799085784237
49478121abfc9a7c,0.4419525750154545
e0f3352e44970241,0.5111786239613493
d40032d8e8ae904a,0.5299213784198114
a6fda52dc3aa4d09,0.49149596630110604
7c0f65b72350cd85,0.5503824246680641
7dc51e743a2ff73e,0.49237617212337403
95a149a1a9d9b354,0.47444155176525205
9c28b57e2bf53513,0.42757611093662296
2a2043490a2478ed,0.5033548203308558
fc4ed28efc715256,0.4583437848204953
4fcdd89aa24dde6d,0.49396730321235593
88a0b5031c2d2152,0.4917287620614348
0afc2e8296892f70,0.519758198781702
7a3fc7489397abe3,0.4918927978866583
76f283a845ae116e,0.5246139363451643
2c03ebc53b74f8d9,0.48176824356495995
6c43b8d04317fe46,0.5046840077494581
76ce556e142e7fb3,0.4895504985142478
9c3385ebdc23622f,0.5108600088685624
6da3b4c7da503fbf,0.4859939427693811
c97cab0017eaa0b0,0.5254619655834922
0e12668304de8fd8,0.48340833578789666
c0f68a73e12068e8,0.4531366275940987
17ed0d3e0b2d7777,0.5335223761695955
0b4904ffa17f50d5,0.5274985607314364
3b1afe8f1b60fd04,0.49680818834508633
4d5357df30fcd2ed,0.6236331693113831
b26b268d93fccc29,0.547575448762476
b8b64843c768478f,0.48440463708713033
794a7a2c6498d75e,0.4985798981791052
4d95cee8702db6a4,0.505458688271935
0c126214e6a70e19,0.6124464934776469
0379e50c99699fad,0.5790677826091413
cda7c33003b19f68,0.48174446535709214
058a80882135297e,0.4588371418416004
98195096c7bef877,0.4920398479513729
1ccd1213b27e785e,0.6403311092676065
af36cd5cc25b1308,0.5401509561141281
4f7df584b8927654,0.5143910657408587
1886d19a488ea2e9,0.4897261245062796
ac98dde19233ef57,0.4728403944892614
0cc24428c52cdab6,0.4965599128405336
805aa9941f2c7487,0.5060860070068566
900b691e457eaa03,0.500048459361693
ccc9080c2f88880c,0.4967961921661782
525aeb681b49ed16,0.5315091243250532
487af2d1b946098a,0.4926033769389604
ccbbc813e528c127,0.45854133575508693
7d741e1af9343b8a,0.5121039421226735
8527948125e4bbe6,0.5209528314190061
f42e628b5a022686,0.476864143231049
adaf9ae719b54dac,0.49403325466355374
e6e95ce0914323d2,0.5248428960272371
2e26b293d5cd4ce9,0.4982861497506057
1de9764845039958,0.48866824236216866
01cfb6af6a8eff6b,0.4872147073483061
2b0e2de5f5297d33,0.4750027495614898
39f6eaa4ad36fcf3,0.4390080538131671
d0991b2ef76ae281,0.4461995161109509
9a40f376c19b426c,0.4324672268966828
6904eb87af8ca886,0.546355692425055
cd56fbd931992004,0.5154728177574872
b6398f01ec3fa99e,0.4588391843709565
d4e9a2b7fd243e82,0.4951609466555653
df2f16fdfb787883,0.5046510594150814
a95094fef3fda482,0.4854212958459254
7fb4f9b2500a3fba,0.49601886681649887
bf9bd8319c6ad09e,0.47646850068489144
ce5ec0c604231091,0.4990111029117452
f4389acbe34e456a,0.5109231584347566
7d20d602e296d547,0.5206033201084156
abb644a9793d1562,0.5139761756481136
3103385db7e736a1,0.4931504026705733
37e4eefc63ceac68,0.49126899831926185
8f56bc7c2298ca7d,0.5525247440016576
ff35060d94f6549c,0.46155627459516935
8eee6d5d73b74799,0.5028893026489107
d5b0af66b249a170,0.5035068535672167
d3f904457878348e,0.5161317947335545
5b69e46050ab2acb,0.5477690118797789
1eab156c5e54fa97,0.5612426598090472
3571c47ba1226abe,0.4780050987202784
cd082d93723db43c,0.5096584962739856
08ecc984e9690200,0.4854436106242852
19de32c0bdfde697,0.4531802748772269
48e75c30a09d8da1,0.480215578651362
94cc59200c45bba5,0.5228998544779517
206bc394d5f949d2,0.4753446008468454
e78566b1d6cdae90,0.5329686112597647
e75c05f8610cc423,0.5009166269610542
8858efc87c154e2f,0.4911300574731654
180335a75b6e73b2,0.45132212557448415
718e7e2f83679031,0.5042679106944583
a1f37fcae1d217dd,0.5297939360392745
d73da88a7f7b22cc,0.4823529696085369
807cf9f04b66a2c8,0.5404960471312517
f2c4af7cefbcc4b5,0.48376242588359264
9a756dc9b0031b26,0.4756407018975711
6a0eee4bd82b2f3f,0.45373822921196194
100124fcbf2da27a,0.495792153366575
004c4d3f60a04054,0.46147702830387927
7a779839c8fefe9c,0.4946140084609498
9bacbb7a5a5038c3,0.49033671170404547
41320a68c16fc9c0,0.5157386763983267
49c526f81c113689,0.4960031364313594
eecbf536cc08dd11,0.5142720191362066
300361770edc4209,0.48201250979392163
a5242c20341c3f48,0.5031879453454953
79d90931ebeee240,0.48813825222684426
8d752dd7bac0408e,0.504298250146987
bcb899e9018790cc,0.4852733032228471
5be74669fd93481a,0.5184579621820241
d30b124656e3cb00,0.4854490170890997
6c348b431f29dd2c,0.4539320012912339
e11034fe7c6a38ec,0.520063914860471
8ea8b40bb923e58f,0.5280283232792236
7ab2c1d38ec3577c,0.4962778430392154
97aab06039ba2a39,0.6330908496054406
e0b349e7ee12ca42,0.5510372203186872
22df719fd4b6a68c,0.4849790079901033
18b47cf636f860df,0.4953846141708348
393d21b8f2f080eb,0.5062730677277782
a673c8f45984a390,0.6129166034315772
359d7b886aab2156,0.5773918870382406
03527c3fffc0edf0,0.4869382204694678
697eee6757ff05b0,0.4614809717113002
be3eee1cc4b7bf17,0.49712072097908
d903444a76050b17,0.6384222817870453
87c5be783fe7a742,0.5378201296261448
13d29bf033c827a3,0.5155287148932797
6e303eefd2c73201,0.48756909311279073
31863b3393ac2635,0.476358730766437
2733ca5168575044,0.4954168119956799
317bef2f63bb5a54,0.5083385027581743
def1a01979d12c89,0.499395249557849
3c2fd29b9dcb2180,0.5001216691859373
998de2087c02d6ac,0.5201592163415967
7cd79d4fffe59666,0.5031425896055102
ba3d9c24f57fc740,0.4575310452515209
f6ea8fba04a31c54,0.5057600995887767
9ba3afb5dc70cd60,0.519537370096242
b77748ed12166f3d,0.4773729375927461
1eb70f1b24a628aa,0.4900208902492431
717acb777268e269,0.5280641975505564
4e70ba5b7c39537e,0.49497432223887683
8843bd77d4fda613,0.4884298674758184
85cdec8d83d3bdb9,0.48343211791391494
cbca206b2736618f,0.47363593002712523
a46e85a825f4f405,0.4343671160935374
e55377c377824448,0.4544827042249593
562d38ed7f324f61,0.4365048789991902
f7af10ca12cbcb15,0.5419966576468008
4d03e7389be7879f,0.5128929011982288
01e56f04736126ea,0.45136471150081525
7fded6e2b4a088a4,0.49811926332881806
759a76179af598da,0.5040884196235684
c94e023fbe793f0f,0.4811475027998686
965d7586536d03d9,0.49123823596857186
198c0a033c9c2442,0.48267066901697
e51ca91888afc10a,0.49833386843899297
572ddb9032001b85,0.5102605343630131
3dccd68e2febfc36,0.5313560517604499
f62d8b9b8403b0c7,0.516631451380646
eb8c5eb85b182d23,0.4935349187817579
d555891ee9189f63,0.49243455015465454
441229c49fc95f8f,0.5568353641953475
db758fdb10483272,0.4608617569790402
ec2df0accb9305a1,0.506347068069279
4a08ef7eb30687b3,0.507340801834892
fa960f2c321bbcea,0.5161581631009935
d11a1833f80106cd,0.5495739015704457
b3956294a96d1e75,0.5676022225230096
1c92c0daa3641773,0.4722608570087752
04165c996cd65580,0.5117264630928217
44a3e00846539634,0.48453408720464286
cbb013fd641cb554,0.4577055617448482
92c0b61e461f4738,0.4764402403828454
77fd82be54e2f9dd,0.5165211410566678
eacbb292c1d0c21a,0.4741944960000264
54f6d26addaeba42,0.5424670856638782
163817681a4c58b8,0.5024969633231868
acf0fc9986f7a9a1,0.4896266801831237
db1922afb359f3e0,0.4416667640757381
7bfd8a2779cedf93,0.5082755014381649
6144abad36dcd0b2,0.530176071813343
dd2b05e99725b974,0.4884743388425723
d0aae3001f971040,0.5409925725435644
b24c6f363b580d1b,0.4861539666682738
bb8d6b907ce77d03,0.47651980142747696
669f55cfc6f295e5,0.44707084059545243
1013fd25b60c0cec,0.4937822007681184
4290713a7ce9733e,0.4612193474552564
faa3938835775df3,0.4947601625405087
d7e6acf7a3427270,0.49191639182403624
2c1fccc4af6948e5,0.5147913500804642
4507d719b284b2eb,0.4975975563466004
f8591d20c47e066c,0.5200689591789613
1872f46de9039197,0.48638101473317197
007800afd10b1d5f,0.5035737385094038
5c378c3e18264230,0.49503542932653144
7bb9a487507084ce,0.5146703526123511
f82bbd3a10ed518c,0.48499757870129145
c49222ec252840f1,0.5184670215050069
435e882c72afb5a8,0.48346625143879085
8408a9a647d39696,0.4600459761654645
dea90eb43c791499,0.5063549917325955
ec7e136de58d2536,0.5258187116708307
d86b2637570d0966,0.4958860794724609
1e7d5fd1aef88a85,0.6342126080880403
4c89a7398c056c58,0.5528022715172239
835c460bf3cd8482,0.49197989127394426
1950a1bf226e8cbd,0.4939247434147451
44dceaa278bd128d,0.4967101495384998
da682b1349dd361d,0.6189585083817851
ceba837799eb6053,0.5948628425711276
3ada7fce6bf4154f,0.4827678065542882
9eb5f9300b9a61a4,0.47541604446514363
c5fb552f6092883e,0.49791223851854505
b5b2297e3aef33a1,0.6178345818494813
b2ea2ebe48e38571,0.5455526907104201
304fb1eb529a5ea4,0.5135718250221859
6e9b46c5ca7ebc45,0.4829681567221581
63b69d034e202fbc,0.47573583626573834
468b2bed71321006,0.5062446689355604
53ef76f9d09af380,0.5052459225631466
a55dac9b252ba600,0.4937924045685812
62c266b763c85900,0.4942150622831436
5aa6430d6e3dc49b,0.5194086348646155
807025241d2f0750,0.5008330031813872
8374f638e7ba2971,0.4561936755716387
fd209c6a8a57e21b,0.5001852206957861
c116f4a109dd9e32,0.5278962765323667
e1922940fc04cddc,0.4854432264135715
02ba777f6f40848f,0.481315829048239
7fa8937ee8cee20f,0.527071287928142
255673add0b9e8d2,0.5022419344179043
0e3badcc1177c40e,0.4845423796199765
29bb3074ba8e3f05,0.48711893936093076
e930c7f8784ccab9,0.4673976063128188
4cd630e398ec6a3d,0.4392619167323123
4dff809e31f5570d,0.4485880283956094
3882ecf5779827c4,0.4369872674970585
1cb6e1cc005b11f5,0.5482818984178964
2b83869f66c355c8,0.5055261064397718
629fa32926cb2c12,0.4625157179071717
c3a708abc9614eec,0.4948778150085995
e5985f38f5520721,0.499523578836093
9bab63b50cec6453,0.48412575768664645
49907a11cb1ca055,0.48671454193265107
e8831a26a8436d3a,0.48144374198572704
aef2d0fd4463af03,0.5049971602493719
dd482910005862e9,0.5108410072925733
2dd5803eb11e503b,0.5415142585444174
5743defc5b584b20,0.5031524789406268
460a4260a96be5ee,0.4909831156083101
379c5b71d6191dbd,0.48737851351507655
5237a0ef114040ba,0.550842342919107
afd916979e9b24f6,0.46168459206248436
9b972f9dd4a6f3e9,0.5038040518422203
fc8b8c5392fef792,0.49846218059508773
002f06f75999e55c,0.49862827145491584
9b7919f6bbebbb86,0.5536572038589576
933a4d26c0a2923c,0.5655365453404743
2e05978254331d67,0.4718255537550826
5e6886f7c4ed62b1,0.5089579637897665
5ac782a7ab471f87,0.4829650486757453
0ec999429cc50496,0.456607313325303
14cfb2800cdc0757,0.47880422834789793
c3aab2b94385089a,0.5202695594141922
5dc09d46e9c976d7,0.4899811548805336
85de217ca8da499c,0.5400380147708542
342aa25c64c7d9bb,0.49978215683805416
c494a370b5e7c70d,0.4814499600277058
db9157d6bfbd4e10,0.43585204843164993
45b4d7f158e1c62a,0.5099944227820177
0ea98be8d52ce45e,0.532248604719158
dbc15a533925725c,0.4876269584659476
c4e11417228de037,0.5264138524402969
17c01d6c31702ec7,0.4810324251275655
48270f02a4430d5f,0.47174564267541275
5ec3b1c2ee257225,0.4583356349291793
1b9c3017a4df7cbd,0.49591788575009454
cbf437693d6cf8c5,0.4722607913687239
ba151498c5fe8494,0.5061488255470731
8830ca5bbc761c5e,0.48520874319009644
c7957d495356278f,0.5334540306341499
bfb6288446ba9f78,0.49150616483117515
003f0a25ee604e69,0.5272841979674184
4bded76984b21747,0.4779989860129442
a8a7100182ca3f50,0.4991049181432614
93e2deb2c0a85f9d,0.4990572241419058
6a5df81f9f60fd9b,0.5005540504761834
57f57adcaa84248b,0.4815397660724392
4f80f6620937e040,0.5395904946615135
65ea08386488c5a4,0.4881278885407474
c74f53a49ef8d088,0.45179804536075063
eb4ccec31862f852,0.5230270711816014
90f3af8141a6ff76,0.5272566166146612
1c035f440b0378ee,0.5004375528226358
deac5be8e1b5f07f,0.632732492785634
ccd875c1f7124101,0.5548792735740828
e020ad5373a99bcc,0.4920693241890848
48757b020424b35d,0.49411735721010963
7ea08a793cc3eb21,0.508547219358815
7d52be2dfc6b5338,0.6122415896419101
b9cf6eeb5cad09bd,0.5839681818122471
e648d735ab7c617c,0.48070181224791875
50d1dc91cc1b64b8,0.4821521809080245
cd89f71b26f7e4c2,0.4928601688941462
3402c115442ded70,0.640472958318907
07d075f2beac9824,0.535509633298069
43d9d3b0092276ba,0.5118394046106114
e8a6664e8d5ebaa6,0.49137162754252617
5194a5eb4f91b3ed,0.48120743504766517
07ac92bd56a91672,0.5216452370913833
321e4a6d8c14e68e,0.5134456919915275
e4fdc0507d9e9ae0,0.5000138166699973
fa9aeb42621d42ff,0.49756643513214815
6624ea36b366aadb,0.5108056902812518
3025bb0e0190b72e,0.5100288222675647
55758620af92e1d4,0.4528531251563981
29c1e8d0dbe3127c,0.5040206832448098
03bfb3d998ff6b70,0.5386298972495708
2856bb623a4f5ffc,0.4948669182584047
b823d2f74fbfc4aa,0.47969696920865634
7d7baa4f8cbb5bf5,0.5185494880463117
bf286009bc57f85c,0.4877334971249434
b0023072c438d99f,0.47730578769686094
d6e50944d8b4077f,0.47948967556162825
0ebc982e2b7aae6f,0.4822710359057525
35bf7ec81ff9877a,0.42921180453729924
0294cf624c6ec42c,0.4469213187624166
8946b83d0de31e6e,0.42744316931799875
7ec97cea4eeb9b80,0.5497569879914886
15472880922f09c0,0.5014584109005658
38058fb3443b647d,0.45603241714705167
0d47341cf2a9b4d4,0.4899090219144775
4960e36ec57ddc1c,0.5057852890290956
d67e8ac96896341f,0.47090725388998145
d55294e565d713cd,0.4898654118904898
6f1706224eae40d6,0.48853547556598054
718d9149b1a63510,0.5048006206064517
5dcfe9b898d03901,0.5125047856345668
6e32ac3ce075a733,0.5457394197967668
6f94f6d132691c31,0.4996034982575037
b92a94f7e3450759,0.49246826252644804
caa351e1ad3c6d9d,0.47583335759671497
19a9b614bd5a3710,0.5384039299693505
6c747cba66cb820b,0.46321805627822354
b17f6d9bdcd083fd,0.5035096802282901
1a1156586a605689,0.48463302639339123
781fae88b60b6fb5,0.4951575073432539
a3954afd91a4e14d,0.5493834880029267
2696e59124336734,0.56418805693077
42ace3b3e0c0e13d,0.47600878167710203
835e45792f12d25b,0.5186120417746491
97347acbe00117d2,0.4794591891039566
53448ac2dbffeb5d,0.4533839490345639
e8328319098d8ebc,0.4716166644324633
f7b0a8a314db1a2c,0.5176037272380659
a104cf917cec28a6,0.4931599711865444
cbdebe4bed194a24,0.5347609077906097
770e1ebb5a516f63,0.5137152670470002
b36b5078ccd961af,0.4865118531798407
30ba106fe910098d,0.441608449878657
3931bee52b6459fe,0.5139380836967219
088e0ef67f952a92,0.5397590004839967
942edb0e04f4493b,0.49475367198445985
084d6b04d09d99c5,0.540396684796208
d73b238c08d460f8,0.4811525080610559
f9aabe6190899d21,0.4798897617822988
db151bd5e422b28d,0.45725279072123337
fa8272e4490505ce,0.4984017962406182
11479b8caeb3fde2,0.46672731756161
24c1a73994a47e6c,0.5069651087883129
b920d3074a61630d,0.487501028522922
23320aec4ce0a353,0.5311701679160692
d2e322995eb60080,0.49340032740632134
2b2c122fc0c0f32e,0.5293485856443126
424673b6316f4e92,0.4711915141618317
2b316516215a7666,0.49798207902684
a478fdf15fc9dfc2,0.5000740871690019
70ee9fb84cecfb21,0.5139657662295612
e616f4b6987d6d85,0.4897825072061479
dfaa8d0c202bfa04,0.5395372244218926
d85441caebcee7a1,0.48973259733168706
5daa853c320747af,0.4638578268013369
f5a90e8a12c3434e,0.5138825570141168
4793be9d06e09322,0.5150076547608697
c27363a5564cfe4e,0.4954440432268168
8eb377cae395e878,0.6247902435236043
958db4b60d2c0d1d,0.558293903576867
c167885112ade89e,0.4913894267349521
17a8372443789343,0.4904577809074797
dc71702979104914,0.5106783029048371
b3659fd9749eeea5,0.6127604075427009
294d0b314d302da0,0.5867658449342821
9d9a29705e89a4cd,0.48271224051050954
71ce342bd7b0d6e5,0.4877264010768302
c8f422849a1250ee,0.49194866347410615
22741d92ca68d631,0.6383632076804415
a9aa2e6ccd859ebd,0.5107692824404061
c226bd83eb7925ba,0.5165986047304005
6ed2eabc6cc09791,0.49073170745945516
f6df0355df31eeb0,0.4797321158698007
e362e78ca777842b,0.514782930638767
0c0da463ce70ad8e,0.5060369836180516
be75c6f9e90f2ef8,0.49620023978110694
a03cbe0f814e7c6e,0.5029726520939628
46ba5b96ca1ee67f,0.5033328972966628
bbcd7792d3ea34df,0.5072091920614612
dd59bdb97cc56787,0.46215566032439725
465aa4923dc0aaba,0.5175698764750958
bdabcb5134acbfe1,0.5396424795201761
d256a9549ec9ea07,0.49250218488402087
12fa4eec89176a61,0.47233949690318344
b895baad0bfe0c72,0.51866155696348
236ab4e25da2acd0,0.499922153865872
66e732cf8e19bb20,0.4708409586472143
6c316aa7cd45bb91,0.48044903377087844
b7264169494ae609,0.4767393103129618
7c9a2d55595d0fe8,0.43729125532471635
3eb4fa0ef87e1c15,0.44213671956250633
aa136b405b875137,0.43012136512797916
3ca8d274f66a2bca,0.5582873178289754
a82e6f0ac72be8c4,0.5062144136029825
bf11f69450856419,0.4568783749309062
767abfca4d1b1935,0.48827810118215265
7dbbdbdbb3a07b03,0.5040537927585589
6d8f4f0c06227c8c,0.4912387914786286
97ebbffbbe3fad33,0.4882129207008712
5c0a36130250124d,0.47798223525802686
4a618376d6e546f6,0.5062744647948877
83e0b95ba80629bb,0.5050259360986783
ab862e991c3023fd,0.5384060311834364
abf60867cb533564,0.5025416494064574
eafa09e7aa3e9718,0.4992109077733441
4b3b8ec75663671d,0.47468749017791734
8a33dcaa6e34d72c,0.5381844486527451
5ede4e45f471da3f,0.47466797354927537
7f1279b9840cb476,0.5012945149419958
e95a419f607a8daa,0.4942578089414523
ce8eeedfa503fd4b,0.4970969983016216
8cbbece84f0c9b93,0.5570260939117058
5b2c6dd7913e7a82,0.5652245560914687
82004857cc124ba8,0.4732495549947082
f21df6a0764c9fa1,0.518398970986185
f90f217f63b3abd0,0.485499946266007
19790c462dd1da2a,0.45466907926460187
95830dccf5b8575d,0.46427968166098044
7b9efdd5569d8efd,0.5146575456865284
0a6699a8a7706ada,0.4944469197605976
15acc2632459c8c1,0.5325966348814787
8c7316cabfa34a5a,0.5051346195055461
0ea600e844330d65,0.4879124217407609
b8784393c471b023,0.45121109582066665
37d4c2605a803f1e,0.5212551426107223
fda472308132d2e2,0.5349382343588924
283c3d5a3ed21a35,0.49159928157301835
d4d12fe87288e2cd,0.5552779211004156
b68965878edf50b3,0.4805591163662897
af4345c0a520bd25,0.47471287185710764
aadc531adef2a040,0.4616439356037251
90bd1263de55d123,0.5011023310734855
0ab0a60b4bfe2d7e,0.4628030001504805
ceae07024f767bdc,0.5118179220856605
cbb2388599d6de17,0.4801337362975229
38f48302208dbe4c,0.5310452161170535
12c0751b4c95945b,0.48784849015249243
09f77df4fc24c75f,0.5335468147063075
fb8a579931e55f41,0.4649181514513603
29016e0b9cfcb8da,0.4994700372781864
9b2e81ee9b46212d,0.5061399773980553
a2405a695f807e89,0.5133868294757692
9a5360b352e3aa56,0.48898520599389217
70446110cfe5f6cf,0.5444564709705384
15fe01348a60f5b4,0.48280166860089035
2571692ff166695e,0.4677197586307179
6cee78aee17379c2,0.5269069161386912
96576b9b9860f631,0.5176753381519017
56f202c638ef129a,0.49084299975031087
f9c901e9b63227b2,0.6192945733439161
30a1e1a3c4ded58f,0.5621031191977526
c74df903210154e0,0.485560486343829
2eee6fd1e3b7f4ff,0.48707344202746317
07e733bcd58774b1,0.5046060100065778
74be5a245d534527,0.631218016910625
07dc3c51b08a8598,0.588618013249168
530e39e15892ba50,0.4886019271358861
9ef5f36bd19d829c,0.4820838610156636
6272e84048912af8,0.48756837528098096
0c3220ca077eb71b,0.6423969727752288
b778c84192976ac3,0.5242381967146228
5fec4f5419f51c31,0.5114297213446283
e61a618ac5eefb60,0.49646006632616935
a02ddac4d3c456f2,0.4855060290601968
bc5ef6d331b74361,0.5118323479303426
6c61b106c7ff80e3,0.5031441078198139
30d852f32f069374,0.5070500610949082
40ca390ad34896fa,0.5048651885757611
4a98301528720e2d,0.5135642866454309
47ba661bba14893b,0.49624780652783274
e7bedc588a0f6875,0.45435208806533023
d339bd1fcd4bf427,0.5127197045325057
f254cc03d0e670ba,0.5516715302679528
bf469eeaae97877e,0.4959492410449047
b8f9afc227665232,0.470724420659663
7a18f388335f1a99,0.514260425508107
1c26cd43ce724807,0.5043346670596692
4e75ab61fd56bcd1,0.46882981771288
1216250f5c5ed496,0.4880377615133118
2df30c94e90dd4e2,0.474845958625836
64744a14a2b493dd,0.4258473815509438
29ddbd8a1a5dc0f9,0.4461152750358661
e84e4918ae04dc14,0.4354016699843324
6666eb5808eb06cb,0.5555616035874442
5bd5983f6b01dc56,0.5041539086522092
7b409ec101473d5a,0.4579835126017684
3cbdaf767e9579a2,0.4888531256068278
c784af31e66eefd1,0.5001878370805386
1789a963f42d8c32,0.49214930878074203
8272d22579168d96,0.48943956686338363
aac6239490abb0e1,0.46685855649136787
4774f82583107d56,0.5195822406155266
7d590087f5971a35,0.5163697111930071
e093343fa8d4470c,0.5526503770935464
19f2c7c6957892ce,0.49760818349028657
20d7fbcdd0dcc220,0.4932029038693875
f3a16f13429ebfc3,0.48408365184458013
240853f8faf7fa8c,0.5441668415935843
f684765be202c2cd,0.4770600444663118
89b226435657976e,0.5002589957646244
ab11710c01815090,0.46834926970632507
e43fe1bab0c3c46c,0.49668519851446025
7992e074a39d9d56,0.5676694669304397
86f52908e6047f4d,0.5607428006321123
28b4263e009a53e2,0.4659912693322197
335629d99aa92dff,0.5120028433433472
4139008f82684b1a,0.4882826170279536
13e51b7450e42219,0.4488596109815548
70443377466d4960,0.47890059253705886
b9b8fa03276c2975,0.5107652984219091
45c6b10cc3556b6e,0.4932491089722719
11aeb4a13040e264,0.5330777897961768
b30cc85782d57a46,0.5115372231031408
bfa2a48c3b4d0a76,0.4900417106760344
e3cd5e4e3e45610b,0.44723460296051987
809cbb94c365b963,0.5096273102367967
b08e281ee6b01cd8,0.5393681144392383
910235b45ec59a24,0.4918291234190404
6da7ab3e61c95564,0.5490532583661843
9d1e9fac76ae67bd,0.48982747192808906
a2de080cbb37e2f6,0.46221324562028343
4e0c8050b88b26b3,0.45568729947062725
1c34ca4102e06ced,0.49830793139774443
31dc8c04ced43ff0,0.46744319772134024
67d1828b2ce3d0e6,0.5090973928594648
17a5ff66a182b875,0.4871810874306681
49359e58a31cc0e3,0.5260653347598817
d9d521dbc6eca99c,0.4913333575689802
b77a89de515f8ce3,0.5269879441003427
59ea6e31ae901ac6,0.47443481796950115
f423bc82222e5f70,0.49661415293826816
f71282dd6ae1c02a,0.500463866273511
c706f0ffcc70f829,0.4986779863557438
1aabd3c8faddb0bd,0.4838480607839146
6a932bdbf019ab3e,0.5399276258227839
68bd7a25b5dc79ec,0.4806401487690882
c2e8b4a07ffcdb41,0.46491571295147516
53c0a570bfcdb92d,0.5270373682962183
39ea176e1069e2ec,0.5248394794478172
e6d826ef16957c76,0.48913159717859744
a4d262fd9b63a4cc,0.6128293198168102
bb86d6468d3529c1,0.5601815172939
6d1c68144026b60f,0.4912033830329492
867c0abd86673295,0.4883329222207412
21c09775b1bc9c4a,0.5048409765779813
70bedbbd30955984,0.6329007240419182
6861b91f37d664e4,0.5995462480939047
118046350ca4677d,0.48783995819798465
4bcf81378c9e4d63,0.4760026513181066
bf8be043a109be57,0.48963548064898954
1c3c271fd83b7f13,0.6451165772214138
a1b8a8fe66446032,0.5315316068768128
6bf5dbd1f5a27b68,0.5139412775997289
76509edb1946f493,0.499945342642629
fbd057f2140d8bd8,0.48349945307128517
d861519c36d6d975,0.5136905332620818
6314a468362d5cec,0.5068116746349874
7624f27ae219f7e1,0.5021720183755998
057e34c1e24bb4fb,0.5020454562842499
7d2ea1b949be73bd,0.5138689351716593
6df8f43d2de35537,0.49022840746447405
04cf6fb3b835285c,0.4498552931876667
b4c9dba5e378d11d,0.5285603816298327
6a5e34b39847dd12,0.5473464163675504
a42c118660d8d661,0.5003807008730135
c24efd10308d443c,0.47246869473655884
00e7532abd7a1449,0.5151884931270907
c5d08c6284d646d5,0.5029778219889367
c08db12ec9f020fc,0.474067489387876
b6de46d797c62acd,0.48356892033019294
2735dc7b901ddcb9,0.469217109428142
655eb824f001aa2d,0.4361672283530267
58216a3d1597afca,0.45092998071926016
0065c23fe263ce85,0.44098102903376935
cb2882d852dd010a,0.5534921283152
00f96357ac312ccc,0.5055024231254766
59f5f40fc75dc806,0.4627047246471008
2c730417d8320a88,0.4931010406980484
d5f503f97d64037c,0.4978449790884223
4af8ebf59be3de64,0.4882204928706084
4cf762b09eef4fd5,0.48641256828613577
4f5ba4e8eb238728,0.47997347499877274
5d39395550bfaccc,0.5223289080104956
8adc268938694988,0.5191146810475665
29ab04b554f68b92,0.5532453518191639
74dd1841f6bb16b9,0.4995975972561988
c9d25f04768c0c1c,0.4950579829962791
2a1ec01e06ed1cac,0.482367518277077
86e92bfb70e9129b,0.5476326368588873
3367f062e9e5369a,0.47836114893880555
39b2b502a87c4c01,0.5014206402280932
a415b9b378a56fe5,0.46914375946701614
0a65c521791d957d,0.5118145549914142
fa22d98a91e8e11e,0.5639186665879068
8a72f7218a546fd7,0.5595833657544602
2b9635bab21f06bb,0.46934749015925037
989e09f114d7a969,0.5102361591972271
d33661a30249439f,0.4823948222685479
51499021989b8c90,0.4539294998251877
1ce04eef34b2a837,0.48314906411159586
91e2b820364b181f,0.5087008750847746
e41959d1bbce0ba0,0.49461748826416363
98f2a8127fbe45e7,0.5310638459456368
0ca6053c550b0b9d,0.5154247041587781
92536e31bb4e796f,0.5024010872852414
b660ae9a0fba39da,0.44739592534438277
56ed1d68170e3704,0.5211240256859472
cd397c58a120807b,0.5372310944347307
a117920398cd96c7,0.5055365697897394
ec5be3b70202ffd1,0.5490392204927306
574dda4bf8b69f5f,0.49545139831128204
7a319a0e3a5262ea,0.4624027644033626
0a400ae0abca1ad3,0.4582678683145214
a57e599182fa44bd,0.497915460189688
7fdb451857926138,0.4731897620093588
5a6825563d7abe72,0.5071431304340411
42b94b0dabf5bdc1,0.4786524165154813
63cc944ae90c466f,0.5473547581123189
f4755c9685a0dfd8,0.49117668161746475
d43463de0ec0907f,0.5242625343571683
f85c8858e6a20f6b,0.4697329100936095
9672cfbfcf1ae40f,0.4948037352434431
4ed0ae139c209349,0.5036762534017434
d4118531bbea4461,0.5029038847523921
a8ef8025ac6356d4,0.48735594780429903
ae078fd7b46e5e1c,0.534390241716507
97edd64e709e22db,0.47863652123968026
178d31d7b7e5f2c1,0.4444685915717401
476ecd4a41bb1aca,0.5239674150596827
67c7fb1f7cae430f,0.5221888762285323
4455ef31f564bfc6,0.4868722617380332
91dc7bc36ba879a6,0.6200987659089341
b20a9379b95acd83,0.5505836730829479
78e7c2d983b4264a,0.48434967644463056
70d094ea6f667997,0.4847138526025815
9e5e629ab81443a8,0.5050024098934156
e50bd1e1494d9f2e,0.6265863888596944
ff1ab1fac97d8e04,0.6223857771447054
66ccfa3bbd9cb4f8,0.4883960200374622
61b30b5f570d37f7,0.4782848673741261
34651c4b23781f1e,0.4911451318174367
7ce77d1e510a55fb,0.6571199453031237
eb41421cdc12f0a0,0.5372442502572201
2e0080c90a03256b,0.5168236596082145
d4347c67f0fd8344,0.4996252558340505
42191ae5b222d132,0.4871142034173891
12427c7dbe526ddd,0.5216164393651842
0be1f0587420a7a1,0.5055080872962787
56f222a480cf0649,0.5130475075762156
b01be2f3415806d5,0.5029883850422696
99a5934221eb3482,0.5184248657511416
c8a753e0c9734071,0.4897610047379838
f0426c7804d353f4,0.4481006082722203
5da67fe58137b352,0.5232885232481461
10ec929f3b7b97d6,0.5544116153448122
f5389bec0408d196,0.4905456119708178
f9b80b8d57455bd4,0.4678241178103224
c686131ee8bbc286,0.5135263746931177
7fb273564b3635c6,0.5017512928460313
4da5b9b97bb966b1,0.4760544197477007
b49301f233e28b68,0.48318029121754624
3a444bc20d0ac835,0.46848376282299187
ec77e43370332977,0.4311725836878568
319c47bf2b8f42fe,0.45200213216135887
ab61f67a7cd856ff,0.4391692001154852
56952ff768d047a0,0.541193290932082
2a41de6ebd4152e5,0.5009475874399266
07f05990b82f5646,0.45022160892675833
f242bc7bd679c4de,0.49500297784772973
d2123589af7bcf71,0.49303506518289986
60a57fbcd5445b9d,0.4860086759174147
79fc2e0aa1fe5237,0.4914347925476231
5a31144ed9439d42,0.47764145499630006
c59ed25c9665cd31,0.5202470048051834
8447cba2bbdb13bf,0.5168284995246875
7105f55ac1ccd214,0.5451882445749727
15a11bc9f897d3ed,0.4936126011625065
8d1dcb4520fe3ab3,0.49281651778259705
63c69fc3c61a4992,0.48469010741431084
0ac0246de7a1d1f4,0.5489865198398906
f49226fc7259b6c2,0.4768242084829588
aed6dbc930476e90,0.5020697614795874
4426c249cf050146,0.4653020753531766
48e9119a95bd7dbe,0.5031951911294974
a7c72f1028773ef3,0.5553591809357229
5af7b8ddd0876e03,0.5555807758899057
89d2001d02a7d36d,0.4602935897795022
e65178c4ec044c37,0.5184605465924707
982a75348dd10b31,0.4760761267201852
3454df616baf5898,0.46022207115795577
805e3e1828592729,0.486491698788315
d5d6e43eee836bb1,0.5034470017730225
14e3b5faef8e812f,0.495564809171823
c260bff944bc289e,0.5344017219140871
bdd86c2e0f6c8acf,0.5145821603980325
855c9c95bba21a44,0.5056038675117698
53e17a2273fb9c84,0.44712173142943423
669203668cd68523,0.5172624893214453
ee1739bc24e71517,0.5303921773873218
fa6bd7903f7ccdee,0.5142055341416496
0da2b04ea6306245,0.5428309984785392
74dfaa0d8ff7ffa6,0.48657193734601245
3a5fda99eb5c5e58,0.47120367184743095
d36600af34de648b,0.46550154038831815
2c284ab2145aa5c8,0.5052716455873243
ab69e6e739bf6f80,0.48067546299011255
dee05de0d9eb7ae7,0.5140722053896499
6448b965c61aedcc,0.4808874128059162
64d556a2763a7c94,0.5446554909717688
5cca156d76960715,0.48469884405015107
d0e6654004f9d00e,0.5246360195605456
59ed809eeb37986f,0.46138117642131904
3f63df9af393a21b,0.4996402098076197
c1ddcd9d3acf6047,0.5072052358194978
82c68e44c31e0f83,0.5033864216085405
e3ba9778db02dcd7,0.48572970471370014
e7fa51b46750f89f,0.5276990602070042
9ea32249fb86e031,0.47601199234724945
070fa7e086c7a749,0.45531156746868207
617cbce74e4e711b,0.5061042246077658
17a5068d43a49329,0.516089735964935
86b7813650b8f06d,0.5000186299115132
a91b33b4e90061b7,0.6085325242953912
c8ea61b488f74453,0.5524368026707017
df675d5d048cf635,0.4792437574187449
940222a7199b17db,0.48626935632389445
d5f5f88f4a9c2bba,0.5030362866777492
4f0f85ee95c1f6f0,0.6355915403449774
9b810be07808ec09,0.6128667425727439
6d9bbc3178d0b247,0.4895546543012028
cdd549c64384f35f,0.49912015594230796
45e07347cd098a9b,0.49614518438350574
399a037c442d13f1,0.6382747805240618
1fba8bd98cef0be2,0.4891877402235316
1ae640d0ec1da002,0.5211216973277701
a1f9cb59049abe16,0.5099019963775957
93e2dd2575f113e3,0.48934080417519066
3530c7fafe340015,0.5257098742916738
cde14fde9bb872b4,0.525178590747378
b9da6a1e115f37ed,0.5257017880532393
e2a817a81d92b495,0.5069405777820937
cc7d09fe45030f65,0.5054570210542103
dfae8fe468ecc640,0.5070218721871722
0713cdc68619e5e6,0.4615384718545905
d734564da3bac057,0.5142391003721827
301935218c34d12c,0.5453965234715835
9598a9ae8fae4761,0.4842048747746569
3f540d460c8e3f52,0.46605949960769144
26bec872603bdbd6,0.49927466286790434
d0f692be7d1b5fb3,0.49523405872082815
2bdbd7a5f17fd178,0.4709160035860458
f1ceffdfaff9b20f,0.4807293487208275
f3075a2be55a2076,0.47925641579079037
0dbf8d5b61b5299e,0.4262281406434938
b5c190176fda4830,0.45849907984410276
caa653559dbfabdc,0.4408561636250947
8f843fdb3d5be181,0.5444088853211259
db3a7c71cade072a,0.4960064595251259
2a57212d2c98beec,0.4437142552666773
8b84799cd821b58b,0.4837314630165792
40b8bc4426cfbad8,0.5072528393491743
1873e11110183c0d,0.46879297443087775
23ad65881238d7ec,0.4695160445765353
d30115a4db0a7a4d,0.4713905524410811
6dbbcf34ba5f253d,0.5107226983672256
d403385f5edf8637,0.5149684409600558
6b5077a307e29508,0.5364141593105421
2a97c5870ab6f6b6,0.49581011955080934
e03baf6ff7eb6784,0.4962448651467042
926229def1252dc3,0.4794931276076203
e3bdfbeca2f5c94f,0.539539092273582
f9186dd9217a245e,0.4748097101235862
44fead4772f7b4d5,0.5044665098809737
06685b9a224d61f2,0.4710783824976914
9b15f91db72b720b,0.49455124989119037
783dd7acebc299b9,0.5516576495273162
bea7a0fb174db6d1,0.5494014272662222
c828dac235b7897e,0.4759955383554252
a2aba1e8a98a7067,0.5067396491561312
5261d6e6b85b4001,0.4848150733164276
e78f4d032fc668e8,0.471390434571203
a5a498564d0f3107,0.4875475281696424
bdbb5b8e74e6efac,0.5112996595720345
066f2259dd788581,0.4844592034709947
865d778efbe8d609,0.5387171870398793
8f086139e71f44e6,0.5162751448723989
2eb93e040055d423,0.5047883329555131
caf2c30043945048,0.4414373248386524
3fe6d6712c0c987a,0.5232062591109886
13765440f983588f,0.5403942381180191
2b1663e993a8608a,0.5108585139955653
6994e96306a4f64c,0.5442768766138
c487f72f687c1ca5,0.4785162104427405
a5af8c3bb5ec2cd3,0.47286095882337553
a80cae806040b55d,0.4436854813051013
6474429316f161ee,0.5060269335979669
effa4722f9ecc3e8,0.47755890431939885
35cab3f4db4d6f5c,0.5222904937279564
ffc2ba4e8d695ca4,0.48438489059816114
028e85892ca555d5,0.5398156469780976
738091b47f2ba7cc,0.48000694452326087
194c80110f177dad,0.5173020170928597
36edfc02af959dd0,0.4610620456459229
ce76e34848e1bb86,0.4956538455460605
d47de5ab9be491f6,0.503970038052753
24362648aaa68a6a,0.5023938919382152
036acbb5ccf9e966,0.4827480356874073
488e1996092706ea,0.5216057421667388
42045f8ebdd37726,0.48442877303660825
efe7b3c04a13c965,0.4665044965302857
a03c4688b7e7038f,0.507764290503212
4ddbf79d36cfcf56,0.5243678253650074
328dcd04a7c45d4f,0.5070904207940893
9d7e302ee5dac59e,0.6283408344691415
5dfa581757edf26a,0.5454512383009504
20615ebc4b206b52,0.4868873463838479
d883cb4e588a180e,0.48206745695598574
6d1454842e7a8bd5,0.5070360354540515
48d488e245eb0a37,0.6292049911701226
c3cd91929053fd68,0.5780158393100283
03a30bce104a8e1b,0.49118803220456186
86c57048ebc68040,0.48317040818031765
164f5355f4160b1e,0.4950784559390049
2d21c13b8702e9e0,0.6426579093080271
6029f859e97d93dc,0.49514586779826686
e17c4d97d1cdea91,0.5204274426816227
9c4e9cfeba85f0af,0.501117894522621
5d5354be34122230,0.49360365214382873
ef8ebaceabd3f25d,0.5182385722650003
337decd10e72a493,0.5247347261707683
913467a9421e6ecc,0.5183124205680282
afb602f0c5b9736c,0.5095284071785551
41d4f13ed35614b0,0.5143820670026111
b50360050b107c65,0.5106327133543679
9d75320b6ae93af0,0.46764976509758494
e404d0b796e9f4fe,0.5149932397389856
c917a41271f03bd8,0.5402604584042857
c1b09db7ec5442fc,0.4724982385698395
ca9bbaa6f60be626,0.479483700715578
6f2a75fb350a0348,0.5060568451273049
793ba790631879a7,0.5076144346126613
fb8cf469dc865776,0.4872468816494775
28bcb19a6ab156a9,0.48761808385158956
2fe69f15ea93cdf9,0.47729449538028856
446797bb1d6d5ac0,0.43256022132026994
38fc1835bbfc2e2a,0.4463423451303197
04362055e876ee61,0.44317235902294116
c240f439312c8d07,0.5418134398992659
e6b949d2a4aa08a5,0.48585779557238096
eb25112811a2bb02,0.4459305678612595
4af60aa03a2a4549,0.4829846678828318
c4487e2d21d5367e,0.5114361395520578
280186442315951c,0.471550460817005
249946f5d0402697,0.4755887441466099
3433fc0ee0a1cac9,0.4704623469233593
d2c7107dc5c4d967,0.513541661954614
07f4113034f57e2e,0.5233850124508999
7cca8935d95fd062,0.5388014666602091
85ba6e736ef5a50e,0.4975807410208104
ec19c283e25cd050,0.5016271290146782
d6d7735bd5c609e3,0.47698848778672054
dc0686ddf8612a94,0.5277509613933619
1baf00dfe5b072b8,0.4723365611065684
f4de846923aa18c3,0.508054108472481
a7371ff6b3b7f96c,0.4770176435659954
303d3270cffa00f1,0.49693472936515937
6a884ce3a7cc2ba7,0.5527367125757323
fd48906dc08cce09,0.5514615730670598
149890257b576a9e,0.47535148632202107
9ef8ed7efa1d02be,0.5077511541714445
06a64410b1731274,0.4811109144603021
8d1344ea35e44c84,0.47226504231781563
dc540fee2fa7dcce,0.49682737550404255
c977f215c5225fd8,0.5162999793468477
3763bf2d371ee932,0.48949433378741436
046afb9932aa0bd9,0.5417449907687076
22b02382a2ab2d60,0.5116640071942379
db05b4cf5c1a47ad,0.5006683902112405
f6d436b79c725d25,0.43397087540917323
32f6f4a08f88e706,0.5193597521976958
8c4d140f24b23754,0.5387181111377539
e9dbeb905d428a25,0.5088105798052964
441277fed165baa6,0.5437896491801102
ec55c0dcd28f1697,0.4897986817786141
8404cdbab2b6fded,0.4722031237705693
e7ccd64b73baa24f,0.4344815596837066
1f4f30e7c3e70b80,0.49925265355959714
679827e98c301140,0.46870990618313724
67a25cdb95006713,0.5345326227822201
12709312ca437253,0.4888279085305127
4cb7b55273233bf7,0.5271820813597478
13bc7ef967c489b3,0.4867968254370434
a400f46acc6b7282,0.521665413708484
0ec4537d496277cb,0.4603944693428841
8ba49c6e955368c0,0.5066647652370501
5d02252895340e9e,0.49535275277855706
4e1802ada3b8b390,0.4931849049500834
fae76e6c46a125ae,0.47477416733338784
17840713b75b4303,0.5264637338947697
5ba8c733c4bbc667,0.5079976697346131
1e8710b6c5cc04ba,0.4678841940678118
45463d0d8be0001c,0.48751294197827
260e3de93a9a6000,0.5158026903355736
b4235075eba6a7f9,0.5001524406032769
9a054448662caf5c,0.6402659986015881
a906e55fb3f39d1c,0.5566233215826841
65ece7caccde11f8,0.48434465758570133
becfd88ae7a3fa66,0.48291530930892557
091195a4df524890,0.5010243028515066
3a69ded4c0dce354,0.6355351856920459
0e47579a6b19388e,0.5893966798554279
cba09cb73845a361,0.4935719008319046
6a5263a34f06495d,0.48371329729336965
9152939845847d87,0.49495865525038574
9012d2661798a094,0.6459071255729499
e08530997d4491e6,0.5064724493989495
c0071ca2ebeea113,0.5152103765010421
d8130e4c4354d627,0.4947714942799615
ad04a85234f8d7b9,0.49984595604436877
5199c1958685fbfb,0.5078235420697044
822eb58d7ae97a11,0.5275578299525573
254719c07a86b0bb,0.5175985046502167
41e02eb95c1c2ac1,0.4994018294941166
bd075f5a3f6ae6eb,0.5102194449948316
f40acf26faf4bba1,0.5225126229984128
f6fb9e0730cfe3b6,0.456166336731067
aec63fba6de64cb8,0.5151854855381176
ca879396db2d0209,0.5488530489670091
8ce65ec543207231,0.49137293454606246
ff066220300dc368,0.47580411529567246
67ee68cdf8e5c82b,0.5242004468750902
58a9992c575adae2,0.4883219735657224
e42d482b53a9c18d,0.47423877617604315
1796c0506929eb16,0.47440484702637464
4c6d70819469da14,0.4657571907030291
4942b0e2f8b08dc9,0.4445788152534328
7c636bea9ace55e4,0.44000516395418976
6f26aa384b458a7f,0.45931557191822814
f5c5a4ea431a2cdd,0.5593138839897086
a8ac01bee131cc2d,0.48218859261634817
bb68700e18573d94,0.4393622667923812
20ebe7aca87d7ab8,0.48161135278935174
2ce220c13d3a2436,0.5070611379775358
64d6be98bfe1c5e5,0.4760595087527808
101cae001156d389,0.4660073295900542
2457940802c60a6c,0.47693599131713227
1835a32c983f9b61,0.5259820105459163
26c755c97d919916,0.5260658179869386
6e2a03bd464b7561,0.522271710536723
8924e9e4b47cce5e,0.4931754073290453
20bab04ea790bb58,0.48495840736052764
96d705d06920ccc1,0.4752133312618142
8176ed1ded99108a,0.5269290061588304
1a871c1932119b7a,0.46909453073007024
3425c80908920d66,0.5071567696868684
dd98ea2ce85759c5,0.4615249019474257
f61f619b1c92dc3d,0.49228838804760267
6e0f9f4e8a0496a0,0.549567967848382
e97cd59f7f59e30a,0.5563260816058504
518d2041165cfec6,0.48773807502318123
33355d37850af51f,0.5466520340830043
3fdf209810884c52,0.4734980145848704
e5be656ec1d8d6ab,0.4835094376134488
897ea6bc61d67c17,0.48214371008571044
130659297041dee3,0.5101238152370858
ef736e4fafa4c29d,0.49487428988649906
549ae4c4d9834337,0.5475377320322908
89325479ad6144bc,0.5107929216553311
15348b1a39dc2fcf,0.5041195070504528
e0f5e234425ec5fc,0.4277382505324373
3bfc920d7666ee66,0.5176972456090876
88a612cd478519e7,0.5390236488345697
413c3f046436d913,0.49921334506495296
748d2113bd503421,0.5503333093939232
07f39264de14cb02,0.48240629107169974
6fcd3da71965eede,0.4663139798976199
7c3e6fb72d145080,0.45158481288378227
d6a69b4e7723e7f6,0.5115665922243764
2b743097d616e70a,0.46033173483594547
2c47094e86102bbd,0.5269583261339462
0897b4c9eaed5f0a,0.48081151883219864
f0cbbaddad58f365,0.5273894983885421
ca561f27aa3a6a57,0.4949419124832506
8f658675f01c15c7,0.5270970420934306
90df63e4716cee05,0.46431200344230583
879ec60c49e6e492,0.5080656926167983
546a1f3c7e5c1137,0.4974369081943606
fecb818bf5d0b99c,0.5159275554573846
46eaa9ac68220d4b,0.475159135158309
9290c4ff33830230,0.524333171880971
c9cee0b773789fe9,0.5030710796234747
1163f9d64bab96aa,0.4720929238620928
6f5f3b1cd47bbde0,0.5011775516341997
3b5ff226c88c6dac,0.5112604732639965
ab61e47b7293ae70,0.49757800085532733
93a530a428f4bab7,0.6502419236904153
c0dd7ac39dbd84d0,0.5550307792988876
e526d2291e74def1,0.4845451667166586
554b184a20947956,0.48831725782207414
8cca6ff7d44547d9,0.49978703188008755
b5d4a6c9a5b788f5,0.6448245733691252
0414f12c4c3ab256,0.5893811193764014
909c9c10594ebc74,0.49118074454208704
0ec81c696bf9c69a,0.48521579409382265
93d7d5e1815d9c23,0.48774229867832153
f7c5dfe26f337945,0.6409764950973316
880f996903c46914,0.515704297373551
5e64a612bf171e2d,0.5166291745491995
a8b27a70f0c07075,0.5050104331346317
5c04438012541c1d,0.4983155134174334
fbdd8f4ead194ec0,0.5012969493517901
d0ba8e28ed731311,0.5287949921171926
6c4a30af751d04cd,0.5187190602238079
7edacc16c45e086f,0.502240243224769
1704330444e25a7b,0.5138745442104159
7d79ebb1da3dfe49,0.5229368876452578
dbdbb5ad9bffe439,0.45825698982862406
3060a49f345dc619,0.5179977786902963
919ce632f711cea7,0.5496007599067441
be0b2d8a4876cf90,0.49340851479806414
c6c49adbd5f617be,0.4717313436961843
10d790902ecc6c4f,0.518450884648159
f877e9a7604d16f3,0.4885268951998397
52eed1b9f1424246,0.4773483114832753
4bd4ab8fa91df67f,0.4782552945692107
200f7e2017715b26,0.4571026200189068
ab20b271bf95bf79,0.4520506070303063
5041ef01fe715f5a,0.44511904884957143
4e60756e5c923d56,0.4602408968286047
e85f195d3b7132e7,0.5584034990388613
005528fab0d50259,0.47983482534015565
88e388c8c5bdc1f1,0.44755276496053575
6019bd350652b047,0.478845338132206
9fb76feb62a9d41f,0.5002881050322802
566a19d268666072,0.47552447013435706
24fdb7d8fe8ec096,0.47719483203266233
fec4f98ada831cb0,0.4760250079117483
cee57d7466e3ee8b,0.5215589464250919
b29ae3a9c08c26dc,0.5301266161830749
fbc46cb542c2e812,0.5193477535815594
78b0310ab1fdb569,0.4921224690726851
411868fb7d6b3286,0.47545859112760136
ff704a3e0e25262e,0.4716215804552921
231dd3d3cd3d9dde,0.5267819623129478
1529943c5f696eae,0.46736879650262664
5549af66679127de,0.5096673012147253
85277c9fde300f8a,0.4624313077487371
771bc8c73c64b669,0.4886001353241104
37d749829beb3288,0.5584957662666348
fac747b38fd59825,0.5608252745662793
c868b45bdf50f3cc,0.4893503177470636
fa7f4f7cc359e970,0.5496705859439325
fe76a3b868d99ea0,0.47555622313672585
574bd8b9da38cc96,0.48537951437220483
a35a8c8fc8dc8bcb,0.48150893100982195
d008048ffbe036fe,0.5098875700563278
3c8897ea038b8e5e,0.4898319931671695
400a4e581fe64ef7,0.5486956597050753
987ba531b5b92165,0.5145936598988482
5e9792b6e34d8254,0.5042832954531603
33232a13be12fbf1,0.4338300552296438
cf112dc30a2c8c01,0.5247222549507742
a04642f4c2b350d7,0.5421099210778793
c02041d22ed87259,0.5010423967952581
a1c4e643d983a45d,0.546063040542955
8a64100a1271e23b,0.4846916536745661
c70c075813579b2c,0.4615218570900912
55b6dd7391eb3767,0.4459903839858299
4b3e3036881ab21d,0.5089068359493003
fb543bf92bdf7049,0.45808953036758804
4121363b1e2749c0,0.5229553288983735
059bd09f88aa32c7,0.476198827211436
342dfa690557f74b,0.5255047249203723
f17448599bb09616,0.49184354481174375
7bc58a3a516226de,0.5247073705591708
2ef990f1ac5467f6,0.4665815458722611
aacd39284edc3e65,0.508565324846115
94f9456314764562,0.5026128058893425
3a88413a3490cb30,0.5140292876174591
b7aee1732fbc527c,0.46531521109386764
4ea8cc595bf7e9bf,0.5297597825458453
d2396a8644760cdd,0.5025772451298093
f80ae49e8fb3967e,0.5065610260713981
f884df54c89f0e10,0.501541131016429
b5ddd03c8c0eb576,0.5186145235333315
bf92e01d4304d944,0.4976359583526322
8733e2b636e91e3f,0.6312550453619625
c36aef5ee78cf38b,0.5691230194851273
5cd84b3c38a57b08,0.4827260778027984
67a21debadc0e9a0,0.48510965850893617
3490b1f7b4c9c7df,0.5002927264933206
a3cbe41de315ce70,0.6389855900526369
a283fbaf4b86c96a,0.5854907369161928
18eed5765a6acc1d,0.49084585353783616
173af472f68264d8,0.4814484793729433
9c3b32f6dbccdb20,0.49823734222133575
31b0366f9b11bf10,0.6421091932472973
0191858bdfbf7e2c,0.5020214557998632
f21270ac21a2d8ec,0.5171777084220788
0210781c66698d0e,0.5025627207124147
9dd3c86c4ab552ad,0.5012064596169369
0c0bfb80b61c124e,0.5050499448374496
e9770559457653d8,0.5254343894478599
c0b0adc60713ae0b,0.5142981987229286
a1e2e2f98a16c5ae,0.5083115611322866
e2dde7fda14b03a1,0.5138709502224306
2e3b8721279b71e6,0.5184917082991756
6601a8299cdad8e9,0.45095592304988164
a1b0cf7172c412e7,0.5224361968776816
c78aae76c12c73ee,0.5538149259856617
0c47a2715c780533,0.4940958880740972
7616c5f0c6fc5a7d,0.476142353821412
ca06b29aee2222db,0.5208180969029544
efcd7fbced1f0db2,0.49002568292005155
4c2acc383a976447,0.4771357104410121
f5671614d8e000ca,0.48361418249579
7a90fd03e1593f16,0.46772277800154827
90991f8c619acdc8,0.44517461829087535
4c56524e2564d887,0.44676493212606194
8f328df15439b159,0.45112804258315675
7875b29941d5c20b,0.5579989953423189
50c3bea402b8b97f,0.4791464858862081
8580d229a92c11d5,0.44481758605507293
715e54bf60ce26d9,0.49654482470740846
353c5c9d4ec1b4fb,0.5018274886686951
dba320242cacfbcf,0.4630294045521903
56c4721ba008456a,0.48032218874271737
99d1f1207b580cef,0.46938244899427384
6a41774fb83a939e,0.5187080348630877
4f16810430a8070b,0.5260327679732577
2abb9ecf32bde418,0.5176518574753743
dd25323ff50cc766,0.4902882271582323
6b0a58856ada494b,0.4798250915462401
a9e1ef0c21fa0c50,0.47739211260249004
f4123b0e7af5b6eb,0.5224736932980916
fc7f76b1a3b2906a,0.4686752994805078
f65f1a89a0efead0,0.5034954480041249
5e93161857aba2d6,0.46252110203519625
ed0a5de177a5ba53,0.48859131592308835
cba274b1a6b30786,0.5504928094028879
3f9c0854b8159b43,0.5627315921770955
73b55718ff14d4ad,0.49300204279432247
27ea88d8b27035ec,0.545335610625981
2ca8bc204461d804,0.4850276505168356
cb43ca784abf0fc3,0.4855034475831108
f40919cdd1e8df8d,0.4861350175688721
65f21a1526270ff7,0.5117481942809631
12b20366c0a1dfb6,0.496184685650352
796201968c809594,0.5420018456872628
c80f2a20d3336869,0.5143448249926101
f0b62ff800d426e0,0.5058197225434478
847ce3b7aefd5f7a,0.43622579162046693
8e513debc9494d17,0.5183182368127809
3cb9fa0da60680c8,0.5329208973280916
981186b761b3450b,0.4970039037164167
861bc91177101352,0.5499177729800309
1b73041ed2a7ef65,0.48766516505321267
4caf2b73de7a7050,0.46560506635200716
f68bb63a98f0fc89,0.44804477244189567
4b3e14f9c2ed6065,0.5027164220792042
ed19219c6cdb2c7c,0.45863867200989206
da831c3a8564cf3a,0.5128709522298492
53456fbb4225be1c,0.4743323244525329
9e117e0bfb9c2343,0.5291980532806836
46807f9dcd4f168a,0.47578079196046197
22bb7f3af486f6cf,0.5147101584710461
0286acb15f0a25d6,0.45098520934723396
34743d88c4d349ee,0.5023535887488361
3296ce93ec4932b9,0.497586617083552
45526d48413ade41,0.5187615134133916
147a463c96be53e7,0.4741422642789601
b27a4dffc6f3a371,0.5248198564102889
bfcdcc9c6fb17c46,0.5090231050635075
57c8854335a16b50,0.49825401714289497
712b34510aefdc60,0.504983907026037
bca94af203f8edc8,0.522755060435369
ab7ac6aec2e24e4f,0.4953292023956044
d816839c1d67495b,0.6158215861936923
db448ae1de219225,0.5601650028689765
bd7cfe3dc2bf6928,0.4826666210314703
5917e006b308a4f1,0.4905104309590993
d36c7dce0bb5dd60,0.5006075772186737
5e6e794ca0bf2a48,0.6141939162417475
d819a2d4ee94e02f,0.5775400011212254
d83ce5938b57a373,0.501879731011537
324fb28011cced47,0.47255224569391463
c73cb4e4d843d804,0.4866679381375494
b6501b2c22844f78,0.6606657607762942
bddb97a4ce178e16,0.49079486526264815
44a71357973fb261,0.507113437824515
baad47500550446b,0.5022309980444393
01883bd40171e68e,0.5041425232681412
57085c41285abc6e,0.5162106389041342
6b3359864acdbdef,0.5184835306675905
fc2c83f08d469fd2,0.5018987384071772
cc44c1149dc322b7,0.5030755396339749
b298ce3bf9fac203,0.5207441472083382
8380bb11d3496170,0.5250696846052241
196ff20b4857478a,0.4483660124643696
969f5292c1b02c3c,0.5354555783740002
510d1aec6d337888,0.5391068228064415
62e382b730076a02,0.5393056782155554
a5f1ad2142c498df,0.4728032220622024
b9d4d6ea6a6f2bc8,0.5214039685001446
6ca0b023ccfb68f9,0.4905289819316121
0040525725d47cea,0.4748490401007541
2cdcbe2279fcaa5b,0.4796025091934598
da30bbc71cc42098,0.4676154953180267
252549bda3f0856b,0.45288721877972693
156632b86a4100f5,0.44946785200295025
92bf3e6c428f63b2,0.4541781603019577
6016f2adc6f6e3d9,0.5474821544092332
bea40d2e4ba1ba01,0.4832482150666251
0ba620c78e012b48,0.44750004276321464
27a34b8cd4aa4a60,0.4990989033376739
94e5688efcbcc1a5,0.5009788605020873
2c9e7a17e59087e3,0.45566303365460226
8ef3334994e26ba5,0.48249399088799605
3eaccb387a34e691,0.47309326273333685
8f25e008ad290aa4,0.5250254293257918
3d4c1120ed0a2f67,0.5196818610099139
e974cf6f8eb6ab64,0.5164551377276685
cba7b61bb81ce7c8,0.5011847358999346
705be5f306af7778,0.4741187386924691
f99e09200f9b44c6,0.4764459221740631
fdddb4bd6982535a,0.5389517789431517
a3dad5bc3203c65c,0.46621064036527926
396a83c9fd839fa2,0.5062174474615491
1edbc753b9e3c42a,0.46793625865339816
ddf62ee6ed236c96,0.48889130316118123
bee33e85869b0987,0.5544640249150142
c862e0bfdedf17e1,0.577997911083283
61d247d112d593ed,0.49570107205330616
68ef1ae9136f5bbc,0.5647810600202827
3eb3aa1476411afe,0.4766983300332087
4985d5ca39fba9b2,0.4928923085782452
37e0a1fa03443261,0.4858357384125416
9aedc10429208e22,0.5115202420325339
5e83ffce2d94f643,0.48667039268630374
0a0e8f7b7e358e50,0.5259965470293053
df1a93578123b7b0,0.5287714852189086
6c04854340d7861e,0.49536577168946305
cf04fb0302058163,0.43103704203557036
78662571e3b1099d,0.5239778904829181
9818fca86087c60e,0.532709245986709
ebfa794912b50610,0.5077102945010408
fd54defb72cec0c2,0.5545392406623243
7adc76e8d748d619,0.49885505856137524
c2af53ff9ce64a79,0.46253128493700324
42e4031aed753c21,0.44655678821867073
70d97e841f93a137,0.4966855735715042
14e775070c533d63,0.46894469359639557
d766fe95e343a375,0.5162297836815382
6be95ad1772369c0,0.48242729049001387
4563e6a6e677f299,0.5239605958713749
27695ad910685132,0.4770420317780115
56bd33a61485e5c5,0.5093088538198958
7719ccbec97599ee,0.460432578709687
ae4aba275c18cee5,0.49561120420966465
155e5a56ff82c730,0.4953519788314974
1c8d14d0050bf94f,0.517840952444805
a6a314553e87fd63,0.4711005137745028
e41251aabab8bd3e,0.5240207539603668
1fa1e5159840a045,0.5046426544157246
2f4ddaf08ca720a1,0.5192282812736213
a0cb6e951a84f865,0.5336183860213032
d0e6bf54ecb247b6,0.5356969477104806
a37e6d93bcee76e6,0.4949619832151142
003bcdaae60c5dba,0.6353601562523816
105757c04d0ad40a,0.5595710848216077
2b2234577bd4f038,0.4844879947128282
55b2ec76601b8cd0,0.48478208764826836
17400490a3242326,0.5044240511202603
06f5860ecf84332c,0.613943153950593
2c05e0e17bd5c81b,0.5910552513429204
ef5a1d211ac9b2af,0.4964268997477388
42649e773405ade1,0.4709725506880367
600dcfc558502d8a,0.4871785035644989
c0e4f14851b3aea1,0.664938059071037
923da85d0699af76,0.47927507280179504
8c901e1d8ac5044a,0.5146063001113022
5b9a820ddecc7475,0.5066394569911241
a306763d61cb5b1a,0.4960504140973355
7a397db2b0489355,0.5108379658083475
f57e4d7948bbb268,0.5080007047467369
c72e9d3d18e17241,0.4985228050675834
f2aa5f5b500cf681,0.5073851604241111
3910734e4d4c8a1f,0.5113812189191607
9f681dd59f5a5ec9,0.5085834496893965
f8304ad650d26516,0.43828435500330687
c451f3be511d8585,0.5514982124440493
f34921f79b63a197,0.5429815324610505
3f1ef516f8a11811,0.5197823963070258
1106960e050162a8,0.4736125217289625
311e49c5c48e75f7,0.5225697633008138
bb50b59db5e6d53d,0.4889244294007762
7c0bfbfe78549b46,0.47160732059754995
e726e36a16799d67,0.4784983547302787
6f0e1693d65b15ca,0.4695309685080641
ccc325ccce156983,0.44677375179300816
dd8c7d8f8c58d4d3,0.4503718270142487
79544aab35aff105,0.45721390288128827
1a7cbe96be2b3e7e,0.5645648653057426
d42bc5e0e99701e8,0.5040156632071942
7e3b0525d324426d,0.446757701514531
f0699ff78c654577,0.4777156707416863
1bc9066e002f03cf,0.5023813035512623
884e4cf9fbb37408,0.4611580951937648
d2b7eb089d478ccc,0.46924730573645235
c36f948f1db52168,0.475305488315114
9bbf88c9d63b8784,0.5057582645978336
173993d2d9057cf7,0.5306403527793726
ff840f6506ce7f35,0.5265711181211662
132e8de267853306,0.5077267163110063
3e169c445c7fd898,0.47229775196006774
d0aaf157762a1d48,0.47640238971966187
8826c20fb6cdf643,0.5415048024020581
476d5371d8a7ac5b,0.4605579038425265
4f5c2feaac7e3a7b,0.5021310447214008
da223677d119b55d,0.4596929921990853
efc4af1df6b735e6,0.47350606017037355
366c82412bdcf232,0.5527255835404613
fc4ea6e1212272b7,0.5711525448734557
6de5378485cbf15b,0.4937646029581694
7ab10d1f3f262c5d,0.5552005296105553
99e6bce6c99aa92b,0.4762409555907112
ede262d3eed6af85,0.47455295015596666
220b566f67e28ea4,0.47412737055270715
7ade5613a2aee445,0.5105312221094281
6714198f080d3fe8,0.48481807957447254
f49b6203fbd1c46e,0.5349970920643303
75dcc6de4150c87e,0.5312479566138981
a2d5a04664e79787,0.5004031236214411
39ccebd5d08d405a,0.434892802627721
a95dde94ebf3431f,0.5367847942283012
6b6d312d77f6237b,0.5287790073039986
aed541d721741e0d,0.5253557809231928
5460cf9eb4098de2,0.5595236240978861
a810f372515dbd32,0.4941390240051926
3d6dc8d8b989fae4,0.4634701354136319
2651efc56f4242b9,0.4415142145898884
6726d4725725e2ae,0.499549926327288
affb523651293f54,0.46062750821792775
e9337fdbe5a7d995,0.5058624049603511
69151763f6861c2e,0.4831422846147977
f71e49fc246792e5,0.523930776748285
6eee0d0d85e859d8,0.47455336017821104
6c1550078bedcb26,0.5145694010052347
9a198dbdc235ec7e,0.45336990294092705
6ce572a296777d63,0.5006559892390674
2c7f61464e44a689,0.49119158642684746
28a518ec7167097d,0.5242376221582287
51dabecef0ccb882,0.4922010562573347
1ddd94274441b516,0.5288510132817362
8063b11cefb73881,0.5080287905407666
86b6b493f94aa9ba,0.5114391234928157
651b9fdbc7bb62dc,0.5428758332166798
a8ba806be1fa5f8b,0.5315247044195721
8b887a467bd43e01,0.500692262277193
21933354084bd21c,0.6191526438637995
245edcdc2605f20c,0.5606931862636543
f26298ac5c4a6b87,0.49118816113180164
e996ccba88dd9eb9,0.49535442423936216
61ae05884bbac7d6,0.5010024148578474
a7765af285df8473,0.6121137621489473
e79af5470daaa0de,0.6173459196793945
14413eb9608f1a13,0.4898719504893645
7e35126daf0beacd,0.4741148420102733
395670b0ddaa6aaf,0.4873393427058822
72f67c0e86206a8a,0.6637710092621167
bd654717448d0463,0.48585531038385477
4088312756ab4219,0.5117953831859627
2057a6778d37a61a,0.5033581296129522
26eb800baac1dd23,0.5032574657943396
625d72b029a65649,0.504289231364537
122304ff1ba520a4,0.5016207884540114
72eb0ec2167cdfbb,0.49152054384092625
736ade3dd4ca5a7e,0.5054480738056859
841d73cfb63f51a0,0.5177576728320623
54d9ed6707246aff,0.5097878712774441
c6c62e7c98ded5a6,0.43158892327854614
dcb204381e3013d4,0.5475866286995159
353bc7689885ef16,0.5530268101920512
22045d16bae2435f,0.5249091223874693
5f797cfcc44dac9a,0.47327253539848924
41caf7c77d52e578,0.5131520115902385
c8f23c5ea0a343bc,0.4933729904018327
4985afb2b5f8e080,0.479072710727684
8c53e9c24cb6a3c1,0.47775173819681704
bea6962b491716a2,0.46352813888223965
f6228a33a2c13974,0.45437058951316556
45849e594c25a9a1,0.4503294366153998
7ed40793a63693b9,0.4569791975098112
0ce5e38b5b628934,0.5685832670343969
1f71243a391da8c5,0.4935922507449808
8f3ef8f835eee482,0.45671216402298365
6656500305f4ad40,0.4798051134393264
6caeb3981505a818,0.48130385126872144
c371160307940b02,0.47411900477387303
ac8fb1c981b584d6,0.47673415433405275
d23174f20cc8f855,0.465391453916556
ac1f65b12b45ecb3,0.5249689064370495
89a00aafbe397b14,0.5157272205532996
2f6d4e4b26429432,0.51873869169931
91b3e394731f7dcd,0.5035178366085741
a6f58a745a68845b,0.46888784473503753
7f8e8888444184f2,0.47922682687721063
0ac636fccb781e06,0.5396748227308009
7100c6b00837a833,0.4658949678856621
8938e5eb20ab38ce,0.504892118962523
d5a70f9f815f28ba,0.46278255464119966
4052352120a890cb,0.47534249961281716
f300f7417683f524,0.5587323238728731
b7c879d6a9a00329,0.5729158779443305
49a6f660c71de087,0.5013298086617546
b91685bdedf3f2a4,0.5560772018361338
b742588591bd3b2a,0.4703539570994867
187ed7bb5710d237,0.4804776684183105
b3897f1ed94b21ba,0.47188198443593343
5eb5a206fef4f061,0.5041066100977276
077860cd7bde807a,0.4783493097245699
84f3ff30e68e73ad,0.5320623744032683
ac4d4dfa0b7052c8,0.5251663304533236
8d000d7d9a5af682,0.5062321588741471
924de7579d7a46c8,0.4493422295093481
1942a92e76289740,0.5417697119079201
6d34f3b20a08ad13,0.5365850534360903
cbffc2d53fcde491,0.5202369953246391
80095588f645d774,0.558337004834725
3fcb2f01dc38786e,0.4822425655958458
eb36f2821711de95,0.4535149578299459
c2ba992063309690,0.44828167072965397
8c5c9d20a2b8ba5b,0.4960354701298558
799dc50c97b466e4,0.4597688851351276
a56d087c80c3dc84,0.5059390468326819
48617d7a772ffc6c,0.5000039278101522
94c255ada6620cf9,0.5269898232042205
8f3629fb240469a8,0.4682077904045122
7d8baecf6363aaea,0.506364273035138
8e8defc463d48c18,0.45204907094338587
681179c7345cc073,0.5009437750609271
e205841c59641d9e,0.4904767988550147
74c177170944bc3f,0.5377543919647041
6f2057ce542c2ddc,0.48407551422809114
0d9d16863a4f47ce,0.5253111767401141
cd8bad6cd34669b0,0.5025119227656676
8432ae7efc50351d,0.5123159332524664
899346475c42fb21,0.5407740910648218
3adc47fb46793683,0.5282703186999019
98292fe12b3222fd,0.5013726540182663
4b94f48d66a68920,0.6202088331601754
b318afcf2d493d04,0.5601619437814598
6355ab8929b5649c,0.4770602553882888
8b85ef39a318d7f6,0.48400936883243384
109937a2805c7797,0.5025795401829148
bfa3c177f6f0df7a,0.6100599460445338
b91d8ef5df7dae7d,0.5965009755819994
ff4b8a8849093770,0.4878278667897411
eab2847d72a4a3e0,0.47221732064679567
25fa25ae25fce573,0.5126915474202938
e50d41b49218e9b7,0.6607325792720814
735daab7b52c923b,0.49296848517454106
16b14913b2616549,0.5077365219937693
c35a46dce6c7d424,0.5028651124734974
931ec48560899346,0.49997492076271755
bf5918220c630142,0.5148346974679493
9a19561c7aeba02f,0.4965432493468599
e5e94251334ae40e,0.4927054381089129
2e4910eacb77cf2e,0.4986377455902282
6a37faafae47847e,0.5141731842231071
0c1b9be7d7bc48a5,0.5079033027127116
ae5d3d9d465a44d3,0.4306835204900703
771735e456b5ef4b,0.5399860658762964
79149e3d46c0521d,0.5656243037088478
88aa97780338b037,0.5184914479838365
a01a120afce9ea65,0.4751825011051096
d3ee3303f07ded56,0.5092562910555803
e3ac5bfd4c1ce9d7,0.4921308371463239
2289a2df4f2e6e9d,0.48183436037539384
31538662de8099f4,0.47483029855974923
c99980dbecfb7a7f,0.466268489187429
6e1e0836e37b6627,0.456676054536459
1c27779a738d4838,0.44985378345374083
32faf0a3b9a2f76a,0.4526661824376016
6c4d5619088f175e,0.5658638175424158
3c4e27512b68c994,0.49462388181942774
9490aa4f4ac9546f,0.4472281019686213
48132c5b34df7876,0.4804276315520386
c7f00ef64759ba1c,0.4887810758899638
e01651af48de4561,0.4785811655006562
5f3a4203b02f189a,0.47644684245624314
fc6c5543f2bd68a9,0.46577792039197985
746e40b7dd6356b3,0.5248386928566697
6e66efabebe4057e,0.5163418592037438
d5be76ca943d7b00,0.5153622700975342
8eb60ae823facd0b,0.49984850655688773
d19fb400e6781060,0.4859113054446883
ec8df0dbb2754377,0.48427450771825997
9f36171e7481da9a,0.5439217573511796
6b99c3676f93069d,0.4660537277957095
e94b7d2ab3af29ee,0.49905126256472754
38ef556cb7310923,0.4588373793455707
fe6519a5bcaf5aff,0.4834170124637258
ecb584883f80d51a,0.5628778215811425
335802c8b913f69a,0.570925613360834
7a47c12e5f3b93ae,0.5003969217052022
08cbd58798a053ee,0.5515807731205369
ad13f2a578571bc6,0.47219476490465095
fea41441f96f6c93,0.4780090605203141
d44468e9511934c4,0.4670289889008561
addf9d0af16a9ff7,0.5105157693757396
6cd5a3fea0abc410,0.49214803873382484
8e2b0ac287b3178a,0.5277520355617698
3a0da0901d30abad,0.5277866120454597
763fb475e2ebb068,0.5065534629875996
bb122584c8572bb2,0.44816367068306673
0079399592ed5a54,0.5416326146558333
0a9f5d30241b1aa5,0.5336876004210626
1332b2bf49031b9f,0.5160800420747745
d7b3d913aee88c41,0.5534234536078627
569d457570f3fee9,0.4829922067193133
9ba48744aa8b8b8e,0.45359821952034696
407af21ff7f71785,0.4515892885566245
e4af68aab94ab245,0.4987164909220083
ecd3d73569ffa27b,0.4551144527363409
b8653d556567ee57,0.5002847005741813
b2f3e8ca26c250a3,0.49663210564736304
fd4275484aeaedf5,0.5156304074735293
55836c5f3b2dd2cc,0.4703474755100283
9ef50e872c6303a7,0.506787281642807
26c649d0079bb84a,0.4446011862333934
00832d3f1950433b,0.5038944152140896
96ff908347edd72f,0.4870188112657674
c64cd3b748f3e719,0.5416976735746879
a8c9de189c90e12f,0.4904215854987113
40fdeb8dd5281048,0.5263002945473177
f781115b201d9508,0.5195053229373434
c8d4cc33c6a4acaa,0.5092905808852879
d459ab1ea782c7dc,0.537425750793079
63594d3e3379a192,0.5338232495314674
8c7436fee7bfd52c,0.49784330729226234
83a9ec7a7df700f8,0.6198178560682922
32361b282876aefc,0.5665070936693157
013a269dfed95b15,0.4842931645441402
dd83801d710ae76f,0.493827671726188
b00290e255d7e234,0.49896936024417915
a9050b176af3de67,0.6123325450234136
6e72c0432b25f907,0.6011804894215972
6dfa614465f3c56a,0.4912881330604978
63890266de8d1ec4,0.4724766137549128
f80b7e6c7b492368,0.510373898028389
24afd4a69357c76f,0.6524317546944117
5272c5bffb16ca8f,0.46862503942940936
48c0f7eda0db0e76,0.5039759952720706
d148acc2ee14335b,0.5029893977031131
598d9dac326d6891,0.4967349381057524
93f01abc0a543d5f,0.5083153934784396
e779d698c755b1f4,0.4985910250006286
93db4f0f39126cb9,0.4921116058098337
f113f6287e8fb974,0.5005040210801749
674baeebbf3e6572,0.5155046258882277
a094e306f4e84fe9,0.5089195470575762
127d730036cbc6c4,0.4222763192082327
d083627c2266758f,0.5376693401775063
f4776d7898ca46b8,0.5490817112634464
f52958ae00c28858,0.5232761110510625
7d5051ea85227686,0.4765287793545585
cb24986e318a4c41,0.511057120671942
64bb10325d3aa1b9,0.4849004238791029
dd221ad07cf77740,0.47866188249759856
0239f05a0e04e001,0.46838119931932054
cf214c56b1d53a19,0.47602063366308545
26c8807a32920456,0.45668164552870505
f60cfbc323598609,0.4450943579772457
39f30014ad8bfe48,0.4529178270063767
679bf7c4e930e441,0.5594540307853789
737936d8573b3095,0.49042121979183473
51c151b280fef923,0.4492407761282069
7d1954f6a4c34b1d,0.476907433530696
e7a0e6439b034b44,0.4934545451850718
7c19d94059b45337,0.47347836893989337
82acdba55af8e31e,0.4725337947895982
d4a9d968e6d95dc6,0.46163864131145593
a36d2e8fd44d073b,0.5165948992059538
aee80ddd8d5aa9ec,0.5082402681875757
08e5d2a21ef0eca2,0.5115984777537219
aff90a5c2f109b91,0.5026548943054155
2e3b56ebb0ddb557,0.4868429286482526
4c7605294db13f70,0.4749177881280269
4b52d2feb14d4eb1,0.5537181609362696
3a53c98c4f6071d2,0.46553420876480023
4322aea40d0a66b0,0.4966969545494324
4f186db701ddab18,0.4608523848487227
69732fa71aaebbdd,0.4873883321584428
2daf8af883e50dbf,0.5605522281218381
23c7156ac150d53f,0.5737093177555105
f5c6b3e28c1abaf2,0.49975495866733066
6674f305169a1cc1,0.5616222017896815
f525eac66d855a05,0.46846867428174455
f566a122e083d805,0.48157532429989625
c70d2b2c31f4c408,0.4668933318760732
dcb0b51925c10fc4,0.506949312308646
a84ec23d87a78636,0.491561082387983
60f647776f634a9c,0.5255112122516354
25df09342e40aee6,0.5152975508740794
156ab8e006cc02fd,0.502705617864595
9238d21543baed8c,0.44842105531949294
55539df1e65a75a3,0.5368003152617051
763ead55c8feef31,0.5355230309385821
0340ce1fd4c22a0c,0.5163577343743508
d0ada7b9c94eca8e,0.5571821975795861
81759faa1fa85e17,0.47731311353745043
fd3ca1efd8d77592,0.46229892555114926
29ec800a95bb799c,0.4523863721440301
ecc7c7dff0f190e8,0.49614378505773193
ee751fe413423ede,0.47010014608040995
85c652dcc00560e0,0.4862888717977214
c10fe8a68ab88ca2,0.5000683740071601
ab16834ca4cca3f2,0.519701663631997
fe058e90feacc4eb,0.44202489163002445
4f6d6755c4df30bd,0.5088915438852398
0ca8de52a4c75616,0.43587473379003305
0f3661e7e1af5849,0.49295592514398234
9505bce62acf6dbf,0.4858686205559932
0808a90a0c9edeb3,0.5537403993822734
b8914b92ffbbc8c2,0.49807575143688054
0cf323fd6f7321d8,0.5419237206722923
892e47a867f9739e,0.5129612883531376
c0d262dc8ec15391,0.5514350031183716
3e0d2e4602e1b997,0.5419352501380167
ecdc703ff3423ebe,0.5310839342327554
6207080aca0a156d,0.48668966824934756
91222bcaf5c04d34,0.6047608939720059
1aba56059d9048cd,0.5705344836828055
7bd233eef26d319d,0.4793900710664398
7cdbb7cd22003157,0.5042105770227691
c9aa891fb32d3885,0.49614169031473
692ed52730c6ebdc,0.585526028762635
960bec9074afebb8,0.5960940730708919
3fe4fd9baf94eed1,0.49985416626291124
4983bc6d74472e41,0.4775054232209983
ab021b393da080a9,0.5073735536375592
c6659cb194ff4667,0.632443999839168
5422795e176b9cc4,0.5021711836117614
7b94f30d16b46689,0.5020855424816947
3c2e764a457222b2,0.5007998256311147
86619dcc803de344,0.5001164272610376
28e952e9619c1075,0.5236618633777224
5d23bdb47043a4ca,0.5241154178635876
657ca6e26e182f0a,0.5061203828664195
165f0115629d918e,0.5092401167597911
2b05f65c5f59f599,0.5019659926513034
61ef5d4d57b3b1a3,0.5208617733851738
8ad8a8f05257dbde,0.4257068257695775
71706f791f606308,0.547949046811051
aef2848319a140a2,0.5753267810566445
0e4b609c94a4a67c,0.5285798769340555
6844ddc6bd827f72,0.46854308202876194
3e0a70a22830c198,0.5150041910219452
8f33b4dbed119faf,0.4820120348903949
17cf9651f8aeaada,0.4770353419334792
d68b26e737960baa,0.4790705687549832
989786ccdfb1dfc2,0.4704602172605612
21d261c2bd746c4d,0.46632787019589905
8ee0875a5c8a79f1,0.4472491736101286
184f9f85514c57c4,0.4665240119459828
62fb406000ad71b4,0.5652261263719593
279883c678a35062,0.49146316226321374
fd4ed72b6990e13e,0.45145738327347273
44f1ee5df04f08e5,0.4662970497606349
a042e5372914dc4a,0.5000354065596171
268f271217187b57,0.4798476766156141
c44ee8a5de1b93f4,0.46856494516026514
996ac089453dde22,0.4771242165876515
9eb97baa9e229d10,0.5016595649869126
b5fdf5e3eaffb91f,0.5052006162249594
c671ab07c73a9ad4,0.4903562971305826
506aef5b14af39e1,0.4972651910348873
f9f32284a4a526f9,0.48411141150536663
533f68a0c798524e,0.48494200932151077
4fdc2bdc5a7d8a08,0.5432261768019466
085fe2bc18de1eba,0.4602987962264091
ccde0e3192a8cfe8,0.4940029622763178
a68347b91ee3eb40,0.45333561895002994
18054da12207c9e2,0.48114292314642526
5e86a6180d908b03,0.5501899620370241
256e6c5ed819f690,0.5761836652748129
57437afab017b519,0.4842049240348989
12f11c61185f8991,0.5579696885039327
26b6e292535c3f3c,0.4688326598064032
5350957eefefa6b4,0.4641113470580267
6e5ad62b3cdfa9b1,0.4643090630331972
cc40c1312c78d6ff,0.4999529195082927
5d6d19205d571d0b,0.4880419231031372
e800bc96c23b01cd,0.5335754480532295
0f1e552faabf78cf,0.5128958507656017
af1e3abd1c6bb34a,0.520002175178724
f6aa4e4bf36a9136,0.44160501839015676
efd6d19ca886ad93,0.5276368209759509
89a1e2657a7467a3,0.5233584345189539
ec09b85e93a8d0d1,0.5075416919962114
757c9136204af7da,0.5707285870000881
9add6bacba0cd6ce,0.4739449447568812
d17df2d427bd9dcd,0.4625722746252765
24a1f31a86d11f7e,0.45328664819816433
269431edbd29903f,0.4853353775881599
42e4f66e8db1c5e4,0.47265955269983395
8b5602bbed1f6b2f,0.4851692419190725
ae7af86d8c1bcf6d,0.499260238072578
992e11ffec3a853c,0.5150079712949894
403141ac24c2d79f,0.4471631440808268
23960bb00a0cfd1d,0.5045820851433804
4e2a31dec811a796,0.4334910700448974
cc1cdc4cdc7f4be5,0.488893574367505
74a926e07cc4b61d,0.4782298067632814
14eb42c2dd8c22b1,0.5531829676201412
5c18772f0fb952ba,0.49304568940910487
dc4dbac683269bd7,0.5450904304791288
96af6f7fa905dd13,0.5172254153369296
386d420bcec81c30,0.5471776453533143
28c81dfa6dcb061e,0.5266099463107528
3a4d93d1dd1f1277,0.5311536173044223
f211829019730d31,0.4885100565080902
603539df6bfa534c,0.6036831165272183
cdc5bbab44671841,0.5745388935354883
a466602e72f13f52,0.474349596851084
542c766d0e3939d9,0.5015214067793026
70a87302df4f9bc4,0.4923878322998967
7e04b9432ff5e282,0.5840144908403302
b76a73f4e0dbdc70,0.5905564518331857
536d2d7033f88f6a,0.502508856245936
245572aa4fc8c25a,0.48161627604149837
e3e466ea987a1c3c,0.5131790563415903
e36cf55832ce52c5,0.640452569297042
a277b9014702a7ae,0.5126944151295522
d44f35309faf8b30,0.5000937932312405
d8703ef6ed0cec79,0.5111159127367884
a873f487792250c7,0.49694300539897507
41c93165f0d95595,0.5286094922348565
fc3582e523f99a16,0.524223238090138
d443f2f63fda8eb7,0.5084953425317735
7d53bf2ba1969cfd,0.5109733792632768
91cdd5c727029cfa,0.5150263143750555
aac73c7aace8b39e,0.5244365021498465
366606ae4d134ff2,0.4261623781093484
6691e71b9250f49c,0.5504913663772725
af0da2b20eaea42a,0.5557978496664636
7cfbca302f6ee05f,0.5325537747123085
52883c48230fafec,0.4770719989209551
f28e68d4203d162a,0.5118561194827896
67ac97c3a716f1ad,0.4832245781277954
acaf2063dd11d683,0.48401674189198673
e24137ea433f26cd,0.4798351164430763
bb0d64fb55a15c11,0.46862493163059793
400719c508ecfd47,0.4670801839600105
d519949d8f876891,0.45837098202447346
4192e27f73d65a4a,0.4655852049263216
25253cb8fff3883e,0.5676869430134326
00a464ca367ff10d,0.4910819203942599
4cdf49e573a6e538,0.4478174078465763
8e3c6ac6e9f1846d,0.4674903400247846
062f7081125cd4a2,0.5038820290705321
99e00621044d7e16,0.4865968650017394
3dbd9f327460fb3a,0.4743984219442863
9927485ff14f1f30,0.47846654370778885
b5389773b8d1ac70,0.4977622742873741
a2eacb2ed1115732,0.5022058883935817
a07e39c17169f7ac,0.48599328496368854
be92a21cf217d3e1,0.4917398051702244
452915048cf80551,0.4884594955226088
511ffc91351b5d9a,0.4705006887137224
72e15eddf3489239,0.5371538945661939
b166d3e3a4e749d2,0.45875894575855924
8a52ff3842979833,0.4902688273071222
b82b463f76c81d7f,0.45345378010856696
55f319922863f2e7,0.48680090889061545
221ea321f56e821d,0.5389089615684396
ab136a1b174b62e9,0.5758785708406471
34a6a1781f1cd9bb,0.4944174898206555
49eacc86c34c8691,0.5518535414334538
8f5d2ed7dcbc22bf,0.47216562745537216
6781d8d8226e4689,0.46979264189492886
dc0d4b6ac66b0072,0.4620888415056663
1a8c7bb3843a1940,0.5040600686577368
3d3e4c70f9dfa5d4,0.4799627383080627
49608321715aa932,0.5346974448261352
6dc5e50113490686,0.5211675286443866
989b448b169df1b4,0.5228929664649569
caba1997f547f3c8,0.45583540128047284
4ba4c57aa8c7508e,0.5297004052051024
ef0e65f4a6f6fa08,0.5286510790547226
179ed129d5aae8d1,0.5089363965464615
6abc50d4cb6eabae,0.5832368885331362
7fc2a467ae043b49,0.4714662882302524
75464a7800dfaba7,0.4625181316337328
7c344f510672c495,0.4629782491104405
dcad4f9c8ef1550d,0.4874565793799315
d4f6148e13b1d8a5,0.4673494245091805
9d72ea1d1047bffd,0.49455891033637966
49a9771b94c6b7b3,0.4905935322129016
0c0c6f848521c7e8,0.5384438308520477
927a803081b2e644,0.45531504521353594
ffc5ec3457e5e11f,0.5100369134121343
23fc03a9374567bd,0.44139957352784753
e4382427699ea5d7,0.4937889514819962
df246576169dce45,0.47139971564628214
09475569b26df800,0.5513799766704215
84de920692d975c5,0.49091764854718256
de5623ac901e962d,0.534450403954452
407c482d324c04d6,0.5086561185127487
c3e5f38eff79c720,0.5479438648985633
cec3af00958e0af1,0.5190916944761673
f2bcbbbf2c7493b3,0.5223058070739703
c47ef1289ce32e1f,0.49382851084879587
015ed1c9b0d23a20,0.6003742777395731
89b351efd430c66e,0.5766451791254129
f45d976bf46ddd37,0.47649190255423135
a62fa63e5b55ebe2,0.4956286080679171
92c031897eba5f85,0.49076742981206023
309b423ba952fc9b,0.5892176858821221
424361d6a06a9cb5,0.5944594206141256
4bb9613f4f162dc3,0.4983765038787531
da6e990c95c28ee7,0.4722839914470921
bb7b2a2701294d0e,0.5072921289054768
4df92890b3a3eb5e,0.637106952430086
218922c4827c0d9a,0.5097108160930965
d41460b455356f0c,0.5058294689085416
f99601169c979b7f,0.5072875420247414
941432832dc20b54,0.48948059920201104
c3f657cd6a58a695,0.5174131232717334
30a167e9dfca5019,0.5164837553923809
c09f14c0f550e896,0.49044346747433143
ff382a092715c5db,0.5160748474437139
5e38a7fe5fbe8a42,0.5047440131036635
2e91d237a81ba0b6,0.5194749239831449
81642a63d17c75d4,0.4430529504793612
59d65ed36d7f542f,0.539978399211383
8d7a2083c94c533a,0.5624241014856336
accb3fe6f3f91d26,0.534599284794559
63fff623d6ff7cc3,0.47091517127790317
7414a6a76eda38ac,0.5095967831000127
8b222f4412575dd7,0.48926455375379607
699a2103d0b2f8c7,0.4840590487519172
10eaabbca386fbdf,0.48128282231846653
8bb8e1576f1605f2,0.46545766465876626
12d7769462fe4356,0.4532915381327165
b4400ae872eff67d,0.46288147402072366
6a2ffd4c8b60b940,0.47909270593993547
de4215e9ab77006b,0.5706565992704057
fe893e1367a27fa6,0.4956406664941515
dd39e662f8e97db0,0.45257248885603163
b9649b61702016c6,0.4743249288462005
42b29e1c6a29b158,0.5030117455065795
7e3efd39f70648ca,0.48615525848739793
4330c7785f770a4c,0.464863613368955
71004a08eb0ad706,0.4852845836086075
40ce0a7d11687e1c,0.4991082937008815
1b4aaba978480177,0.4977302842592095
6de160da4aced5fc,0.4841337333629103
53845e0508efc8cd,0.4960473956865352
49e7d4d263328f35,0.4965383533833011
e7a659072f3edd50,0.4690496920541749
0dfb8fee912694d1,0.5354232126007443
3508d22dc6262d95,0.4676881372952495
2a31f5a0c1421f66,0.4962780348072746
c8b4eb63f97a8a0a,0.4664078161768582
3c1433a133c7afe5,0.4972881316680563
6ffb022a211cc85d,0.5378628269029349
379b1a6de5c74292,0.5728142384087404
a5c8e3d1298e4692,0.4845810187582593
ea22cdc5f3d5ea4f,0.5651786772957763
1e98d6f7264e2789,0.4735988952026746
38baef43c689d0a6,0.46282675500358117
c092e22a1882c7a9,0.46066718769200365
74a7bd0e09f4f8fc,0.5035774469314178
84cb412855ce650f,0.48655139802450686
b14c392dfcb612b1,0.537231962369986
8d05d6ff1b4ce874,0.52486004337869
d752f2cef8f5106f,0.5213761038307698
bfcabf24df1026a3,0.45733602695892883
755411be340fb43a,0.53308093244926
00b44b8601fce86c,0.5188335393225432
332267f2a9f84ecf,0.5315130729705508
1f67babf43f8d42e,0.5847584151833446
226c861960b8fc0c,0.4761509630971258
d96da0fde0466917,0.45981005472916614
f002c22753751de0,0.4724321226732111
aa30f97c9cd23613,0.49080463546694364
916ad0fd5a279fac,0.4723825241720663
b6fb84fc87f11fa0,0.4968530380385655
10ef849efc390282,0.490439416003426
504f0ef8f20f49ac,0.5365262462657299
fd76fffb03735f00,0.4589558655822117
3acc85b121db0fd2,0.5039068915474558
a4690a8af780a008,0.4456723925077217
e40bb8780c69b9eb,0.49125285012359077
ec96a1c961e7acb2,0.4680063431364444
9605709fa77d0d29,0.5511299305691547
9f3acda92359113a,0.48936886150365866
3083ac1a1927c931,0.5410187684716217
b0c1344afd312399,0.5103592891119206
cfd7127dd3c2b934,0.5391658590728341
95bb5bdaf4b91189,0.5151535015048431
ae31b60669c2ebc9,0.5246631142347217
8d3ecc44fa130b83,0.48964199310152323
c8609b7dad2ea586,0.5998165141157135
8ddc0a1a96099e5e,0.5756036243657577
b5678025f5952bca,0.48015833148998943
a31a8933c1aedcdb,0.4932750564596633
cd767172d01289b0,0.48606829552676956
fcde3d9539a98102,0.5879754399173136
6ec6585246bfeb49,0.6103437660166016
af11903bee77d800,0.5016248876585923
c631f84c0938d446,0.47099133991094055
61ceac4de16a646f,0.5055216956692637
faf1324c9ed87b16,0.6424414574735846
6f67858353b001f9,0.49777314347499035
ffe848efef0f9a4f,0.5001234991978127
c7ee8811290b6c2e,0.5013269889037822
9c8621be8ee25a00,0.49056388347879687
a8d9c1a3f8ba0540,0.5283190972343474
5b7cec96fb88ab8c,0.5164841122106276
f59be9b503428e4f,0.49933590493113944
d899e07e169d6e19,0.5123487171345474
c8748cde1cd36984,0.5070873092056809
576f61ae0a381427,0.5253300444630743
f63cf8fb9928e13c,0.4389786756914128
b7bf9021c5bc550d,0.5360603343245085
a8b94477da6bfc80,0.5612877145587708
e248a2973a0f93d6,0.5472917411744124
7a1324fdf231f32f,0.48194324741299666
84fab8b06cc5d6fc,0.5182549991934892
a67cd388bfca92eb,0.4881589829936679
f3643e641dea6893,0.487827475419055
bbf9b2eb503d4b88,0.48030215349114724
e6deac7eeac6bcfa,0.4710611589233872
032d67481d7a76b4,0.4569737742073924
39e3c7b4523c4056,0.46307309685703335
b7a5fe600cc9e930,0.4823917258214694
fc0d14864d725549,0.5744111661631146
154a0928b22f5e31,0.49571009064873506
1aff6dd9dcb22f63,0.4535987152715111
11790d3ddd543a21,0.4735590423130609
3d315614b44ac9fe,0.49945989202780017
716ba5c776aa8a85,0.48141646009527417
211cd3874081b319,0.4616780237907532
10e60af95e7d0f64,0.47754770004932157
e5d0b8c85548bd85,0.4911329912069504
33021e9603d7f151,0.49657891587237857
fb3e6d08352fccfe,0.4854832517532084
5dfb274a9705dcd3,0.4941452231356843
6979701b8f31c44f,0.49185733839449386
dc0ac17bd59360dd,0.477270603761071
7167edeb647c8a4f,0.5389104956283481
5018bc5c1ca02f26,0.4638198054458974
ea46fb02753b4b22,0.493059383432358
7cbce5143c4a1b00,0.4625871802534983
7f81be7e21430620,0.49345492900491217
4713590f87fc4421,0.532533463376647
98305498067bab41,0.5708056086983996
535dc56a9653a9eb,0.4797825651594271
1bf1217d0408ea65,0.5727719516020802
09cebaedd4f803fa,0.47521961360590725
b633728829b13470,0.4634056085812972
20af4afc1db93cc7,0.4568501903406855
ece65e6039cb4932,0.5025402486204278
fb74ca412f37640b,0.4897654027591922
b91b92bf0ece68cb,0.5258397812069466
f956479d50deca48,0.5287495449804261
79e294b5f28b1948,0.5212024959714996
c0c92578ef83a54a,0.4584006343008169
871ce111c39dec30,0.5251411964030923
506c97cddce0316c,0.5258127974964059
d31140d7a9ae003f,0.5340659183780121
429af6f082614d35,0.5843075762112045
ba187941048c09c6,0.4770560540969364
4ebc9a271216de1c,0.46232906762731973
a5f089ce9ba63ff9,0.47396801384896037
e95c05a7f0f866ab,0.4962387809491271
c8dddc58b8e3d18d,0.46954785851640346
6003c01033fced29,0.48926068961945435
1ec98c351b4da7fc,0.48773199595231576
5c5aa054d9b414e7,0.5491424681776571
d6d99d04fab7140c,0.46233967527023234
dfb9051e0a1149a7,0.5095381604006234
519e131207a1db99,0.43762519428658964
bb6f2cc4049eecbe,0.49745216418291316
db7a566b95e2d0e9,0.4693761291269196
d8f5527cffcf5a42,0.5530268561535687
25cebaa061231fe1,0.4871547841179791
bb180cf2b7045769,0.539421907097501
96002a4f1730ea6c,0.5101501854671111
444cdaa46866d72f,0.5299134014196321
b1aa8c6720200ce9,0.5093858831673382
881287322998e517,0.5256515805491134
ed180947f8cc94ba,0.49335360821373386
b358bfbe1980a9c3,0.601895037017008
1807c6a327fa3a66,0.5785599948854381
6cedbeb8cc6ca634,0.485149650906298
9c7b5d0644eeb4e4,0.49340445672181454
bd8bbfd260713d7c,0.49261880162902516
a8ba2a0f72980e27,0.5933564157588017
fa76864a3c19d29b,0.5851219441275402
0ab2162359c09822,0.49612137968803816
8a930dbb183baf0b,0.4732567725551089
8d55a1eeb22bde06,0.5095204446256835
d716886e2de81f68,0.6601634706857537
aaaec1f0c00aed91,0.52268850235885
0dce3262f1cc8999,0.4966862706633619
c90e8f93092dc352,0.5105458448684961
043023d29bd272ac,0.4897587170396859
76bc7023b4c9835c,0.5187509437240638
032c6dc1e1a63036,0.5104016125728295
be1fba0d4a9159a3,0.5010036467869362
a0b194fa0517d232,0.5136116616162539
299c50e58722634c,0.5064083648763495
568dafba4830f7ad,0.5218466902187948
802650b3798008fe,0.44795908410246055
4ed876eeec22ffb4,0.5322417126198472
5e85c2e5e1f298cc,0.5640222912624477
f230a843e57d09ea,0.549646560155147
9fb2fca86cb03a47,0.475924891557407
2c2f3f9c64e2fa51,0.5205572318996519
56a129a0448710a5,0.4870219041171745
8febccb884f72cf2,0.4852375181166062
78bcb14febdff98d,0.48521459851605653
3389c0d6de370158,0.487656901572324
d0782372f2708d7a,0.4593437769783566
a855b807431672f7,0.468651111083479
1a19c912816443de,0.4790858297467253
e7e206e6691ced1c,0.56525082531156
d80c7a3ce564f5de,0.49189705171583453
84ce12a91e5a83b6,0.46694044674071455
5721e861f6c349b2,0.4735281967573344
15b8aad250a18359,0.5001268999490922
9d587cc263db4066,0.47089932052353256
62ad82c7d18b823e,0.4644742796089194
eb01867ad494b859,0.4747761975973588
8d0de033d4c1ea40,0.4915583887466989
f146e1af880e9c4c,0.5027408160168947
84402cc836b6e208,0.479132265281631
5c797317981080b6,0.49356825163025253
bc91b5818ea36b73,0.4895503529302394
32942ab7d06a5197,0.472500136250233
31981811d52d8552,0.5370685880779782
5c9ff0eba2d90fb8,0.4636254451028373
428311bc83359eb9,0.5001676868868633
0bfb1a40cb4387ec,0.46476312928278896
caa36d13fd3a7f1d,0.49588056460657093
7cbd517866c2fadb,0.5453196852632461
2e8e940570d538d7,0.5679204878000873
ec894222dbdfff01,0.48276008308058016
d3904493e8c8127d,0.5731918965616037
d8612c083b973a20,0.4788997455951549
fa254d4f62e325c3,0.4659950847831966
4b09c0d1e3ff6118,0.46449413827109187
f14c3257ebeefe0a,0.506673417992703
8998477a7b911f10,0.4920926432731578
a7ccec51b383651d,0.5227598426674863
f32fa448d023bb11,0.5304737693841535
f9bf70cfb35741b2,0.5198262162547874
e8dd96cc07e81ba0,0.44848238365286375
a2b3ce057830b4b3,0.5291543613443319
9eda4e1a5689025d,0.517336271359838
043867e51d4d0fd4,0.537035602378814
9c58507e4caa55aa,0.5805039604106474
1d234221aadce093,0.48065400127886737
4a941da4a3d5322a,0.46513109788169804
18367f3c0eb227da,0.4790251681940668
51879d0f654a3556,0.4909295233755344
dd232aa4c89111d1,0.47219592661521803
c18cb015433c7be5,0.49832995446913986
3646901cc4eff0d0,0.481911817122167
cdaa218a038aff9f,0.5354302531417194
7a055bafac1c01d2,0.46486431188482236
ac96c12943555d94,0.5074642450836626
4ec0eba8891b0422,0.4375196494803477
70bc19f4e44a267f,0.4896432772801571
6967f927d66bdde7,0.4644872973387719
2c441f2f96e68fd7,0.5521670242412926
d9b06aacd0230e86,0.5010079090122486
e87259c8d8580f82,0.5389532799897836
482c61e6e17c3e68,0.49745796362943295
9473a9389d6ec389,0.5350422619152075
b5c8b61b47dbef66,0.49818562563189595
f70b3804b8b9d4f7,0.5290267109717592
a70fc14f04c6ba16,0.48884086358635137
8e3d5e630765d832,0.6016094162228364
7dd74b8d993ef307,0.5717301597993572
8f12b8ac64c71bb0,0.4857745565271905
e2dfe23c13818145,0.5082731402736524
3c9c496cc07a9b89,0.49599655470481274
f3a88e6870ac146e,0.5972925045586708
aa80cce2bfbab805,0.5796383716761496
e56e7732ef7e3833,0.4891173054877611
68c8b4242d50824a,0.48872154348518904
9a2ff69819b78453,0.5076152127243522
d0d20f8d690f3262,0.6445607694602542
b8630b311bcd4788,0.5463476960533291
e9092247ab6e0a35,0.5073397813330027
b5d79a1014856be4,0.48617998872923074
3d7a4004a6804e13,0.4878445676948626
57ce561cf94b2fa5,0.5068029068909424
c9a7c1905ff9d7a0,0.5003444584341108
4607abc1e3bed5ee,0.4954911313226352
34c386c5f30499b3,0.5127785971075465
d101bb4c8b6cdbc7,0.5009563688220505
c419dc00da2115ac,0.5124692042108638
44e0445d414090db,0.45711479183190984
ae95a976b339babf,0.5364985438342085
413da2a0ebf1c1b5,0.5822709777216222
28b67c53acd59e0f,0.5453111646870519
7ca69e6e06dd371e,0.4754479515618637
db658695a5853916,0.5202867272439036
79ecbdefd3d7277d,0.48711895735463817
394a30f4cf3e4e9e,0.47799331151038027
9547ee45e97b2910,0.48599564697040687
5b75340f89ea9f4f,0.4863112516512951
fb9e7301dd49ffe6,0.4453324697353087
82d9a87cb4ebff87,0.4646320549126668
a73a4c03c974af91,0.47855169496311867
61ea412c272ecdf3,0.5688042777452096
89375d3401d6b5b1,0.49337503839379215
dfa0b8a6f0c0e29f,0.46199877331496353
6170fe90f70d1d77,0.4757102869818961
7e5344e3b9106a5a,0.4972026596216914
cf8f3d7ce365a90a,0.47456409797801835
08b4282a8390dd6a,0.4732259110671262
71ed8e04edcdcc90,0.48953280183019243
b4cb9d2ba30ce59f,0.4833384075588443
62957eb3c6f4b70d,0.4995548765189146
e9df8f672f8c5763,0.46538880125598847
cadd57bc38fa8ac7,0.4952244728092132
d0120246ca0412a0,0.4819287419056919
f75fd124fc1fcd8d,0.4839317168005448
1509194a92ed6474,0.5319118569086017
c96b8b2a745598de,0.4493145794792075
17c262a2e8a74802,0.5062699951023859
85ed095902b78e82,0.47791276262417226
de7002c8d6a18f25,0.48529281580980044
ec6d69a30afe2e4a,0.5331749273629236
787d00fa42be69f3,0.5759058395113168
fa75feaced2c54e0,0.48222064316293745
16081d3ba84b3c3e,0.5649823785652324
3702259d70e04953,0.4676370677512791
8a5b3a5f0dbdba50,0.462992306490982
b5c9b49ec5f99976,0.4699454939113562
d8f7c273bddb6cfc,0.5001905139735707
912e75b19dffb6a3,0.4789042030911248
f0bcac8bcb017630,0.530960954606863
373c2f78e5507f2e,0.521820237974204
02cb50ff1cedb5cd,0.5204527642980832
ceee3de3ca69eb89,0.45956563039853104
152aa73d715b0ed0,0.5308726319088545
500abb631b6d40ed,0.5351555485951736
09dde061c9f8e96f,0.5312718127807754
ec2146f1bccf5754,0.5953059615689419
6253257e3ab4de84,0.481092387322956
02a1c5aa2ed9755f,0.4702251777108841
c54bb5e3c22e34d0,0.4828366195290994
8f736d8ee01accbb,0.49392478922200866
751a441cc17c773c,0.4676340630371131
13693d7fb5168ca9,0.4957223413247851
dd75429f95e30fdf,0.489069510090703
950f2f233bdf5951,0.5325917516175692
6b1cce2fd6eec08e,0.4764258019268115
1d68fee39c622b7e,0.5027509377512567
83ed475d48bbe14a,0.4453969369719495
d4182e23551be73e,0.4848725875505484
7b46e810c9b9cdf3,0.4703950099769125
e92669e63228996e,0.5576073236628519
2bf93e04cd6ec954,0.5072568207994246
12457e1ac658e594,0.5321471334182705
df1b902f4884ec43,0.49984302901393896
363261dc13efd9d3,0.5354387289424848
f63ff87c0e8a265b,0.5178187894517289
bb753ef808a637bf,0.5260155731960495
5b8316b7b8d15042,0.4879393099474616
5e21a137aab3f089,0.5995748632305764
50a243ca1a814569,0.5751100563233918
aa852a2d76d038ba,0.4856835118835108
ee08973bc1db4728,0.5050431331293049
7feca81e93a27b71,0.49348665226999155
e778ad2b42fac272,0.5861948762361516
b9be601d5e7ccefd,0.57704138123559
57f5add41faacac2,0.4855179014017794
b8baa7af8379cc2a,0.4921732412209794
85e66c58481bff26,0.5126495792439939
2a6b7cd56e85ade4,0.6412510310515757
b8cdb97cb246eaff,0.5444482545067307
c8e7c48fc6491a08,0.5004707146745975
2b0b6f96eb206a5f,0.48940138548801615
53648f524de007ef,0.48441741693946894
23d5308dc8181615,0.5007602375607969
4353dc1461c40822,0.5026139914461157
a5d6083ddd10dbf5,0.5004787536969011
b02243ae098f59d0,0.509997895790317
cd99e0f2346feb39,0.49872167722953276
c753d419a65a9e7b,0.5099510801048712
4b52fed009c99094,0.44661109827833234
9a2e1e82f887d6c6,0.5300456935979039
ce43f608f1000735,0.5721340501136349
af8b2d9d7ec8e51c,0.5357246386861556
d96ff903c5196610,0.48532710256406564
6e2b45cdf876ca8a,0.5155142813933451
c3253305f1e8e8a0,0.4752658671257701
8418d03b339239f2,0.4970440263087088
dea69294ff75daaa,0.481796130690475
a871e2ccacae4da7,0.4754497201318265
514412ad64cbab62,0.4443516907899958
9b236aa1d8db3a25,0.4593002875895338
d08866ff949dfc8f,0.47862440914164106
13c59bef1db02471,0.5651484663877664
6b30e69155ab8adb,0.4882011619050125
476cce385ac0c2f9,0.46300259337410044
3c2a31016dab9e09,0.4868887477703312
7ed07110fcf7e0fa,0.5008971027212936
367170e46838786f,0.47397657343389743
a3142e7b3cc9161f,0.46834208862189786
47912dbccc8355db,0.486085434705821
eb4aa84837de8ac0,0.48040299619321447
a4b3f595234e5721,0.5082947596928497
0e0cfff61f36a71c,0.4618094182742408
ff79ae9549e5fac3,0.49011313143837554
a4f3b075ed18b5b0,0.4897814995171238
0145541c57b320a5,0.4816842656830982
bf35564eec9be0cb,0.5315932427707015
2c080aff06dd189e,0.44523190366055176
340b6c22ffe84639,0.49767342973798223
43b71edf6a9ffe84,0.47627844879346626
4401a54de747a95b,0.47924261058917983
5f313d9820c58070,0.5311077725447093
e76550a483c8f62e,0.5728339079947022
5f679607a9950f48,0.4865895861240854
9accb1f9fb876488,0.5601359872604991
a3f5f6b33dad015a,0.4663577414796374
9ea29594ff6e2a5f,0.46195934476337996
9109043411a59c8d,0.4700901747355233
3a24810a92e0cc2d,0.4947268130010303
6420eb18f1a3485c,0.4821095170558116
0298171519451bf5,0.5243813638800315
aef4ea3b45bbf0d0,0.5322499535742868
480b22d4836c647a,0.5242494581630197
88ed08157432296b,0.4578767423406387
e4f69de81999552a,0.5349546049259538
3b40d5ccb1222f5c,0.5321463575059454
ee076363cbc64e01,0.5404715600886185
b533f8c3ec84a052,0.590476526156611
09a436d3b95f5dca,0.4831681521426574
445105d76544cb20,0.468020837798218
3e96960cba35fa84,0.4759918577966371
61e2057f11d54e9d,0.4967576686076892
986ce2675fd3b689,0.4419678185789728
1c755664fd0de001,0.5048804418924084
db5d6a8e0e2c3edd,0.4846768721726338
41326045f03f9bc8,0.5289028231650211
6cd6198836eb24dd,0.47559197360945604
b87082dfc07266b3,0.4994369033074736
d1533a8e2969d20b,0.4402478975971016
c8e69dbf3f4b290f,0.4878497414923637
43c0e2899e787ca9,0.46936493933734513
98075533dc77dc23,0.5619276165244577
91db8441ddbda39d,0.500703393102007
43d7c22f6461f991,0.5329339695329054
2aa6b2cad4c05155,0.5006236307902895
513e444d06bda235,0.5060104077337622
5fdcd4ee959235f1,0.5044971856969318
2e922f6e6f160426,0.5201850074306382
dda8aa76ca3f099c,0.4734206261615985
d213673353fe967f,0.5972250538288902
d91c2345f4ef77a3,0.5599197104611414
89198f49261e6cc2,0.482589329828192
9dbee0303d7178fd,0.5085586499458588
993ed2cc67e28549,0.4974496176541918
f22ff0a978815293,0.5851540451465753
9b9b1ab371bedf4a,0.5682930624112196
60e8cd6cd838e05f,0.4861556571394803
275d105fa44365ef,0.49903786258003213
2fc502e14d4ac6e8,0.5100252299427046
6413dfe7ac0b0ed4,0.6374861468541407
db648a432977642a,0.5286141517021808
346cb16f8e27a567,0.5031729255094832
44f0314efe22102a,0.4878843931216914
d209ae63a1f8fcc5,0.48901882104318295
51c4c7e9992da298,0.5140927422896047
53664590421f3ed1,0.5041073056325764
65751f6a5c79d89c,0.49584573357119144
578f62ff2edc7b57,0.5170328395316349
d5c2aebc657196c2,0.5001249057802513
c8b6fefc082f2d08,0.5076196495531206
81ddd2e7d0580bd9,0.45744155593577007
7189e5f3cfb74430,0.5462081348565787
395814fea7df178f,0.5757600998688337
69ad3e4e249fe99c,0.5311762134074356
e2af014d99a3d750,0.477232615040444
08b41c51433622b6,0.5145830121942188
ba2e7c86adfcd6b5,0.4854892737486156
f91902c1e5c8ae00,0.4998792331718347
22221250af497795,0.47944756346453865
73e00433dbfca2cd,0.49608259312830727
642e2b3265110fd3,0.44495283014835674
753d8f3456a87c5c,0.456441182957819
733e76ceff875480,0.4657815680404018
a255544aa183e16d,0.5532219189560272
6e772bba2d46c0ed,0.4849882417705178
ee994cbcca772f9c,0.4576605944695411
765c6a48a8a068ec,0.48123101994853745
a74bed74b76c5b1c,0.5021284073725034
b4f83d7c37c1098d,0.48606638664396895
2f0ab8ee8d0aa80c,0.4835935388306887
59e0b0c5d464097a,0.4814134653404041
715698066dbc2a73,0.48105170266182673
028046db9e613b71,0.501016063728883
1663adb893170e32,0.47946672440765026
b7c3e362cb4a2e5c,0.48672461873817685
91d53d2ce584ef44,0.4871985797929723
124ea5d922fb9a8d,0.4808575580905142
251e7ec76c12958c,0.5360313945514659
99085fa835ee8c27,0.4599375105449044
e822477d7d37238a,0.4980803821900114
0a3418625a2e4853,0.46742012603935046
e3fb3c150f84d087,0.484419211679908
3e7864399e8c2494,0.5622477689736721
15edf7619ff2d413,0.5532753982416456
73c97f1be1752893,0.48864131193694615
c9c44dd361fa7fcb,0.5527186872308874
3d3050b3e6757810,0.4666654504372749
1bdec36f8cdffe5d,0.4643526650068295
3dd16667f60d852e,0.49109490674991974
81484fa864b160ba,0.49713137810045527
a3af65abd5412cd6,0.48396025261926967
ba68f0236573d540,0.523166534508648
91d85ff0eaa17fab,0.5302312818820851
c8ff96cf47d3668c,0.525504668254833
ac47301e53804edb,0.4586122621016069
414bdf61a6eef9f3,0.5485024123116196
48a8cd6e6a63066b,0.5362827986638361
c10d9babd1067204,0.5353435256838941
89ec0854ce801878,0.5829404306992542
a893aea9ae61a70b,0.48078412431699025
586a300c3ae70940,0.4720061414342095
18f656801b8f8856,0.48065284649541407
c7b8e894eb942a9c,0.4986088167404672
06a8222e60e66c35,0.4588538199639747
f9c1fc6b96b9cb8b,0.49790920036525965
91d99fd9085da2b7,0.4749761062168665
14175eeb6d03ec2b,0.5259376451436327
0cba98f8fd9dc9e8,0.46892700580356095
ddf368d60c40171b,0.5135485674034553
243e6135071fce09,0.43178864387076166
3ff2f1cecb131b65,0.48688542266025037
659d8a8bf6b034aa,0.47301437093066934
bfc963c27aef41e8,0.5614424399230342
85ccc057f8b3bbff,0.4882787652139383
21d4c3442c831bae,0.5299910130998734
36d02ef48c6d0585,0.506355620145608
2bfe7d5d2477da1c,0.5091141897910363
c14ce48661a18356,0.5090738736587341
ff8cae3d99216bef,0.526566086813408
40469f2f1f544d3a,0.478213544096481
216aa4ee953021f1,0.6029495876302173
13a7c485619b9c9d,0.558166421291892
8aa57b80db9ceb15,0.47855478980268273
8cfea64b35167b63,0.5111802896652636
4a1d8f5fd74769a7,0.49745966018508736
6a715c214562bf41,0.5790260472150001
cb095217d15a3628,0.5676822403084061
70212014fe33a184,0.4892689193336255
81d72efe309701e3,0.499907299001201
a8c638a8e0a06b61,0.5017577665180656
850a72d65c9ff667,0.6311613325862772
53733652062d4e66,0.5358568691388882
f675dbe0633baca7,0.5027179637361934
b894a8dbf2c8c14f,0.48835025472746885
ba5851b29c0df6fb,0.4864133037252587
8b6f877f1fe7c086,0.5101352248515255
d2770e7351b067ce,0.504292541894725
dbbbef84f3075bce,0.5029988602664883
90f3113efc0aecc8,0.5211810230756988
7b7462af91c8a320,0.5127416880351553
9d06ef200cb3b371,0.5093382311204987
9f77ac4c556318cd,0.45254270613723213
313049093c7e8ddc,0.5441637515199538
21c67c41ab61c6f4,0.5740158867724277
35aa47fa3c2acc8b,0.5313928458955745
afe75e33cd05d395,0.48514387579996865
fd502c4bc3dcb0ce,0.5146630518872641
b0fcfb32a846301b,0.4925084595497291
28b60ae36fde6a3b,0.49929489435628427
10921f8f3e13edd2,0.47499570648187306
f1fda26410f50b7b,0.49208316243109707
3bebe48f043aef21,0.4494203416004704
0770da2518e248d5,0.4588823853400188
b53d6bba2b82a4b9,0.4590489018395756
972df3fd30f6722a,0.5596376575071902
c80014b109ee6672,0.48827743571743587
26dd954c7e35b514,0.46078264152362924
a71a7998418e6766,0.48033806786620614
83de15d03a918216,0.5011782013679873
2fb8657141cc5717,0.4849263066469448
4c5eecfc92b9523d,0.48165548438573125
717048e6c0c7184c,0.480801720974388
95ac0a1a8a0de90f,0.4833823626839966
eaf4b1a3633934ff,0.5012856485782983
8cf336a02dd8bd72,0.4796940415855604
280ae2dde854de84,0.487283400827893
490d098abdcd95f2,0.4818847737050935
8987962230c690ac,0.4871128245526857
264f58c0b3c61193,0.544605806256323
f067deef22e6d04a,0.46472492119747877
1feaf5764ace660c,0.5023677773310317
ff748a37478dd36d,0.4688348240015483
4839e6f71fc74e0f,0.48634637036350836
c06f83bc2a30317c,0.5457716919904615
88a580d0be862e5f,0.5584406608938298
ff490e1d9cb3a385,0.49190611648174265
9d40c7a473ba9632,0.5452322869120149
f2fbab66b101463c,0.46365179841436555
ea17afe3592fcdee,0.4593815442690987
c1491652e1b11553,0.4896891008254419
08fdc8c390995a22,0.49538131015469733
36b3681dd2df7c02,0.4856807958583329
96fc2ea1e1ce06e8,0.5217973983475346
87b5df7cb06cdc4d,0.5342287559457939
7c3736aaaa7ffa2e,0.5261121680954189
78747f1b12ca46d4,0.459970968532319
e6d93b80286ad236,0.5482286110015224
8971a4dda44a00c5,0.5339736321013069
58d43125416a6e99,0.538577535643574
5d7a2e985239f181,0.5747148820597723
f57b65a83fffc693,0.47935887770678365
30cc79483065a632,0.47157171513936835
8a4c78f4885e6658,0.48341995268580007
c518a66e4b44b26b,0.49301631512797517
fa8df99dfa03515d,0.46794438778734904
a45761a770f5594a,0.4964008207344819
2f59cb08728a7c81,0.47094031411637993
3677b5c0bba68bdd,0.5370654638496033
bf0bf933a5aca981,0.4735200176358201
c7f3edc2cd2afd63,0.5115690438102101
3e61f34fa668d3ee,0.4350551252282433
aa04d06d41b1f7aa,0.4909545526847129
d6da4d74366415df,0.4723695164069859
278473926a788a36,0.5650335373575031
01dd06a724c2ddea,0.4816855654784974
77093f7b37b463cd,0.5230001833312874
1adae542b116f716,0.5010274135384966
a2e2e38a2ebe2cf9,0.5145506884877711
602b1c2f5dfc2977,0.5168280543804991
065cd70c6759cc3f,0.5344132252850344
8ccfcf8a9ed99b9c,0.4767824794413441
8f55ab4907d8f990,0.6117788628533183
9070c603f1e52ace,0.5565830494384144
4be251b853bf8e16,0.4766431195263032
c1ada39b8c85562d,0.5029553262364643
974e4ab69bbaa36e,0.49943295091515916
1e4dbe69151cdfdd,0.5828991195728386
0ba39b40229d2db9,0.56845865075144
60ce80178e3c13bc,0.4917236284206742
6aa939e48452d79a,0.49525079815620754
25c61632e46acb92,0.49991475763712656
bb91431fb8f3efd8,0.6474308673524672
ab35db72f9e39eb9,0.5455150229896608
18772e8dcdc36b60,0.5040068898849684
0cafeb4970c88dba,0.4922237049347704
0014db98179ca641,0.48314360190522976
487869b5afbcdb95,0.5183591144322917
e241d533f79233bf,0.5047641997906702
976324b098f6b690,0.5054399674819948
b889a944f59382ff,0.522400867314109
f6c43533bbfa1037,0.505949034319495
ab0d96e5f9275b57,0.5124355013605237
794f3006515bb6f5,0.4500634087714671
e69ae3c53c018a41,0.5493495692277156
ab3fae078d5870a5,0.5838941719164376
1166d622c63ae854,0.5305322975858431
706b38f84944fe30,0.4816702808376838
631b7eff21c474c1,0.508201189946291
f11ec1612ae8f53c,0.48804553596917855
8e755df095d853db,0.4967522943760966
a9e37f61639359bc,0.4834204680790748
e3393ed71ca46693,0.48423329262857817
64860e680e351ccc,0.45048906647295106
8dc0b3fb48698848,0.4576910483218948
d1c8f9c4d506d284,0.465883664331177
2bfe6813945619e6,0.5565161814817828
b79625eb31490f2a,0.48716884310453623
bb3329e7ff532494,0.46051403672832203
eae8be6f4a23c105,0.47868846872212134
5eba45cdb8ff9720,0.500859380007576
127c82ba0b5e94aa,0.47255395227848007
b1a0cbc3e8c295fe,0.47643787924567693
a3201671f098d596,0.4773109954613832
109513e6c246b61b,0.48556379238290526
53eeb5c984fae7c9,0.5025572378974961
13c162ec5cc1c2d5,0.4802163717342999
0850c1f05d483f2b,0.48632001766776756
c438841d495d6b5c,0.4767979047398827
c3643e06f83b6728,0.4854342475111584
e9efc86cee3621d9,0.5327092135743317
491dd2c93e604595,0.4674336717553993
7c8a745b85d42ec7,0.5009032982579037
7a807f5292339bc3,0.4719490145541261
c3c3f73d05b7ecb0,0.4777513263611738
c872ac836609dc7a,0.5422515851588119
dd204dab0d569b89,0.5687811898869201
f8db18879fae8380,0.4865951652009687
d3e98c2b1b93167a,0.5438590875116789
82a8597c9d9e1ec3,0.4661354072493581
b6ee506bd4216b89,0.4602652986512805
ce976c6888e974a9,0.4888959041318086
f43fa7a88c49161f,0.49232201280539245
ce08464507eec9b0,0.4864916179318125
a82a742126accf63,0.521072558718787
30b51f595dd3316d,0.5343232511506348
a3fdd1372ddb47c8,0.5284172741297525
4e22831b1616cf52,0.4631668152093089
73757c36ca425984,0.5564990566106297
cfd12fcb78223944,0.5348350561151258
27863605aaadba39,0.5386060995224137
b9feda087fe9d8d4,0.585685999507668
efb5abf52b733329,0.4813294779188301
3eb1743e06a62795,0.47839812914089086
610f5fe41210307c,0.483065594619434
3e4f444e9b56e3d2,0.4974135417819826
92a6ec71bb4f6887,0.471009311320464
420da650e89985c4,0.497872719590402
ae9a12fa36bfdf4a,0.4783403708482894
f2085d21e051da56,0.5270038058597866
564b8eb1450b97a0,0.4652084361948132
73050fef6495aa25,0.4959356778331907
2a5909c981e14937,0.42919892368509616
8d689072051ec037,0.4977991421915975
84fe09bce6cb8136,0.4744446354557894
6e3d84e7f1dfe7b1,0.5657094239622584
620a625107773a3e,0.4911199112424902
fcf03679b17926ad,0.539440978130852
4b8fe162de34285a,0.5058637988862535
c96c675e1d006e00,0.5201136249377819
6fec5e1c4238b833,0.5154825958805537
b23bdc589c80577f,0.5306484934479818
0a263b1f5aec8d79,0.4664737425335743
543308fe8c538302,0.6121766494568153
58eff5f86371e07d,0.5611027231440993
b1704295d2b70736,0.4814712298710746
3d946bbde8d7b022,0.5044493537940653
4630465e441dfdfa,0.4969766640155042
36fc9fea63c9bd0b,0.5866652516810527
11bb1b3841622da3,0.5734115557623611
6415fb69ade8033d,0.4863589037310878
99fa73c4459a4e2e,0.488962440303535
f4dcfd56428028c4,0.5009586559050232
e8094d9c0a802457,0.6315387696903958
77754c27db621235,0.5414578202564793
098a44f160bd1137,0.5044663706602948
3593e2affb951445,0.4982396441871154
29e9d86910cf077b,0.49127679033598626
3f1d5496a6823a11,0.5107968633639813
bfcf7d93d1e3ad30,0.4964503542293479
4a5d1ddd508ab779,0.49755520338113457
d8c6dc423b773b03,0.514104056053147
fcd9a82e74ee7ca7,0.5034647743109985
a221f531a4d95489,0.5008739982482154
3252b19b7cc8479c,0.46430732222210547
5205bcfdf030ee2c,0.554545339001497
cee24c93d8809479,0.5791999717569443
9aae8fb5dbe0b819,0.5307132269284114
c9ecdeba7ed1788a,0.4723282930474051
57957eecf4a6f287,0.5091860064443439
2dde60e62187bc0c,0.49044972575715307
f6a894ef677b6d22,0.4861249091018116
d05846ba274b8949,0.4823680725819568
357120f055888e02,0.49285194809285693
a911102602475c77,0.45389880860570964
60c184fe8e2f976c,0.4541468334505967
9357d8d5fad48187,0.4748564056216962
1c7cb020698a6adc,0.5564869623960916
a6a1c17cd3b05e8b,0.48803959356471593
b437dc08191e6d41,0.44708261298081675
a509bb44e65c57f0,0.4830955179804639
5c1ad00729d597ff,0.5012044901699497
275f628dbdbe8a91,0.4661504095392244
6159dc8f7f52b4ec,0.4748694085218421
97bfe941ea37b56b,0.4830573611666088
069975b92115ec0a,0.48758230276016257
075939e96739332d,0.4838621011947781
6f27f1099d55172c,0.48939148232075635
83fde6cd85fac741,0.49823794455650283
a05fb581a1a70233,0.4935342104158349
cd358d37bb3ecc98,0.48978292232185194
4d86aa0153a18734,0.5410926260517674
2ff59b990f7007b9,0.46256262640992674
39c9263dfa54ae72,0.4991736459923063
605189acfda9f7f6,0.47079767359305724
2a6dd2e896d3ccff,0.4786012838982425
c641925c51b87cff,0.5532687552766946
d2728c31ffdaaac6,0.5584615986533883
c8b833b0ad048b88,0.4817141625003003
eb32d18e61e9be7a,0.545219358985901
aaaa871d805fab9e,0.4747683811963287
25fcf230cef06ff1,0.4492389073786458
ff2e27950b118f8c,0.48572554525444356
43311e347dbb755e,0.49446285134687495
8d399bc5d4968d33,0.4895287150714762
63c95aefbf1049da,0.5106041272753155
8f9832c7aa7cbb47,0.5315486591414306
14784afa87562440,0.5347439372254533
70804461c30dac5f,0.4594935584214681
bb21daf8b21faf32,0.5443720790159718
751e4b38bcd0e3dd,0.5132554637354756
3d856bc8f141dd9f,0.5418439518852773
590a7beed8b1a928,0.5899849465990137
7b7b677cb18bf080,0.4794147489172018
307cbaefac9c5b57,0.4941122498638816
5d150a9b724c4fce,0.4929146938515252
65bc25bff67b69bc,0.50048670594821
c65239aa75b13f79,0.47606268585871203
778270b0327e29e1,0.49251334932198965
51bd1e47b1ebc1cc,0.4803017846914752
2b8eeb6273a378bf,0.5356203720528487
915d346735130abf,0.45816271778470175
830895c5c6916b05,0.498532196871349
19649cf497f309c6,0.4381371889572758
82bcfade3846a0d7,0.4970231941708856
304eec204c4fab07,0.476527015247578
3684a53427071e1d,0.5616626126399292
005f67dfc710e23e,0.472837135032231
1464249fb3722ec7,0.5404070849400987
c1954c388e5fa2e5,0.5057150071564449
20fcb7a79f92749c,0.5139628501305161
2d2c1d5b084c45d2,0.5010971991633438
43ac44552faeeb52,0.5300429197650229
1e1e36588badec40,0.4731950950948345
c106195670f068d7,0.607294904652668
730eeee3719a2cac,0.5672153808570326
b6f35328373eb38e,0.48582490012767754
c0416457198a0315,0.5076606713830052
3fc831da98852c82,0.49780156414478616
b5ae5be1081a6702,0.5784426051918027
d2cb6f17b299b348,0.5729872467298343
5517cfcb4ffac03a,0.48101299422743826
2c354d60912038f8,0.494411219163821
8e894e2e72930166,0.5003334439324489
031d5f639a856fa6,0.6511796616492314
30d246706f7c245d,0.5415027270594884
e78e2e179d6b0af4,0.4999788793751325
2dbf23dc27bc9e39,0.49873154030772016
3460446c14bf0b2d,0.49056169076500133
c01bbcb16081f12d,0.5050022977768138
3df41d0484e9bde5,0.496629045853331
d3559e961f98e845,0.4990712854149857
213969e2dbbeeb72,0.5171886956079609
fb1fc1e90965251f,0.5023233177494919
434bc9aa08e731f7,0.5105769934609643
0976d50777a59c97,0.46097807143775027
32b7590ad8d948b8,0.5585298914448459
174a01a8283a0346,0.5800508201386616
309111365ce3c430,0.5346839637446964
6869da8970139acc,0.47957156038048865
2bae5492bfad77e9,0.5067007181345811
6ec829d170ef4ec4,0.49253743617036627
e4657f215adf68fa,0.49832062750365613
f6da8b9d8664f672,0.4817192260030446
d28d8bc20e775cbb,0.4809610144685885
6168e48ca4e20c70,0.4637655165103113
67b2cf192d3005b7,0.4459417503849674
8f5b9c2688164977,0.4694113620768503
724fa27833687c1b,0.5591315265524025
5a28ea67339fecfb,0.4872370814616447
18f5ae42db9d02fa,0.45192939715898495
e556de8db4e37102,0.472375156963838
7316826981506ec4,0.49233233959664846
a30ad41287934395,0.4633750364910345
b9f5bede642478d7,0.46948811242875665
8d6148ab44c6fdce,0.4928418456473489
5dc7d2b39b9a8728,0.49381694080981986
2a2f6965afa3087d,0.49693605470675495
0d84269922715a72,0.48972019834048064
66a68645e41a568c,0.4964193219522114
b7a39c7880929fcf,0.4939336488798203
b01692682a78f4b5,0.49967104197055
f44c021cb3fe79b3,0.538086604993137
0cb334ed61af278a,0.45433228631229594
f2d09a9915a80ac0,0.47736767995335416
f4a7da3a56425b67,0.469061193000724
4d3de1ab21ecaa66,0.4769268559739288
081d584f8e305162,0.5522688097921841
f5a38a84e4f5aff0,0.5604256709146536
6c4c01710459a9f0,0.47616044610092023
a12d4e04ad7b33e5,0.5520968374988025
9d77ea37cab11b91,0.46479082124344606
56af518483a3259a,0.4494811459280583
ae6440d8cb71e8b9,0.48503139649846017
376574f2be18de9c,0.49369377504769474
5b91b9ddc545d089,0.49447022504087945
3ff2794e98cb6827,0.5312286858829204
ea472c7325d86183,0.5211430570075791
9ed557183b047834,0.5317795014477134
b9e4b23a92955126,0.4616032761570632
4a044a136a3f255e,0.5399907909691157
36ae0dce294c43fa,0.5220215219573701
78e16f028b05d53c,0.5352785911208063
f313f4face84a011,0.5835270739798468
9e14178a7ef04d01,0.47811583931621193
0e02bb1bf2d58b41,0.4922066922032645
2ae677b62eac4543,0.49605764458443724
88b7d37385576702,0.49821436674942254
6244311b5c2e88e7,0.4717626750554612
e77566c2f40b6cfc,0.4818438418051082
f2c8bcfbc015cad9,0.4697985598177561
16a0f8a164c6220c,0.5488848449686146
4c0edc0ac729a388,0.456194726010833
684573825776826a,0.503536931919355
c3a61ac57b55abf3,0.42139191088733985
e45138fa9c2e0499,0.5077255522633696
6df3459e0bc36814,0.4672420397588646
693a1e23a1c983fd,0.5548178203556478
52723982cf9dba72,0.49886000635508254
14d499a35ababbee,0.5554189983138194
9ac5a5ea1a984303,0.5198932740863205
01e80cde00cb3f5f,0.5536117181706145
24638fdd9d9d825e,0.5051854264339769
43985004d4e1f9d9,0.5339302295715411
556a84f0e5cd38a5,0.47130482633402004
bac0442f222befd0,0.6118900773917262
483e2192aab6b310,0.5436476557006099
62b69f3ff713db8b,0.46816314708522455
dbf2a9909ae9ab1d,0.5139367613271566
801a85a362149ffc,0.49728748728003214
70779d2cd950df88,0.5921711870005376
faa1f1417385df86,0.5876847376703878
da5d31d1d1af32a1,0.48867509544619137
8d9c30e09ed38943,0.4864775768199999
9122972f3f3e0545,0.4901613792325936
4a5cca40d155125e,0.6566288684942431
06c088abe2c3545a,0.5247752312839221
1aa75dfb776af795,0.4885456492014162
eb7992dc79e3b36e,0.49475951446965194
29ab7470018497fd,0.4644362637204156
802cd9c32ff781a6,0.5080049740790937
9dcf1acc01b16d43,0.5001247065697935
4571734a5ce22351,0.5005738308547232
d87bc08273e1a1a7,0.5243364808898813
2d669586178d4e25,0.5209000403772491
0e1473a74a0be952,0.5167921967661928
be5280c259c37acc,0.4693651897527509
9dfdb0857f576c57,0.5518744030256343
10c9193e1d8310cf,0.5821979619209487
76e92379a46a5172,0.5430906389695489
19ab799ba9c18b1c,0.4851458392949177
788b943b23d04f93,0.5011998805567957
5fc824b2d2b62fc0,0.4903443458453778
6119fa2a980a1b27,0.495658082000474
14c7c3842e08c08d,0.4662024391633911
5b219f026283b0c0,0.48544502724695504
2a6f189b868c22e2,0.4744592568946361
f5baf598c992d116,0.45968417901144487
a758614ec3809140,0.48948412297726585
1fc01b01e553fc4c,0.5660102584291502
b0209c6b0babbfbb,0.47760330068898105
afbbb89e61de7691,0.45874918060143444
43f09f04141edf7f,0.45671608312238643
9e4442a02544b646,0.49054917907558127
a828e4806a05213a,0.4846571641664479
bd71e5689eb4add9,0.4699571866576804
c8a8d95067208e24,0.4853953101832411
8269198cfce413f6,0.4903600564364552
3d4a24767ee71f46,0.4950219489167118
bdca1c1e28e470ac,0.48335682088618226
1bebe27a92139876,0.48495046711087064
2e53794f747dc133,0.4748715421338332
dc24a6c624964df0,0.48974298502088476
9f80f45c5c6b8787,0.5284346717351217
a1d9a33ad4becab4,0.45747431249809734
21c15d67a5de85da,0.47810259596054616
fe40ee24816094ad,0.45519443094833245
644bf81c49fa13ba,0.46808216715143813
9000e2fbf64ff53c,0.5457627805402696
12cd8566d5651a20,0.5663956018526077
1f855fcaa64d0f8c,0.48732265347041204
ef602f6e1b28b1f8,0.5473806346349076
be7ed558277c50e8,0.4674620224110888
99c0beb9cc9faca7,0.46533099330799255
ce66a835bd9f1bad,0.4837022648436148
3e5933db375fb3f1,0.4817544355257436
589f0b6f5a435c54,0.47433112515685893
e7247201de2bf866,0.5192421738539064
677696d278dd97b8,0.536213918931909
b47d469523976532,0.5372682824232671
98c6e3777f8d580c,0.4606422399890826
de7337245510ee83,0.5443562026073854
d767d8a4bad13f55,0.538369350042903
7aa17588d72a3b6e,0.5416936571034581
7642f2912fe128e1,0.5818830403526299
7637f247e3ae9afe,0.4681520817398561
2a9f56aaaac2acdf,0.4867804310392714
18b25a99efccaa1e,0.49486520204212237
65c1ca48293e8b9a,0.4866030351608792
8f67ecbfd48e006b,0.4829965531052891
f611a8564ba11a6c,0.48229564056363605
29823c7fd7bfc4c1,0.4716024951424721
7c078d0e0dfa1945,0.548717540243699
0d97dc1d6fb8ea4d,0.4527364845711136
dbc42c3abe1a5946,0.4947912560900172
56e1c30fd27d31e2,0.41957887338737265
8d6c18ca59e05ec1,0.4980451557155605
e90e60bf7be8ee2e,0.4740042758579468
1a8a4e536147bde5,0.5631557121975449
7d418bb7945b64c7,0.49657371015977636
48a9fa64f8c38ec3,0.5545127747686629
1f7a5d9ed3ef9cf7,0.5269603091982151
83812b6fbec8e390,0.5568205956193879
ab8b76cebd903e91,0.4963018755440066
fd5eb05d376c7662,0.5334189526221702
eb2de1a0aeb2db24,0.4760528296919089
19db997c0a4f8c9c,0.612082994923198
0df913087f68d2b1,0.5474453728133344
b0d7d6204e876810,0.4665017587498448
4eb3947307d2c4d7,0.5167053430210642
7fa6dcc3e447b2c3,0.49378728254980486
efbc2d803df5a41f,0.5829634299483435
20be89bf8764a7b9,0.5723549326450835
74d7455a3abe0507,0.4941307142468293
df8e053f965ff603,0.4852261586389781
66c28440078d37c1,0.49097080848142416
d9893d54c2cdb530,0.6538837350632367
b43534fa62b20be5,0.530695030308797
c1d44a8fd336301e,0.49050266086549865
b35be675f346559a,0.4995762356603888
f44759faf07741e5,0.46399195120005
ad1e362d674ac329,0.5214095752915359
e25ce32386d15e37,0.5118347781227901
534418353cbd28b7,0.5070084490930975
012f30505d6bf201,0.5251773026708848
8c71f5c47a0565f0,0.5347249546738712
c9296be4da146b4e,0.5255801225410665
5b4ac55e4e135f2a,0.4637577647639215
834ffb645b8f8093,0.5550462619874066
9dd816842b4cd361,0.581514502255547
d6f699762a484dd9,0.5423470877682116
9e4807cf068dbfe8,0.48528705977460773
3a112e8b0b8c801b,0.5059128393592736
58c6ab2a48648c2b,0.481224271708797
75681e310a9654f5,0.49664275085359055
f5dc95fcc8f58c18,0.4672894513852798
e8bf5d7acfd6d969,0.49751798592299645
6e5d3ea4141f33bb,0.4734925278780432
460e7e6c72df6927,0.45161630131861386
d040f17602f4e4ec,0.4821486708925513
a15507f7572fe22a,0.5607757481058075
080cd7200799449f,0.47801784174679307
75b54953e7afc6a1,0.46930825435848655
4688e4e81567644a,0.45606597286460926
c0e1c4e1a4f60a34,0.4866916869611311
e154276d294789e4,0.4795042372685383
dfcc51a6f5ea33dd,0.47144063593138397
0d5cc68ce16c90a4,0.48021609235437124
13f4b34c6046093d,0.49510770399076076
cf43276c5ccdf726,0.48514846356731256
7c8c7fa53478e920,0.4747329658503001
188dc5ba6a162273,0.48993862933069676
0509f9ddb2fdc646,0.47583895418770283
607a5a5d1a9a5c7f,0.48920234782821304
5ae3066f60f40be7,0.5178065502161494
2052423e4136a9ed,0.45993434220399654
78d2e866d43398a4,0.47389586765648106
5173b4b0d87d5085,0.46120685639081904
f1b3bd4dfd89444d,0.4680766350429858
54102ebe028464c6,0.5364189968569844
72b2922ec64a19be,0.5627825165143567
363371cdb54905ff,0.4886851490791607
f0ae9f4677946b20,0.5469970976557014
ab8c0bbbbf86e410,0.4720576064561809
f66f6a659b8a0e20,0.4653157770241996
d714246735bcd58f,0.4858757526609647
3b86ceb68cd44fe7,0.48899141340662333
ff2777a756a08507,0.4758421387950187
31359f1eaf3db2f7,0.5089670439370251
2b085c0d02323f60,0.5365593258968575
28b418eab5318d0f,0.5398761182366314
a4ae93b15bdce4bc,0.4646726154057301
2c7095e6e82c3913,0.5493498744311156
a54403913efae3b3,0.5390094565510809
6a68ee99b47ebaa7,0.5506472202025129
9b3c9eb8abe1b806,0.5750657410701558
981f0472b4f95071,0.4603618364632398
364d3e2bc6888adc,0.4874631752270582
09dedee917a2ccdd,0.4928414218250482
f747a71d10456bce,0.4810340224519487
ce3c8684779a8b73,0.4803560943300559
65a30c7d56b9454c,0.4920248456021483
394eafe82c35fc6b,0.472936190121821
6d91ee876eb80d1a,0.5488389615300204
3f21fa8cdb7abdbc,0.4620773441653254
40db64a1009ec649,0.5057011109736809
0bc3844f75f71f5e,0.42262532138758613
432160eb1247ae73,0.49419131856950826
a55693f4137b5056,0.47425861201705044
36a5483769c1253e,0.5593496123648146
90c6508299c1cd3a,0.47836144354256716
981abb4eb14b9f9c,0.551748298986893
d9acc0f158f7715e,0.524713346227702
66a85388b55c1b75,0.5479350984378092
893cd020bcc1649b,0.5049430243628994
395d12b93a140c4f,0.5243680824380701
72139028ac4385de,0.4610414119665398
11e0aa97fb95ad89,0.6168675004157576
39bd9146e83a02b1,0.5555323412533271
5ec25b7d785ed34d,0.47230825710340296
244db0b0c571f8b2,0.5019809319234202
0b53f2b74e2c47d5,0.4822173182209376
502983ed71a2abdd,0.5920265782744203
189a7abe316c34e6,0.5825130293621188
efdea33846ba41ad,0.5065308679245678
3a1871874f9e730c,0.48605024085682036
290d53ce049c70a9,0.5082429866605119
04b96f48ff009c50,0.6655671589581847
65e34baac1a55418,0.5233558944757177
d357cc5ca2f9b288,0.4779429401362283
05b4862624ac611e,0.49537507527700075
7e68e9a703542a7d,0.4655173161459967
056e5ba841379b41,0.5181541485614928
2c394799abb3d6a6,0.5107063387879602
795d6d2a61296de3,0.4946544410781777
c1ce4233c7831ec1,0.5258651102312697
f8d704e961cb6fc9,0.5146025792264763
c8719588f507ae75,0.5251404489490382
5a47e5ec0a39062d,0.46339218612718847
5bbe5e1de92c03ea,0.5460472524927735
df512dcbae19236c,0.5791701791513177
f841c741917c9408,0.5493676803891251
0033fd31da544c87,0.4930775748336982
98eaf65b15cd0de5,0.5059687375637538
fb2fdf1ad7c8ae09,0.4904889062980984
9fed399f4de6cb0f,0.49603858362809095
3f3bff0868e57da2,0.47252164885163905
935758fd866b9065,0.4792156783523982
363fc2ab160e5599,0.4684432587803664
b46e1327d8f0165f,0.4493227405138779
9038912a3792202f,0.47755379447279545
28a19defe34408d5,0.5646613089238539
3c0589fde3076274,0.4839037342986581
ac6d9c5de69b7769,0.46803217178550427
70fe17f36c1ddad5,0.4624105654020413
3b3d0d23b9061a8c,0.48669242967127657
7ee821bd63dda680,0.4859343050866821
9cb05e8643dd7946,0.466484689445693
d0325ce62e1bf2cf,0.48330976738221554
37aa4fbfc10c0f46,0.5015344797226479
ac88464ddf4267c7,0.48614067629110935
67b56e1eedb65b46,0.49468997055665687
1e905f1fda03a04d,0.48488832386357705
4175b8fdb01ea391,0.48736349710536475
d995b169ad1a49c7,0.4925637383607959
006dea510212b9d0,0.525479348170383
095784d1e7bf4710,0.46323445750390757
0665a255608f9636,0.47621484478346976
b9fd4d9ea22042a4,0.4691340901914105
0e124565177d3369,0.4800556612372924
80814521fb7efae0,0.5397287328306646
0e787bf511ef63b5,0.565906823211695
b07f59be03533530,0.49554735630571267
81fa725332f959f0,0.5527643082339447
9144a2bc5017997d,0.4727523786189314
470e8b9d17bd9537,0.44656655292773306
3e1590d0f13ff7fd,0.4745586861405984
1bfd01a775881b3c,0.49286193093224995
1df09624bcaf22e2,0.4819923168925393
27ac662d32364161,0.51981348100748
8b0476282cade6be,0.5279331855916088
986bc89899420cde,0.5327821385053787
02c7c60ba778e464,0.4585632636760689
aab7fbfdf381ce9d,0.5416011152290667
2b9ab4c964a32105,0.5439849078632419
01bff4dd9a3fa630,0.5332736529300857
07a77585e7f50001,0.5793809480732661
c704ac3516f5f717,0.4749744087989918
8023cdc0d0861d87,0.48594872856598903
ce7874ab379b82be,0.49703679457844807
8f94cfbd52c70667,0.48045195914823036
e0b974309326a98d,0.4701906911460103
237040220a7d90d9,0.4839449142144916
84b45b02f6a16bce,0.4660040571357109
b185e84da933858e,0.537429910664334
82d35db816945d76,0.4576759693739396
a306c9e7d9579516,0.49988669139854536
c6ad0b0f4ad95baa,0.43650734993283846
c1b1779932703659,0.4964263840601115
9e29a3a2ed8e5e15,0.47958967859384194
c5205714a28bef74,0.5533298690202139
8e965ee2ef7e0512,0.4819564335771379
254c7fd990f4adee,0.5497006153737211
067547e5f6701100,0.5172773727781665
7a4cb4f6d1cc2137,0.5398752465834322
13187312e37f137d,0.518870716993345
cbe433c6861051a9,0.5145012307162855
e9603971a5620272,0.46595735913148195
55ec376ddf7af616,0.6172158495560075
03556af3c8c9ab57,0.6169867292150695
a2277a4b16f1f637,0.47644378555637046
cabc5caac84734f5,0.5047005751097314
d3a4a42d8cae6e28,0.48786280144721594
5f7e7fdbe93b56c7,0.6001919646876467
c014f9813a8e1c2f,0.602765134793851
0816d28aff5dcd47,0.49805024361676564
faa153459b0cdaca,0.489346078839477
9f7e272601ed2818,0.5044263311636753
1e83c01eb35c2c2f,0.6647101874223985
2bb7d621fc54155e,0.5096757507011729
9d6a4836cdcb8401,0.47612934275311125
d3808e31be65e472,0.5036046569229485
6bc2e0980e2914d5,0.4701517425350987
745cf5e6c6aa308d,0.5087469439452911
c49e960599c3221e,0.5023267489786641
67a6f8c9907066d9,0.49619828314599124
e271cd662dc0d980,0.5228868692931256
05fcbaab082e5a59,0.5192424193159187
c57d29b50d73b4bd,0.5204224076721651
942b46f6e51a6a61,0.4557917139190446
16ab3febf7f154bd,0.5349703179631307
773c68a65f061247,0.5824291780273962
d8bc078b585e1b2d,0.5340022925763089
bd359d4691a4562e,0.49696048639951096
f931c132bfc3e3da,0.5091567839673224
f0bc08e3de8c7ab6,0.4955160414138571
1f7aec9942930248,0.5047425103091949
1116ea7e5a3a5b31,0.4726015231910101
6e4bfd1e8775e03f,0.504360441719016
0279bd6b1f8dca2e,0.4924880870080912
60a2e463de4bc939,0.45433475007273993
0118b77140940f48,0.48166857116098916
739db5b0b1fefec5,0.5601737876703143
e5c81f03c8cf8054,0.47886819212940035
deb35b7ef3ca358d,0.4599262720160744
828814ea91310c3d,0.4639483784417603
5b01d13428f2dadb,0.4893750275207187
b85b181e30a52424,0.4818837177307599
0bac534e58da8713,0.46631907714196563
ca501517f2538760,0.48620383713701143
c4c57c7dd9c1320e,0.48829866079496975
f121d3e3c28ab7a6,0.49130439184316044
261dd6d5380d60bc,0.496071125949584
4a2d896b1f3eb827,0.4878305226156836
1c41420831a3093a,0.4840273002743367
1ba579d2cfc5f215,0.49492034266076934
0b029b8b693c1097,0.5165801312008091
26cbf8e2fbc6737d,0.46198665859210497
d2f91a2eaef17f31,0.4827199909751636
50cbfcfa32fc8a41,0.46789052834250155
565479ea4af8a587,0.48426216459093796
5dd596a255a94309,0.541330486802275
b5be43a20af7b8d2,0.5698672568799816
ec561ad4411f3de0,0.501413339492089
05decc41e2c4cf5e,0.5541045973641583
225c5dcc1b3e8a47,0.4833826248533779
c14b379884a82453,0.4470646091722975
480a18c2a949a669,0.4787771056178298
bb4cd7db37cbdf7b,0.48886890838407004
70f7c928cf63d8ff,0.4658359909616756
47fd58c6df77b635,0.5162365791316095
a8bb9071366ae6ba,0.525967569731096
2479479cf094e797,0.534558897143931
5c5a0b12d1742ba7,0.45851742814971796
b6852c629085a572,0.5288136785236047
d8363b875c5dcb85,0.5480546854874917
d5ac3650f9a975bd,0.5298611327569586
7c10a0e11862fb2c,0.5799663399124082
52fa668b96331cc7,0.46483369422204535
b25f211d7ada7f11,0.4935811396537363
86fc34c5fbfa8e14,0.5012840785641295
0ce02d2a08248fc2,0.4734031974725428
73b2b38271cf9c54,0.47501725519180826
1af3a66343d2dbcc,0.4848094654574979
1c2faec3663367f8,0.4597485294326866
63ce6c7607b953f5,0.5438229736534167
7c4452e106f655ef,0.45708200646687325
853f971c1d4b6527,0.4962087202969174
0ddc6edd6313bbc9,0.4404915390111117
7cf1de66b6f41061,0.48655846998024566
d334ae537641baf6,0.4807195585176023
818ef4fe4591c5b1,0.5572768788753053
c25a5b73364a0285,0.47619641341426455
383ba6bce5379740,0.5553458752153337
a2682e16baceb3e7,0.5239084758247532
bef0504a2ec54c52,0.5414306952465868
ccdc7fcc0705c97b,0.5150041134348744
c182f76f6363ebc6,0.5128955796811225
c95fb7697fa5a57b,0.4615553417257341
a46458bc6cfe3611,0.6080142098824263
6502aeaebf5593c5,0.5989440522206029
04984e11701627de,0.4771290254727436
c87323c4d162d016,0.509327873288055
ce8fd1549bd1568e,0.483200020972558
ee5ff3a18f958002,0.6088795991218549
868baea0e234003e,0.5803472364022266
0b94f48b35b8badf,0.4925853984945032
ee721cf1590c9700,0.4883400222661636
fe94d5a776032eb2,0.502518537141385
5b1496fbebc59434,0.6608944957092786
fe693323743ade1d,0.5213011450072943
c64e52d706502950,0.4759497999568407
82e3f386f6073b6e,0.5081120193832838
767d3d07bb6c77f1,0.47695188720049186
b0a4f437d72562df,0.5013749269299477
4235fe4410997b9d,0.4980166718576222
89c1e4e6b4245a71,0.489554717493494
5dd49e85d4e659f6,0.5228418185931402
9f4bb2efb9481e6a,0.5256689853196429
18100cda3abd435a,0.5081407878527805
e9dcf3e0725a4042,0.4714720891365278
24e7492f7cb6db8d,0.5395625373009381
f1261cbaeea0a86f,0.5873074673366981
8b4b7fba5680c972,0.5308690281840784
455b7e7aabd32537,0.49628825826878553
317a3d32cae60b0f,0.5146586917625268
2651ba1d5f51d2e9,0.4937888921265913
05b31439b23a8817,0.5023022658120884
8f08e675fab3d870,0.4592439150411185
89fb11c8d7df3d93,0.5006746568128886
fbb290c3f786d6ad,0.48140456699221756
b7c6ae702c549d69,0.4649980304725678
f3695c7287ca12cc,0.48757712113161034
e02fe1a296279f29,0.5655625571892573
875ebcf872d0d1c4,0.4783960047394883
f4f71dcb54bd5a34,0.47087085667635864
4a229a6af4c8dbef,0.4663186947263125
534734f772b99fb2,0.48954980546346805
953115ff3a34a928,0.4768748553558877
e57b3154ff64c988,0.4739649915869235
6f9dc693807142a0,0.48477683341195665
a0224bbe29359bf5,0.48419315029156196
f02e9aad0736d5b2,0.4838667167713562
a18ea09ec48a5c24,0.5161027573237802
b6804fd748892a62,0.4879939367657007
554d7497a33d146a,0.4828790073145297
4281497f299ae3a1,0.5018508112591815
c49b592303df2f4b,0.5265375400814496
bf79d0f323213b7f,0.47288303993154424
2d258647e24d82fe,0.48680423735255207
66661096b5347b21,0.4815434882119478
b16c5f6ce7db871c,0.48735289274400917
37d6d54a1d5e90a6,0.5427507110489348
5d478484a0b34812,0.5692335092779739
720a0e314c103d1b,0.49606743353356375
8358e39af3179542,0.5545941994024629
b02a67bf0b55b1b6,0.501458628835208
8ccee94db32635e9,0.4493875309765947
61efbbae7366e42a,0.4854553741200587
cd7befbce200ce6d,0.48477365038617504
f1a0e55ea546160e,0.4752268980353802
13f6322a91681256,0.5069079386296466
c35c0c944005c07b,0.524549893474236
02c770968c706610,0.5404425641045987
b0a606a4095afca9,0.4688525754052919
07e3ef984ddfa664,0.5301236066635354
1ca098ed5ef6a4b9,0.544554538369123
429b82ecade2167e,0.5339436837776704
eb0777e845f2c16a,0.5807757383278954
b5b09cb925b10139,0.4540128217372026
6df8bcbfc61bdc75,0.4971265636413851
880a510012327f94,0.503233037135493
b8b509c1dd6fa21d,0.47831820720594953
dcd6bb4b8524bcc8,0.4833328802394885
348ca66579f4ea90,0.4867301078715516
70fc3490ebe6d953,0.47116898929540274
fa03a190de71e511,0.5229952418872257
a4284b4afd6bcb5b,0.453878787572242
f0c3bfabbb821b1c,0.48916345607494505
13f1b823583d9b54,0.45485537732327774
9a2af674352fbdb2,0.4815625824410916
da6ffbd0a9972f94,0.4734675571097171
baf18bbe7ffda50b,0.5507661311458789
83523fdd1e818729,0.45905322054346476
0e4fb9d141b9b133,0.5389678751116079
fae018d5889e1988,0.5135953980778171
bae93b4d5ae869c2,0.5312600313965354
f3df9e0eb4ec6595,0.5188352096656788
496fef9f6c942c4a,0.5167985921192706
e10431aae74b2576,0.4507165568524504
511fa120c2163a4a,0.591958481367935
5a849cff36a9ff78,0.6016004021088242
5df837be5889f33f,0.48753749653391
29af33a6f2172c12,0.5018643237446849
0e81071c990eca70,0.48932717319430075
af69c3d812dab9ca,0.5929002786870897
8ed332d11ce7cad0,0.5740707418250438
6bef606ef3570653,0.48894714048515764
45819352579f6f64,0.49931875496326117
622db25b8eacb45f,0.5008360144571117
7417540df8a6d66f,0.6531180936618104
522cae14604a8eb7,0.5195768378182273
fa544ece9f1827c9,0.4794289183302234
6f489fc60e830bca,0.5062997942039436
bf2f13550150242e,0.48682813398554314
029d4225547d5c17,0.5143065380993836
39000f39e7c761e6,0.509579702734672
e15112fbb8709424,0.4843981458261244
745afc750e1eef8b,0.5140535082409103
f2190b11f4ded522,0.521113400066806
1cd376c8b98b5402,0.5143324701210182
88e54654eb911103,0.46286288251421515
5793f25e66da7766,0.5399844818753018
1807138c1288dc25,0.5952886875130854
5183775c413a64c4,0.5296350133953301
3b05548f5ae41067,0.5004257526134677
3fbd010eaf108f23,0.509357091237663
9582672ea4fc1990,0.5036268822360634
1105fa1f4d3d684d,0.4966925417791469
6152b2a16e3494d2,0.4688524647612947
f5664a9e2394065a,0.5044499843812432
91a8954b660ecaf8,0.47020694104024463
c2ebd0ff983a8f0d,0.47030632498297986
6d62bfa652d21768,0.4860282782597152
22a9fdf681e5cb33,0.5614659716114583
576885227947b28c,0.4893439202234049
7a661ad025029746,0.46925612232454494
cb3115e296a6b47e,0.46973359320103936
e86afb97173b187d,0.49109057030936165
aa6b08612bd0f738,0.4828924406656905
eb69cd075555ade1,0.4798112637784886
a262f7a8511c3022,0.4915993885515435
a215bbb1a1586d61,0.48776931260716183
60fe574833fc2dfd,0.4912024704499752
747738ace5fc8123,0.5090228950837659
f6d581978cdd2c7a,0.49569262102213174
f1bab3a0d995f94b,0.4833946671892573
ba47e635805033ab,0.49656035247654273
e79e4e4973458a51,0.5120266180347046
044a93b42454ac6c,0.47051714477928386
d52a34315307f531,0.487060512171845
b7726612576e4c68,0.4827127797376569
fa873ede2ff16a51,0.48477434111358075
fd9a63825048a81e,0.554996939709323
02dd648324a4ad5d,0.555449300430403
6bf444f52050f942,0.49927726045042187
22f6c2ef65ca9053,0.5613252082593791
00efa42f723885aa,0.49611296679101957
f37940b4574996a1,0.45261669975602603
564b4058312aa988,0.48800326393987836
6f21caee6029d8be,0.4788808520287161
062af417ccaf1407,0.47145471062028577
c5fb06fb829915f1,0.4974906153858495
c6e0375f52754b12,0.5130678053272166
565e669e28deeeec,0.5436200436448723
e3a26c9863cec356,0.4616211921809561
4f903a7206e30716,0.5277163372188619
82b34f7e2d971871,0.5350115902253741
ec022cdce2c1ca8a,0.525766495590817
b51cc4f2e4e4df41,0.5872827123037766
17c5eec5e594bb71,0.48490901813316867
64e903eade729d86,0.498580174024709
01f7236d502a54bc,0.5032558743544917
fa80e5a369f867e0,0.4830392492972567
717c89dda5c85f95,0.4839539510220967
55278c3bfff59bb2,0.48868629407845643
c215ac51a54d9fb4,0.48093363121162924
82e7d5a4c4c37dac,0.5229996237314476
2ac5e3b2d5bac8e4,0.45808726642606934
76f8dbf57a926f83,0.4876750425886167
c961475771dfe513,0.45025451203376354
172415677bb54e5c,0.48689188488419255
993316c2cbc48a43,0.47002535553792113
dd5b8bd5eb8c4c56,0.559846694037772
def670534aa79927,0.4602896233655056
2a07cc58fc5432f4,0.531003288275956
93044d77f5db0763,0.5121198051933846
8cc25236db3b7814,0.5231874673620023
436f3540762bc4a1,0.5032207275146201
dbe6469f6e4de96f,0.5032168157884557
4b40e55f251c1ebc,0.46095679406252854
7578c3beb68b3551,0.5870927983300396
7481ba9ea9cfd17f,0.6073314349771816
fc701fb54d35d9b7,0.48563027735136677
b1e7199306e45b02,0.4937606607682514
b0660091e583670c,0.5097216720895524
218ac8ce70d49458,0.6022380248796315
63ba79df237c8bb2,0.5820389109717731
bcdd8f8de9daddf5,0.4850555152032392
89a28fb83942b3b9,0.49763555751774835
0c4690e8db034045,0.5083435643458976
061255d06809fe41,0.6625588600676274
82275001dee4d130,0.522400892887442
ea8daa88d708cb88,0.500266755725466
07768222966986b0,0.5104957832918355
a3a8d9b72f5e741d,0.49022982903167756
62990c926d1988eb,0.5133703435328185
457e2098bf51f711,0.5051870944705025
4745a55440b6c593,0.48525516519323575
b089350abffed76d,0.5138733300098521
ea41178dc0e2259d,0.5203943753850591
634f000329045b66,0.5085204114219982
8898a68826bec7d3,0.47192782883269224
5c74d5900ddd23d6,0.5378032360524911
1e8ba5a64708a3ab,0.5850217372497712
0725daf76d13ab49,0.5338037766751087
5da7b3519578de5a,0.4948117907772098
ac215c110fb335af,0.5077243484681162
3d67d1bbb9fb6cb0,0.49720533563091895
b7b7e6685473fa38,0.48651478194947195
c63a6857c84be070,0.4907682261048465
aba682b37d9a654c,0.5007838919915084
27ad6e86fd265bed,0.4728154170286504
4bfff55630126aea,0.46491477330803
7e712b55f1b238f1,0.47406539308575013
d56e07f40b2ff6c8,0.5709178030469961
aabd9fd9951e5bd6,0.5004248496981986
d673750bca9287a0,0.4673025505976267
dc63e5b585c96394,0.4638736981747077
c81f5f89445bd05a,0.49205162995279794
378a399cca59f140,0.4767708020067746
e08172a8a76c860b,0.48362814141322086
b7b9db04e5620e4c,0.48962661748390157
bd874f7005092a54,0.48601684765766384
6efe2f90054ae743,0.4981213621499051
d5ab0c33cc40b96f,0.5094044911059744
79867f027d383ccb,0.5022314104422033
861a3f5cd72d2703,0.4828109132999545
ea51b071a15a50e3,0.4954823432234775
5a7b8451c15c61a4,0.5091143925591073
cf15a847cb7e66bc,0.45526036950411763
90694c7da7620883,0.5037071863323466
b1f90fcbfb1e94c5,0.47753969989546874
5e05e53e1edb45b6,0.47930201036139874
88139a34743ca43b,0.552855804082331
d83d980f439b0c4e,0.5603847562509295
b60b7015a145559d,0.4927775270208292
31899991e7fd04cc,0.5615383843346778
b4ee4b460f7b85f2,0.48450182920706686
0529456bc9b7a96b,0.4505426117968334
52f0646c71d34178,0.4858798072875541
cdafb3529bac18e4,0.49946626663224514
bbf711c41b60088e,0.48210310770790765
045ace8c8dae2513,0.5047987795133132
134dbffc0b53c30d,0.5113159867096299
f417873fbfa46920,0.5397541870019522
3206743ddda528cc,0.4534443532965782
131cda3f3c8799d3,0.5282934214778747
82973e239f40c2c5,0.5438741952018189
2adb689434af0a8d,0.5276045474242423
46fc4143bd673332,0.5904664563067564
256bb451ecdfffca,0.4727411268998405
678b25c615f8f8ae,0.5096536711486434
86eba4d4cd0e7b1b,0.5041942545102028
0d191459419e55d5,0.5026693032990835
0c5bb76a80fc802d,0.4831082537038689
b60ffc626810d1ab,0.5092640982868448
8629053daf4a5b8c,0.4866456844213104
6674058192b4cdd1,0.5241124941594759
14ccdfd0a0bc7d73,0.4612440595809346
58e6674145d01dbe,0.510749655405767
3d2fba8af18389df,0.44288550778077285
175308cc799e04d4,0.486044483876663
6ad9c4c743015851,0.47146952585033397
5c2ef8fa89a4a2a7,0.5522036100837191
7f719617233fcdf9,0.4598090969198594
371eebcc4f1f733a,0.5192552267487257
15e4158b72c57935,0.5069252863811365
33db5f7a8b65ea45,0.5288017712467311
152183fcb2c6d855,0.5045930123887177
7e477e5c3c107209,0.5007603824334484
d8068914fdaaa0b1,0.4535187833276224
8ecd16eb39ad3c0c,0.5849148046087687
3f8ca3b8201561c9,0.6073624787817242
82d04c7c48bb7ce9,0.48354129368983334
853cd597046ce7f3,0.4960766973851167
853179365a2ef1c1,0.49309278517132893
e98a3d5ed7594faf,0.596614911010571
18cdc9827fd67ee3,0.5914182659365003
e289b22859340a6e,0.48350337596100257
a07ccb71e19a2751,0.489039673578442
a675fa19b99a1eaf,0.49874234102681225
1c39fff482932614,0.663158004536251
49cd2c6ad025fca9,0.52260495008359
d874c4156983ffe9,0.4995032983933998
bd35f4643435554b,0.5067147696583466
c25fc660aa6c84b6,0.4821335515901649
19abf4bd7b0c9ae3,0.5108913039507558
2f078c0853a11069,0.50129915505414
7e2102e51ac4e6ba,0.4913681758025604
7b69ab5a9a73069e,0.5141529306544597
2f90ab311870839d,0.5122623954294941
cc41605a21899a51,0.5065204313826128
0b683ead9311691d,0.4683334477890585
47e8a77f73fdc297,0.5415803192266678
a00ec9787afadcc2,0.5817299440682109
1103f573641c0ac0,0.5344187630034912
0b3a29816cb9d74c,0.4918661720882824
5d29f23cb7d91050,0.5050954019370756
d8cf773e794db2ee,0.5050225736920149
25b3075a115edeb9,0.48632424161017507
ba8b32aff8db818d,0.4938596774780658
b289c8070ad73f45,0.5067805370052036
15a3db8093850191,0.469518942800744
58ce2a2d90abb344,0.46640698997210506
bdce8e9db284f8f5,0.4685506037187459
f1cd6afe3541e5be,0.585306726909002
78e512f2c8f85fcf,0.49324572242063347
7d309aca2fe72d2b,0.4597349098668706
30e020d12e46b327,0.4698240505040232
e506b1b365b4b0f7,0.49092120393391137
bb56627abfc12af1,0.45533080569658146
cfc020bc3e94ad35,0.4694199194435211
1669b2f4a8d9652f,0.4886470652584354
cd19c82fa2fa2186,0.5058831939309886
06b25ba9ef3da89b,0.5006127913296919
d18fa27cd84347a1,0.550630656788111
350fbb11077fbab0,0.4951427779415697
a471eb560952e338,0.4853553906392445
aaa1266d29a77a3b,0.49097318752279073
7eb53731e8b07c3a,0.5152149030998441
132b44134762f7fc,0.4570410421885529
2a7e5d78ac403dcc,0.49483960199909216
a9f1d72cbad6210e,0.4745953148590688
36c8ed7a15b08915,0.4799027875698799
c77979ab2a445e89,0.5711833817892978
ff0118d4e14c2430,0.57880280247726
db92c5d839ccf415,0.4995560321661381
205a4ebeb11777cd,0.5670552244054308
1ee77c0e93f3cf65,0.492311417951362
1ca9e351ca536290,0.45073046452488763
efe6496ab49af634,0.48745315445261517
50b56c4dff6b67eb,0.5035691059533778
5d6a8523f3fda871,0.48663895842894644
fcba3ee33071fa85,0.5072913254392769
c3cb071b5431af22,0.5106905336933643
686479a3813d34b0,0.5360942271841787
30afe7d419e5d5ce,0.4638135827826695
da7d9d867be70abd,0.5259090533936437
f60e2a233964c621,0.544108198748265
e7212be5a5c0c7ed,0.52150312813373
8a5921466d03940e,0.5862407777242075
19ab8baec4a68ee6,0.47338771311943073
9830155f425d12da,0.5174266874918471
49dddb8be27f1dea,0.5038460913651351
893de55742475b12,0.4945746845147312
06d634ac55b0b4ca,0.47980294486438124
ce4ca534bcdbd944,0.5024181922726332
d5cf2bdb303c0573,0.4738468723365855
218820926d4f4b0d,0.5341746069416293
4b12fa95c4af9575,0.45531886759347495
1141ceebdcebd1bb,0.5203679145874542
5a231a06322b0069,0.4391788889252455
9d7972f43eab5af7,0.4840717233224121
4a8f2d27af648a16,0.4923951982322896
1a3c966904898f4c,0.5533867575423002
c7faf6a870d62cb6,0.4787921446810882
448ee7baeaa32725,0.5231507337474327
3969d36a8b58f550,0.50690289653838
c3834960f265371e,0.5003608221921205
9f209f1720249be7,0.5019869933459483
ab7fa109c23b1447,0.4989411503824599
a5467fe171b25775,0.4609185977337773
6660b5dfd26e0c7a,0.5875499838333631
a8373555dc4da43b,0.586103348715435
6163c679a3cdffcf,0.47988827974332393
e1763ae68f4c67c6,0.5111693550433083
e5f97d08b3967fc1,0.5090498480435972
8b135d25820923d3,0.5983687349984244
7691366ea7099989,0.5873255134796067
c2cfcd01a33f5694,0.4865911413180628
863d0ac7053ab0b1,0.49527644725271625
684fb550f0b76edb,0.5022026607869807
e8c3a3fc9ce11ef7,0.6588890188828205
837330035b79b7cb,0.46935059993207595
5d2233d890949975,0.5041448053573714
ade21dbdc9bf2b09,0.5108013592322564
b1543a5502a192d5,0.4794822554981091
4b243c415964875c,0.5001053446504724
3fc0531d38fa9d01,0.506379096105452
0e34e2750a3ce6d8,0.4857254121927975
3816d8ee3b45dfb8,0.5011953038137673
85bf94ad9abf5941,0.5166794099730313
10361408c383e1c1,0.5120396825764871
882ec9517051c6b9,0.4777484618892902
2a45b19e797e6f28,0.5423169592229864
a49d0deb35e737c6,0.5798149482569439
33a20817f74a6a16,0.5252854307859496
77fac5f1001b5dbb,0.4846123277285723
0fe5ea01f58defb7,0.5093846489698126
5c11762cfbb543f4,0.4933137079311606
a44af8c105ff5660,0.48270906623624077
ff525985e8c7d89c,0.4983628539089878
51de673ba05c6e09,0.49877081745289487
cf6e063ffef8c571,0.47163840935191237
5666a1f036df4791,0.46732687978720766
c82767e382ec900b,0.48786117003728013
fce922e62b98d164,0.5806855347878334
24fcec00247c50d5,0.4923145073859181
3cda63dd95f189b7,0.46470339694004137
5f7b6b059a3b3200,0.46954175688092303
b56045c830a453ed,0.4965977043187013
fffc286bde710ab6,0.4440993953878929
4fd88d148d7efaf4,0.4788343591187768
6389590d19036262,0.475939852207955
160bc0058f1b67ea,0.5038776408316301
9088626ba108f0f7,0.4991720541602005
6b09211ccacecb5d,0.5547385924306367
928bd260b7e6d7ad,0.4971873415945579
a5bb12c1e4cfef7b,0.4874180228253685
2edc6e9fbf104edd,0.48641763043737407
71f3f8a6931b8295,0.5010920503106685
40edee1d142ba11c,0.46853088509010377
93d8de4149968db8,0.49760765963709597
5124a478b6c8c77d,0.47696594617854826
ce81aae139762cc6,0.4798388838249956
d46589535fbf71f5,0.5561484759833838
76047eb29868f10a,0.5767307313245931
02ccc24d3fa53a0a,0.4901717991455924
a83622c27dd6b9a3,0.5421981741994464
4f776f290e61e57b,0.47482290557885243
137cfdaee0c4d5f9,0.46317400077978377
b683a0f1ebfb6bbc,0.4856280981388601
0c19fe2aaabd7315,0.501599228385701
644eced6c781e176,0.48866006639155923
7e6e3af586a1844c,0.5010011826266066
9e5a759ec1b7589d,0.5134879075502006
90f0385717cad890,0.5279386723080306
ba66e50a26f8f63a,0.4700668458442838
74c075418ff106fe,0.5291392395761483
50efa534d38b8f90,0.5478438137480363
d427e62ba110d5f4,0.5207394242732268
264d117311b504b8,0.5842116521360627
00770da291d9aeb1,0.47410605526549077
2afd64ed3128fa16,0.5083038278057106
5e5b297d9cc239ce,0.5025563631772194
961435d00502f5e2,0.4963549676416601
18f60b91028d76f1,0.4898016652314551
0a83196b04bd1b0f,0.49540407736988856
731c667f59e423f9,0.4673295881791124
d0caac1a0f80649a,0.5334738854191954
9ba564c619b295e4,0.4560656951236849
72c2109cfb5c7f61,0.5117585516305707
895e813db33d3cb2,0.4335420978467577
bb3c280d4efee1f3,0.486966629454195
4d68de03a1d6bff3,0.48835757061262175
8da634f36ee35ec5,0.559889285268269
6dfd2cac57bf4922,0.4789432273090376
b040c057adb735c9,0.5366701141663631
ef28f0dcdfb17096,0.518816652941116
b3d50101582b7b6c,0.5276554008068703
35b7f528307bad78,0.5305529413853061
ad0ab406c34b37de,0.5232690809210205
8e6d4b9ceb2d0521,0.46287763424648687
afa2d90a7a033743,0.5759052573454773
224db1a0eda07c87,0.5754387934281391
6f5cc4d602528573,0.48415303010862265
e2ced68190223546,0.5108740095795532
1bb71e12a389b766,0.5160939833503354
b31d17537b0c6107,0.6068370498811009
261b0235150c28ac,0.5842296385395834
357e08452bac55e0,0.48880699711613707
9d4293bed309c041,0.4885789205255098
87907c032036b758,0.4981287095914517
fd03399c3db5156d,0.6515407254807571
cae0df3020895044,0.478763473550499
e0588f2a1390223d,0.4936517677041746
484b53d34047725a,0.49985340793237465
bb8dbe532a066cda,0.48397081808830633
1638b7cb55f03d4c,0.5198792960141043
c6ab5a0891cc38e9,0.5010264929959096
45cd26fdb9923f96,0.47834849209738084
a2949c2367f3dcf8,0.49624370747026725
195e348e7e8799ec,0.5224238779570667
e5e76104bcdaab57,0.5096104075276662
44320a380b794e9c,0.4807005188712641
9cc6ff311b41ada9,0.549739694149856
c96f311cba0cafca,0.5680848202309939
c031a81467a89e2c,0.5133270989596688
fb63bee7c46a4c26,0.48518008409122726
a6dd7d03a9cbba66,0.5113869779710932
8e6fb6ae2605447c,0.49026900336323265
1aded90a273df2af,0.48159137448704925
ef36aa7b559793ef,0.49404601193823217
c83bff3f4407d9f3,0.5183163412387494
096c5472dea5b853,0.4769034074382478
a74f1c2a4b4f02cc,0.4581869146062876
892f58de31b930e1,0.48962023476812233
80ea88d3721604e7,0.5831019707392184
8573e79a2dd7f80f,0.49489409216002866
c3f3e45332b70269,0.4626315051218155
4bd278d4b570a445,0.46481850998725305
9f31dab4b8308a35,0.500656415612665
3e1e65234c60570c,0.45070287675301546
da6c10bc43993e04,0.4676113501215158
bef249d67c6ef065,0.4782111065100114
ae3c7793c16702bd,0.5014523329869844
d87216ef2d4b11d0,0.498448852883584
e827fd0225e0da86,0.5570948220558839
7a80f9fd33508cf7,0.49285423754626145
e1dad3013ef85d4f,0.48594604287593013
b9974510a7fc5ce8,0.48430171173005565
9b3999f63722405e,0.5102550160204888
1b81e457b96d689a,0.46920479445758423
74a6cfe72f9f6f2a,0.4944292944822182
8c0bbf2ad21fec32,0.46615567899871957
5d1229a93b67cdb6,0.47296137192516596
320d7c2b82b73fe0,0.5658337260871553
bb35a2e63ffe5154,0.5807957743366046
016b3248ff4b7672,0.4894438051150487
67309410cb3faeb3,0.5374717134521562
778ca5ba8bdf180b,0.47309515599403906
c3d49bbaf6f7063e,0.4606494281142013
f40882efdce34dd4,0.48235640374685806
69efb2a66ac704bd,0.4928109389817138
1f4b3682cd07c868,0.47932172765586833
a8c7c85df5bd4c79,0.5028234216789987
c147ef6b4e1014c1,0.5179333767704921
044dd5e44a5027c8,0.5363053055214274
230c8a7d71774bec,0.46520667271805904
6e5b480a229490b3,0.5276687628545002
51809ba5897de040,0.5413084415248289
d5ee674aed1c9689,0.5283566249510493
fc5e9015782ee132,0.575972441375009
2fed52dc33189705,0.4748668815149457
2b11d1b56c87f074,0.5261953827113677
ed843b94224b01cc,0.4940862668356475
074faecdbe5c44fd,0.5026699499764924
5b0192a82affcd1e,0.4754351014057706
160f3b6ab6fd5030,0.49813167873943254
5f7c7007c9c1522f,0.46204748742748725
d65f51a5c97b2804,0.5374768594669597
e67436232e2270d3,0.46393910870649524
b26939e41e0bf5e2,0.5248116195158633
3da52ab2b76ed825,0.44747043657422836
087b467331d4004a,0.4886898545063545
6eebe2123508ed1b,0.483539222066359
0ffd4023dc8a4c2c,0.5604275932637846
4b0ea29dc1c04767,0.4852566872861783
d9e8d2716caa443e,0.5297752548820323
f889e89e43d399d0,0.5247373966712455
6a4b3c906bd34d1c,0.5535925798512702
aa36b482ca92352a,0.50543561373479
8edb94f4fa9561a3,0.5230497187538036
ec692892504f262c,0.45985915928359256
456a306573374ee7,0.5961561998791884
80dc545188620169,0.6112526763212336
e196d72135775042,0.48844893108650445
f4f2f061779362c6,0.5103180640980849
1df351863d8a33b1,0.5003499855045441
3982cf795b781471,0.598402625287596
c17b6237d425aa20,0.6176661495034869
d4241a51c12fd5c6,0.48340130922519453
867052afc7fc7b57,0.49201650557111165
bec705a7fb514adc,0.4971667162899517
2011ffbe5f1d9688,0.6417510203964054
e3cbab38b70acbb2,0.5031980826664637
bfc6345a6fe97980,0.48999817477603014
96b029a7098c21b9,0.49153490605228267
e36423cec8b31f66,0.47139467813892755
1e0846b345ef32f6,0.5119953425343752
7fb366d89f6787d1,0.49594921926722113
130bd692b20b29e8,0.47691465408552713
570ea25d981c8bfa,0.48351289317926827
a97728bbea21b444,0.5134454815107645
49a40407e4c91f8e,0.5020891765860729
061856865fe9dc41,0.47740158905361074
82fa919fa0180428,0.5515150357092644
e30d88080965fb86,0.5761188151485636
4ef2c4a0fcbd4aa4,0.5198036039313285
d0b5bddcfb6802ce,0.48666800393535337
e7694efb758bed45,0.5333248285930968
89524bd25ec51446,0.4974771948933847
a9e50781e6013154,0.48572220578246894
3ba59825508745c4,0.4818479570311218
615ad31ebc78797b,0.5023707688480852
982c8b8e3779b036,0.4593167548709747
e84d2cb24e2672c2,0.4749073902280554
332c4c7c3f89a5b4,0.4921841240860766
6fed6e8612ad7827,0.5608619250599894
b70651768e3870fb,0.5024380322655454
d79db798c5466024,0.45572309302218716
d729f57eea40cfdb,0.4737443382339417
f07acc9edc90b969,0.4888787563650394
08ef61bcbad9c3fa,0.4470498715789972
30b6ad8da6e269fb,0.47359583627013313
ff7f55567ab86d81,0.490607436975931
29bd9994d6755b14,0.4910569187128848
23cb3c46d6279cc1,0.5084795753940197
2ca29a27e185ef03,0.5489269792672815
a9f1ae11d8af470e,0.4939926370569636
25294ef7974c7ad2,0.47522806107588744
a76d6e709125bd3d,0.4943419475714699
6f8d2a6a6c7d3b4c,0.5276411977690955
afc534c2195cbca9,0.47206640180068216
b8bc198b7da89702,0.4955362390047904
96b999fae89da8fd,0.46952355148100966
8d726a52776f393b,0.484730239428975
93609d5bb0c48e1c,0.5541050875233032
167a9e84195f2974,0.5792663871075951
a7d4a0e9b3b9558d,0.49000388916993853
bfbca764ca4d6c27,0.5425208901215284
b16efb723108ff92,0.4752065670658706
6fd76c703ef5c773,0.4706435770528594
8c448ef62a49ca3e,0.4871860252253706
1ec132e44c2f4fcf,0.4972859767127764
91487b44fb774c7e,0.4733064149439544
05eba77a747daae0,0.5085022399657453
62cb2f0d4af5d2e8,0.5163263574963517
f04bdc4ce19bfcb1,0.5392225847427591
9faa2394117233c9,0.4742645479225487
9e1f4f2cc36f0c79,0.5347989675902975
e0a1b4c9ddfe48fd,0.5376847621399788
86ac26e5f5b8a6c6,0.5209257187763946
eb6eceaf5e4dca0b,0.5718443543223559
5d668277dfe38261,0.48228702897834297
16c93423b6eaf26e,0.5056795828989963
0174250434b64781,0.489747580739862
907020af0379c8e0,0.49605169764781043
a77e366120cf7d13,0.46367827282868046
1093c4ecfb44e19a,0.4959807869071453
0b5041bc268f4201,0.4643598553082714
eebc2398b75c0471,0.5295590547683563
c0f5a10cb10f80a7,0.4644107101327162
8b3c40d32a507d11,0.5267165848595782
4a6645bfe6aab946,0.4427306416682295
1ffdb6facb379a5e,0.4879348311671169
ad45ec491140cd13,0.490594734951594
d2b0068436afd9f4,0.545315803290587
194c4cc60dd758d3,0.48658326949133524
3da02e1a645650b5,0.5265036996157
9c0c032c6de604da,0.5129132984329591
6d94ce232c112dd8,0.5511948724597597
d98cbd5b443b891d,0.5047118063722493
d53ead5836563dfc,0.5236498858610986
aa79e93dac6e2f6a,0.46425443840078406
c085746b827e4a5f,0.5939177354568633
9d72c080b4c5707b,0.62397231642304
f2b793aad41bae84,0.48918020800644624
9e146dbadf99f273,0.5128611959407561
a5cc5f11b8e76a14,0.5041662170142915
b3042a2b1b4ec5db,0.595156863453908
6ea25c2e238d451a,0.6251099710924847
872e30e1514f532e,0.49038978486349327
5cfa15d810b14a3d,0.4883687769542677
6539bc9b7503af64,0.49799268992648194
e49b2f542591b57a,0.6492456889301388
60e3f772c6edcecd,0.5003812543729688
df3fc39b4b7b735c,0.495380523319251
2aa52fd42601e568,0.49620582454787066
dd0dd1e85cc83b9a,0.4773310075116408
5f2a8db53962347b,0.5125732984458148
bdca0ab47a756254,0.48972583420498017
aa3923f393e6c826,0.47816216073566375
d0502b350c50b5b3,0.4856545333786306
e3ea74340652753d,0.5150747234555246
de372267a2fd2683,0.4994586827615036
0d1aaba51463e97d,0.4710555231131025
52d7b372ae137a2d,0.5440800816097456
457f4b5036e2e1a9,0.585597527328841
cc3b5fb1dedb98b6,0.5218225841987152
632a934de9f00b6a,0.486922707539872
054aa1b27bd55c5b,0.5312048733812957
aece4d2181df609d,0.4978002242772792
efccea5e4aa6fc00,0.48465838462132327
668d5acdf65281cd,0.48567631336577366
e2e0e4d9fbd75b09,0.5089131538022422
c6fb164ebf72ccf2,0.45940932260946177
b01f991b18e3206f,0.4742407528022853
0d414ef4f89cf63a,0.4904922943798913
394ee228c65040e9,0.5670104993512832
7fdf4b6703ede62f,0.5020843355045486
4209794e7ea3d872,0.4611986343606199
02f26eac571c0ae7,0.4696557427577359
a14c530e250f45b0,0.4917890064395962
a8353314f72c99cc,0.4487310381635583
4a52492a2635b26d,0.4706039517938001
88a6a6437887b486,0.4903526225344843
645527b2ccf91144,0.4973978621365297
cdceed0bf0972194,0.5009383697080756
2fbff16983c22429,0.5452334122594199
762004452771e47c,0.5002226160014492
ed4d90562a3e9650,0.48742953675742906
990a7c1190ca3ea3,0.4995941230495582
6dd036ba0c0c6df8,0.5270817679233903
a32711e04f20edee,0.462981996695383
f70f2329233aacdb,0.496171883766803
1ba6e1f8884af0c1,0.4717723059437393
c6680722771dbd3f,0.4841876519210706
c53492e9a756ffb6,0.5764414575751222
b2854433762c63c5,0.5858609615782887
a2ab77c906f201ea,0.4898178698085378
0decc0def1ac3bf3,0.5329569938116218
1ccf3447e5e25731,0.47447208582681777
b1d140008fb2d9f7,0.4694799741823874
b1bd05ccac72a7f8,0.4906311035702404
7a173715db0f8970,0.5063025674312007
36441704ca2f5933,0.4780691117922391
cbb9805a45315c9b,0.5016017524056082
e3a5dcbbe5f3cd83,0.5158460190689401
3b020e23662e8613,0.5359885053305202
3e9c1e30d4fe1d70,0.4735232048525877
2717d099b3031a34,0.5332135458232683
f457ae7e07073e2d,0.5488711014256318
200140e6126f9d88,0.5159715433439207
b322108f71916077,0.5892056843801792
d453b8bbfb30a147,0.47827425802300916
3e1fff65da9da28d,0.5056861569984268
b37d626bfb88c7e4,0.47836327946138113
1033119e5745c238,0.49169149377111665
4c10b390f11ce674,0.456484439691059
5044e8821235cb82,0.5013109430438227
adc3c9d33d2bf231,0.46258284945733963
70b895f3361b4758,0.5245371514525883
04632e347bf0eea9,0.4709359681451961
637427e437f16dda,0.5207276038885794
12872528f349c63b,0.4592027996710075
b58a9153a1195c55,0.48510079279917284
23ab27a961d0f0ee,0.4921946513271541
2e4a02fda4134828,0.5403598650085892
3e657b2c828edc8a,0.4816034992867553
3e9f7aeef4237b47,0.5296049859194478
7463f6347169d664,0.5110270324746988
618ea7f29dd86378,0.5556007089058108
deb75dce7467eaab,0.5052755120759916
014aa8a46bbf5146,0.5187222412290129
7fd8438870b4e1d3,0.4698422507555654
887c7ce48852699f,0.5880268844988287
01221e0c6b9ee5be,0.624886622154077
89947e9efb89c8c7,0.48813758230201054
cc52da20dede48e9,0.507557193808179
0e83684162cdff83,0.5061876547907047
ef01d51877d77718,0.5890858023217619
e764c8126c206d40,0.6224397999660878
888d31570ef6970b,0.4892367329675855
25647017aeb819bb,0.4868067520735614
027046e3b9e5d8e7,0.49684468439771823
4a2c72a7dded82cc,0.6521124883863818
9fd7933b1da6798a,0.4968741243996202
3ba1888563d39c93,0.5032561729940604
7813171187a7ae56,0.49669703751863603
1adcd248c43ce953,0.47501864908962244
9439f4fc8c67d8ff,0.49380993416063435
822721ae4bb6de3e,0.5009515722025843
f3e0c9e8d9cb9793,0.48323290985184086
ec6d3a5997e60dad,0.490387261422776
1372881d95b5971f,0.5080486582489396
eae5e55d184015cc,0.49991214082552227
2128d0fdeeea95ef,0.46971864659272833
c2a9dc94385307ce,0.5520516618606366
593ecd22c8eb2a8e,0.5857808189055201
63c84ee9e03fb961,0.5195944747863447
cd18293d4378aff6,0.49151201314775106
120ac0bca0d44291,0.5258995166420783
b240f5d01a4a3d71,0.5008023169253066
fa1dc588dab2ccf7,0.48461050980847753
35faa40ad1d21df5,0.4807546073599278
79c47edb6568108b,0.5098402323106092
3d41d0ae8547f042,0.47470026579562263
f46b255bd8ce5c91,0.4760800434139323
4d9933c528655300,0.49199441622296824
8c8cf1895e56cbd1,0.5805560259092517
d1a9224d866ea01d,0.5030954806579768
e1907f8940fd7ba1,0.4576760651066465
81fa164b3b0183ce,0.4817954671418412
03bd1ed77a62737d,0.48540135892229985
4b4b828484db945a,0.45875026994208234
1514f7340622e640,0.46955264691010057
d6d27b4c3d700254,0.4896567023969456
c784c1fa137fb68d,0.49631953941478457
95be922891d05cce,0.5085362123535292
131886794eaa875b,0.5389743545099884
dc49e3d6fedd23ea,0.4965193688922138
efc361fbf9f5669a,0.4792945734427947
a3ab4a74cc223620,0.49764107880114483
6e71b09fb6ec5a20,0.5275644690227079
64b326b19ee53c23,0.4592861211093753
e0aee8995da26ed2,0.4963858973811779
c49ac9bc5f121847,0.47501193004609465
5ebe9d0199b51a60,0.4872307760513679
9272b59af09722ae,0.5711020087268458
e983cfe975404542,0.5834710268493783
05e552ce35b41e0f,0.4825675206307358
134f5e1ebb2a022f,0.5350305980719892
52d8cf1a675ced19,0.4776694751449786
14c3fef983d217ee,0.4678233194308651
9ba6c72c78e79edf,0.48601688203370086
ec7e749b0c0fcf2d,0.5042796305866706
2a3a1b853d275f7d,0.48715572304481225
bfe07e775aed2f7b,0.4979105530587752
d3e5d60364fbbd97,0.5139473443459991
ad8d6aee98d0400a,0.5347457392750092
05fdbef910c9ecd3,0.4726442337709178
a56fc2fce1904a49,0.5381831635984882
0c1be7377d60733b,0.5415400479718546
4fa9fa17a80963f9,0.5186353145785398
594941836179d1dc,0.58683607848326
9e9495af3a163e22,0.47998616962939067
041fe3617073827b,0.5202312665634791
2800fa0ea4c29a64,0.4842511133323373
c8743f2f2922bb83,0.4885121361501116
403167ad24a18209,0.46154627452684394
98fe44c4d119c1ca,0.5001191706212507
23f2732983f6c882,0.46738722040021397
d5bfe4509b6890d7,0.5276769490786506
58eeea6bcbe9ccbe,0.47910711261604644
d87c5f320c075522,0.5132931403657365
48939cc3ca97bf11,0.4524389433401905
388dfeef4d7553ec,0.4799057116295544
7ab9df73b93cddea,0.4889278501717833
70c4e4af44c1fbca,0.5357633104143087
241008fdbacab556,0.4940718395103305
141059ccf05723fb,0.5392441105185453
188a56ddae026226,0.5017701337424524
2b0bcd8600e2dcd1,0.5406067633328822
273256ae29966851,0.5036283131418299
f168107ce2a66040,0.5164348223647001
af96118856738b69,0.4672111685399488
137ce9f4d5097b45,0.5605022463778229
be08bca7c4805a28,0.6364523431017888
581e102f82142407,0.48808261920012597
4774d4caa218c3b2,0.505735853052426
83d7bcd8297e0d28,0.500397129184915
5ff2c89030c6d6e0,0.5862627129945943
dd412141674a59cb,0.6143389174685983
2b1cb578c9d5ce4f,0.49886519167403054
045a2423c1d320cd,0.49962186242811835
8a406220ded407c5,0.49209445119458284
61fb0c47545c8976,0.6603664947316388
3c0e0855d4f935ac,0.4930018867822187
8264dbf885f71d7a,0.5096509647090302
5335c7610b0513ec,0.4936548534574018
fbf5615d0c1cd042,0.49494512179310457
c932762c4272c771,0.49986674916375506
f52e265a8b74a172,0.5041585640500614
a162418b79923d89,0.4662671285552349
f1efa6327d707354,0.49055952487267307
0cfa88ae8bcf356b,0.5111326212358275
91c2b39fc56c5e52,0.5029899366189697
6cadcf012e2f6b24,0.468052014587224
1cd957700d9d8ae4,0.5352245686188629
dd62624e146abfc8,0.5948644602288748
a4942bcdfe159b12,0.5210159311843127
bb800c8bad7fee91,0.47779287723280284
7e3f1f6db5b8b98e,0.5255417923926113
ec3affd12bebb2a9,0.5039474316226396
050ba498db52260d,0.47953903586396185
4de9e98e8f25ff5b,0.4852733877613573
e5ad9c1516524169,0.4991139331582777
e52a03100c503d80,0.463370968925074
611e6c1b4b4eb5b4,0.47350344156391677
9c11bd8023516093,0.4842567105062603
45f359f74d5f5d00,0.5841160184678511
0f97325c3031fba4,0.49526713700648317
b4cd9e582bd5d639,0.45961628153658607
58501a94e1f48022,0.47032332522150333
2477b76194e79db2,0.4851388035699744
c6821b1f5a2e369b,0.4549309053599382
85087e4ed5f568ee,0.4782994091514067
e600b8fdec4d909d,0.47870685471596297
fe78c9918c640515,0.4965098620665569
f346ac27e0bcbdd1,0.5124748645580894
284449382bcbd2a5,0.5474969253202657
d20b9e491fb3aa35,0.5020457326892067
23ba6406bd4817ce,0.4839672721456958
ba8871a21c70a88d,0.49088083202628985
7a48d3d28c2fc1e9,0.5210316378642644
e9a3d8584cb2c346,0.44860803728563337
76b5abb17ac3acef,0.499093386603467
7804c827ebcff60f,0.47887642023599897
e613c81ba14b19c2,0.5002410991590427
259d82602b272fd4,0.5610310591899491
9bbad58a3dc54568,0.5683687260670557
98c7f49633c3f91c,0.46534981605442227
8eefa58c333428da,0.5362651913778225
f6111a88c22211cd,0.4780946971748583
26732c67927b7b0a,0.4737642756481264
0c81126dd7c2e63c,0.5046316674365852
037794ab1accad6c,0.5173211290064612
d6d41dbafbc56dcc,0.4848817822677036
653dee23ec4a3c35,0.517701408911481
45379c8fbbfa6ce3,0.5089063267540799
20791e0053f295a0,0.5277223569134132
e5f31c33ffeb16f7,0.46073356716636527
a860caff09bdc135,0.5262227880895789
77bf46463fccf987,0.5386880842611999
f341d0fbb8c1a394,0.5206727385018326
9a72753823d622b2,0.5933098595696777
388bffa3fff73f08,0.48549639468079975
01857b4adbf810f7,0.5117084490742733
e75ce22d71417f3d,0.4751145720309776
1be4e7d69608c773,0.4911922813335631
d3301ec2bae5a4f5,0.45950619349234767
f5836002e069234c,0.4982317591728317
847cd8dee794944c,0.45495278696435326
4dcb29f3c02076cf,0.534121600741026
b14d386ede4e0f2c,0.4825711790169471
50acdd99d99eec59,0.511590713113273
6393f41487a00fca,0.45867997771605884
becd330aee87c122,0.47364007167376565
015c6c09e8f29fe8,0.48677213380070516
53d65d56ab3a4682,0.535487804924278
30c5763cd8eb4eb5,0.4873172061484956
cc504d370e26cd31,0.5426536543537789
a1dbc32495dfcfab,0.5135455060351425
07da0e8d9ef781ed,0.5180720454791328
9d10ae554ec1c5a6,0.5012887596610526
3ce0f66dcf6f7463,0.5253341434244683
8230f855239ec233,0.45950112590639447
f8bcd792558ca3e8,0.5845666604929549
f6a11137e2d41c0e,0.6261752199027137
47deb61a5af21a5f,0.4915380478457163
699f49e65037ba5d,0.5081373435377763
bc4c99c9a3644eb7,0.5018158333891896
62374be2329e6b07,0.5966641085318769
27d3bb6e28f17549,0.6138444836525201
a1c61a6a87378540,0.49504745797129013
a58d7f439dc58b14,0.49096366018864623
f35d6fbe1579291d,0.4858742796141291
4887df4bb75a2a6f,0.650944941582611
00f304ce4cd99097,0.4901159689508263
d316015d76a3a63f,0.5014249941753587
d8d485cfde9b7288,0.4918147640629871
54e3fb8df7b3e762,0.4962238323666355
61701c55af1febeb,0.5013376520092596
af35a21a086a27eb,0.5036950572000456
554c73f0902784cb,0.4768715071111105
dc872e6be2fc678b,0.49324204992389653
ed8de6d152b63295,0.5152439354514713
0dc87f0d49151a9f,0.5017401961550028
70934a46c013d145,0.4629472195354999
b9c431aabbb54690,0.5396323188301853
a6d8088f6958672b,0.5941193342376491
78a021ea1e6e340d,0.5193053911510548
2ca9a166cac685f6,0.4728718113306851
d96f8557d23f5d64,0.5263913854995916
5afa43a45bf544cc,0.5104398698308328
25d53c9c0cd0b5df,0.46514728268440386
d9113f78c13dafc3,0.48598615673696066
a3c4c0bf5c46edbf,0.494575692296059
8d900bd40cdf03d4,0.46174156468245253
80c05dad24255849,0.4734627282375877
1ee818e4adbc6a7c,0.49172695882071704
e239e96fd5a5c5ca,0.587965447925878
40a71118b5648261,0.4977126632278033
b593c832c2d8232e,0.46664417542241754
84e19416d8c7bd9e,0.4868836209260061
4f09c220ae8bc6c1,0.4906883691832221
58cd60900938f292,0.45730822791633696
1b4ff3aa5f5a0de7,0.48257171122416187
8068dfc8fc31f436,0.4805219232213944
d14d487fa051b298,0.489740439159831
3585ef5f566f0cf8,0.5118733646440279
a33ce2d4310b760a,0.5499947094619686
19dcbd5495fb38ec,0.502508904188711
12f732fa79875537,0.4861128126734924
58018587e0ba9f4a,0.48141611719268496
ef2fa3682e237125,0.524252539322001
f59ba9b68bf9b3d0,0.4612976440291783
3b5c459c068bc576,0.49593665203496207
92e13952be667849,0.4772412454964614
095af757252c663e,0.4879484302845739
23d3812f570918a7,0.5615236877267634
dabe26feef58d287,0.576144827964988
f52069c076b0c658,0.4611517197342794
15a7bedf553319b3,0.5358007056233773
cd60013209621e19,0.46577765691957995
4fffd580b22172d4,0.4753847795637949
3bfde4df22d5a628,0.49069800438012834
3ed47030b7be9af1,0.5124902626397407
adddba597572a9a1,0.4931727174489927
00e101732e53f07c,0.506519996287436
6718a2eab86a6420,0.5144945497420561
c5961e1a30fa91f9,0.5298409094345399
8a45c573f9238e27,0.47565045860529365
6273d016b610c06f,0.5281992074575393
5a89ecd96d95ecd8,0.5440722288790374
2834e8698faba6ec,0.5168756701916162
6857286371fed71d,0.6074180516767422
dc2b5eec9404486e,0.49815852351546663
47ea7de073e9e78d,0.5054734652001919
0abf87fa5fb5de70,0.47869267725151476
4085f3c1b4f83048,0.4931417912928958
0a1edae815cd68b0,0.4486815294303437
8cfc65ec28326bdf,0.5031543212287432
276fe3b5af379c01,0.45465587910192506
70cdd61dcc50b5ef,0.5357337827043112
dd7f2023d710f5ab,0.4657028063458455
e6c58d771cea3ac3,0.5042871750227178
652934c1276fb4fd,0.45257956786543174
33c24ae279a7f8cd,0.4774521666338496
0ba6b1a456ea8247,0.49298172974317656
9c6985d2b7f249c2,0.5301019565919244
ac5523496a1c2622,0.4897557679948119
eb14a211fd394239,0.5372604026071126
63ae64377c711fd5,0.4973684661461921
4bed247f2fe5d50d,0.5095885571747742
16d678788f319d54,0.4947334708956903
ea610a26d69716cc,0.5294690296585107
a43704af2c01aa14,0.4568104621629564
4e75e57bda464193,0.5948531582558864
239794e62b99ab21,0.6287076742124867
d0465909b5cf9431,0.48903591080991715
e9bbd3356f8d6227,0.501490829418846
11d49032bd971a16,0.4979107317036702
038ccbd1f46022ba,0.6038610228119201
434175254850911e,0.597032852210144
bc53962e2cb4994b,0.49058536650444795
5e886c2e21fcddb8,0.48849290685083036
b68bf7d20306d4e8,0.4927301172798645
45963d6a730a1d62,0.6455093361561892
5c1dc4a2b77b1075,0.4901518739479389
bf7211adc0683769,0.5057164426469694
690b7c90898bf128,0.4845620417478109
a719b045063a8844,0.5035780217974778
b4d565f1ef9489a4,0.49300833531729926
eb80aa1d2bbb0bdf,0.49855136095219266
4564e251f12612ec,0.4836797220673734
ab68100ba75ac8bb,0.4928335029548604
d9e2e38380a3f619,0.5066825680296044
00158e90728a3c00,0.4971533820731209
14f6e470559c1c00,0.4605283436440797
6daccffbc559c361,0.5342772618946975
3ca5144b4a0f472e,0.5830650733558937
9bd65530a2f75422,0.5072267089316231
6a05b38378b7bc61,0.47721184561483376
846e7daadc6b3291,0.5201927427636477
ae702d2f4ec0b551,0.5031225312799393
a152bc1a141f8527,0.4789999347705396
5c3c4d5c309186dc,0.4820240692166333
74309252c0bdf697,0.5093776400470554
3117d3f653d3f770,0.46848819692355415
839b9be24b8ba335,0.46531436179790364
d649a4d3dee26c15,0.4807795251599021
80840b661abb01a0,0.5831774903957236
bbb0caca13ca92d5,0.5064947800184798
83c01219449653c9,0.46196516084402117
7648b7f7c26606df,0.4817662143507222
feb82d97aad18006,0.47654766181041175
1378fef756e18fea,0.46380029525601474
7602212ee37ee4b9,0.4764418430753655
43b8f5e6b8db8570,0.4691804179092687
ca4d90d62687902a,0.48788800612157424
c7e6628771d8f9e0,0.5054051306709745
19562aee9e200845,0.5494433471397433
e3c8ec1dd76e2919,0.5025692851910522
d698bda8eefb2248,0.481395218726516
49605317e19266f0,0.4855761581004028
7deba74f75d11d6c,0.5202848783708725
a0e9ea904ab4a533,0.46533788223418204
007d31f4a59de3f1,0.5037988914396363
0fce53eb15dc35dc,0.4745944338263761
c9cc4673edfa1834,0.49606792192979043
285dd537af89db3d,0.5637938264271474
2e05e3db2f4bde96,0.5729458104182001
151fe8540cc355f6,0.48460763568385734
af7c11e1d681ac60,0.542185917218083
61bd1ae8a438e4c8,0.47557455044856256
8e5701fbbe68b774,0.47470291145705046
e16701d0bbba533e,0.49188989880842393
fa7e0fa793871f0a,0.5159594553115858
0e95e0362ced86a2,0.48893404329296075
66401ec4e474c62e,0.5060331888966771
b1e83702429c6068,0.5139314429371155
e38bb085ad4d45e9,0.5301505717506789
8cee4647119d8113,0.4772866550584931
b76f6e7f696fbd6b,0.5242592531928885
5d056131bfdae600,0.5293084982005845
69d8bbb124a2170e,0.5189440782219712
2e45815872508094,0.6007066779692009
2172c1dbbda3f078,0.49662034098580343
3ce147648bf6f486,0.5151128993331591
27785d248b390016,0.4923723471828232
5bc08025791e7bed,0.4845463720664419
6b070b753c71bd31,0.4514133494525331
68bc881d2c9da973,0.49792368971370427
2b3bbf4d684caf29,0.4694392024249805
d8458a1b2897df1f,0.524418147333531
3fdae11002cc978e,0.48108667744217115
3a7fedf37db870b3,0.5032138659139967
6331c9e2ad05115a,0.4540558556776204
7f796e8ab0b26060,0.469982037514318
f0b263ad9c826967,0.4980449374271413
e331fa5b2406b5d2,0.5457170437994631
2149674b12f9d4e4,0.4852368149981381
0238bdf313e55da2,0.5346398566986558
df94320d9d376701,0.4932181550658731
95906d8d40305714,0.5119155341095291
741e419659a233ef,0.5104918402240466
22be72cde2fc6ff0,0.5243679073121287
ced731cf72bebc90,0.4452010501129444
6c9bb455cbdfc981,0.5872650544786082
59a7387d51750b1d,0.6263052938755864
72fdfcb8a56d4aa5,0.4973237566795088
df72e3b6d7b8e8d4,0.49830701467130467
4a8b67347d1efb70,0.4989348051571213
4ff1b0ac80a20bb1,0.6001578887097545
2d3a8e32f6c79731,0.5982008887996486
b52ba8aedb54eea6,0.4899039063694761
ff01ef913ea67284,0.47974927576245485
bb431caaed9a6b14,0.49758971608130886
525a7f87e03bd9de,0.6447721916805536
679aafe28dadc618,0.48740966934201624
d80c1ed83c88248d,0.5100237987917722
261f59b822a466b6,0.4791818513719188
c4d191c34a50a55c,0.5063361465458713
527f3a5ad94fbc79,0.5024708110917464
102031a04f7483b6,0.5020085944714532
a75bab2f8f202dc2,0.47680076078609024
f7158d84ee8ec71f,0.49779446982017683
aeaccb6bf18aa563,0.5107093291352508
834fb2880c17ef71,0.5065545218825606
83c3a945153e7d42,0.46669657845972856
1a72ec451be2d7c0,0.5295862215865274
bbae90ac5efb7f61,0.5705468214641312
9ca552401785bcf3,0.4974453818933401
16fa5ca66cadac31,0.4806018413357733
61281d822f7ee496,0.5196002920666031
e28a93cc63a4267d,0.522240566808446
1695a279988f6ad3,0.48882472921462883
8263cf68efa5e5f7,0.4866497517100553
23e87b65e7c6338d,0.5175148504766975
bc01a04951d69f5d,0.4702033309242831
4ee60d7a5d4a47f6,0.46718030188974335
dca59402947d4d49,0.48578924037582716
487f11bfd0cefdf1,0.5789838216787774
1e4552ae292b06a8,0.4947928250666789
aaa2c352d0139d61,0.45656150094937287
fb98cb82173c98e8,0.4879257808735882
bf3e06f8c2e3aba6,0.4861401422064313
c8a459adf38fe044,0.467526140155342
1778fdada2aa5b48,0.4745579049739941
6b9c371b755acb54,0.47729642330379296
53908031bc1392bf,0.4800810278517913
1b2f951b228c2b72,0.506909418931492
b169358126c6c64b,0.5450623416821906
9113910b6aec4b27,0.5072206679668483
470d06da4cd1e77c,0.48365261377269086
914485185411b789,0.4846124417988673
6fc22615a32f73b3,0.5271432518525585
707721c915583b4e,0.4776314456211105
445d5892ebd8c6c9,0.505644184890008
c338742037ed1573,0.4731953323863076
efacf5404e0f3d23,0.47772840405243344
08c1eed2269e4448,0.5483190556428807
865698b6cb3537e8,0.5674987926690638
565e46a00b76f584,0.49031538598406477
92d82ea16cc6a919,0.5244817211261137
400bfa9d1bdd52ba,0.4742418993285389
f1b559f175a76a8b,0.4678246507453515
0ff0c423b65257e7,0.48789673914647125
b946a9858e4f48bf,0.5124644363472943
fedad3483653da06,0.4876002251196865
37adfed78adb0d9f,0.5180700316144259
a3d890734c584036,0.49734389889603636
a4037b75b1d05032,0.5226013042445137
8ff5136f83fc9d1e,0.4787671381205638
becbc52ab3a16223,0.5044415423022893
2165478109d7a8e1,0.5262933184328489
d1407a3658cf12b0,0.5033974405934283
9c4aff06f7cf6b4f,0.5885337458877603
4f6e9d2a3cbd7cf4,0.49256379155245456
fd6946a82c59c2a3,0.5169232628614293
490a9073e3e6670d,0.4858611226012247
83862b2aa8ad01e6,0.4873239841276974
9c1a2e103c9b3c15,0.4440814262295989
4f87308f28e72f2b,0.5053128796002548
133daff85e719b01,0.46072305790971557
07399b4d525e9d63,0.5294753396080605
ee22402c2cd6b2ae,0.46907707453101544
9f6d55b66cf97832,0.5112824393177129
02077418c1f74566,0.4571148510120524
a3f047ec78956f2e,0.47628217707570675
b677a799b803af6e,0.5016457812961798
18411256d9a0627a,0.5383435546869155
37eb933d3806a3d3,0.4882762571605709
1d313f1fd775ba97,0.5290640220603517
48e3aad401b9807b,0.49500981985738157
e6cb2917ed810d1d,0.5081954020872284
dc7f108580c0b839,0.5018648968952965
82d8464791d65f98,0.5230401103613169
add3c4b3fa90a5be,0.4541420662084603
11c7107ce01dddcd,0.5957062883625556
04890e5848997624,0.6266646465547513
bd5f123e6dbece74,0.48960160495009053
fdf6fde11bd61810,0.4978796530488092
ec28ac4c7635aacd,0.4963071470649797
17cd2014b5af1dca,0.6066129525847488
626c3a799594cc42,0.6063207067449782
1713614bfb31a227,0.4840623201021621
d54702ffe1445387,0.4892772843871539
3898d885001a900e,0.49260809654270077
cef041dc6f55bfd0,0.6428884972499026
da5e6ded8d53f3c2,0.4790203624087046
732353db9360515b,0.5089930069451283
a28bc00a53f8f8a6,0.4785056525853968
afd01d5572d37fab,0.504143819863334
3f2d06d62cb1aa38,0.49521489216128056
ce65bb1a755b9b0d,0.49678333680036735
ecbc9e01f35e09fd,0.47486363896506756
08223426cf3be3e0,0.48999407194301114
7007f24f250dfc48,0.5101798092792297
ccd9861810021131,0.4967990929681093
5f3acab27166fa34,0.45495844357898474
6bc4633c407c8545,0.5292784515713898
6390f7c8a11655d8,0.5764569243449035
ff8b526ec82a8afe,0.5122037572949636
12add0e174e84e71,0.4896183489082435
405cab45a2d7664a,0.5245560909929504
5d00ba80e8e6b89b,0.5211367190753515
4806c3543a1123c3,0.49031543696340574
80950b336941c8f2,0.47963870076228043
ee61e114fe3d320c,0.5094745659754999
29c11bc64963ef0a,0.4738744246141108
d1ee803896415ee4,0.4619780741558088
ed2efbe099cb2a74,0.4790549726123067
9c85d4fae8bb281c,0.5916368652045504
4c453afcb6d5db28,0.505885032233218
25c6e73a135e2ca7,0.4583023170209788
502f767077df249d,0.48892009892624455
807facfd2434ba1b,0.48714626162361896
aa5f1a82eb4bf5fd,0.4700173370471812
a338fcc19862398e,0.4785949874511737
c8fed146db895847,0.47514758063955576
404f63dc82282bda,0.4914104985770449
0588cab7ce05141d,0.5072453731057974
27ae51442c8a3ca6,0.5513721859368752
594039c70a6bbbc4,0.5029863461487859
840b7b0d45f033e2,0.4797321800154012
e6d316f4d3a18409,0.4841310982533059
9cf413ebc16ad31f,0.5242977147863196
a63a21b61c258719,0.4745960916693639
87354391dd5374a6,0.5040509964100203
6f674d894e54bac9,0.47754911519486487
d489d0768928cee2,0.48295732390059676
4620c7cc5e23bd96,0.5545688778508775
522d3462255f92fb,0.5783328294551181
4f4ce0eb6e3165a2,0.4886020094742025
7e217ef65514a7aa,0.5304376816482403
dbdbd3c4275dd1b3,0.48322709312213785
f077b28863f5e815,0.4736006679730559
e8350f1cfd753f74,0.4893333233363879
e0641f3e656cb56f,0.5182533033095749
f6287a0ce8fce250,0.49419749779477096
456cfc61184c79a0,0.5126462451897069
2c72824b44dd7925,0.5048108866753359
254529cf049e4e32,0.5217631383415897
d286651993d98d50,0.46830478331725955
8cc95bb0448b2c66,0.509475476205014
8012866d89dc9c1b,0.5366590327193914
055d07d4c404b245,0.5104197935587085
6c29aeb9de7bac7e,0.5945219453480575
1482bbc60b71c981,0.4961486448362711
1793f96e4935a48e,0.5084062301832913
b19ebb1be41d1ebd,0.4793338078770306
d573c6db4a44489c,0.4824539503594998
a8ed6ab6f08e27c6,0.4475102872911123
52181775eac65da0,0.5055637599255374
79d51d6c7678cb0c,0.4601906412851132
3f3ad78d320654e6,0.5239323542918066
867fb9cdad0af8ac,0.47218588426089014
c9e1f8464c1e69de,0.509429381738368
737ab8c62ce3cf92,0.45625764619174347
d1f3c041d7156d7e,0.47297638567123934
ac4e13217fedc25e,0.4996632417005302
8eb92201d872f9c5,0.5240888952674978
d8caca40c13a02bd,0.48204258964287994
23618aa8e2ca1995,0.5227444989664701
55d39666493477fc,0.510293719217118
61a505e32315fe3b,0.5019886785314248
c6489b17dfb7b8ee,0.48880591401714635
0036a8d21fd60c3d,0.5133574787909998
83efa636ac106ee7,0.46642894515441724
4396686b76859fec,0.593983747459819
da2b051c25a979e7,0.629919041513963
f0704169fd33ac7d,0.4940102242038188
27e353b7b71cb1ae,0.49078413588149783
d66e88f44beb384e,0.5011081390205372
dc9cc39004b23ac9,0.6165989954448852
c0d283b00750d60d,0.5986441564278868
920723aa9d208ad4,0.4886875542162403
5eae1f99f8a574b7,0.4842424478960936
05d357fc138d1c13,0.4920969903052227
e354a3c09acc2eda,0.6493373878973927
28cc921088e376b3,0.4736125960078761
f8826c6cdbfac570,0.5059394762227166
209b96a0ca59f450,0.47996751402933857
f7f9d87d59ad7615,0.501777777556421
8f861c17d791fa11,0.49561680072030356
261830408584c8a4,0.49432685499756746
bde91b590fbcc02c,0.4849808799106139
a1170db622365ed1,0.4942805798621702
9ad8dab5e2269a07,0.4991143277963016
958720aac540e998,0.5022263520115265
b3acf566c7b77803,0.45551406943960404
c341656a54102461,0.5352347087900984
91f7b43346c232e0,0.5877359259322239
5375ab5f1ad52eee,0.5157013978419017
9e95b6b1bb3c6b89,0.4851637582505304
fb853372a24f7d0f,0.5242377148081131
8d5e5c347bb2c031,0.5175386678659002
0ed885a40068d8d6,0.490441041136085
9f90b30e13d0053d,0.4841568898750499
1f3e3d3af55387ba,0.5097685474744647
3d7cea4bc5ffbd58,0.47082078425763063
19d1d61b453b5f9e,0.456065995808546
78445e5e76496ba5,0.47678998467678146
6a2d801bedd73871,0.5948212319765662
95537f6dabddeb8b,0.5136898362860192
8a0a5308cf134737,0.45448730931328174
a028880c8b8ac4b2,0.489773545828486
b67b2799217ff5ad,0.49104084991250563
155db9d0e9a8e61c,0.4755766345449546
06a8da392fc2ca2a,0.4697129669277045
3f0db1bdd7b8f990,0.47385426910616424
256043a03843d784,0.4901828116560294
c75db3d0759ad7fa,0.5069080965404668
ff1959254d3f27f7,0.5605452738987858
6878c7b89e84f970,0.5087937452853476
e8e380777ef2c528,0.48123857842582196
c89b88248d023c9f,0.48516457990408224
2e0d1dbfd5c67c24,0.5124396800720737
6b1dff29bc430941,0.4737222366106565
6df6fdbd3e903b97,0.5064052376515028
1ede841252726112,0.4722523583202973
b456bae27950c6a7,0.48230976959007466
1854f98448bfd7ac,0.5518943090375302
341cb56f356391f9,0.5838695827443933
3d90499b960c91f5,0.47614395637856766
10b18783216ea2dc,0.5445163498096274
4ec2fcd7b84ce44b,0.4873941562101817
037ded7993d1cddc,0.4754592650953403
6e4e6ec2b7145ed9,0.488414130194065
5f1c91e5c77c26f1,0.5143894096375884
b8bf07525a174f75,0.4899301409476029
8ec4c7bc28b0a28d,0.5203834823487994
1b0857b057473353,0.5253443949804062
6ee1ff0c1cee0415,0.5267717407838735
9530540875328945,0.4634514981807938
86f68e15e0dae941,0.5263056026645486
8ea94109168b88a6,0.5368693578194731
b1ef122387c809e3,0.5177981370692831
1014547f4f85949e,0.6037363086209337
fb825c132b548e24,0.49254354190535055
e02dd186df5732fe,0.5064092003608379
09042811e8b29b4e,0.47134724970386865
ed00793b80d3941a,0.4801076252247488
c6167a0d7a1f90c5,0.44708876269980635
42a0efb707aac4b3,0.5059655292229417
33482c17a4132560,0.46861618929526994
8e122f8f85646681,0.5302301166112131
ae5b55115becde60,0.4773640223198845
ce9927d3a0528423,0.5040998137622292
74275cebe788d13a,0.45480996171930665
009a64fd4dd063c6,0.47521504471243736
cc27c19c3e984410,0.5109109768101371
d1eadbe96551c83e,0.5122951975955027
0957770a3f88f401,0.47555964533486206
12d1a0bd44b4423c,0.5228971383775856
f5b8a21a5bad6328,0.5082926968596976
683f8251e9dc37a8,0.5088681026548442
c828bb2d43e288b6,0.4958895249086236
3dce7c6420c89b11,0.5089025295699775
f47685b411147a09,0.46019866455347247
f98e96b19bb37335,0.5840741820646744
4713bdd05326c26b,0.617031048844127
04300df84b96082f,0.49828266580217684
5f5814e061df7c47,0.4885420056798777
8547c6292ed5b139,0.5054316062477799
ac5a9c70d45898b4,0.6236187621859564
a4f45309368a79f6,0.5894165846958619
cc086cd830b5ea3a,0.48026030060749925
739ded583922bee8,0.4733063946255819
5babb8d055774bff,0.4976175659845161
ad8553541214f685,0.6567438886212554
94fce866c9ebf366,0.48908433373151916
5bb84005cf34be07,0.514507220312903
9f5b66b6785f1da0,0.47961499927357587
aa37cab485252453,0.4970953340890668
e5182bfc245eddd4,0.4870182484611162
a497a57f31697eeb,0.4918071744741529
04f29e8c3ba6f28c,0.481347367267808
38d05a9066180b2a,0.4846764836994357
30402a93718a7be1,0.48289045114740636
ec9741ef01730b63,0.499456049172479
670647c2e858ef6e,0.4414295388341125
6e82972251843fc3,0.5418968412417347
1064a9bb7b380327,0.5781521822716436
cd285054eaf87a52,0.5130568691354418
a57fdd7210194a1a,0.5011583653986996
53f85bb6d781798d,0.5217545078444124
6adf2ec604354cd6,0.5106296613158259
32d003bf5608b82e,0.5014174229762676
052160a6d6357f58,0.4903511691513912
01311714a9626879,0.5213125137896713
f77d28effaad0f0a,0.47220143745965515
772d0d5f6367c6c4,0.4650203468650881
b33fd3a09377dfde,0.4768740237319904
711752ce79cbef9a,0.5935308971010756
e1debebe27512aa7,0.5098264644257685
0eeea16866abb5a3,0.45515513298008425
ed1992c88b667b88,0.48549934958301055
7af9516bb6476d47,0.4848506348796102
503bd556bfc261ad,0.45767173810604844
1cc494b78c924f20,0.4792573771897153
54e9ba8fabb32540,0.4665476474217878
da4d4dd92c728147,0.4886024576489878
13a749b7984b63a7,0.500486699164753
693b092b87ba9e9d,0.5493213503021954
8a17078bc2224a1c,0.5196757454803475
b2942e8b79f17dac,0.4833545931830011
b9e55b2fae5f0ced,0.4916850791825047
a37e4e73d48edbb9,0.5297334879200206
2e1437587b44b8d0,0.46996524006495455
3fab823566c3e80e,0.5132382327483505
f5fcee88fe539697,0.4766983890201131
77d05d7d872b82a1,0.49290775813434085
79002f8efcdf194d,0.5698898601327689
1d0c6511fefe068d,0.5917358326042139
fc5507ac9f1c6eee,0.49603941536658547
5d74b896dde4009c,0.5416281532224206
70013b0c8e62d681,0.485822462799009
47ed61a456cc2d0f,0.46759394463465453
b661389aafe5272b,0.49583231655662663
117217b642060234,0.514612893968536
3eb1f97f4cc642f3,0.49458879180231863
a1a377545168da8b,0.5342477427873049
a6fbe293d41b33ef,0.5161067119393091
4bc8eb6a3633560f,0.534391108801364
1c9b7f86f467fb9f,0.45630846258568636
cc0a228a48e9a6b8,0.5306960878588427
602f3eef434d9911,0.5300835440358357
6afe1e64fb1df2cc,0.5128018064708344
2e1eec33606fc1d8,0.6048106606034814
e8bfacea43fed0bc,0.49373598321752965
bd242dca211ab62e,0.5141451308343552
4d6f96f3f24f158f,0.4759056908446586
e9bf409be288c736,0.4906162212764482
d99802ae3a1f49de,0.42050781638856005
30036957d0dd7c7e,0.5065376574992526
6a6939a3564b8c79,0.4641724671579016
970056bad220cbe1,0.5303011866435645
40dbb73cc9c9a30e,0.4857594014893827
e11774742e4d3224,0.5014370010234969
0bd9b968a5982c31,0.4547377780889008
7bef98cf11334b4b,0.47425624502597463
2548b18a98337ced,0.5065207909675224
e9c4bb3849173b8e,0.5107708222290195
b1439c683f5fd67d,0.48489286110774665
98575646f8232319,0.5187468104023549
9596da8cc2eee712,0.5025057770609935
3de16b3975128922,0.5370053737333669
57ba62f257fe7be8,0.49942598545556016
96cd87d9e00832f9,0.5124811896269059
d312888f114a5e6d,0.4724554363470379
749da8a350b0f6f4,0.5990638379601169
0401c0b901b9b308,0.6057841143387962
92feee5d6c012674,0.4998477472022552
5d94b5e24728d744,0.4993921407918036
c7b0011f6deafe76,0.5013642009453567
6c66e8b462382df3,0.643981248702396
0f75d9eacc778e56,0.5680370749613329
616e52f9002b729f,0.4759112135037058
452644297f278e89,0.474528071464849
96fe1bab5e316092,0.490137288979807
debf1c14e07e64b9,0.6614070243678928
8d4112d0ea069630,0.4877734137771512
5c3fc0eb91a8e7b5,0.5050006111710199
198d2594ab0dcebc,0.48186264004115986
bfaab34f7d99020a,0.505250215972683
0faa52f39cf54563,0.48714052138297137
6f1354e07160eccf,0.48711481784167443
7cf1ab2c5b0fd6bd,0.4833494294218892
8e6c8ef4cd4b0657,0.47967818773467985
9f09e75f1870e917,0.4999536039160408
54a8d8c9c2b9f8e8,0.5003202527692215
852b5f0c363196d6,0.4521669926872579
6d70386095639e02,0.542629698907164
bbee738945c59b03,0.5751625946164692
bc354e0f1bd054cb,0.5210904837708211
a207bb0db1e11ba5,0.4809061025280148
4ab547d06164d370,0.5282357590181836
fae680d7783cbbc6,0.5130990846370866
624dc2bccf8341be,0.4870784454257088
8526f7687b7b9b6a,0.49159664098963474
45e45696bb6392c0,0.515321305015835
c1558ccec8c38276,0.47883110925216643
e06789d8394bd02f,0.4757130014250137
ad891929f7df18cd,0.4853886534456504
0308390096817736,0.5991131827163964
54fa4dcaad9468c4,0.508750472897058
4fd1749a528803f6,0.44642206044561594
11b434d16f14c95d,0.48182289483591445
7609a52314e360b3,0.4877746341950395
9e665670b2f6469f,0.4649431528680503
86adcf18e5f3ff4b,0.4832170184152065
6ba7d3667b538c1b,0.4637322723778776
0567efc5648ca429,0.4883616280004335
3c11d2a906b059e6,0.4952024629520453
b1a8f8b6865b477e,0.5595134864415757
27d7d4d91cb00744,0.5091912450427271
66a0eeadc3ff98fa,0.4712417611663777
b93adb24ae3e03e6,0.49452995730985405
3a5966adccdac854,0.5261138269834075
a876409c32828bc3,0.47593118992565975
325c23e86ca9ab70,0.5168212958928529
a277cffaa6316651,0.4759556426858539
041ad8545645c410,0.48415570404888086
3fdae6723047f970,0.5661376129662289
0f60162b0c480215,0.5866125285070665
e84ef7c48f534986,0.4911209504196723
2748a981151a8701,0.5456924911364924
5e81fea556ae69b7,0.48837677341175545
adcfb79e6681d360,0.46885353332279134
3f6ba6d494e4887b,0.4894316161258154
7eb99a65cac13079,0.5188152862375675
685be079892cdcbf,0.500276274913697
687fa4c9186e1de7,0.521492009941165
4bdd97216e58e2d7,0.49458440873073406
6cb41d8bd6a3002f,0.5497929350674532
837b95522913ebc2,0.44549497967083307
6ac7f4a3dc2ee141,0.5062323814915253
80433df14f1964dc,0.5265191520651277
7a4f2708456da3a1,0.5062768791360779
311053ca43483ac8,0.5998887303259891
ea28a5c1f2a2939d,0.5034601825125523
7a95240a0fdde306,0.4987543049904182
240d59a18977d904,0.4737544188682008
8508be7abc76f31d,0.4953732002462795
0d78acab05fdcd26,0.44303910032028726
a15e1bc98cb2246c,0.5007647759696174
207b5dc31cf1dcde,0.4624178735472655
508e745ef0b2f1cd,0.5364665564560428
e4f74c1af00cc467,0.4849664476841209
0bdfa9ca32380fab,0.5014948424617995
06d24bf2d672d2fc,0.448691632028025
bed26e5d0963c7ac,0.473911175769836
d2f85901782e1d42,0.5047889667630909
c97ff72770ed76b6,0.5376874111017357
c035e8924cad23a4,0.47680414245606495
2f65b2fbeb8faa18,0.5235186486737617
7a4f659c9c4a64c7,0.5039275682437602
70bf24a424aa374d,0.5234683796392143
240b0ed4cbb220fa,0.5101178861859664
3d12e836609a1dde,0.5112593936794597
b20ea77d61114ec5,0.4650200525102539
593dc39fa38a53d0,0.5911878712249705
800c879861d1cc28,0.6018330520100226
e309e0cde0b94788,0.5056337302928949
71987d7601bb95da,0.49140911131427956
ef825789828c0f97,0.5034351621642243
8592c17d7ee68407,0.6391846877617464
7b7172c2010146d8,0.5670624633529971
caa9ba2806e9fded,0.4747216205192293
bd617a44b047acf6,0.47445509810159137
99f4379edc7c4664,0.5031322490979984
7275edcd10f3c835,0.6662225189597509
a5e171898c6a6683,0.4697531277916813
268e98722aadd969,0.5117894378515168
88aa9660187a8714,0.4850552559654493
15f4eec1e2de47de,0.5018626194325094
7e50fe07e5d8b4e0,0.4844078634509481
2f39cb7753f9f81b,0.4976896291725511
ebb47b0100c2e32f,0.4981602575366515
2da37397c30a53e7,0.48615179198175007
5d8b8d45741a40d7,0.4940401621327609
681a03cb4838a3ad,0.4935369487112402
56d217737af35560,0.4617021878189105
10fe71d4e0333195,0.5415739902405683
b879e15e6498e4a5,0.5780277883988638
2a1ca5a382e72ea1,0.5118913216569643
cfd10029af754d7c,0.4852922513280341
b5f493f6a98fa13e,0.5290538097176142
276e215536b22b59,0.5238296567956995
0faffa58937cf89c,0.4909179336783769
8cc18a600f253e8b,0.5029927460847685
3ddde762ea841f06,0.5094956935720576
dfad0c8636437886,0.4773092467019229
15dce42d2fa4c883,0.4670049274765442
6ad4e74b466ce08d,0.47276694872674674
e4245139d15a61f7,0.5891135205097546
abe7f82af3b3d555,0.5075842905540409
44d4f960ee0d3d30,0.45815855116386484
740cfcc1967dc755,0.4730848599134818
123502fc523019c9,0.492285131629807
a829ce7046a4aa46,0.4624009123784316
2db8f55c7be1d49f,0.4715309314699143
ddb1572320d7db81,0.4649832167819764
f6825f89248be303,0.4816171517675255
d5ea07f817b1011b,0.4910448341134681
9a6e75be9326107a,0.5598485329358485
ac808d9e1af6fb99,0.5124884127981713
311978bd436123f4,0.47012229360435875
a43f7fcf6514eeeb,0.4977909870875038
45db60c8e848cd3f,0.5294341858350563
25cb936e972baa5e,0.47984444564855877
2ff891b53d801f2c,0.5149413092234292
238758e3ed4b24d0,0.47951515193913075
214743c57351404c,0.4768027258457639
f84f89debd21b0bd,0.54534375995799
f801994f4c155b46,0.5843937732320046
29f3a2600b8e6792,0.48893481120170834
672da0f623255be2,0.5365313239128042
eb8126d818f1bd03,0.49266223326149916
4e77935c63e0eaba,0.469302686950942
bb8d7ae1ac144f54,0.4873991361348188
c445ee9cbed09bc1,0.522452099049057
19772db430e4c0d4,0.5005099746949491
6243125b52b4627d,0.5175180644019421
ce2b253220b19138,0.5037551540267399
869a6b55675cc503,0.5468685235640764
43b1d9eaadf2fc69,0.44564775408264734
70c55d99d65ee2b7,0.5145908841805713
19e420f20f4e02ec,0.5191593885909449
4107b90ed699e1d2,0.5111833700057405
35fa5ec5457e8489,0.5925032352550111
15a1e06eef6e3e6d,0.48217176447299825
c59008bf84addbd4,0.4926636739857463
d23275e31464c6c9,0.47057065247244334
7dfa9cc64a4896ac,0.4950802995004311
73b1a7dbd99719ea,0.44023003745789113
0c9cdae3c9e97e80,0.5090717920925106
056a977f01661877,0.4601157314792259
e37b387dd85a7f14,0.5324266236250474
475d816e223ebb22,0.48605909504169975
b549c628088d0a89,0.49610731923674045
9ba77a5ce1d360da,0.4529811959400556
890de244ab85eaac,0.48345681169320764
79bdaf879cda64dd,0.506533744973104
02fbea6303e932c1,0.5207502086172369
9998030320a4a750,0.48054918967716387
97f52fd5c5e1e524,0.5154846167701821
a34c5b8409c0b97d,0.5056090684070254
1f3d58452a5bbbbd,0.5325027370409818
4f583ca1eff9c9e0,0.49795513836674565
afbe7daffeb1ab70,0.507217541407201
122564d19eb4ca65,0.4684234077166023
c77449501de1871c,0.5815362239660923
6959f3e0019ff4e5,0.5964638683795307
b85ea8a55197fbcc,0.5007656337661391
905fa8f1c44b7144,0.4973898444967214
5d19630dae0da8a2,0.509668099293408
fa03d3677716d377,0.6324696065145579
f764dd7ea867a2f5,0.5667445097797157
2a1cec527e341ef4,0.4746525979748186
658066cee32b4418,0.47716666681644015
4949b89ffaf859f9,0.49709465649882445
9c07f3de59b71755,0.6636638620790063
03f39f60dab7723c,0.46696556475415407
2d1b01b1182644ae,0.5112073161641516
4bd32895c652c263,0.47572157380566193
c169932319c63a0e,0.49683517749052153
5608dd32e7bb69c2,0.4726469391359739
7e1f7a5b96b79a33,0.4817153238244787
13d1aa2c9701328a,0.4833707506134026
90e01e131d77338c,0.4812387652747392
9aa337fb5404f202,0.48728050270457235
98192620696351c5,0.4891244050679445
fb049c28a783ef3e,0.45271582910033725
e22d8c25bd90f6dd,0.5408717023672861
018da0f8db13ae0e,0.5707838428959038
d0ddda2f15d46d57,0.5238242647948482
911021860e8cfc59,0.49287792427315047
f0e6382d904061ca,0.5272066244703701
28b9311d1221a661,0.526233114959021
811b80214408fcb6,0.4941965348463613
670a5f8b847798f3,0.49512756703859495
b6803afc02887d7d,0.5102306500488675
34237656a0e19dfc,0.4704776179341166
721b9b5d8e562fcd,0.47231060142958814
ab4d4ff6240f7803,0.4711501745493578
48569cf498324c04,0.6011037788664246
253d41b41ce8b3e6,0.5115708292960882
1b956aee7bee3710,0.4586223069686032
0872c52a4a7ec2db,0.4867644288787012
48cf690a69b298ee,0.49714838743880874
a742f3f5510f31b2,0.4678676682883768
e3cf712e75ee54e7,0.48167181732513575
9430376fb43ac7ac,0.46114438902913424
c1d47791505bc9be,0.47836327449879235
00ed59657769e32d,0.4832274486687774
91a24ce09b7c8c4b,0.5620135886205373
2335d5026fa8f626,0.5095276391277492
511540d13418f20f,0.469517534215649
4589a67819a0c263,0.4936759497854175
33229630f22ec3d4,0.5372801558844578
a793ac9ca80a86f1,0.48463217134539294
72ad29aa34490c75,0.5111857862851409
9fa071a99eb25623,0.47705712592943417
a76d5df5078e74e4,0.48338832924730246
12b18b9279f82d22,0.5521296565574896
2b3433c9e891b98c,0.5897585195264083
6321b52f80e27065,0.4967184693384674
f0336c65ede7592c,0.5438125772511198
bad1aa8319882ea8,0.48875980877839353
15d5e1849b0faf97,0.4651498283582771
5365f2ffb9989879,0.47546499625777694
f5b8161934a78fe0,0.5139113302253295
08342c443572667f,0.4963079933941813
a7cc92ca7bffa26c,0.527319136163332
92e67b693c3e1a66,0.501534961657052
68e106861e338344,0.54049427693032
b6dfc0caf43af104,0.4404322820980887
a5870582eafdfe67,0.5137646188724944
00169b0203ce1417,0.5264713813161092
071afbdd6e24f603,0.5093188819118339
4d39d813a22b444d,0.5948614225234714
93d7b7cbf56382eb,0.49074553727396886
8c5f2b85ce052f92,0.4867200548036774
eee8ad04c06cd65c,0.4683428917240461
1ad7da3dc3cb3f2a,0.4956143346185692
0e38317ef0b4af4b,0.45132151765920314
7b9d4e7270796328,0.511805630028783
11440508cbbde5c7,0.46999445710089804
775f9f985af5d190,0.5289141962075888
6432d509859df997,0.4888779652328259
6624b2d9dc0b0afb,0.49603037495196334
916468a992044335,0.4501915049100421
476b6293b7524ac0,0.4855204724721982
33ebb8b8a2f3a396,0.5134342718178116
11feb89d57bc12f1,0.516930838901444
a54b72e21c7ab3ab,0.47867725185449195
dab0727c84f9db16,0.5254851813793998
6c256893b6cd962e,0.5021408694487621
a3542cc495a660e5,0.5190021133686494
f2a238c84081b060,0.5057823819508653
6c4907582a9768fa,0.5046186907303519
87b31a8d679dc13b,0.4703342444830061
ceb987c056f080ff,0.5946952803833445
51a0347d6ab92aab,0.5934220643710817
4769026b77f42955,0.5000331840719905
304678a2a6502fae,0.5012846105871265
dde339aafea15f52,0.5151094566940331
c0dc26e1a3f52e1d,0.6360875795260096
19c9504ba81ad817,0.5697231522710559
f169a22365d846bf,0.46759293878909614
9ace7c0b99115e27,0.485192133510307
b3a6a49ff469d0b1,0.49545292738841895
8a4ff8492ba2cfce,0.6400250885053175
3db6d15685d1ad17,0.4784358692386702
1871bc44c8e0afb4,0.5147986355947508
d31ad91a79853c80,0.4658687042869202
12eb37aac201899e,0.5040823810513902
7e756ee036d85d78,0.476029927531733
dc194e8bf8a314ec,0.46659693094859034
5e6b751e960abe4c,0.4709091632782172
0b1902ed8a6800a3,0.4835589916549179
c53da45e09d4a719,0.4824562455394874
0eff6c5ae2456f2a,0.4862802812058471
248db2feeaae0355,0.46395283716802327
c5684bdea7ff02bb,0.5399235218233456
530db4a16282962e,0.5589939451592555
429b2550a36ed21a,0.5178813857910002
519f657f8d055b4b,0.5010553095729462
1de3304bb13f1123,0.5354100441588372
834cdde13e3656ff,0.5227699123404174
3ec080e65be5a48d,0.49780256329555705
a494717b5344dfdf,0.4978196473258726
074bb3627b82a176,0.5037478907487902
5e7f8b1f9ef10ae0,0.4707710009270185
53f9ebb58d6a4c0f,0.47383722068966616
6b55a201b4a141bd,0.46373683140591926
3fbefb5c5f16e18e,0.6000866450615928
b48084362fe3c415,0.5079026230272483
349ae55dc8349bd4,0.4602982248232341
700c21335246ad93,0.47960451829885686
97cd0901157b77f6,0.4943334949204826
575864eb76075998,0.4522390726473525
3ab3f2d1a1b940cb,0.48576525977960405
64211d3c7291eb87,0.4694844317467506
a006c84d00b1271e,0.4869980467146209
3f27eb672ae49ecd,0.4915845205798438
0d990bedefc7871c,0.5554346584519756
082e454db943cc3f,0.5189100297105641
29c6fc8653567eaf,0.4719938766369167
e0262925c3c6fc3e,0.5058225393867619
6b06be7ee1d7c7c6,0.5432162090131762
a97d3a455c23cca3,0.48103401399546386
082c9b7cf3d294db,0.505434529042918
10ec24bdc6521cdc,0.48312025081564114
92bff2f9bf4c7adf,0.47158830700612064
c28b243b9630eea3,0.5611501917905237
8b15b37bcead68d5,0.5830256569164703
fd788540ee4db5f0,0.49601201794205263
da503835247cf41e,0.5445739115140376
e2daeffee64f9a8c,0.49845600104139587
7eb1e1127a627d66,0.45554960880265294
f67a6f144937ef1d,0.46962685215703925
541a25577679e691,0.515220385980554
1137792287037ea4,0.5038107238438241
ba616ce0eb8ed175,0.5260717950494416
3dbd687ea5003803,0.5218095603751208
f49aaa590d623e8a,0.5475058183306549
c7c0a9b23e16bc35,0.44742126210806277
366a7f867a6487d0,0.5271260443954524
4616c817362420f5,0.5265941285531479
0e045226f3a583ba,0.5215435663569359
60cee6ad96f83d2d,0.5935102578237774
01362532869b657e,0.48970541347883345
c97e946a14e00bc4,0.49043581150900106
a3dda53ea4dec9f8,0.46775446810160837
4505d5ff6faa2ca1,0.4950640152442647
eac4de3c0e2329c8,0.45953838963569393
56ddad211fc51033,0.504335238598192
3aeebea85ad8498a,0.4697561760678086
5103d82fc98fc935,0.5324133551616311
1deec2bc9095b1b3,0.48829937121934675
387efa1ca211d329,0.49395200196711864
0bcfb84f58b3e340,0.45278708933342404
5e5685f40dc693fd,0.5007491394218901
a478d8567182ec26,0.5072137066951543
8745bf7ca7091763,0.5004416671752752
2f14d395ccc47853,0.4848516569013801
972a3cca06afb701,0.5188312763526987
51cc5aff1615360e,0.5106753156958375
9798936ac9a41790,0.5153860902314152
93f6e04a29dca489,0.5073896602463461
1b876a0dcd8c6347,0.4961862768385761
00852af5aea14171,0.4790749023807197
c7c8fba345625abb,0.5947881870906269
1579d8b4b1ac2b2e,0.589315840727099
bbc1c3e927a9a99b,0.5069298064863452
364a4dabe2b0daab,0.5046050556972094
28a51c6897bd1838,0.5118948374101672
c62ff528d53aa527,0.6291034812308341
abc2472eeb7c046c,0.5804001236191147
afb154f5b3fe81c5,0.4658764413039016
aa05b84ca1469135,0.48545019931173483
90b7f1e93235670d,0.49807938394207274
3ad8e408b10ade76,0.6416340648940314
139c760305b3dc8d,0.46758379775300385
fea7b2a0b18c4c2d,0.5197252476038776
a60eb50ae4dd3940,0.4630545198758247
6a4dce89bf61bec4,0.5064144405395355
1aad789e19e1c8b8,0.46651550816223386
b6c47c1b37172956,0.4787554681906996
367884991d2232aa,0.5022452168714744
971ae1e84878bacb,0.4842720959940857
f28d8a0c98791a9f,0.4804110768011792
99bbc0c995e5f14a,0.4830478416796604
90682bcb85b84a97,0.4596652860929449
99e705a4cfba813d,0.5481877600834271
0c44ee65a9ebfc8f,0.5599810574093296
812a61a71481d0c2,0.496187103586996
1d6d7e1d4c7c8d3a,0.5070069527893635
8154fa360686d8cb,0.5426037273594118
406b6de46a29d78c,0.5215085266904345
3c6247d4a5fec604,0.4992413067630934
33e026744331b5c4,0.5022425595909045
37fe0a391c21c980,0.5015411936853407
74cea479db6bb634,0.4862689187727538
8f302fa27cce3dca,0.48346091814147796
082f568830d0b65a,0.4668750107190923
d5e8d14d97bca8fc,0.6021374866876954
d1ab2012f7e366ce,0.5142447080484515
91a8fbd912b9afdc,0.47766381512949296
c4b3f17dff46bd60,0.48649949317549834
1fec9f1e0b5c03ac,0.4957283603710678
0ba9474f46021dd3,0.4547070165583589
26d7f13532204658,0.4853219765664687
6f391bd1aafa6692,0.4734460909336585
038089ce2d2d505a,0.4746326123032867
cbc64bda3a600712,0.4878209159606959
245b53fc24a94b90,0.5307523632792511
e51b8f049993d0e4,0.5230562079840286
afdb180748da8d14,0.4738688991154689
f9c566dbc776f531,0.49477759042274083
b588f059ca5fdca6,0.5266086539950413
107b2ac0f7e549b9,0.48129939802198785
410449e59bf6d859,0.5151843730906713
7c6e5bcf4a65d0e2,0.4743702720286297
55c2383a8a39b6a9,0.46115298020689033
9c097ec3ce1d7d9c,0.5422067767500566
d57aadbd8cd8d65c,0.5550121962160317
864d0c661c6c7a94,0.5058570702491483
b61e803512c043a3,0.5313197720750449
e8597541145cf5c0,0.48769774763716933
2b54d4a0925664ad,0.46627641555480426
130d29783e518831,0.46735746262804234
3b0c8bda92686a7d,0.5205702947106813
618e9f6d74c1caf1,0.5014991064941703
c0fe95a7a1457909,0.5355274493142976
7cab27201e7eb0e1,0.5323773302231173
8bc77a8bbe151b7c,0.5532084453257232
3a54d6cd7cb9d895,0.4433803253706248
477c36df123af1c9,0.5236353686602315
0082e0f11dec7869,0.5216632681150414
96c8fbad5034015a,0.5156647481014545
4003dd84bc59c7c6,0.587260621162788
cfa26487951b3489,0.4984631333388362
80080a1b00ad626c,0.505643805437495
fd115a5e88944f94,0.46257888838710537
b7161836807be750,0.5038704179755639
cd12f6cacbc7c355,0.4504143686064028
f1c46b66068bd38f,0.5013025902881455
c99a2e175fc911f7,0.45866144547231014
c0d99921bb99dcc7,0.5380232455509062
53825f1e9a144d0a,0.48451320558030764
38d9a9074a50731e,0.49251321947392557
90c88a02c4e846e8,0.43725966639108826
956687b5c2cb28b5,0.4992036765792067
1558a5eaafa35bae,0.5120388259838817
991afc979ac1e12f,0.4966597814306253
c880fb6420db66f3,0.4797513979855135
ae23ec6e4f1e2030,0.5235948896764995
08c7f8bc662db655,0.49939155196545393
992b984de3aba75b,0.5108491720877351
71966e1cb172cb65,0.5043247048120599
7e95a247f918d2cb,0.49955450163181525
cfcfb3feb9d85faf,0.4852890736461608
f11d9b6183501459,0.5948557639495258
55c1178dfded08c2,0.6044719534999466
9873094abb658c89,0.4999741142991181
8c59affdde889003,0.5050010449569073
8d8aeb655261b495,0.502801608066007
948d086ea9bd41b5,0.6348830424244548
005cddf02f09f31d,0.5925535329006776
2957e7a1561a5569,0.4772754236021264
fae24412779af5e9,0.4984650726706862
6f069c68e1e52bfa,0.4904921147497848
94566a222a5cd996,0.6611378670847706
824bee8b9990a2a7,0.4751143660867293
5b0ae0257b6af35c,0.5223191359560965
ed1d50b064244606,0.46289095876180353
b75959fa76b0817e,0.4990431144637011
4b0cdb578f9063b2,0.4681639362919634
ddd13769b9620d13,0.4748242828036904
17148dbe7d8df8b5,0.5030562870216918
90e205436bfbf63f,0.479132612222147
eea96a68e0361ba9,0.481779387802344
e14de9413373863c,0.4778712377546519
64c34f5aa60a906a,0.4598835359712301
b0f026e2c2c1b339,0.5472703852890122
e7ae06627b14a068,0.5554706786071815
9ca0f4c871d9cf07,0.5017643025844769
858a19dad94b25c5,0.49086057635439206
5fa3af49b6f0116a,0.5437035724922655
36b7a6d37fb92c9f,0.5201313638283505
9df5a7657780cf65,0.503685730510722
4fbd20852e36d004,0.49657848284577766
1e6f5a40f96b0a3c,0.5117285538868918
013c1d589ae578fb,0.48014314120491475
6a353f49e82978fc,0.47771824005189134
97e1602c0631d58d,0.4961276363088405
9c68f99c8bdc65f8,0.5966780105054765
0a890a73092c3533,0.5016776964692545
fd4480fafcf17cff,0.49181144183181713
867907a26a7cf1ea,0.476993852762001
6ea9b637bea47b3a,0.4935349163124644
6d65d7c1b5924709,0.471962791196642
597dd0462ff40641,0.49156452166569387
11d375025a16b63c,0.48517021578424013
809167b82f8f9a09,0.4695436108341837
7c24a84063947125,0.5017054853798135
2625a3f3f23cc544,0.531936571037614
ceed28fc44ac48d0,0.5174881516188348
091d48168c4f396d,0.4679230182568579
17b6365c7715cf73,0.472269732801625
9838f53d63e77fe8,0.5116408595152343
2647e5bb7ebeb27b,0.4754703659026084
51062dfa1e61e414,0.5139329641940411
f8a218dbdd84e7b5,0.4652426820233
0ee68fe1c9e43a14,0.46153351177713076
f6b96e3fed88764a,0.5443815198648714
917d536091987be2,0.5520002496154839
c9169180516d750f,0.4908323955211591
51633831e5528548,0.5179146480714043
cf59b7cacd0995f6,0.4722064111844757
2e76d128a191d9e7,0.4746148899596522
de89ab56eca88144,0.48734868425352673
2b93ded30d82ccff,0.5194686320228379
e5820bec4603eff9,0.49692212703125804
da2d2ee6ad6a535f,0.537915099311716
e7dc8fe99979fec8,0.5286272412494271
4359a327a625829d,0.5572915406058141
218cfe6bbe942d3e,0.47683412349751486
8ac8a42dcf8c5dc0,0.5293849963651827
feaa58b1c446ef60,0.518397357718481
7d95a3ba6a5a5801,0.5239119915759298
ddf9d33b3d1f9de6,0.5889850246829273
ef3054f218035067,0.49658612836212446
9ea0b98ab06bb01b,0.5059285436537866
b05354720eea30b5,0.4784600125163625
5176725d59af23eb,0.4979491275857737
863b00c3685e2e42,0.4520231896999892
8186949e1cc85699,0.5052154902745924
c88e14af76d1b2bd,0.4632786612437163
bfd4f5b3a7d1150c,0.533308990648618
89fb0f50bfd23f32,0.48621972962451565
5d5d424045853bc2,0.49745710856647996
62e90bbfbded82f0,0.4372521740820148
24f5f4d28759cd7e,0.49651336272442725
c6f28e666c8dbc2c,0.5132779608029678
2679da723d4a852a,0.48982569738313164
672d79473b9067cb,0.4785544615869788
1c0d6ee80114d24b,0.5314267478894165
e6f5d4ce164d0365,0.5053947247342292
62ccdf6ef2f6e53c,0.5195999422214006
738d5c30ebcdf4b3,0.4898579521775397
b21613793497c2cc,0.5132370864573301
96a7e045d3bc0554,0.48231489876377
a994e72e4d8ff181,0.5747098775824734
398cf3ee48322421,0.5971568180067032
03dd0cf3eca3c9f5,0.49650769346703894
6384bdf238ae700e,0.5074466932333672
4c0925d9d5ec9ed5,0.49981110755566194
244ff65a0508fd5f,0.6548901498920449
22c006a9c03e63c2,0.593736516300192
e0a1f2fd9b49aa4e,0.47850959002868565
e97d1a6783ae2e94,0.5020747726755176
11808d67fe967f7c,0.49061872039525567
8555dfb5f64a4c5f,0.6520576550729698
700046193b4ef147,0.5168795511381785
96b94403c2f41e10,0.5207697775266862
9f16c9591494aa87,0.4628746504030046
443d3dc83d9d1654,0.49900793981741676
73d2fdb8e53650b0,0.47072695145272314
d55b9e2be9481afd,0.48097810085759374
fd6889db38c1c681,0.5051571699309254
f901bbdeb5a5e483,0.48062089852349676
58912837e5c31d7b,0.47685661872776264
02d530aa8f403de7,0.47609655797891803
9614f35a0cb50e4e,0.4582501343523362
8098c82b5bec1c8e,0.5520592291952892
c9aa85649966edd4,0.5581579004351167
19fbccbc023ff185,0.5065714279588795
2771183807929fff,0.4949797043131514
33520105f0aff730,0.5402867134608944
79d5c0d0f202f1a2,0.5151676918944621
8d6505a140f61876,0.5055235984591568
b1b4e82c951fd1d1,0.4983044466308699
a1f3f41556f8d153,0.5071984487224444
6b449ee36f451989,0.4753379388195029
879006c26160e402,0.4740856808959293
4965896429e77cc2,0.4974406285560401
8f13ab59587c1a8b,0.596458862356746
57eb66d00feecf11,0.4972866844590387
10bb4f2b4b3a8269,0.4901096552730131
23dbdf2caac3d9e7,0.47350164609010803
45f9c7be773c57a0,0.49428129853879055
f550dbef5a0d5c24,0.471015801015636
644b9ae8cbd66b59,0.4963730571281524
81c55a708107022d,0.47814301808846826
7bcd17dcd893ee25,0.47209317207704204
2b87c0df0620c046,0.498789144393331
66598b0163869feb,0.5336883292399482
e75c2bc7675d0d5c,0.515627699209814
4c1850f61a99e9c2,0.471075314219745
b566f33e445f6f33,0.47486561628676394
b737cea1467b3fea,0.5184534808711553
77818c2aef9e5c31,0.47625346448907147
6e4058e8ec224c79,0.5229689210041141
f344528707da5d5e,0.47055689861425876
0a070c770ea79743,0.4626950534182612
bbf1278ed491d1ad,0.5663319500867224
f18502b60789210b,0.5600848410654986
8b4516d6bb268056,0.4958066917907764
d3d45b8c31586b6a,0.5274262951901044
dca0513894cac6bf,0.4780616032890288
e2b1bfe608682f2e,0.46350744865816873
4280a2ed902b4de3,0.485974877848141
bacd6b09ff813687,0.5141146353629639
92ed58ff146bd9cd,0.4893025817635226
30784981eeccf626,0.5277871096304637
77599b3240f1533c,0.530635840475694
b06513c34533ffe1,0.5527721047843648
d92eff8e3491ff13,0.47596375715407646
536b4cf45fc2426e,0.5254014849208751
9e682831c7e6ed66,0.5248612863727393
a66e420692aa1c63,0.5247403117772745
711d0f447609e73e,0.5924331118657975
5fcf869e44ec2926,0.489582015316675
7f2c357d2176e15b,0.5095459181169101
4cd98689e34d3ea9,0.48044245388736906
e2694a581f532e3c,0.4960825348277098
c94f75df5d08fd78,0.4579493935441077
2d26721878bf92f4,0.4994178405857935
23731312d412b3fc,0.4547137278283624
35198fb763d51441,0.5257755793004016
b974a7cb400fb41b,0.4809751443851471
9e0f372f3a807f76,0.5045433406261849
e69b0eeed006d92b,0.4312257910536528
8b7b10ceb48dac1d,0.5013867494332686
8a86026da8373c32,0.5112210583370018
3e8dec7b23853c7e,0.49270806067956807
417b393140dbda28,0.47700779745839506
1ad7f236d2caf0dd,0.5341818797729494
487fb29011924a80,0.5064883268166005
a6bda2164c7929a3,0.524445801798681
42975b27714bf615,0.5223132182954484
fba50dd7423ce3bd,0.503843098828511
ff12851818f88bed,0.49102973558607765
8d80f10e9c47cbba,0.5760206936563823
ebf14d9777946b0c,0.6095297833261185
e7e1e688d50e9a55,0.4961892212831378
414e9e701bb09296,0.5072649158743365
b301f701d2f8d262,0.5027364038945538
67822e07f1b361d1,0.6388462461508608
13fb74684f324e7a,0.6039588397111731
e661b0fefdcedd56,0.4761516072545532
7a41cb8cfbeaf9c0,0.5031814885868584
e9a7d2157c881ba1,0.47835305110114
1967d8ef1d8907ed,0.6440897579686319
bf4bc03d9a378dca,0.5079034732232804
89150817a3727a70,0.5191821558827829
4781100522d67c22,0.4686576552324986
7497022ac8059643,0.4889109724180042
3bd319e954e24fac,0.4744926313101958
b5b90fdb9122aa4f,0.48640826232372414
64fa51d82f6e9b7c,0.4989578980202063
05c765fbce22070a,0.48227828507681303
0681c9cdc6a2042d,0.49567390615673246
c2dea09b84db9fef,0.47453514331539526
b3f492dd248b1267,0.4477167434853817
2c848a883a2c4c50,0.5520591336898695
c86cfa5a238b35cc,0.5588721897305984
8f98318ac3a83003,0.5074622025473294
36475d53d8cc64ae,0.49601516989725003
d35b34ffd2092917,0.5540549679088276
4295c6e32e3f89bd,0.5154561657259877
a7c5941fef8b3ad6,0.5084401441435187
015920eeab8f704d,0.5008705939507461
0b74e4cb2daf2202,0.516593015107654
31566906049051b1,0.48899346820750955
80e20e1672466ae8,0.47364011765163605
5e3dc8b7712d9a1a,0.48587033276482694
e4205cdd93328fd5,0.5874475518231156
52dc142e2705d100,0.4944007810358382
c9370eb00ae21461,0.4929397279316048
eb64c1f6f52afb2b,0.4718109123451273
bf2ac50f9efcd794,0.4990572517741113
0e890f644debe982,0.4749349390607007
b97d4535061d0f12,0.5055365037896976
d44bee355752beac,0.4784455879635121
e3ff845c48fa71b9,0.4709281410399855
06a2dcee8e553cf5,0.5081995734715745
b8ec8609529cd2bd,0.523065231977371
99c56459da6bdbdd,0.5093654334137019
818f930481d21729,0.46286457325482133
60679c9b2ee6fa24,0.4818066994693646
8bea559845a7dd4e,0.5175892252636265
61e6aaf7ac315e98,0.48200110160839404
925e8cd5ed1ffc51,0.5056404219709314
c9bb936bf534b4a5,0.4584650438797868
624d766e437cd92c,0.4595979177552354
424d6cbb6b5d8203,0.5440446624369224
3e21e968869cf5b9,0.5641023500410243
80c79b841887055c,0.49901300250621206
e7deb6cd93e86b19,0.5276255843120734
e5963877d5669d52,0.47105606310837245
7b3a436092d23701,0.47331530810669376
a0eeda371510766d,0.48310401299246886
fba9f897ffbf2d14,0.5073889609675055
0607d25ef57ab189,0.4880165125694237
dea3a524634eb17f,0.532093753417463
2c65cd647fb2c8f4,0.5326432356790173
b5f0ef5334c70d26,0.5546694207516929
16ac7d0a2c3863c5,0.4701419702930911
cff99356872f4ecf,0.5273911180431607
ce635a72d193011a,0.5296985364199102
2a1b8756dafa72f5,0.521519644322521
37aac5df31564156,0.5998480671502577
1c664255ebf74900,0.4972219995724607
685ccdfd62c55c69,0.5134693237807042
5b2cff4286f74115,0.47697656015206835
0453b98e978c8b12,0.4935901040156363
e424f21e316512bf,0.44763377130203863
b290f276f29d07c0,0.5044462055917035
5be71f2a798aa3d1,0.4626026450053078
7a460b260c8cca96,0.5236886820944759
a3cbb38ad5e6be39,0.48462022987112297
f1b0685f2820b0f9,0.5026436841513855
81942550196cf585,0.4493224498882046
6c4c04942c91bee9,0.48962042657772553
037ede058372b1ea,0.5115725575943371
6a03d343801518a5,0.493184337788677
4b9c22db3e085870,0.4865354081843878
34b9457de9a23707,0.5255966954365721
393650cc0aa325a7,0.5198958866545443
c5d3c7e8a97d1645,0.541094994827977
c258e4ccaf465fa1,0.5268096898740334
7c8a8d52a1a9af00,0.5159873844300403
2f56e13e2fc3faa1,0.5065842130098228
40b0e4c777c5d8db,0.572846879330453
6718148724e7c4c3,0.6035241463761303
f69e3f9a9c852e3a,0.48888998990286614
0522758994106b39,0.49456857481651784
8de75f4b32a2fc0c,0.4915965360078638
d9f337aa10a88216,0.6296309453784685
042e89ce2881c668,0.6370923697616131
849d780209c2102b,0.4814559868178019
c099ce3b49d2c69a,0.48815964437476356
56a415be03614727,0.4748104144700661
9dddad102dc60ff2,0.6497591924601598
ac1d4a77d6f4e971,0.49544907984617337
74c21d5a3d7aa9dd,0.5118111246439925
684cd042e19a878d,0.4716348099762432
89dcb9b488063533,0.4892577405726025
eb6b95115ac62678,0.4764819566789429
36be7fb2dd1590ef,0.4877081317268459
f116b3f5e1023c01,0.4815420660439601
738bf21aaac8860c,0.4913870048876683
45591dd66ac8fd50,0.5075859681423216
6d3f57498c91ec5a,0.4760847588887772
a074e6cc32edf2f5,0.4548227696591547
1a97dc4d44aa9634,0.5441251970177513
64b2a732c7b0217c,0.5556133884810205
2e4a93c851a98052,0.5238547708188016
848567f7d3fcf71d,0.49176939434008815
728f4b87d0172705,0.5628905695350775
af8862c48e266738,0.5106152053949591
b36d3bd9dc6d65ed,0.4982834481827316
6c0122823e1aafd2,0.4987838497589564
3bc0ac7371c8af39,0.5008565360595301
97f8d88d73035449,0.4780350634692344
6faa69749d3d028f,0.4700911317047315
d90bd124fd57cda4,0.4634632035645554
033862fa4fdea86f,0.5844683822887923
6353ecb173d4dabb,0.4882887663503288
e9de70d28cc5bdea,0.48922889627515653
62b01a18d87692b9,0.48266791807529574
415ac4d8cf53c56e,0.4802436321823772
6fc6c68d239a9223,0.48326937910313517
7c9d2dc89d04acb1,0.5180031922391095
66d647ed83ee3bbd,0.46235026163468484
0c4dec2745d23594,0.49392027328073906
689a5b7aaf249d23,0.5032484871139923
6150be22ce412c1e,0.5376001168297528
2c8efb2b9e46b72b,0.5121390015842826
bac40d8393e52770,0.4784892590382652
558007784002b961,0.4802406978967283
1cd2344c9ce34cdf,0.5190407277719994
816914935fd7f265,0.5082189379750159
e27d9cd163c487f8,0.504061175061281
1fc4849fae439b81,0.4616113662497401
6fb5fb5bf3e43229,0.4708746504063557
9935b6a794dae847,0.5441476624888514
0b05155f05129c58,0.5559428248072209
4d98c3078f4eccd4,0.5099264006354608
593275e6c17786be,0.5451648785175043
bdf2297c1444deba,0.48092588710025663
0faa56ea215aea22,0.4568226307714367
6bd46503a6d1b5bb,0.46978010175287266
8cc5b538c5d3b7b8,0.4993701334212991
c1ba0551c723b5ce,0.4907014774109987
894eb81aa4a42640,0.5097168180739876
686cd418710c15d9,0.5203425131981614
558df0140a99b2df,0.5194040926374337
c64744ea4c6f025c,0.4522900521214701
20dcbb1cafd9a8ff,0.5243676120294803
8dc0a330764173fe,0.5290375124190962
04bc8d8aba7088a0,0.5189694840609537
49489261604c14f9,0.5921498914093749
9162074d292ce0eb,0.5110887889247877
4332084a2722a50c,0.5045663243907955
6ebdf87ef753b8d5,0.49669326184217066
f318462bbdbf1e4a,0.4819238566981261
cbdaf5c5e62ed7ce,0.44886868427430526
5b6bb73bb80605ca,0.5028984410864386
48a75b42714a7b2d,0.4589462601718701
0105284a51b5a2f4,0.5201136922769337
6fa4ecaa7a9116fc,0.489629376363345
0dd54cf408b9e0fd,0.5123129069919181
f4e6baec088d15eb,0.4419341917437307
08a98f7c611ba695,0.48859345799578335
8453161dd658b6d4,0.5158237351049169
629fb20150861076,0.48377694824722206
c711fd02166b0299,0.4898075968496076
b76f76cfcab72a4f,0.533112892265593
95e52328fe4ff2c0,0.5229429252614854
0561826f39cf92c2,0.5451040908115907
b374a1f28ed469ff,0.5441832858928455
008f2cf80c69d327,0.528551197565483
b9b4aac736202d46,0.49299348246674846
348e9768941b8c0a,0.5770469038475615
4b1e9e0b387c0fc6,0.6027080988940221
2fe02c342b6893c0,0.4899222503066585
0221e360ef99e83a,0.49909990005204863
e7ce7ec2adb81bcd,0.49656085042523723
d9a53cec86102c94,0.6247059482917523
079ae2f7ec209fd8,0.6269997184677157
834c687d9e4b46df,0.48526755172693825
38591e6586236275,0.48763666796666105
cf8be9962a1b604b,0.4703628153459687
b1742ff8e2c63008,0.6415751426808715
9f2a4449dabf37f3,0.5160149941483031
71a5824d6b0c1019,0.50441719348084
c3d4ef2fc6932db3,0.4644360401504668
dc06609ecf1016c3,0.47492254243329224
8bb3e27d47601544,0.48631365255314707
c4047f97bb04cc45,0.48708140093655417
1d81120aaaf2cf3a,0.47514181723048166
22ce8061dabd83fb,0.49272399536555267
5c43b401bb263286,0.5133223658080286
d6f6821b7404442e,0.48060608042117514
9a30f39d2b200f3a,0.45602442847773794
830d86ac63875fa7,0.5462596651376519
ba6e14ba3d36688b,0.5596820211656501
6eacb686675e2933,0.52237548288641
ac4289efbcbf16ad,0.49461893582240735
b555c7351f340482,0.5628627508983013
ef8c62dafebaaa24,0.5058630132828551
864bb24100815a8e,0.49712101147565035
8b72c4871747b947,0.4961354410563772
d0f4185f3fe42e84,0.5089900896632953
d382908e28a4f700,0.4780170069956734
1135708f3d12280a,0.4587964540469074
00b6b97b1d86e3ee,0.46498459939504566
6aa1334b42761690,0.5855475860987747
74ebc756793e0c46,0.4842338116509224
794abe6b98651e95,0.4931791523922139
6e8d9c8d38602d5e,0.4788874245091941
1a8a192886aefcb4,0.47425241292380793
6683e3c5b4d26762,0.48502539605888906
2aad8c2f2ed53fb8,0.5047865084304739
6899ce460b168f1c,0.4650541732401483
9d82aa01f39df6c9,0.4835344452438394
3ea5fa554c9837f4,0.5073308988848282
ec8fcca8c74f0c8f,0.5342247456323101
eb002d8b64b3f86e,0.5123846603971992
ac8d7b4cff00cc90,0.4798941017740479
aa145253b0bb5ca8,0.4876950673050655
5143ef0aa72e4098,0.5204577389751307
40d7aa81df658f78,0.5112111012252577
a7751e31a602111e,0.5006591944965926
df7f524ae603075b,0.4474122914288423
eaf6d7b8532e2c4a,0.472395863162997
d2fd0aa76f1238f7,0.5398201764141671
6d376a10ba6c4ac7,0.5560610372183734
7a240107ef6633b5,0.5073563687973084
7cffc463e4cf9af0,0.5605443146296755
19f5e68e3835310c,0.4784773274475248
c5b71000361dd964,0.4587505158996714
0352da87d2389101,0.48143559139258285
aca28f2635b1a136,0.4998049891520968
f0b625f44bd5fe1c,0.4910493842349005
959e84d5c7e05c0e,0.515356405560199
e93fd60e2531c364,0.514065851928747
338d63d3cc04c7a6,0.5201849015981174
cbbb9af2f0d343c7,0.4518307735152691
39bea74ed2850ed6,0.5229372295891332
398b6f159f779f69,0.5295787318942251
0424cdbb68dbcb76,0.5064860963146851
f19238cb582e683d,0.591630953859134
db2cd200768dc155,0.4984839618369461
a83693800b3a8f5b,0.5046063761177078
3ecc8c666069b672,0.5034616649698054
3c73f7910b61c48d,0.4762245601237003
7beaff82de7b7f1e,0.4656291540535389
70273b06f3dec1a4,0.5052381629893146
b20359f6c3beae48,0.46775686887291146
d1fb6c76034f6f3d,0.5212435205154733
9f65d7cbcb7f0a32,0.48005832488768774
101663a95f90e5e0,0.5144203839955407
55c12d0ca73dde4e,0.4444396926437979
c680c7c0eaed0737,0.4987571686659542
3cb416be438ea2f5,0.5139276288452992
f1b993ec16fa61bb,0.49660823555947964
3d269bbc0e1f3274,0.48556620285277174
42d811902dd0f3b1,0.5352198405983773
c121a2d551bacdaf,0.525542340394993
cbfe1a8212782a87,0.5409241835239184
55b4552a31082771,0.5341624778464588
54fde105339b7dea,0.5326305312447468
d75bfdceb8e3b25a,0.5000306406807838
d3dc6db0a2ea534d,0.5698972235319136
0da5c2dad809beb1,0.5901363519570609
05b9221aa65d6480,0.48867288144860344
188d07f553e92cba,0.4939532674520032
dcf52c8f707922d9,0.4925235963270662
92236303cf8ea25b,0.625256946053232
4faf021960be088a,0.5668822638642912
0abbb26f2cfe9e54,0.474814757390017
9c293dbfd925df77,0.48453483568852085
a65cf190f11f619e,0.4740686179478344
055f0210e7900ee0,0.6326902187274609
bce29ee9eca84201,0.49646862034141537
cd2b36d9184f7e8a,0.5110836904563159
a04473352d5d3c0d,0.4688237925569485
fdccdb5bec1463b5,0.4684225480630828
d1bcd173f70372f9,0.49173601959521474
cb998a5f5702df6d,0.485755984476544
ac81d5f1c6a336f3,0.4818486195041638
e6511507f90dac0f,0.49192697841010835
5980b3a3c757cf50,0.5139891286024401
feab283339602dcc,0.4964001732319745
d727480242d01b8a,0.4521033609674344
127c0cc3c59abb88,0.5274151270744877
b65206b2981b02f7,0.5487537948707504
75a9a2b83952e09f,0.5211241195017808
337bd8d5480d16b5,0.49286127064444396
033631e78004d401,0.5532658558350363
6b27fa46cadd63a3,0.5087268694325954
7ed84866bf83f56b,0.49790288161104856
4c2ea50682b102b8,0.4983417662287095
392fe410c05e5c17,0.4971946341317852
02d2b6dc4f8e8740,0.46216898396588113
59dc37b9d6a9f292,0.4690004319208996
34920af7b524cc9f,0.4617474455281183
aee740051f74447c,0.573439348480749
93c9f1779412b967,0.48077462454227415
98ac87fc2d777f5e,0.4859895739868634
5b5226c095c0cc17,0.4843709285012556
384ccd98aba508fe,0.4739793553220988
1f280c67c6aa2baa,0.47960245287781655
bc46020832118bfb,0.519763454944052
9ad871af52c1efd1,0.46459453922925964
7e59400ab7977971,0.4964753514159832
582f9ee5e4fe7690,0.5035668416956911
2e7ca85f7faef9c7,0.5456681493254862
2caa8e40fd2182be,0.5077414167516305
9476f4b3c2104c95,0.4953940186327028
6a8326e6f1737571,0.49179582665720045
86c865c9bac6b8d5,0.5149907655919695
224900a89cd0a6f9,0.4992224200599953
3c4c978e729b57c8,0.4963849403307291
8613d18516d63889,0.46159547086523767
f6cfb2fc1bf5b6e4,0.4726677511652395
dec075d7893568f1,0.5397605751788845
29e91ea5e386f034,0.5506237822356328
36919801b8319bfc,0.5011811056038183
557824ebab9e5f61,0.5742109556446815
62010846555132c5,0.4741097330030368
be4d51cea1361b42,0.45687831564492853
710a8cd2a2115073,0.4825633038522882
332acccabc07ce8a,0.4996666273421466
238eef7d44401574,0.4964248922095408
e6dd0ad9ff7c9c60,0.5033740307239359
d2f2f401a8ffc144,0.5098288792551182
d2e2998f514830c6,0.5139962280017407
f7ec45e2cc704009,0.4590293170366653
15560d0d3817489f,0.5238329731906288
161284a73db5ece3,0.5290829064555207
375b4bb2b9ddfdad,0.5110425097995317
4da79be58f03b709,0.5892402801302313
c3d123328f1070f8,0.5045066590630941
12869a9a13379146,0.49989564541755915
3ec7bac96b0191b4,0.4870914069134793
9856f1a4040d4a84,0.47637563175881636
4405e0bafc8242ac,0.46291700327253327
e503dd43301fc28a,0.5051306435512444
58a56af8a8b771e0,0.4809397444483683
84a6fce99cbfc07e,0.5245244998251912
6c6ee9ebde99cbc0,0.4861102583535678
2e4025a9684080a5,0.5133257969525548
e3a554599e3b1f40,0.44863178108593993
0dc3f7c22d1fcb66,0.48914557740297737
798b42b4a7aba703,0.5128803531005783
0ed5195a4df90f59,0.49534253272585804
57655b2d7651bcb7,0.49352028756146504
b1842b2323f365fb,0.5387971103310287
367f486359289623,0.5162386878701883
8703bbc534c837aa,0.544335062452367
22778a9bd683776a,0.5377329053929712
74c85d763d87355a,0.5211441122212872
813ebbec513634fc,0.5046003539931597
f8a849adabb7f561,0.5807245863746573
4729b3bce8cbe0e0,0.5911748546603219
c977a59c6a4a9b1c,0.488261749566515
f25792e3b5fa1796,0.48800993385936864
1430c134934c9fa3,0.49289310169184897
ca7b80240dd02bba,0.6277226622427294
2279fc4bf9a50801,0.5622059611614489
5c65f168605859c3,0.47164714901579674
b11c80dab33c1aae,0.48849858931974
dbecaf291332d047,0.4826958259860086
2c48acd2f91c071e,0.6449692589878632
07fbc651d01651f4,0.5213504078806921
8383c630c61f0940,0.5139476686271285
e99371e7488fef19,0.46693604214439
8123468c9c47f57e,0.4684121604064655
a4cff6ab362eceb3,0.4895824227940895
cdfe623d62cdb59d,0.4578733975960967
2eb52679849af407,0.4641920001120696
e283a862f15e8b03,0.48870338684009706
31a1ddfb8b4ca6a8,0.5133492733524732
9d2b3254484d98f5,0.483288002593224
a00dbbd7b6a39cac,0.4556350764936472
ecf967ddd65b6d2c,0.5263901275930589
0cdeb1efbfcc2cb4,0.5551873845686379
1ae0e3e722d53958,0.5187443502738924
17c90e2ae5625d12,0.48796766838455774
ebfe4240e51c4d0a,0.5454200151058433
da0122c81e617142,0.5103613212684925
363fbf70380ceff3,0.4972035292938116
200453f98bb8aa34,0.4984360637615982
8c33a8626d0fefbd,0.4968621057543926
1af64a61c393d407,0.4611068216723687
86f25614a4a071d1,0.45925522131910235
7544ab2c57152baf,0.4657986897864925
44574731160df8e5,0.5703532128039812
6ce4b2f30e9aa437,0.48127940058690166
238dd4acbea2fd7a,0.4805611926363331
b54e40123f5a0907,0.4898344043276749
28ba76aad3f478f4,0.47478841283905227
8fdefded3f70730a,0.4891433467779902
b036249190991238,0.5190233086139768
b9b1d5ab315fceb7,0.46926143517159147
6ebfd407543a2e22,0.49970401642511986
1af615bf30193fc5,0.5007006425909531
610d92e6b883ce6d,0.540102519824376
662bdc9d0bbcbd6d,0.5047607107785999
075db2333978db35,0.4926221643165398
d94daf6c78f8cec2,0.4828473751660409
15cc93aa0cb0a178,0.516187024735466
765d0d1b639b1580,0.500023773247459
85a20c206ce26286,0.4972985688172624
d5a6cafbc44d158e,0.4604228947497717
a725441fff99b792,0.488476890397026
19b0c1c3ae975ff4,0.5345257859402702
4badc1b0d2541392,0.5502810700865394
d47d54263cba9a31,0.5025694712796365
362d6a84d8504b4d,0.5676270740932856
45ac6284b167ba23,0.4791733871725635
4d71f5a48fe58179,0.4511863340102171
f551e1675315b6db,0.481852390886065
7a407d2a1f7a19fa,0.5026610066305173
6c6137f4ef1cd637,0.5031290801294892
da0589baa3339302,0.5001472183160789
406ccfd61c4d08db,0.5084791952339471
7d80886ef9504747,0.5099185764213554
b6696b6be0c73c9e,0.4688589816811962
d02758ceedf9c393,0.518310128740421
538ef3e55e0009e8,0.5252663065538683
325145c4cd6eb0f0,0.5087707486314184
ff131da8296ebff0,0.590897059382216
87d93ba88675614f,0.5024221064106184
d16d672e7e928aad,0.501965142778002
347b798c0132627c,0.4924844317635546
7d65559790a3c3b0,0.4700649726077757
f252beed4d22e73f,0.45905524551079346
30499728743c4869,0.5081893955440567
d95d4452d239fdb4,0.4800060404919654
e2fa6619b80345ec,0.5280868322923133
46b79193ef6e3f8a,0.48185791929847954
34893517bdab38ae,0.512374408537272
ce6752ee5cd50a63,0.4556904582969301
c43bcc37a1d3c394,0.49768514530004837
18a62c41f3af23f1,0.5092342710557722
b55a7a55228ccaf2,0.49346805890174505
eb037ee1bae57a76,0.4947981153973986
15be300fbd135b63,0.5397525155614463
922e405164a701c3,0.524962789255307
07bdcc3280161c83,0.5431931377326518
444c18fb3ebf7379,0.5222110933803867
726ab4aa09db40fd,0.5284886618446952
afe5a6a8b9203d6e,0.5050261820302019
49305317d321118a,0.5739990780745845
75419d99ae99f02a,0.5669838256034018
1fa12f2c3d632a75,0.4943124501067382
9616f6282c0f28c4,0.4892907949704002
a7f7dc33e47971c8,0.49710546295038827
68094987258dbd3f,0.6259428444030342
ac1874d8d89d4553,0.5676326826139427
f2ed7e1995a17827,0.4736030096515027
60b5058845e47e80,0.48311030277179
af0b20156757b4f1,0.4780520040494134
39a8431ff4cbe24b,0.6351878999090991
dc285ffc0b84e751,0.5228658459175446
b6a6d4b2a6916ab8,0.5091744568153511
6f72b08938258a94,0.46311121492192775
5cdc295ab4c2049b,0.46888542246097953
0abcbf9dfa914607,0.5017882755423502
a5a34dd7ee2b5b59,0.4680113364452472
73da42f10e8a6bc0,0.4651004735640134
dff07a54db4ba176,0.49421833014101924
fac4fd32fc1cc5fe,0.5223157889707625
b35133ab421510bf,0.4817658523860049
a864059744b1a1d9,0.4565367642578897
a31ee1f357507035,0.5259657426294908
d706572c17f0b52e,0.5519734659686611
45eb7733429a1693,0.5203321078158728
993328d430d8c3c9,0.4949524525355793
e4f37b48a68ac088,0.5497884042821459
d66fec6b13d172b8,0.5055207739231463
e62ae94179418d43,0.49871587827938213
b5a6d308e9efc9f8,0.5007470021224546
f085ab22be2068c3,0.4901832092535664
6f44766fd87b6ecd,0.4653903412180558
4843c28d0bab999c,0.4733453524760528
8918c953dac3ba66,0.4623143360730211
de15b5e16ad2addd,0.5561165969944497
a6a4b07492950bf6,0.4772094566113716
86b89443ddcb52fa,0.48555769039228847
943ff2fd0c329f91,0.4829738333595691
1195cf02b57aecae,0.4847604290156564
93f9b39013838ab4,0.48279029380483274
40cfa27fbcc8f375,0.5178082782493999
8aaae5361b753dcf,0.47047562756941463
c7a13ae107b22835,0.49810787456989736
5f8353aa3701f1ef,0.5035609540776098
12cbbadda33b3f46,0.5356854515042981
d9665db66fa86dd6,0.5116761771844047
7517e127f2868faf,0.493089004067651
896ce06c79151d36,0.4844383913481827
0127d324c4f252c7,0.5127573064954651
d2ecbb7b127247d6,0.5003379725290478
77b98e8895e5bf58,0.49946089046331643
5bb4f5c7670c7f81,0.46543940999961464
341254059c383bc8,0.4829384314585169
70b047a106e9142e,0.5464959427419498
79d7e4e0e2895d2e,0.5505470333293336
e56c97ed73cd6880,0.505539090889989
8d6068ab2b915f4f,0.5698548031135151
7c33ae44dd68508a,0.4861407385523302
25cf684cef1ba3e2,0.44619070609494393
5395e457a3eb2e71,0.4843985942530643
b77b6e256ea66d12,0.5071839580071895
d00aac33efbaee48,0.4957371251319187
e8dcd31166759b2a,0.4988492704054809
5c1b457b22d43097,0.5141883651787996
2146fc4a3a34ff72,0.5088545908460014
51700b7f0b9c1b10,0.4617017512559374
40eecf8a3956d045,0.515374535715628
a10595c59b71def1,0.5222718686910244
74737fd5a3620f76,0.5247577044135544
c2abae132a572d44,0.5902356257428345
d18c963957284f25,0.501041214015802
e9f3a84d54a3edab,0.5000147857404291
5af2ad72076f1fd0,0.4890461991716638
cf33bba69b6bae8e,0.47592207892456373
011683e106fd6c38,0.46394082082399724
8663f6c7c400920c,0.5000541712597584
5f2b187f0adab865,0.4799898947373873
8455561accc87a54,0.5311691427180744
839a2765a9a75b34,0.4863787357387692
49ad3987f95fde49,0.5215078087463398
0b3f362af79c3e81,0.46286229573318916
8502eb4bd26645d2,0.4943498749647912
3f9679a99751ef7e,0.5096465129368162
d10589a3b31bd986,0.5020548448979032
1403d568e0c151d2,0.4957876462725377
4ff9965ef4358b59,0.5301220489770128
a2e436f8a53493db,0.5280424710922754
7eafc8af9c4347a5,0.5449074047774153
cf8ef4db7090502e,0.5089144549873871
c0bd73047608dba4,0.5280642267838688
eb92a65df66824d5,0.5062356116176021
a83dda8f9512821c,0.5575743769674278
76f8c7dae6a77b95,0.5689927037258469
ca80d82bf66ae6da,0.49422181094673046
c40dee6c705c2469,0.4913113873328565
b32ca1c11b9b9f8c,0.49509774315939836
74dbaf79b5a3ae3f,0.6297721913789148
86a1304c25070883,0.5633866947945927
cc96caa5bd9f7fdd,0.456622351746939
4c95fe2834c0faaf,0.47946298734130566
d32f804d59eef875,0.4814734300916712
39e7fb34ff2c58f6,0.621410572475332
43be1e90c17598db,0.5279440264786411
d109551c799cbffa,0.5109372533501861
446ff1a42fcbdf2e,0.4632927706743848
c7c715e1cb76d988,0.48547890428771545
a3f20af9083b9cf4,0.4723826750923634
c037559fff62592b,0.4540071352986911
1a7a1d8195db3b6a,0.4695712117560411
9e24831947b8ded0,0.49935593169949377
1cdaa2b9cb04c2e7,0.523322356624929
7ff62cbb7875a285,0.4711386442888468
4a458c1016949533,0.4631013866211531
f41469552fd08daf,0.5318609506055509
1ae9a58bd9158d39,0.5610508392331521
86592882ca9316c5,0.5254056118791829
bd738c4f4b68f8b7,0.498971647169965
698033b1eac730a6,0.5413092022610406
c95bdfa848e4b5a9,0.5075813753780232
b7d7537a7333b410,0.4940253574754546
3dda7a19013cb011,0.5035662247105396
5bd62f968e716e91,0.49219250849910734
b0628b46f7296919,0.4633933717141161
e9500801cc6376eb,0.46028882420284667
dba9591a464d4e08,0.4567827033421392
9dee2b786e3bd373,0.5551632650758005
0b4e17be46190543,0.47541751527649656
310a3b80b22e3635,0.49373484695862924
4abbaf4500ae1262,0.48802010659283235
2208051b652f6aa7,0.48579979977259624
05e791953a2f62b5,0.48696563708506746
f1a685eac5a7094f,0.5126857675968464
a06f5a3a0cf792e1,0.46669983366968326
f69661db17f0f3c2,0.4961417487228972
a881109e2d7671c2,0.49976917927479214
64c89cbb409a5613,0.5368679759545418
271a17b47bd3a2e8,0.5117993976656847
671e0889b25d6c9e,0.4919179349658327
ffc020b76da28dc7,0.49055821863278526
ad101739183ca48a,0.5137118114823104
258df8ed9f840042,0.5115619946145677
d39eae913fdef91b,0.4942471619948212
c5f5ae8e628fa03d,0.4662132046555557
1c14e0d69d5dc83a,0.4861152162469682
7bb9dba49cbb9b61,0.544292479893659
3a455700013e3e5e,0.5595224228555581
e2f1b1ebe4f28339,0.508248713566353
afd16d2bb6cba3cd,0.5529498603964764
506f88c6e520258a,0.48263517275744394
2631104823eaa802,0.44384893668085357
c8151e6e0a6f56c4,0.48543324341672545
c7b6e00622a31e79,0.5096462687196738
8cf0c73d2fc70535,0.5001303503056193
935174d776e8e38d,0.49080184573671337
26513d4fc89710ef,0.509694399884808
84f41a4c9343bc80,0.5086809379420529
4c6eeaa49e8f2c42,0.4625057476086174
0446f0704582be59,0.5169906156307016
cb90f3af7446f344,0.5293896938518116
bc2777ef44c04709,0.5211319666672258
016b8b9538829d41,0.5961320801630898
64dc987033771353,0.5107229144585592
5ed59880bbd9d117,0.495881255874722
66ff6b2be1a973c7,0.4828375596082133
fd58bb1630e45764,0.4654635770842619
2d24c8f30acef423,0.4697015253461515
a3796d015f8d4c89,0.5151025784794411
7b2be2ba3955566f,0.4655148576540631
40e916fb90a8592d,0.5388410856544139
32dce45c4474c93d,0.4932044920143106
2214a5e64ffadbcc,0.538642075063574
bae2b49eec362fd0,0.44890788819363436
636221a5fd4f068d,0.4752173846628276
b4577b34bbcbf5f8,0.49938172636094114
07685f26ffb7f858,0.5135975927396497
534a58e93cc4fcd3,0.50228532528479
fbf05a0dba510f9f,0.5308615114302107
ce3d1f866e3ba967,0.5366818357725045
d03d0eb68c57b2d9,0.5327202415400496
2eb3b5f1530f8ac0,0.5041811463288708
83966f6241f91adb,0.5475085362619067
160fb54bb8d247cf,0.49584733913680745
eb42be33da4c7de6,0.557879033504523
58ad4d892562559b,0.5520420370082005
acfcc681345d5c7f,0.48442446033890607
212a7f59d00a8abf,0.4938861993784571
e401eb458acdb6a2,0.4965014816589369
28f7bf95c841dfbe,0.6166188113410559
962c299ad3ce24a3,0.5564022785683916
be540d9a727ba403,0.4709538456050856
e7f13038cdd53b9a,0.4724601118997839
da11c00505f23b7f,0.4639283278780173
5388e4483552a861,0.6192990809886993
5e7febca4b82b9b3,0.5279263795749594
aac99b439c062874,0.48909333993268145
64464eed1c1fd317,0.48177229564599533
63830dac242d3e53,0.4526132568260426
d8871173142266da,0.4830245156927787
d6a310a9f99547fb,0.4554887941869865
2e10c8106a44445f,0.47194086253797596
bf7934aba4dd3fce,0.49787291275945
15b9e7396c6dec1a,0.544258789208379
98819699c27cd37d,0.48875209935242525
1b86c3b310347276,0.463132291150432
77cf7069df1a3195,0.5404335528484772
a16866d9231cf4d5,0.5682114380585956
4f9dcac7d221539a,0.5408108901001104
0f77a8cff6bd7b0b,0.4980223870924809
8fa41e4334fc57fb,0.5552106019301563
ed4b185db6e8f647,0.5137745501126715
67d4d52feb05a50e,0.4837613746233147
6e17ba321f161d8b,0.4781036486283802
46b81a69b11bc324,0.4833239955225841
acdea8b7a744749d,0.4631876109634314
a636adcccb5bbc5e,0.48144160196195074
02debd2cc55b59db,0.4671306399301558
69c77a738697b190,0.571506120005023
d8a872a8662998ba,0.4666650052439626
075e828fd04ce536,0.49018830793070767
881e8c06c70f0585,0.4720055617446921
5bb5670eedd688b8,0.48880748431902377
5aa2900d2c06b9bf,0.5032464799122595
3108f7361fbb7ad2,0.5245204633226614
2c60438e49a23f83,0.470419421644678
c2219a263ad8f4bf,0.4913680733244663
8f50f26445859c5e,0.5212250863106055
f8cc6a71a27d9f60,0.5402608666967226
b5c0bf5fd8f8f2b2,0.5051290441787841
2ce32db1f4600865,0.47716445317875333
7cbab4a08bbfcd59,0.4917498327480071
271519cede3c48f4,0.5101821292503538
73c29a6aa185f789,0.523589543177763
85762267aa36bb1c,0.49310018610425665
6c3e2fb78a2894bf,0.4597646437797991
af2998ef9c806640,0.46396873999929633
782bc764827fd74b,0.553800924065093
42ecbee9aa7b3bf9,0.5675162034104411
069e28231609b751,0.49965691131994494
7878bdeb48eee987,0.56469026975639
a37fca97bdf5646b,0.46646100165480386
520d13b08b3c4184,0.4545043427108104
6e716c2063115899,0.4872092861936774
8fc556bdd3e6a299,0.4825411081699682
10e5976aa1bc356e,0.4910672651933462
2e099b339246f0f9,0.4904660158449965
47ac88afd4c4982a,0.535305440579633
7053c02eb2bcb64c,0.5245526012507976
b0e69a285f2846ee,0.46469215055514623
a5c31506d7c520bf,0.5331380954995569
7347ef874f124a04,0.5511044263498968
81db1c3a8ef678e9,0.5261134293341959
8e46322b216a1ed3,0.5921391735808843
0802edf94bdb8d1a,0.4861170889619575
242b5119ff783672,0.48880869573265895
884bcf3d4ea29b2d,0.49454404954746556
94afd57a51883b2c,0.46574910336868836
0d30b409446ded64,0.47060652804105285
872eafd512e0825d,0.5060568176454328
65109fa48f576f7f,0.4583784884714902
60719304db1097a8,0.5459491306934038
5a51cc3aaa3b80f0,0.47811867530734575
faa9fc5aff165540,0.5430213424404728
de0ec8ce5a1b9e96,0.44193636760987154
0d4db52bdba11091,0.47518656529042225
561406d3a5e9ed23,0.49510298493550553
bed252ec97d714a0,0.5210886161097397
a0f3a1f89275cc0a,0.5087608067308395
6d39b96e132ca2f3,0.5236422237375592
e14c685c8b6a7a89,0.5414963197119625
935f562198c7a7fa,0.549286163927769
a3f2fd4ce38fc54a,0.5050080848817144
7b02f2c1dedb6a04,0.5400319392201025
72b3759284ca5e07,0.5086800546022103
25b8cab9dbbd437a,0.5452350578562877
3d0e2b6c59207d85,0.5401742166011037
699b8aa134a8c77d,0.4822291242229695
3dd19f3d71a0b5ef,0.49385424343112305
6faf66a6c315bed6,0.4931113906609482
773136b0b5261c32,0.6223204366214744
fe4dd6d30ce27d61,0.5665880596621471
7b9c1219444fe20d,0.4713860841350124
b886db36f24c6914,0.468215298614703
d24f28691cf3eb91,0.4657343751059364
2719eeeec81357d3,0.6226414601709082
4f157c634b70954d,0.532379516717698
b9b162284a7be270,0.49225160838688153
bd404902ed6409b2,0.4815731014154605
036e8656d2f2f527,0.46357694795346926
95ce0549e282e743,0.4843508001343966
d1e4fe20359431a9,0.4701922762390336
7a86eb106b1d800d,0.46441263299032354
cfbdf568aa64eb79,0.4900569980759528
69216db92cbe6a13,0.5487189718338534
643bd9fbc73ae9e6,0.4914896103854868
e01dbb9e7b81eb69,0.4630662995031918
92e799e0486bb9c3,0.5433509408743756
7ac6ae3235823a93,0.5577318298506424
219cb13370fdc165,0.5418971709586227
9d7bb0d7e05cd1d2,0.49369464632626414
3ef914313399a421,0.5494620006355572
0c4890e054c978b1,0.526367458013456
1420f485ac0d1205,0.47798634877475354
75a71d78b0a48514,0.47910950927230966
60d62cc689ea83f3,0.4714646197734119
c32e4ac3740943fe,0.4605757188588605
f32d2f6cc4360b5d,0.45988181672787587
3fbb4d7b6986c472,0.46175435541202214
bcf95eff8817e619,0.5736899360399449
3bf1309f7ddedde0,0.4717652826795521
632504ff4c4b1631,0.4847786342304289
b103b80a37191667,0.4746554706977466
5a56de6b12b7c52e,0.4761373596573716
da16345c3ca69715,0.5047305883883203
43bdfabaaec72a1d,0.5338512746058381
303483b3eb570e3b,0.4748596146715196
4ab62fdabbad57fb,0.49173782845990865
d1bd92f9273304a2,0.5243779146735751
1cff98d91398295d,0.5471847273660073
1dfb9af3959361d1,0.5058222055747995
6f357cf33d37bffa,0.4778602738575888
94fda8f20b8e50d1,0.4890214864938993
c09dfc51e842831b,0.508106503136091
b123edc14d54ec73,0.5196294571649427
a9c75e9769c21c4e,0.48336016556811223
bc18f2829fcac68d,0.4648801863788007
2b423469e7116e21,0.45609213067933063
9520f619ea79c48d,0.5536859020553486
814b8acef52d053a,0.5741430093330029
917b97dc33be8734,0.5013495973286853
4cf373cb492b6085,0.5609403186962302
1565188352db5654,0.4790076361966029
d8893440603bfa08,0.45318013365157306
05320228cfc8a24b,0.48831346346787785
b2869ada7db2a8b1,0.482227877119757
42cba498b4e7238d,0.4953144144645587
51048f2bdeb1eaf9,0.49305466432607004
37f6286930d8363f,0.5399742989435046
eb7a2916e8141c77,0.5256417420779713
f9f63953def77333,0.4714857066001923
8566f3e0c1019d91,0.5330394000378577
6549b685527853e9,0.5534775981326195
b339e87677af4ff5,0.5385029590355588
85b6e17b355a47e6,0.5871114022407161
769733121d875025,0.49278937723885385
50508b60075c1a1d,0.47507888457972824
7e89b2513f006909,0.47891288800011256
b694e0a7875a29af,0.46526310516694047
9faa25de5fb59129,0.4775196333116667
825fe2446d6ade0e,0.5005972868231054
94d7793337b89924,0.4494163722708966
492c1be41a7cef17,0.5449157871784527
f664f5bdc2eb44cc,0.48646749397793143
764103802cc88428,0.5282002139960149
fc15190c2b7b18a3,0.4562213322843536
39f36fab9012c513,0.48768476015014206
2c1d4e300589e6a6,0.49159383432429404
53686a3713bd161e,0.5150203567908773
9b10274214d9ee33,0.5118185495686303
41909027a81f3b59,0.5194677799067857
d4b42702c93ccbd1,0.5432392445529884
573569ae209072fa,0.5489530362712148
9afb7221a04f9024,0.512940010874223
25eddeee1432a52e,0.5364731508544672
e1979bc2349cbc4b,0.5083860216181925
74861c309abb077a,0.5540157455431762
1f4cbd7cb1c17a54,0.5286726244037955
dead5a7dd7cec004,0.47772940694798294
76642d8b54bee509,0.501628450601118
2b1a4bbe3a0090bb,0.4930459978082171
57280c07eca9bf54,0.627272869885212
904416b74ed4c1de,0.5642461794436586
120307670477c48c,0.4719022307878762
cbe797ae97203874,0.4769367354835885
f1fbf630a2f0aa4c,0.46015236542000404
2207ea65706ad3de,0.6143635778311953
517722c070aa2c56,0.5277625313883714
85b0d7dc9deacc15,0.49020959781300855
7670f01fa2306d8e,0.4853274604311637
45a9a7c107d79f39,0.45976078755734573
82bd20d22449e72c,0.48427852915702685
f552fc805c421b8d,0.47213925041273064
20c62e00f956262d,0.47012267162283716
ddfc0208d76f2308,0.49406454492679663
7517f2a346f8c9f3,0.5492383654454304
c59e7c9932681538,0.4946519585245359
f63db41d08bb5918,0.45758208736412787
131b3344929520cb,0.5440818504843613
c21f3f43392f8396,0.5682581813848563
b2bafa544d04396a,0.5532073737591863
9b3eb9b351d7d2ac,0.4928736037812318
d9842c28d9e7498b,0.5460375162612994
449e23f372a1ba37,0.5258601268365543
764e33b8b15b903d,0.4782747848008737
ab09043dfb2d47b2,0.4746530549559018
06373adc379092c6,0.4702452390442602
96d614cc2f7e772d,0.46327831097697003
6569c31a9a32599b,0.4609352076926969
79aaf96ea6362c1a,0.47241182517558866
4aa1576e080e5240,0.5773307325304409
9e59d524ef010d32,0.4729618788169405
53dd40ad6dd49e0c,0.4866606194512373
161f4536117ba51f,0.46907915337432926
4eb55b861d1a84c4,0.48116173285142827
9120b2754fe8f702,0.5074898220506177
3842ea29b0806e3d,0.5256160150744968
d577eed09aa269fb,0.47760063161692845
957e3fe3330fd451,0.48636019056573465
70c173440fa0394e,0.5229475015601172
cc3fa0d723002fa4,0.552929957681217
ee51c54574dca4cb,0.5042394312933092
5ab79d6dc0b32252,0.4666802063461519
35ca11f2679c5c75,0.48872104352641543
013ae09128605092,0.5144290385417304
17dbf044c43c097f,0.5146603154834273
494092f87f42fb5f,0.48435561396523785
a010689f3efd9e8f,0.4691936400764023
b3b469514b0050c7,0.46069785294684906
bfed54ff42816fd1,0.553763497574549
079a274f7daf136b,0.561627198107427
bfdbdbca26fc15f6,0.4999321388587691
98dc550da97fdc56,0.5618070433542266
57061e437a831430,0.4707482203196631
d223c8da2edc1394,0.46506132959560686
fd7f31e3e0c9fe4e,0.49934372639642444
83b1035f29192b03,0.4814568613538477
ebb4fd074f231745,0.48658591940058105
81205476790e42fb,0.5021678010313475
df04a89843ed4a08,0.5315251185429459
7316052f7318cb75,0.5297283083862377
4560e058b06d4a26,0.449982746874777
a6b1929e41f31ba9,0.5326325527489917
6a671dcd74b71848,0.5474288267781707
5c5f5d3228513ab3,0.5343864115025756
7c24814aa90527ba,0.5972412646376604
c71c7b71b3e2a11f,0.49049068245936434
5b70bedc6e5542f8,0.47124341008296455
6294f97ecc25c08e,0.4793888726480088
536dfad5835e5f71,0.467475051966014
8c4dc334ee128a7e,0.47641943662808806
cbf82435608f8201,0.5078452774100926
be7bd12394622f98,0.47083679498798436
b77fb95758024f8f,0.5367786978892293
d4282bb56f306df5,0.4782854918393349
cf3517d9d983aa69,0.5387764283890111
056bd5e7f38a0ff3,0.43921972917161
8e64910dedad0b80,0.4850921326951769
4807f3fb23715d5b,0.4925445106720755
25496ae9fea8aa1c,0.5111022094654389
35f0bbe5aac41564,0.5122917319810535
66ec0bd29b31c537,0.5171615422043828
31b56458d9e74e17,0.537140596572411
c77be4731015d276,0.5431927504183176
50d522701a2c64b8,0.5139785005416793
2cf225e4192f8d3d,0.5344279935095653
4aa90ca3598215d1,0.5070724678936287
b3dd74f2d2b21260,0.5622732417203684
9471c6ab55200906,0.541076227999968
fbaab928eaf6bb15,0.47882207293575196
610594afa0366149,0.4876187915763561
c2d0987984e8e169,0.49956667026891277
8143514a0e149da2,0.6185812126132211
8943b25f6076cc7e,0.5442439099627759
36d390732ff32e01,0.46531878149664807
b08ca56439e00a56,0.4776771424204602
009dd2172864b380,0.46571081622858224
5bc6b66f5b322065,0.6163992442760354
02c2f7c708ad75b1,0.5263796350969161
d5ca1cd8353490ce,0.498127696136061
3b49a82e56bae90a,0.47613524218187875
4665c2201565142e,0.45635818986281107
7dafe401ad71fc62,0.47122993615826914
230ee11b47bbc9af,0.46242613909916974
f13d8bc229fb25cb,0.4601559336257466
05c692f98ae2f516,0.4945283043872438
b4f147053dbab653,0.5425704618493103
0260b637903c4aa9,0.48905618894628566
5cd0eb14d18a9b2c,0.4589020583337773
4fa389d93a1cc028,0.543091550370193
3d34f861907dbcba,0.5604794995412283
83f9aceaf12c950e,0.5602064372628712
6af10775bac02ab1,0.49005944485483866
94700e87e9d56d99,0.5479396599774968
c5590bfd852a37b3,0.5220645138931482
d132b72bb3679b43,0.4786191998292286
fdafd8073f30225d,0.47722735649952464
2439b5ad722976d2,0.4810213472321525
9d22862890cd7343,0.4714870922017276
d7a70d768098fab6,0.4663897923632756
24a947f0d96e88d6,0.46889749142437676
084c5fd16246a38f,0.5767484043959316
dd1137dfcf2fc9c0,0.47465547282166554
565abeddeabf8544,0.4990914816893617
8c5ee8a88602c30b,0.4756124018763166
f2b8bba584cedc67,0.4790976139440516
af1749cd1cc24c1f,0.5054767627590252
a79b61caee2ac6a2,0.5210933614586897
32ff26424f4645c9,0.47129310015333625
5483238df8b50c81,0.4876542853174517
c22d8f984aaa313a,0.5207503878134169
cb40557578bbfdb3,0.551282149186425
ba8bfb68d2bb39d2,0.5096206168155007
5cabef4e1a62cd7e,0.4724198822797656
820c4d9e36db1bb1,0.48386201797004413
d73289532eb71e72,0.5076701200442051
73bdb645e1b130c9,0.5173816227908042
9d3b975113077aae,0.488062181280976
2508902688e86397,0.477106387888778
e4c1ce0b7dde56e0,0.4520590557051558
3ed003e85ac0aeff,0.5553561043989949
730ed106ed31ace0,0.5610548298262561
8e5fe01f8e59fd60,0.49739867512703384
6468b855a3537d12,0.5465422883994505
9cc52624d7ed55c2,0.47313853061720623
e2ec3daefe1b96fc,0.4728396783221418
7ea9b42e5f629c94,0.49245979817596064
0b6f5df5805ba398,0.4896166044011723
851f4fe2d71290ad,0.4892768133550298
0f20d4b5ce3e5a0a,0.4981069995250671
9915fefec1d7c913,0.5343371590195558
9a6ef1f24e4877b2,0.5223635440263691
1d7157388866d85f,0.4596211261459129
54e6cc0cd7647691,0.531747866259859
48954bbce301106a,0.5407049631328222
b0672a2f21e62271,0.5317437033986837
eb76a1f9effcccb7,0.5826066090418734
c3a0a27bdbe96c5a,0.4946528811539137
e88575cf414569c8,0.4764422387038505
5f2ae61c44fd630f,0.4826884726762499
54f87b39b6157f48,0.4681380300225857
eec8fb6f53fee5a3,0.4831078563260731
023704a8e3920714,0.5046533169837327
5ef5477f89baea82,0.46588920200099904
fb4cbc03683ccd8a,0.5400394079400512
d038a335bff23116,0.4751278499301308
188a52301a113a75,0.5374422322883929
a749c1a25b412fe3,0.4513982679815194
5e757cc7a45638d4,0.4766941950772967
0d148ee32beffa31,0.4882182246293829
256a6bc4d5f101d2,0.518811171981665
380799cba39c97aa,0.5015118486163488
fe0e6c19fd92ad4d,0.531970123824371
260e89fb8a9f3e92,0.539292670049089
c98ddac7ed8aa487,0.5399209974234567
9dfb909ef651db05,0.4998134058573601
52126725ee123552,0.5343408201910984
769aa2af0a90a9b0,0.5015176572368821
3c9b762cffa94405,0.556677724579465
da074fa8418ae146,0.5411309686355831
2ab817a8057ca8c2,0.48572166457316046
ceaad138bd58a0f4,0.4994210320593455
4ef0cb1f2aec44ab,0.4881994199042312
576cb0ebe6294005,0.6154467857944039
1cbfad9ed151acbb,0.5533956827985768
84ca485e34a25072,0.47853601580748495
2913cc3fc96fb049,0.4709129145180373
09bbbd5fd1705e49,0.46327796746278305
c0e1402a6fef8abd,0.6150324216338424
022a68fa6c1c19fc,0.5271546458561346
d6f1a625446ee1b5,0.49035873780826855
abddcd1290a2fdb5,0.47487703353663746
1447c2cb2ec0b656,0.4569088670062911
19c21a2df7f7882a,0.48776460655778575
e00b5142a3d2122e,0.4726059156140312
de5f486617bcbdf0,0.4611124416436372
2de39a381274586d,0.5001574488420855
edce5c7e21ba1d6f,0.5464657257659571
e34b8211cb04721c,0.49479121947338744
39fc64c1a4950640,0.45387961137167854
783da030f1026926,0.5482208199207256
852cae17d6baed65,0.5689078264384437
1a059ceff91a9ec6,0.5699315086533739
093642fc2cbd1584,0.5048385232062366
9d545ef3e4357a0c,0.5331513490959386
5415b5526c226d51,0.5129783585139334
b7adc49fa4d6afab,0.49386013431767317
c889602742e2c11e,0.4717714578783452
55eb7a8e6d32fe62,0.4786265951663107
99aab374ef5d924f,0.4750810269884205
acea496f570a0fa0,0.46282695758473236
5bc4e400dc4d77a3,0.4781282709398098
d6066518e3b282f9,0.5828869688302116
004842929189dfa1,0.4696627698117788
c99c67ac061f6158,0.5058460080291729
0d791061f068e09e,0.47126606926321424
cca657123ecc8376,0.4773333500286592
c04d1bf12f174858,0.49694390405496747
46c28b9ce360bb14,0.5117029239591544
4fb7c0e07760c71c,0.46819519033854884
c482d2cd54e31772,0.49029073242073207
7f26775997f69c35,0.5107643486630531
ceb2e1807bd227fb,0.5415436641980608
265ebd382ff6bde8,0.5050364170692776
5b4c98f47f497a99,0.47304668477721434
c491de99bbcd67ca,0.48795152218296844
83ce4df90185cd6e,0.5054669314581861
4896d1107ef441f4,0.494784874144917
61bb003ff13b5124,0.4866476894287318
de3c38e73549e666,0.477909443349813
e7674274bacd12bb,0.4509078896351495
1b5464b485629f22,0.55579563828189
e7b634c8fe35a877,0.5731003600067424
7bfc88a44f9b81a4,0.49515569739543763
464472ee6434a955,0.5555554033522467
b431ab2b97b4a60e,0.47248962510477766
604c50ee2e704fe7,0.46898199711953814
8f4e88e4f0ab95da,0.4832983660823793
fb7d06acecf4e70e,0.4853862350419773
272413c6e1c1ed5f,0.47362552417914694
5e7cc4d0d2888bc4,0.5012759458779792
7cddea0917ea9071,0.5324016132005155
5dccf9e4f9b9884a,0.5161007856527434
a9da15cc582f469d,0.4698074182849479
966072bd4bbefaa7,0.529477581531213
c947e0f95e4ed8d9,0.540923795325237
0779d351d3d16a77,0.5265679438781449
8d7a16511320f673,0.6034581720537309
8b3eae2c5a7c45fb,0.4827136754860333
7e6425187b61df7c,0.46806337997540903
3f8de54757814af4,0.47656015288261755
b840dafe592e2ca8,0.4571643734686477
6d688cb4151a5359,0.4822923362309035
a62bfe4e9310331f,0.506466858075369
f5b66bc781b61337,0.462764353259552
8f25283b11876299,0.5364969329703023
8ae7cb63f2232674,0.4739753241012089
fd6b4a296abf768c,0.5346206886904953
897bacdbcae361f5,0.4504476750195595
9c8f76e951b5cd0d,0.4830530234749123
0c144b96ac9e4d1f,0.4878580760429162
52db528bf99486d1,0.510854964990708
97972c011db54968,0.5016576061168239
a2a3428eb9cc458e,0.5317175234043319
fc4dc8ed82ad8716,0.5321595354854689
dbff697ae706472c,0.5446490713779746
4f294cdeca6ebeab,0.4963769737316214
07dccd1234329335,0.5387944023084568
e14cd014628ae40c,0.504702250300803
8478db3a2ec4be77,0.5723541631780463
ed35dc3199c7d907,0.5348809606382445
365b892ed2b9f635,0.4835733029943774
85e0ab67ef3036ca,0.49721891809991225
32723328a40f5789,0.49016198141810907
d904c39ac90dc13f,0.6197244959293956
bba51a8a18384ed1,0.5464199215378472
f72b2fa05d2f0462,0.47404262535655906
c6e107123578a28b,0.4710568393327933
d0203f1abd8e5bd7,0.45382077889330774
1a52708b05d3c8ff,0.6185621220023129
87c80b227e64a085,0.5340202997746613
905d7b41c7dbf247,0.4876205287546317
60d4bc77bb245429,0.47878654399276266
d268ce90f2a64835,0.45417563164954733
a29e8ec1e282acab,0.4897070957124914
eb75448991f9e496,0.47862438996715084
e66fd997b09e347a,0.46302527323257503
d6916b065da1c360,0.4934178488989973
6a9196886748c77c,0.5449342970421256
32bd8607fdca8f50,0.4969217939393893
197723f6d88d6ad3,0.4594248425571654
2de33df579bc9e72,0.54515412503756
703919dd8656426f,0.5745948630662687
f63534316cfd6ab0,0.5645864362594029
4744da366bc2bab9,0.4992926295697633
0b029511f7af2127,0.541848787817589
8b62cf2db4ab5260,0.5177055534627963
21fd2bd95e007471,0.4865387823994871
60423cb7b3bf4063,0.4680178934970656
af62e6d1b70cb858,0.4750954974075068
3e638589962f396c,0.47371588973339573
93ab93c1993a1336,0.4685475261919406
a47610b613f7a07d,0.4838899402025244
79c9a576bb6ae74c,0.5730163163568648
cbc7df0530de5ddf,0.47771982465977536
631ed0adbc9e97bb,0.4952929964545305
c5edec0397434e71,0.4794627434443104
812a89ad85314d4d,0.47769316643266047
2ec9ada879c6b1e0,0.49812409218957576
61f80fa90d41b967,0.5162045532090678
ce20592222df6195,0.45847209868207983
2d521e12624ad386,0.48674534136115544
8cab1a2e65514ca7,0.5135230952361763
26c9f4f0a9492fb1,0.5421975433069013
4524cfe9b3838c3f,0.5059008682104918
39546a91735474e6,0.4710455130968776
cfed8a678a16edda,0.4842472579653939
5dcb901f5a9ffdcb,0.5103889392037297
d0f49049aeb8879b,0.49600192181561
e9c2940ed73a0170,0.48716214106057865
66bb3efd991e3d1c,0.47453159267847367
4ba0be9cf4487720,0.46087095923098165
339e32343349f59d,0.5535425241743462
6ae6607b23a94a73,0.5638867762497664
6cc15a6665295497,0.4987053708375435
924aca2af6bd94ce,0.5490970411237125
ad5a5417e106d001,0.4681972461945888
1636c211974aa3df,0.4617994698698409
c7a358e52d9f11f6,0.4795380184418878
a929059618c329be,0.48260160536493246
b8113ef553659fba,0.4700220655362837
becc5281d5f9264a,0.5015406614955495
07b9df8812f1fc31,0.5308644693037787
2f1d33fa0d4e65d1,0.529190884148582
ad046385f0b3c3f4,0.47371183018742324
fd201bb8b9b3ce22,0.5269500770390643
fd8693e2ebd156c1,0.5318845025036189
5d7f24a5ee1ccdc8,0.5285152134141176
0910cfef83e98ba7,0.6051057321310278
56dbbba149178d8b,0.48615968903140494
2082c3b8f0268998,0.4714496850960175
108b42688238a3cb,0.4793693072387627
5796d77d683a7b61,0.4594930951358618
1275391b14d12618,0.47102393186071123
5a9e60369867e3c1,0.5061366504542166
475abc26e50bc84b,0.463360855962317
f2b19b80ab50f7e2,0.5315546938514016
0c6d03ecbd88963e,0.48162336609235923
68728126db5ece6b,0.5335426271971955
f19a224ae718bb4e,0.44785140978632487
d73181bd1b0166e3,0.488170910884858
7e2117788b2e3742,0.48863191862836364
c4214e3269fb6ff3,0.5075414229432007
f8ca4c6b1846f8cf,0.4996078775174069
463e19b7cadb09b0,0.531415610576014
a8526982cdde4076,0.5486179555962215
29218534aa9af966,0.5494429354989661
b55231cd337c1283,0.507553223765282
25699d1b15792711,0.5303604154240638
e6e1c01d9669c10e,0.5052757285704185
67298ac2c3a82ba7,0.5626852081932134
a339aa59e9c9ecee,0.5497100947859792
47305693fa58a881,0.47996977707206856
7f6aff6380758cde,0.4953309097202705
9cc923658ad72bd6,0.4942433810034429
5c59f1a05d15f9ae,0.6215354069402632
4025a35d50011ea5,0.5453203733077268
a1dec3a8692d8ffd,0.4808636583385242
eb499ad4e00b814a,0.4757283489698916
71eddd0879f0d34f,0.45845496419333553
a65b32a456103792,0.6018710017658444
cc285e56373ae0b8,0.5092024105763973
5cded3a56e7d03a0,0.4908218472727325
95fb4bc82ab1ad39,0.47660464285167725
dcce6eb402118713,0.4672862222699048
0efdb269de315fec,0.49558928358948173
b1b0e4514dbb0b85,0.4741690417654152
baf67003de3cd77e,0.458381599250236
8f5c5f7b2f2d4f09,0.4911296493995223
18cb8634942219a4,0.5406415156349386
1a1d816ea966be21,0.49107517015780777
f194ad65a1690fa6,0.4685091990562291
1f85786d87ef1797,0.5314111185156223
ae134b7ab8a5675f,0.5766567305306128
12833f162a91b04b,0.5615263627876159
a9ee886458adf923,0.49182519595256724
76dddfc600ec008e,0.5397136159241407
e6f00cdefddc1b59,0.5106826477757407
4394db72d0fcc1b1,0.4844809671060384
5de04a91e9aca1f1,0.47260749804743685
2f725edea84c52ed,0.47402645621777184
25259f3bda31d293,0.4694152774677043
a2700c5ead4824b4,0.456178339048366
343412b12d35e3e1,0.46079389488795675
d95469dbf960dcc7,0.5664537944644045
560436ca9a20c046,0.4830978733339131
cbb5f020a7f79acc,0.49327018817680535
0395788ef80b0471,0.46925555431343624
4aeacd87a6d44ec3,0.477939181819126
2a81da7a7f11f497,0.49682700637235466
8494803cedc866ea,0.5036531881947066
7df33054dd3afd95,0.47260881594569426
15d74f7e83d89534,0.48889291060866946
33be6d6f2d0aafee,0.5165633999033743
9387184567851304,0.5324381962552017
923ca599619258db,0.5068796102933586
a4da2d37d8646eee,0.47367492810402356
331038c877b51053,0.4744929212650558
074bb2e3979a905e,0.5058336597564459
0790c01300b6bd7b,0.4977904332553571
354e42e995068232,0.495389346038269
c69f5117110dd951,0.4850706727329147
d85294d99c0d1748,0.46330974329346775
0833dce3a563053a,0.5498163490095238
5051ba395de5e02d,0.569768197499861
131784fe85bc7bd7,0.4787833509712893
194d0e026afa8f42,0.545005297884556
4e460b4a2bd89b06,0.47136882480806275
b53e2a666c298906,0.4649535980133679
d116abf44f152305,0.47941908005867884
18e54a9793ac8e1d,0.48251056368007594
801d040b21a307ca,0.47569808581243533
b0ec210bc9525a6c,0.5027788052121658
611faa3986efaf83,0.5328420907960554
44855de132e6b1d2,0.5142189547075632
d73d87331ae8a4f0,0.4773010835489784
39e579bb80cc33f2,0.5150258615209091
a2095497d8820787,0.5346211987954453
5cc0c8bf7a996a7c,0.5252393522329388
6ef95569353e0c69,0.5988134957926752
e4c09a9e3135b86c,0.49638681644847127
0720d7c1aa16c3dc,0.47544346377525526
29b019c40b9fe1d8,0.47651680413303343
a69e2b7dd7074d8a,0.4603024120610397
c733e85d9572bda5,0.4674839496892679
006575246983eb92,0.5105975852163398
2e765b6f45edf079,0.45808319095635175
1c6ec649d2b1ef31,0.5266265185210425
ab9eac6c8fc1b5c9,0.4889130151103529
1d0148e1bd3f13d0,0.5265324451040296
0198343a041060f7,0.4625416935690321
b3a9dd8194b94f39,0.4916278199221692
1cc505616f0eb394,0.4897702117476407
4227b0afcc85c48b,0.5003731533385096
aacf1cce1dc93256,0.5001726630577403
ba1f7d6e3911f04c,0.5177464002762444
6d431448c271d13c,0.5454870631177395
7e7922dc9ce4dcde,0.5525765723596733
9af195e291540756,0.5108270306944134
0cbcd1b195beb0fa,0.5343595852423537
805194aafcd2daab,0.49945641351667547
ce4639a8428ed290,0.5745900921707638
b2b4c9def8871e1c,0.5455562170094442
cf94620d560914ec,0.4798540818665529
9809cfa3278ba668,0.5017193821701504
72b4c9e309ef179f,0.4888954718097903
771044dc3a857317,0.6054144509099272
9c0a49db05852c6a,0.5449201928021975
3aa0b19781a162d1,0.46887138422642227
cc38e567ba1c76c7,0.47256120474320196
76546adb7fc5ebd9,0.4540756780468961
4fc69f4176720919,0.6143860872719098
16abbde33721031e,0.5137008291824766
3c54865cbe92734b,0.48411106356851663
ffc677fe0de37160,0.4735521426225229
b3422ee0ad0c9a36,0.4620583510506895
1451760e5f74c7be,0.4870162932400608
764f931c0c659f02,0.46882405265593363
87a8a6c2384f5511,0.4600598222227156
947c3c77a8fd255d,0.4845797549765828
0fa5d03d35c59f2d,0.5418547163025513
ea24e2d3d7313c46,0.4801700230495467
58689ce9c42e0b64,0.4610580466768399
4ae3b89d8803f74e,0.5349631938283339
95392011b2ff98f5,0.5756245456787633
7c1dd2f4c724c0b8,0.5653193190324908
d43545e04ea25c35,0.49352280485000055
be481970ef63cdc0,0.548840582032443
fb0bd3d7d91f0778,0.5156251877179081
8990f200fbfca52d,0.48717137104079533
2041fe0d20dcb512,0.47081286386432897
2c2c9bd6c9a412bb,0.4809069117344913
af7e89183e8b0b07,0.4771726346459919
1599934167bc9f8c,0.4607694424087718
69b77148fbdd10d0,0.4732001247525348
5dbb61166af053c4,0.5879007709532322
01c6e3a8bc00413e,0.4801460067189124
8f1add9f72dcc5eb,0.48623218986334305
648e093a917a3a55,0.46753723695824034
db4a67d9bfd2ae50,0.47503459067736076
009a595c2c4a16f0,0.504822638753147
8628f4218e80af7a,0.508171925553757
7b00593fdbbeda13,0.4738794966954256
06dafcec04c4d1d6,0.48705227751528324
b2fb33d37513a189,0.5186394441280946
d7f9aee1e51974ef,0.5425609893275216
7c7d7346c172871f,0.499029439419419
adb167b878504609,0.4688576807717485
f087fad2232feef8,0.48256608934419365
3d5c55788c220cf1,0.5136467183654636
5afa8c68442b0921,0.4964345793279423
68fde9f63b18b965,0.48808404820021656
acfe213f8a71ba26,0.4876000051726175
91c68e1234ea8106,0.46509441551216835
6fdbf8278102774b,0.5505881413603829
a7837ae284e2caec,0.5781812980025971
cca639d752f8c5ad,0.4835650579708929
13ee00eb66f5eabc,0.5560881212100923
ecbb842f41e0c6bf,0.4628277971454784
cbbd55ef3a0694cc,0.46354210309671984
c28b31c10d0d99b3,0.4836825133151098
ede44c3cea116768,0.4793155982707771
ae0900f5b024485d,0.472803836835862
15ddb4a0b37760d3,0.5025494965261255
7d264445eda0f421,0.5271429825730108
d57f50372bcc2286,0.5287489720033078
9d28193377a46a67,0.4784246084443442
be49c6ac55789a50,0.5129659994880057
f36510d2e491dbad,0.5397670424158751
5cfd23d4d0ddce4f,0.5239736740372609
f3cca415592b751c,0.6061896589998386
857bf797996cb978,0.5048246432223358
61737e9a6e8d7946,0.48177115282342076
e108e1110f30a955,0.4842823536341869
1dd2bc64c87dd47a,0.4600551598059164
fade0988656bb299,0.5092144999794613
426ddcbc370557f7,0.5067842917132961
fbdfc2219f81711a,0.46310995511274244
a4ccc3ed9c67e5b4,0.5304115643435905
83564bf070e85036,0.47408158083184715
d6c240f355f4738e,0.5339331810937421
aadc2ff1105950ee,0.4499774214523198
6cfa9de366f87548,0.48444115459374615
efbb6a4e9780eb9f,0.4940521658635062
087b5c441ede71ff,0.5131261283382684
a3e3a0ec79ef6275,0.49848482755393286
c6e1c151d520bff5,0.5264391546384493
3a3fcb1aefdb3b7e,0.5379453144153463
c6de6d297213af20,0.5381613554024314
798e5fc3c4dcac61,0.4997252864906314
84fc3b6e7479b78f,0.5452128699188952
6a53c231b45c7126,0.5022608239971857
63ca2bae7433bb1b,0.5765728522471749
1795e850437c16b5,0.5446893431063258
10b5755a4a67a019,0.4822558472658358
d2654257a07a7fa8,0.4898652779644095
595f6fd9d6358672,0.5003324205242728
6957383dfb4a5a6f,0.6125380700403529
36a81776eb96b633,0.5480397895521
e3e02fc5e64bcc42,0.465827132749955
0382b4cebcf54fdd,0.47572182872305113
fdb5a2f5af7d4d0f,0.47203684879430763
256f9ddaee093eaf,0.6225089340649352
232817b6e1b446b0,0.5101847705414259
302aa847c1f27006,0.4984489144270944
1c3b845222999e2f,0.48179797613946795
37eda6761a3db753,0.46185186343818807
538e9aff3d7a4e05,0.4824099046737045
768e22358c83d3f5,0.4659849163716625
e4c90575b90f2761,0.4560572023150773
455ab7488a0dd431,0.4740421036829734
6e5ce31172978e49,0.5430408623010101
6f9ef36557302cf7,0.4808401066189488
d52deb0f6389dc70,0.46736236672770515
b9186281228aca0c,0.5307669345954497
42630005536ad735,0.5766486507207165
39bec1805f728541,0.5642771802677518
a45dce415a27beb7,0.4946847246410442
888b123790d16509,0.5491491181764357
8de36a4c6b97bde7,0.5131651004251201
a6cf71d20efde444,0.4913408142274277
a1127fa9b4b0290b,0.4763096006940697
d31e6acddb87b94d,0.4933933433870399
e5476f782b9e12ed,0.47576505278243053
0a00560c6fdbf1f5,0.46860338590417205
c079d75455ae4d9e,0.48445431944957984
a3ca671656a53bd3,0.5738330343731373
24f97d5ddf46187d,0.4949184659427164
d837ed91b2bdd2cf,0.4865562882424326
819f1a46478da74d,0.4651873199877119
60b076c795e0609c,0.48117944625557985
cbfbb83f33990bc6,0.5027211865990511
cdcf02aae386e7bf,0.518159225195256
7b2203518c8c35b9,0.47219585519472185
6dc8baec138efb33,0.49848372281826636
1973d3f5714538ea,0.5119915938719767
babaadacaa117dda,0.5372639050470747
bd24161911219ec0,0.5045641057457833
a1a801bb8cdc011d,0.46827020519506757
4dec9070a9bf76ca,0.4699080202853505
83bc5a0a390e184f,0.5026548473226436
5451dbf904d8ba9d,0.5046542566802127
1622f6ec58d2d874,0.4933100156439668
4059be014879ab00,0.48366952548322295
59927de172d1cfce,0.46970583769712304
69728aa908f1b3b4,0.5439684890678482
8616a172d813117a,0.5748264038699725
4262cb870a41ce0b,0.4971744821927856
38ee7cf13ea894d3,0.5369815255085708
ee9e2f0ae73755c5,0.46449248027159273
d8fa3ecfd43f5bc8,0.46229693430032004
05931d173649a6db,0.48055475941285963
3e473f9880822d2c,0.48848463044840773
2417d0ef4d05db3c,0.4822793770469954
3bb4a2752880ae9a,0.502201558590932
04fa3ee610fdb1a4,0.5243202618413968
45addb219c6cb9bc,0.5096579999460792
af7d6e76447848e1,0.48600048824391173
9b5b25792603ef5f,0.5080222292848946
8e829152bb48a94d,0.5334879859676582
ff2dcd721900e17c,0.5155555665290471
f4b94baec62f5c25,0.58912369722891
dee8aaa910699b33,0.4967617234319347
e4a6c9755d0b2025,0.4845271578022936
60cdc5c252c7f8fe,0.4845140413398775
e338eec8b83f3561,0.46427673270746683
e1935ee8e66d609a,0.495105321763443
8f2b8a71fb74d3f5,0.5027485396883807
015e16d489ca94ff,0.46801471452836485
26981ee006d1e75c,0.5417707034464355
e52bf4a6a9324227,0.4841882742821828
8b9ce8a9da9c9390,0.5245938342152363
392f14b891e6c586,0.4699134430434383
cfc596e1674b2cd2,0.4923845507755955
cab820de29d9de01,0.48963452584421097
0b29cde1246f09a1,0.5089836756681296
691913d71a86c3ab,0.4960957798361175
413b9d7caa256294,0.5299152513189066
5358e052fdc957bc,0.5456665013770684
15b02edc0b2e02f4,0.5422120188148264
5255436a4f6f017a,0.490407543684812
ac9e3357f8b5172b,0.5293919293015095
a154cada9ebffed9,0.49905004034296496
64f1a6e4c479a4ca,0.5524837871947565
469c310a6537937f,0.5470485238364761
7a559d49d904a120,0.48322808792213134
088351db95614a80,0.4890185635994826
76c9c4b9de3b191b,0.5005268346085876
15f7653f6f74c8db,0.595113838566953
64a1d7dcaf9e0a3c,0.5591313611676149
da161e9d0f92f449,0.4657365682110197
e4e943e72d410c43,0.47790125454010257
4253751fbef4a5cd,0.4625596754460968
7b0fa1ac227a5762,0.6122626178585195
949e28db8cd1c786,0.5029485617393119
cba40fb91e1f20bf,0.49252369789740036
e91890ba460b43c9,0.47468187513317706
3ae012393ac848c3,0.46007548423177724
b922ac446d9c2380,0.4799398758818345
495c489a3061bd32,0.46301574234129694
96a75771133f5b88,0.4640983129628712
1291ef7abb8213bc,0.47563366760439973
9afe77d2f19f5b21,0.544716905104736
61929d74b7f3184d,0.46189598581056
6c1eb46123bc14f4,0.4649394458123237
f78da18c08670713,0.5529447130837079
1a837e2da79d2ff7,0.5770527022028608
66e96f37bd6d29ec,0.5649076299536946
a618ef9e455ea3fd,0.49884674516557403
c280621344c426ae,0.541742121239599
a00d40b555583f98,0.5231703854142351
dfa8927d0df286d9,0.4862738993209488
1cbb7ed00105a6b4,0.48087619665894643
abd02183e4f11918,0.483832046856267
d942872ba88bb83e,0.45788353527888814
07abc1a2a73b840c,0.46857873822259943
fc61b84150c90adc,0.48377196112261744
ff2832e741bfa54d,0.5941982676212753
c147d99d480784cc,0.4954966652038264
1b2f3457740bdc01,0.4842696524248673
a47aa5802d7cab81,0.48622124836711134
b65fd8d87594c3a8,0.4875139716834581
aadca32abf37128f,0.5008313576985518
047142c5db403b63,0.5112934018162492
ccf2013cc51625cf,0.48078668067483066
8698504e599f04bc,0.49726932875087526
c8e3f404ea878dba,0.5163826712420128
0050b5457e8d2764,0.5241650674878433
545f4b17495ab1a0,0.5115362212821236
3ab177359766741c,0.4812751116055958
eb911d1e4d2d45bd,0.4776369012485966
fd984b1b76e31412,0.5206456510296162
dbe35eb013e7ca38,0.5019823332325365
60346d5e5cfa2197,0.5066545186587263
543747e054e2884e,0.4935719695156765
999425fdf7b6d03f,0.4671234781809199
652c43f09b789860,0.5431764608121726
4d93f1c4e822acb0,0.5791596019618075
3e812869ad45f2d8,0.5047014022835977
447ece2a23070d56,0.5527308720382249
40d018bb9c93f3a5,0.4751262093444255
096bdf0dee8f7bfc,0.459004307747207
32984867b285af8f,0.49806120634050066
321f13e36536f92c,0.49600496999861166
c669f11c3e21b6c5,0.47947609624391707
6abee9c485ed9f63,0.5091249371658925
bc38577cbc13c9c6,0.5445102745707574
8c8ebe13acd5241f,0.5142584178955301
0f7f71e45cb8b123,0.4809694861058178
a3f349493ea2de64,0.5226360171099432
05f50d44a48bd55c,0.5284208454463781
3c62fd5f94450de9,0.5323240046334938
f0aaf448377cbbe6,0.6088090568728349
8f803de97f59e9b1,0.49920840892470153
b571d616eee738fd,0.4837181136868163
b169ad8744860d21,0.4809087599843048
35addbaa275b111b,0.45968387812860934
ddadd2b7b3446cc9,0.48699222986406354
00cf0860650da923,0.5068137216588174
613fda2a37de048d,0.46225320264103875
a36957d2c1ca5d1b,0.5498994709097552
c3d0e7b445614036,0.477488792191443
e1cdfc1577d258ab,0.5272895524708463
177e48ba1f654b9a,0.4637408399146884
da3a804b98f64b19,0.4798832178345517
fbf0ad8c96e30c6b,0.4830181753609899
3979f7de79ca57ca,0.5196903919597543
bba59e131c94c4f4,0.4924091624340252
ae14fdd5bcf56388,0.5298039223265232
74d388138c91f803,0.5413694733487793
85a8414c4419bf90,0.5409560246973352
eb0594d9072a6996,0.4952954323893064
d4bb51ed32ef72ba,0.5581511109406349
b6a4f846862d10de,0.4981769883607148
6afb4870786d7f72,0.5683695917095635
d136f6a50eaed7c8,0.5535031326780135
3a06b3a0705d9a36,0.4795309605425664
cead2df14b74aa40,0.4984413755591225
560e7087230fc563,0.4941658466283476
738aa6d05920f61a,0.6134380492769387
dc6985249231c1c7,0.5614118115032452
2884e238ecae59f8,0.47809803888874935
27a612c8f4e15f06,0.48218355017741854
cc0338a88780576b,0.4445207776148866
c05502c548fde564,0.6234448227894002
83f58ccb4a9f5568,0.5046292857623262
a17abe41623a7fe9,0.4790958898939536
f4240cd612f124c3,0.4933779956575908
0f6b9c8ccfa073a8,0.4493608365117714
94e13ee7c029c92f,0.49806294662216843
8275526955c6970e,0.4674142072509848
1e9832a2bacb6caf,0.475125319691841
4462bca43316bae4,0.4983598188161986
d1f88bca841e4912,0.5535548069796344
e0c6e778f31f49b8,0.4905451393374536
dc634579c305c8e8,0.45734846375638794
37e02613341d42d4,0.5676892225088469
7b83b4e597225970,0.5805885940022963
9377e3e05b7d3d73,0.5729802133963952
c5673060fb664c43,0.4847203715151166
a50d00ab34e54188,0.5443624777064595
ce7ce130c1ce78d9,0.5046627121267427
c415ccc74d81a239,0.47179394900912697
13805420bddf7493,0.465841606055454
17de8f41b67c92b0,0.47096166467623246
7948322544992de2,0.47155744135425914
2f6ffded94222d8f,0.47525014733021353
2495719d496b3bad,0.4848739675591476
5635666030f05fdc,0.59922441775107
b5e8d068b6f1ba64,0.4892884531286734
4da10e7efb8b53c2,0.480001410248988
b3c177a3b85ac1ee,0.48414821567641864
22c78eb4373a5cc8,0.49505778713354465
1c96e14dde6d5b4d,0.501527582957586
b4e1e71317454467,0.5062705347512688
24adf3de520cee7d,0.48280278437475943
d1d818664a13782b,0.4955338209307991
b0a988f910034163,0.5147821681469986
8ea545b0db8c214d,0.5082485079415036
8a3a9d4b933abfd5,0.5111465123135983
c9cacac3321f7a2f,0.482620802248779
4117534d3a6a766a,0.47900126045053093
f4360d13dd0029e3,0.5156565326549685
1937c040646c209c,0.4979341279408177
0de3c7859313d99c,0.5006864635963195
9952ff76d6f6aa03,0.4806679748311844
f9b4e53b4bb434ce,0.4791241247903839
ded9ddb7b7bde618,0.5428524445713229
2aad0fdbca336e2c,0.5833952330585654
5ff98563bd083db3,0.48674439739220254
b7bfa8f3f1b00390,0.5546591152063913
2acb12f27bff375e,0.4665478084452178
4e860859965b8883,0.4590846136272305
818a775605e7fbe5,0.49728195730243374
b474df5cd217864e,0.46846037762611836
a6a530af62f8bc47,0.4560119557664689
8dab8b790ef80fc3,0.511091492636704
00f580ab0cb34c9a,0.5569328296567624
76de006c7bc0934b,0.5306042384383278
890b4520c8b8c6e0,0.4825356721187444
c29dc603cd32a33b,0.54139241645227
6d4bf547dce49b3a,0.536371435108247
bcb99da9a84b8a87,0.5481311139097484
3cc574863c18e4d3,0.6063853233770158
95589dcdc32af1bf,0.4922160062394453
95aadd97743f8b76,0.46512112437076514
4b9c6bf95e83c447,0.4915476243434995
78b9effcca86e24f,0.45387270213380937
101d6c8df0d8e288,0.4824482990930443
6fb21f5936da7700,0.5053710643235594
b3a9956cfa09e698,0.4649417326046956
a450b455eeb707b8,0.5319449015714047
ca6f27aa9fef8588,0.4583368019798626
3fbe44f958e63afc,0.5085660486205195
832198d7741e0217,0.47782043004250196
f215e1a952a22788,0.478217016318627
4b177630a8b4ec4b,0.5038009654838438
dfcf5a2726a8a6ff,0.5112989985847183
27b5eea43e3962e7,0.4906031223478331
cb66fba2b013d165,0.5315734365762141
cc79e0edb04f25cf,0.5406170491413242
01ddce5679f3d279,0.5304215375608065
58bb3eef67700986,0.4873851518280309
f3fd530aed0e62d4,0.5542613530422467
5389c6e915f337ae,0.49855845483455374
886636d5afbde7a6,0.5789560609513205
7e6fd019f6c6bb55,0.536662485663438
389b4409d6418be6,0.4861912937903211
859dca82d08a73eb,0.48927245012648957
8d0e9c5fb8923940,0.4934247226799302
b82719dcdc3399ff,0.6193393216930747
fc1bb0b4750fb228,0.5879728189160738
b552b0d1b2954e11,0.4615804064437903
60611a61c254feaf,0.4861418989100341
d4d69fb45448b1de,0.4667127606900209
6b0a9bc0045afd34,0.6173170459690088
ea41a9ebc05748ea,0.5205892619015753
82649fa86fcc4d22,0.49609304329422443
3fc30eb2d589f52c,0.48508564366147056
2887c8a7bcc26899,0.46253113652522704
65e715454f4847d1,0.48187105857454604
06d004de1cd499c3,0.47111919951401204
18bc7d4bebeb9ea6,0.4777260930162084
ca32c6d917c894c7,0.48332878428784476
6fda15011e03a8ef,0.5395732650118514
7967894a2dd34241,0.4851611117490211
800a85dc45c5d872,0.47086919704714303
14b2fae0444bf67c,0.5341675512900155
67a942c2843efa93,0.579513076292339
c7ac87415d4c0cda,0.5345659248338419
5870e12b9b3993f0,0.4856944457888064
4c5d771415f4a58b,0.5475037518613299
3f0b2c6e833d0809,0.5207162086734676
6e2e75a2d5393857,0.48097740605834116
3409faf0c03b4bc4,0.48921141201927654
6427aefb844aec14,0.47313110365127553
5023b070d04e24dd,0.45959362471679044
3a316102016f7086,0.47597558262181483
698407d1cd8d5e7f,0.4841602300645995
eb1cd1a8a7fa1e6f,0.5768222549557902
7d098704f7af4b5b,0.5093856228172842
3949acc3b1597272,0.48667588256962935
e650f7ec0b6de990,0.4958984087481013
25b7c7ad42aa5d62,0.4967921969706557
c37d0ba388c92589,0.49313702715878294
ee18395db97491ab,0.5111225375530439
dc58643882c4d9ce,0.47409266185571597
00c7c8a852bf77c3,0.479738983217469
46ff96212d1299ce,0.523777352259542
fb4164e1b86a246d,0.5270435691642948
04b33d4a4168004d,0.509255104265452
4f0e8237c538f83e,0.48794703419299035
5b3ce7196f1a279f,0.4785177015535733
2bbee11a3fad26f7,0.5229066170990114
0f3eeb81046f6ef7,0.49689160830683965
b7a0a393b93b8044,0.5072059979077741
a62a861b062f36ba,0.4947066212068658
4be194db62a494da,0.491654821595609
7ed1f8c9e4e5c15d,0.5363141565831744
6f51c3f17332ae17,0.5613098907870199
50ab6ab6d2995ee4,0.48993306312454754
bd647fcb7703c766,0.5344192936734131
8a1823f1087221b1,0.48043459833745805
d83d13ca2f8c302d,0.4695374506158555
37e64764d356646a,0.4873911034112687
6fe9e090aebedf86,0.48127051791965303
5edba95c52709a00,0.480233537220206
ec568667ccff1236,0.5133327093743643
4c497d67ca2929f9,0.5078780508893629
9be651c3f75b24bf,0.5049691989338092
13b0350ed40f6773,0.4935206134671528
c4bae0a98edff87e,0.4972934657478789
cd92aa1f522615c3,0.5422142224501654
427c31fa78827276,0.5190676292329905
7a9ea5f25a4cab23,0.5782796689746235
1d2c53ab0fab4b86,0.5063312352788245
1b888d9ed2dcbe07,0.46801918194082137
9ae1940c21ebe00a,0.48579268919687946
5d198a322148c2ed,0.466374767655904
8c6f9f6a8199a174,0.4887907653682
a320f204867f37a4,0.502321934519786
f41747b0e962dedd,0.44581611971724266
f0775add39007d29,0.5330372331269321
ec9805ccb28337f2,0.4662414949122149
6c589657f9199da9,0.5090808811312
56571f107fda1a1d,0.48057769916527027
bb37dbb6e53bd926,0.48273869642770184
9ffdd631a88674cc,0.501103015528134
2faa66094edafe2a,0.5036844786356973
e99c7dace7934073,0.49106118987905434
0717ccd46171986b,0.5410651567680773
6bee4be83c7a347e,0.5416503664147942
07cc3b5aac229b41,0.5274599159985547
85f8b08caa7709fc,0.5008908556619813
f60611c73bd728c6,0.5362393383781605
5a0e0943b27e2aab,0.4958594645564789
6a2372778332ed5a,0.5734370354100289
b6a81d8511205696,0.5559400534159473
b36d1c3e3fc5e187,0.4868691328596604
0304195e1c3bf02b,0.4867331206515211
15be8021bfb58888,0.49367189352648233
506b5d57dfb821d5,0.6256870895880937
c241f9fa2d920183,0.5699099497582323
b6494b547a01bd7c,0.47815714584299474
76a321fd15b21e28,0.49031695087738103
58346558ec0d4574,0.4562972116776841
8da0eb300e7d00ef,0.6293141331084007
fd80873d49c4b9a7,0.5301748072041957
f079ea112b9f3b4e,0.4898671812488733
22337fcbfe199dcd,0.4838491378441423
6f3d5c0b8ea74983,0.4608463535481657
6dcb9c49b824f9a7,0.485492695906554
89efeb32773346b9,0.47111588394862647
dc43c12c5881a507,0.48365353536815037
620a378ecb89429a,0.4842794605239482
59abeaa8864ffcd9,0.5413656775149778
606885f3fb1547d5,0.48919741810070005
c37542b0d7e97f9f,0.4686657728090544
a1b0d8eaed5ce21b,0.5295257536778387
666c49c317653092,0.5809903841555452
8240a09bb6a74b74,0.5387515108615871
873c67bdfcbb5fb8,0.4855947270702472
514af4be23ba1907,0.5575163134647168
604cb95dfabc0bbf,0.5199968155040972
e733280ccec3dd02,0.48659334737688376
15b82765d84ac550,0.48215633500957145
93ccc0f12b9b18fe,0.4687974543725182
c46aaa2e1d141319,0.46915654262913153
74f1d4c4ea51c445,0.48275095293145287
5a31ab3e2e4462aa,0.49485802201741336
1b27a318469d97a1,0.5567299884346234
e31ecf508f2563af,0.5077255174280138
f8533519a76ba829,0.48472654532943316
1d87fc85afe90bd2,0.49480624094712555
d958670e81ac3345,0.49355853126359694
80ded813f76891b2,0.4841672293522732
aa1bae7aca392228,0.5055551919055798
f99390e2aef23334,0.46972348091401495
fc78b977a7f330ee,0.4821093940998529
b93b07a5f041621b,0.5223489724708611
7e47f614aabce228,0.5248664949933023
645d96a1e529f924,0.5128531168909032
894f0570fac78b01,0.47871971138723857
85837ebd92df09dd,0.4764706185376969
a1b734640b5540c8,0.5230615497485251
e3d005fe783c37d7,0.49276329343790437
36855949889c76da,0.5015692616212155
30d11e6da98d6418,0.4926149549917759
2228206a43797acd,0.46615541338806943
3fb9ae1f603d4ac9,0.5424300392089101
e7c201d8a05b1e1f,0.5594386632506878
7bd8ab2e645b359b,0.4970018883123032
6a7f13f49b49be04,0.5370577710375033
a2a988ea594fd475,0.48181926094218197
dc67d29ae2726930,0.4648947895786729
bb4264c96d7c5790,0.50069364587335
11df6d0edfaa71bc,0.48429794251221003
1b24d6cb5fbb8267,0.4747784750260705
277e75d43385372a,0.5176684400921207
5ed0e2bc09c48cb2,0.521669190292757
841dd9ddfdf4e817,0.4987702123988915
80b427208927a278,0.4867208243686332
271745e410853d9f,0.5060232799343037
8e2796480f64d836,0.5384580774697286
22c487de94465922,0.5260139548397774
51fff77a8d76d400,0.5793321174264825
fb410735ff5abc56,0.5085735370882845
c63a3020be34fbc3,0.46173310871270434
d9a51dc4b6b1c340,0.4887885915361151
92c3922edbc02e1f,0.46630047221738113
3b68acd999d0c3a3,0.4830814488408538
e92fdf4353fab5c9,0.5076483700456853
8e04e687237a47a5,0.4621038611504513
54e2a6314892acf4,0.5326755990394938
c9dabd32184cabc8,0.4717860527345442
c1dbfe4e06a8297a,0.5125613921358372
ea159d5eb42acf3e,0.48018989754335206
a3278e1045ac5e77,0.4799551716337992
a186dbe6f88549c2,0.5035179220371772
cd564775b8919c4a,0.5113815165865252
58df7b4911beeb9f,0.49741842742219755
280409e62087e116,0.5271339977460879
9acebff1a77b7d19,0.5465673147754606
ef57934d3394ba81,0.5204337184404344
533d4068a0384fda,0.4879369937998308
7f106c2899b0f64e,0.514742030145183
78c747bd325ae93c,0.4848630568469591
fc8d2b39931df6f4,0.5702707790124301
bb8ce74470f63f9a,0.5318172510884892
1c61ce08a86c533a,0.49208244051721595
9a7b4c236ab298b2,0.4843564750984417
0c6d7717fe4c1a1f,0.4984172399021467
b50ae952a1631ee8,0.6397096301028338
a4de8df56d08568f,0.5836601952907907
8848f559481a85f2,0.47184623074151666
b8ebf0cbead0dbd2,0.48909453445356543
99183f5917b7d491,0.4555852742229881
f05dd0b31643815e,0.6392163720076041
04d591b4ae795709,0.5290924550024907
3b14d463f05f9f8b,0.489872785030002
df1bd705368b33f0,0.4810708905808535
2801e203904b1486,0.4637479004125291
96a03f3236917849,0.4778164034609431
102368aeb5f63f09,0.47416615260603634
f615c6380dfa5c30,0.47199290790852677
5d37d58a5c5c4508,0.4796522263361398
5bc92860066917eb,0.5438314253085742
3e7188467b648f3d,0.47875457179205005
34fa026ac5bd0348,0.4616421880827898
42fb21782edc729c,0.5308620788195606
54b416e40b0eba6b,0.5774244136471677
2222d4d5d69db8c4,0.5358490271954389
fb341d0796afc41a,0.48587611310856293
517bd65169819cf6,0.5424379250378935
fa4f4536143c52c8,0.5225658558425588
c7be3485449dd149,0.48855721188808765
d0e5dcecb6b7a696,0.48222158664919057
0fddc003d22b7a33,0.47358574554697497
dca350873ca95e32,0.47046079488426296
96ad76ebe433c773,0.4802162347849448
ee9eb661bc68ea32,0.49228928878946154
b3071980710dd60d,0.5740638268891689
617767ee95d94d2b,0.49431294850849816
7a9405c25cb002d7,0.47991559235002446
fd840aaf5b04ece2,0.5065610958549965
d924e550520dc7cd,0.49040704602972385
4da4b3b2b368382e,0.4808644551228397
a3dd04f90638b38b,0.4894403291180198
1948b24c9c5c7936,0.4851183221001131
f69905cd1255f36d,0.47124684787798454
27a428f1ad18aaa0,0.5129361334457498
23d5afa35ccc8973,0.5274582296672937
e232e150f94078c2,0.5171088555968877
bb9da9cdee076812,0.4791729029762454
e46332b0976138d5,0.47488860079830997
558f4c6a8cab1ff9,0.5142227267056659
aea56921ff0a99dd,0.5051651014088705
60f124a81c3a2175,0.5102078524283498
bcb4112fc12c6de7,0.4920992395340862
02d98d5d87595dc8,0.4777528414632912
92bedbcad7594df5,0.5493193276610826
d4b46ffc895d49ef,0.5631341099349845
79ecd22f827839ee,0.4892615099143157
e1f501355f0781df,0.5406834129085866
4fef0801685bfe45,0.4820266427520933
4af334693dcbef1f,0.4671865066669504
24ad51cdabcafee7,0.4888521944048432
2de92187743af27c,0.4845815304237391
39418eb80bdb7e64,0.4722032496733495
3a33c5927256f5d1,0.5084660650611041
025610d6d15a1a89,0.522571233060803
ce6e9f75eb58cfcd,0.503372355713396
645c4ed7ce8252c8,0.47902201104660547
12250f8e041297c9,0.507042102998674
8753374c81adc1c8,0.5327019892919902
a779feb210d18279,0.5347888067799846
ec29d41fc291a90c,0.5776958475462918
791a0aac7bd30fc1,0.5167764758448513
c234426086f51090,0.47767411075944766
5670ad45448fe1b1,0.4823375258048108
bf88b32c92731a27,0.4696206475566076
b3b4cf96c3fafb5a,0.49082326936990994
22c413773ff51b7c,0.5031443319615271
e730c4d246d59cb4,0.4520749966582942
b88dcda10b2a8534,0.5188703652039732
9a2f45885977f036,0.4673069469200426
2d73fa33dbcf0ed0,0.5168855802615083
1fcb2512d098e63e,0.468855738566039
d147db8e0300d4d3,0.4825657707298252
2131bfd22ca037f2,0.5009218764154182
0db67613e66eb5ee,0.5020920514286624
c74f91e78f5ffc8f,0.4943573935640966
611ad01dc900fb04,0.5209182741699983
cf79ac981eac56f2,0.5438995931252967
67d6b1d183b6df2d,0.5194764790724408
fb0bd3f37b7e230d,0.5022454109031856
c0e7321b31280e93,0.5026167701751016
d8f5d12bc37198e2,0.49031714784403024
3065b7f0e36d5549,0.5476751425184894
1be2447c6faf6700,0.5482733548017148
15786a9121306dca,0.48487620626081485
fd704b19444825a7,0.4755202833381127
d7b7c4ffaa72780a,0.4957776032007055
b058f9aaf5308ce0,0.6205688818253301
9657a8b2d400c3a9,0.5728485420622353
d4ffcbf715e11d85,0.4656016974496252
0fc755fcfcac04d3,0.4888461637167947
3b6f9501ca3c549e,0.45386199847413833
a5d80d4e9e678626,0.6388128376412291
21f8553623f70536,0.5368451902229154
4a119ea4189984f1,0.4915547744842763
9466534d3e67b230,0.4697689952659838
d596a65d5d80599d,0.45874416087678727
ad06f0a0e991d335,0.4784466919076851
22c71438e4ea6244,0.4729144089982322
cf6fefc9db960ad4,0.46763394679376924
0e85d9b3ed447e2e,0.4866987668586098
963c4fbdb3d9d8f1,0.5320834275096104
4cc8d015f8e2256a,0.48295643255454723
c842be06cb8db8e0,0.4679714337154438
e1508b489adef208,0.5328935322534994
0d7198f62195f179,0.5696265791233353
b87ef0259fdb8eef,0.5454197037913611
ed36373b0a3e09be,0.49618249889749755
1820c7f96be60948,0.5537763066868585
4514aae5128d625e,0.5227556228532239
084f44ada6984549,0.4925533380354995
8f670fde967c9ea1,0.47751669159592536
14ed8ddd67015194,0.4825575112091287
13a25a6b41029652,0.46551027434686154
d1f6786ed337a847,0.4795702797267105
801912a45beb5975,0.4705128425801992
87715a45f849be85,0.5956145077227871
4e97b294ecc13643,0.5010869234130253
4b0ed41fb53359a6,0.4703517773468937
04c758a24daf6eaa,0.48732535114597586
28be0e2c6241434d,0.485817442494082
2d9b27fc47760ac8,0.4815322655409886
dfad4e4d5694b890,0.4914556322238115
7c67059dda77d9e2,0.4905589601397865
0604c628eb8c734f,0.4757225335616573
fb700f699862bc3b,0.5115218812794292
47f9c37a529374d7,0.5283110972700471
fb6902d333799305,0.5066591662651878
7155417214ee6c06,0.48531655152805353
480b1b752dade6c6,0.48042459027472484
c3666aae399855f3,0.5246453767239098
993b8fb4cd4efeca,0.5125392581757675
1ba2fe2b5d122638,0.5024835102119326
9e388e02976d27b1,0.4890094355509522
f5083b44209b8d92,0.49725908598820545
57f92e20d1880649,0.5579179575882334
1b33fbbbebf48698,0.5805473264214986
08476d4edd170e78,0.4950311218270246
ff8da0eceb285959,0.5427036467120002
b41d7e2e3295fd7f,0.47744973117724854
235b0c970466d0e8,0.46632125773138844
ec91bb5666869070,0.4922819081960895
509feac2dabcf1e4,0.4853832930170877
9c34fb92bfee4928,0.4746429990849499
19b51124115d352c,0.5062882353720728
ed185eb4f586ce69,0.5096023912417668
f0606a88752dcb3e,0.5007491216378155
08ff5bdcd61df1d6,0.46633079937567556
6b895e94fb283ea2,0.5063438313096724
212edbc4dbf6499c,0.5398128611938526
7be3180af8120fa8,0.5266750491401838
759f7248108bb85a,0.583297021596211
18f4b10875694d37,0.5249937975372524
0849bdc64fba4855,0.49000937603233596
4620785dab674280,0.46940081769170416
d881abdb0280f320,0.47166108038514754
54ea5ab317a6f765,0.48447510394676807
93aa0d99f98175bf,0.5043993305913549
dee52a04c18b3e62,0.448814693196843
e64039a3c2113b7b,0.5124136610230894
d6eaf692321c1e03,0.46514487806923377
fe0117ecaaa2f96b,0.5300602922225851
f0505afafd739965,0.4566968362850903
58cccada9260029f,0.4821103593197844
ce29c0fa220559a6,0.5055906634347331
aaa9d02e4299d3c7,0.49520020391149777
4942272da27279e8,0.4877954642416922
e4410027862ccaa9,0.5351715997530979
b02af5b103b20245,0.5554302012823763
fa32dc5166e314f7,0.526508273132511
ef569cb75bca67bb,0.4957163055677213
db216c129c2cbb47,0.5105840563233754
212fd7d2c2f28f4f,0.488559378730022
12264c4f12c38626,0.5660842643209624
77e1f997997ed69d,0.5702102712824273
bd4e7e7b05bb4d04,0.4759765717361757
d0da552f5b3568b5,0.47731471234851663
e08ea7625e454d9c,0.4984215274725018
d415efdd781b6ed8,0.6375984059789251
db1cec2842a1faa0,0.5792263749689057
e223a9a84f02a338,0.4604474667450039
d0617498bd90b243,0.48476414491698083
e67a41bc371c697e,0.44959548023185714
ca87d5a793a04b55,0.6317774168884001
b4a0f6dc07800691,0.5264535848378429
952845563d5f3883,0.49112974310058943
91fd7c79b7fdb582,0.48591353312489005
8dd5ff0af415462f,0.4534240698395777
99f69666e7348a11,0.4764709385885637
03991532c78b8702,0.47857534426606174
c3ca5a6d8cc645c4,0.4741327690475986
0df157a990d655a9,0.48783554310165633
3d0db9f9f0f76028,0.5393358777628101
89f6d8969db46aa3,0.4904986466451612
1661dbd908b7e371,0.4617325825716493
eb9f0a77e8efc08b,0.5324235821342039
59ac9ca7046098be,0.5697911957283915
60408bc0923fa659,0.5325126775818781
ab90a850d76250f1,0.48297706529777407
934182e8b9e77828,0.5645453854277068
483fc9a0f5bf32e4,0.5168946093488886
993495a628589ac8,0.47240127541293386
a6d51f359663e985,0.4733153261305779
1aab1e211cec43ad,0.47706663679329386
9c79e4cf9cf0ac75,0.4661622826255931
2c62a12e8b7c5293,0.4611715843285211
5f04dfdc0c437fcc,0.46372898822975483
69186cedd2503c0b,0.5778846180565429
a60c46731c95fbda,0.5036350543002189
0f329309b29a3a14,0.4779261253085588
5606566707fae42c,0.48657794516008845
a098f97075d3f88d,0.48585084947590484
ac36628496f9a75c,0.47778470505788073
5967735da8efb537,0.505499034143031
b98def9cccd6968f,0.48997663875307773
7a04618381ce423f,0.4742756796681651
12df9c0512e60c3a,0.5185679410759356
bd713f9b249d6946,0.5266199812520078
620c20cddafc0d9d,0.5063237494685602
e3b4c5e2a768ff6b,0.4833556708769986
49a98617add1dd21,0.48218124307807453
5df95bc83ef5b482,0.5253698727911029
565b4659800cb4fb,0.5027632732417584
3a88e1ffcd07c143,0.4988356363248927
8a09388ddc506c90,0.4855261879043311
bb8905428a3a1dac,0.4941083355104141
33289d699f02f27c,0.5633583177119673
25b7e62ffcc95d83,0.5834335369714293
459dd1d8c28f54d0,0.4890731784568185
63dde7f0ddf15147,0.548285447678621
6944df7d09b55859,0.4819932174404854
7419aeb72dda14fd,0.472047649471394
aa79d002e70f577f,0.4706956999345355
8646876ba3b1c067,0.48075496951148766
d793756819650adf,0.476568361618565
e2e004ce59028ef1,0.5147678658530177
481c1e7c8c2fd16c,0.5083185482265494
78d1eed32ea86ee9,0.5017456733179606
5cc5d5d3aa894c18,0.46774719262683007
a09330e4cc86fe98,0.49952905139858517
9732ee2205432b75,0.5492952549307002
47022d87e3f797ae,0.5215252504854542
e9cb69803e6315b4,0.587805893777244
25d59e6a3cbacdf9,0.5054857549778866
4bac1a2f0d035895,0.48237006290695683
73efb0c1adb22ee7,0.46062959189293173
bd76e43bb9004c45,0.4556908857677797
57bf4b392d215af2,0.49673356610865893
8b448cab6980a6f7,0.5142282257078936
f0b8e0fa319b1a48,0.45846291483927804
30e42409768dc12b,0.5141589072423722
a4930f2c8692ac23,0.4665127798830567
ed9d5450dc3e69dc,0.5144432101316825
5f9afc0489778c53,0.47876311158425
6c1db728780222e5,0.4897566651526668
f541ea6ff50e86b5,0.5078745298732396
3320efd90c85a5fb,0.484342398026279
329f37dbca458efb,0.4829069299828448
8432572c8123ad31,0.5035683734322658
133f55868e05f239,0.5459903022721987
30e9bc9c5fa14baa,0.5321406614327291
2f0be0478b01681c,0.501038036660727
ec9b1610cf9fc311,0.5045233865701028
f7f12823a1d323e5,0.49934669106543395
92b08117e0f0caa4,0.5706021761551164
e28620c28da4df6f,0.5722774064319429
c8c9db10163721f5,0.48576949558274674
6cc6742a25a1b733,0.4693571503294003
155806be9e799384,0.49596807377776386
f4668c0109d17ba4,0.6337945599631687
6dfe8034b3e782bb,0.5629664578568573
f5d327313fcbb841,0.47898952706173126
810240d4ba9a147e,0.4943729301749613
8be7ab344a9e4688,0.44991064797311053
cb5a90732775629a,0.6394669648302387
aaecf95303686e2a,0.5372995990052398
4a8cc095aa37a60a,0.4953105817738923
673eb0efd1d985d5,0.47529376871844153
403ab882f442f415,0.45556533406018307
2ca822d0d0532904,0.4800864976392494
bd6168db35607371,0.48942290186599746
df566f3497f14751,0.4716870813191638
ee0e5c6bd0c1f0ae,0.4883203628918832
d0817966ad2ac44c,0.5296666770485002
66b305ee4e84b246,0.49322557722200044
8384986cdddfdff8,0.4541890518826781
81c2c028d165fec1,0.5361266013374185
7303df73ba5c3482,0.5845339748774987
591c92e5d61cb665,0.5369571620265822
4a99c0599c363bec,0.4824383544837092
bb5a83a952ab8682,0.5476067106448657
7c27971087e8b89d,0.5191473211233119
937b8d0790b04a08,0.47080410142065
b4895080ae01308a,0.47903027347660243
0c96f9c6935de6a4,0.478349165529653
c29ce21ce344d419,0.46367583165012505
d71303e26f8d3e3e,0.46245419062238424
8de4b053dcf8ce73,0.49083165019078834
bf2f8ff905ab48c9,0.569147102128264
fe288206cc5dec2a,0.5036960383566542
25fd57d32e2fe12a,0.45895683193030745
126a9dd85b9855e2,0.4915000100251994
9daffbdb74641778,0.48408780880858715
08df09a540373937,0.4863906568876857
303d09be89139a90,0.5017381922408517
2010b13d9e80d217,0.4948423284087743
309c2995c5a3d79f,0.48396759524573085
844b75e3544075fd,0.5118758938008597
5921b963be2c146c,0.5344665459824156
2fc81879010e7316,0.5130615082485562
e02b69685b83452e,0.4824551452685566
89efcd9e5da10cb2,0.4870557550348811
2279f19e0617efc6,0.5277985617735226
0c8c8a8b7921dbda,0.4956744046356265
c331644ddf2cef01,0.5120667836694456
ccc3d586b46d4133,0.4961885018692178
896655b7375d109a,0.5038493792720794
7a6f68f1e73084b0,0.5539404217044183
aafee64fbb20e8ad,0.5796767454432727
b268e400ec145781,0.48402718765359753
247cc18aa8717c12,0.5506264263408882
ba6d01827c75fc0f,0.484435363736597
330589d80ac2f365,0.4643847395285392
b759653aa4200499,0.49199535354765966
9c509c71ffdfc730,0.48233624325828806
4c6f34ad19756dd2,0.4731517995986019
c2835b4d751820fa,0.525882975070751
395979a41df015fe,0.5061507248895418
28027cbf568c6891,0.5142076549549802
6015b9c19484efca,0.47295330586309026
37890afab87f1138,0.49553207964057433
73c865f4e081d8b1,0.5395383211901114
beff77b12401a03b,0.5211391506992455
60a17b5a548e039b,0.5819089316099473
4afb132efa56b422,0.5341145509887475
7186f4a441cf6769,0.47988445411211134
209d1fef61a2d31c,0.4573314153084733
5509e9040d0ec0cf,0.4559037504999244
ee525d3a88d23e9c,0.5094025917885815
8a30fa4d66677fd7,0.5145603172917332
427e7e601aac188b,0.4762317312311418
2eaa4eab780f1af4,0.5246513383803673
c62a5da99d89fb79,0.47055945550595235
77f7769aaeddaec8,0.513133077651068
357aa63f0a350706,0.4765493487529818
b928a116069c31df,0.4840244946097525
fe1b2ba55d89554d,0.5019452754472944
821eab19ba83a22d,0.49112570642580256
2cd425ee563b7110,0.48616914208596573
99193a7977d1d22e,0.5017967081327159
56c8d4fe99ab429b,0.5486027655139435
058ece8a0119aaa4,0.5174117975183654
0ac50ffc9ccb0281,0.5009101760329573
de29a4b893d2388f,0.4876413214425195
ef08b592f961e5f7,0.4833647871299296
993f00bcb130995c,0.5620911017527925
4cd7154c6b7eb4db,0.5643648779438052
9bb43ddbee918f73,0.4780577336403784
535df2b6736e55c6,0.4714614786076856
cacca5f14ba156ae,0.49385875629463616
0f46a2eb336c5f80,0.6174236424504324
05c8a8cdf64aa4c4,0.567548287342
41431115bef28757,0.47627642312320084
b9a730334a725de8,0.48206724300435533
721c3bd4c5d1bb0f,0.4734832987678561
f5e375726ab114b7,0.6341614122089204
9536ad1ab6efeb69,0.5358517645539012
fe773b418c3185f0,0.49386191045901107
ae4f69b0f52edf36,0.4771203856588122
b6fd2558e3a7f6b7,0.4513517411230693
ff9286ef2a48a31c,0.4941119842166437
c60e10fbce1a4377,0.4837822552650479
257324290f4280c8,0.4718172380890808
facfe0940d888a87,0.49190120825951555
d6674ce9cbe22e02,0.5303518489765231
3e11ec9c0ad47d1b,0.4964087351072137
7f4bace4234ba813,0.43894153602802066
013a91bc9c5d2e9c,0.5402294777219968
7a7b98d6b4f35d39,0.5827177313718319
bcd41bc46ac592bc,0.5277251270873268
fa33f1b22298da50,0.4809213038950758
19557a10e1f49f45,0.5518132731606684
f05e213d71a302f8,0.5087377367067963
c33e88063c88b805,0.4747144106688226
b264c06103defdf6,0.4793749694309799
a72ded70f2a17c90,0.5039735779247272
4b21a807def8cb55,0.4670729581200854
863695ad8e09d639,0.4716585946288816
dae0d4e1b7f61040,0.48875663997472274
c2565ac667bb0b9f,0.5706318131578655
a9772a3841acc047,0.49191500546573286
76de65229593bd06,0.46192486882454675
eecd003e550e594d,0.48382709902119636
647c6b7b5699f007,0.4816424639754342
c5e51fd84cc49868,0.4861581324535582
bf04b6fe5aa13b50,0.49880250042576024
25d002c9f94c6235,0.4864764997919184
48bb32e56167cf9b,0.48168474645464654
d34519ebc1b34a3d,0.5078981178924874
77c9151cc6611a8b,0.5405802323577618
ee990b8f6007e15b,0.5214307757114769
87a1e71c6ac792dc,0.5005329363499458
728476da4a934152,0.4909328381380953
6084921559f9e834,0.5264651453582139
3540d8fe3692d68c,0.49551620463436696
27623875c6a3306f,0.5062324387900091
793322a6c3fa48f0,0.4967473509444319
0e364c35666a97fd,0.5017854818547087
6083e629613948d0,0.5584845613457656
1135995ee6e1eab9,0.5704044320328314
56719b4499fd4afb,0.4843215849628707
af14c7547ab4913f,0.5529095022439725
9f979c23857459af,0.4886780838944438
a5e9891d2e15af80,0.46809423429569574
5a788653eef3e8ab,0.49236682605112003
aada0dae6d134faf,0.48112625118056007
44b0388c103aea75,0.4702937366472073
8d42f762c4944e06,0.521172365705246
83d27cf65d274e01,0.5166637671656209
2abccb98e9ade1f7,0.5120290570051124
41b7ba6f172c5b6a,0.47675653077057445
98179f52ed4466f9,0.5099078086412072
f847fed17daf0570,0.5285962341778229
d73b57897f2e2de3,0.5253693316551932
5bfcef4b4584a293,0.590306440265213
76d7a28a14eda687,0.5284791937310973
d1b1f790e3d7ce89,0.49829091896375677
d49009dbfdfc549c,0.45390550633762716
8d650e1be5f2e14d,0.4640954396759025
a056f73918071390,0.4984671538065639
b00ed6936a850b76,0.5127717719901392
0b7f15e50bf9c615,0.47926097404607915
5469a65447bd8189,0.5224766675676676
9fec59712db9900f,0.4636520922945394
7d79b2fa2fd5cf91,0.5129288123969471
a185f60d9abcec13,0.47568285068382177
a9d1aebea52e3aaa,0.4842462806718245
f038e66fc9d7e8b4,0.49023102010659125
2094948e1cbc749c,0.4849268406317523
0d24f583915b9810,0.48138299434854726
5bf426b981163d20,0.5000326339262497
212a965398744e43,0.5578283909664499
c69afb02d38f6af8,0.5275155134316859
759d5409ffbda3c3,0.509436299145397
060185ce9b4cfc72,0.48394540488510707
9ec0833ebf7952c7,0.4904246056876168
18b9dc16500f86a0,0.575241764549488
a3bad03852d8cb0b,0.5625504237885038
af96d2dc5f0abacc,0.4787174554234648
eedc56fa72e1da1e,0.47176314367147376
2b082349f6ae092a,0.49673106898197084
e7e3178abb131379,0.609490204216619
fa147daf8749ed2a,0.5717314649089648
23c69612c79dfd37,0.4767481943898638
bc2ef2ba357c7089,0.47028440086031253
6f9ba628297d63b6,0.47591226976726
5c8c8725247212e9,0.6320808256779604
fb4ac941f732694d,0.5377526374352468
ecb9247f762f27c2,0.4957094013707267
a828c19aa0c78504,0.4763758277818867
2452bc1d30a44627,0.4582334011290019
e734b9e60fcee603,0.49155975260801754
59704155f5cdbf35,0.4866502403168934
c453911a9e0d37cf,0.470058057014779
845be099236c6406,0.49383269814557573
4bf8baea748bfbca,0.5290980901146217
e17a7d96311aa8d2,0.4966050623259888
0ecde8c20227c9a5,0.4398892533254575
26caabad1d1731fa,0.5323147850111312
99b186f92717dfb8,0.5799557117715468
6466ec26c20ff53f,0.5338055048058858
5cb5847776dc1c4b,0.4789032798529139
8b6be413c028878d,0.5471243410887825
354965f5b95e9476,0.5101120218407681
d4f09f237ef84c14,0.47405028737024446
04cacfe2f9f958d2,0.4804401925340309
37a4d673427336b0,0.49428719571658253
d6fe24800adee7e1,0.46780379231150837
f64d7f08d5250dc2,0.4708193228400841
59bd6d2c65ee1e9b,0.4845593219594688
e12bbf19c6c01f1c,0.567599095274141
b4d3555cce483c15,0.50056780766996
6923d79c16f52b3a,0.4601267363119844
5574317d3becfdf0,0.4948704696000099
5b6c518c8268679c,0.4943763308407424
7d16cabe90ad7ba7,0.48187758174088424
672350c5cc2177b8,0.5018273373420377
fa4dae606544d64b,0.5001049672849714
29bf2f84bf3b2f19,0.4681594529574964
ba8046f4c25e91a0,0.5083321787395064
183029dcd2a6be2d,0.5269304971742843
61e1e9e31d052447,0.5182823563736594
df3ff9531c2080cb,0.4998062821641639
def66f6b34ebc82e,0.47948351204759754
11d4c533d14d88a3,0.5157129659308803
a6e2f5fbd6dceb84,0.49280547182907997
8824fdb55f623b54,0.501800134872395
c41d89a56a74783a,0.5062463899591899
c63fa12ee290e08a,0.49437555458201876
6e9dc2e6cb355541,0.554341983629757
e8019c640b6b9058,0.5575350070777114
8c5564b5c03406f5,0.4803231509264334
0912a52c388f679c,0.5482105444095368
f12ddfaf1bda35e4,0.48568970516888177
28eb8d6370936b3f,0.4682120615162879
bba09d47853dd079,0.49975091497435775
a3a9e95b33cc09a1,0.48384059593358897
3d5474d9cf1fda1a,0.4770191734033966
dbc23ed1c6c1466d,0.509823305218706
b49d141780fcaaf8,0.513366514061558
6562d073bccf8a14,0.5044333196469044
386e658386a369a9,0.469747812961368
2a94c386afcc4c18,0.5034857761146254
2c83b29d67ddb8b8,0.5300263092576073
f5af0577278a75c0,0.5222299894191693
1571e7517de3600f,0.5753385224434686
9fa02e32a6748829,0.5375688326186576
997f9c7029fc2af5,0.49043203391911916
b3a11a056e96373f,0.45795195846577597
a998a8b5e53dfdf1,0.4626986590460972
babfe323d0bf78ba,0.49203563866209055
057fe9cff27c6729,0.5065371129357834
f495169d426b537d,0.48466639669776135
beacd2fd6ef9aaa3,0.5136912113301332
c6dce22241f44d93,0.4665366361322759
e3ced049196c421b,0.4919920156865052
1e6c3caa8adb2c98,0.47178258360555814
07384c272a4dc6dc,0.4985555615056708
f19dbadcf6f2eb88,0.49845460663449936
3968e6c14dca13a3,0.4707337354252199
7e4d650329e82061,0.4962774640175407
4b762da543302cb1,0.5077071147957246
0fbcc6ea8c86d370,0.555054570417582
7b9408968f01c0cb,0.5472872899973065
859ccb3f9fff36c8,0.4915920576903787
b95dfa963a013412,0.4914210300627412
879262f477a5ca1c,0.47398740093167824
76b59a420a753af4,0.5740112078940958
d31071f6674ba980,0.5774491410445486
b178518758c9e221,0.48262726577874304
09cd164179686b33,0.46984268425941655
f442a2fdf6c5a0e6,0.5053534084790567
17063ce4d7fd9171,0.6190976519047618
575db6944908fa2a,0.5792228246327578
51f0287607e5a67f,0.4735243534417659
8380459b9a9d4a05,0.4788178348269667
7b5bbc6e60dc9912,0.4818903480088783
7bf8213f90549ede,0.6339310716781348
0af9e10b6f762e0d,0.5481211734228154
b2f37d079ef0c2a2,0.4954381953369371
b3be8e9d1e198c85,0.4775072694482163
9a34090d2efd9634,0.45901646320912115
05b22f17d60ca112,0.5000794072768995
cc1b326c4ceb1877,0.5026822096330039
7924de0448fd7e33,0.4746261156892907
92541dfc3c656a4e,0.4890804931329449
7cb1048283704d3c,0.5302219952676938
12b552aefd315017,0.49122385770508303
b5db61bae4ec8ad7,0.46222694225775074
6bc422ee81f2648e,0.5286324871879579
5b89baf403fa66dc,0.5828488728604273
8709623d164d8359,0.5345749686666116
3b6417d287edf703,0.4825895944206475
268f6e80da9ebda5,0.5357367499111618
25fc813652cf5751,0.50923583576139
5a0f58bef7f98d6e,0.4668047343255063
b6425277be5a72f8,0.47813936953201375
476d38edec315f9f,0.48855462821574225
44d858dfe7bef32c,0.4581241694277812
91df3fb6336238da,0.47671989574209395
50fe54f6db9b5061,0.4741331214993003
5ea9dc1f23164fdb,0.5625623294390201
25de9296900a4f9e,0.49979210401822116
c8e70e0cdb69c065,0.46376312680883713
11b22ee230350595,0.506708702061454
3b4a6a455c10a84a,0.49952682033451157
2dc10f97d98127e0,0.4832884202911212
3a868f48ac2b5544,0.5013603921301825
12e41228f6ff2c0d,0.4945687378541753
fbc5b9249230b523,0.4606011093018101
cb1be571c5206287,0.5174552773769817
5039774dbf9ba73f,0.5271311903764938
8b57fdc32a4ed292,0.5220560657073374
45f6a104a57fa81b,0.49487730228317894
633f8a2a813317b1,0.48209392393132156
80ffb1b5c12be4cc,0.5137921382043522
aca86f8bdc9dd4cf,0.507486338640674
e73207d20a5186b7,0.5131988828200839
e62e91d0dd664932,0.5039005144796324
fc7be9158320ad79,0.48090720722308333
e6e3a75eae8cc3a2,0.535369810056287
e9cabda9ff919401,0.5525407936191609
ca5f18247184685f,0.47729706851461406
dd617be1edec24d8,0.545873490266187
7487966feeb3d913,0.49154254482044923
ce404831c52c408b,0.47802224148815675
0d7866f139c7342d,0.49174876992837235
075b21929e1840a3,0.4820628777124448
d655d22c15eac6f8,0.46427982661584233
52a85f445ca47425,0.5137718276535308
68a5f9120db1d5f7,0.5239377685008504
8191cbf95c4fed92,0.5072485650129809
07f1e1acd4345dd6,0.47175245682006106
64cb88de8eddb9ac,0.5053175271768477
b01297c90512668c,0.5068032151820387
abb10a7822d0767a,0.512729822187207
8185cd03433ed8be,0.5882915898560028
a4583ae775aae77f,0.5331767197218527
a39ae40a9f2a3160,0.48964847527926025
88b1ddb712cebb07,0.45839585858227994
89ce17e218e502b0,0.4711600126438886
bf9e045ae64a6b7b,0.48890385521489643
7dc8b6624c9bdf21,0.5109931089903549
6fba279f915047bf,0.48842185206926747
e4ed9fac2bb53a33,0.5173725943453936
6e9822f46291512a,0.4788636119496782
4a9ad707810f2893,0.49097368161044386
712ca0cedfb9284e,0.4705908123164342
02130c600715e682,0.5025748396825587
47678dd6bccdf241,0.4989013582856461
59c019d4e0ef251a,0.4855086780337373
538f159b639411e3,0.5040823912466376
088088f35a17fd1c,0.5017424530941207
7402e0b126c1035c,0.5484115252539064
a2f60951fc16f053,0.5071420744884048
ea9330d6f1bcb281,0.4995134461967483
adef5e2d4e009188,0.5019843672413609
9410171f45770f7c,0.478351196568068
9f0f861f669a424c,0.5667856443385126
ea2681bb4d42655c,0.5906677028184517
ce69ad69cd9c16d7,0.48209699232854863
e1bc0183047f50b0,0.4663574286066836
d49cc266f483cee8,0.4985443738613018
e83741dfe8a72889,0.6114339807540093
5896fcd425236351,0.5778746617683569
65433a7ddfba8c1b,0.46486585186945495
fc507c44c7f378e1,0.4638377948567318
c757652cd5eef8d8,0.486381180922297
b147b7c1fb21a124,0.6059727461398224
fcc497a088ad9b64,0.5346851647821714
8e1bedce88cf5a55,0.49714446275294844
a5ef80c9e00c8715,0.4764733853504781
38c89cf34d917ed2,0.45830397545221846
7ca7b4f006612a3e,0.5015614429687091
af94705ff5199cbf,0.4997843263488012
c6707d27fc421924,0.47590771594525627
dbe5ec1b0d3cb4ac,0.4943620932166113
834f694925aaf701,0.5237017542565721
6512b1ff1915f54a,0.4888987274382547
baf75f54471a25d7,0.46510712660438625
92105883d853321f,0.5295726302674008
330dc18f3b71e486,0.5772025302530315
495aa956419569e0,0.5290101377775496
523956beb91ce531,0.48712746795136064
74cb611a717ed060,0.5321440855198166
b304b9305ac5c65d,0.5159689658100948
496714f6f806394f,0.46314228285935577
3051d5c72175ff0c,0.4760047330073883
d8b52df31fdf1e20,0.4876211884891266
2aebda82de16af48,0.4627036090965613
d9b722b0a85634ea,0.4780922674742888
751ec46d8c1bf93c,0.47365556365367967
dd98fc6c556e6f3b,0.5691255587187749
321c4aa5818048d3,0.5091729332435294
e2fe71a9279285d5,0.46553859234600337
39d356e63cebcf38,0.4953080898184854
1d50aebd940624fb,0.4945571838357933
05d3646cd8ad0626,0.48215599897890904
4242a09699243ad4,0.5109629733944414
4116a9d52f4ce8cf,0.4995089186606626
f485db1ccab3fd84,0.46841285464493554
9b9584a18dc7e479,0.5139200872527498
43ce21f944201ec8,0.531821174368867
82836c8060b83067,0.5190140107867796
8ef9d7d387b37a8e,0.5092551253283343
a682fbb30f33575a,0.46872985003276235
12052a439700f116,0.5170920950577207
67186f841cfe2590,0.5069731169094165
bdbb95bceb7a2b34,0.5062721251994154
4c2d4cbc2ebebfe6,0.49790867367658387
dece9921a1ff8ee1,0.5034301182356947
ce784dcde07cb75a,0.5527865477449396
a80a234a85e90b4e,0.559669734992884
311b5a9c33939caa,0.4718786917847082
d7d84cb47fe8d9f0,0.5498206055264829
4a4b28bf38ed7756,0.49788673380539317
c04314052d7d7088,0.4675816735355949
b875de4649c4fc8a,0.48749738020790656
b5cf42794f444edf,0.4852858288354198
8abcc506aa4cfc4d,0.45733233493472847
cc788ea8e752f3ae,0.5121690656258573
8b0fe969caa0e837,0.5163283848573356
20f33fe2a668239f,0.5090890924507568
d4233d771f46a51d,0.4703403570935829
a3a5f6a70ef87bbc,0.5042738554622757
7d585a513f5887c5,0.5075850377361851
f9747cfa9547f91e,0.5079996247165209
cc3725a0fc65163f,0.597896289267295
210f62ab7aadfa4e,0.5373648402290268
2a74bf1af62481e6,0.4803894183519146
6798bc3b8f274491,0.44869385511118565
4616311434ca614c,0.46481103067499174
f9a8c5dff2b5409d,0.5117243098056011
32e790f703552a34,0.5116079013121188
93c148cf4aef237f,0.4809873713963069
a6e33ad7cb72bd5f,0.5165496816130773
4b1764122b3082de,0.46712267693935194
3e0a29b5ee4a85d3,0.4935106859361522
f3c5909afed0c5be,0.4683590814381777
c2c564c74ff00b91,0.5071284463880659
c2e8a591ffed0b15,0.4900593360676949
2e047e5280ac4877,0.4982891039817412
9def78d8c84a8ec4,0.48591884286747034
4a1a2fd6ca404394,0.516935806267761
ebb93b388786e6c8,0.5467589299920543
34d06caf90b9c9e7,0.5218349160103076
36bcf493d17f7cc2,0.513133597053592
7048cd1fcd07eb26,0.49467168913869974
24cc61228af56ce4,0.4751252877901635
9c075393683f6c13,0.5704426331076536
6a5bd4dc717555f7,0.5849007477054042
80d9f88ac24e7183,0.48475338516630784
0e9da60972c0aee2,0.46655488345671703
93ca20347a59b853,0.4933644885911004
c0b570c4c58b1e14,0.5935852642451007
e296032987991bcc,0.5615981362501178
c5d54e40f22690a3,0.46894523593226833
b2600d14de64e33d,0.4571351979695917
7231a73bd3555555,0.47632142383781917
68df0c4ea5e6ad5f,0.6019459885836028
5114f32e956927ba,0.5240920928941339
64abb1ea5a009d2b,0.49227052957108364
4818de3c6641ec7d,0.4802388096326371
2edba39e812c828b,0.4553283782107562
cdd8dac08e457fe5,0.49250752925231245
65826efd6a5ed25c,0.49691616223681123
3f4423a7f5565930,0.468729041772052
7a389c94dc93df14,0.4960776300728156
13529e374b9628bc,0.5250592560908595
16e0f23fee33738a,0.49070395724335647
a807cf839776623b,0.46436514484402325
66ab2fb48ec32692,0.5391175677258833
5ddf95ddbc8a9959,0.5802176387130082
ccd98c56aa3af279,0.5277881976248495
d4a6159b6f6ce72c,0.4855795443649358
6d4cce6ff2ad9f63,0.5447064509330812
208b950d81426247,0.531689073065292
df0e16a1ca505dd3,0.47522517363365746
904f85692b6a4e7c,0.4691817773600231
5720c3300a1a51a3,0.4993877903742203
fce89c1862f9c028,0.4678543936037387
7a6f6e43119ef414,0.47497621831446457
e9062dc5db82237b,0.4748864401481053
b46aa7b03784940a,0.5704679771030557
b3752249f097cb2a,0.513336499244708
1f0aaaaffc4b4de0,0.46153596060410784
8271bf9e28da0475,0.5034978632030402
70e8a5c3039264c9,0.4884072052146502
8dd242617e551a36,0.4734898280557509
9913266b8b057aec,0.47826153135280647
5ceeb6af049dd14a,0.5044143531113527
aa3768d1df4aa5ab,0.4786275769940669
e79b58fbb2108c26,0.5130566033739338
1f7ebc82c62c219b,0.5282983750632289
74fa438418dfa2c5,0.5104710294730711
02c33a9db181bd86,0.5167407049069128
196b425f23534a7b,0.4759617572114927
a1fb9fb271700484,0.5126960752432148
1d2552eba66749d3,0.4931103428215473
32a6210494ccd60f,0.5087923748808418
2bc3d90bf158c8b3,0.5082069892807674
eb1024b0b5b3bd4d,0.503344389905807
b57cd26a0c0a5c34,0.548704775944593
c96e0495e43d2c22,0.5555456094987057
7ba3246bf3c1cc90,0.4654276248097864
b98b9923e7d89c3f,0.5418836209280253
d00d27c18d585ac2,0.501897297100127
4ac65cbf6601cfcc,0.4602339202417767
51e832aa6cbe41c6,0.4724073035267804
6746e8fa84b444e3,0.47775831215205944
e7441efb453addaf,0.46021906382517375
6d174d1ef342f6a8,0.5064979322480889
9e95ea77391c0696,0.524046263043209
b2756a066d60107b,0.5070632782748963
151425c8b5ccc39d,0.4726580147546442
b05022e783adf7c2,0.5136192370965973
5cc23c1b3a88652b,0.5213204517191923
ad4507b0714c0d26,0.5105381537997914
f58666cfe90f54f5,0.5953408079321795
0389578226a3b000,0.5348810057870461
ad96ac4dc33d7359,0.49323191521058796
20028d0f59ae6210,0.4527023731147055
7eb8f03770c056a9,0.4634288277270946
60e6073e91052e6a,0.5078594410693319
fde8ac9d66997aeb,0.5026745200776654
69c91e6d6ce10b83,0.47897553327513465
36a8498280e977af,0.5188083191660515
85ed3b74576fc375,0.460698309641442
c369a3617e66c8e9,0.49093200922063907
957c7f113c790021,0.471623757946231
833f0f2d3c25cde0,0.5008878696678554
9d2ac1c1a8172ac2,0.49525829718409553
84e62991d8c45ee4,0.5112821986097748
31ab11c041c4b452,0.4864454385034429
2fd13b986fc63115,0.5184595585111961
f896ecd66ebfc3aa,0.5416805318595009
0c0c91551726121d,0.5064479385670204
b5e1701e643552dc,0.5327864009721439
bfb22371effe5041,0.48996419068997443
1aaea6e9cbf67ec2,0.475559857251586
a23eb9dcf8248602,0.5728424820413749
729866e47afbeffd,0.5848564069409179
c14772943dcf8a5a,0.4821281195035898
5a946425dbd8c4fa,0.4684512201609624
92713572e3711ba8,0.492150437183958
25b4ca6b01217ddd,0.5900606955504768
fec46b5019293f41,0.5533607838086558
df12e8fab4a51f4c,0.47006594217794984
3c8d792d341604cd,0.4578732853733749
4a08d5d6e6cc62ca,0.4798211288797505
a23d9f4da11774bb,0.6303332900139782
b940485c310d437d,0.5193544581612523
b0a1987ce62f7264,0.5003298715405484
c1204a876da048ad,0.48652439536597913
bf9d486f3776b483,0.45693073138024953
cbaea468e9922507,0.49260939454672104
7c46dfe0ee1284a3,0.5049298479900522
74d408f42b3e5433,0.4758558719507615
10c45d55fac100ef,0.5005727419134235
d7ad4609a8d30705,0.5315640686447887
bdd7542b2a1e2d55,0.49257678609114297
2b0669c4dbede972,0.47123537031619567
663aad82a6efceee,0.5301315823604537
6107a2b64283d07c,0.5748509753985873
8216ff09b90e5ef4,0.5261089985941584
a3fb7b3612f7b2ac,0.47692027510877255
8f88ddc82c955fed,0.5588421285673831
c8f779e245994948,0.5204601969623369
d49696d54a8a595d,0.4638317523946096
c22053dffa51f179,0.47422054424573334
6f6c89be8bf14390,0.4969610161016217
e0c0b01870889cdc,0.4581359975324302
f7cd2bbbb6a5b817,0.47119391758277995
f6626337012ff991,0.47625496015845303
25d24d0e1e4e0051,0.5707308738573382
0d262c14d05a1216,0.5096729241544888
9a3d55ab3f821ed6,0.45696724248938625
c54a776cd5d87f4e,0.49795914562316823
10cbec4e5ddb8fe9,0.4903979248281185
b2c58dc5ed7534aa,0.4715144737542101
becf2ef06ed4ad5b,0.4741412478871213
cd57b652f7eb74cb,0.49264875419730636
0bf12749f7e84629,0.4712982537746755
b62c9fa61d90bfb5,0.5185290104371122
b9cdfb2269fb5845,0.5270868847283624
b715e4d4cbb89fda,0.518057156723031
7d8ae3bfe8896208,0.5158756460747189
042174756bbd026f,0.49154715144798655
659d551c36380253,0.5112874316379825
039d2860295a6612,0.4949814131036854
ede194c9f90a3885,0.4937282415451434
564bdb15b2f959f4,0.5064639832000544
6d066af71cc16d6c,0.4933716336170013
7b63d2c26634b055,0.556090280899634
638b5b8c33e892ed,0.5589417170678717
038501efed6be242,0.46430549494444184
4060b77cbead2c10,0.5482776518831729
3f299a17beff4dd4,0.5063645979282019
b6915c26aa9ef177,0.4583992460280434
9f8b380eb919c096,0.47094325474271326
4821aaf6f0895dff,0.47955672357874857
9046f31729d73d4c,0.45837322987035667
319611d37479d587,0.4997760509968948
9639b42e9fe96d62,0.5302802376086888
19f593016c4da9e4,0.48820909380204414
9b03e7af06bf5ea1,0.4766785889801649
9a3023fe11ac47f1,0.5144470075081826
60616d49b81349c9,0.5187773551575465
d4228cfc4e1c5999,0.5151597687919185
bdd189aaa625ffed,0.597750472883159
2681c73df54ae541,0.5209696191253593
0b549cc4faffd792,0.49177794885840753
e889b224c8d48bc7,0.45086157273919825
ec61cbf078ade45d,0.4612883499245204
b2d5575123d4ef00,0.48397586420659255
a92e98b17bbfb94a,0.5025744311704083
7b22dd9e1da0395b,0.4796441798323082
9859c9da5c96e74f,0.5207289476996806
3c5ac97215b4d6cf,0.4649059931895567
e3452a9bc8b5ec7b,0.4919476716394239
6e55aac518fc72aa,0.4722978412740978
732be8950a0c12aa,0.5078541153147815
ab6c1cc76e1aee39,0.4888366149694221
d3fe8b29ad7f8d70,0.4909039913149804
238fb317b2e52f24,0.486828516360561
faf16f3f1754ca73,0.5268607317915335
e4ec604df4b86fee,0.5364782082319136
f5f3c1c63947d002,0.5007139021933902
fdd216a7566af8a7,0.5063982904042512
1bcd6a6cb9f5c5cc,0.4982977127473265
b778c34e4b377aac,0.47472560502407246
f5d0b46222ad6ad8,0.545300170208953
3627f901dbab0a8d,0.5825024920675825
905225bd06b1a7be,0.4825177149606342
3c3f601f9a48bb57,0.47194022953050874
db10a9fc59d7b493,0.4886652888370774
7e8162596fb7a30a,0.6036192066283965
0502921544f64a1e,0.5705609623619734
746050a5c71673e5,0.47532571858480144
643b7de68f50f443,0.4664506503681335
5787cf3edcad307f,0.47758914345810477
06f2ffdd56e91ddc,0.6220027062056254
11fc421acd0d556d,0.5296859211915723
4158a3bfe581e202,0.4974450993351879
ad1a7b5860408d30,0.4893571425928105
893d702f5a59d812,0.4667844840927624
9eb3eec4cbc4e640,0.49191900824145596
82f0dab15a9b38da,0.5027725827427332
08562657378b63a4,0.47790464743171857
95638eece997fdf8,0.5006116340140656
0bd999869fc2ec57,0.5086510170128086
73db0e06e4fa493c,0.4892315463557815
45ee5290530f16bb,0.4709752860929217
218b4d7147762797,0.524650014188999
315b3d38d157075a,0.5738831182137558
cb19c934bd3c01b4,0.5266955268728108
ace5aa83a54abf6c,0.4748797724843059
a8d02333a0d75b78,0.5563570518612627
94a27297d2cdb62d,0.5169083825660723
21b65bdb98462e51,0.45531620848613286
b57bb28538ac27f9,0.4692616539218335
854995217c2f614d,0.4937235453783604
b3ab952988023ae6,0.4508375930578592
de196a98acbeb1d2,0.4679054124828832
3c13a73382b86144,0.478500657977865
9e1588bf1498d8da,0.5652048645043102
a0ce7a1e19cbbe4f,0.5142044310567443
ed01fd5e1b43c055,0.46082644950317053
e8b7e673dcf91354,0.5061899145830404
6e50fb45db985fbe,0.4910280196101373
7e7d9f875e20f06d,0.4644993272296929
2b2a50b981c9c263,0.46832118783698484
50792e1f1df04a5f,0.49824318775346355
9222a9bc7e8d7b9c,0.4718740858233894
4a04ff7b34518322,0.5241378495604303
c2f67deffe3cab9e,0.5315022478190216
5cbe5a97901102b7,0.5242038735273206
8a91324052558c54,0.5186843453944894
166efcd65d2d5222,0.4893613963707104
bb31ab7b16af797d,0.5100629719058469
3a81acaf0949000c,0.49600628747543674
0baf79c044f15448,0.49497303652547775
f4357475a8fbf8b1,0.5067788036413229
92f6de0954eeac25,0.498481153479172
c80023bbf441f408,0.5499394980136779
42513d100c0882e0,0.5563869759236884
6dbd95011e374fce,0.4642425102407941
5be6af2bd73dd7e1,0.5614108437640623
da708b25f1446636,0.5107607494260976
e5ba3df9cfe4a77f,0.4569723015108479
d03fecf291cf3429,0.4731223022743942
d26864e237ea621b,0.48182918030475963
c3ed5471e3e18875,0.4583171265558976
e5ae13c17038fa07,0.4992671711400878
b13b73d955491852,0.5260509350141656
0ab8ac37c6292ff9,0.48364096159950143
61b0ff7c1f161b91,0.4714556723717589
f4fb5b3c0b7bfc6b,0.5145568559661535
8fa52bd1f7d07ead,0.5190779257844373
6f7f3e3969b39804,0.5051073098142296
3cd9b02603a6622d,0.5927806877648537
b3da9a449429bde1,0.5265469984937009
e2a94c798c1c601f,0.4914438009715174
b66ab338cc5a2a7d,0.45959101689466664
7ecaf5898dd69a82,0.4580183618051781
aa85227b82d5653b,0.47057505193671134
23d584a1b253e91c,0.5048084224018143
328d4ecc543acd0d,0.48485470357922
45feffab4fa1400f,0.5350374223710579
3a8e02360cb6c422,0.47372181053550266
50e209ab42bf41cc,0.4895878195121628
fe31eba2430d2ca4,0.48284858771355177
ed44ecb33a87eac3,0.5013888907595351
00a064856d630442,0.4845284927824782
4c6ac7ab371e2945,0.48250690070595814
50ec6436c93d2cd2,0.4837270344998671
75a841b5f6039a86,0.5141214139206155
ec33bf058bbc150e,0.519429128349196
4f4acda34a9783c3,0.5094738254040643
696ef527029070b8,0.5329104658190312
da9e33e722d47279,0.4829280483413986
44309f12c075ceb0,0.49275323307291297
6906ea55774ecd0c,0.5419744025820602
081ba094e5301f31,0.5858245021859579
8db88b86a69c6c42,0.48462428626871534
7a89a2ed457fb142,0.4750502087507411
3ab621e4deeda60a,0.48390526043592585
16c20af5f65233dd,0.5858999549401271
aa24573542b5c4e4,0.5695832509667338
51b39ac88103c35b,0.47852103502856236
f75ad49602311eb4,0.47878787320198046
78316941e3ff58b3,0.47864253450737126
bf9d704c19c2f228,0.6022686575545433
921fa42599964b4f,0.5261836611879783
5a61630a83193fa7,0.4998479951718835
f90b3858a96df51d,0.48425963888979784
e74c7d0e60bea710,0.46235780855370234
25d9a60da79228a6,0.49245369832995145
53c13cbe36a5ea94,0.5056282507879287
58fb5aa79609a9ed,0.47647861153922233
a7e0fbf683c8f743,0.502844545831272
cd39649d1124ece0,0.5016564911970192
a23fe00f1bd405b3,0.49536871326004184
efa8fcddf356dd47,0.47596390861200377
487f6e5d69e07674,0.5354410670492833
7fb0655cb7aadd95,0.5774613455751385
4b7e37f5be507b03,0.5253890914593602
856ac31641c5c9f0,0.4679071726139006
fe9f9aa06ad27103,0.5453144725657799
27170f6cc3e31298,0.5124855123258778
8b6c81e7bc3ada35,0.46442732374725926
421ecafdf9ae2521,0.4629169923976022
0cb9fd4f17e5efca,0.47726465672477425
3a69455e115fd160,0.4747221103467012
f1803bf0d1412c7d,0.4552606092487417
9cc201cb87f0a415,0.48024621473722107
a404cef37ab7efd5,0.5816141711346833
bdbcf9abaa806e9f,0.5194203520224363
8fef9c0dcaa98c40,0.4572878202952382
0686810d9b14a09b,0.4851651703794517
67ad0fdb120ef0c5,0.48554452024691386
24a073cc53b9a9b1,0.47500126837807366
766048a5a69e97a9,0.4658936630754781
73b11f8005891c73,0.49776737962922035
60877419d4cc06bb,0.4783453679007611
ae41286a498bc769,0.523338683488545
dfda912501a60065,0.5264801264486434
b23262f0285df4a5,0.5234855254106053
fec445dfe0b0941f,0.5236397650056148
5cebc4ba92ce3908,0.48769357879126773
a5246e8d45cea224,0.5144888582516145
c15514185af58b8f,0.4796378234625236
7486cebbed55d11b,0.4933943856770413
a72bdb3b8d30e921,0.5015883127646668
44efdc43bee11ed9,0.4950210857032289
0c931d5b500dc08c,0.5460582623641027
747a7e4a3cf20c04,0.5463825567647218
a9a67584debc9c93,0.4739516862631161
210d1f246e12e738,0.5563554609368082
f7607b701b3edca6,0.5099162011732448
b6c9960fe38ced11,0.4610161368940594
1ce5970b7e86f686,0.48633342452964823
206c9b25a26d45c6,0.48558554239043483
58a50735e2144d23,0.46103031529106087
625d2a6e7c9ef2ce,0.4966572333206446
b9f6cd9d8691c590,0.5339751715076477
58088d44d376b695,0.5092234718745152
61d7771ffe11399c,0.4723343304550509
229b96d394ee03f0,0.5261807978697003
244d31ce08c545e9,0.51749381307413
24013c511cc7019b,0.5364601737642325
2babe16c3c806516,0.585180522712677
b2d1dbaa584be4e0,0.5226134547277159
35f671676c08de58,0.485375052083342
a7018e0618f056c8,0.45676299588185687
f7e96f5e94ffc3bf,0.4438302361281692
7cfd2688cd1b9ca1,0.48576771003073416
919a966a9b1d450e,0.4919406340280781
fa092cace5818599,0.48061148726722736
f8ca49ab55379bbb,0.5316766408706363
6628055463e9bcb5,0.47289672700573504
97dcffa3a1fab955,0.4899881632682025
420c46321b988543,0.4635739356201032
5ee40a22dd7863e3,0.5053074185534623
2885fef9e80792fe,0.48856727830098245
c353639eb69064a1,0.49559055035032284
209810d5d32a675e,0.4785264084683113
b4e5d1a17d30486a,0.5136832421048521
6ba52825ae7703d5,0.5245241220398571
112075fb8903c99a,0.5088124013819741
a977aeedd5c9444e,0.5076688803141646
0ba6d15b683a27be,0.4896671298614237
7e4caa564ba43d80,0.48638095783307267
55c0e5475c1752bf,0.5587640431821992
0a342ad2d6bbc036,0.6038281951912104
3d82d27d8eb96d12,0.4819299369259584
cca320367a216a45,0.47318812131327437
482b68fd18485ea1,0.47410281988621505
f569029d217fe4b2,0.5926109129678254
ccd7a2e85412bbff,0.5698291256750116
de9ddfb588d7196a,0.4782175835665927
f3d782fd6f339a6e,0.4771757190835554
eb306a24d4856168,0.48456506070746264
32df8aaa158f9256,0.6135299476192227
73d8a870de2cb94e,0.5238487588292321
ff6c651eefbfb0b4,0.5024313278377168
fe15f3bbb2e074fb,0.48248494489823734
083e2ea2b7e96ffd,0.4675648280090615
19b7f0519763441c,0.4977403681996001
9eaa199277a2db93,0.5059955214090197
000262576f95c2b0,0.487208150263126
0e2c65d4db8d59eb,0.5131596121575328
6e048a63685b2b11,0.5084380063322445
c78c32bb46da621f,0.49645162258588393
9dc052027ece10cd,0.46644283110668316
58a9ba8f5b3d6d92,0.5349003403730962
142b94cb10308ed5,0.5753805143909823
86fbe9999f3bed19,0.5309330845955688
d32d12c1fa134c6c,0.4739838528563005
c5d0e5dd478a04d6,0.5429217454881117
3214f99c0dedc484,0.5166354640247061
cdd1ea81cf1d4548,0.4606977330981409
d518b398127abd2e,0.4693758528556412
4c39a8b5ab1c740b,0.4767213068825461
9f89c3a947d36300,0.44810441415843627
39a1a02d22180455,0.464019559351335
9a6724d35fe63d20,0.46356488557138453
a00a6f9e1fa9bba3,0.5840645750177347
ddbd541df3c26a89,0.513418975185294
0c2b10bc6ee9faa5,0.45768880493711217
fb996f085c0ebf97,0.4888129417619096
6eb46a8b32a33e18,0.4868708763941031
01ec2e60f2fb41fc,0.4832663457815869
d4551f4c3e2e46d8,0.4576974173788979
3fbdf9530b675604,0.5037183356857104
d46c890cc859504a,0.4760194152940569
b0e5e8341f199724,0.5216986449549756
1566cadfeabbf353,0.5392425093306561
c1f9e8d7de77af68,0.5166330604530268
d34357f22c051a4d,0.5175958828525493
5aa8b8c04e67964c,0.47599260704094837
a0ca0b4cf2b715bc,0.5081993895160326
e2e13a1edc72d37e,0.4793530598062481
69c5f67428a1180f,0.4909283233145929
8b9a0958940510dc,0.5045617897617483
c248ed0338207c17,0.47056336418712275
1cf4254075cee69f,0.5474826490399128
ab8df7b81551132b,0.5457363787517383
86a4aa04d21b7e81,0.4773938231194309
d9fed79d5c1e0011,0.5588948638544518
70b62f36fdb4779f,0.5029715881287147
6cea9c7378e04545,0.456488493272444
8dcb885678656e2e,0.5013360956390928
1bfb21a2b63d3c9b,0.49095298081425787
c3c8dae5135b333f,0.44851315831460115
86ac4fed4719e3fa,0.5037892013845295
42c89cc460a1f4d9,0.5333489864875175
68fbc5b3a2ddc0e4,0.5039847850390383
645b5db167fd1d21,0.4629900218525873
732fce33ec4d256b,0.5249358566107143
b87e6e6924199598,0.5112477519280445
b6250d55d15084cd,0.5375304315682669
5f698d40d9905c7f,0.5893015247121947
cd1734259011806a,0.5210060134356628
9b8fea602a591fe9,0.47817221843291713
04d857e051537a62,0.46783300332730393
c2a5b4b481ffaae7,0.45200638252226033
fd1850f03eb01452,0.4873345543082813
f94c37afb0e7acd3,0.48539010329837207
c429350b3df4917b,0.46811032852950074
9f6b53ede97a9b86,0.5279016206378824
82ccc5d6aa3817ce,0.4761124598386951
1a00b7265f268f47,0.483058249656489
b4371dcb3e25f0b8,0.44945058794177983
064360539d83d7ca,0.5083176949951762
4b13500a6cbd062c,0.4864292176550775
e90f950e33d4b656,0.5001649079780777
0da20cdbd66b8f6b,0.47617789820630974
53bf877aabd539d2,0.4955758132658865
28b1be871f4e41e5,0.5266311883793269
190791321b5a8c49,0.5188072449623974
df223fa83b1d9f7a,0.52554336222571
c9721b1172373451,0.47731581054803696
c79d857e1c176c64,0.5039601534260945
692a91e03b1efbe1,0.5564698898669267
2f6adda082f4bcb1,0.608763649769392
18499593c1c73592,0.4840109584939154
bf2856289711b677,0.48753077411055024
73bf1a986ce0faba,0.4794599006879363
93bce5a1215a5e55,0.6026358539769965
a6feaf412528deb2,0.5544311872252314
c69d4f9618e490f5,0.48861615361063315
09f523517a01c174,0.49284932213876376
8aa4fc804fe8d51b,0.4815114412696013
444c39d2ad767428,0.6119169828113914
d95c365adeb6a606,0.5215862990092726
a79de35b51cabf36,0.47979880845614264
1b017a910ebc4cd1,0.486470428989368
ba094d87145a5d34,0.45597019851727894
cd3c0dcb14a82978,0.49930175027947055
c7cf3d14969d53da,0.4926716820201944
d727a11aaa922268,0.48638543360339537
746dd162cb9714b4,0.5112223795154792
e8e27ceb82b3f4d6,0.532430153180794
781edcab51993b73,0.5016622603997014
90c5018419bb7827,0.43729423547512347
6ba04ff5767fd248,0.5396386893923646
67c540377554123c,0.560928713153768
66686f7243b3f846,0.5318250096517658
fc240f36c2ea6b2d,0.4731470548608325
2ee21a8d61a9dc63,0.5510024111759414
5265964f5526384e,0.5177485864813915
7fae397ec79ddcf1,0.4685640276387453
8ad2f9e23b335da8,0.462654740899614
516e8c5113dc0fac,0.4835729454936686
ac867306c1fe8f61,0.4482588978624099
e13f1016327b7171,0.46878130166668097
96c4e366f115e374,0.479061847274894
28c47d61ea29cb11,0.6001235318294561
42da46a7742d3909,0.5072071806782873
3533dc8c9d02d561,0.46629357562426266
b0fdaa5783dbe723,0.48462504540318896
f4a24f2006227197,0.49106684328047745
d58b12830696db33,0.4849304356271238
2af117495efc57ab,0.45894610431838667
0427e157be181689,0.5067193027547263
d5a6b7a80e6369c5,0.476701618239492
5f8461ad1e2935d1,0.5222508756583165
d7aeeca10f18f7e1,0.5344694080786054
95af52513e10a1ff,0.510681351065041
ed2d8c69855fabe6,0.49914643572533635
d4ebc9a292f96a32,0.4812440681923974
dd1530e9aa8494b0,0.5043111471330063
ad61ab941ce4ea26,0.5112489619991358
b3e6334e22da4620,0.48140733455003426
efb022584319030f,0.5034911159596677
0126bcfb5c21e915,0.4794173645339723
938b716668240a00,0.5478948717454281
b89636096b9ba224,0.5576726410398483
211dd68f5696ba3e,0.46296731181148365
989d443a214ee425,0.5489029319473075
01a487bf46994abc,0.4921308861763276
521b406e8a50a62d,0.4560681542191294
51888f26b3510756,0.4844821576171128
c075d8f4ad670b9e,0.4804389252299225
3c1a45894d1969d2,0.45287857119222996
080f9ef596bd8f03,0.5157830353534502
c0d9ce6431a8c07d,0.5414989285319781
a5c90432899e0426,0.5044945433465426
907f0cb08e567290,0.4698028261621867
2ac3d786237d141f,0.5402027078124332
f843d585b4f8beef,0.5121858717831109
23d27b2265f7faf6,0.5340716443004806
ea25e9f2beb1a491,0.5860624252981674
db95d70fcdb4c667,0.5062356520613699
607f175d12a401e4,0.48530168542429797
4bbfd3b01a52add6,0.48039253994769293
a926ee1fb0876ad7,0.44421862155743064
5716e458654e9e2c,0.49155964216874803
bdfb62afed458f41,0.48782746996121396
7cdb02f26e4dd708,0.47297239100496635
11b48b428afef965,0.5278498693918627
f8af38360402b9fb,0.46648276462452
a1f749fb7a78a635,0.4858818148364701
567aeed735a5d789,0.44573823706153104
5707649bf1dbacf3,0.5066386176127142
b7af577018fe8114,0.4894681277458821
d27607cf42300871,0.49869600091841015
3b9bde4b525f7f94,0.4801157456382943
b94e483cadfbfacc,0.49884650102495276
e8f7536b46c8f0d0,0.5213824320906669
1b94fa54afe54614,0.5208629905952047
056ba4242d2a66e0,0.5185198861748247
d052e14360aa86f2,0.49753284334323467
e2359b1d182b2488,0.5015046570746788
7881abd2cbcc037c,0.5738861349865108
9c71cd5610d32ad6,0.606053733780866
02dd3bba5feaf37f,0.4835345912965485
62855804edeb36ca,0.48121352996260813
28cf07ae7511bcac,0.47599120868881606
c13e952541d5838c,0.6089855270497817
278b2cc15738cec9,0.5765952198163291
ec2bb7fc5af65267,0.48793014239198873
35682613385dbd2d,0.49506897080537837
d7a7385f74659236,0.47897395810907817
67469d5bf6af1abd,0.6347573900299655
86a2a738726a3b5b,0.5254261850892741
f8640f50bab08108,0.48917432098376357
922fe99a9565c278,0.4864549991194278
d232a6ffc592ca44,0.4522427590979765
a6f1825d323aa51f,0.49731559366393874
b1d4b171cecdcb01,0.4976890921726407
d2a0e418d20d4b17,0.4850624521173881
40639a9f05df6e29,0.506163882532136
0d7436cd39d33c03,0.5180023206979402
524bee78231fc529,0.4955140838785219
90e09d89afaaa359,0.43252877074969
3cb1b99e65f6aae3,0.5294682311409333
fd015b7af4a27158,0.5589263226999852
3a9244c9d72b9253,0.5309152608279974
1ed05f1719ccf0b8,0.4753797114778524
77dd7762a5e31219,0.5509457761072244
5d15835730605bec,0.5151554094882778
06eeb710fcb20eb4,0.46666365104647856
875cffd4e793def2,0.4743401050869698
8faf40d3eec5fb55,0.4793292372087863
27e78f8514e92a18,0.447155371954695
3e9c4fb618de4c5e,0.46840087703906663
f8bf1393274f9841,0.4842688928730854
bcc5899281d3120a,0.5944227201213902
665c244b6d084712,0.512914491944241
b5148b013ece8166,0.4648098033156224
c2888a8b661e4bd6,0.4893778062474071
0d49fe505273e9da,0.4880883281440114
09031e3f4ba8bea0,0.484671837178576
3812583ca8c2dd49,0.466439459948663
fbd3529b536fc08f,0.501093747519707
a647a5c26d92c2ed,0.48104942917573124
f30507168925f45b,0.5160564233645879
f0a87fa5fe37172a,0.5331714065447642
f440cb2ab53545a7,0.5144939052249196
df98f11806a77317,0.49040524621327775
b286eaf53750fd19,0.474995957826857
0b13cbfe662ff742,0.5083696336056667
48918e8ccd2da242,0.5083369338007948
4c4a70a046010746,0.48837503426803863
0fcefed53f2940f4,0.5020680338745922
741092f2effe5d28,0.479071330736045
4adeb2acad0d44de,0.5600741031911066
950ed8bf434a7370,0.5565972355264933
10481fa0b9709aaf,0.46563886401530263
2dc391d0d4de4efa,0.545866094434516
5881a955b4e69313,0.4880785819183664
1b02aa311e887e85,0.4511033076030535
fe21d4410f470510,0.4910967391984653
858887acda6fc433,0.4901053317622206
47e1a68c800d2103,0.45622227775746094
8e0fd166d107ff77,0.5146902960975575
f6b1da5e1e8fef6a,0.5403220568619587
3c9d28c2673165c4,0.5107516590759285
61e1920dc62b5edc,0.46823182179660816
49244b596c0bfd4a,0.5396521878586614
e71b62b836cd4b29,0.5081101928374006
8c3321884a533488,0.5283472924727777
c9e79cc5a79a1aa6,0.5865170648266549
3f43ae03e45b69d5,0.506171353253847
ce85b3a5d398fac5,0.4829453041504359
a1400b5367e8e680,0.4751642636155955
a94c544063ed796e,0.43955983984977043
924ae0d1e905f389,0.5042608276872459
f28f54efe785ea8e,0.489450568613495
5c31b734cbc04255,0.4716491607732982
ef5b69945f1325b5,0.5341198143611506
b4f887fceb2ce815,0.46282953106010916
e7d8e81fdb130fe3,0.48463358473891316
ad1ca3cbc39c77be,0.4543524468659854
fcd870348f3d6e64,0.5054446594931349
d35f401c69acf383,0.48358528556234726
1a70a7573a78da97,0.49963817686458956
ab333521a574c793,0.49036937089837884
6cd8e772b8ae3cab,0.5123969383962169
501b74ebaa213eee,0.5372488115848295
4cabc4be5db2f1bb,0.5190639772399108
8cd3888982913eda,0.5191885656005737
cabb0f1d61acf72c,0.5028292318991681
859cb986dca58722,0.5018976827300793
de43ca84aabb44ba,0.5796089979955972
866fe618f0f7e290,0.6042787094092652
e98f8dc44de40827,0.4803573334082083
e537b5517cc81364,0.49393840953341117
496dc012e3a059ee,0.4760533416768331
70fb0262f5d10c79,0.5924995394293655
bd77242052b6ab47,0.5690646959597274
bdedabfe9f0338fc,0.4935474824615561
226549b0ed204010,0.5055236442146865
cd6371b722d8911c,0.47152213022922695
d600424bef6f451c,0.6178030167621659
443accb73bad1d05,0.5224218177152968
c00759b61d05f22c,0.48461990090671236
0cb3c56ceda111b7,0.4915881685803083
97690ec90a65e396,0.44597177019869294
5ee5547512b8b17c,0.5082413938938922
a565d67f4d1c6fe9,0.5065912630045698
72572e37ae38440e,0.4928803200252956
96f0286030f10c43,0.5071449314253061
086fe0624a9583a9,0.5324166198387777
f6d132b5b3f4abd3,0.4939139466610911
8964dca8ad07ba53,0.4322597522785687
cd88a98b4e2c7446,0.5442604086813699
74863a46b4038b38,0.5494961141596956
4f40d85feeb9a8d3,0.5290683895788184
8c383c7d5aa2538e,0.47141337016669715
fba1e1d7ea4253b0,0.5540234059454597
16990416ef6b84a3,0.5137518013308946
4b7f321cd7f76a16,0.4706013571354908
f01885bab1e77401,0.4716123970242636
53f1d453debfa2e8,0.48120553663446075
2287cc3a94537550,0.45993920453449233
9412ec6e7f9b36cd,0.476673977735835
beb74fb6b7740ac7,0.47834727092910656
a0350da542fdba8f,0.5857068317394228
3558b252dd779a96,0.5183383674002199
caf6d4652633973c,0.45801296713834916
1816f16317fd7712,0.4935173625050253
7ece5388fb6c5c5b,0.4848753823485539
8e32da77ce460a4f,0.4831634789084559
dd39433c3343d1ab,0.4590502472490665
6a4b264e6fec3302,0.4885764832463968
a46277d09e4235c8,0.4830367759070321
45ad43458ae4ec00,0.5221717600906919
bbab563ebf81f066,0.5274835727360871
d4876a5be11acd99,0.514648762030852
1f868d950721f9ba,0.5066765958710061
6f515920ef798b9d,0.47864640284982385
d077f12a0c7a0611,0.5112544606273876
6da9de94f36c8fea,0.5148930685955455
3ca9baeb70057bbc,0.4856928549428571
bd2a685fd364ee44,0.4989476548713859
f42c1cbadd1d6589,0.479178934784976
de4aa50dd70cc387,0.5535680347477073
0b0c61948cd1c81a,0.5478759486921576
f1eaea959b0262de,0.46450826722530314
2dbc7c7cd9ab8ed8,0.5407866786657207
60c294eef66e0d61,0.49183138900313306
1380453d46ce76c7,0.4508419241742926
e66d3ac0f6fc25d3,0.4860874457211275
dd8c8c9bfda86be2,0.4862447947171441
41582c0ab591ad7f,0.44865998195290846
2471f454d388c285,0.5091767817243326
741b2a5d0e0b3c8f,0.5419224434193577
4965a9ac48728eee,0.5123905292803976
e7151de90be542f6,0.4686867193612497
f94d79341288a588,0.5412506327245208
ddf174851fab92c5,0.5083917949764072
c91752e69395545f,0.5382524175456397
b80c757f1cf5b299,0.5947791747210096
bdf17f5c4ccefa3e,0.5139321015337943
a99e50bb2d7f99dd,0.4826409448445861
c3365c2be936c98a,0.4717106589907689
5e9410fca2abeda3,0.44118430864266256
e6ed1ca7296f1d25,0.49497276649008715
193bf158f13f03ad,0.4825198975417878
b4b64fa63e1a1441,0.4710207936822315
bce621f1e2a471cb,0.5403005824152387
a453eff89fd1f75a,0.4674569992280082
ffff90f63d6fd8b8,0.48044428122398875
c98eba7f85c361c2,0.4520998121652453
2873b8bf208f82d8,0.4966323516991711
33f8baa87dc79d6b,0.4849046259923401
d9b9e75da24d0640,0.5028734515968982
ebe4c928bd9e29e9,0.4923654920458098
d754f75b9016f04b,0.509076487024883
acc58e9974d29d9d,0.5224732081824998
babb216586a7c33b,0.534040947260201
2f6dfa3ed5c2fd87,0.5142435616774701
ea34587865585a05,0.5080965702512177
8bdac386e3d4a98a,0.5023619213484164
09c168be8bb3d3c9,0.5690852760278681
e1d338230fe0de2c,0.600150209155017
a44c7133a81e7d60,0.48858829197055387
92c37e8f7e01c104,0.5034030482138336
7e54c960a43d16a3,0.47918754133828134
e5951027896c69e7,0.6069605279426711
ee6cbfac7c46a91a,0.5975910029525253
62198d3baa03e929,0.48581385579848235
ca0b431a7ac9291e,0.48256914467365397
eb84f0f896f2c945,0.471211377240643
69d89c4b7e1e3e84,0.6252164895064516
124b5f32e8e2e75d,0.533821926824007
b04274d663cf32f8,0.4787547018413838
ea46debed8b9ce0a,0.4844689947200803
e4275a5867b5d9b6,0.4518521192713689
a3225cefc0f7ca39,0.5056931191534716
fbd4bbe50fab6029,0.5046471113882313
5d621cf42c02eb98,0.4788494827501526
1a92c94987d98f75,0.5056215799291556
99997c61dc4b839f,0.5265126565467204
5d07c4f1828b5d87,0.49483341721689544
2d1b6f6d385a2112,0.4480644299773485
511905c0301aec31,0.5373801869504031
5e53a980bb7e6be4,0.5549466535080463
f2a8490aa44d1bde,0.5306544285552972
32127bf02e666539,0.4835778373503723
725f8f10be01b825,0.5464965518770735
f230b792a6bc532e,0.5179407282329305
553b3487de4f9eb3,0.47229636934469577
9c12a302002938b7,0.4775074602070961
e62e28322d5f3ece,0.4854221732028092
d1d3855f5c58ee58,0.4505204188677956
4a0af33f088b2e93,0.47108977298582433
7b47c8770916b356,0.48058078808129157
61f4a0d5f87ccec0,0.5925580175333703
afa64391be72d513,0.5246494079915418
848b6aa18aaee9e3,0.4548581497483164
ce1b0ffbb69d0189,0.48452610672383134
e860205d34c28f21,0.4782622663238211
486c6bee8fc21c2a,0.48516635362244576
ad1a7a33cdb376ac,0.47266669781141935
887e9b5e5da2adc6,0.5059631282504526
601c6d8909ae9e52,0.47402293067624646
b537de584d82d430,0.5189652572245163
270830515593cddf,0.5265152104594314
1076d3cf59c936a5,0.5107591973215247
826029109d955245,0.5099456521841986
4b8d626a7422e645,0.4707644031545236
58940807339a4638,0.500769405461845
4379549deeb48436,0.5181472803337508
1a22a3a682a4e261,0.4935551595383131
6b7a6a7c11f856d0,0.4940101132089094
ad13bbf6e94fefa4,0.4707702482362145
9c1159e53373a8af,0.543904109521602
79157e1db49004f6,0.5573223724818613
cd17a36b57ca1340,0.46569120219278304
448eeed372e051e8,0.546212103575995
0ad881e9846e6f96,0.48526333673332633
c1a201b10a47d2b9,0.47060260442661694
de70a2af846acb39,0.4827083121523852
63a3cade82761c8a,0.48710065536611014
f86d648490243f10,0.45882242486860303
1e0f9e74b6099e32,0.5099732478144318
9e5fb7a5831fb9ab,0.5443655721014153
9ac8675467b5fda9,0.5005372334769241
9ae76814b3e01fae,0.47653779439505817
acf458eac4ec9213,0.5439398889366466
13a695d0b717a249,0.522539716990929
1cab3fe634ee1d74,0.5353510559988334
95e9b41668ed283a,0.5941762546106
e2cf5a1f17ba24e8,0.5093811371050421
2d387ac7e96a58fe,0.48991874936444213
317362fa93301283,0.4810938433556893
d1f0707960da1f5e,0.4432022070049588
90e14eb38df48389,0.4940388002348982
ebf7ad1249c79e37,0.48999636429804116
ce88018245173a58,0.47759762727643396
bddf4e9522ef1500,0.5373492216892979
0405389706586a00,0.46062049785964976
bc63eb148c0b6894,0.4817578353677646
91e77f94ae1b172a,0.46322116563255045
aaa39a5888e04f20,0.5093717332967214
015eddfc76500796,0.49077525313622594
6d34247564a052ef,0.496944933368654
7b6cc50994cde172,0.486319660462492
a78bfc592703ac90,0.4931010069422592
9298913acd620eef,0.5276915920787646
823e05f838d6ea68,0.5230038733331133
8ae7b2cf2bc9e767,0.5008479391686029
5fbd8bcb3973dbe8,0.49407186593911057
5ebaa0871bd6db43,0.4959997622218697
df798c98145ca9c2,0.5742373176085267
2746abf7125923c3,0.6085957302558677
de9aaf2b7277c3b5,0.48707275774572856
bf618f2eb9c75fb1,0.4956589046545844
d08e7fab8104f938,0.4784990800864509
72ca1ed0e426ec2c,0.6137958524447339
f42f4d61bea14be6,0.6047736598536974
88c17b5d635b1cce,0.48415160841159033
2599166b22b5332f,0.4736770641742508
7e074f87a06ed9ad,0.47534737178131803
313c313658c046b5,0.6239136332744157
ca5ba48e1f53fa5a,0.5340471675663453
32f9bde2e1e53d2f,0.48815586063743344
6a45db6936228716,0.48314570134184565
5115e933c8c55b2b,0.45708878368819184
0438d65420b03671,0.49524173401972105
b0342eec5b10fd64,0.48995090569066324
0a612818f3472ed3,0.4689942072621289
c9abf462e7b3e173,0.5073917674209529
c3825944a9831840,0.5244693254536816
b4de79a7382e1771,0.48632654744192994
88f43d4a1073f418,0.45287175383562195
59e41ed24fe66693,0.5346489038164743
8a88aae4bf9a14e5,0.5619022777226208
1d001197fbd4bf18,0.5249691492131442
2585a8c8224d38cb,0.4888334570262819
9c100978b4be129a,0.5361434490914947
dd68bdfbae60ed83,0.5119447449553517
09d0b591c75ce54c,0.4758932659777301
bb8e0e4819482512,0.4809834943559458
ac07e0c80ec47062,0.4856642062337321
b17afcabd06f4159,0.46066642485816467
02b2df5a556b7de7,0.48192857234051634
4b66554def2b7dca,0.4787971739555923
de3af77b53296750,0.590924119291683
1a1e1c82b8dabbd4,0.5256469212456563
8f5d0fa4c4dc094e,0.4613284032203131
d8b0fbfce8f7ad2d,0.48766201214185545
43beed37c86a0677,0.4829322194745732
223fc8c0bbab0a82,0.487989488419884
da6a62bc17a1ea55,0.4805592373696892
ba12aa1dc791ffbf,0.49484030220209596
149981b93e792bc0,0.480073383809856
449e442432982e3f,0.5099911123255709
db92f0718b51ab43,0.5212130691567519
c9ee8224131732c4,0.5037421136006696
6ca92e87777b05d6,0.513265374605884
c1d9576021fc52e5,0.47673270399688694
64130247af498818,0.503906651190426
943e567ba135bcf2,0.5164675390513098
1cf7ce05fe2771b1,0.49636608450355135
29b3214ea1a0ef1c,0.4908869924270376
b65d5dc5ac14360f,0.4819341591999693
d0130b968ad9eee8,0.5393270393741534
dc88d6c7ab7717ef,0.554163179471761
9ea2063098dc2662,0.46782329085540275
344447e35cecfc10,0.5455689137413422
56a850fee2fb61de,0.48918768144197367
df5d7b33e07908ce,0.4768612415412754
28be28e0395fc68d,0.4777406414523051
739f8c4a61047645,0.4920716715921769
2c154bb0acf35178,0.45274431124580183
5c69e6df165b4fd6,0.5112081974246169
95f97746fc1dd6b7,0.5473289812741027
5ea3cc16d8c4ba23,0.5022891219134362
1ad8b4fba15a032e,0.4763605318099009
c8c04ec3b12d82da,0.5388643384192592
f82629b129ae89ac,0.5116586938262497
bca324695f26f7a9,0.5381088207261864
6f4b2e810b53a65b,0.5802119809268569
da150bf531a8b40d,0.5095216237408179
a1d8b8cc53f6cc6c,0.4914257307026043
0f955ac585a3d1f0,0.4833188827563296
d3383521781d53c5,0.4396461396090309
aaf88d0273a1961e,0.48913462625548076
de2ec19dabf64034,0.4875827196072149
4fccd85afbd2caef,0.4756729409254905
7e4337229f883c9b,0.5421807641483862
08b7504e57b92bb6,0.47125059858506435
8ac71b5ca17adb31,0.4973794313955213
2a9ae629bc00b6ad,0.4718969909210362
d9634b6ce9890cb0,0.49871544035088644
aa7d25edfab4a74c,0.4906873789945708
095534cba3bb4a7d,0.502096832862978
3a455f032158e731,0.49091880990278525
a2ee59eb51e048e5,0.48691369015238584
7f090e7a44306259,0.5197342771863886
dde6f4fbb99f8890,0.5114241754806383
c49a125cde9f6931,0.5192668731884631
53327cb39ad6ae7f,0.5056798497771663
6051ee46f64f0257,0.4969382631716187
6811446eff4ad54d,0.5663161504620327
ca5bd586065598fc,0.5978577658139675
8ac8eff6094dc6e0,0.4774679275566719
dbe2b7cef173a8f5,0.4853153387766216
e28a0171d6bde1a2,0.48416276413271575
43cde1e389787b5b,0.5864105064442929
43431a43bf87292b,0.5735732778813976
8dbb0c77b38bae4f,0.4815201048593285
b3e5f8eae513681a,0.48871030771152946
d9fc98fa79ffc881,0.4796443631720507
60b839db4cada095,0.6130246555080241
b00ffb2e412dc291,0.5459542710314998
a75c66513fe48d4d,0.49803552426919917
01b21e32424e6399,0.4753536143456055
e4d600f401d54883,0.44409306654017433
78a936a3c88d2e42,0.49126113840971597
ce002881c2b75cf0,0.5010178012983679
8df2612069c526df,0.4644598289539359
1f38de4106586bd3,0.5147104563014644
130453c1ca1beece,0.5283887559146276
b3d60eaa3498fc67,0.48764812610965025
b5f0aede7eefaaa3,0.4479601125120829
c7da1719d546ad58,0.5351038182929954
ae4018f2f310fa5f,0.5547331651907014
9a45014d55a87a9a,0.5308820347537748
b804ff50f2b7d7cf,0.48368725123565637
ce428d5f3b03e250,0.536507078878756
c08a6e65628bb857,0.5209193614747427
df7e67ddc3b72de5,0.47312830045159915
3eb48484d2f76f9c,0.4804854247623077
aa1d3e398e13b19c,0.482867421189605
526004b42bc9e056,0.4515197121319545
cd13dfd76cf5d7f3,0.4765232968768398
2b56363855848841,0.4732145870390245
0607c87bd24af1f8,0.5828955974088241
bfbedba2268dbb4a,0.5196347746674989
fc9517af73bae504,0.47689859173252125
cc4950a04f08cfc7,0.4780564443442006
30184e9fe2a0df47,0.4779289491043339
18094ac30d1c018d,0.4983296255795241
9e63f3bdf3922d6d,0.4883492739983094
7099dd7c4e383c51,0.48226659525032733
4b491840665d02e7,0.4851798144540568
dd160ab3a545f93a,0.5053532909893836
d69a7cedfb38d4ac,0.5403380503140373
d6fa036747374de7,0.501049324992711
3c016350178edf22,0.5195575629924605
aff78bb514fbd781,0.4722609529572487
fcacbb623ceadeba,0.49948705152416695
462ca14506c370a4,0.5259961405822354
e122b88c05f7fac5,0.497776963956684
eb086862a1de6ce6,0.5024589830008461
53be27e67b21323d,0.5008083386402118
17acdd43fa11948c,0.5546108459873935
59eba80112475257,0.5532682415649266
729de7021458e1a4,0.4732702630903616
dff4931c765bec0c,0.5460183299730573
1a220bee53d6c517,0.48309225836965985
e403535f5f2e0123,0.4845202152694158
9d3e46e4cee2be54,0.47973676552399946
0c05f98262fb3f93,0.48716194999213114
fb58d735db9d1965,0.46728130281825075
1e9fd6b486cc931f,0.5141398547700626
1d47e5d86fb53a5e,0.550535118608118
71cdeb82477d5002,0.510632786034267
e9aba5ead94d710d,0.47018633941149623
0cda718ea906e3e4,0.5418264292700125
d96e6e5be0c7b47d,0.5089981268187486
61d0797b70a69639,0.5388008023123844
b3cfdc8e4e373b56,0.5563597940276299
ebd49c2d26fb4b2e,0.5221003016218373
795a41e700405676,0.4891745027445773
6660eeef6e0dd9b5,0.46908211638857344
cbb35d7c39a7305e,0.4446637025225042
3202ae31b91bd3ac,0.48613616353406075
2e3fa2ae35452690,0.4870924149670346
6b506287708fd727,0.46749590127427165
19ecc94eeb868f00,0.5472387567920786
d945b0b0e177081c,0.4658369615054422
4233349afb15fec6,0.49548893727225085
c49300a7280293d5,0.4727609609108595
0d66272a711dde2a,0.5111849529726096
c988a9e02c43fa3e,0.4854115140603086
fe11ec33cc33f305,0.5145996244927464
4bbb10d8a8329ab7,0.4895459409705718
98e5906928b5f3d4,0.4817080062767789
9ee914a723f5bb60,0.5180699203559872
f74e23d8f4382dca,0.5049079635334576
9f70a8af294e1e9e,0.5176364529855254
4bc14ffaa9a8a6e6,0.49388706706191576
093f2a97a567f689,0.5017761758237926
7a4114f547304e10,0.5615610743478168
4ba5ae222f8ea0d4,0.6012034434873732
3ba50bfe869cc587,0.48049700815072627
6af7154a2dfc4f0f,0.48938289668822743
ced23bf0eef1012b,0.48270683703619166
647d09273da72c7f,0.5652939519982061
76c670b0fc7c5946,0.5558559108790122
8512e0fcbe10a321,0.4957343334368417
d0ad40239d2a2f92,0.4855066991012017
5a53f16a8ffc444c,0.48185462713587657
1b19f189ab2cf3bd,0.6080230408346092
a1875fbc96b6775a,0.543009035239256
7a6dc3528ff94827,0.496033208417175
cd23580e4c49ab1e,0.4769405201730732
f7f1ab4cbfcf44a7,0.4439069518180432
3d9554196d2bf0a1,0.49987658016093106
541c309d2666ed6c,0.5157263120867809
cc97ae8e19a06d44,0.4768397014676129
f9fcfd161eb88fde,0.5154428260446571
c7ed33050e936002,0.5333663236945227
ab2e4dec2f8c0012,0.5017194734492673
fe298788c4eac2fa,0.44030621499569145
5f25945984707a95,0.5414672632468892
4f350642425296fe,0.5520034628409408
a883c6281eee4fc3,0.530065927674593
71830a5541fda569,0.47963559442960213
469d5d9b75cad4cd,0.5341141952623579
60d430b24a2790a5,0.506242579785092
abe43c892c4ff2b3,0.4751571117359714
5319f2d6f79016ea,0.47741041972605536
2c98d46e8845240b,0.4777674775224111
1fee77cfcbd6d55b,0.45208252636918367
c14fb37b42c6bad6,0.4712412416601538
37bc0c25620a4e35,0.4709548778873477
02e9b55f28afe73c,0.594474412966939
f152d75180f8f456,0.5219926903969646
955db4d71e03ace9,0.4743866998891604
d820e66b7c7c1489,0.4885648799868948
079b6d1790bc1923,0.4765545057067273
16f23452ed8d4e16,0.48796570757430835
a623a7183ab11d24,0.4974682364714672
522058ca81e19b44,0.4863893661866965
9f1b448f1680900d,0.4833888284642729
b803b58ebf6ecc68,0.5081502930996887
72698d360a9c2234,0.5347016225084531
dafac2aa3c13c3bd,0.5029967003314986
7410ed6d7be5adbd,0.5154521005966611
a19e16cef77c498f,0.46351895579136815
7ec4f0f2c810b70c,0.5024053699593801
7eb05f651c57d857,0.5219639493713198
497a537df13ab210,0.49071235392533086
4c8ad8abdac42367,0.49762205643811996
c71c820605b50f8c,0.5047175396320958
f074d5e34670c6a5,0.5484439808096232
061f063f2c72ed55,0.5551822243463821
52285a66ea298f7a,0.46186272280255203
ad07ddeff7bace5a,0.5515420045108896
b3c8e9fd82435df5,0.49184188249933225
d9030cf62d0ea5ef,0.4856274550886066
2f362fbc14373f39,0.48185172592170666
8f072df5016d8e95,0.4844498671532913
dd71df721f8fe145,0.4676625495077409
68ceef38786df5a9,0.5090965809236305
23465d868614064e,0.5588269500613237
4233eafa20bb6da9,0.51630634272206
41119ff3bd17f852,0.468973916595089
72a68e0966c250c9,0.5473283953964827
c3d256f3394862ea,0.5122575700828402
13f01db344926302,0.5601155414495534
5eb7151f842bf4a5,0.5485376504560079
f9281438510e0c43,0.5236297028704556
51c8724918a41f56,0.48545657672921605
cebaba437b6ee2be,0.4775807780477863
abbdda04dd2f5197,0.44562251352337645
9ce52039c727d52f,0.4822602499969437
f5a8954e3db8d948,0.49333499156446037
c770087dc794c4bc,0.46860559155622594
b010ce504d29e13b,0.552264158846492
13db2230d8a8c201,0.47177344902382856
f8adfda355a3426b,0.5019739142512407
e9a338a2aaf469b9,0.46897182048392827
948deba8300bf87f,0.4942757701437338
bab8fe7656acbed4,0.4887940619704154
3e6acfd0e2988127,0.5045423234094324
10c950ca6d7b75a1,0.48574000499056547
99a1d18bf60517fe,0.4872566633143022
b9cb2a4302aa5358,0.51532739516275
ce0bcd557ce9de3b,0.5036537725896344
214910cc1774b774,0.5269094679871322
eaea09ba7c388cd6,0.4947227185679811
062e1b383508a3db,0.493967510307566
25540d13043d22f4,0.5591136472624851
8a36a70887f36da9,0.595444337171652
a797fef034c8ac61,0.4778844539065168
408f1be65b22703a,0.4890587054853194
9a58b78365579cdf,0.47750968769183244
d1f3b55e7c6ce667,0.575069049307128
73a31b9ed1253c2c,0.5767823613637757
295d06dd4a9fa3f9,0.4935462689479023
967d72f186d2af6c,0.49481438598542504
8a5f552b952f4eca,0.4707454663595727
131d3a65350fad9e,0.6080387267877513
f9f9dc6ea5908e28,0.5394897804637253
c4183c11c78c8c5f,0.5004277665423656
733538f2040dd19e,0.47656289387619344
f0304dcb298768b0,0.44291312627644297
eb2551793e94c7a7,0.49679611926984124
3a2e0340341da231,0.5113260248568182
1d517414b317f24b,0.48348679693522745
08e16ef7d0306717,0.529866609732351
78ce88e4f149c56d,0.5338773964445949
1f70bcd3498db8a5,0.5011183364707117
bb09f357371cdc75,0.46154899826526563
2b756e881b5ca6ba,0.5336095361180588
99b4aacb7690064f,0.5654884404581023
0130ceb6762c7548,0.517332456451769
d37f766f344a1c94,0.4922278543643185
f19f59c20bed502d,0.5233291473458233
2373e7a55d3cd5dc,0.5055908648694845
3cf78dc24f5a1ce9,0.4716628374327716
02ac3fc3605ad13e,0.4861680733648083
7b75ebde9870d715,0.4836301142233077
6b3ec582b9eedb40,0.4577892642304753
d023b08ab61033b3,0.4839649426513285
48c1786b615c1a94,0.470710779890554
52acfead3e63ac7c,0.5943756773247799
63df22a13eb02e3a,0.5161036047467416
085c51853d5d2c7a,0.4733613255434852
bfd2275e1c49dd14,0.4847903468567065
63fc24f75c268be9,0.48742129598551376
2bb6a36a6d329063,0.48013476905886776
f1b5b9c4661f64af,0.49210673507387315
37f6b8c285d076a2,0.49136603288726977
9b39b9a1a41d41c7,0.4966172313349001
f497110aa525ccdb,0.5121663360864206
8b8cdd568f246f39,0.5548901090878011
c06dab2a829561e2,0.5049485011406142
9f7c0f7011368309,0.49784833729745503
e5088d954c540497,0.4598144519876757
21f023d0ec0e7659,0.5047202736310902
ff633cb433e0e07c,0.5081562126619181
50bf43c129df3c49,0.49369900069501627
1f47bc0d9c86c8c6,0.4880111180221339
c387d1506b7f1870,0.5076348171094879
aa52e04ce7586638,0.5387387363888705
e1cc1a35b8411baa,0.5611105430572948
16865c6b4a7309ac,0.465143856756974
d171a0e9babcb467,0.5378650549788512
c76cf0e4bf9ac4c5,0.4890480835423636
3438031ed6383f10,0.4809616117952441
0173b139956f9383,0.48182604235480386
375d58ae2e2d0229,0.4840903890755196
9c40566e167e8680,0.4578730487536711
82b635c58333b73c,0.5073833135273218
a651fc6f9ccf00c5,0.5503245842358575
ffcc7cc0aad70d72,0.509474701617988
77a9f7e1e12dd7d0,0.46317677467076135
b66eae237d132dd4,0.5470538602100654
155660a875828177,0.5272383912009295
251b9e664d59a966,0.5575064880473629
d23f6587360c17b7,0.5833508169810089
07a8c685ad289174,0.5140656155479943
4e0ab8d460184baa,0.4887350116878165
ab65f33e31a5ac2c,0.48547870047608543
cc204bb5e8f8b65b,0.43780352366478026
26ecf96057811a76,0.47868848085250026
c1693c1811b8f014,0.5067783689384057
425e31c7ad5764ca,0.47564907907808807
412ce1f4fbce059d,0.5322381264162952
60517b227e88a9e3,0.4800974019799029
efc4331148b347b0,0.49956334688784265
01bec2c85c346466,0.46496386825484015
2a36da9ca2274b11,0.4987623775763639
d73837caff279ec2,0.5006236721896365
9d92e5765a7822c4,0.4819504993988626
6cf6acaeb49263c6,0.4664306321846813
2ac54c94b6c431cd,0.49134762644478847
1afc263e514d1802,0.4928644030383953
6c07585bf0a7e22a,0.4899654042234668
adef2862be60d73f,0.510192046543023
c58b9f260f1c4e96,0.4773782825721067
57d2c85f1a988ae7,0.4895460978036643
b0fd988d648ecf25,0.569925157138746
a333e548754e8098,0.6112694774597103
8840e044da5a87c3,0.4768870986860072
1c398e0e51801684,0.4821482624231459
c64c4d9745cbe07c,0.4878049684340018
07ba08bbd74034f3,0.5942678042948875
6d87102b85ef3db9,0.596439241648882
f92cc7d6ee940fb3,0.47917499076205416
20d47b1ee9520f27,0.49364142619544094
5e1d6c56dee874b2,0.47515090101869273
588544e50df8a515,0.6262413826603753
f9680f8c7cff4558,0.5387991981059325
84fe57d23377e27c,0.5042134670764757
bfd7bf99f3af2d8c,0.4724342822829908
32136773db446618,0.4439357947791538
99bfdf86ca7480f5,0.491155721398733
2bcc5c8ddaff717b,0.5060197526826563
e6c81555d42ad3ca,0.4908057750296694
724e8656aca0e9d9,0.5212191211867321
395788afb100e301,0.5157717149399671
054f9231db2560bb,0.4988881084421778
dcae0241d8a28871,0.4673550308304599
3774a58d5ceef241,0.5313433317506421
85699b7d37b9b0dc,0.553265669256825
5ae1b297b0e7abb0,0.4938017563510203
b3bf56bfcbe62e85,0.4907812654203205
d00357903838a3bc,0.5249589258042431
8389a11e33000796,0.5057502536104777
f0b60d51cf393cca,0.4823097769519469
0fd2e591e149b89a,0.4815852798696698
e663439c7ecab1ba,0.4943333009366868
b42079eab648235f,0.46439288529457734
3b54d6c4b2d72baf,0.500394889749001
e1569b5768193a38,0.485174185276368
16b1b3baf8356d18,0.5894149707895004
f506de2a9128d3e6,0.5155178362098464
06ff2e21c6438ebd,0.47934792840740637
8a97512ff7154979,0.49755374661055274
006c3ebd4dac84b8,0.4864241069416222
bc8e912245a38216,0.4668374108730673
115057baeb447447,0.47647536952772074
6ae6df981c11a6e2,0.4860857737061277
eb931953a41d69a0,0.48529987859204315
3745853da2512e0b,0.5293809460442512
84197e2dc94d3546,0.5219954084808078
63c7ea1275ca2c14,0.512779342594913
8db7aa73ed0e3f43,0.5089515573914878
2caae7f180f05977,0.46832036451255554
bf836221e939ae02,0.5085901446876857
781fe395c8628de5,0.48794397153739055
2b7734e588365d97,0.5074141144139043
f330b5ba4580d773,0.490634894620122
c1bc5d00f13556e7,0.4984806793476183
3b1ec113e4f79b61,0.5262614771486454
3edca24383437f70,0.5427209704358057
0d2c4ad61a34a5ca,0.45990558891866695
960686e5bb0ba31d,0.536921047054131
f054e378a6552260,0.48925405500201313
f282a3bbcd41e84c,0.479462881056971
e5639ea73c342b01,0.472515979862671
31a2895fe6dd9b36,0.49147345050477964
634a2e4b53ebefc7,0.4664885897669212
f37d1bd088aeee87,0.5418664255879436
fe68a3f5f39c1a82,0.5342185497567106
e11bb217b7f44e5e,0.5109523210944283
1c6f5498d910b4b5,0.48066546270935473
9e0e6088d9db9316,0.5291306335312316
374a0f4567468f82,0.5061724105756343
ae793788ff03f61f,0.5350211066739922
64d04c2bb6a5dc6f,0.5806037067572575
a5dcadb21b5c0d7e,0.5216597809480011
86e3f93b9dd9d926,0.4950137050570128
1dd22c2b5ec41e82,0.5028056233551575
099fc5eb9bb5fce6,0.4424436129339937
6ddfc4cde00b667e,0.4897446640086227
e9609f389a44fb66,0.5002964773499277
e39184d1ff82b13b,0.4758777873245532
2eb32dff02648a78,0.5305670809055392
6336c5f7e58a3211,0.4629253533188251
3827b9a4d8bb9546,0.5040421538808609
2debe192427dd135,0.46187685471401996
340309e9688de92f,0.5035011877472948
b578adaca2cf5e56,0.5025592760645419
1738c40161ad6bd4,0.4828916115225954
fb722593bbbf5ca7,0.47101207504549203
729f2e2b4ed9148f,0.493542217439914
99b735767a8d9b8a,0.4960974057525914
6c18ebf9657e3e47,0.4701796896373375
5829f9a9389a0a52,0.5035640198930338
13b8542546974e4d,0.4864836787353406
83e2198b4a838fbd,0.49200478709009066
9dd14d98764a188e,0.5598495126143413
887e747676dd8a82,0.6113602158531367
58ab066f2fd38e1c,0.47588259236511654
45a4263f7626b32c,0.4830406474375667
b950cfe62f14dff0,0.4771260713148078
c824543a9b70bde2,0.6067345562658754
d2298ad81e7539ce,0.5905970714740371
f62f079ace53f546,0.4755968319079984
a75089ab26ca6788,0.48490938045762266
4797f19e4e3a640b,0.4683104172806233
a1b86f46cd5ed606,0.6173411424662082
6139dc9329fbee80,0.53818032155118
9648c81d01a54cb0,0.4964368101152872
4b3dc35de69765ed,0.4695868393103453
2bcf097249403f56,0.4414088770076485
97984899633e2709,0.4850544920682651
1b5a0625108bd58f,0.4973438240259689
0e8d90ac6bb23ac1,0.4930492477908338
251b07766a43c494,0.5275658398927726
0fef6680f8e7907c,0.5083348513999402
743f80a68311db60,0.4947013189914813
85eb2202d1f84fe6,0.4581196350060571
126144fd90a2478d,0.5321545072614688
ad74f8e8516a129d,0.5601764627089173
20b339d6832f56f7,0.4944756104671807
d1292574646c9322,0.48270097828652414
887f36b5f5727b60,0.5356401380526465
e5c739290537f101,0.5131800296080898
ee1be84339cd0439,0.4805933454915641
358b0ca505f7df97,0.46972155419932105
a3f3a0c03c378557,0.5015421657302154
941c2889d9275f37,0.4602536680139089
94e96771c63e568b,0.49849176417315966
fc263e4a077811f6,0.48578498045030294
4b96d4b35ce3ca2d,0.5921807202887861
ab4ba0856bd9170e,0.524635972712677
199be124691caf7d,0.48017724175340126
f89d373051e196d5,0.5127904837209833
017e09601dbce0fc,0.4946964509124361
3c70842f3a66b66d,0.47167183925776013
ec81632fad714a15,0.48898841190676323
37935057264240a1,0.49008651517111246
f32ca925c7721157,0.49641361386782623
2a9d2c90e1b6c992,0.5281030887857036
17315b2a0927d5ed,0.520202288962657
a368ca2cb9f1b00b,0.5055411052719906
b7e560213568420d,0.508026594221738
f25984b91ba1fb56,0.465271938002499
e7a19ede1cd65855,0.5052543714410107
bcc2fa025f10d68f,0.49521325791807713
c2986616e48260cc,0.4844097342725958
972639908f8f27a7,0.4849772248979829
6dd333eb61b9b696,0.4832605008232469
9b069ccc09f959a0,0.519969795347339
c58ee8e9080b8223,0.5420807895318405
afdbeee94d2c4554,0.4605976100996396
2a3b06adb805fc8b,0.5410492832346635
cc14a1e0bbb93639,0.4828236909387349
1376c836a6a74779,0.4735389286710354
58ce5de82c6d1edd,0.4761743622667194
a0ca8dae5e2ac9c5,0.4826971391210896
cfcda12f6390c46b,0.4600056992750492
e15e255fc411f9b7,0.5407767434378984
9bb204e527668f83,0.534169129710181
ed02409a03384658,0.5240359775805484
685a11efd97a4c8a,0.4829848178507674
2c5bdb5e4b8b1949,0.5295115410329045
e4986c76f045d1a7,0.5037557339999014
b7348bfcd4239ff0,0.519140371769341
0ba7b14879bd111d,0.5868925713219556
7b6ce6c2b4e707b6,0.5373522339346661
ae7fb2753e1ec30d,0.5015616390859378
77999e82e1e51697,0.4853670610931594
fad9cc44bbe9e55d,0.44876661944910856
a6a45e660e25b020,0.49968209731132895
5b7335125ae2c218,0.49464109647995014
95a8793717684158,0.477666010368505
b16647227630e871,0.5588930853941151
9112a3760ea4de8f,0.4553149869934279
2ca3299b5012e917,0.513082299326032
ddee90f785d07650,0.4489080131713815
bdb2aab48718acb9,0.493920366961205
3ace6abaeec9dac1,0.5051544055708962
dd1865545bcfa534,0.507020744400345
d0ac93df9e18558a,0.4778885386353202
5b6a01b1c43f1392,0.5232833335872795
0154a9dfdd915699,0.5222593867782048
91401dfa89bca831,0.48185492543957054
362cb3f84e091ab9,0.5051804919899636
5477ad2b26ca417d,0.4912420681245291
d26a96f6750278a8,0.48242551190507044
18f2d21dac06bd48,0.5595891870913835
0dc3b4b168cc60cf,0.6013749345795029
515d5590ed13c967,0.48271605197320033
f7257f32ad8adfd1,0.47794892603320405
1f23ae39147f38be,0.4846199727379753
eb970bb8cf668301,0.6140869681936225
3dc3f3486cb0f5ba,0.5809312481758335
3db91f8ecc14bff1,0.4941442172348872
c97588ea1249c072,0.4974973803834851
f19782f61d360856,0.46055910392930177
68faf6912cdd1e13,0.5981906585796886
340e88e350b742c1,0.5476919462801808
98dd4a2a4bad0ea7,0.48385737808199036
b431b676daf58899,0.48612309677583576
1b9dd0af118ef767,0.4211226492975444
d883119d3c60f0df,0.5085506730419912
bed1b3c3efad6434,0.512652281465354
11d7363bc6572a25,0.49611530539968907
43b5c27db67f12d8,0.5245574896901636
ac2c43cf98e13dd4,0.5332870682371844
820fe3702f26753b,0.5059905506233295
d170f255b2e89562,0.4310976396101023
f0fe266e119c2b03,0.5643418658719329
ff11f6ee5bb548af,0.5660907787268409
d8c5fbd2aade9828,0.5084313608189766
40cdaf948435c5a3,0.4810271494687691
ecbcaee4bde8119b,0.5414245938905486
84735d18d7ffabd2,0.49892128695065874
82fd73fc765ae3f5,0.48130167664869083
adadb25b49670f59,0.46049525677407477
d31b7093d3a4ae66,0.48619800608975006
bfe3e6d5bc3f503d,0.4699158212109156
cbe047a5731ed9be,0.49197468826831237
4a7c6b1b2f183fd4,0.46989825654039974
ad087bd10cfd31aa,0.587553008286878
aa31e4b4354e299e,0.5052518288662731
0f52d8e245579d6c,0.4888622125999146
919fda7e2b55eaff,0.4769173513468814
fb636973fcd87d75,0.4803493321615142
d3c5bf5d68e2a61e,0.4871805282416346
3efcb6f6a771f66a,0.48391474225016107
e09ccd0ac4bb179c,0.49779577838155653
d32ecfd787c0632c,0.4818240362831627
b2d58aae2b1dc174,0.5352604927745908
920778ac8721fbb8,0.5256805907387863
ce22673681bc16d9,0.5125004851887041
447b4aeeb177119c,0.4826191753039005
21706cb7b9edc784,0.46328235977365373
490b83f714fe3847,0.5046827839694547
c8eeb2fcd8adf6ee,0.4878048034942737
583c056f2ccf5c08,0.4865942313772965
1bc612cb9f85c009,0.4814781899505718
30c6560550be08d8,0.46155851810014104
0da85e363f27638b,0.5360359412842992
b41a417e971dfdd3,0.5672490861481925
5721be235173ec56,0.4654029657879317
168d03af4318de4b,0.5301060367929409
57bf830594233163,0.4680028822636433
51844a1cb07dc253,0.49531877459378615
f6c62d01b7b6489f,0.46343007316463936
187676ea225a5e89,0.4800260453912908
319a731de4b27aa2,0.45273693731268705
da46f2582325bb15,0.5277422228485837
1c182572eaaf4d93,0.5653277355657078
c78693756b5233ef,0.5292364037420187
28eefaacc0085f74,0.48742131299333713
97e15c407b7a075c,0.5536773223305393
e99f2596f7492b73,0.5243404587058642
38e1232deb29e9ac,0.5417178427781215
dd15a288a4217781,0.5828002448255132
3638d8fce18f5c66,0.5147116600712333
f8343ec140c4e627,0.4981318395672969
ebe7fb68c54d42a6,0.48208914380905865
0b5d675b08ed453f,0.452257624693051
ef6ef274a1b3f31f,0.4993946702637817
240538e1dc6a19c7,0.5001071260849949
2f383df54c15f0aa,0.4824097427083812
ddf66e9ee4541d7e,0.5452516997132734
a1d8ddd042defb8c,0.45624864911307217
e177f31502f33816,0.5194479011681031
12159e43fc8f7973,0.4474119546970009
fecf2079383d5c35,0.4813752910691137
334c8b7f37fb89bc,0.5073969218846393
165c063f254b27c6,0.5185732264834737
97243b0976b4ea34,0.47198845975645587
b44f24bb842ad657,0.5186915130363347
927406465b6ad17b,0.5213861137639553
44804caaf149528f,0.4802416080331463
9100a59501a87ce6,0.5017874145923655
564d795818c206a5,0.4997184107523215
ddaed74d9dab3657,0.4830729165927592
dc3fb30023823fc0,0.5591872210311555
7c37a56fe4804c50,0.6116985849969597
24e024d1b0f08841,0.4657367125112952
e4a1e3936e54c72f,0.48717352907278766
575f3d5b7d7c18fc,0.48764306614514985
896050afbd03d20f,0.6305750063134188
e57f756b0c053efc,0.579237420328324
0abe1deb771cc86c,0.4942014097147588
dab7efef09b8f7d9,0.5025581982065455
9d2479f46b075c63,0.4590533241059711
1c304c1681ea8fcf,0.5971723869000474
6e54dc6451ad7e4a,0.5450703687587293
0076952122cd3ecc,0.4831171286521927
7662389e7381df9c,0.511612746532581
67617b69982a0cab,0.4293896622976028
6395bea467e90ee8,0.5030485299121876
9cab9d32f8d80ba4,0.5106319031619225
88f925eaedbe6ce0,0.5098277424361521
890522b6330f89b4,0.5165091871569076
66b0b69c7b4c27d2,0.5323928593112828
5037fbf727936bfe,0.5081699511844272
c83e0bf4c2172bd6,0.4428652274925998
16a50b52fac569c6,0.554303378042582
f0561f63de16178d,0.5671145466707643
b1e434ab2a8405d7,0.5162826203846558
228b95ac190a4c70,0.4816917554302256
3ccfeabfe3dc1130,0.527102850921569
9e8645a1c6b40ed4,0.49358359586421774
66c38c306a09032a,0.48519163043471003
4a4ed2b95a84a84a,0.46802812624711587
00ae7b02c06278bf,0.482036182366816
9ed634c4d4c45830,0.4773529823963818
7825d449cfdd5da2,0.4686265013641262
b237a12b7e049e7d,0.45642363574735456
e5b094bfb775b187,0.5980863134441393
6fa6e66db70c2b55,0.49977378671110073
d1b6b795179fb275,0.4823177309010138
c702df0d2df6dc43,0.4722520152375851
918711acb3b3bd18,0.4802725199158643
f842131539706281,0.48451522779690226
b304b77f1dd0acf6,0.4787427353713498
b193e1c3c6856406,0.5006345366888475
7c54892f4d689ec2,0.4869138175324834
402edc48ed9696df,0.5342715495238994
e790bf60ce5998da,0.5268101950985155
d18a25bc9b2a5064,0.527353669613621
d1213f4ff0dd9cd2,0.46948328321140387
7fa2de1f465f207f,0.4690481034276893
c7b2da1d8040c660,0.5232005793113694
5056a0e27a539620,0.47382676968432835
44197f51e4872f96,0.49538189594535653
3ef399a7906589a1,0.4782055366090652
eba07fb8ca665d50,0.47496609667122236
3ad2cf6ffead3eb6,0.5353110043583778
4c4d660968df7948,0.562200541489403
bbd55f3a2ccacf8a,0.46612602891876354
9a36c0b9eb53bd83,0.5276761682870205
f7788b80a625694e,0.4753841626933968
87df0672c91322fa,0.4996512576679166
c7d834cde40df255,0.4783501568100612
a52e52c9326165f4,0.4869414731767858
be2fc7794960e22c,0.46243150485633966
7aa14b435ba1a9e2,0.5311090445485851
95dac1c3d17b57da,0.5524252364585245
af438201e9ea4799,0.5249574563843749
e7cf00cd0fbb052d,0.48730367918053374
b63efcf547d59335,0.5523948161245198
568962dbbee9b618,0.5192968672716645
c058dd46d254e78c,0.5500344449977796
455aa584c228fae7,0.5842875216221926
5cbbcd7d6a60f8a2,0.5100095581972763
d87a8b2e98739a8e,0.4881605540429994
d277281f0e74779c,0.4767674887459199
d88d395288195520,0.46236318430388623
baf3ebb576e8fef5,0.4981069311849886
9f40caa068f4a92e,0.49980899221844477
21e653f3ef1f6af1,0.44601448587299064
7d6d136a71f597f7,0.573291918865827
42719c3fd1df5d1a,0.4487995658578392
54d885f37d216cca,0.523651151082222
38bf3a53c2be14cb,0.440038036835219
8c2d8af4c6a7f1a3,0.47189206639835235
8feff5ebf97e2ba5,0.4932192727626866
76d7cf631295fafe,0.5185281748898767
eafde62812a4934d,0.47034537107963725
00fb11e521b644e0,0.5393252935731748
90535c1ceba8bc75,0.5252861840527294
c221bbfdf249b0a2,0.4914305118614821
118ab6ec941449e3,0.5028306146463865
985b8536c27d429b,0.5085940395302943
9f016d03583500e4,0.48209608958815053
205e211c22660a1b,0.5576188865655649
9134fd84b85c8975,0.6047401710716892
9f3499c590765d67,0.4370347868125991
2c816a651996ce02,0.5100378293789306
eca93ed5096721c1,0.4834805261584716
ec23c8450a4d61b0,0.6305689248674876
76721525818789e0,0.5817734194746335
d2dc653a78613d99,0.49679688179659665
972aa354dea31a63,0.5152261534969913
6ee9dfd2023576e4,0.4362961345026741
360b28e81a816de3,0.6182791821941436
255a1e191c596cf0,0.5537524011144598
96ca0448f24a1562,0.4684299367606718
095e62a16fb734be,0.49757081598457475
f962bc02370ed46f,0.4160788023150839
67550c7e5a49d444,0.5083377013788792
66ee72d5ca932263,0.5038973739461904
05f83d806932b7e6,0.48909852510278196
6524b20048c4871d,0.5150857914699779
66c28404adc8a64b,0.5451569205910378
17219083524dc608,0.5085150219010056
f27ff2a7459a8aba,0.4382158858213614
0eaf2d3d1a5110ec,0.5536301583651563
edaeb59a3e3144d9,0.5701936820666718
c789cd51da964278,0.5192774638847999
b86abbd3a0cd6efd,0.48783234900000294
59c65962f282a02e,0.5332682217135554
3f8a7477a1f39d5c,0.49754068402550833
4d77151040d76eb3,0.49483185805556307
4827b03cf505fab7,0.456241936764914
f07ae840449faa43,0.48641272556652837
b559273e4d19b50d,0.4873432926770064
0e34ef88e453aa4d,0.455101595417565
a91f7d839f688aa0,0.44162370566330056
b5c38809c4504087,0.5950268729241164
06381fee772b1fdb,0.47215298148723717
65c22f16ba9abb5b,0.48905348807756854
d59845a1ceaf15a3,0.4675311967271648
03722f9d4c265305,0.4761588274705557
c738280a1330c776,0.48780023774743053
cf1742661ca31669,0.4801716391153279
725253058c3d5b73,0.4991528665655458
ab460b32aef64188,0.4948135110146341
231666f0cbb29d14,0.5207100803952326
ba94ca38b95f03b4,0.5299467134343544
a55efd219e4f1f13,0.530925585185036
eddbce53e592d5e9,0.44317353596377385
671838239519cb79,0.45482789249250355
1b7ffad2088a05c6,0.5191907885671405
823151d16081c3c4,0.49192677917784855
0525a3a194e4954c,0.48500960901106227
45086730c8db1a14,0.47885819352239944
692ba2a78a850109,0.47705416637605846
a6a92ff9f31a61f2,0.5437980619565665
f681fce2b5a095af,0.5684602826343699
faa44c635f23a1ad,0.4758378980805831
ba43b9dbba068c58,0.5363261448781801
a03403aa1b9e4313,0.4556802814622043
2364e827c47637a9,0.5327455121974597
a10f6a0a14f38347,0.47387516082931813
3adc242acd38fc4e,0.46677396392836223
b4b25a23364d38b7,0.4461976711765785
3b13163fc4353079,0.5387132489831048
6cb0063fbc2ff3dc,0.5575081070929477
b5771b941bcf114a,0.5370576747438618
2120caf84e195562,0.5018135875533141
a2259c83370a748d,0.5600107176875757
fd5b98cdaccd7ef8,0.5263488911229492
07c7cdea14620a3f,0.5493605695948506
c7ef740171b5bb83,0.6032993369979825
da2c1c47d79a0dd9,0.4982098744007081
99ec9ec851eda97c,0.4863641845304921
53277466d338e7b7,0.49918805830307666
38b02684f193cc1d,0.4642443363315244
24caed5210ff8835,0.4887533977167512
0a0d3d112b60a9ab,0.49395978964181
6828b07294ab0ad1,0.44607325441360457
7a6f5c937ac85eff,0.5759856901872364
9cb1f1676967ab23,0.4479157320690226
21f0a0dda4ecbd08,0.5272322726582199
ab36cd7c1a288b87,0.4459336245301959
847624c3baca8d59,0.4658611727189663
fd0af30b99682e95,0.5001118569426644
26507f5b271fa025,0.5341096885667217
b80b33d55ae45c9b,0.4741880426602598
883a71ba85598997,0.5350985573804323
5f17c2fff7012953,0.5268302528404886
4546f786f13b5936,0.4990107210533017
ecc1d3b5ceed6de3,0.5098360511154557
1fe3b5d525622923,0.4996503742733538
e5a0c6671038912c,0.4964980197406098
3eec1d3a713ec9cc,0.5470963172662859
2c481c0c753383d3,0.6036082173062034
cc9e60fa0074d855,0.43825069268692274
3b87f737e6d7809b,0.5210786605753488
bac8e6500b88d38a,0.4816077201061115
6b2a7b0c85858376,0.6067296733502525
4a3aa8222baeacb9,0.5831864177839025
de72450e297dbcf1,0.49137732073605767
c460fc178700c6fd,0.5026089387480455
16d6fc3059173237,0.41648573553969015
d210b41cf7de29b0,0.6358269430800744
4a3e06f8d19ba4f3,0.5591924530256251
d581782660135e44,0.47029445007709114
ddda70158acdffd5,0.503787151463613
41ec6d1fad8f1c1f,0.40274082321689175
709b1229b0aafb06,0.5219980703742263
8eec55202f1dc5b0,0.5217665420954378
3d5f94fe067d54f0,0.49499994866330543
75202517b767dd66,0.5392348668474674
733c271e4370f326,0.546596969603425
b48c10626943a022,0.5286625397373382
172fc964877db2a8,0.43958357581199925
428689dd032806e7,0.5561813974487055
0ba42fa10d24a51e,0.5983862347979023
633f13eaabfa3363,0.5143923473456133
14e42a9f37f63926,0.4946474524751494
eb4ae9a6818ca057,0.5311054040137493
c2fed91b346ffaad,0.5084355830309444
cacf8335ada2332f,0.4946234211555889
08c600ad32a8461d,0.4538733351440465
ab19a9ae236e6629,0.4807095633537142
87be43efb12c7c20,0.4820849982971177
ce3080ec57f5cd28,0.4586532171930813
5823b04405cb4d03,0.4306732105501494
f109fda2b4c470ab,0.6022465537472961
f58278bcae2a73df,0.47770791797099865
0f1a6c42819cf407,0.4943860637920263
3c34f29053127c2d,0.45857067389027883
5031ad7636f5fa04,0.4741362557744031
4b9883379540d687,0.4751183842496447
7a1cb0b72c0f7453,0.48029000198615146
e7ee0622f1b87929,0.5035834022713517
57acd388c9f9fdd7,0.5086753671619726
d179e3824cb25eeb,0.5210312345992008
27534ace573e91a6,0.5466165930632286
0cab5168991caaf5,0.5113087477779855
a9069737dc0ac2e1,0.4449335189229533
02867f8bd431dad1,0.4620937860447769
2c7c83a2ecbedbf9,0.5245772507034365
7260b226bc2abc96,0.48971819684105156
195e158d9fd4b78d,0.483959902438187
ce51d1e412dc38ff,0.4722222887048997
e4c4bcca6b89a83c,0.48161613600294495
c40b4bb3b3715ee7,0.5458167760398658
70895dc5d6c4d100,0.5681563505091525
1f4988d6cdef2bff,0.4673659959049634
37ac37cf68779361,0.5426095677226823
ccc688b6347c5cbf,0.46537883460200646
995938c8f9982224,0.5341553421196114
f78f7a53a922a186,0.47130715865983663
65d00e4162462218,0.4729503902962554
8cb9275a2848b75e,0.4293527055483255
b2455aebd1f47f27,0.5215244306465168
3170535e2ab13855,0.5659464119725401
b467a19de0f1b134,0.534203499573777
2afff321f3ca453a,0.48833575431886866
2414f196ed79bc20,0.5684979899021076
825baa118b7ce7d9,0.5314046340927925
f77998f488d5da0c,0.550973708554568
a28e7c245ffc85be,0.6116490775437313
055a03e99bdc715a,0.48452618007617243
52847deb189baac4,0.475060172703045
374a56e771cff407,0.47897671053391866
2acef7a10b50016f,0.4501271743473383
1f4050d002417428,0.5156426040285399
749efd7ce8a6f249,0.4895060965175917
76823f9d1abb3b46,0.44174463074575887
ae382aec3efad467,0.5702139326278839
8ca5180bb39237fc,0.44504133214978503
5b07b9eb146fe0a1,0.5248757520659761
a41c4eec87f0806a,0.4375531106906455
3d6aea19fed5ce94,0.4651635107753047
de9f33a1f979f1e9,0.5088935806318436
7213cef060174438,0.52126874215011
5a2a69089c3f724c,0.4909134019374871
d830e4dec5d60787,0.5242277748978603
b868f45ea400efdc,0.5117844883789203
2913583a59da0e01,0.4943176225043814
96817060440773d2,0.5031299637728975
0d21b37cd0820118,0.4941038654710208
1fea99c3868046bb,0.4842829518893432
90a79707cacc23bc,0.5516124409008327
dab8d4f7aa076fbd,0.5933887808817758
3038cab3c00f5163,0.4477955383035892
6668f2e0c6e9768d,0.5150897315190047
0ec9467e881b3d74,0.4917436216336226
c626fd8d75bf654f,0.6178630956919153
d6f64625fd77bee8,0.5877424752833278
dcfdda693651d1d3,0.4929344546731209
ab16f92819f226c0,0.5055840912492142
d1037c9e1b42b416,0.43493371136665715
f4bceaf5679591f0,0.6265264747324292
9311fc47e85c4480,0.5931125644764084
2443b4b5c3b176a3,0.46067045753395763
07de8f299afb643d,0.505436228679116
c61dc8747c844b6d,0.410948816053629
5c462deb202ea442,0.5236774603752323
2397c59d941ca593,0.5232500304482512
7f1e9ed5af0638d2,0.48703664565152915
457d4d1489a8f360,0.531149716865071
93fff26ebd249c7c,0.5428050300579171
b381859dd4f34759,0.5269203011459649
7bd1400163bc0dab,0.44569099090370967
e3168aa0f6b6f3f8,0.5563404492331148
5e83c5d5a955499c,0.5829475099428983
ef31a8a8f9169a78,0.5200562515321676
82a0efe632b1cd66,0.4841870619825651
a1f4d2e7ac3c2a34,0.5329326062471119
a23a39858449b04d,0.5037360713528225
d161040cd048f5e0,0.47514471745795017
a08fd73759e90829,0.44961102773340356
40281458b13c0ef5,0.4792407378777641
f105e71bfaf191e2,0.4862403159614034
abc358a2b7656c87,0.4374786316338475
8214a00833e3ecb1,0.42535028165365407
e3641853fde9f806,0.6087776170377356
8fce9a8204d25aed,0.4938499546486117
8fceeba09ea4e4b5,0.4928112802078555
d1b81cca342f8d65,0.4567646115981967
cdcc4b16d1923d2b,0.47650266662699314
096131b85379cf89,0.4960843803118029
23b927b78aac8227,0.48785360112590603
4d140b32161e297f,0.4957203596127948
77989aad02f288b9,0.523816701397809
4a75dbc4c780e264,0.5191276629624506
9643973fae106f5b,0.5519587101952519
ced12e31841cbed6,0.525024935812421
257219527dd16fde,0.4482306815512658
64bb062ed599bb0d,0.4604396194426408
b9f6a55241c4deb7,0.5285031123794128
3473e439a7edf50c,0.5046948357086344
cf59697841629366,0.47510214839541876
334095bf9ee480a4,0.4690833129366285
c04dffe7ff67c774,0.4651232201193778
3339a6d4172699a2,0.5489789639901048
c45f38d1f55778e6,0.5688009700797285
98186399be7dea99,0.46683100623799745
3781d7d2d70f5ed0,0.5501262768027408
4c8de9569c29cb11,0.45144046659320125
b187e1cfe657223a,0.5343879291295413
eb16e53b1726ace3,0.46488708112401844
6eb37eae057fbc91,0.46393585139244486
9d2bc952c7fcd1b9,0.44787313517553007
2698207706433372,0.504769698034806
db1ae2e0a493461f,0.5728458734127192
846d780f660e3777,0.5349137054374629
ea1ae5035a24d17a,0.498877749204628
05106f272eeac94e,0.5639725667500206
b7968f5d18836153,0.5210549065169469
905fb433cdfd9e2e,0.5439944800288952
bb596fa2e206160c,0.5910389894747349
5e3cae6225fdf588,0.48973145576489574
8165414c8a908d1d,0.47908996060151066
812a10673fd1e4e5,0.47350159509864365
ef455c1af05ec61a,0.4603556232429076
7fb315e1328669c8,0.5126308533923204
27552063f97745e6,0.4981662665142794
348eccc455e3eea3,0.4352815493362028
0a5f899ea267631b,0.5710090217294689
946e19ddb96a2510,0.4582858447135334
65ce1ae1ca2c31a4,0.5199055463107062
4d3a8abf20dd615d,0.43772548312205917
d76af363a2f4d4df,0.4588325529041919
5f7c71cbf2ff2f11,0.5097001042668866
aeeeb4dbd5a7216a,0.5225841455633056
e30d2692267af29a,0.4872586413917508
c671d93ea0957383,0.5226493933485123
33da0ff48e001bb7,0.5188833124303224
30fe9130810360f5,0.4766499530874386
d125ae13fb9336c8,0.5058935559174496
50ef616e443b963c,0.48792624566616705
f3de9d6777810513,0.4774774943205987
e1b3c4232fe62296,0.5703831749457751
3bbb11e4b2437c37,0.6260923259598357
8b922a053ba1a59d,0.4570299115701575
36d89663784cf816,0.5139810946654484
d7026a7ea8fafa60,0.49782602847181234
8c202cceb5927666,0.6334944478059108
f074dcf07ffbaab1,0.6074943037115889
773aeca8ce8c1d40,0.49641778029422967
e269ebf4855124ce,0.5119774488188346
0ced1c01414140bf,0.44202436353533914
28e0d523feb478c0,0.6225491859115133
8b9d38008c8fdc51,0.5796776499570973
8f91dbe25a0c8f27,0.4701951151669119
9fac5aa66c425201,0.4964947460652134
78f07da9bb5bd738,0.4292300380981302
0aa52a1ff0dbe322,0.5010299205300657
c1499d2fa811aa2c,0.4962596101105441
9bd3a407ddef745f,0.4860602498566362
ca2630c99d78f888,0.539813777675331
f80247bd03a58460,0.5403463187243704
294c55599c57fe75,0.5142992992959923
46de552b188da47a,0.442628603850481
288b6a3aa51076c7,0.5556486788400388
5bc4e895865585fc,0.5940908715352661
49656511486df715,0.5246356892825438
567d73a1b0c9bd59,0.49436333122564813
8a720403b974cf2a,0.5349868150686777
fa8fbca7007d18a8,0.5093941189476169
05ac4fa0871d77b2,0.4842089241132823
30a10685965562a0,0.4504234718037803
6cef11c5f1f9a2cc,0.4742494882961106
3c98efbfcedf41ea,0.471993224300816
e1b87da23926fa75,0.4473026861105679
70fa3221db7df4db,0.41638621886855987
ac1d3ebff9b940c4,0.603634628386843
b0bd3598078e7d71,0.49472864200828415
a8a9f1bec2958edc,0.49194556055350946
1d0447b6bebc3854,0.4431660881622015
13119b0d80e35d71,0.4879208681426481
f49793adf08dceee,0.4829544043289974
9184a664391f8e92,0.48378907655913284
818d086985562623,0.49006228201317614
dac8296d2f3b5702,0.5263755619992049
1eb2c0b51d183661,0.530213456515257
850bfab2a736790c,0.5558592341609211
01edc72edab3daf0,0.5279137491411532
25f6cb815ed23c5c,0.45263314177447267
9627a8406068c5ce,0.46696894519093224
9bf4d0a0bc26bc22,0.5259179583675859
c0a8b3968255d8e8,0.5001112281960939
2614b01cf7c9332a,0.4814095206397312
56277a2383d1439e,0.4686626710664329
2beff0d43cc9ea12,0.4569116824009175
4ba57e7e0d38d460,0.5448748010904177
8d3a9092411ed95f,0.5667827796946295
d5f607cafe0a1dfc,0.48436932208600747
53866c897da8aaa7,0.538689120150292
cc42fe0756dcc86a,0.46628013385569833
e017a2881d6b96dd,0.5342696979278254
1dfcf49e2de71fdb,0.4672072294224019
23512554c331a383,0.4613096387969494
c0ec05e992ea5618,0.45403717850229175
06cc785214877d14,0.5152661554526689
3dccec272abfaec3,0.5648410035403568
760ec6e5f141730d,0.5350361771671659
5ab411eff4770f05,0.4987738769157809
688a8c091baaf721,0.5553870839303132
ecef69007044c1b7,0.520626257746174
1433e0dc5c2738e3,0.5446507446304264
54ce8a69682f5ffb,0.5877145683996147
3dd0a8ce100fcce5,0.47424078943382697
b4df17acece2584f,0.4722115039518293
6faec28eacd75802,0.4768805157493776
619d55c707423337,0.4648231768627352
adbf44760fc7562e,0.5118172462298272
f7073c752e9e2c15,0.503435703380729
f19f68991c1031ec,0.433589751968415
192abce47ed1bd35,0.5700352867181917
63c966de6ba607d7,0.4575145307958792
823571f4ba9265ac,0.526294957617107
712afd5ad6fa7548,0.44293882128178885
e09eebba56c0bdd4,0.46611327433218497
58ad350f6a17620a,0.5090990725355649
26ac89682d716a56,0.5111627761739789
d7b88dd15561ca58,0.47601972844803764
14137fc4c89001bd,0.5140838123567486
e7b4393a9d4d2bb1,0.511709671212554
72e289c9043b7a03,0.4753707605070574
eab005cbab00bb7a,0.48861133971693993
e61728906f1e1269,0.48355753103865284
30b29d8973bce1cd,0.4780210885307541
472fa4fd81b90635,0.5343030180232139
18d81b2e367be3d7,0.6313429430896081
be15ac129007ad14,0.45118132874771466
da0f06bc43777118,0.5048739822054642
6c7b79fd5e2b30a4,0.6203502523973833
a1b84c361ab8a863,0.6096381655301248
9fd18af21951cbc2,0.4980101024088266
01fcb3f5e037801d,0.5107999262706426
1f350afdceb7420e,0.4428268021895776
7d3ff130fba64044,0.6208674936651997
247783ae19342bed,0.5910568790721078
ab731a4cec215588,0.4682138499445325
082f3993fd3df04b,0.49634673943064456
86a053db9a0ec822,0.4208877581302415
388ee4b1094790ac,0.5021546802791877
3e856d97d618c6a3,0.4969932150529879
e47d52234e52637a,0.4844363644981352
659461af074e79bb,0.53527977912371
dc6bb125cd5b22c1,0.5445566056482269
9b83f7fee8c3a71f,0.5117135540548998
ab57e3a627eb397b,0.4403472799262189
6fcefdbcbfb5bb8b,0.5577877445717108
abd73bbadc95720b,0.5949200286389734
6a36a03aaf371b54,0.5266295271316115
61f73281e6173bbf,0.49275848349972784
b338a7c61378bb10,0.5234729101861749
605c776016420f5c,0.5054537235069324
5f695de56b495e0b,0.4822139375361518
4de34f971787d978,0.45009668075312337
fecee00edd48d1e5,0.47656499661347285
acff4ee193251f74,0.4712560012289134
ece1de6875a8d7cc,0.44846590483456195
186340265a8ab649,0.4215673889236722
d23ac5439d58b072,0.6058299039345258
baf0cd3246dd2056,0.4961361302433529
72eb2935e9f209bb,0.491653681333619
d97f2f2cf60772e9,0.44761197420310816
dcb7ff534140b9a8,0.4839376647813868
1fc0c6b01bef696c,0.4852052777987923
2a41370376fc41c4,0.47837818616940053
57815944886a2a76,0.4870550380583679
c774246c8deafdd5,0.5194452014563022
c52440f9a3f57ac5,0.5258574018107274
6dc0784f326c307d,0.5496101466925158
707d4f90f9966213,0.5255555641366306
6ebf8779a854b581,0.45358870201225054
8565051121c285c6,0.45715274500079994
1f1ca94aadccc2e4,0.5291189278475688
51502e0de044a4eb,0.49851430853125267
98e22c51bf271c70,0.4829641438240444
c347c7751c36e63b,0.4728299985654536
d52cbf27f5184d9d,0.45527626511946107
fdc7f479e9df0098,0.5435937427716397
22721454875d2676,0.5712360339644154
4734e98875e53d04,0.4743938676476245
13c29a46f9ed271b,0.5305817884945884
68668a1ac8000324,0.4604334231945575
85371188ad2e7917,0.5430557988910101
741c89aa7b187ac8,0.4668535099677633
182b86999d05938d,0.4689845151079646
80238678a7549b57,0.45626009859768635
5a956d4f76467e85,0.5111201335813442
5df24f6bfa2bee0e,0.5648998991355213
d586d1cba2a0de6e,0.5376434164162656
63754177b72bad49,0.4981607130665233
dd5ec5161964df6d,0.5560456117914189
8ffc5a3f9138efa1,0.5296282239466611
b1bb2a16e2ec11c1,0.5384061915553889
7690cb3dee02fd28,0.600748883587896
b423a081558ee9f8,0.47961481603211886
e74bd72dcbb2b6a8,0.4774903497032916
8333a01ac474009d,0.47280920070996624
7692be448e61503b,0.46808723600315094
295db90c1516f70d,0.5068945534177368
a4fee782282333cd,0.5004097901427278
4d69f943a619744f,0.4474402172099281
8953bad36ff894e1,0.5750512224652344
cdaa0259dc8b951b,0.45071119343600874
d360658cd3914439,0.5258924867936309
3fe438a204509fb7,0.44080736549325883
bfa3728a737eacea,0.4755357380577454
274580a0465268b0,0.5037106311246545
0d5d3302b39f9464,0.5191295532045871
1cf60aaeea8f1873,0.48151774295272065
6d718ebd7248c707,0.5094171739092865
635e43742d08d3a2,0.5110395244228337
8e2ecff3f3f8d629,0.4831115897919076
37d9deb04636b5e2,0.5051468551585914
08864ae08cac05b6,0.5046613175303728
a9b6aaa4a03bb369,0.4802073541501435
3d70903d30649ed0,0.5389214889100193
6a56fa3f2ed03eb9,0.6200686120967552
4b87eb9ea57bbd89,0.449624780877527
4589f4c3211ee199,0.5090852051236752
f3df7414d068c16b,0.6347679875567211
38714b2d2f08749f,0.6156466207147344
bb394a54594cd2c2,0.4998859259731825
3a3e24727febd1ef,0.5084912449543132
03c3736d422169a5,0.4430051610312802
2575bc430f0bdb54,0.6227871606507507
0e0469a84ea0b317,0.5807546789199339
4eb4811041aaa668,0.46805528322643153
17704801e4ada569,0.49476986240062093
2a5f90aef53ceda1,0.4263166708232059
bd7e413b6b38b7d4,0.5056095791582689
6923f5ad6f6268b3,0.49897632965745986
43b2580cc44aa917,0.4767111492921985
cf0f63310554e447,0.5261334030970916
3434df0000c27455,0.5428446086955272
957476b1f001a81f,0.5137280487388176
05ed6b20a223441b,0.43563289033115193
969fcaccd93e0dad,0.5610396277072479
8a9d0f04970ee644,0.5979193987222853
df7d36544811dc8e,0.5115577320155892
7381d4c1a24bada1,0.4956187325325828
6c08236ee6e84116,0.5265021852750893
8ec8b90d476747ae,0.5039100123608824
4a69df8a3c969d32,0.4873201657950663
cb5fabc6439aff38,0.46033470131521403
8022ca3a7d91d82b,0.4755744390043658
7b3eee3a6e677efc,0.4737642427908417
4fd9df2cfedf630a,0.4530410550569157
8c1d55e4f73cd5ec,0.4280730861308336
22e2ef3bc56d6507,0.6177167235800387
c65bc67ce1519ed5,0.48901295218479157
19edaaf839aa4f25,0.5058063390455401
183a2f7b5b03be59,0.4473273055729716
d7424e06cd49d963,0.475321883272396
79df1fd71e7f3ee8,0.4803120453274674
b616e03947138372,0.4768238751249696
ce86900afb9f98d6,0.4881697905294431
7d651a6b23e651fa,0.5109419822513317
9216079227cfbfa9,0.5283113726865526
fb5e94e88463754c,0.5526984186393425
891d82a4720eff37,0.5338903693754764
87a7a0da3c469f1b,0.4504626362073205
abdf0d230c66608f,0.4729959903822716
e9a972f187aae0ed,0.5180512967352904
db6391daa463c705,0.4976166181838879
37f7b4832ddfa3d6,0.4861237807781089
6d72b288d461f2f4,0.46720372293143386
ddf842c3870f171b,0.45901788111235364
709f3ee4b6eb4a53,0.5374266099015049
b168ad694de5cb10,0.5670759520059063
1cc8a61516f973ee,0.4695159924112273
ce7e3bad84240b91,0.5374745288319703
d2c9e20830d56ff2,0.4670869767707303
8372220af19cc58a,0.5494806496748792
3c0e12f7f8d8e488,0.47069945938753643
6e29ae07a5e0d922,0.4696025423783472
d7aec137e57de224,0.45342989153418534
b8532a97876e41d9,0.5104790236962383
e775ed736fce40b0,0.568361276624136
f1b55bf5cde95f1a,0.540627846800484
77defb74b8ec7244,0.4824754643809246
aa59b34ee105a436,0.5572170169876618
c9ecaaf8fb1dfd1e,0.5324530869961701
ff196dd1f02e3d5b,0.5484779628673806
08f9ad496a78a69a,0.5685310024167216
8b9bc19a42dd57df,0.47393717555167925
23f715cc8d5a4bc0,0.47884819754104346
15ad0b90435b2c25,0.47674155164469834
7bfc2952186b79cb,0.47581743051668246
e2405edd6974a2c2,0.49779556773298994
3a5e0fc38b4fc41e,0.5066072685525339
3bc742c7b5aaa8ea,0.4518217129032055
ab2e95e0858194ec,0.5616933554868806
287e0e5da3186625,0.4648457311794878
fa23bc524e415b6d,0.5254626699057838
4a276c1b88f5b651,0.4471034808238543
9d034f80bd0e57b7,0.4676912106459534
d6c35700d8c7be8d,0.5109664072699103
f965128499b69b2d,0.5081811964684022
409f84d3a35fd50d,0.47822265192567537
fc7fdd2d33e26c3d,0.5141724633101964
1aabeaef0e1451dc,0.5076634508005021
5fe54c0f87a90159,0.4785252174411634
3d6088d4b92dd0fb,0.5017292927284458
c20868d6c8130a97,0.49912539816735335
e525bb9c3370221f,0.49382226281748687
cbb293e248342075,0.5685071256289196
d91cbbc148e64258,0.6274341888600532
a912d78afa27cf12,0.46692274978146087
e0762f40f641fa6e,0.5062231264069875
a3549a307b41b9a2,0.6214358088198905
66802c7a203b8d51,0.5984251669906765
0d7db9fa43934242,0.4929991741169837
05356c8200c418aa,0.4993539152584421
0374207cccb16364,0.45676746415978764
bdc60b253c580478,0.6221758365855184
89f46c6e80049de0,0.5814112471726358
e5c165b87f972a5c,0.4871142708711451
b78653b2cf27db69,0.5117874478477683
b607c9e463aaa201,0.4352797179486183
86c0f538877994fa,0.5142721857989017
40059a66160b7b23,0.49760162907380867
cfeaf1cd9a800bd0,0.4804506428726867
68d51c16aa82c52e,0.5210470514731689
bb34ecba795b5a47,0.5430820793597777
f42ec81b1d47c11c,0.5137260834011534
19fbee9231e2cf1c,0.441619486511179
6a70aceec698ff29,0.5373332194479739
467f7106c1bc04d2,0.5849166439714646
1e3392327af744e3,0.517763689447421
4f27ee9648fd5f5f,0.48751746880366986
72179c7a16332f6b,0.5140155003314645
caf200b4125ecfb6,0.5041704431092631
54c6c1d6745bc5db,0.4912790119518611
e272156fc92b1b46,0.47441013390923725
1fbdd3aff0825d82,0.4694591342502603
3b78a8212eb36b2c,0.466511579529595
d0106db6299d362d,0.4694033822948064
394635c0ff47fc68,0.43057516932348916
0580508aeaf2a4a2,0.6012887017333803
9b738a14a3792605,0.4806911008476893
ec441ad8b79ada60,0.49959527908112866
47e250d0e038cd22,0.469506688009905
6fdec72c6968f8f6,0.47524281914098054
c5895d7c89c37b10,0.47865792820799435
fe26b6d4f59adcc3,0.470417944279544
df2500a722d7ecd8,0.4898930294988332
44f3f897a1f78ddc,0.5026910782299695
726416b33b8ab16d,0.5272429422458014
2f1290cedab56202,0.545886330251528
2b0a65b7b105b36c,0.5390605467071248
f6769f065c31b2a8,0.4607323141527595
3219306c9b295159,0.46357669815674973
c7f2003cc4072a48,0.5196590648081613
e2b5129fbed355cc,0.5053190767756317
2f0b5d15a624b952,0.489193466348413
11a64d4975220fd6,0.4617118677309422
857a450346f2274d,0.47000038266681954
5cf8c2136eede6f0,0.5394169684415167
bc1b44994aa3e1b6,0.5623090098353289
6b32e6905dd9c24b,0.4788598134254314
4a28b45910850554,0.5290475388339675
0d1c45f3b8bcb0ba,0.4626087922137062
7ab1c88ed99ceffb,0.5295556298906415
d4efb17ac0ef3159,0.4875079001316478
a4c16c253019a62e,0.48951604111631486
903b0a41dd02b12e,0.4546552926608325
0b520249d3f96f78,0.5249584147933717
8362dd7180027b5a,0.5423038727758974
6af44df3054d7f3b,0.5354137926349634
0ec71c17a4555db0,0.47959848145941153
8ef4fdf217a46b1c,0.5415168166444108
fab614a90e943c94,0.5333014032574042
a723b30ce775ae7f,0.5425591541771015
85b30e61fae5f259,0.5855608192909838
4052c383f68e9bbb,0.4775481980238494
10a294eb16039319,0.4709778796488375
81e04d000b39845c,0.4841374632366465
9de61d1ea3c6718a,0.4853889445334567
f98849b73b3c882f,0.5216345225336043
e410e00946b26342,0.5049008809294601
64d81eeb17576fb0,0.4414716704673334
07d29310e0ffa83f,0.5604732164260171
bc90886771a4679b,0.45136749390221986
01d205d6f4a0dc84,0.5290132046263383
39a2f8e8eee765ac,0.4377284189287276
5cf649c886335dbb,0.47106818154971664
1648f2c203fc6f09,0.506092902497735
cd5a0ba6c66b04ab,0.5033689395206318
1a626c97c1d7d69e,0.48238017362071817
a10fead7146fd031,0.5290582640785616
f51af86667de91a8,0.5161498659291481
b97f80e76aa200e3,0.4837673835380232
b8cb2d635f55b4e3,0.49548882000050487
a304bd788a1b529e,0.5110870280109211
ab8aa84115559294,0.484936341870136
7d93a7a7342c7598,0.5777760036050446
2ac2159eb56e9268,0.6208713810316862
c2166ce897e4815f,0.46771957234339157
3787a6820e8f0801,0.5027954727153952
5b894cdf7abd9f4e,0.6380762037717598
a348f0f998d71ed2,0.6169829433859619
09b92a317bfbdd38,0.5134275381708073
efd84972388edd5b,0.49519144681799865
b4d78796eda730f9,0.44804461234342663
f61d0e42c5d2d10a,0.6133096745672701
5da373f2680a379e,0.5728371504266234
fb28582c211d8a7e,0.47252187997426986
bcc14dfd3b80622c,0.5225273969581786
315510c808158727,0.43629592509914805
7a5dc2a75d274387,0.5147508326724615
f7a7397dcf8fab45,0.5097904467158587
52c60e0ffd4cdcd4,0.49089306816717104
35c1a8f63a63b5ab,0.5275914480037285
6b2c3574a4ed71b9,0.5456464650663482
ed58784e22bcf4bb,0.5191392840176213
ad6d61ba0233ec2c,0.4394996328923606
22be5098553fe102,0.5385700106899464
8c3b48fb84659ee1,0.5866241742514605
ed016a04be426d95,0.5280978896605928
092387028997109a,0.4875052672736204
332e1ca6b8047adc,0.5101162183423814
23e70f3e287acf38,0.5019742618040017
0de1b0b09a466561,0.4819122950821185
b400b26862bec1c0,0.44676881158131554
fee641e1d481e4a2,0.47644837180524746
2e2e7e534c8958f7,0.47619953018334094
b5ef8aaa82c3a718,0.45399593616843414
ebfc762825f0872b,0.4199803556551842
f40e403345bc2325,0.6026737465356755
d102afbdf00e1c0a,0.4814001089248193
5674adca9edeb37f,0.5089550682045249
6e528d03393162b1,0.44448239780900756
1ec42a070045c543,0.4769735068765203
305d81e140b2e322,0.47996010870927497
0f922166b78bcf8e,0.4708628006534159
6fa31e382e682b4d,0.47937016042782843
ec1d522342ce8775,0.5123350313589392
e0c8e94df9c26ebc,0.5335973357923085
1b7ab9ec86d66a99,0.5367431725566011
42d57ed49a041a8c,0.5288627249611896
bf8c14df3ad2f775,0.44706841954551835
98d983335b3a4704,0.465417816078052
07d31c0e1b59b792,0.5234743144900591
89ec1f078f6de642,0.5062191398361271
c68b69c05ec8753b,0.4941283939372576
abecf11fdc9c7932,0.44898357880980666
728a494f729fb3dd,0.45532118034260516
6da72eb389780a35,0.5367853432287472
4d7c56e0cc62595d,0.5659738262134808
bea57ad8e0cb3f90,0.48053376340651766
ec51f183efd14610,0.5413662393650588
9413ab7b8f2c5879,0.47174210584744314
a7f031138cbf9e61,0.5387006674122923
d539248d0575147f,0.5007849609687471
60c50d0e2d551543,0.4808957364630946
898c3f38c9db5b9e,0.4364186980602708
88b3d8ab5e2849e8,0.5196531783913075
6ea06f846cda2702,0.5534574496937097
701a70890aaf087b,0.5417063504044088
52160eb3f5d0bd43,0.478897599715151
ce84b5f2229f9640,0.5472815828977861
fa0b3bdb88db268d,0.5307532106249376
cd4ef9deb88c01bd,0.530155037899667
882af3e73d20d177,0.5902390179633583
d44c1bdb9fd8d40d,0.4735212846466852
a8a7f3b7c22f2dfe,0.46794951646476
ceceec236b37e9e9,0.4759097697564414
1839aa58e186ddfa,0.481643484318272
041a5443afafc6e7,0.5215048224473617
6b0f728bdb7bccaf,0.5070104043796473
b65e72226fffb429,0.4495016962044067
6534fbc9a9ffd53b,0.5531239689121525
72b3f5e14a50669d,0.4545809038016655
93702e2411f4a15c,0.5256324890686518
adddd7f23f130726,0.4599856032955203
0bc9cea0d8cbb006,0.4750366753561963
7ba201dc13b2e93f,0.5078372666099484
581db3bfe9e97c09,0.5060234802109246
76823ae61dfe7e14,0.4713693630525765
cb2844b097683cff,0.5280397361920639
aa75a477d3a27b25,0.5174322861859406
24cf8b441cf849c3,0.47893884828889643
5ba2e8516e76e703,0.49380871088337996
c6198e849d951a2a,0.5026330626694746
f2df0909c89e64d4,0.48358926699282967
82944c07a105f32c,0.5842296643973035
6afca9d5146e20e5,0.6166839363932295
e739d0189215b8c6,0.46510964759673057
773fc3065838857a,0.5164445102614426
9b7526c540381b0e,0.6277058082186451
5145e078cb74bb0c,0.6062539774008666
c4fc4132530f3414,0.49980019640755324
ceed97e60461d00d,0.4778744745093091
c8fd8588e67965ab,0.44882385902262145
6f78268d67b1dd17,0.5973165964542211
988bcfc2bee5eb03,0.5761165905671115
b30cad36ed05da90,0.47418540474369963
a1af68079ff0e179,0.5096356962226992
2536ebc733711fbe,0.44009054320308716
9662fa902dad8963,0.5176985468535745
92e1a2ac9b954d65,0.5010187975058655
72682f7880c6ec17,0.48310685788975105
f46fd2d959011549,0.5263845532341047
e56c3eaabd17e2f0,0.5472205914092347
a57e01c175bfd433,0.5096082907523769
8645cd7af1c1b54c,0.4409150450702537
dd91c4b1d829cf8b,0.5507370034399618
65f8128ea4c89531,0.5855968100101698
888c559b3908ebd9,0.5411082752286223
ea01fd049219d547,0.4996149786660753
eacdf5ff0864103a,0.5158601074942973
a81b885a1b5c02e4,0.5020447519623833
68a3d499967a6807,0.49025688575346793
4f8090d7131cc2fb,0.4432252953067173
0f20f0fbcb124cce,0.4690009292765498
9a8bc80869994783,0.4857904937567604
cf2a963110fcff24,0.4512321340250416
be71eba5d8ab8864,0.4215262992761224
d33f4286837ae826,0.6134091717355443
ad4979883d38b0bc,0.47826153885841816
0ccfdb8cf57e97f1,0.5028225023343239
5b72278b28513693,0.46751948109695285
12d5c561111af673,0.483435626365571
554813d9c13701d7,0.481595230484811
647b7ace0b219534,0.4772662949468103
164d2b2b8e0684cc,0.48854425154442294
fab24c76a8019f4a,0.5086728209678307
d46ec9a54415eb71,0.5369288672479745
c8524ef58536e591,0.5438664981126407
df0aab046a5b9d65,0.5327857061530812
021580276a999b32,0.4578657994481712
20f8de930596b359,0.4704606584698324
c9ae96ddca70028a,0.5288536265738282
73ee9a06b3de7b7b,0.4948778797764939
e676fe4e95eb8e47,0.49737864514094565
58a2aa559c666977,0.44496478911904613
af2e2fbe87ff906f,0.4581297821027419
45bd6037dfab9b34,0.5422996559658813
f55aa1d6572bc90c,0.568244141421491
550ac4a0c6ddc7d6,0.49173622801768746
eb1c1ab78d2c688a,0.5354817963916915
f0f2968791e57f0d,0.45581504721841015
675cb119886cafd3,0.530361865342676
a4743cb5895b26eb,0.5129755318510735
0c9a75f7cca7655f,0.4766804262009079
3c90cdb4705484c1,0.4453687063516052
6e41e6862d92f0f4,0.5362579612580233
c8f071a905cc2e0a,0.5539812233231104
3e88d16f09cda2a0,0.5421009718948113
7c5c5ebd3850a96f,0.46376660702351424
981b4b6a4da939a3,0.5460163881275768
b46282e1d9615cbb,0.5260087367149738
0f64caec99aa3700,0.5242788431548493
faccef2301310a63,0.5870848824642998
f23464abc5f0b35f,0.4878748418573191
5ac99b5691444c13,0.4685285368484817
b7db8c94cd3561bc,0.4737609542934631
d6cf11d400fc0e3a,0.4853631842113687
67b1114749abd343,0.5161198204000679
4837171e6f6b92fd,0.5065461140134224
ebc859a453cffaeb,0.4444946619010517
07fc3a9287078aa9,0.5555261782110135
be4fd3d3d2b518ab,0.4559663944411525
3acdbf04620557ac,0.5260665303921365
013a12cf21e04880,0.45519059492817926
bffa582e225d49d4,0.46890196935922934
611781516accd7d3,0.5120007004872154
629a505c7aec6903,0.5010544402268152
2df812fc4368f598,0.4653953450910542
efd38abc1590fa9d,0.5213897200480664
ead43d00e944b8ac,0.5111001789659405
9bc9d422670013eb,0.5048477166167716
63cdfa13461596da,0.4948047870900376
86cf25dd39898b59,0.5202456774552766
a9d33ad20edf2a75,0.4837327860957099
76282e1a4a2e3183,0.5835045589316722
58e318576b14ce50,0.629086942709451
bc5c83b0aed02b20,0.460740453581554
1bb0b85b891a2f23,0.5165828358329669
aa6a55cceb5d5847,0.6260959209612683
13f5244a7453f33f,0.5997849773170305
b0e105519e9e2c0c,0.5003513855339704
4a8bd9f8ab8278e9,0.49297932137762246
62b2b3b5aebd6f80,0.4481946458369708
28d5ef18240c7db1,0.5939494819584761
6b58dbf441c7950c,0.5784556494932156
3c5547c695b000f1,0.4757830848630662
7aa6c0e6405044a7,0.50768948321484
4cca379a4b91e723,0.4408015611189964
4c1abe12cb000bc0,0.5139515005169443
a08d1ead2d070b17,0.5074174779987389
d73bebdac29c4b06,0.48702392491087365
c6c71dfc5e8485d3,0.5285460007777327
43de255bf9e8308d,0.5487628888126945
76ed83d3490c1fd6,0.5118281439694082
bc375529ee0a11e3,0.44087182874478903
f0da4ad45918c5b6,0.5382379639750358
ce32b28e143345a1,0.5875221158717868
cdf0387994f44a4e,0.5348857807859809
5d963df4b9f6f9b3,0.5080301083557096
d0891dd3923fee4a,0.5168208121753988
653b93117c546bbb,0.5000365524628468
921201a4c8a0fd1f,0.4967057335681784
87ad7f4a9e7bfa19,0.4485264596847731
2347a6671c6dbf64,0.4741794818945928
ab86a2ff9d008ef4,0.48310588838233626
0ac849cb936112c6,0.45118649977623315
b8028a0ff09c85db,0.4248052082470166
f19a7ed80161548b,0.6120414387979939
17f5a3fecf04464c,0.4757394304586591
ac4a29bcaa0ac27c,0.5047710844039187
6e5abd1ca6e30564,0.4721952980859092
1b0937a19362eec5,0.484308941564243
f9ffb0c15ccd2d4c,0.4947450784720151
6187e107a2290fb3,0.46387217509448475
3661165ee9b297f0,0.48898297569615967
f85abac0da1a74e4,0.5095768342083383
da1219708dfb8761,0.5316406277425063
246834386f3d6b19,0.5391630473312101
c7a4565cf59cf644,0.5372256921542402
c9bf9e16146e24e0,0.44478566456069435
047fedd462276bbe,0.4661309754563626
3ab46f5161250f08,0.5213415518875684
b3c8b0438d96d09b,0.4998783201210155
bde1ca42d43c7434,0.4976055286840937
8bfb9b36838d14bd,0.44568605902182057
d4e569d07722acc5,0.4576335225950361
79988e5a474e1cdf,0.5412319656509244
3eae95145cb4459a,0.5805616453011586
5374990a952d08c5,0.4926969523536424
7f08773151fcb839,0.5389988159622792
fc39ef39b00f6f18,0.4522102863374198
30a4d91777a01865,0.5299292948178453
c60fe439016c06b3,0.5160371895542584
90a0c35dfab17c7a,0.48283634618417604
5481dfc76f5364b3,0.44305572154794604
7b6cc2dbf5833400,0.5443934869458696
832f31d4d6c64999,0.5485667822076343
b25ba46055801ad1,0.536434794002234
8a0b978247b1263d,0.4714614941656493
e4bf33fa674c5cd1,0.5436607535732598
3583ded54556cb2c,0.527352888175481
f5081ef6b09d22b2,0.5248312340135195
69f55c828ddd1afe,0.5874114718228838
146fb073f3b11d65,0.4828060166462044
d809f7f7c710bc54,0.46621620412491394
82dfd25dd2bdcad1,0.47692718809944323
13efc1982deb629f,0.4817557600160589
c9618c15ab9cce49,0.49377749108931523
f1a960f51e4d7f10,0.5054938817806315
a1427420658e6a58,0.43683528054247
4ec88224c3b5821f,0.5555025725914899
5f91b67518fe8d63,0.4548968519354615
600f203ab6e50d7d,0.5268454178233966
7e3430c33c814e84,0.45415351430677364
d6a73a6c4962bdc8,0.46954464021018594
b1da751290a6fdd3,0.5119056589983995
7cc8070870758ee6,0.5124788778507052
2750999ea9c3d46d,0.46516837466812233
29cfd1cfe5113455,0.5110717508009566
c6532f65faf9b1f4,0.5067370704061661
cefa44a2e80a4f1d,0.5072260281036746
d721f3803a5a2d21,0.5066807206992971
4c5bc3f72b80c3f8,0.505800065390086
71cf5a76ae2654c9,0.48503000236294813
fc20be1c3269ce6c,0.5482473740619775
241b0ba82a7c5ac4,0.6134985885185511
ff49fa9776771e9f,0.46431650095898913
98d4575aae488d18,0.516497758762199
5209177bd86c7877,0.6274266610385193
774d3ffa49d8872c,0.6152032739169352
81910a9d3396f9b3,0.49559967491937496
312bc975bb1557bb,0.4815658290857533
e9c7a40fcd06dd6d,0.4429276228694534
9e6c829f2ebb2552,0.6025793511261975
4361b8febcd8ce7d,0.5749019018000175
33d526809ec3d464,0.47723992211013133
e7205b1b7b0fc7b1,0.5205143690375313
88386521c645bb2d,0.44372065584285614
f173ee1d75518f31,0.5054188435761154
2a486f71bb645f60,0.4973215841146946
ed59283b218aac2f,0.48186425770240726
802b0f6892c4fb93,0.5244813185829473
c6416862ae0f8a1b,0.556196906547106
98dd4c1d5053aa2b,0.5058908513422586
35672fa578905c69,0.44601123531223363
f7bd88338af6eb93,0.5443217251042443
54f21fffe3458ab2,0.5848083912773316
0afdc70f78d6b235,0.5358324676151598
82c14456701d071e,0.5002861079684146
18d1a8847353d7df,0.522004939693464
e194254a7a977e15,0.49815644638998835
c36e2cc1357042bd,0.4913395461322323
e5040bd4e137b0b2,0.45750117788522715
baab16faf721138e,0.47738872141956623
538ea8ba43bda3e8,0.47349155589409353
34e1c2b3c0b98ca9,0.45386165553513547
e7e9b47dfa28b8ff,0.42908333582774727
87b270e44732c5c3,0.6137725550259545
23768f30ae91cd3d,0.47489101103532994
f1743c8098987014,0.5018131621378664
a85c75b5d0cdaffd,0.475692310084568
36c9e45f8423c4e7,0.4716354069552742
4caa3c3cdf08e793,0.4872403138861148
7fafec25b063d1a7,0.4731851413860837
e6d621741b201058,0.491468037758819
8bc2aec5359298b3,0.5142417621176059
b1617230abbc6638,0.5281213986017943
882b0741b4bdad2a,0.5469755654430193
f364fc9e96842806,0.5356241935049226
b70cdd1eca26b24c,0.45731738899808216
7e03e817bf19fac8,0.46801725076852296
ac7517fc59380374,0.5192704197109035
a2a168b26b88fcb1,0.4962413333045339
0e5b91a575c2fdb3,0.48975227489528295
be463aed67549500,0.4469411592535659
0e2a6ed1389584dd,0.4604750981553377
37bc169b1c4d7486,0.5458371240161317
815626c5255d7534,0.5790601699873971
cb511bc5a52f3dc8,0.4850432820320061
f346013c49abd3aa,0.5400322699809544
4b34692b80327f7c,0.47676759130574764
c2584799ac66bdcf,0.5228648886369551
ad14a2a4c021307e,0.512487932546514
ffb3e168ad437d3e,0.48295426761137383
ad5bec5cbc3fc8d3,0.445779762363794
41f8d6b8d4d33cdd,0.536207734917962
450c026892f3bf8a,0.5470439591585845
feedcb372b4c626c,0.5503178619719845
96a11f323e813838,0.4698355684087583
5d3b04de9e8ac1de,0.5386126576887471
44c98f34197a2f46,0.5329427760965179
9801f40159c1f5c6,0.530589169358309
389235ea8969102a,0.6004989662860568
5ba93c8b1b0245e2,0.4954534413420053
8baf6318ab7c761d,0.4782288699770937
97833ca3cfb8e5c1,0.46997851437027616
3f0e0a81962a81ee,0.48899192866358765
936f7b383ddb75e7,0.5103155696763919
6570a346e45d8d92,0.497697950106059
a20ed1c501a8085c,0.44296796824942775
c20c205221ebafef,0.5495039424144492
52062bcb2a2eec33,0.441710784795073
eab3070ea2f103be,0.5257785460779024
1b578900323316de,0.4450502587416121
ad696800613926c6,0.4733443261132274
ea9d76425a8fda13,0.5167371720448171
7a9388499ee2ca3f,0.5072215961732166
a15f0200807132f4,0.4602305946626999
a831d7027c5c9a37,0.51733229794093
4236fd380a7a46c3,0.5066227179568651
450837d4459b32ad,0.5306774783365182
22cd3c74eb16303b,0.48552451522721807
b88ffab25fee0b14,0.5121624578206257
fb368ac81245b5fd,0.482995210245868
4e9777dcc32ed511,0.5505274935436792
34fbd002204c7b67,0.6048770528340455
ad512625438a6579,0.46231747390414524
9700628ef5286d04,0.5168698522068824
c57cd14898edf06e,0.6388295684287619
8354369207468bc9,0.5808381737157905
6dd986accc124ba6,0.5063998184841346
a2362b2b3fb50402,0.4793537479928497
013424f76f05db87,0.44650584586081943
9740ea387c94681f,0.6129663438699225
7f4c7d60b144bea6,0.5761416723171197
03242218d842f953,0.4795018649424898
f143c6b6973188f4,0.5119237859659974
ad510adb2cdbbd5a,0.4437680167811815
5d5d1d195d4905ab,0.5004792780624374
5420a12ac27a6153,0.4961773359047663
01cf16442a71decc,0.4910324309761388
18c7a8cd7151c9c8,0.5263633427366075
2556e4d3dab88f39,0.5455725035328453
94f7192d9070ba52,0.5158347662865905
b49cdf105ad00c55,0.43421534223276637
de579e9a4d8bd8c4,0.549089166183285
23aef1514439c882,0.5889311575788173
4b0f924187c78873,0.5382678299909561
b212a23558b0a2dd,0.49594885894710083
36aeb273be5ef954,0.527694602722199
ad63bd253b44e86d,0.4979564979744907
f2496cf07917dbef,0.4956723151250959
2247f14de6796d29,0.4631969610656148
e3f4c61195475221,0.47409444024943914
720c424887c939dc,0.4775518943618696
649a4f322481d22e,0.46107048464693523
81bdc74a78b772e2,0.4345360195348624
fbdf294441449e48,0.608462594475686
b0c314e9fa1c7ffe,0.4717004217309686
c377862bb825b4b4,0.5039018172229952
fa7c2cdca15a505c,0.4752218994376396
e166ad5f52546a17,0.4772526061243796
ba2ceba7368da429,0.48687623150957005
50be7b828d9a9593,0.46706684216624983
e7462b117abebdd7,0.5094821102724936
7eb404caa7e17c2b,0.5075929514150839
c9a2166419a3f55f,0.529631715771925
0e1ad6cec9be1712,0.5484296488619611
e0cc48e9caa6ffce,0.530232639053428
18010817019ae7d4,0.44925327312456886
f571e19df6426d49,0.4694459895393539
cbf9bdc8f05332ff,0.5151891111112321
b9533bde7bba9ba1,0.49900225719390356
c883c0d73730d6f7,0.49265483812298494
cf49418955180160,0.4492162309186707
c93b4cf3c351fa4e,0.4621458754635769
de24d4f762d314dc,0.543014778043417
ff008956bcc3e0b4,0.5744627279037087
628cec68127be0ed,0.48081016197764426
b4cc209cbeefff16,0.5335885582616728
11a4c3ae6a72b102,0.45700677869983775
b3aa807a5e3a434e,0.51634617563167
26f405ee173a915e,0.5228169528491745
6ec52b987fbb183c,0.487148973714714
8fa8efdfdf1c31b3,0.43726566673608513
d03a491265388b51,0.5139603341827161
0886b972ac547b07,0.5525796220295717
183fab2b223d8e44,0.5530516741510133
150dd4c3ff4dd90d,0.4639419315897906
d5ab9b93d1cf0908,0.5472843724955073
ced38620f04ec8c1,0.5253600896880399
064c13f458b5ef3b,0.5288699051503702
f487f7adfc189510,0.5904114557707241
2efc9ff912561bfd,0.4838827558974843
24b13363c08dbd91,0.4701433445232659
39766907c49fa54b,0.4773055904966391
2af1216846ae4ca3,0.473840360160258
6234db2acd41499d,0.5129738331426855
33b8759d5c75d26b,0.5046120758025793
a0601edbfa399840,0.4401636677667393
a03844b8ed772325,0.5535776982141539
e2b6890e0961e4ae,0.44476608816971797
dc23581d7aa94ab3,0.5310455587271404
096d1a93a2b7ebdb,0.4539810381215519
ced2dd19566fc24f,0.4730125889089949
f896deca155ad6b2,0.5141671332386877
c31d461545f919b4,0.5074675839695669
5d369d43aac2091b,0.46065303518944434
e6ae42d2610a12b5,0.5275671159184236
0b15cfa072b7c966,0.5145480507957332
2bce4b3d05a9224f,0.5306776504797113
e52089d0335618c1,0.48483381737062525
c38166b6c9c33704,0.5188738839720568
649d9c265c93afec,0.48837513293398693
104f1df2928efe2c,0.5559162527693164
3ec0065594a33e17,0.6026894231227917
89327a225d79bbf1,0.4617278094740487
c47c2a21153b6a1f,0.5159820342698395
bfb9e443051f5084,0.6300691602257589
13e9e8f4b111dd2d,0.6010598944811718
79dac29e34aae64a,0.5144679255308047
637d5441697a35b9,0.49813225374493064
ef5b7896b7d8055e,0.44575136283518435
558196227325e671,0.6047720025184886
139b27b3666ac409,0.5771478638418238
0b84fd43067a2a98,0.480271062087274
62768b85ee941128,0.5070262389414786
a3854d02f2ce3e48,0.4381610549286534
1832fbc9377343a9,0.49810872566039466
86c5192402d0c356,0.5027360431660497
73adddc58260a43a,0.4869241939214286
f8e5197db5a07862,0.523484156317584
f61843fe4dad2b37,0.5477236274865098
b7ffe01924a8a643,0.5113755584879978
376847943221fe52,0.4356791677745583
c6110588683964ec,0.5584952930847601
4f5403188617a4f5,0.5948372687000991
f2402ac5e4b82384,0.540810385737615
8b65741246e44a07,0.49413463979391925
4efc22ed08024abf,0.5331301852992729
b86c54c1cc177665,0.49759792366858036
cd1b9c924ef23e0a,0.4907362500614407
82d69994141d17d5,0.45819525497331504
225f2a593d85b2a2,0.47521461358646366
2e3cbc9ba5bfe9b5,0.47683337093603706
3c61e0f3ecfbcc68,0.4436190351472813
131668321f53e053,0.4193449634306041
66d6d146e551cd65,0.6051491958310986
c454f03fa47fc958,0.4801825899031231
62213cab03819b25,0.49090045253286885
acf02d736173b071,0.48709365860171605
ffe05d04b6fea195,0.47004020803223234
0177b9708bbf2629,0.47981698844236
e98ab591982f38f3,0.4606577983987604
b06bc05474f5a944,0.5091771079284995
ddc1616416b4f286,0.5048117509043951
54477709ac64a6e3,0.5222225280538092
4639e73f0f086fed,0.536948517800713
f245dd725a3df314,0.5267876855991055
ee7f4c3225ae0dab,0.4520192553369561
68427f685e91a3d6,0.4687070481902804
fc2adec3e4458dc1,0.5131652032192641
e2da54f71092ee62,0.4832761374408209
6f4b7849a84d5bb7,0.4929014285467558
95d154443ef0d8a2,0.4426663390387283
1fa1f5ed76bb3d04,0.4540712503494785
fb96f4b22c4fe297,0.5423107027069687
ce8ed921c0922a4e,0.5653665913842085
f9094c3d0a2baaac,0.48049840335307537
bcc9ca89a25656a1,0.5352259333139096
00bc4e81b6bfb99f,0.44242149816019705
dbc6f3915aae2c86,0.5322641536658538
68d12871ca94be60,0.5335304350888441
f50c19ec7666f1c8,0.48457603183298703
ab1550b3e0cf82c9,0.437536622045013
05610cb36300df87,0.5268284810955438
2a57d7fd7b5fe27c,0.5487317922749968
1dc3fa2d6109343d,0.5605057137256445
6b6ae3880a477563,0.47179245635266565
cad168ce09beb97b,0.5514036957545241
dd822d2b30b89086,0.5308004070118229
cafc6cf96eb5463e,0.5393662992932111
953ccbdcd92351b8,0.5927304330280145
f17fc3abfddd645d,0.49377847693754906
d6e7194d83a9ca19,0.47184209212541184
a405790e4fd4c392,0.473516478464015
3ad1f6b0fea649f4,0.4713779302199963
712b2a97112e29a2,0.5151709100182416
9fd2900bec183a78,0.49957034386861543
1d279d9cfa14ba6d,0.43097640195574516
a1d5cf469f757911,0.5520849431104581
0875772202be4276,0.4337419530069997
2fbe7654688005d2,0.5321430678309922
a0c175998f0c89d6,0.4369242253882657
95dac94c0982e147,0.4766447361117223
db0a2d7bd3deb656,0.5097072568607427
761de0ea431badba,0.5169286922466921
1d0f1d9637d66571,0.45757217745806145
c87d6819cad7517c,0.5388332700141623
735a85ed69d38fdb,0.5088072340385454
aeed6a38f93575da,0.5392075083994047
52c8bcf714a076e8,0.4682084239068728
291a5a1833849fa2,0.5062278567949012
b743f9a1ba833229,0.4997956898785968
00eb9b02fc6d860a,0.5571878435981051
d676c879bfede677,0.6028986885109069
dc6342fd65cd8fef,0.46515210729939915
435ee45673bd56da,0.5083997166717737
b685311abba83a64,0.6411274281509625
0393d882a282dddc,0.5714938416506112
2b73f29228a00b7d,0.5149385736664234
95463b72e01397ce,0.4965045218913884
5dd1337eddeb1913,0.444080429847979
974c5dc749ca155a,0.608767226401847
a12bc07bbe7d2fce,0.5971141335974357
7f21565c9a9c8af5,0.47051702177547317
99867f8a52965d61,0.5236186533805762
bb4dd5e1f3eb155f,0.4268825418772255
5b3643ea027eaf06,0.498594775040592
3ff14195438cb442,0.5120259809205895
d198a6263423d5b2,0.4882869970359889
254e165c1303f3a7,0.5279390383594192
da21fde3d509a875,0.5573164433834857
9f425eae159da882,0.5096835062729892
53e6937fd54b71e7,0.4368632554332115
d20600d811e231b3,0.5523393713077844
d1dc5093ff756b58,0.5861364305084509
1e78ab5cdc11afb8,0.5468770928727984
11a1f00854fcfceb,0.49603625999864864
13862e2b1fa7cf49,0.5254676182845444
7f41723dbb906fae,0.4909380211838327
88510499a36889b6,0.5038575068162943
55f1e4063d150e0c,0.4632637085329214
7eceddadd96e655d,0.4613207103076995
6e7bfd9ed68bec1b,0.48080499016339007
420f7b7bb0965e9c,0.4699596876701535
0b960367bf40cba3,0.43698665909624745
ee494b2f854c7ba4,0.6044627932963114
6683688aa9633952,0.473571454915231
fceb75920a37a0c3,0.488836840934849
42f13438cdf46ab1,0.4833541122716758
49f7ced917a3bc8c,0.468176909914665
dbd4879a74528724,0.4701148635400805
174d08503a372c2c,0.4483486082103074
9c5eec2c318a9cea,0.5111826997333875
066a93a6db8ce70f,0.506641158496482
74e7cf580ff596d5,0.5363767599714477
0bd4443b07f88d15,0.5357773267390936
6282911943614f5a,0.5323867702147043
e4fef2e7931e9ee8,0.4469901749687728
a7af8e7fb3033a10,0.47050770739751235
65cc8ed079287f58,0.510913752488809
ddf68f1b641019cd,0.4820776491241696
8d32a97982c3ce57,0.49149573291963433
74a62d63e06afacc,0.4376102599447782
9ca4347579795c1c,0.46132711945228266
9baf4046c9835e21,0.5423731158679519
750f2d0a008eb348,0.5646342799025482
b9a62a7da1c4105d,0.5058646283047223
72afe21c3af1a772,0.5316426627662292
63dbe00f64bcc5e4,0.43541702551795247
6634c708846b224f,0.5314062591604484
912316787ebba47a,0.5251022875019296
be9df9b0ab8bb6b2,0.48049499980040933
0e3af11da94f1db6,0.43177665544266364
c1bd1d4815e260f5,0.523988368807434
c3b5fe44d56a479f,0.5525971481563944
e6cd7839c9d0834d,0.5465392530335451
70212792f3e43ba2,0.4779359639115037
a3cf3426739aec54,0.5543721015344211
bf91b722a2c0fef6,0.5212873095011786
03273b310f9adc50,0.5228781110476788
305eced789487591,0.5806047575551705
65e3c11258e7f5e5,0.48912314980969174
d4db2aa313019233,0.4521713995413754
73af6d673ea1036c,0.49058431515704126
49747f4e71fcb9ee,0.4711027644908261
e0f39cb6c8ecc362,0.5217111967434356
cfb60d19f47fb229,0.5044245176224682
2f473fc653a01e39,0.43469187217196625
0ed8d09be221617b,0.5574779787226879
21a68c2e18dd4f46,0.4346426447968621
1c877b8c286e96f3,0.5302620215101667
454dff1c3e5880bf,0.4421305635623458
f7a74fc695e2cd58,0.4711306809986504
2a9d933ceaa38f6d,0.5133009772369266
5ecffc58ecd17c19,0.5109350837019081
13854caa88c2841b,0.4677150490793516
1209f8f86eb55123,0.5367115930279572
988f86f38b9196d7,0.4970901795840552
75a7dfa63f05738a,0.5357489206777564
a9b48d10b134418a,0.4784196981246429
975e51b3ad7ad193,0.49852658272546635
26843af66cbc31d8,0.4961457861282861
4fa726900771b35d,0.554236692459463
0a530da3ddaefdb2,0.6075041677470071
63b1b05fb4d6f190,0.467374967065177
577f16b8f43a2dd2,0.5081516401366477
83b34792e76f9424,0.6398439634359268
c3f859bbfd9b9250,0.5736565759327941
cdb1f2ec22f99de3,0.5113513126881976
7adbb58c94a6dc52,0.4856673440212579
b18b78be78c9fada,0.4449994206444434
4bd6814914b019d1,0.6064263570999258
b9617b4272dba215,0.5863987328765622
647b81b3d1215790,0.4686357915387408
d2c67922c086d631,0.5262441470908102
317631c8e5de0db7,0.43441700801960315
336b6ef55ca70cc2,0.5000368874565642
13ab3ea407b56cb7,0.5123972340556805
33533b7880e430f7,0.4955072401012337
29299f35c48f6c85,0.525713051498906
1d3c38efab9f6aa4,0.5521316290838949
dd401d7db8b1c399,0.5126662631918513
6db4ed1e43b3c7d9,0.44285363607495376
e4c88a1c3a592948,0.5630428650072827
783d62526a0d87d8,0.5813950875854317
3acda09b5236100e,0.544659638104728
822057f978a2b266,0.4941614108477579
3db6a2b3f6fc47a2,0.5190094454717348
98089b0ae1582b88,0.4865942597375533
8934b59f249122a4,0.4997825651084318
a7c73b825e11aa9b,0.4660392626967652
f2c69ff152b15c13,0.46150743077084244
92ee30ed1f050066,0.4744782604413642
d3246a32c8ec8778,0.4714099386453685
8ccd200e3f857ae0,0.4423152231299732
7f51bf109fac212f,0.6063914149433056
abb8d5067caac223,0.47645148413446403
f2ab7384f4c4d664,0.4901066625103676
5dd1d5ffb976029b,0.47583726735725973
631db214e9e59422,0.4682670486064481
9495bc04d9baa1d0,0.47522671923285853
8960a3c5984e687e,0.44682281492525644
6badcff5d51787a9,0.5107493174855884
5b5fac563aee826e,0.5140274848664785
b493991381742e1c,0.5284418017289766
86588dd3984ad381,0.5391263093575096
1fc7535a3b5ace9c,0.5378271633182901
68b4093dffa6ee10,0.44819797603082256
83e8885e17abd350,0.47160593430250697
9709e59689825ed2,0.5123109778759907
5b2c167e8bd0bc06,0.48658962525891525
095db50b2b734728,0.4896324236665699
2f320614fef11c9e,0.43874330041174336
c299343b000314e2,0.4648682427863329
908109904460b781,0.5399856292589182
69cd30f6af728c8b,0.5706380237839416
bbf4fd1911c7b817,0.5151828070551732
d5f61b54b9717227,0.5306314367423373
a01eaa6674f47cc4,0.43836976888181844
457dffcbf875dbe3,0.519624910260241
cb6549e15b17ebda,0.5195992361538081
3209467442606ddb,0.4745070566186367
cc467bf39f5e834f,0.4394079952828419
f18237b723729b30,0.5313599653218638
5072b09acaa44cb1,0.553937474951209
dda26552c07e1d5c,0.5515627941871549
e7549e6f4cd63447,0.47129354427649983
435a570fe8ecc05a,0.5569374445530922
55a724f0b4f7f5ea,0.5210263686369332
c83c38de4b73195c,0.5274185052216049
32620c3698838834,0.588136247788136
8bbe2e9af43eee0b,0.48112692179480465
f0dfd7d6880100cf,0.4485137266048165
04139e0836a0e38f,0.48732739242670386
c936202d72eeb1b8,0.4713800362838454
386d39960d9e2c54,0.5277312591098644
cb78fa32b51a7cc4,0.5053630738161533
51dcf4e32126a884,0.4369896891618894
a0ebd9ad57f09dfd,0.5554892694843729
ad233dcce1604257,0.4328912215809898
35a6b236ee64b3b6,0.5275164672307221
206ad57affdcdced,0.4398334735498055
6faa2e0b06c25a24,0.4748718865329612
a83dfc90b005525b,0.5180276174347853
a20cb377306a9ef0,0.5110219630635676
5e15696291a6cf0d,0.4688512915920524
cdd8789919fdecfa,0.5333794332229771
308afc3169d17b8d,0.4988879011113223
404c78518d48711c,0.5393230363864422
87a7faa4c972a3b8,0.4854628623023278
30da660e329cf0ae,0.5135615374905711
c80c102631260333,0.4959185184024535
27efec3d170f3742,0.5574640358025696
105ab5bc1f8446c5,0.6043666803645128
6e006c7447367e6e,0.4640114670304418
6ca4fe166306114d,0.5082366337885855
6c5a899eee83a94b,0.619942354524199
b2ddd02627d63e15,0.5696750514625784
912a8a49aaecacb0,0.5073469298603722
a86d25d6a5363f0e,0.47874753518584257
f9d13369ef69bcc0,0.4516358349867311
db65ed772afa2fa8,0.6039052897411163
19e93a93575487f2,0.5925344700721873
f7bea03b8bd1fdb3,0.4667594879877093
af3231b32cf01f5f,0.5172812469521014
3adf1e361c63aa54,0.4349075270815075
4bb7ea7b938382eb,0.492547486175562
e9ce0762aa7789e4,0.5031810543051658
e84b03be0269203b,0.4935752432157854
fbdec53b079d94bc,0.5212763200574796
48f12825049f3f60,0.54407231716103
f735867266940786,0.501506955120103
9e674bc8b777a9f0,0.45285217285129753
15077f8ced8bd722,0.5569473700371259
77b3e54c7621811e,0.5765657758967455
b8ebd71f32e5edb6,0.548124586315446
02a7b2677acf1664,0.49201494273703195
cc5e6fbfa0804b22,0.5220449244106896
0c8a5c38f9371c9b,0.49411422915443715
5d92a3dd92cb496d,0.4984085381231498
5576bd29e39d8edf,0.4606979316165345
062420d6959055cd,0.4632787892818697
9e03a8d669015977,0.4770971980184884
764e5dd6a16996ad,0.4585175030914187
5cb71a8b82c067ab,0.4343130121655634
30de957d0715795f,0.5940336317705035
84c6219c32db9922,0.4849643339809553
1915fe3c768a5cd8,0.49229581539295486
92a70837234f277d,0.47899579749503174
5e9f7e61d46ec182,0.46254278233849766
466bd5bc61352991,0.4786755201574906
80bf2527342e812a,0.46002839769178294
53863e111b7bb066,0.5066871366820038
3ccbf0f5fd15b99b,0.5062679476101091
9c0d33911acec69f,0.5233762272183053
1979bfc5e3a3355c,0.5403543220084008
fffe3566adb17360,0.5321141421079639
46c09472b3cdbbad,0.44556212385485994
7a82822970c677ca,0.47256127180270435
c0a05a7832a5585f,0.5179758420238405
0ed9026fb8d35327,0.4926063387393289
6a81c89c29f9ba25,0.4871972373112442
e2fc4f124da90ce6,0.45157164023081
e9912aa1e322da09,0.4559901745658028
3a018ac02878e81f,0.5534960272177993
afe25efe45236279,0.5681452246858907
53a884eafe62a9c2,0.5067084653467789
a5b4f6af5b07b446,0.5274743408478072
9bc62fd9cdc082a2,0.439199088373439
caf1638d76d7e52a,0.5169722011445863
af38343d1a6f5d02,0.5219464415705907
80214ec305886b74,0.47827177248043307
8f3fe2cbf734468a,0.44048161961217647
6b63f4e68bbce942,0.5301523090201321
97029a59a71164a8,0.541288545902301
af8d1149d6439c2e,0.5540823179425798
a0c61464a9f79dcf,0.46657452276686107
877af872fc0b8976,0.5528321750441962
6ee2652e777bc169,0.5303330986454892
0407bcf5cbd9fd79,0.5276654073518205
44cf9b244bc35130,0.5964394174163272
b25afda5815dd8cf,0.49386077006041096
0b742c1835211c98,0.4500438248548828
2879534c1952506b,0.4848883428610654
10ce9e2bf0816eb8,0.47519889596307907
bca7d66e9bd94f0f,0.5132218088261934
3abde9d7978123c8,0.5086518391699928
1475f979d1ffc891,0.43961666492853624
16df3fc73c13fa5a,0.5535435223304729
eadd784f33ca9109,0.4419096701340952
5d451df517e14023,0.5326620010849419
95a82e588a75689b,0.4466625294312685
e0051ac2420fd32d,0.4694924214943539
688c1f79ebc726cb,0.5145288124492775
f6a8bd37a7f6afec,0.5238653318876448
af96788f7d884043,0.4738340269670136
6692ba8c4e6ba59a,0.5355366708725404
e54d575065085643,0.4928146105636908
be173ef509d8b20d,0.5355381693594793
7ba41e532706e986,0.47943669866657146
0e43b877189bfeb5,0.515117280739172
56bc28d29267ea85,0.4863760703695864
dacf4565da055faf,0.5498556136733146
4d49ae3193ff1c99,0.6090091474887186
cf70c438ad5c3180,0.4637448838071967
c8fa3df3d571f354,0.5104272839710091
1622bdf0169aa344,0.6149743950088873
d1908df05c20626b,0.5856172567101704
401053ebc0033b0c,0.5039444428582184
08c81dc6a6c9cbfc,0.4774655429285066
699b6e42279502dd,0.4490420323937302
9a950751314ba5b9,0.5957742891368123
b0eb7c46dd26af66,0.5975570337351876
45656ac69d0adf58,0.46858643520638
dd1cf2c31450bd80,0.5111065167588982
83926c5ed393579e,0.43568731548308315
f71498f5b2feba2e,0.4989891687647511
97e26ecd05af6e26,0.4981817051574502
6f7e867a8af5c633,0.48756210208710016
24a5c7b6bde5aad5,0.5195124592787478
2d14ceb0c1ff7024,0.542649094477834
cc946bcaac3c256d,0.49633116794286813
e76eb57a34846ba0,0.4549436524174775
827651775826a5c8,0.5494332509514361
05234f73bb71ea1e,0.5743277078351516
218561193c14b473,0.5534925865372464
3cbf96e1df77b892,0.49636093260422
a7367bd5f34203cb,0.5230578172394714
816a72b4a8f2f991,0.5010709691974466
91a61466e51c1048,0.49487429624325097
cb8ed2b4fb3a6b9f,0.4578368153511818
c6ab23f581cf3eb8,0.4664704941853256
9211eb09f4048317,0.47101649618712593
a8ee8b70237ed656,0.45931139643453234
7fabcae608ee765c,0.451022577753283
a1bd9520af8267ce,0.5925875232982288
6612f7505ec9052d,0.4783980690512205
4302336bb06d6f07,0.4899677333493
9d0689d76b4bbe29,0.47474047666271124
57cda47ac3c3ead9,0.46573783586488426
dc91cb8cc9fdce07,0.4725866094933
ee68662ef0544a7c,0.45110813288339546
83b9514305460d2a,0.5030313137827958
424f3ed2e94ba883,0.5055335761569648
5c39f4d740652d2d,0.5255066518086499
2339cbfcbef74792,0.5401198694242813
7cf4205d2bb605a8,0.5367038427072188
765fa56e2c8f10b7,0.4416462353823801
b5306e241d0ac82a,0.47612316492334883
e0dac87e130c17c8,0.5274165703747045
277da34405e6e0c9,0.476304746088823
4b429ae513dceb39,0.48878218499639425
1a15046779d9d24a,0.4424033484187544
6e83659039eb52fc,0.4432017302472213
6c425d69247627ee,0.5491347700453503
b12b4da166644082,0.5672406498415179
38bc7751416afdec,0.5059549647780085
885336b61ffbcba6,0.5341377983783038
5b53fbe36d9ff976,0.451016260672886
72292928dc3688f9,0.5183852673719118
3dea635e47933246,0.5278396182640668
86b0839919e6c412,0.471262310093997
8672a07da339b1bc,0.4381794186399943
4aef8a0b02e205e8,0.5299099173242527
45280a295d8a4b14,0.5468148080325286
eb079a63e99c9d52,0.557135585016742
7612531ff81f1ccf,0.47042332339474147
a0b6cad04d91f5e6,0.5573270407414507
0e0a0ede6df87270,0.5288641174365832
1a5226eab3c99cb6,0.534235529108763
1b14c32f97bbb2a2,0.601452378603078
ab75440c131edc45,0.4924483359242914
70436b7fdd40cc0e,0.4548789317392471
37d8da58b0984367,0.46752587030859616
b054beff47b3fb28,0.47879914726006256
25dd25df0d760d43,0.5084004622428673
2fa3f2d6131fd2df,0.49424673154599774
667b4bf4dfd38ede,0.44166912309044304
d0099e1fef48f2d5,0.5584207523296727
d44d97f1ebb429b3,0.43811750447812536
3b06771bb910b09a,0.5352738371854041
5f7a714d9130cc0f,0.43812478112831243
9960f46433dbbb88,0.47562389430955987
f4a28c8929bba9c0,0.5149164974208399
38a89ca248a50da5,0.5242660089736172
2bff31ec349bbd2c,0.46330854691118095
5828772ff6161e5d,0.5367704761252433
219fb8922ccf7d97,0.50475220530763
3a60bc3ada66e096,0.539415827433359
ee229ade133d6f26,0.4823461376467717
0689ef428aa25031,0.5105429424003217
38be9950d206b31c,0.4814378826583873
3cdc8906622bf173,0.5475646330548279
72a861925ceb86a5,0.610369210680434
453db446a7cb0cba,0.4664077444538771
f236a44a8e04d7bb,0.5131433832958017
ef7d3adce64c1295,0.6198421327032794
f67c861da80aba26,0.5853355501021364
2785772543ee65fe,0.5037736986092793
4549a3ce9d5f9eba,0.48439136734996613
1442408ae63f61e6,0.445324696872873
585b2c4612f6b6d2,0.5984397194544893
cd4c932ecf29e0e1,0.6039252395379355
f4910b0f97c06737,0.47718458605286906
19b3b434dde80048,0.5057521125594598
7b8a196bc09e1933,0.43247350675306007
e7e904cc222d6292,0.5012629594448562
ab845a1251010009,0.5010149337829083
fbf952e37ba7b21c,0.4861824197674369
45d44d1516435902,0.5239113763940855
3f00e7de0cbfaa9f,0.5449510982580288
c2cb27256045e7f6,0.5033839267039588
ec94e2cd2858bb75,0.46215409696395837
68306a4e8fbff59c,0.5500023716791991
ebba360befab8cea,0.5669280766847872
8f50890dabffed50,0.5488315525540033
88e7b69cc8b12cc6,0.493650015684581
f20ea8a551f02c68,0.5156802050019075
eb2cf5d448d40109,0.49715691655531624
2b04cf9e44561ef6,0.5016507702615621
08559119af0dc1d1,0.45895036379399
6f045c5846a74d59,0.4713470025673392
aa6ea3d57a2b857a,0.4714819115698452
790b22dfc5e4303f,0.46695356249906905
025ad1b271516301,0.44094107891204626
0258b774f29bebc5,0.5826059643606205
8972a3dbf51726ac,0.49519657718235544
157f5743e42cc8a4,0.49525188029400746
540efa87b3092e46,0.46983514297251916
4a7bd8f951eeeed5,0.4666276567577856
7cb9ffcb4f2a563b,0.471045094725546
172348d6f53e8b7f,0.45615963055274866
3ce7daab401e0502,0.49997333062713145
94c58b37307334bc,0.4988191041280692
2ab1b859ddcaaa57,0.5246072016155124
2eaebbb50ae9e54e,0.5319030835725316
bb3770c2c3babe4f,0.5389465421921652
3095d3f6d4615033,0.4452967402254798
39d9f94462687797,0.468534184068522
147a9d553a0a6398,0.5151219864910324
495b4d0cc60c6c70,0.47137535240546646
e27117cddfde5d42,0.49086298519881466
6a17cf2fdb76b0af,0.43382895759847095
6c0b8b6900469bd0,0.4428260642242291
7d14edabc032f1d2,0.5439298687517934
28ab4d35b68f1d9a,0.5669567858227669
3d56b1ac954302c1,0.509756963057324
907e01690af920bc,0.5280236155896528
6b32c27f29850a50,0.43911227427251165
075f4333cc64de16,0.5195226499943895
56f25b42853f3d28,0.5311484495251126
176537ff82fb9b1b,0.4691851991346583
b658500548c7935d,0.44148829644221776
22eb249848b2493d,0.5310497763660195
44ed69dd9b066482,0.5542859977349358
4c880f9731804fde,0.5554723651131386
2f59b853c37d09d3,0.47386216915723
fd79b3861970d1a6,0.5561333168134309
008a9874b36766dd,0.5261991255768859
c3b41879269d09ba,0.5280421887982967
d2b471c9d8cd45d4,0.5867330110897329
adc752366fa4d4a3,0.4936444489632489
ad46c2ad40b439e7,0.44898326867784943
5f4090d4680af7d0,0.45585687394087215
2ed936338eb181b3,0.48809808718418957
ec2338d2c799d94e,0.5074333181684584
e7751bb74c6275a9,0.4987829734835356
dfbd4709882b19d6,0.4497738354056484
5c6cecc8e37ba23d,0.5575310462932253
121e5ced2284d673,0.44502194026279296
5f0b8ab99a00c367,0.5288162683146621
9332a71876870f22,0.44613523935965205
f2bdede27fab3fda,0.47584242976442503
30c4261c278dce10,0.5058214613394657
77c214e339b12445,0.5345994103828746
777f34903d30db93,0.4570751225917018
98327a688c3dbab8,0.543640390307354
b004147cc051242b,0.5063094655742999
dd89898cc08099ad,0.5367907967927381
06f131d94ce110ea,0.47313224415202004
e64cc5a35b46976e,0.5233110067149589
45728babc0288b5f,0.4829019107793663
e40d052bf3f6b2a0,0.5509792131323338
cb1edd3cfd3ee1d6,0.5917044728415295
8e3afb1e3081f06e,0.4773640255813464
858482e672eafa50,0.5056675342099473
f966b95203b34817,0.6255910960327222
28f25cc6d0cb49e5,0.586852802436443
744d88f509c91a23,0.5029489556456048
6ab8faada36f0272,0.4969853516479126
36727c55c4910886,0.4538240599611678
84af7f610d866394,0.5886580579393318
cba9fc5a83f14c56,0.5935219320841012
a87b810fd173af75,0.4762846554215221
2f137f98b5a1d585,0.5106103692837984
f3dce2f7e72f1032,0.4408076864673829
728a087defecf9cc,0.5027813507430392
4524aa0d24c7d463,0.4994003671257712
e9873f06c84db3d3,0.4837659618003418
d0d70f8e918c2b50,0.5364623798288348
165052a9e80714d0,0.5408380016681515
e0531075e81c5f08,0.5023772465666988
ae05381f3c112c58,0.45587242752259405
20bd3d891d5d43cd,0.5468193407812584
db27a8b87bc6ec24,0.5749791207191461
5e58e85ea97b4817,0.5401155272106584
1c2b1cfc38158c88,0.49419183510715636
837aaa1e8196dae6,0.5229198246659593
862b4663ae542350,0.5139225488704724
3f0e3b487a48f1ec,0.49677978042280646
0debed34a18a4e56,0.4680317385401558
3d4762a0503315fe,0.47227990081079496
7848c7d8d5d2eaaa,0.46373834799975255
4208c1ed710c1972,0.457148073527206
6b9aa7172a89f82e,0.4560672795430506
668d4eeaaaad832c,0.5754217759857756
554b84f2f9cbf455,0.4913966813981887
feb0beb48ffe4720,0.4837572314715054
2e097c6abf006418,0.46666827986671144
76d99d899463a667,0.476314298888596
6a0675c22212d6cb,0.4674036471279015
ff8fc6095de0169c,0.4548943867587062
95395c536c10610d,0.5038813123312806
a46cc1199ca52338,0.5062406026336164
47246947ec6134b5,0.5275538280437635
31915a17a99bee8f,0.5343698713337551
23ac8e5d699999cb,0.5253175279591824
cf39e30fde9d62be,0.4467837063739115
c0cbc6d6650ac755,0.46657625819484805
c6cb88228baedd1c,0.5083120379249357
0537873b124e55cd,0.48737574173134435
235bc378298c9b00,0.49618795180383124
99642291ce357bb4,0.4447220149551402
5af0fc91a7f326d3,0.45681909141720944
6278303d1da74121,0.5439689472095672
a5ab71270d59abc1,0.5572097914670462
e038e2b0fefcc9e5,0.49631002910929656
1aa2b36327d037e7,0.5037604009525678
b1c22dd2bde5de9a,0.44418768654382923
e58d95c13ec150bf,0.5222356732054656
807db7b7e2e05f2f,0.5353933219179755
9c02da7608ca6f9c,0.4685605925733958
18fcb36c42260bb4,0.43288992288652506
b39eb06acb560a53,0.5157441579569966
c2666179eb2c2608,0.5530582154703474
24f15522c22d830e,0.5534570271541877
3c5fb2dd8c238564,0.4605766920032459
729869d935ca5c60,0.5446637688963702
739c36d26ccd0c02,0.5213591375974382
fcdbcf2e806f1050,0.5291295659446191
8aa0486bbc4cf426,0.59327090213701
9fe5c44247b307b1,0.49671980458496545
5017cd369a8b5a12,0.4606083309699649
7fa59ddc638fda3d,0.464472841627654
ae1816d0ffa099ed,0.47799090352353346
210cd62f3368f986,0.4979195468966524
338b7d5526ad6290,0.5036053441659347
0688eb7963d92481,0.45263700195242706
cfb9fb6058efaf48,0.541976167382685
6b89971ba4498c5e,0.4394168007715251
88f5ea0ad53438b1,0.5231349255805262
da759fb05663faf1,0.44214499143804065
0fa231745840efdb,0.47643214974284487
faf6c2de0cd2a0f1,0.5073396729857687
702cc034d1b1ffd8,0.5151418517503814
c7499d7b3608bb05,0.4650950592661174
e962a86b91fba9bd,0.5454522826454172
4bc64488971b2289,0.5043991637564664
44cb95d3a6ce9d30,0.5342088282870885
6d2e952399cf9fba,0.47649668996526773
e0b4ac6adbedb61c,0.5192704959802803
07fcdcc8503b86f1,0.4917285517661205
3723012b5875434c,0.5543458150470791
ef182b03b45f24b8,0.5892600597489887
ce24aa324173348d,0.47828118079378856
fb2b4827b215faee,0.5148705849359788
189574f5876474de,0.6116159959949808
9f558941e6a03b77,0.5830292482377174
c706840e208edffe,0.5019020043686512
f4a11dc5fed9a663,0.4987446171768497
3678667d156c9ca8,0.45731150036351265
36df966ecb736789,0.5877360083125833
9bcacdc42eb2f649,0.5887588761813076
c4670e34c7ec7f6f,0.4689748674465477
ebb959070574856c,0.49337197260534094
c7fa477dc64ea1c3,0.4391608996236239
141351526c5e4487,0.5085159358308902
3bd610956aa9069e,0.4951253271573146
918ca4cad8b35f89,0.4818430953770727
392e10b6ecfff409,0.5321607719134657
255bd21a5585c994,0.5376524826919427
2b2180df8a1cef5a,0.5051066314843482
54092bc1d808c4b2,0.456960323540502
1580b05daf7596eb,0.5463196969839076
d8f0c44f5609b641,0.5821252844379116
7e8614fba39976df,0.5433260386244179
3054090929d52aca,0.4792299003021956
cf88dab4670e358f,0.5178856507584191
38959157ccd6951b,0.4971665765332062
2379ca0b99f0a63e,0.5021960493048148
a52477b19476d785,0.46706300243866505
a705cc3b8e427a7b,0.47032925202715026
5093f313da774dd8,0.463069151512872
9375eb0d0abc33cb,0.46264819017836956
e839a297fe3a5421,0.4551892648953604
a1f3f1fc9ab48f95,0.5760990563357523
cc1dc7777ad2fa93,0.48709570298474913
e39ee02372d106f7,0.47908104665043894
52badfcc0a903e77,0.46471848827832374
0f255bf6c8d2c058,0.4729881377326901
3ef57e133264c83d,0.4682111806320606
f3bd8026d844c899,0.4589238190834254
1dd387ffce45222d,0.49909458116009364
91352e289ac5223a,0.5028908962300159
4f69d3ac9a675122,0.5201575068362022
15c4ed74948a06de,0.5269254834067957
71f79eaefdfe7267,0.5294960347450642
1a2cd0655f31f94e,0.45662048510419684
69c3fb2fca042675,0.45613699630162285
2ea94a586279cd81,0.5076083960578253
f9a7226dd491b4ad,0.4859390349241559
f2f1620868c79fd3,0.5010479453644276
f9c2061046a530a0,0.44559536032895797
5b87e23eeccb436e,0.4634089692854264
ab152862b2579892,0.5365496119166099
4b43f262a09254f8,0.5565842906103112
b41987bbdc61f3ef,0.49504959832419804
cbb74c40decd0c8d,0.5242245200064544
0294672eea20c014,0.44186355590530924
4cf30b4b6920bfad,0.517651179472921
05a9dc1bbd160b90,0.5338372409281775
1940bce42b4306c8,0.4665936655509193
984386d51719fc48,0.44662761982399424
0f64ab3eb0510c4b,0.5183447068009825
9c21db14d86d42f3,0.5464513588869568
748803ea1ea40dab,0.538518193993281
7f6cca71e9942643,0.4683862749127332
62c8fb7080d14afa,0.5410405801014073
f3e3a9c0064a54dc,0.5129969013798887
d07204be780bf8fe,0.5201369198926065
68f8144c5a80a8a5,0.5834997969905266
99727a73f7edf9e9,0.4871396965400794
8fa034233ecca011,0.4614031384811561
61b9e26d360b5db3,0.45933327625771425
ceec5567195963c3,0.4846540598067366
2b726552a5800c53,0.5066219874548159
7540de9763af8e36,0.5019382192241857
33b4142277e448d0,0.45072966251940283
381b9c00ae9c990d,0.5483027056066501
7df94b2c633bd84c,0.4423394230574107
2888be1cf8afc4de,0.526000883075757
f11f4f9d44c6dc1b,0.4424799059621134
8d04e54def470e1f,0.4833650731262813
529fa4c490065de8,0.5158329188676543
854ead74689385dd,0.5133507888522257
eacd38bd77f102e1,0.465467830013917
c8cfcbbc5369c0f7,0.5393895481463926
23114787740b61b6,0.5031668026032449
6fa23c9d61e59775,0.5112288470051175
244964a8cb730593,0.4763559095732207
4de33210597bbad6,0.5173529192287059
ec018d0be62844d6,0.4878690230113403
47966a758e141b84,0.5494061781343945
a0971d92ef9509b8,0.594917299230666
84f2d5261f3a492b,0.4770386005890932
d75b15c42b824de3,0.5173476833902702
1b6ca29e4d3a7881,0.6160341021480558
2d250debd3ba6af6,0.5781638651659273
b4b827b898af64c3,0.4990816626636072
3d7bc8cf6d451f23,0.4996086466474038
36e331044b4ce6b6,0.4539915889067363
418ff57a0667f046,0.5906661018205082
e5b66ff03e2ff880,0.5800708298808357
e377847397b16671,0.47105095718177914
0ecb167c141366d6,0.4918152941434676
dc6d2f656669979b,0.4408081955712473
f764cc7618d66cdc,0.5107107235404542
d1115ff27fddefdf,0.49648291075616935
8a917df5153b0009,0.4769645916792903
f7db8a6ec261815f,0.5233002987482192
6b8074f403133184,0.5415884796771666
88167794f0e61e40,0.5116105926321198
72899afe575b5c47,0.4563134086266538
b204d68b94ebaaff,0.547215023612825
1bcfe0b8c1cbf218,0.5681476315977633
33a0482f8461272d,0.5441102678533578
4b129bc628b3c274,0.4980754686238007
bc4bcc2c84728a87,0.5155825327552038
a4d830f02b813e08,0.4941303171548329
ec64ab3238e8e48a,0.5031776945384956
4187acca96db3f24,0.4655301513752568
a721d615f88ad84b,0.5002658923855128
3f7b01336895a886,0.4633635399773488
b69ccc8b491b3b01,0.4587173769620453
d786b48ba9fd0d38,0.4602186770572829
feeb918656df826b,0.5757825157093457
4652e8ce20d2f519,0.4978735827069629
948d8b2fc6d36c3c,0.4899056547411127
12f7ccc69c514df8,0.4669641883899951
1426345444bfd269,0.46861431891223726
d2ce46d1253fdd23,0.47305688038326243
097adf4ea9a002d3,0.46009425502617074
2a3e7e63cb83e3b9,0.5110026540647268
13fb2b3994bc79b7,0.502694410632573
2720bd13de3c8dea,0.5268699774737787
c920c1986be01c9a,0.5268350858142692
48923cfbbe6c4103,0.5356951070789375
6635b9027e9c04d6,0.43819421347608156
4c466c3e5ca63a50,0.4689409847342607
5d9a09b81030c317,0.5057279974740079
5dd2d46c43cfed56,0.4970534721220483
942f9db796c00e91,0.5011707513907294
7cfa35ea92f4abe6,0.4500489824912367
4a203d26bd9f520d,0.47097032816664275
28252bbf362f874e,0.5374597671314028
541811a86367557d,0.5563271462689487
efd52f98926461af,0.4834538199816725
56814c9b93c7499e,0.5280847116573388
9d3a1e2027b27896,0.4455911132257798
38a8a2b4ad2addd6,0.5112061347115565
c711c5d530e75b32,0.5366997261398745
3ebc6382db2c74b6,0.47069146649009375
467fbf9e38b1d039,0.43837138375977336
2c64a88c001cfa52,0.5067549075754337
7bae75479ac43aa3,0.5474665106082787
b6905847a863d4d7,0.5313286593696166
1e7e72301e66dc43,0.47984608983621524
5d6775a89cff6895,0.5482755145695488
611b558e67fe958e,0.518039387671373
0f79da76bbe01808,0.5334817021729973
ed33c4c590f3e9db,0.5893783511887457
a0ce439dc5d7476d,0.49618461811587455
1c25ca5a3561da4d,0.4933703038521857
b74cea8a7f23f5a6,0.4676544434537391
238c949222404710,0.48197695199124424
a0ed9b66c5fa11b7,0.4924302558660041
577d6166000c0d51,0.5076636171734471
039013d655d2c895,0.44812162965169344
69fb64eaf7c1fcd6,0.5202103376543136
683c7c17c9782f82,0.4589183594016675
0c988d036330657e,0.5174511477388709
694da16dc1dbe6d6,0.44983262377451005
99a36bc793204c7f,0.4703327034445888
84e19eeec8b3601f,0.5174479917333927
eb808305c7d20a85,0.5056540000360625
a4a8ed806f6d6748,0.4750647738121687
3c0c256a92d79328,0.53725526645542
78d8241d4aa7d7d5,0.5010283934540941
4bf645e6af9ef248,0.5092410350414132
09da473c393f2cf2,0.4684380015253322
e7ddcf2a429d4d4d,0.5119140601265604
81bda9b65c0a4921,0.5033818918336245
82277fa7d3fbbd73,0.5379267193298609
8b694355b6b1e96c,0.5927890457312404
27b5a991d3d659d7,0.47724403151635997
ce42141704aba55d,0.5194044257927714
b839a033f227715f,0.5937000846205464
7e1c5a3db74546ac,0.5773565136455021
6d0ef669ade56598,0.4945456789705961
19a82cc8eb332785,0.4976502525061265
7afc4cd6a2d1fb15,0.4524278728261206
46a33f93d47034f9,0.5987985384679276
aab4152a8ce6707e,0.5929390781503348
f6162c04e74fc65b,0.4684003627012616
a4cadda41fccbf44,0.4919475353708327
2c47460d23922395,0.45017398469518943
3c7a7c9ea22e45b7,0.4914521152915732
8da1e83a7250b9d0,0.48709934372806263
9f961f4e1b604beb,0.4730068369725058
bc05a88ece4abd11,0.5152334038823031
3847b40cacbe05eb,0.5399075400049902
356a876339497d41,0.4991333960326708
a49642d980befda6,0.4493420171607938
6a6a9931604e09d0,0.5368697223006377
6e7b05618829c9bb,0.5818922124656734
11541ebe03c6d071,0.5428599403480532
c1b1a30120f91139,0.4855375181956798
c47abccf6712efe4,0.5287535948981299
7dc729c85fc7b81f,0.48937025477480034
d2522f9dc96f8bdc,0.4921564328554523
c46c045d161e1eb6,0.4690788574770627
34855d5b54b69763,0.4928015392381686
df4d79ade03ee166,0.46493706838279225
35b24dc2f41ae4c9,0.46739731198579926
5e92bbba1b67b7f2,0.44508318866236896
55e066d9e7516851,0.5767043766454405
e9aa28de231df517,0.4923073268124787
f16d6ae0ff3e0324,0.4773894535611053
6802fdb52708093f,0.47584394334420566
72df096b304fd81c,0.4734961604340967
7a5155cf9fc1a53c,0.490605919428043
37d6b3de3870ebda,0.4702827747669944
cd682e985512155b,0.5192424451723556
f9c821850b0c05f0,0.505690122436678
88af7b7224bf36ac,0.536595939575624
7f17e56209bffe11,0.5418368559132968
09d62b9f8215c9f4,0.5430102311004991
d2c36a006ad09dab,0.4501102556362824
e71d447cf736919e,0.4804777433185099
3636bf71627bcb6a,0.5202810285450783
d26b1b78a422b77e,0.5115013432302506
a1a47cd2d429785f,0.49318656750218204
45f857aaae6def87,0.46814886055063165
44f42a39cce5b960,0.4376744801246406
c67eb7c322ba79ff,0.550035776374793
a802aeaaaf9fcd72,0.5618092930515484
9fe53c4621991cee,0.49937872460743526
91ec0a1782266caa,0.5256546061185713
87c0bda7db58aea6,0.465756477961925
e23cb07e376a5340,0.4982983943724073
78342582ac07fb60,0.5005918239136603
3261f711cf4f79e6,0.4728584072489277
46541b8a42357081,0.46268598789123827
b5745f4bff24e324,0.5140882411415225
b2b42fdc86c19b61,0.5285119847838804
3b558ac8c5a0bee9,0.5272646955563915
df18057766d3fe55,0.47223879783477996
dbb7bc56f4795b79,0.5310227000185285
f542ae8032d9c9a1,0.5245299502246895
4343daf7750cfcbd,0.5131475448352371
5b3eeadc6dfdc88d,0.6002039895549316
74a8f2cc24c7ed9a,0.5035005075659515
d486f25b29745b3c,0.48857812393194733
807949321655fdb1,0.46573729247178886
58b69c7614cd0972,0.4877197804976323
1a278f065638c12c,0.49376739971690975
c820ca5820d4ca8c,0.49860420905778613
c27b313a99873d8f,0.44035412264044016
1be13c721e8e489b,0.5384520259436134
cc6aa3225f56e486,0.4627638457666221
a9cd81eef9bc72e2,0.5219421299866671
6786c97132875b9d,0.45524247701377885
f1a9767219c7830d,0.4685980215460468
adba14cdb634d677,0.522209493168402
c29261fda9aa2a81,0.5032570437963821
082dced3caefc31d,0.47259817254380576
d8a0a43e8cbdb64b,0.5469664461512754
a87fd79ce4a29681,0.5283713851948708
1bfc1c2cac82153f,0.5224137428804851
c04fccafe78e99a2,0.4887158960598472
ddbef53850070e64,0.5229373552287023
a3d34ba227eba399,0.5053888266029458
ae98bf2f057ec01e,0.5430531348324509
710bcf2d769f67a0,0.5936082185292537
15074e338b249007,0.4775025184279009
8ac3876f9650066f,0.5154184097962499
529c9188b453274a,0.5934521100846997
6dc1fd1281eae8c1,0.5817044303398344
89822bc3ad724602,0.48323395577351236
026510ed628a3ac7,0.5017365343182218
cc3772a86bfaa259,0.44343995678049075
91f1b78c9d4ad4ab,0.5987664116758782
829f9c489ca82042,0.5971063071779386
d4958fb24d015e5b,0.4711900149196723
e6ce3d73f0cb80b3,0.5020653085649799
f011d29356eea854,0.447490663103264
eada10ace192c2c4,0.49346053925325284
7661cac02ab049f4,0.49556613267234884
57f24f0d3385e2cc,0.47192394084468403
3de950e882724c9a,0.5157577280159049
590b5fc41a417bef,0.5370302566761715
9b0eef194d89e589,0.5029399193296556
7cd57dfe2dcd8789,0.45897117399964305
32ee08493438730f,0.5512000874737745
e8110bb5e017d6e7,0.5783719085482643
e7336733dddd2172,0.5343682733573146
2cfcd327cedb1843,0.4883069684564083
bef2dafc5f9491ee,0.5242523493533914
3b02afa18121257a,0.4832305601115584
a74f5719aa18e182,0.488905476908714
ab17cd004ea9967f,0.45770400900144914
d8c753c986f40f7c,0.49787594171248306
6136d9cf72f36a35,0.46911071016116157
e8dd8c274d32cc11,0.4551970077520183
1c38dc4db960fd8a,0.4398718089951579
c0e7b3a1ec5749b0,0.5721777894556048
ed9ddc7e8090d54f,0.4894068190620282
b35c9fe0c19df2d6,0.4729997365935166
f710f0cf64aee633,0.47888355139614713
6e8f6b96c2e011b7,0.47697923147358445
c2250114b6626a6a,0.4844340463919161
9e18b2ba8b957c8f,0.47370300864647275
d57a5cb7363717d6,0.5213382698533394
e14bcc0dce169de1,0.5127131934121476
2a86894aef57842f,0.531164142705147
03332d78e9d397f4,0.5380255987395786
d002cc5e162f744b,0.536644912923212
dbba761a05b18175,0.45976487303205715
9fce23f9bc69304e,0.4760494340115595
5d762732482929cd,0.5138066269259364
6540888d3ccb40df,0.5006271704453311
834f79189670f9a6,0.4808711385617527
0ad4dbadbb38e407,0.45854564010328325
f36f38c33cc85b54,0.44508535635265334
7d6315ca69eb7906,0.5459642204187849
e60809bb35218fb5,0.5545462228079862
9ea3927eec03da26,0.50283973512192
ca17e68a0aa10377,0.5268241775955265
7c19a94c07d04be0,0.45927451667486796
c46a8d163eb496b0,0.5013965137160082
da2e33ce43df455f,0.494602344255319
b620460b9e77db3f,0.46951733408860297
842050b2a86d8342,0.4519375038286517
c397bba365905621,0.5207908268480658
daa0cc12863ab191,0.533769067151159
ec30f24a4db82299,0.5287758802232017
bab7608b07bd4612,0.4651892425985117
46527b7628122a54,0.5439859388170554
f389fa59471eb747,0.5202067604219935
f513e626494f0a64,0.5370233199421072
b2401f6dea02f179,0.6068752436665839
20429355d814c95e,0.496019425735043
101234eca25f25e9,0.4905249508702402
394de57a3b8e16c8,0.47634900852241946
25311586fd9d67cb,0.49260746045051496
beb6a84dd860d758,0.4826060064391502
ad5acf2e7097b4b8,0.49433224108202367
8a55b7777bca4c6f,0.448087545538717
334fdbae43dc86df,0.5382204806897725
880f1f9642adef49,0.4604144939919441
b8f6f2c72a059f1e,0.5096651061914654
85f6256de9d4c57b,0.4850138620191117
c9c5e0da72f91369,0.4713926143747511
c9a6e344ac93c3ad,0.5185676436182094
50c5cd08a3bcb083,0.5135050027236239
e0c845e5e7215f91,0.4869096398398184
d4a60f3800b5ed37,0.5487978777927276
467d2ee7a0f592c8,0.5094317220078564
1fe637beadb0a7eb,0.5354334899902411
c1af26c4e521fd4b,0.4844319451847817
18cecb7d9ad5c801,0.5251082727925364
53ada38108e8710e,0.5061371718293499
ce9fa7968fcf6dfa,0.5530804502633149
c7cd450e6a84f3ec,0.6057054394331274
c01795c7f4fdf9a0,0.4711451796048356
b1a770000f93aabc,0.5098238262427901
112e096519c162c1,0.59496591804164
1430d9f2ccbd5eed,0.5610388054305493
a403f6081fabbd87,0.5000749308576223
616191c5d38cfab3,0.4930300071787581
8cd5df0f8440f7f5,0.44408973838153676
89c1845516132be6,0.608922419586657
c3e349416412803a,0.6014580722954468
82eb0d065d3c884a,0.47351832672897975
1b2a69d6a7abfb40,0.5066056158677559
07d3ce8f19050766,0.42540913331479446
25ac44d78f1c38ad,0.5071718230316227
4452902a5e37c99f,0.5004364156790615
649bc3ea52d9d294,0.47657756837378806
bf4728efb10b7c0f,0.524681648292149
9152bdd2ce197e0f,0.5373005649241781
40f5f57d3ba1b3bc,0.5060994083055592
45390b4088d6ddae,0.4426223942497546
162236c0fd9229e7,0.5410465972868088
9cedb824342c1e4f,0.5733024308139192
e3730f3236b72fbf,0.5348582988910919
09c03237d503bd7c,0.5001228177774657
4858c87cae0b7dc9,0.5096788062903479
dad694d4078e2bbd,0.48144685939979104
4f7809dd2b17fd84,0.49211594524377245
1ae39af2c953ca3b,0.4704497352278304
1d6eaa891cfebeac,0.4862990154969288
7c233523a2ba892e,0.4581465383844239
1f7b9208890c1340,0.44720386054617856
8821f65c0fbc1f9e,0.4484443237440793
2e9ff2c138483555,0.5757766286472039
dc8d4ae29f912328,0.5008865235081754
1845e53522cf3893,0.45872137880590647
78532bd9172445fe,0.5184746175742794
f064a7c0bfeafa3e,0.47041511035571426
7db0df1b9eec463d,0.474035042037969
cc886a6b24861805,0.46797524194530093
2865a47de7bc348a,0.5329832657974898
8ac4b5b086a7cd8a,0.4837258545272376
05e37aa05380e6bf,0.5284685556232669
39723424f8621ad0,0.518418039075374
d4a6e2311cc23c39,0.5264208665463794
d901cb27515be960,0.46374122313802646
8250d51aa3908e3d,0.47316996928463295
4cd0c67abd590bac,0.5137712345003476
94415472117062b6,0.5027470080166456
c81f9c72b214d89d,0.48142951795251454
a0e9128299654082,0.46396970609919386
03bbfa194b8d9c7c,0.46744834302544924
5daeecae8a0c188e,0.5306311799992085
44beb22febf9c03d,0.5532426123089702
e06e527a19074eaf,0.49947761910033917
6ad9e6009b81be6a,0.5162983054751445
63f9bcb24f7a5c5a,0.46950491505593006
374e9088dbfd42fa,0.5046332320231574
efa3d62842f563c9,0.50456561726579
d134240b616daad5,0.4677911944451929
af84423d62298725,0.45553396690047454
872ace0ec3fea062,0.5360239296167382
fce9e23af528da54,0.529069199759297
f239333c2d9cdc06,0.5333754752185137
ee0f63446c8b528b,0.46893480287477773
d9df950d64519be1,0.5260532517477021
89993a4691c98550,0.5062415408661773
8f4dacae60714238,0.5333890732870437
842b0d3d1a92c78a,0.5851363447869207
0bd6722018f7c30f,0.5064066654976935
d4f33326c4e0751d,0.48625566736389536
68c302e812a65bed,0.4638808827028409
17f8c4693079724e,0.4851496324535802
956159fa2a38281b,0.47774795285045
90497e0d0bee18ab,0.49073319939943494
6fb11b9fa677e00b,0.4570899216499045
9a970bd868741a12,0.5427416971016694
cd7849ba0a7d9bf5,0.45489348152214937
e9476f793ff22423,0.5049338550300719
3b80e971e91cc56e,0.4736550887369533
31c13e6daf5f6281,0.4719649006717146
8eda81949d8ee667,0.5199781842154715
ee9ddd7cddbb9368,0.5012397118718706
0d902c400976b307,0.48102171484549494
6201a74845f2a9a6,0.5488831883021351
c2d1bddf6c0f6a20,0.5069676530479144
386cd2f0f7ec2710,0.5427768201157428
51fdf0a4ec3d7d96,0.4812472779919943
35e611579f0d4e34,0.5192643691070216
7af732d69b343c84,0.5080606334197161
28cc4ca85a054972,0.5547935038860838
7fae6a614fb1be61,0.5712324345497849
b51dd7c4f3e0cfc9,0.47152063272447686
964e181e31f54804,0.513971467497221
7105a438dd7688fd,0.6030315991475446
98c237bc61d64bcd,0.5620550272305859
764daba6f2d5a0df,0.49860486174135166
6384d5d966417e5a,0.48950696428738083
022dd4c133066faf,0.4521930460017167
505ef3bb2f45b756,0.6154618563095642
4d9416963ba0a713,0.601458610732156
d61d2a9ad9072d49,0.4751452494842838
2c50ede0b6dc7720,0.5058380892784317
c83b341a730f05bf,0.4191264579152948
ba2e80dfce65c8e3,0.4956166473718302
3682f68ad7fe88c9,0.48281625714992193
ea2cd8d6d3b22a09,0.477076410689236
21842970a037f9fc,0.5263241584500546
f203807fce36674b,0.5285917059168121
3c3ae2b85ce962d4,0.49843785989784883
593dc08a1be97889,0.44328024866600135
68b4bb1464a48621,0.5403385128095504
06cd388d2d792daf,0.5823854896928959
1b826b045c5dbe81,0.5350673829236948
05286182a10489dc,0.4982581947525099
7fb4597fc6ec6669,0.5116464799174448
cf9b615ebd1e1ba1,0.47842672919346785
a015917d79e51e9a,0.49664257441982473
1ad0e750e424495e,0.4648502937009307
0f5893fb0824df5e,0.48921758981340213
1dd660f0f31adf14,0.457999899816282
7ffe22652387da7f,0.4556779416414076
b27adf3fc8e86d09,0.4460616149154124
0d07356b074f7a5f,0.5714728723369696
8652a0671fa194b9,0.5065576725877438
2c406122819c965e,0.460142995702546
6486c1171e29bd17,0.5086588530697237
066dff8c72dadebe,0.4741001568472534
4cbc044574b07045,0.47014475182908533
cf49a138d5550743,0.47140052097828766
47e1b17d2651ec57,0.5322046418693149
086fdc43317a2f09,0.48385764582691293
29b8fa4833679038,0.5266736421784999
268966d2d84c29e0,0.5153944890851487
7b033556245c0082,0.5285393144700323
8d67ce01c1feeb2c,0.46373803406844083
b195d34ce3b4a5ad,0.4761541655211836
4b37dee7e5c1ebc9,0.5165611162938759
09cdf27978077201,0.5060479130271149
b4b92f3ddce8e632,0.47948490845607217
d4ae4bf3b5b0d22c,0.4630800469562809
f4d34250f7ebd690,0.46567853872068765
267b132fb6724d45,0.5317559512697412
759fef99d036da0d,0.5511036714244038
d17d46c4176c3ed6,0.5051191136728377
4e6e150716addb6d,0.5161883798707333
09a2af396eea2e91,0.46669623506954117
123ff265fffd1db9,0.5121885515357196
687ea0503a3997d7,0.5098908133894342
cfc8c217508d30af,0.465710593073281
c387b23d511845a1,0.45692823804542704
460a9b5988dca4f8,0.5401725382652731
b803a89e7a4933a5,0.5303996901542601
38d9cf74c17c0628,0.5322889544704645
1193bd0ab00f041c,0.4749077105431523
f2196e69ac5a2345,0.5245623357515546
39757c97e5a1d35d,0.5054605581596435
6ab58daff11c3789,0.5328841844351363
7f245152d57161b9,0.5950125967946747
e98354304facc00d,0.5032541149749521
45e53a6cd71ef613,0.48708691754578104
d685b15283c75bb7,0.46244027933147935
079d04a1ba38ad34,0.48964726872763886
784cfe19bfa276a7,0.46909727829395254
44699ffe39eb50ce,0.49385605950335365
0693eefee2109654,0.4567461603108478
8b80bcea35174a7e,0.5311398018979344
e00675f66c7f4de0,0.44032582419285016
53a370044985fe9c,0.5144569650735649
2cb97ee06ee2bb9d,0.48632927074606624
7153b21b15ccaf62,0.4579812787797194
a23d1756c7381029,0.5243426113327855
c5bbf804116af321,0.5020376891538203
997d77c8325b8292,0.4915836587590017
0412283d6740607b,0.5558050021966522
e262ed41907ff89b,0.5122952500368048
527022a560c63b52,0.5477590399880354
1e45b28c66b34ef4,0.481306786364196
d5dbe70c8ef1c2f7,0.5144611454910671
dfc2682b747abdfe,0.5071213755042954
28db06536a5a174d,0.5497039688113181
1b068790cf010216,0.5734029030598786
f77c6c6ae8433961,0.47575253763741987
35824dfe6aa5b5da,0.5174657078465967
3ec34dd770d1fc7e,0.5905894291181714
53b763336a29982f,0.5714966438237123
15df483b6fa27d80,0.4862955856833169
6074ee92ecdea39b,0.4803008141920403
857fcaa8539a8bf1,0.4529599503681744
ba8062c15e4632d9,0.6095333344725204
57f150899cc9dc93,0.6103481174794789
42ed34b2cc5ae620,0.4758501802499836
b8514ba94c1dd32d,0.5202024039168429
97250c23c23b3318,0.4159555067640004
b03503f1d3b532d6,0.49239355826060227
38ec2defbfcd17ab,0.49121515271493765
7470b2760504bc6d,0.4805350780873876
ee3da35307ab6de5,0.517485846023642
164e48e2f39cf6e7,0.5292139062226096
130552323dc16134,0.4939929673880943
15c01904ee00be35,0.4500094974616967
e49809b8068d54a6,0.5250376742948754
cc5551e5d303a529,0.5818417853755345
2c47f86eadf1f752,0.5409622781065415
96d86633309c68ba,0.4969681682466899
07d9072dfbd84bc8,0.51482715816121
3bcd73942b23dba2,0.48488523224532587
4d9a472763be316f,0.5028342691245299
823c5c71bc1df5e3,0.46569078458625124
207c16f7506369bd,0.4937708740451273
4247756ee015827d,0.44300203437943864
7bc8214726bf9507,0.45327931218924666
259733a7711f0e6f,0.43232983015223747
f491ce6158a66a2a,0.5657189440352965
64d4c8b6a11cd953,0.4909531855598044
13eb5117fba5bd68,0.46788174051827847
a925e9f203a4184b,0.5230388453412561
43b066bcad934eab,0.4804199920889708
d43e0e5ce45e327a,0.47553589796567586
4d778654b639e211,0.47314243545281254
cb00176de39ca0cc,0.5282714839701136
f16ef82ef61462e8,0.48309220851657997
af541ab19f97be1b,0.5288249175227031
3a9b7490cfd9e718,0.5194827827949048
7d48d9641bd29eea,0.5348999871544085
4eb2518a43d2c9c8,0.46833031982501194
28fbb67023db64d5,0.4818513956559365
d92a2f3da0aa5f75,0.5298775229724282
9e94e4db640559e6,0.5054315341421103
1f6c7444aa252845,0.4755799085341239
91323cd57cd79503,0.47211451271239735
8eeb59ad5ee977a2,0.47793465888852127
edfba6f187a04c12,0.5330562922569333
7c854a3bd563f5b6,0.5391199199278539
5890c73933c71a99,0.5010913116059836
fef796a238d753d7,0.5236371640206047
e04cbb236eb066ab,0.46094750195472745
6d2f6beb6849d608,0.5075018166416309
eff1d1a3c83de1a7,0.5006845423389608
00b38335593bd041,0.4677872564733745
0aaa7e211461ac45,0.44813750040262024
023be3b334267f23,0.5327136918468123
d2ee23615c91b373,0.5192678874522918
02793fc5d22bee37,0.5180512113185147
904e524095e4bb50,0.47304916789941875
95294bf4339c59a7,0.5110319189285126
9bd34bed6c1b1106,0.5171688897591267
e70e1494a783702b,0.5177914706067654
775fd7fcdd0dcc73,0.5956097814795975
82980b33227736f8,0.5134523110709756
4e2c4c5b9a80fce7,0.48591362297366003
735525aa99a5645f,0.4608569725364724
422f6412624fd6fa,0.48476058319299264
378b85eb75d9ca42,0.45839342702486485
0b4550e62d9cc14d,0.4996181923941868
24b829c8a10480a2,0.4646570231282363
188a3a41caf38fa3,0.5182746098451456
81b4e3d494810594,0.46529045644743006
83d36f4a84a9c086,0.5013305231321821
9753ef2d7835cd79,0.4840463114911897
6772ceafaa6a67a7,0.4636056471250396
42b29167532c7ae3,0.5089853535333586
4718e7a09b706813,0.48728935183586086
bfc42b7bee06c61e,0.4859267051617153
b4909593beb01568,0.5545126609922506
e732023b8bafeb27,0.5074673875683456
8b544cd6f8459022,0.5569465607836983
d4c3ed2f358fa3d0,0.5066489971460206
ecd62839c6b5cb8b,0.5156574153447919
2fa2ef12c8c6fafd,0.5140662446187566
5745eebfb23cc080,0.5658885675344801
b70e0c5ba46c2620,0.5831625129039246
ebf9becb7ae896ef,0.49351912570478096
fd20b9e2093d3ba6,0.5265917221498864
d68c9f6f86f5d8cd,0.6238277314009789
b2a2b880ce98a03e,0.5956315890516443
792a2ec9bb446f9e,0.47300158178253415
604d4dfc6ea9f909,0.5040583513436849
384430c0b642466c,0.4537153931015878
ea740e0d0ae4f6c0,0.6201651327367499
eac7e2597a47c386,0.6140744485948624
bff8ab0735e1ad57,0.4804884884023538
7045fac4311f84bb,0.527377152335018
968471ff1c4d6db4,0.42118197760514264
d09d4bf1676674ee,0.491534631673338
c5c14b1219b13c28,0.480776118189844
cdb55aa24d3e88b3,0.4926918634218276
7c24a9d7ac3d13f6,0.5130512989981839
668ce6fdd9f2dcc3,0.48950001668769705
36d2448a504d65b7,0.48894772562948796
3ca60becaef231b7,0.43505272067886713
b3b31d6c8b0b079d,0.5185363955030267
c29a0ed1eda667db,0.5716285286902867
3ddfadc9cb988992,0.5195752903584
dd33e62169d984c6,0.5070001195835185
5f9a23f935963792,0.5235074826388051
4d4c65ce30ca42c7,0.4863161274567579
36228db614cf720c,0.513282666401657
75a1b6d304bc5b8e,0.4782042474656454
20bd1c428bce800b,0.4914883541580568
2252242352c75784,0.4387929961128628
e3ca81cf8981805e,0.4597113093718763
e2dd01ceb7c46fa9,0.4381733506411234
abfb785bde7d75ac,0.549146987214548
7cc1b56ed2c498de,0.5021242432555959
49d57c500c6c3d5d,0.47358060238301714
5e30f704fee34978,0.5055160086553832
73141ab5031ccc2e,0.4586226938501411
70d3d82f6409ecc5,0.4616632375643719
4dc8718376025db4,0.46217189011156834
7c94f026f24fb478,0.5214853972322238
508abb9f140dec9a,0.4838516448628636
5458ae8cd4ebd176,0.5398492041436967
df62f0d0ae7b279a,0.5097334078888556
dbe95dab7cbcf170,0.5439203063971144
a4ba354e451c5eef,0.46336843388902604
f3e532134b064161,0.487076372700498
9b49126b7e73bed4,0.5380181816294903
9afb6b508f1d1634,0.4883454590856866
1de8427987bc57e4,0.4885994811254146
57447e7d1905e737,0.4684960666203517
76aa833757392cb6,0.4729512050853941
9662f84f02630b0c,0.5065656274982553
3d2f14058a0fbce3,0.5342136383315836
dacb7f12c7c0476a,0.4911290737416971
e6128e678502f07f,0.5303192384908264
a23dd5af06c40747,0.4777085267418537
4ed133e126834ae0,0.4817311433460454
235e3dca9d255547,0.5095074488686934
9566b78b57b72347,0.48163697570481623
56654da046c0100d,0.4474083272318248
887e5e2b2295d295,0.539671880544982
21cc1242c2141e22,0.4999630485349845
a724c0cf76ae8804,0.5094618334004777
b82bfb5f2d54214a,0.4717620650528962
9e9697ef2ca8a099,0.5024968721189129
089c5b34d858474f,0.49247050640540746
46d2668e9afaec82,0.4997816013421654
52d0fac11c0ef5f1,0.6053161131995118
bc5a99b0b0c87ec8,0.5181263068541473
a4df867df016724d,0.48867293666395073
7e530c4bf4cdda7e,0.4694646901475734
92df7135e604856e,0.4928820150711738
d265a4c99cc1454a,0.45964505781415566
8dd71e78cde1d851,0.506822265699519
7608831d452679ca,0.47162692001811957
f9e7e4a33193464a,0.5124375783346735
058e70c9e8dc57c6,0.47126272083552745
0fb8802e18139eee,0.5054973909159972
9cd84baf44d18ab8,0.48104727517294477
3bf16d983dc564ca,0.4521961949237132
430c8468750844e2,0.49877828493701615
eb146b378f3e4130,0.48581047077452244
ecad7db48575079f,0.4802338186512334
c3357eca36e29640,0.552415990467143
5b0276a1d79786c6,0.5046660305160504
47306786be61c610,0.5399172425228933
df2adcbf1a6366f7,0.4917142552845897
54c86ed08fdf9433,0.5167022046673978
e7acd3fa9236c809,0.5057894041356977
f935651b4feaf18e,0.5678215528374467
ab3986ecb023e2e0,0.5793359729407688
f51477c4ba3e2c5f,0.48583750127707737
c3cb7342f5e2ebd7,0.5225096426343866
8331b4596c89502c,0.6124971067237412
efb1cdff3ecb5140,0.6001425860228625
926eda556cd355d7,0.46927592674147045
ceaa1d7470360026,0.49677479478449593
641a5ab0f93b80e5,0.45630419074188366
5c3a4beb583c1103,0.6232081281535524
7ae65d14135370eb,0.6218897394172864
11fda740cac7f127,0.4840380554271565
67dc2277eedda5a7,0.5156020704407369
4007e00d8a6c0a6c,0.4216254946901943
a8f6864587fa385b,0.48336698563020586
a30e9ecf0ad16df9,0.4725108438227478
f4356e34a2f838bc,0.48020862540571585
0180337f85c81839,0.5040536457154028
a6ba5867addbffd9,0.48994061811733103
a2dbeb52245b5810,0.47866590286444266
6fd1da1662b3e723,0.44127077734468
8a3ea0cdb61d0130,0.5088880870714985
05d424bffcd6b385,0.5830610743239959
4187bc604e5cd44e,0.511464223237903
a49757aaaaf4ebca,0.49738386552681957
ecab5b9081bebb62,0.5315175376375463
05f11d9b46b956b3,0.48938831415290707
cd5ab7c5553abf63,0.5213686537753066
0971c18ce17b78a9,0.4800959295296606
9a6672cad2082511,0.4894822850073901
b45745885e93e70e,0.4306301444163183
86426828c280c847,0.46559649835232864
b20adec319e05555,0.44511432301475495
13ab3118abafebab,0.550502167520708
c3a4781b44de7729,0.5172115042512824
addbd01a17f7947f,0.47004568972070837
e6ee18e35cc2bfee,0.5078218408229308
cafe923340f935c3,0.48274081812233827
b48dbe901b120a58,0.4567539934738598
ddfc6ae3ae7d40ee,0.46992582420421825
69806ed8193cc478,0.5266069269661229
cd9a55e36aa45e42,0.48970554687454326
6164c283310eef16,0.5555898758944176
2733c3fe9b8fabed,0.5139300147036999
5c33b19889dbd3b7,0.5380482960661891
55303f6f903a42b8,0.46249089667383636
daea3388499d7798,0.48630941807223915
dd335e43ee794779,0.5356475571211725
4be77644b1e68241,0.4827158317371847
8281e8b38376543d,0.49127222128212156
90a1cd32a17b3fdb,0.47167850807609035
62d78fba456a22fa,0.47179833913372726
c39365638f56292c,0.518983388009885
461220dc9f7a7954,0.5374980742948912
dc42823d7e1b3cc2,0.5016697024650705
15c5dca041418505,0.5356159316719021
5df3af963727421d,0.4848902205735215
cccee34b5b042b38,0.48596829710917033
9a892f2c0b5a37ff,0.5009356033740595
6871f21bc2710332,0.4739936953863656
e2b8e25aec2bd01d,0.4564989528556844
80411860674d03f8,0.5447108170336479
a9c316cf509833f3,0.497741014822909
d0798acc63e90017,0.5120652058390446
c3c4e7ddcb09e9b6,0.4632619763770842
5003aa35dc565c0a,0.5010585799406269
292c7b96c14946ce,0.49218966177446744
bd0b7000eeb7b44a,0.4907546418239015
ce1c4151c9fe2524,0.6013403447085514
9adb1b064c0ab9c3,0.5146113484530221
814ada7aaf2670f8,0.4948547901919842
aab8967061e6e58d,0.4750041341398017
90de55f0fe4166fc,0.4955872938195365
ef8179dc5a6d37ce,0.46678298076320435
f574480445804393,0.49811335809207735
86ea4595731c677e,0.4683568757172154
e551f5d8ebf93e90,0.5191954065860864
3ccf06f99760e351,0.47178120699671444
af93a9123bf0313e,0.5069282462094016
897738f523e7d0e4,0.4728513099966418
8c4d7e2976c540fe,0.4564723313076269
f8e656031a598209,0.5130747582660973
f839501dcf4a741a,0.49541193856369725
ff37df05e31233fc,0.4849664150989489
1a987dbb00e524ca,0.5563709912818271
ec4d110872109700,0.5138718981696797
6118d26254ba3a77,0.5607340628739919
04e4a2c6d1c479a8,0.47571222860214946
8d9c6205c9b835b0,0.5002227963223833
710da4e8e163e6fe,0.5135633526274912
13a6bc5389062a46,0.5701953732802787
05ccd4199e91b5c8,0.5791536673217802
5b72419606aa8ad4,0.4788290806503742
d34af0f5e99ba13f,0.520465647802409
d1daf12d412eadda,0.6157848810654492
6094f698ac412b4e,0.618327829495544
83331e691ca88c5f,0.47506761648819906
c9f91a06dcf0b80e,0.48518290788601126
8f64bafd0c9053d6,0.45935849618144986
4d01690780f0f3ff,0.6180512619879499
6c1297761802b0eb,0.6183259276738151
fd9f97c395bf669f,0.4663518646660658
4d883e4b80b59916,0.5213534071028901
08f8bf34cb8cb380,0.42473885129519406
87aa93b1625cd6c1,0.4871098819976466
80ff4aacdfcb8719,0.4834171928389126
0a06e33b99a8b883,0.4917318660113592
75c893e008c9d793,0.5219958102226607
12af51c753fc7105,0.49487655498587924
115083057d99e208,0.488330411091756
620f5c3f7d5392bd,0.41987838483897755
61a346d3f957a6b9,0.520464114620556
0815237003cbc173,0.5844564703884007
2a7f1098268d6cc8,0.5115774106927828
682ed08d1b2de6d5,0.5032058622105583
bc9e0ce709b64271,0.5289589204254662
1a650973325e7863,0.4850840391879798
cd7419cb30ae3bba,0.5156615533275417
85e0bd0447decf1c,0.45951957897788487
5d38afcc37243fcf,0.4753882240874343
0c6ab9f43f95cd5b,0.4376869050583637
19c46522f5fd495a,0.4663774202521841
d96de3f5262486ed,0.44100270490267834
fc1ac69c69bdcceb,0.5465206795772939
385746c855e2e126,0.5224321447643758
eca82afc2287da78,0.4683745742534938
7c69ae5487961bbe,0.5030865747321642
8142762eacf1799d,0.48310714114038245
4dd34b5f4562275d,0.45996616621144515
0457c444eb351995,0.4560734882020927
fa511f09b7f9de4b,0.5265130247681136
622956c68e7de8b6,0.49576269564597975
417ec8cce536be66,0.5565437896578636
db2bbabf6abcb8ae,0.5076853141356064
3dd45f8a275f8cf9,0.5382100769055681
090bc520556b3e53,0.4627769543128657
244156fe92edd37c,0.48336682278417453
6116850190a4e34d,0.5355068964217404
59185640f3ccd8b1,0.4835820335058161
d6acac5821389a18,0.48256249693355646
3d54e20a0078425f,0.48016193901100646
d6e51c860f7bfd1d,0.46073662490323497
e0733c2ed028c12c,0.5167712644447651
837eb24b4f424a2c,0.5379166664221061
051965fcdabb1829,0.4859411353561405
936a2420ff723493,0.5455308309778494
e15b5db7399553cf,0.4932659152494461
d2ecc8dca45fdc06,0.47451560138127014
e0d28f13a985ba91,0.49967003484830164
b2543ed0514ae742,0.46589405812359475
3d2862309f6b5c40,0.45055974275553556
ded47c6f262a189c,0.5453751793090997
11a37924b20e6114,0.5078567700045176
25cad94d1398e684,0.5090553838848926
f77ac7210c98e7a9,0.4618234759637456
5218379e8f944e9d,0.5083398316679677
84f6f015235f223c,0.5009275550364385
8314bfea52cf47f5,0.5066628569144899
0fc3fa9d7906891b,0.610408961435763
12f24205427d984b,0.5166974534860697
bc45002d2ee788d4,0.48048454732311274
9c092af4dc807259,0.47536061859576106
56971a29bdd71437,0.48305146631880636
f160660339d38bb4,0.46343629987259494
1c6ab4a855e3a654,0.4953308777650043
bf6a07cffa0bbbda,0.467620543809375
5dce4bef7e63f3fe,0.5164802446505881
abb2ac3b04080b6f,0.4715286223284645
91363d2bf2719514,0.5025673177201739
ffeb0da46db0e025,0.4760864995880305
6c3464b5c2ba5369,0.45657028570577285
97e4cb7ac2ec87ad,0.5051304658982967
4ed982bbf979ab4b,0.49958098486178715
2e0263c36b5574c1,0.4850495362408711
b2baa50285bf2e9e,0.5537721403621331
c035383d9d12c09f,0.5115709842609419
8a62ecb0136a3093,0.562654203532351
e10625cc61827a31,0.48119821184714007
ce86497d71bd3be4,0.49671214241290274
93635c5b3cd59b60,0.5129235968557837
3f673e06e68ea505,0.576402708046796
06b609cd5d36dc03,0.5776277936494586
1e026ed4fff72e87,0.47890479283915943
53b7754f602f7cd0,0.5205875516308409
4e93e17bacdfcc37,0.5734419116994937
458e6c85f2b95ad1,0.6023687322465415
e9210dfde7710f84,0.47671717643698
371e6f55482cb9d5,0.4904193340430125
ba3959005bfbd73c,0.4607633702202327
89f61df404887b77,0.6243194005193683
76c93f1cacf97a84,0.6155852041650796
ea7d3052c6189ec2,0.4683690156876512
af883ee0acbc7a6b,0.5227500386050663
345029844881c3ac,0.4312466107710493
3c565f91ed9e212b,0.49456167225854397
3977a4629e3db845,0.4802358365124815
91267119299cfa03,0.4905177244962422
9bfc71540574c987,0.5212432800114726
dfc885a8ec4b9585,0.4948137291192054
ec21638d59e6a6bb,0.4888361591185585
31d2f3a74adb524e,0.42358737851037764
75149891d663f417,0.5272052924723969
7a86ca8c0be16c36,0.5958254230216478
d07924c198c45fc9,0.5142912926776249
e0470194497bbe0e,0.49447036885100737
0b99d7c8afda67a1,0.5258145931439759
4bd7dc07d697bd36,0.4933662094046669
53b8b714769570e1,0.5065931472906338
65fc7d8e6627b407,0.46566595169844294
58a47b3fcd04a962,0.47624163769079864
466395a48fbbcbad,0.43512849596073644
b55510c47058712a,0.46354594515993264
67f2e7da76ae5cfa,0.43711832278631135
b0a7add3562093d3,0.5450632884996794
d7f8d77ada35865f,0.533888685011034
d90d4e79a25b8636,0.4646663395227346
b3291c606d2a1a53,0.49696134179918927
ecb90d837f9571ba,0.472468490027259
68205ad3e2b39721,0.4671454632911949
06a48ad53d315809,0.45206117434825366
ef45bc2217fd3c98,0.5218797468093889
9ab4992c6e6470d5,0.48830359367841925
f4f24baf6b6ce7ea,0.5554710109538863
73ec88cbcb803319,0.5046500043524016
c3a19ee18be1fbc4,0.5327516293311806
bb5c60ebf635c530,0.4656130358952254
9f0c84a9469838da,0.4789651912596282
848e4b8811b0cd7a,0.5350498290798857
adb69ab9f75310dc,0.48649451477189076
dc121ba1e47339ea,0.4825706542822712
1a8d5cbcadce9096,0.46978014663607626
1ef017a17fe6e520,0.4600657052556112
800e77620151383c,0.5160226600903164
5946e964624c4de3,0.5388245948553394
d4a7fef62bb6a6e1,0.48267521888129894
5763e6296535476b,0.5490703615066473
2dcef3896599be1d,0.484628611733361
419f89c7cba0eead,0.4786523997483718
fb2b6ec7b5b91a6d,0.49475417674743216
8431689b13f4738b,0.4652763204735496
714deb00a7cc925a,0.4497059825309726
511f65a07f091cf9,0.557373595585783
df5bf47de1a39b08,0.5122559093285917
52eaa7d3c51f2b95,0.5101212086788601
7c7c9b6547486d62,0.46292531327921016
df64b0342ae19ae0,0.5173712564682804
832bc3ecd7eadb33,0.4983937354275274
7f79f69bfbc340ac,0.49924433972166316
759c7c7c314dd2bd,0.621985167087928
3b178591e364bd1b,0.5173127464332603
d3a7a21256e184ab,0.48857774281951727
804968b8b35ce733,0.4970052605732693
86de60c5008b1f86,0.4811343774377581
dbcfe9214eea8678,0.46586997048221424
2c0f08d8d6ff29f4,0.49088280882904034
0b43708df9a47b19,0.46779911260880325
88df1648468423fb,0.5268234171326636
bd022d3e04eddfe8,0.47331663097730414
4bb252fd2b0a0304,0.5074891145811684
2ac9947360a7a4b8,0.47516524027470863
7afd97f1557a7efb,0.4461069133983995
9f89fc6ff40bc2ed,0.4910076461012076
3c2c35e01b31cc64,0.5089118481563131
5198277c6b9431e5,0.48133926239643576
ea8b47bd022a6ab4,0.5337176083965327
0e31267812729708,0.5048488987047102
e111bb80b97ee733,0.5661392478006932
7ac50749a7e1f47e,0.4839695423199102
aeab83259e40aea1,0.5018723509566797
771e0005b43641b8,0.5013969981340187
e521a9878336d8e9,0.5847346758863146
da9db956c052cc59,0.5885278337302635
9a23f65d4cf42862,0.4764945770335872
c4299b92e293fbe5,0.5280264828537402
10873945f7bf640b,0.5961748603416583
308c7cc647b00127,0.6061544493681046
45282c663b61ed7f,0.4808580984763644
099f892cb4da5a3e,0.5004188444259644
9892ac7ac75a22e4,0.4548797678534766
272ee0ec6e0ddcae,0.6243117535003
df7c7a8e72d3d6cf,0.6066663672945325
39922794589d2fb0,0.456925012974546
8623d0b0278c898e,0.5093371678009938
154c8bc3b9f34a47,0.43167531695185024
f1cfbc61c3293292,0.48974955781772733
a36de69a1c146a2b,0.492373087074774
ef9b7155bf8f0563,0.49139191448143105
4c8652b11dac6334,0.5239404931157254
f476b33e4a1ce727,0.49752242663872126
5f9d398ee2ca8705,0.48826253096606365
17c8d48c25f0aea6,0.42370626941331513
5a65365b60d0336d,0.5306528165851357
e776cb2fd934494c,0.5827318684783791
65d9f6f4c767186d,0.5167755696979867
0bc5d71564cf84e9,0.49966634132789556
43e78a324f888521,0.5321865675720606
48e920fc9240d2f8,0.49634486211021933
5eb5d88c7470bee7,0.5035074439099951
2b52df126df21087,0.4496257449075596
19af60a9d9be22ed,0.4858473125264178
8729ef62d5976db8,0.44772169267315487
e85685f73d14c053,0.46572121808712674
09fa544e2bb4cd9b,0.4421689030432576
24338117163ea7a9,0.5398686522704712
227a41b717bb5470,0.5202528646206854
5bf2a4bb293c0052,0.47370017032251466
5b6cdc9d65db21f4,0.5029358293957257
96423efe3067d214,0.47470072953948794
7e7534380f7f1844,0.46740951362718897
fbedee7ff16984ae,0.4602415764587968
bfeb4ffe001474de,0.5142277961345576
949a7611be61e347,0.48216532353823593
c262354313622933,0.5534994741339756
c86ecfed146d8f57,0.5047222711041185
990cbc7f4eb6ca2f,0.5373768035677713
f1df943bb76411f2,0.4590359277808076
74c62b2d83a6b42f,0.47669758259372363
989efbdba3ae2538,0.5423763367607785
dda2c3acb84e433c,0.49264747974509193
c0db8f6c761d3d82,0.4739217496324669
6baede718ed5d702,0.4737267310033004
5d505d48b77e180e,0.45604780064388406
c71d293cb107b102,0.5194005467986809
fd497ea16c119057,0.5422809601750989
f19dbf10c54225f7,0.48670696990792695
765fbd5f653a8d5b,0.5456621859538527
05c68d14ad673a13,0.49184971315662174
773fe867a2d85016,0.47688864450780744
6967881dc9fd3c36,0.49852235007740975
1308ddcb5522caf1,0.46602226784772816
f2a92e15292a0c4f,0.44375828936528217
1c73ac63ec922400,0.5582179778707487
e7bc1777f87b7fdb,0.520671950707005
33a105bfaffba004,0.5142460534515234
466c3fb573bf176e,0.44936161047544665
d6203db1088eb5cd,0.5270456696894644
ea9e3f429cf5be24,0.501899714197887
45e959938b2dd263,0.5157878525916177
ab00a56ecd348823,0.631983218370817
40fbbd5ef983506b,0.5100025394773702
5ece6b2eb8959f0a,0.4844993587667601
ff671752ccabcb16,0.4775596575444172
3ebeaadd651972b1,0.48643554470926187
e9ea4320fec6e88a,0.47546816255132096
acd1eb233d69ae9b,0.5022809903544194
2e0a646b8b9ba9d2,0.4623603489929564
2c56e51fd14559f8,0.5407914572323271
1bc4d86742831256,0.4663022448837004
7a6f04c646646fef,0.5072363898303238
13561fea824d2389,0.47327060012023625
53fa0d1af296e427,0.4555320367693516
4ac577106813d647,0.4896010435144136
0080cbf3cef3ef0d,0.5030067968249433
b8b1c2a631395be8,0.47407230123912203
eb4275915dd06aee,0.5411886948600636
b7ec5900ca155177,0.5031577758799088
a7333fad01f38e3d,0.5681998740640667
4c58910617f68e70,0.48631164855072995
4ef3c0b256f0a019,0.4939425310006721
b4fb041b0d1c250f,0.5077616885599898
dcb89dcf34889ff6,0.5620250905378955
5bce3fb3208cc846,0.5785431557699435
4f58d6e5c8991510,0.48574241503856275
a20ca1b4d9d368b4,0.5174435790389926
10f3696a66b45677,0.57740928907396
aa0f78bdf0259137,0.5880579845108713
66aaa0eefa79ee79,0.48011205456061223
32bdcf30666d4ca3,0.4936796667687704
60bf6f28925fd5e5,0.45172364931388553
a529078278a35a8e,0.6126973029382614
a4c04e0aacfbe2ee,0.5886860515754411
b5258d2c69b5b748,0.4641421950037211
e2bbd1a4263b6c47,0.4972083020878063
dca7d9a5092bbce0,0.4288213349054091
3052d50c2ec3189b,0.49771640537301187
fe1c92ba2cb0ff80,0.4908770863195743
6fa23807b39595e7,0.4806075894351156
51aee430eee1d9ac,0.5148151465872066
67070258c76b655f,0.49168607233118866
2fb7fb4ac5b4f5e1,0.48932134952551587
d4329e260c64d371,0.45421472491854953
5e8cd83d25d8a65d,0.5525477963785695
c6641760e5d06dcf,0.5933996352724233
a5cbd18aa1bfb230,0.5278299950911525
f9d2b43d2fdc7940,0.4927203610609102
16f56afc4e629693,0.5441024035794187
84d403a3dab9e4a6,0.4855725288148717
12abe0c526d6acfe,0.4941026198731865
60430214932d7ea6,0.4500565846957667
3d1cbb6117363ea8,0.48349660674261397
518a7ce11d0278a2,0.46652027974328536
41414bcea9b61a4f,0.4653768318822038
046f4f0ffe3abe0c,0.43312484652594074
e1f79aa79c9f2a89,0.5475380625791617
8b4da61f1845140a,0.5313765963036905
91e39adad07b53ff,0.4554696018219413
6ac9ad2611711bfd,0.5009583599405051
038fa1f780f29766,0.4632686948412801
123963353c9c1259,0.45914720282613386
23a02a09e629465a,0.4492917000947766
5b344f5fa5ee8ac6,0.4972651259651284
8d53c22415648444,0.4927666266556344
f82a7bd62146bcae,0.5579526414218736
9853172552b9308e,0.5103329242740686
c44e0b08ea5ed991,0.5256808246840643
ad598ba9f34a60cf,0.4489102111601372
817ac3836fdce5da,0.47520174041005614
b50311f741f9c74a,0.5492155993917316
4610374887eddc9b,0.4888126957279637
c01213912729fe29,0.4670721065495782
cf64da5dc6485e07,0.4681444429088448
97a1e82e51d18772,0.46907224385125623
13f6ee5bb2834c45,0.5287182902569127
c7591a13d1a70fb0,0.5451701975813656
7a2136884590ae44,0.4736084120036739
40d8c53a2782f464,0.5462811037517289
78abd060901f8c58,0.47597135170400084
1c0f46bb1b4dc0d4,0.4787394786842807
0fcdb628cd78cb83,0.49754350099281064
0c4a949df134aa82,0.47253944545734194
9e39a4206bd47561,0.44995427624667084
46a3bdf7832a8948,0.5364671839840087
fbb68452c1c24d89,0.5359837319642479
24e452e1a7a8f951,0.5406898735506744
3c919f1dae51d50c,0.45201845864542056
9eecab60ea7bf8ac,0.5375576108358145
ddbaef30d1a9b28b,0.5129470164971399
2b2ab7df0d6f3671,0.5253887554008883
de93f5cb856738cd,0.6329281366144057
60be1ff52abf0bf5,0.5065041615225142
8a9e023c004483ac,0.47904305460600227
d1e367af95902a2f,0.48469876706169523
674ba3ecb9ea6316,0.4890005097248672
d06ecca278c686fa,0.4733621205411609
5102dcbb0880adfe,0.4887756909985286
9e8991734429c2a3,0.45797434769303025
a201bb9f29533551,0.5505554387866127
82b6178f902053fc,0.4725823192412053
8fc0e4e72f647d7b,0.5031521638841744
bc042f7c3c6dd396,0.4785788873870489
714e8c73638504c2,0.4532164267668347
65ca80be0577bb8c,0.487525403162572
63a1ef412c83c9cc,0.49257086540920114
b5d35a70231780cc,0.47177490526129673
5dc2e7c573cd5b20,0.5288984677623068
5d4f2b49d837920b,0.49412763842954244
00ae27594cd68f4d,0.5588526912294105
af41b769c7552f0b,0.49129711370839546
65cbc210550f4013,0.4911562260985335
4f3d326a037db347,0.5165959499656048
3dc368b186316de9,0.5642667681409802
fbb9e5eaa92ee018,0.5777898268631848
683a9bdb09f94ae0,0.47433309877433727
6ae3ad2e8dc99de0,0.5109994198206083
dca8dec430dedbd5,0.5750947353118165
3f9de3eb3d8f1389,0.5899434815880529
d480e4776d101be6,0.490416988500358
a24e03c2b7b11cbb,0.4962416302268632
8b022ab3127c365a,0.4587423155212311
552051b1567f641e,0.6060427491646986
51e9519093607b08,0.6055794750180723
ef1d9348b1f46cf2,0.45632915024631693
9aae1de4d052edd7,0.5114328966164389
95211a31a51b0585,0.43241609764433
e3b88d75b1e50d63,0.507006641787744
a7ccb6c338762191,0.4836140675276883
39c905a9f70acba5,0.4892553400894206
4c0985a85299bb83,0.5200022268416822
668fc5ee0d561d31,0.4970544557546128
38501d08d1d323b4,0.49793218668377126
9e8641e3d88038c8,0.43832824817603644
7ac00e78d419fa14,0.5461431836437481
b1fa17d904fd4baf,0.6020413138792613
3f7be3085ac6da78,0.5272037565492952
2137dce5ef756d8e,0.49580103780380513
a868e02260fefd3a,0.5326131068930917
193d3f6163f4b33c,0.48762921838165485
8705c43dcb66b9a7,0.4976424368436224
ebe1ff6398bcd976,0.454972015728068
fcaa695d72cd35c5,0.47634397248481064
be4b83701f197814,0.4639574531566567
f2a686fe65a83a1f,0.4540141779755633
a9f819044f9c149b,0.42209636095704606
611e0dcd90e5196c,0.5455542827228319
6a48c934fb559ed5,0.5293947212878874
6330840614d444fd,0.4554125407674876
9560d5e43626361c,0.5045891020076844
ea4e833faa06748f,0.4714548862471296
726d1acaf2258b38,0.46743041245490413
b5a35ca3d20e00f5,0.45692455803870846
d9255777937e6443,0.5108628312809558
09e1fe106466616d,0.47824347689305235
7758dda6e7063cf8,0.5534361324644589
b80da0aa259fc26b,0.5116843811792694
d4fadfbc125e5dc7,0.5278715554641547
d7b73b793509aff1,0.46000060511286345
f21910ea1a30f093,0.4742985994964801
c78872a6b82c03ad,0.5394548788137679
033aca257bd8df4f,0.49284147917680743
52e130bfbea89552,0.4636697429039289
762a21160eac00ab,0.46988203648708815
718adbf047d6d8ee,0.4679183337821593
374fa02e3495e955,0.5313366649531861
2deab2cd55426289,0.5411771030336474
e4d1f0cfd52fce1e,0.4825335238973565
5df95cfafb4be51c,0.5449177372080002
819d883b7062e617,0.5029272596388842
3d49ea7bd0eb3582,0.4766107073608483
178da2261e799948,0.49994560450835857
1bc8a775bf507e1d,0.47839120981538263
3388ae815d41867d,0.45159726130328537
625e5b69efdc066a,0.5466775515604414
2b5ca9cc1953fef0,0.5364509819112799
b30e14147ac530fd,0.533318499102208
2868591d20b0e86e,0.4464499293436517
6873a02a7daa4b67,0.5446805751050297
a343ba62b9d66c76,0.5028630947553019
2431b87748ba9a77,0.532858751317197
deb45322ae93771f,0.6257464802808569
fdc5e58e5f63bd06,0.516145789111403
b234575c3a650f39,0.47360193823984
76cfd4d4c42af973,0.4887655699175629
4c26fe0f00e7f36b,0.483432948426157
b5bac0639ec4c778,0.4992653063398601
54e575ddecd9b8d4,0.4836897674351628
7591be3aea7e0bc0,0.452150404159671
895008c1c3afdbe7,0.5348425319399712
4916d803533e18d2,0.4637712415735993
934509eb259cc261,0.508987408410099
e8f8e1b4278fbc2b,0.48054051653916885
08bbe7de3f7aba96,0.4519949175792768
7c1c0f357c5910ea,0.4883910368791651
dd42dc99bc73a32c,0.5019036321864286
2c2e358ebf1f47b1,0.47970343120211467
c3f49d800565f95f,0.5407627757285474
855e9e2a6a101def,0.48099010826889865
65197901d78acd10,0.527319935622
f07391cbb47c6015,0.4976254426128972
3e69bd9fe0840b27,0.48815826307981836
835315f8a53b0d15,0.5194838885960291
9232126ae337579d,0.5789587649652144
3630922de8cb08cf,0.5756493890780581
28e1006bded123cf,0.4749025681638953
3d2bdf906e4c3498,0.5091417562154769
0971af9fb66ad099,0.5604816415069148
4c61e9efc358c4fa,0.6057158072686568
67ae771911cc8ceb,0.4988791896245093
5196ba6cc790dbe2,0.49905548779899755
efac04ac65b43e42,0.44093112958975755
654e07ffe2464167,0.6143354866719599
a9bf13ccf3374323,0.5931655327678478
da5cd6129362e6ec,0.45541938139693716
0770d2d7eaa94282,0.5207450111000426
5f6fa6f7a9d9b0a1,0.42672848819544196
355cffbb7e143312,0.49419416013503836
ed31906fa84aa1c3,0.5001982237881656
6cb6a462694a9559,0.49758571327508105
2b04f6f23b958622,0.5202487414329747
8dd9e38f3b2b1599,0.49818182036830727
ad8d48257cabe327,0.4921280472359023
f83d8dfba0d97438,0.458786271755948
27f9afaa4aad3e5d,0.547499898769213
a2a4b0569781604f,0.615118775341658
40998774a1ead6c6,0.5196900894399042
a8e851aad1df5822,0.49367541732797104
ea56f5cf8a354dd3,0.5322656246986323
6a38e4647c3929ea,0.49365841427498514
7930ebe98d6f1534,0.49950176021678805
17beaa3d536f246c,0.4538917927141838
0e55fbb0885d0aca,0.4910103511629219
4c84318094e278dd,0.4690336722318551
b969a571c81c0557,0.4508067288391957
c83e741bd923d33f,0.40874316303068403
0f8e74a5b6372920,0.542144710700172
4c13aa87dae8ff29,0.5249068957382009
b970e3cfb15bd235,0.44875030541971084
d9652ef778e1ee4d,0.5064251957364049
d6aca6739e9688c8,0.4758238691612935
82d4cd6b613786c2,0.4766348710762385
50cfe486d888aa2b,0.4661445731288407
b54999ec6425e2fc,0.5013998564881585
008e129fa0aa5ef7,0.473289878748657
292ff8f386889294,0.5477303559430895
15a0590a193d0362,0.49631903794828314
c143c383341ab52c,0.522754025697332
1805facd18b0916f,0.47389581967891314
e325fb81fd969560,0.4707471331317741
5bf7d8361cae3a62,0.550751699138245
aa9c2781a2f86579,0.49266881276375707
88a0dd2ecfc8afac,0.46551191314042595
d32eb050974e53ae,0.4679962286036973
d69330937b0add95,0.46641036431227845
633af98e2a34e4d9,0.5292670313286099
c3ffa01134a6beea,0.5341227472196077
943428d298418a73,0.47453754827426664
ce58ae6e11802053,0.539659013217733
6030bb1576961e2c,0.49656830905720906
084a05ddbe3113e1,0.4678255825787082
14843306f237226f,0.5116257424137397
e2ebe069bd7ec888,0.4636796418203257
f5132662a520527f,0.4583221473653297
01a443d0e80482ec,0.5477093271312203
b5ffaea3d917faea,0.5275021556638244
cc148a978bbe8a92,0.520471375697672
d9ef16a897a665ed,0.44890716930773567
3dced06503ee7586,0.5301312099825226
b5e9d52e5a4fa46d,0.49232594039342703
b84691a8449f8b7a,0.5103385925655246
f127ca3f1bc003f5,0.6317756188715473
1b4ecf6c30aa2389,0.508528170230777
939c7a746bf9b6b8,0.4810599276968178
ce0cea507dc56f77,0.4687436106511793
aee7a7bf89fa2ace,0.4786323730615838
f87403df418dee7d,0.49925707441337475
13772923c9438053,0.4779636159824854
ed9dbebd132e34fc,0.4654262620969406
95c2a66ff7365ae7,0.5285841790134982
748bb6372f867432,0.4604559537223949
2f83dd1c7475ec2e,0.5009459684788671
93dde814ad24f9d4,0.4846008581159872
1bc1bf32b7b342eb,0.4420185846905218
81fc64ea45dd50dc,0.4866100486582542
36ee3e520109f9c2,0.4867874353127506
a74e50f22888e5c7,0.46779546323283216
32136ad2cd7253d4,0.5287119537858255
4eb80fc7bcd826fb,0.4597279150467488
8a7ae2c42385b8d5,0.5178398159131873
a67c75307c97415a,0.48194402168252704
eb48656005ac8c19,0.4841088779878082
1be232fc53a8d0fb,0.524775909199242
4741e76d9abcdb5a,0.5794807138600394
8c406c8de06ac591,0.5702412403791693
e65a7cc954d5af05,0.47710606722816795
23f16a3a2c629c07,0.5108696296538178
80205f4d2695e61e,0.5688654517717968
576d010d8a3263d2,0.6186359605539532
f5b03e11f14ac305,0.49756809178262285
a3fa61aadce6c32b,0.504161510326681
3bed3258aba50587,0.44614275670787396
154549b140cf99fc,0.5906361699541078
dbb766c356712e40,0.5835589931600605
1a3de9516aea99f2,0.4611775944701989
297b4edc8f7eaf61,0.5181263934988152
4a44eafbf86a107e,0.42978393130388937
e1bb6c0173653b7b,0.4914507668207303
e36826e88e24ca62,0.49941441464450587
faf394eefc9bb1bf,0.4933392491757894
8ff64f8b82d27dfe,0.5314060327920425
ceeada90bed8541d,0.5123306894073447
08c29eaf475ad7d9,0.49222593236779355
f68836855c533dbf,0.45683035589231924
35b1501a80ec1787,0.5497649729310032
26ad5f7b807e2cf0,0.6057657529190936
2e71ee86b89fd21a,0.5125001122244903
a0ae34dacd64ffbd,0.48445029873731027
c167a64ff73ef700,0.5263167361061947
4cc06bae54124d7d,0.4987525846361842
7bca61b50ca7c674,0.49266475246679386
e044567e479f7bec,0.457550325073645
1e3e5dc6991f06dc,0.47775178868610957
a54193d1097ed4d2,0.4779627413529537
d1e8b92498295277,0.44763350728022333
f369f7ce7997c7a9,0.41115520494479973
2a41fdcec4d4c6e1,0.5400041377291684
4a9a693e18547a37,0.5338008596667791
0eea1ce17cce9aa2,0.4610171153260033
2f9a38e94a270ba9,0.502484837809801
636aee62b94c3d8b,0.4796188073851173
882d40b7092ffca4,0.48316722328722417
90b48561ecc44dbe,0.4614892393847896
7f9e8a79e54c0615,0.5036602444545546
d69b2c68bea0d342,0.468355741039417
9434ea44b3a3833d,0.550750776439103
bc37a750769d129b,0.48589110731166574
0c38ae5072f24a62,0.5238009513243788
227f77b98b757823,0.47030649417887327
7a3895041935ba5a,0.46632142226590156
e87f6b835db527d7,0.5458937767024592
cafa7f7be9c9fb13,0.499720539635665
9602aab582d27be1,0.4648900634952897
3e418a5fb1cf3b83,0.46499776975348794
c53967d2ad4fc6a7,0.46224908570405
f5379a8afdb7220c,0.5315078334616314
43399c0d0e75e557,0.5389483290265793
8d00aa4b4b43d638,0.4711207312278599
c651a5247962c1ba,0.5347436907720262
fe4df63192b67044,0.4943058883776439
b2236a1b8e2d33bd,0.47902458941577886
a54c46306ffc000d,0.5178666931336543
78aeaec70fb7c149,0.45903840540843166
d155d5dd3c700a1a,0.46012521742765977
22b9c58934cf84a3,0.5393778125218844
27fa1635dc4a7452,0.5267684837109589
541d10b8ec2751d6,0.5278827919843608
26903db8b7c6b076,0.4486421015473804
3b22fbc81741dcb7,0.5268666482045203
f09fec79b4716e80,0.49140168241292526
05993e4831d7f729,0.5132655329108784
c77d2ec14b65f8d3,0.6315544246346966
0d1042d0103f3203,0.519458734896002
7c3c4562a0eee5a7,0.46862910367424415
a438b156aa5333ff,0.4746776632431531
4896f0916668d4e1,0.4818017682972522
d062a5238d6c6f90,0.49499056779690653
805cf009c872ca6b,0.4818276883041894
56b5fab0e1968129,0.47130964986067714
778071e7eb4b79df,0.5164411798886953
46518d5a5dd62028,0.4630011619365917
c8dd5193df3f3df6,0.4909642210147811
818602f07d02b289,0.5021409891878499
312810fd0f013f99,0.44302397630550727
a1ad4cbcb7193b3d,0.4817723347884031
78123c3baee15159,0.48520097890848524
9baed3f1ee816f41,0.4576141173214243
7e5267fa4ee53ef5,0.533201816008223
f2cf61f8488e1286,0.47164290795343433
18bcc67cc534c200,0.511830004932347
b5dbc53b036c9439,0.4845521973324086
f561648ab035d775,0.48956947073536117
d60b1e891ff25d1a,0.5308194034121168
f6ebf10cddb5752b,0.5570595468205443
c97840b19f1789a4,0.574778768939522
7fe9ae343664edfb,0.4706857145572231
472917690b933925,0.5111711332804622
934e2350dca6a882,0.5808462422102365
992b4fdabf25b521,0.6069778337044955
9eb6b347ba0e15aa,0.4855271315996017
cf71b2f00e2df91f,0.508724037268216
0b5b01440f3df39d,0.4517286153306954
13d813a12a7e6b03,0.582684023805887
3e43870d8b1c6131,0.597410204780566
23ce73c4eaf5f440,0.47133617731965005
9a0a74a65cff0824,0.5107817768612437
9f595f74be23965d,0.439019391616128
6aebb96d2afa7507,0.4854534215872659
f35bbfb29c3c9318,0.5170407954186403
bf1ed9110642c686,0.5092844893340949
00c18f37468a5725,0.5396080646130413
24869f5e4ebb628b,0.5066271652150116
2c97980f530a3716,0.5044402563871155
de3bc8e05ecc8383,0.47514471361194643
43eafc83652c9be0,0.5435946817455595
1d40bad910058cca,0.6210121404435985
a01c4d255b5c4a5c,0.501360786469955
4bbf00ca41d9c151,0.512019980368266
3ef725446fc8a93d,0.5210339733045153
6b811052d183e8dd,0.48500937931863153
efc441383b208b63,0.5145762354897944
509c835ec8c0c9e2,0.46242100091679417
b0c034c2d93948f8,0.4898304344343478
3a99d855c3382852,0.4871510659609378
1267bd7892ff4d38,0.4516854511975499
512707ae8575acd1,0.4003930791602226
0448d506e6d9d8a7,0.5367065276200705
b7d4dc79d43f7a79,0.5319452939495705
6182ea7d6382d100,0.44750407168445006
04c2bb8e6e26cd88,0.5152142033697581
ba5fa33f71c1f2fc,0.46847756623717307
1b8edba56d832fb5,0.4699644178620004
9bbcfdf5e722ae96,0.4515345096784573
f949c960c9fda190,0.49930359272087843
cd1fc8daa0655674,0.4649746586058787
f8c12c10861148ef,0.5558010974519084
fe9aa26dc27f78c2,0.49175797196335314
c3ae2827be2d0a0f,0.5206898426130113
efa7b57a9d2fa008,0.47684463656285625
112180622790d1d6,0.46262711945887003
07d10ea5a379b069,0.5372963116307277
6fbfca6455028aef,0.47137767019494137
d867ace6706f3295,0.46633903713845193
da3dfa6e7c9209e2,0.47550165373048003
acba7c4ef9bff854,0.4696769120665609
3204a6fc2ebeed88,0.5206136504509273
04a7a1ca1a8b019f,0.5324058408953908
19f4eff630fe0d40,0.4776838634256393
cbb6322f21dbfb6e,0.5278401825811345
172b64232df9bbfe,0.4991806831142288
01fbcd55bebe8d24,0.479529376694383
ff558ed7ba511d82,0.5121359029675278
61dcb233c8e27d15,0.48203260481479726
34ed92939b5d67e0,0.46502294101118435
667ba44d4e897570,0.5392958629703006
e6301d94dc71e717,0.5223780532592656
2409e52034b30afb,0.5301699400785576
42e3f867c73e29b7,0.4352815681053477
565f0a089f9da581,0.5339264963227522
953872685b1a421e,0.47973371996668157
f77f8e6079e3176d,0.5139393614436554
b490188c4258af3c,0.629079961936845
04204923d5af15ee,0.5221244156822469
396999c652dbd5b1,0.4823985880932967
86cbf1e0f5fb15ba,0.4618103596998888
e64073f0b0e89aa2,0.47310669834645314
2eda4d8a82f630a3,0.49852050793026326
2070ce553af90f26,0.4913541729485442
9eedcd8aa47d3917,0.46021768887338754
19be5e0dca8a754b,0.5336954916551957
7de10f040db9a1e6,0.4511760941216796
ef6c9de39138231c,0.5038681427617302
68755285ccbe4f35,0.49860664100705154
ec92fc3504a38ad4,0.44923099386961873
09b624168700b4dd,0.49874188454517154
f1ab0ae47073d3a6,0.5094926241874171
83e17e33feeaa145,0.45868439091812996
62c5b43af52cdad5,0.5179346108171468
ef648fb9bdb8d9d4,0.4490893952248943
0d2cce97a0671066,0.5061916179658534
41141d08d91ba0cc,0.4740401129053622
39b0033011bc3c77,0.48186448389343783
6a7dc3c916003844,0.5191126144756537
fe23686f27aad79c,0.5655642714612484
c2fb9c4566e02c38,0.5739633187623617
e744b9c8bf83eea3,0.4673180893883744
f1a226d57a24b70c,0.5011364731397039
8fce2cd6e512eef6,0.5528824149240061
11d43ad192fe17f4,0.5946186780378666
683858b6bd0160b5,0.48909904906340396
c5f558119261d2a6,0.5118917569073826
7f8bdb353d1f8c71,0.4418198627709675
bcbc062596d0e127,0.5558613373499409
8be831dbd1ba144f,0.5930230716456077
88d568888e697567,0.45896716965056605
47b1ce019913ced6,0.5140182715106973
a53c9b361f6313bd,0.4365491918794093
1fb6de590757f84d,0.49036917478953046
ba2d302bf1ade640,0.49688791300974444
2338c2a9c406f81f,0.47536900921350145
266b092289f77064,0.5404886320845592
c657ca902f974b29,0.5179413993191346
95118ed167f49fb5,0.48776225272947316
48185bdef179b990,0.45966977423386424
0dd7a6e28d4f6537,0.5648519001428487
87e6ad3897c98fd8,0.6088625514590321
2782b3c953c43561,0.5074046255900202
8083681bfbb20bc1,0.4931682387822549
11b253efe2bfe500,0.5189772380212595
150439fddb4f3cea,0.4853257889905178
27a82fcf7900b127,0.49252076010744616
7ada388ebd315192,0.44397230445903624
12ee16b4e08741f4,0.493110309359718
3ed4fbdb91c667ed,0.4731701486688028
f484f1cbdab56a7f,0.455301724436491
eaca5dd5a77700c4,0.40876010063829615
f4036543e2591b4b,0.5518521101806503
c66096736317b90d,0.5255499026715702
7ff4703de018fe80,0.4534813797539081
896352896dfe54f7,0.5133764724396763
0c2c759aa6670d25,0.4640640042391395
66f67a9616d8932f,0.4652548600354982
1aa14d89c5d4218b,0.4529235199222681
e65352abfbd26cf4,0.5003126498392876
0fed4ba112f3be9b,0.4735381025630673
a71322cb5c9c2f24,0.5503652351977074
cf9358e58f7e36cf,0.47684512894444286
b2898ac3de86e6c5,0.5231650501188937
369246eaac1ae57c,0.46601335132353794
a1b73577cdc140a7,0.464848242930161
78a728a9dbb18cea,0.5245632142768745
a5bb88078c3d8916,0.4799827605353004
725c06903402779b,0.47249090047810705
1880e0961f5c5042,0.4764592944978494
457cfa9af8725721,0.4719727351142845
36f83148778ace70,0.5371187251849506
2329e44afe1eb2a5,0.5464364451141389
34aa6050f40227d2,0.4829890708644924
428db54432edfc86,0.5308594439091612
5341b077e02e1976,0.49491758721517454
360a4fd6ba734720,0.4852454916340212
721ec00790ea737d,0.5094418539042438
4dfe63c9da690de3,0.48000943141935193
f8c3da8fe0ee963b,0.46766912137272243
2b98b79d209ac981,0.5349978128029635
a42e32fbcd60b8c0,0.5517750958407265
33bb9a0a731c7d17,0.5448452546016458
484907d53a025cec,0.43378564930202523
5c79cfc01a4b14f5,0.5634605894053935
986b0be7246c5b5f,0.49161531044641693
854af3b5910a90a8,0.5419224730572637
3200192c6ba87157,0.6356998723809874
a7c83953202906a6,0.5311204144034295
9b8221edc9c5921c,0.48323365189537726
1c5faa0e318a0604,0.4647701416931931
8be3158d7498b009,0.4650046723742559
6c2cfad22ea27e2b,0.49313549656616873
9f2b2527c74a7707,0.5049346120987814
e643b8914abb0a3b,0.4527576181095653
de7f693e5ca9258b,0.5429914697559413
08e078a9a0968e0c,0.45138297295957663
b7bcca0b4dcc537e,0.5099036247366212
b046e327135d2fb9,0.4868963169101975
bad85cecd86c871c,0.4715343486974909
2d598788b01c1888,0.4843238869679718
ead05597e923ea48,0.5191704982408623
6bab5c3c6cb36de7,0.4604428962360836
8f44ccba269842ec,0.5129272684459512
850e4a2dd5167ff1,0.46820681757434035
7d3ad88faba87f20,0.5117891144633261
3d2508bc752a42cf,0.48896563163429363
f9820b3ad1d4c04d,0.49097536545369236
e59ff73ce96b1d34,0.5216237251789407
613f64194f621318,0.5775790254031689
9f68fc350366a6ad,0.5739608799573357
fcba8202856b2455,0.4827618786124621
b16e93fa8b2c39b8,0.4948380414523893
2fc542aab24a299d,0.5636168519371625
0716d77aa5173678,0.6086232697684315
5ce198370c94a798,0.4801914838164072
58e3703eb05c3b28,0.511095967840586
7c9cac1c1e620d93,0.4420964087149677
cbc15095835ee8b0,0.5624261611444525
68cded5cae89d632,0.5998893144181705
35283e326d2bc214,0.447856241599512
9508679a67b72dc6,0.516453457603274
5d47a68e0e626af7,0.42957926333771757
2cbb6c59028d02c3,0.4798796901344191
a715abeeef7908c3,0.490113008312661
59c08944824f89e4,0.48429563525141694
7192ae64007f3a0f,0.5356570704694982
b6ce6c5d18f4269a,0.5154890925008486
bf8f6442ee79f543,0.4865468601469909
cd2396fc05db29ce,0.45928254536095503
7a73f7230cbc5d44,0.5796143201307351
18bffab359c62f1f,0.6173963785942029
329d4cef43ac3d30,0.504085296910675
9e984fb0b6602655,0.4992037388443783
ab192ba8a36cdc96,0.5152989491817227
5e855ccbe0a944b4,0.4808080938808763
ff824081ea793816,0.5068454591265523
6ad0b9f4269025e3,0.43487794620420206
2ad054ea94c955b1,0.4868381950485874
64c4cf080a23d052,0.4688170434406087
a9a78ab0b2253030,0.4536657722465933
01edb449124ce4ce,0.40782543759697343
74cafed168f93a10,0.5505024047813392
fa3b491aff175713,0.5309582881743171
f06306755138b9f5,0.44524644684191816
00c6877a7e4c7e74,0.5128723679277221
39570ae25394240a,0.48793006418475715
4d9010be8ae2d9f0,0.46162846869034824
6365afa8b80309c1,0.4463406273033306
c6e8a7f0624d81d7,0.49467014480084837
06791abf52421c6c,0.4845218724223048
86b87c1e43846962,0.5625560018078286
54f9445f6b7d8c5b,0.48150694007432016
266556cac019a625,0.5233976047333386
1204e14423adae52,0.46570550100659847
1a5a440d2064788b,0.46248064402831224
4df2d48269b06c13,0.5175905762160383
35a8ba153ffb8cc1,0.4733400044064151
9523ed89c82b2edc,0.46084710785120686
a496bd1255a9ff83,0.47856137460066317
6ab0a2ba999bf270,0.47489279787972494
ab8f04f629ff65a5,0.5213021072485493
5447757690ffce2c,0.5503038003501376
3c4522172d1222d0,0.49350784551997195
9d7df8829b6642d0,0.5363681329004613
b9de703e6c933d0b,0.49675688216116654
8fd3e8acf5dcf998,0.4836204245560993
255a116a3d0ccd3d,0.5019665341316645
ecd5ab2b34588140,0.4593601846269404
32ac6156dbe87129,0.46287154155931587
3bfe2688f122caf3,0.5211904749478903
43e0319c9f6910ea,0.5546132697365057
d4289d6acc8fec3e,0.5565100716955015
ec8029d406f42b59,0.44568868528099637
0e0b7458bdc25a04,0.5601950686863051
9b23239a25ab5da7,0.48993259031598124
c5df57d495a5216b,0.5532167639619098
ff17ccd1b73b252b,0.6387541253383312
6239b1d5a293db2f,0.5296293668247044
508670ffac72d76b,0.48199256527779466
367e26ffae4ae064,0.4753799656249049
2b7e0ed31b89e1ff,0.4638934776594096
712b065ee95516c7,0.4885890674927871
efd4b9c1dd8eda42,0.5008140154163396
350ffc46082539c8,0.450748804175392
d970b02327bd10f9,0.5545392699384197
660249b8e26c17c6,0.44490002459924693
55e3f0fb92431eb8,0.5042515336006025
08ffb12fe135fa0f,0.48466713178090104
d47292273f3e2de5,0.46410761081325147
b311ae18378cd20d,0.5110922530362384
a5a99b6ddacffd84,0.5240952925461353
658e1881a8a55380,0.4648052073081077
995a9d3c304a8fcd,0.5301853901658824
80d269b8ac12045b,0.461375152041811
764313842ec2b3f7,0.5194714792836819
8a586e552abc3fd8,0.48494301084103975
208dc4c13c1f06c6,0.49006847108509066
4be701b487132772,0.5226314778291486
91409bfa46894cf0,0.558438550626227
da1a7f2524d14d6f,0.5835553198401514
77c75b3b227c1aaf,0.464901234563839
338525c6d00ee8e6,0.49672599341218393
3872af3b9466ae43,0.5597370775641025
6794779accf07c77,0.6030150414482185
d186b2241f0adfbb,0.48803290169080416
0b5737a020bdde25,0.5146080116014821
529adab4ffb2e96c,0.4476611379076394
546b59132f767145,0.5740571598990005
7519fbe64a2b4e1a,0.6010016895748895
3505e11409d19baf,0.4540383984548312
3218b8a9895d4324,0.5281629281826672
eaaf7b6adf1fbf83,0.4321797066173694
26df8dc696dae397,0.5052292034482362
9e841928f026fbe3,0.4969932846151659
b79f8caf2facc6d5,0.494105569311843
300605465c6c6501,0.5509037199803745
f49811eb7e37b748,0.5344965055331623
27db8918a4014a35,0.5010094514435117
8253f57207e3ca7e,0.4559728525046365
fe3dbe26cd5cd803,0.5839162703554347
4fc3dcc4caaf86d2,0.6023074436845011
df84cef60b719249,0.5126336143068744
90a97a9f2780259d,0.49640267424356477
e1f606a7c9d598dc,0.5066094941205517
cd2e6d0d09c55a9e,0.49468914648357754
a56091b1571df4cd,0.4907960601309205
d733221f15c42d79,0.45493338135201467
c9d509e8aff620d9,0.4914945745518212
f11d32697beb4ac7,0.4631465983221388
81cfbf2a72298cb3,0.4576027185142013
f2c2e8f0a5a61ce9,0.4313754295084943
60ec1507b5c0b68c,0.5391196104978153
1f2d2d651982ebd2,0.5427291093990656
46dca147ee0f5731,0.4481768345003754
aa1531ac0894c597,0.5171441270793475
94fa831edb4db458,0.48672681836039666
989628037c34f272,0.4685816879989273
73cf22fea0c743ab,0.4536546028477493
5dee012385b4cef8,0.5119666603679152
13079e17edcac60d,0.4737200366028129
1773567a0a5e33b9,0.5500511195946131
2ae18ae866de8989,0.4821832964924423
c2f4589e7fc7efd0,0.5112419772813035
6f4619e18fb2bbd5,0.45784670158327945
74b37b518bd092c0,0.4515648525454099
b70efb17a9407754,0.5143209734432421
bafe8d21506a9f90,0.4947050383094891
0fa4b67c65834805,0.4702196462589936
4aab5d84474e8d31,0.47846666686169725
6a9b6d41690e882b,0.47398057383075853
a1fe421c240fcfc1,0.5168345364316632
19a46ea9a1078ee5,0.5309046387802677
0ca161fc498762c2,0.49164303441212076
63f6427c6dcc13c6,0.5306779915832978
d77a8971e1084440,0.49131500285355045
7aaa5360baed3395,0.4895523915922465
7626d35473c1e3d1,0.5188199349027772
a1fc7503434bfa11,0.46218729681171955
c1fac633e0699084,0.46612046152713427
43777a868a633b18,0.5333885508014473
4778b5c33f1a4b9c,0.5399906039911864
97c38b2b1cc53ee9,0.5495429722803359
b68ab0f861805520,0.4286879062520357
08eca2214aa4a477,0.5522678230734681
f89ac6f589ba5bc0,0.4900387827299473
c2fdaf99b518e1cc,0.5288301781934025
b794b035983bd6dc,0.6325402222746326
269093b76686b334,0.5151515877176205
ea848bcc7587e1c7,0.4820694522529013
9aa1da8cf21c20d6,0.4780512494692637
8681d242efa79261,0.45998314131888074
a5b316f1693cf7b7,0.4852515218821357
d8103b346cd5f101,0.5073549149062087
66a3308aeaeb6687,0.44992340911052575
7e0f5671bab91547,0.5498576466364853
647ff5fb7a36cfaf,0.44133938377682025
0a03f05f669de292,0.5143365130304215
813492726592f08c,0.4830757279334206
6587b11faf46ad29,0.4650302516815602
265a14106cd53f94,0.5133653252557145
b70414354640f71e,0.5215405133499725
b255fb73b19d95e5,0.45408923548304647
6a45cee6fbbccf53,0.5325150478825011
0592eba8329cd3e4,0.47077629068502713
533e405e3c6463e6,0.5160039180130086
1058d83e92194e2d,0.47703736721138934
155eefdd11b90a61,0.48649166321811677
c0ef773bc1a6eed5,0.5238799841956734
d902e9f98e56311c,0.5339084809375861
bbec3090229a58cd,0.5749899698073895
04b9383a082aacca,0.4707676483659591
47c53155822cf973,0.500817365128055
e674734d458c343e,0.5566691244575576
268e55a9d250bcc4,0.6041992088658547
d204f891b52ea42a,0.4884377971195053
a37495bce41619b2,0.5129282488578576
99d9a27aad96a68b,0.4456458539563678
91c3ebc47bb7c15c,0.5687870514735592
fe935a932b9878ba,0.5941478025338011
97805d16f145a639,0.4579747559503544
6211f70166f8f19d,0.5262243696570463
95dfcaf79ac1f791,0.4289642377200559
7a9c319d00f3dde9,0.5127213769927852
ecb40a333a4c48e8,0.4987237993979181
c8ddd24248904c39,0.5009942047745277
e344f1d17c00f7fd,0.5562006642124093
992c3e2602169eab,0.528867186385086
1eebb2f009500644,0.507541973667748
1140f1f5cb202410,0.4540722719411687
b00e3af3f370a78e,0.5859097020936719
46a41ec11b1f5d49,0.6036378537226387
a2fffc2b94596952,0.5115883196177791
ce069889247280a2,0.49702345869496267
ba161246a78aebcf,0.5124996336857289
295e2aa1d51626ed,0.48809301934375204
aeed12418fb2e25f,0.4907226971013141
6e905e673e810bc5,0.45281801887141415
a24ebe7d914d90f8,0.49580226070517186
c538d69182b69aa8,0.4566647576277223
a17eb5fae5399934,0.4525396938329225
b854e87131110983,0.422801283014943
51cf9192173c684c,0.5424623039229193
6063156c36d431b9,0.5360226041525256
37df14dd27aad48f,0.4447595421109397
15b6d2c2a5a2e6e9,0.5083556320644435
d9d68ef565675220,0.4829135519150456
6f11ce2d5b84e7a1,0.4646767259910587
b1b3522b4c7076d4,0.4628706563627343
1191e189a115fae9,0.5089917888003687
9aae9ad3357ed6c8,0.4831940902523463
18ebdaa76318251d,0.5433779955264468
09f7e8e87cf685ba,0.4958294981817277
482a11d4c0a339ea,0.5146284795230085
d715a699b798cbd5,0.45615357529686096
8c685b06c374eaaf,0.46553475361075414
ef61ebab2a8bad6c,0.5271359007241015
afc3aa15cbf0e2b9,0.484701158978206
0ff8dd1569e9216f,0.47128387961768947
03655dadb92c7ca2,0.4747660374539402
2a803fc8dac46c0a,0.46752967465540873
c583372cc1477266,0.5134403254383327
398895f8bee4f073,0.5220129870211132
fd7eae92fc3a24e3,0.49419631279226306
387584bf14ff40a0,0.5317184637945742
dd19ac55ea48f2d8,0.49530079439672503
6787f169267026a5,0.4866483931313803
ef4fb9897f87666a,0.5225652046918352
95a54cfd526df8ac,0.46387564064454323
f6b3eb0a1dd547e8,0.46902704054968436
516b5d32b47d2995,0.5211704425251182
f78cb7f8ea68dd70,0.5397397527460852
85da2d8fd9a13cd9,0.5558728866332788
968d0415cc1530c6,0.42759414182120103
4c5d0303e91e60da,0.5592048168318094
f13e218946b4837f,0.4999884126859332
2925c4256b2f16bc,0.5309744471789688
15f035b765e0451f,0.608612013527797
c69edc643f883da0,0.5141009996749576
5e55442178363bd1,0.4882238397148617
ba1b280a217b4162,0.4689566538441393
d9e450a9878eac64,0.45687529775943103
b4de5466f7cfc5c2,0.4926949782865444
70f2f2ecfd01b1af,0.5097697981598328
4ee9ba689c54f7ac,0.4425430524777523
d5b7420e9543ccaa,0.5399613503008589
7c0c1719b4a290bb,0.4468680760842232
37fa43d8614d2f1a,0.5094752012673767
8e0b552fbc366a97,0.47294532880132867
cdce3ff3697ae054,0.46840795203072494
fcb795ecd61102ea,0.5185253582341944
77b4c0749e55075f,0.5223972977306035
e259d0f7f69f16ba,0.4641697714909043
ab6b98dbfabc8d34,0.5410605993744966
038045b7d30392a0,0.4731117757199099
681f077116ba5430,0.509153627089099
7b054aa8606f4fc6,0.4900042889971806
68b2c97279d04133,0.49735614468318634
406c0831af770e7a,0.5180914346611897
50bbb1f5a7dee4da,0.553510140524038
392f932638d3a8aa,0.559159525623032
2616205e439f933e,0.4616105583109762
2cd3f327acf811b3,0.5062677095672794
4fe37165073476f4,0.5639477505515467
f01aeee6536233ff,0.6071220901816274
63abf9c1fae55866,0.497590500771391
75d3a8903114d7f8,0.5170500475607341
11c0ab655ed180e6,0.432062913356729
0f76f4e0ef5c28a9,0.5666868074506112
a1e45ba20eeebede,0.5929088972025234
7775441d01d12eab,0.4580167437902706
d10804f680fcaaad,0.5339529893740573
ba400bd0341bfb78,0.42838796059003814
8f0e94550080c67c,0.5055125493018935
7c333ddd938f6ca7,0.5233370922956296
4d7d9ee098a938ff,0.500477112673535
ac341e7fc8630cd6,0.5399136294184423
1cf3dfeaa12cd625,0.5160007267343091
c46f2b1e20c6f72a,0.5102313664121004
9d740bbe5bb9bb9d,0.45306837827845103
df0a1b718d0baf96,0.5757420238016202
34abf32c879b3c1c,0.6038395373585937
2bcf7e35bff810f0,0.5067314896556219
86d5aeace8b62b6b,0.5028380996659562
3261f5efcc172b83,0.5138571198803901
f346543723b65265,0.49082677039297673
93b0a053933390ec,0.4903332350924823
c932ba39bef7b3b9,0.4557826143117414
6ed4e13133ba3078,0.5042449714485928
13ad08339da10aed,0.45030708746523973
6a75ed571d85ab90,0.45916179695652004
31475eb7e7eb6777,0.4340004185930525
a26bced29799b36e,0.5330395625922061
ceac25e12e4bfb41,0.5427817000046447
164891c36ae32190,0.4631427222447022
87a701597f241849,0.5086768784786259
b4dd3d33a6084928,0.4867224107124073
870a49dad10a6bf6,0.45294536422967113
a4a58e8e340c213b,0.46947708201769456
fdb96046b301b86d,0.5037629990415157
7826a254ab748d38,0.48755860016374053
29a5278e9a2b4faa,0.5537835143738989
8456908def5b057f,0.4953174161398477
7161b1ed788c011f,0.5206081768357677
2ae3d04853a0c9b8,0.45343811465475925
aa9c627611a8d60d,0.4697618442548688
374918d4e3e9df28,0.5207297200282465
36894d45768f3b85,0.4661250098762638
fe8c60d64e90c996,0.476698061988163
c687bbbbb55363ac,0.4752282350820476
9d1282a74f6d1708,0.47479707403108073
d126ddd81b190123,0.5159828432056456
95e47582eb479233,0.5199178266039008
5a61e6e739c6cd65,0.49528271267975366
4c7224d8363893fd,0.5340708330393256
af03a5fa86b68a60,0.4826622051729281
f539709b1c6b1b3a,0.4826493058883988
76c7f21fee6f504a,0.52647823701984
ebb64dec8198fde2,0.4685475631284315
9cebfd019e634881,0.46302366263023476
1578236e4aa2a98d,0.5145892292604182
a63a10db5f7fd280,0.525382283788874
36aded8f3bfe84aa,0.5439233555849512
a8de0f5181336cea,0.42582060776205566
c94de09fd7efd604,0.5415486071105142
e7dbce2e9e8f7f3a,0.48609685855856377
416b35c6ccaaa3f9,0.5175592200614736
aa406e355b6b7069,0.6374463082465838
932ce1817b29b51b,0.517373570816058
76af663e31c51196,0.4944888088629744
6a3c8332d1179f86,0.46534545227665136
899e85ccf26e214a,0.45597048364975157
ce55f3f469088e33,0.4976619352091117
c159eb58106ef699,0.5129661451249482
2ead1df7f2fd41f2,0.4488081110323795
6be9de739c216983,0.5408984818486137
ad28c2230fa3275b,0.4592032992078512
5d41d4a33f4dcf4c,0.5028320744539573
ce966e6656a05e35,0.48550907588943215
37f4e8879cb281cd,0.4753984217194154
9431736c9b336bc1,0.5177226252142386
74af4fd961b25058,0.5307487720573809
132dee5503c7b178,0.47793871761811335
32aac16ca8c1e56c,0.5200371539528196
d5928fe0c403bc43,0.48624694912137667
9e108de23996257d,0.5044645865933205
df0d8f51f0d1b4e2,0.49987043775074824
18ed488569609c0d,0.5021083250514901
9cb0e4358530fcec,0.525334466148245
98b9e89061bfaea1,0.5663116856527799
53bd7de6deafdef3,0.5703326233073155
3f926b1da2c39103,0.465108466029316
69473eee9b124527,0.509829731181373
247082300abc9144,0.5724776986116804
c13f87a26ae74acb,0.6045854132789122
e9b600d5f208c64c,0.49643651674876554
1ff8ae5740f36b18,0.5097209273017841
04e8e02e2aa95f42,0.43221388903393754
3c55edd395a95dcd,0.5873969241389808
e34a074541c39552,0.5925604361306304
c4d6fcd51d96e4d7,0.4579173402777823
a0d8810147e389bf,0.5366039226509056
1bc673e418aa9acb,0.43303142167053577
31ac1dc92a42c1bf,0.49967812609718765
ddc75f89d555698a,0.5277409867823061
a89f8afe01ec905a,0.507351791568087
e964b7e3f0ed88b9,0.5452618538317607
4c11919f50475a1f,0.523165974867504
bfed4dfdf0067e6d,0.5141630879481072
e1f0f6a168f8c114,0.46827068359452606
9c79e121d4301002,0.5680192359767245
23591585eb5e4489,0.6053168017999488
8832270f4d335c05,0.5110244263307071
3aeb09579475c652,0.49135312688545385
a2c5185367279cf4,0.5066511305341029
5cd56c1de8ba300a,0.4867122114225293
be40b8d3010c2b7e,0.48494746183224224
a8f943d06388f5bb,0.4524657734472677
c493c4cb70b513ac,0.5028451558569488
21d0a0d81af6e41d,0.44948904046728366
db73ed1ee6faba73,0.4478548089875273
b74085ce219bd054,0.43056085349230266
a4787ad913b7a927,0.5309824451387652
877431248bfc9c62,0.5391905597529918
584fcf639555a92e,0.46946198905386693
ea8282a6d89f72e4,0.5122490503414151
2a30ee883ae0c646,0.4896445187621302
280d0e939d70e276,0.4609939403792933
e2db831187897a4b,0.4647034469191579
9e8d7231e95fee28,0.5007717031942661
2a5455b706eeb9db,0.4867640333534351
b2af877cb43cebf4,0.5504075969287847
321faef1c8d00570,0.48955859975207217
7bc4755c6df7bc1a,0.5176321825296832
f4dc0e4ccf75ab6c,0.4583864745087334
6f7c92bedaa9310d,0.46052540728804914
8f2fd1d2c85075a9,0.5207130533201336
b06ae520fcf31e92,0.46767925839126157
ea29f422f00c4fe1,0.4874490466880754
68208e4b782e3ec8,0.4787672953262876
75c31296e3b42c1f,0.48144062717030445
92efd52a7ccb96e9,0.5185244530170532
8d514b78c2aa8448,0.5131869365433308
3f9e8168e73b9cf9,0.4830410401594566
82372a4cab1e48f2,0.5184384592153863
ba5cf616aa21df64,0.48053104815919423
2156ae563c626308,0.4942520005024962
a8007a8b53ec4a2e,0.5170903482947086
26cbb3df061d4545,0.46206417803299527
1ba6081b21b6f2cd,0.4678902849741028
fa6257bcf3bf77f8,0.5244823966145872
53c712ee06d8c891,0.5325289496540004
6cf345aec017dc9a,0.5506572774736591
ac3ec8603eb9e983,0.4260557568794452
812d2c629237f158,0.5394421987784125
d1fc446b3b8e91c8,0.4919730279464636
9d0d73689ea66b78,0.5144785274938227
a868079ebb411ae1,0.6211419957333897
b53f173b150e60f8,0.5195940441318905
49dba22c2598534e,0.49832253630986345
b6e1b13befe91a60,0.4660240071771523
c60978a59010e263,0.4626940179237875
1ae27946f527e487,0.49364788365137646
1c46e5fd4f924a65,0.4972658812354519
ca97f95603a54b9f,0.4395825231775232
662ccef5dbf5ca03,0.5470718689666474
f08e54dcb297cd1c,0.46135160446925405
6c8304a8ba3c2dc0,0.5011121512196988
caf300f8123940a0,0.4780425868540512
e74d4f09fa785a28,0.4786177348519218
90968e2281297657,0.510227259279196
331822ea8817b00c,0.5218228825667022
4ac5a87e89f6bea5,0.48034478287932836
3e59f590827ff54c,0.5269661834839572
5fbda073735a6346,0.47667003697252963
a2104c55817747d2,0.5154843419583882
20e6472ed2dde67a,0.49854360324402347
323a7645d4e34a92,0.5036275556577974
d45eb0bcf7586e5b,0.5212292167013721
3fc4bbf10a898619,0.5650827841602899
29398e9f8593db59,0.5726111364114187
b7df198f8eb26f24,0.4754757602049503
1c59f3a72bf7637f,0.49735297493097186
4f13a8d59b32ade8,0.5643286426550052
931caf69a5d293d5,0.5938287752575875
b3768b2d7168bf3c,0.4889415788363547
e1855fa4b730e8be,0.5008533670992523
a3ee1fd38f4d0e1c,0.4361752128613262
21b2c51524898fc3,0.5881316995989978
cbbdd2516c909bf7,0.5762184606910912
fd7030bc1b2c5485,0.4471432800572629
715d8ebda570948e,0.5399458797321166
36f7aa2962d1bdd9,0.43632817653027245
0296d5a7f3995c56,0.4986159942350037
ff6cc43406d793e2,0.5169935911590272
377bf62d20db8c07,0.519007662713381
1fab724b258f20e8,0.548326205135379
d911806984ed053d,0.5311243773799834
47107537205935bd,0.49568490305592827
b1339eeaebe00d77,0.45310702438252237
11b47c223e54fda6,0.5747754788607291
5c1c3d99a8c159b7,0.5983723359399333
173ec77bb44f3f50,0.5169624839002568
041c4052561164be,0.49348456976884936
3d5422b0b9f75762,0.5006921180999131
c299091fedd011c6,0.4937771108703565
b56d35363ef0676b,0.4770165884966233
156f811688f18d07,0.4462109162448272
4f0e7c4d5e499293,0.49863926452627205
965ce20c130ffd74,0.4377552168506883
2e93b232cd909e37,0.45156077801260275
1a757ac1f9855dbb,0.42659504887761723
607864d54acbbdcf,0.527535009686205
e1b0146c3ee64b7b,0.53834644478096
50685d4542d2842e,0.4614252783279733
8993a938048cda74,0.5097681754046102
d0fe5ac59af0eac9,0.4827909917536579
eb2d49443c309170,0.47939641625610996
805eaee414afe500,0.45947453735183297
37caa621830e1d08,0.4779864507386895
cae47242bfa3c412,0.4781149782527929
29059c03586d1ed3,0.5641077182435875
19f57a43c3cfb866,0.4835755576427003
34ee6f6159095bda,0.5193034187108401
277b80fe6d756499,0.45658953095214083
e5bee8f84b3409fb,0.4615359232871554
96dcca3f87440956,0.5269951648572819
1b8057c3c43875f2,0.485051091043765
ff90b762c771c8c8,0.4725413628102244
c36441e3c3d03490,0.48054332304290204
fe5eb0e091f11251,0.47284673719089443
38c0b76c4e4b608d,0.5021725089047775
6bb9a15d2543b1e9,0.5169106225763592
701912dbb7e65c8b,0.4705550790054629
41b3c475b0f84acd,0.501244814147571
c4a67fe83a94722d,0.5030394674786712
6ece19b8ab5c58b9,0.4888580511394376
2878c7c28e0c0c87,0.5311003090503654
7d44a42b85b8bd82,0.4554450676123156
222ecd908d43bade,0.46623161960902215
a26bd56506923fd7,0.5255914325415264
0770a24edc72072b,0.5389336893147226
9ef61e7af42e52b6,0.5455894652370279
1804bb175e2dd9a1,0.43267708326530263
ab357f4adf168e09,0.5466906924159404
069071082e937750,0.5000224253999681
0df79cddfaf22ca1,0.5292721429255614
22676b36ebcfd06a,0.6194490544050972
d7f23407914d5b3f,0.5173731000317967
cd680ac7ff349290,0.5058334271082903
0481f19f928218c6,0.48197393429751345
488713107981e972,0.4608955825660106
ba922ebbcf5e452d,0.4884936357261731
eee8e76745f933ff,0.4977236586662668
24d90973ed9fce2f,0.4405347732929734
b985b88610030bbb,0.5495449185168653
fa799361f1db7bcb,0.45722759713701666
2ddb2242cec28f04,0.507647216392892
ecad2414ab7217cd,0.49182122273300843
4854c5c0d6fc23fb,0.4742403547916241
01a8dedcbb49c155,0.5080370665984009
9b2c47eacaa7e2e2,0.5262672402945159
59c5dd5a13bbc431,0.4871401074340034
6be4195e383e44b9,0.5184929636751229
baa32301de799ace,0.4795853428830398
091920fb71bea5f8,0.513152015334948
4dbaab7befb07d23,0.475321840276161
6c2fb6cea204cfe6,0.49131152559901736
56b568745eebae02,0.5237193995947286
fd09386bd29b7d87,0.5883487722171858
6c9d97f246b72c55,0.5764818313047818
0644d1ce100f2bf3,0.47676865086035447
6eb65088e5339ef4,0.5009519981180306
00a86410d979b151,0.5538395174452517
802831d07981833e,0.5869099441677641
1935c313ceddc7c4,0.4981013467044465
630e75e96d6cd3c6,0.4931897087682311
587ee51d795dfe87,0.45425058834498067
b9ec4e6c668f44c9,0.5714665852143166
dc44c641a875c83a,0.6017157827125695
864c0fd9bf18587c,0.4596839993920552
9e5752c265521831,0.5410205968139452
d578dad422b6e4a8,0.4463439657558994
13a25cf70777a42d,0.5003894255039576
0e8c21f65ab7232e,0.5300794563290214
0b595a77b0edc5f5,0.5226516823891003
71e9588470548606,0.5484486146157803
1960b37dfbd00d70,0.5265397463129204
ce5fc9a1d876ed70,0.5041227386122634
06f52634a728c4a5,0.45961725738717285
ed8943fccad1e7d5,0.5744333092171653
122f0c1b1ff39516,0.6055414496512075
0298b05e057eb0d4,0.5045561847026947
cbb74031b883de55,0.48246697573414943
ec8fc2f7ebdd9995,0.49544962733166686
bcbcf5b224078bee,0.4825548310338139
8260c0759880357a,0.47937830714345764
6638836445ee3620,0.44772724679753884
afa056cd759c3e6c,0.4957874134660014
8220cf2ed6c41b5e,0.4446823939726774
2cbc6241d4c7b31d,0.4652295950254255
aaf1ce4e83fabecf,0.4486157541661937
aedeadc5e2e4b7f2,0.5263367173999104
268f7279096b6c98,0.540995895825384
bea0d729d5da1aa6,0.4457044513958416
3fa8c49121599cc3,0.5097605365456316
278d8264c65b7574,0.48252288442594493
f025a38e665ebe0a,0.4854070099336366
54b95d33aafeb953,0.4590586769334355
0deaae37b8352164,0.486930459185944
8fc1bc7233757e89,0.4779023968551672
f79fd20990707a6d,0.5616483898264445
1445f95badb694b3,0.4821668454170557
bf7ad5dd377516c3,0.5214743544152631
2f4da89f161db64d,0.4603311547683635
dff5f349c47e23a5,0.4554285915015691
f3040738e6362379,0.5115288683541599
8a15523a790ade50,0.48311052731841264
a211f034becd9482,0.47606865299350376
5631b7bb06de7640,0.4773981268981058
4df2352b41b1b62b,0.48728867859441927
66354bf2ce00aab5,0.507832471567219
78a91106039e14da,0.50719253768321
ebebccdc7642e097,0.46581012318539816
e5290161fb627609,0.49501341757540795
e8d1eb0a0e3436de,0.4997729052102149
c944d1274601bf32,0.48693636690553976
be5055af869620e8,0.5348797505248492
e2fcba3df8687f40,0.45548446162839973
7c81f0f3b4b75cb7,0.445731730991331
74708cfd08ef45ee,0.5316676857945496
42d3b9d099fdf2bb,0.5376480817566495
6cd80f50432e8df3,0.5340635089832002
d97f1e89bed79d99,0.43121425405983127
e52bfd6c708c4540,0.549732806645615
b03bdd41764e7d62,0.4955115032143058
41149d716ca3a530,0.5327644244865114
db612828a44d6496,0.6413331152333271
dda6471e5e17cb66,0.5123434335749637
5bbd39e23fc38d2e,0.4999475805119138
7aed0d14e63255fc,0.4690903352748901
db43da9b9e9105d1,0.46052467737071723
25c1fea01d6cdd59,0.4888596939053962
dcb78c34d99b4c84,0.5048108859205018
88c1430d24bb69b8,0.46600230229470874
579ea8b21f830ce2,0.5455513184601719
9f96be0bf064ef82,0.46136134186092337
558c7c21f09f84e4,0.5154260597400289
f88c09abcafb463c,0.4828037772032868
49588dba56a3e496,0.4737324049728996
9e4d3130c10453f6,0.5155830787043273
f7c88545f6141500,0.513932800822648
ae05c37edc8a7dec,0.4836969934610107
be817260af21648e,0.5227201850856598
bc96d17574018a4e,0.48249513980758085
a3b45d7110eef956,0.5105655268632645
80cb567e702b7d11,0.4734008730007234
aee308ea281310ea,0.48497015020467993
be925f5672eee948,0.5192446171787962
6e1c640ce1922440,0.5908446320908773
e2d4e3a69f792010,0.5794288214427172
cf7ec43b72b08fa3,0.47192889597378074
75b66dd22f178bbe,0.5013258552820802
869e84a5db372136,0.601166247826966
3605d270b461165d,0.6126592678283754
3c129a56d9eebe68,0.4931765723489776
7e7d1e749967f328,0.49532060527994437
fc97f60599a2f7fb,0.46666165413719474
3c1d5c96bec558f2,0.5664417776223094
d77679b09ebefee3,0.607363483898257
2f6d7ce632f35ba4,0.46011263385273726
649a24c3f38542e1,0.540961607806449
749d9f7f6476f83f,0.4429204610028219
9e6eec67dfda43fa,0.5000593932735131
8f5167ad72dab29e,0.5252937843234738
b5ba53965a99e159,0.5134704445808286
5ac1cdaacb70caf1,0.551243251599206
7413b98048cb241d,0.5167844677974793
86a5741228270183,0.5042152189530981
4cfe30e7134e72aa,0.45600654527723816
22ac62403d54e1d7,0.5731285256933182
e8f4f660bdfc7ca5,0.6157680923397518
d648030626587b01,0.505624117961223
005f6d05bcb40d1c,0.48229432856243715
31d904a44c18311a,0.49527036135544766
d8a67546cc6bd3b9,0.47974836115011077
2b2be7fe089519be,0.4833046930528869
ccf6ac7d76b69261,0.44463161308294286
8efcf336ff33c0d1,0.4977948490016706
288175c4ce84f880,0.44732757188509154
ef30f16534ebec0c,0.4679989166981422
e81d74e07fff1883,0.4475062821589948
bf38c73b7c6d4315,0.5234624211021128
a234e448cd683824,0.5325428647834326
cc9f02ef7a7c01d2,0.4496316063046155
251d41461c65036c,0.5094338631258704
c4ca968444b089c3,0.4798311845689458
18c9af37e69428e7,0.48365435735886786
73ed15dcfc8f7bba,0.4500237077379785
3c660e88f4258c03,0.4868317140458197
cfab5dd716cd424b,0.4817565362646874
20032849b116e68e,0.5472416281593964
c1b124b17f0f401d,0.49080069603068077
294a38b4cc4fc6c6,0.5208955216518903
acda69dd8cd587bb,0.4829673281837803
adf190baef5514dd,0.45383504740519887
144575c0562503fc,0.5088254210007461
07838bdde559fb1e,0.4808029672731787
6b27e2fb151d5633,0.47590025360590626
30812b0305864a47,0.4766046526854866
4ca443df08a0e42d,0.49123400748383217
a421831e2468507c,0.5078960928960401
3838f069d1cf5efd,0.5082711768037437
59cbb51706ac98b3,0.46948740409376
fd292dc80eda1b6b,0.4962764425660142
e15fe74e618a4388,0.49068658335227044
71ace070a9afa64f,0.48097864932985457
e68a6ae4cc99f5d7,0.5353524394673452
b5ec58b5433fa7e4,0.45455612250967925
2b74413a7ef24a56,0.4432417129121734
1156ce99ef3baef2,0.5229502965776122
507c851ce4005071,0.533972257137983
8613c683863ad1c6,0.5348127081600612
102225c3610ffcf2,0.4343175173288585
18f8872eb9c1807a,0.5472228019209181
3979048d6406eddd,0.49726330467104185
04c0aa21576ef233,0.5295408441595465
f2818f7f027a3112,0.6470375184998456
d47d5a0d5ae3faa1,0.5056744157717361
7a67b87e3f0d7ba3,0.49941422842384475
d88c239e02df9a48,0.46375303549319424
9571b7fcc24a075f,0.46469587417329583
7febdd6daa3c93b1,0.47379593100100226
0f0a63b3093d3966,0.5044767634678212
06a71f9661f0276c,0.4699365046341911
564567c15281e961,0.537475703850032
82ecf293a3405106,0.46725827058023917
ce20e36d412b35bb,0.5029963688680487
bc85b0a510a18543,0.48787739612711645
9a69bff164d73cca,0.4808859491333093
c5bc531915394a1f,0.5197337189936733
678d6929b729f939,0.4968936612808479
877f02a372b58997,0.49435175491382144
f71ed07cc9037761,0.5224967060313868
20de5efbadc22959,0.49159143167555763
ef9dca7e3714229c,0.5064959155634361
f610dc3f999e78b8,0.47744441145884453
a205afe6e0bb57b9,0.4790427572239183
740d6ee69d02d1a6,0.5207768393599028
f626ba80c6baa78b,0.5939968760755533
55699344eb4f3d50,0.5822445304413466
3473c256d6aee03b,0.47264743067063164
4e3dae874f7aeee7,0.5127261073678694
cc3b93346bf791ce,0.5912058140747938
2fac8b56fa835d07,0.5883384381839
d022f7f4997dd917,0.49352294495513305
de44137e0d13def7,0.4978184090964364
f55209010a6f3abc,0.4674738686207819
2911f25f93d07172,0.556579807808266
4208e309473f414e,0.5917200358396264
b1e7c3b7a0c116da,0.46435426471850194
5266aed90fd4532a,0.534235980240133
ed51f59a4d690dc1,0.4374312224222785
99e80b730449566c,0.494252448405165
fac8ead9d85eee3d,0.5230377702014603
5002591a9853bc83,0.5154404774002124
3af13b2af3152acf,0.5551156073517985
478b4eaca45ebb36,0.5327999765904794
c52627e6301522f1,0.5045037524447814
95c9d4e22a7e7b43,0.4479793041189385
839567cad4aa89a8,0.567369722686875
a78e5dd4349d637e,0.6198403794017125
e4bc020e419e52fe,0.49604464229679046
1021f186ad8d4fe0,0.4832813280296082
617f46a0f14e75d9,0.5029432768055493
e109fd35e709d53c,0.4770638955745752
33fb99b99b0eee8d,0.4733858816146711
fc91ff2a67ca31f9,0.4664577988083267
1741b09f1566f329,0.4995222995789944
8b4f7991b929a7ee,0.4475796097714564
cbea184fb3aa0407,0.4630174743840336
04016194a8b3df22,0.4408040889208388
115e7463ee646732,0.5238086064245461
4f6498b6c52d955c,0.5350691326807064
3dbdd49069fd0671,0.44219711862265165
71bdff557934857b,0.48321191121714
a2132dbb16ec0ef1,0.49517843487024404
e79fd9f4ff574938,0.48578334910932974
021aa6338496f273,0.4523814511775821
c7afbcc2bc754d62,0.5047695773954277
4606f431cea21d55,0.48321493718066866
3d5fcd472fafa302,0.560124829872672
6446e3cf46bc56b9,0.4840676990512365
743c25a362b7c8df,0.5199134996823893
5c2182c16c987561,0.4888795801370587
da7df5e1254aa8ca,0.45069757911825725
3a3549b51fab039b,0.5022368668798451
baff260bfcaa38e6,0.4811200700933672
629bbf7997ea065c,0.47196706291959
4ef3885db3685386,0.4712669871465922
45a28c7b8c87b0dd,0.4983655332335791
c6d8da101ddab927,0.5026294121098847
d46d02ca9e5d5e0b,0.5078735309170637
a1e5a154a4788e86,0.4705131789583823
4e251d014f9ab165,0.4907871677954677
f2d3393bc9f56ba5,0.4872426756283659
ae03a83b292844ee,0.47894943841735627
8124950025116ff8,0.5313949970054527
a06823ff7265fbf3,0.4573458059487254
c9f4d79b2290e694,0.4406943833272343
e1c31a16407c3224,0.5350018173897819
f62db3423251604d,0.5362860327321941
2a584df903bfba61,0.5345915812201237
792006500fcccdd8,0.4398151702566082
f52bfab1ae5ac4bd,0.529937685268141
e485c2d939cdc4a0,0.49422647618403936
885e8f7efc53ecf7,0.5268662851598811
65fae4bea0825d37,0.6400705275727787
8a9a9abcea255745,0.5070681572363761
3680b0f1ecf4a8b3,0.5013999523475289
7614f7c42eb8bcb1,0.4491224441657704
c4f94d4a93223b3a,0.46321369576587457
e8cbe742c51fdde8,0.46725297947783373
c7a285b9d9514176,0.5142322530482993
3c2934c5f14956f7,0.47189659397370687
3d4babef6c98795c,0.5459063010627541
946a1665b141c11c,0.46006300426107116
34c059a0426d9d57,0.5012239473572737
c5b164b4f464144f,0.4925037587562975
8a62b814656198e4,0.4778840035917602
24836b128283518b,0.528596115999147
684068a673914c69,0.485235405969353
5c1c45c73e706719,0.49014818896079604
656006057cbf1b15,0.521722294826164
80261a0af09e2957,0.48008042263404627
292071cde930c896,0.520745901705598
a411ae555c11f01e,0.4676442958400281
8924a387ea0acd9a,0.482537581101373
7f1d379dd8993de5,0.5114422017087181
e523e08f80cd33a9,0.5775509819169969
2ee7a2634570aef9,0.5621971296183477
9a04a90e0a27a196,0.4746736829426659
4cf7b63d06e2b411,0.5136622315525242
c8a3d11e1ba0a08d,0.6049439715068694
cde5218a2624a132,0.6095119546075896
415cc37172a1fc88,0.4932602686299785
b508225104cdb7b0,0.4923198115966243
8601f4a2a76d2585,0.4602699343237696
0fdee19b7d8bac02,0.5693182362421709
e9605c31095c9ecd,0.6050053505035127
26558c67d6a163f2,0.4608537907838215
666c4d7ed0a0585f,0.5253819476094527
2e7194cfe7321e9d,0.43664899226117304
dab9745e501986f5,0.4915013681347149
971a4bcd8685ea7e,0.5168055804918331
38f1e7646cf0d79d,0.5056893660385254
dbf63ca6c7f0e2d5,0.5471481815960018
ee47ea67db5aed2e,0.5447045476139643
4c95e57ac336615e,0.5055800442850661
4623efefeb586dba,0.456159423649657
e85d1011ecfdc277,0.56743369320759
d0d484c528c703c3,0.5952979192959188
1c2713b53a5b5543,0.49646995470874467
30cb410025acb35f,0.4804136961244224
f36ec4c8fb918ab8,0.49046834615644863
0ed9b61ff11e41e6,0.4723878876892713
023a13ad0e39838a,0.47688549222884546
92a7c772007232f4,0.45766890795431125
52b9755f5c57e496,0.5156211129688342
6fa1221d967a66ca,0.4456048004459098
50fd39e13d0ec660,0.4663556083904785
157311382b1f49e3,0.4476546711417507
c240d07966bb321e,0.5368085342597259
3e62fbf6759f0528,0.5339184133127215
98b53a162d75cff3,0.4417250698696007
ad626e7448d25319,0.4937515876641635
f243a85a6821d982,0.5017840594908501
09c934055026611b,0.4926564499365125
425f2b5180dc8441,0.44356799042109674
af6061436641619b,0.500226245593667
6772802a3859f08f,0.48116030959019307
d3be01893a306c0d,0.5636914616459991
bebcbc71aff42eff,0.4840119724984444
3d20b492642bf5b4,0.511846040974661
3290a0e79f7753d1,0.49891100069029903
ff6d31fedc870bc6,0.46282811080833186
cb09d50a3c645059,0.4798360712938945
5f6e69fe29cd2bf0,0.48434970452038684
f38af793ef9d0bcf,0.47178920960397386
ec5a97cf2208a18c,0.46939433598822333
740e29461d9acbb2,0.49825896231309397
64cc8c7ac6b08d80,0.5021297532047442
a1a82b96917fa479,0.5252130543181387
9a461126b0a273b9,0.4608128741494393
428a2fd711b8e922,0.5018688432797596
07367b519ded7ea7,0.4922034185139611
c5635d4902151a13,0.5150761023643005
68c3c4f8dd4b4d37,0.5230482646201
3f7d5164b4641854,0.4677640415665074
de5b96b883610024,0.43813395289191626
d8b3477b59082d65,0.5372378132633852
c61acafa5fc4fc39,0.5351990087036592
67f89b18240baa4d,0.5326064982001838
63dd4c0756e3ef9d,0.4518809591442243
bb5783aa75e8086a,0.5447116507807255
21f6715f73c16717,0.486627934818765
8ef52dee1174786f,0.5313438500879463
edfff9396dfcfe4a,0.6525840981725973
52c78fd452cec342,0.513636930587775
21f3913621057adc,0.5126208833677883
1292daad72e337e4,0.45707847010464375
4d9165e1289438f3,0.4518024365836646
b9178bb0053f9613,0.4619806239369699
4cb5f6ba4c8348bb,0.5130537905757365
6150fb387506064b,0.47200795037174625
f6aec7038a3a7581,0.535264846302004
9ac3bf44b34d0630,0.4578285181815933
1c6cc9672a931b5a,0.4949967154118541
d0e70022b1755560,0.49577145324996763
8c019bab70348d0f,0.47787625147185175
1802cc853e5e2d86,0.5302113721693056
15df55cbc8b230ad,0.4826577438221593
367400ac2968a4fe,0.48414873530729197
f5e59e2c3b49a3f5,0.5206497659875018
21fba1c83bf717ed,0.5018562371567197
19870ce92c6e3c34,0.5206404049870927
84f6cfe20705bc1d,0.47166070731205545
ba0685bab0b4a335,0.4908017326519085
9da2aa9051ad831e,0.512310969607899
8338fdddfaa19754,0.5807755686391571
f0d849bb3d141db0,0.5775789373860027
ec923216dd7f91d1,0.4851947981748812
6463a364bc3909eb,0.5096187455318038
f655654c3e53d7bf,0.616258253439079
438f647b722cae9d,0.6210166658977325
7d0a1338dfd4a550,0.49026174274111955
044823f756adda26,0.4882568948997843
1fac65dddcf234e5,0.4639163391732014
fbb0ea9c886aeea6,0.5818671352057329
b5db880da99ccaa0,0.6198831481886937
e1ba9b71dfebce86,0.47331080752057286
cfe5863118f0dca6,0.5325883698886041
78d1f1eded02b43e,0.43980670308002123
70dcc3d101429829,0.5009856052622277
f232a0f3d2f541f7,0.5276772689582653
30f23fcb79e67ac8,0.5045769432881366
6a332d42d47afe51,0.5355200096848335
eacf1c2f10d39cbb,0.5374773710519136
f2f91622d723b5d8,0.5148600399024487
93f244a9a6419201,0.45196140128660667
2cd30dd2664c4114,0.5576516573541731
f9eac920bbc603dc,0.578282290650671
279498818dad54fe,0.48952064808367646
ce57985158cd661d,0.4761173213944998
3577a498264123a3,0.4977447009468471
3391e42efbf35c7f,0.4735386481950784
6693ac610b172190,0.474050247172608
08200e1f2cd797c2,0.4519569577145257
a8af28830165b8bb,0.5136050964528838
c88d18a24d765a3c,0.4418508969797237
be585ad59df41ab8,0.461388227309522
d21a01a80b801e1c,0.4400540461765845
5e731aed52d72595,0.545459280349032
ea508ee78f2ba9fd,0.540139013023915
0adcf76c9968eced,0.4511847306858573
f4ab81008aa5098a,0.5098227061696037
87cb2735deaa6f0f,0.500168740752585
d9d09b777b08d0d8,0.49824750553329233
04149f3d1f2fe8ff,0.4591387850119578
e08f77ebe7888c67,0.5009545588846709
98956f445d1e84cb,0.48234703566251524
1fe4a8d0669902d3,0.5453102979575493
dc90cefe97ab68bc,0.47798144162198763
ef908f29929edd89,0.4977377625722966
4c0989ccd15c7e32,0.48785160367370617
b40e40d60cd9d5f2,0.46172864333963315
833e26fd25033c33,0.4846861252663479
def5e445f716dd36,0.49200690367232436
c8943526284c4af4,0.4843827244356974
11f9e7d18810a40f,0.4706469291685228
40dc015d5e37c91b,0.5042256950646251
f775b617571b934c,0.4956695405582874
5c12329b26a5bbb8,0.5311699298405781
3f6ce06ff300db64,0.46210753655611825
12e296b31155ecfe,0.5013437950299047
ff64e8585fb0ed41,0.492391872837295
3d902d58de7c8be6,0.5136762819413863
3053cffb97a25d74,0.5162607062114379
9bbffc7c6bee75a9,0.46069427268346097
011b3f346a2c9185,0.43863216712958586
19a65f9921f14bcb,0.5401200969279334
164223b0d43fea25,0.5219612434072396
728dc7368a653635,0.5341952987497481
61f3c633d535d754,0.4462149137614213
f0da5ab528867edc,0.5250958175454319
a1f7370e547d9e1c,0.48685319255016857
8c580fb1b38d850c,0.5233803852036314
407e8f5dd998b82f,0.6336340309979227
7808baa28d2d1287,0.5298187883631937
c1c7284024288fbe,0.5079675879451484
5f3b69023ae056fb,0.44519889527408096
9429158fd69c8248,0.45755038368981493
83f056fd3872d38c,0.45588940014668533
407a8758c5436d85,0.5178293372630322
a49dc4cf93f93df7,0.4779432590841275
faf4c037fa5af3ef,0.5378693961857536
6c18a208f50a993a,0.46821828611281113
3c0c79581c63f883,0.4811746928299878
7f6427431f7cfc3d,0.4959543071228044
457785fb8b06594f,0.484369604375414
5a663e64b8f0ab28,0.5372962661233645
3394eb25110861dc,0.4867242659454545
f93fa45f3bece7bd,0.48450861236548026
34d096fda3c5000a,0.5200305380508423
e4d22f749e3502cf,0.49346165314248713
fec89997e33a38d5,0.5412701968173592
ea258adf0fcf3005,0.46637261679977904
c0ecaa16a2a20ebc,0.4733472045702771
87ec6c29d6f3d106,0.5138286065437695
8c98c5435cd8b95d,0.5838295408866763
560f95c37c239fc7,0.5798677285261769
0d4082e5a708231a,0.4755233528550067
5b348aaf1d148956,0.5020952129009155
a7c218d78879c7f7,0.6062350188840055
3be0d9442d4a3d7c,0.621318252614988
568613968477ac05,0.4809450684454244
ae899b8fda0d608d,0.48914178634071903
c412e0c86de6463e,0.46888572814304463
0dca8af2602781f4,0.587275395344164
1035961efe451dfc,0.5907004669189911
ec177f16d1184890,0.46313382682605964
04ed19327d309583,0.5257921514020738
b4b421a67d8141ca,0.43476005965973163
1ecf1e973f53ea0c,0.49520031746775917
78b3f0d69d19f18e,0.5199962894797042
21d9554bc393612c,0.4971540325250505
a9ed990276bdea5a,0.5366557593927462
6d1968962318634d,0.5301133408939107
8cb16afb290602e3,0.500765548900474
7a5245f3fda5dcc6,0.4596368369524487
ce912eafe4e1a3a0,0.557676662924525
fbc6bd0095b88f7e,0.5982734270598482
b67d3a833c4b68db,0.48858003469031275
7444a3976d6728be,0.4726817866763433
aebb7bb9484c11ee,0.49654740390229146
d1f73b095e11d089,0.46588446646123005
5163e801a448ef15,0.46348106409289724
024e91332cef3109,0.47261693473893895
094669d306db334a,0.5021296109722844
f86d5880e1d33f12,0.4496432892912696
f9f261ee009e42b2,0.47085292704123105
9da92d3cce699158,0.44645682797847563
9cfca5e68abcad6c,0.5516036371078743
e7e9d759a1db0050,0.5365789941821812
77a54415513acde0,0.4565454578919954
2ea52928435a3a90,0.5077218687687448
13b8c7604cd199e3,0.5126781496907229
297cec8cc56ac0cb,0.47778339857351115
05b8efc57d048a1f,0.44256601152377195
0a7e95742ccd6d4e,0.4978822947851219
54e8df2b16913511,0.4707357651343034
01e5984418bbef83,0.5445015392548549
bb48f1bc4f23c22a,0.47034810529569226
1fc8eaba8113d1cd,0.49616621992934806
5c6f2b6d683549aa,0.49375284701764743
b391cf808910d026,0.47056920725316265
92efbc24c5625d16,0.48804536867479675
373cb83cd010d370,0.4796703429942918
73c05e17f491b4b6,0.47183854988294494
0ad77a2a95f24788,0.4710129557597793
a3898b4700055a6e,0.49192064514814604
a2a446bfc6fb0365,0.48808513354289373
d915b6aa616f6491,0.5345016658894759
197452908061cc8d,0.4524766806703562
1ff646bb5cb58a67,0.4999376705668833
738be0d3d6875d4b,0.5014240824294706
6efdc2d97e72880c,0.49834394553070294
d904c1f4bb175f7a,0.5147505733798597
8c6b15ec7b66e98d,0.46413355730209216
fb06190c08614a03,0.46083067197079475
f6a2acfc4b11c8e5,0.5320930535683726
9d721e53799637a5,0.5289305355110595
c786d92b886d7d6d,0.5351307895121453
3bbcf5f6fe5c1ea5,0.4448356143068519
502da3a5d008e55a,0.5389237751683494
2bfd0736156c7d06,0.48379176897837506
91531da9fa6ca50e,0.5247987264139502
fa58559d8caa1831,0.6418684348934951
304beddae23e3e85,0.5436512267742316
678d898824f2ff7f,0.500287005859218
8626408b12e50cfb,0.46070128530673027
69a7ac08873ae3c7,0.4539058810649088
64658c6809bf7acd,0.451393197356892
55fd1cb78ed0e5c6,0.5167512228799443
ea19e937cb75f603,0.4793875446353789
97ec16de5137de8a,0.535896796336989
35ebbc2862df2ce1,0.4664276427283982
9bc3fa6aaf6bbb7f,0.482346236417708
af5053b750c1a57f,0.5059572957361986
b47becbddf9ff059,0.47932639858188053
6b6a2259c1eb0513,0.5358851382924756
e6f8e97c58c81878,0.5137146526273597
addda12949e8de02,0.488648736516603
e9af7f7d112f7398,0.5220718580780958
b40a5f85176b6bd2,0.4886933528004943
188b728863f973cd,0.5375591121336185
96c2231d2f9db3e7,0.4523217602016276
2934ad5a1d473312,0.47178583060660495
afef88612043fec3,0.507663236608481
46f477214ebb5f5c,0.576322659485579
f0f0b24cfe224940,0.5711290731178216
f8864b38a1594566,0.4705227277513826
cd30b03aafa90b10,0.5051708900852486
43cf53f428069b4f,0.6117322048405327
a432520c9ab72b23,0.6305128668495933
45fc33b499cb11e7,0.48244287799042196
8919508dc616fafd,0.48992755225503615
aa17999dc61e6fd5,0.47458878131774296
9aacac32235908b1,0.5808780847529835
bcb1d223b41e555d,0.5884091206941744
b2d582de2261f66b,0.4626884581376318
d287aa8b366e8f2f,0.5240764925031002
242fbd3120bdedef,0.43927048475700237
2a5d94db657a4b41,0.49133665445753727
63154d1bcb0af158,0.515432702172216
4ecd69113e054ab9,0.5044013860024525
033ae3a196fcfa01,0.5323515795971527
90faede564e944fd,0.5328668521143649
11696763bfadabb9,0.49878754601215614
5500802c02b42c36,0.4565365885292969
506d9ee6a8453a78,0.5623763887053033
b666be715d0163a3,0.599080291403963
b22e97d0f34f45ae,0.48568326466680467
6449d810d60197f1,0.47301007549687335
185ea5e2175de980,0.4946271972388937
1d057e99d98cbcef,0.4579933473674562
ba770d5666552eba,0.4598942177127283
92357984f2cabd56,0.4725790851182874
56f6118eeb797954,0.5107348939737728
f5db8f001aec18f8,0.4467381139764971
a334616e0e3eb633,0.4590781882862006
f9275f4bb14b6cab,0.44438116267080763
2ee132d9d888a94a,0.5569749505207081
80c838d3e8a0db59,0.5341350441101381
f5e3fa4a401fefee,0.45742399357179475
dcc70ee0f88f3b09,0.5068514200323087
29cc8b4261113821,0.5086961190862063
eff2830eb3c8e67f,0.4689865769942795
d74b7f37f22b53d6,0.44165514820670726
7b0330ba4654fdc8,0.496566956949549
cc6b51ae7a54e157,0.47941641158113146
e98b2344d979a04e,0.5576083700910865
d5179484542e031c,0.4725054123047515
a2daf313462d53ad,0.5033041533937108
bef114ed06eae1ae,0.49115055183486356
5b206fa82a2d47cc,0.47601943597571017
933a285a3e0a7053,0.4890018168039014
2a03429c3e677bc4,0.4707770525112527
b14ff0c78628b52e,0.47480933732983077
ba9480cea9ce631d,0.4728422518389793
c895a4187affc61e,0.48822670784784206
cc4f4be8d7a0edcd,0.4974749769709339
cf2ad0c3089e3566,0.5394780549412288
570f7a8ab024ed8a,0.43916414115355273
f8704b7e6c73ade7,0.5030243431125113
578ce1f6e5535d6d,0.4987130075154653
5ad9f47ae3ab71bd,0.4962416890851389
99f980d088ce30ea,0.5108654237434797
b30f32dc0a59090b,0.4610573607565994
e24c042cc49691fe,0.46994044446613503
9487b1a700f37512,0.5252906486697191
bcef84f4e5f26867,0.528643242307246
8fc0627629396139,0.5385012201169053
82130b6e79cf566b,0.44071757969992387
e79c057a79d63e00,0.5440099680056238
67b28ee3d7fc2394,0.48563157799699797
e40705a53ccc9d14,0.526766924974542
952b5c356d1f64cb,0.6399464505771376
0b7229f3738c3c63,0.5365063124274226
cc05b058d03a39bc,0.511736633854572
5720d2aecfbd892c,0.4620086833373398
79e5bfce7f6539b1,0.4587964823323626
da2e0a4a34ef7d5c,0.4575012528330531
4d6052634e803b3c,0.5161372074485985
fa2f969111ed8134,0.48248908875996266
2b9b032c7f35b4cb,0.533460015624536
3f7c9d584e7c0b34,0.4835578393911465
51ec3eadd9add767,0.48238217824592067
a85fac9895a5eecd,0.4973907576135491
949eb70a2abf5ad5,0.4842193547322532
df9a509cbae92be4,0.5292560859777188
b09f4d0239ca7a51,0.5057967575750504
c10018a9405b97d8,0.4866845950797636
c0458ab5c23a3d39,0.5294182237006002
12e29cc40ef6fdd3,0.4859182451719444
572ac37f93307347,0.5301935435838502
4bbfe1e9bb01cf44,0.4644769491785774
a788c7c789385d85,0.4682842145323278
f04778aa44e85753,0.5165593121845445
b97c9a57960af589,0.5727863963429918
9eba0021b3c238bf,0.5645635756721127
9222c73649b9bdad,0.46941603311024815
ae2c0c69217a116c,0.5037328449797189
9bfc1d26e62d5903,0.6154214292957749
0134c4c37ff22b6b,0.6004774637073703
9ccc2a5741f0b1e1,0.482354193833195
087896473733d6d9,0.5012219884862559
75dece824d4bc320,0.46329095327221026
183da7fc9447a6d7,0.5862786010991234
b1125509618081f2,0.588423797747861
b611559e3a3b55e4,0.4730145950779574
4151137280bfcb1e,0.5258848461614261
0545ce6e39c7caca,0.4450260087654855
ae7db3ee902b5b8e,0.49451396899717426
4be0c5eb928f5d53,0.5075578867603118
edb9ffe58fbd84f0,0.4996954235092138
1636b2cc3535bc91,0.5194778825346426
73e9b1637c192a2b,0.5283082333987947
ec3cffe3db8662c0,0.4928728602110477
a29c260bde7d0901,0.4616388458216344
673442dca30c7074,0.5542253641269552
54257fd5727838cf,0.6007021907415302
c40df054ca987319,0.4873725130974518
8a3cf4a1626dcabc,0.4691592964674338
2902d4294b1103eb,0.490080966529002
a33983e70c694042,0.46038947416996345
7552a88231f2e3aa,0.45547911846487366
ceda65efbbbd6465,0.4793020155225942
69fcb8cb72c1be67,0.5145879184616848
d1c7f2c1a856abfe,0.45054159743234456
48d66cc4d71300a6,0.4609530367501693
783ecf1740b2570f,0.44357450498140016
6425ee0ca7e5461c,0.5491741685302377
1bcdda21e3d5f63d,0.5409338354433043
7030bfd281046d43,0.4516747391822533
9a751bdbba45cde3,0.508625758440329
9faf71f47d1604f3,0.5118090680760464
5c0c02be92a02a24,0.48061100186692307
1e9b7be12e7f9ef9,0.4552166971107954
45da87b40b0a54b4,0.5036375043465621
44984a48cdd4f17b,0.49128464359910584
714760a68a3be05d,0.5510491556071007
f4a62dbaae8f1086,0.46671386115277935
d602622e2da9c082,0.49497503273256027
1c38b6356a6e367f,0.4994812518611297
47eecd96955965f7,0.48087973724470867
be56e546e910519d,0.48935759705244464
9964971ab84bc8ed,0.4772827168724181
8ea6b0b89d1a1dfd,0.4730319906235083
c215fae404fe749e,0.47693040425567856
60169b043922d0f2,0.4972683488231002
141f2e522fd98c81,0.49352823829545356
5a4113390f7f262b,0.5328737619349518
dd3e3cb977c225df,0.45664708630211037
79444b0e2ddd7530,0.5051499119660927
d195b3ab5deaee92,0.48975075968021053
a2678c4964d8bdf0,0.5089622606448645
b3a5fa1a7b9365c2,0.5052900710374867
325fdcc55541411b,0.4632887090660869
d1012d93cea7193c,0.46084900368472537
9337d4accf057728,0.5164993524836462
8d596be897d8ec01,0.5251289004812899
cbb3d29ad7318f31,0.5358854846635374
5932bb07c5779227,0.44245364316660973
01643a01cfc0c68c,0.5300814995452364
84b61f660700fc37,0.4898923705418138
d1a798b6e1fec327,0.5262724434177297
5ba3451c2528f27f,0.6285455622685636
c9182b767d57f4ae,0.5380465274774535
2bafa7b1839d9a90,0.5075414081736416
303d2290dffcfc2c,0.4523568362758974
dc2c5862e44189f2,0.45500744223559786
da4b92c5ea844fb3,0.45973574851729415
c6160e79179b21ca,0.5132690530880049
cd2a9f66720e5014,0.4758732171855671
cc5ecc079e50802a,0.5347710177616984
92e3d0b066c74f2f,0.46918455768930956
32f01e839ddd4b16,0.4828087265180181
2360555571314f81,0.49291891573618507
327641bc809cdd5e,0.4792858851811995
5d8734b894d5d2b0,0.5287024784109357
58885f3db97beec3,0.4934987521510621
a667716d46405170,0.49076065843563454
9f5fc06aaf1272ad,0.5513029738039313
0ba2c08026e11b2d,0.4940663150346378
a594ccbe429d69a5,0.5661861883176165
3db020e942af6a0a,0.4736153948694719
b2dfa0d0d3b060be,0.47776454217435826
2bc6954be44e13a4,0.5139070022721863
50ff1807223055d7,0.578270430457384
76462003348d6e74,0.583400787666602
976af3c20b64c541,0.46394074947015984
72b71afd657cebe6,0.5015338611212109
72873f4ba0cbcf89,0.6032993299159705
c5a92854fbbfad62,0.6175697186815761
1c7b78a1eeb357fc,0.47090924829672787
8099edc680e7d18e,0.4934795701385586
aad761e507144555,0.45121732684446014
d6dcd882fa611fb0,0.6040395795735475
b80c88abd9133b36,0.592510262857384
b29b3c572f391133,0.4664637727470442
3af38395b5906e0e,0.5330993059721324
7ceccab1da1646d7,0.4272277020613
b0b7e541e18606bf,0.4922554114422826
6fcdf6aea60e377d,0.5123260965961537
e0858035498b2bc7,0.4861218402979065
04d611ff21133617,0.5232083418266772
e3d94aef073a22d9,0.5347003275355834
26067e8e567bf9b9,0.48669898514752763
0a8a5e5116a81df4,0.45581500282183063
01d9cd32231fe2f0,0.5435748574447041
edcb25781d1cf3f1,0.6028174680768966
15d2c42a0746499a,0.49228325281440766
8064eeeb02b0f1fe,0.466959549725837
d696e0e9d63c9957,0.487044395637969
e8075c324db6b5a5,0.46164138800792687
6f07f8267b587afe,0.44776049625194614
6c874c34ca2599bc,0.482408338745282
e9ef4a922b6932bb,0.5078599597211141
d63514dc7154e186,0.45853972005569466
70ebae989e675687,0.45198464690542695
697c709c6239a398,0.4300912448063534
684131d166727e29,0.5414281480349632
239a0d0b5d33f7b0,0.5386317826844412
a266135a74199b67,0.4492800940599473
431d5b41ba2e25cc,0.5136674087953963
836a16b8f02e1626,0.5053106263914136
d2c5fc54bec2735d,0.475068882964069
a7d509d9449752c8,0.45117065646006815
83dd1a31ec7462a1,0.4982181059897791
64c2aefda79bac91,0.4607099382408829
1fb20eca89998cf8,0.5640999015753038
225a1e86bb96cc5f,0.4784368275040223
e5e0ed1c6247e78f,0.497431594888337
c1ba62313853e077,0.4862080388878005
3efa59a42cd9adc2,0.4755550768498591
c564e97736b59397,0.4966666355454017
03d560212f0dbe79,0.481481406977293
84d44170f4d2ffee,0.47777890406829404
8f1dc2e16fa5a346,0.4825056017869134
0ac5757bf642add1,0.4817530714755366
44064e181c7450ec,0.49934223159176083
9e2d6a4f552272c0,0.5260690596403702
3b59cc0f8d0b3605,0.45411354561637907
611407a62d17e7bf,0.5006209258815737
f7431672f874891d,0.49056838104802925
c679d32d25179b97,0.49108083983130957
9d65b1088b94b9c4,0.5147291389250997
714662ed29db4f4c,0.45969355932361766
4ad64936fe2ef7e4,0.4469306508549997
33a85745f5af6b0b,0.5214483286975353
1ad7661a793c86cc,0.5409822407015654
3b06ffba3575b4d2,0.5414573575182724
8fe8b6df5ef398e4,0.44505835663152826
320c8a62ffc188e9,0.5335204570027929
577f66dfd3349f5d,0.48642738195379087
6e592c2d2c38356b,0.5244825660559576
e266dd96db1942e8,0.6248513361799903
fc092c12779053d3,0.5364797871980176
81f2a01a7253275e,0.5142074117933513
1bc6fd02b5fb3f53,0.4562716612765877
b188952f5b6dfe3b,0.45926391950334633
a4515ddb040c114c,0.4595462734440776
7f55d99d064f3b96,0.5140114323853846
565fbad94bf5a0df,0.472056383023681
b917dc3790d8a9d3,0.5513883832927042
0cd29b41ec5fa73d,0.4713326390043411
ff7eee5cbaf1b06b,0.472504294281925
aea4a3b4194bd81d,0.4889041505333125
3289887e04907a3c,0.47417222586161367
846fae38c4d64ce8,0.5214855332172054
ff79c2993a4e4d4c,0.4833004005585402
5ab07c5955abda42,0.4973999884345218
96a82d5d62f68fee,0.5430060985531421
6ad970e542db4047,0.4946324047468258
537f661e3f447f53,0.5646763728135847
6b6422d7e169a7c6,0.4804836908347052
d245d1e239f5703b,0.4696079159633395
f7351b253439e445,0.5119703880823849
87fd48028392f0fc,0.5771665606121208
8028da44b8d4f021,0.5825715179781391
14707c012661d3ed,0.46439836629540043
dc327f9f463c234c,0.4939857742462399
92989ee98c048c8c,0.6043374578050018
fca733a7bb82af4e,0.6109533045457795
15bed2fedb736d0d,0.47031477789944
f6bdb4b4cbf3608b,0.4865645134167754
c75820e31ed9c34e,0.4540179917395878
c0d1c336c42e9cf7,0.5592889085709368
c16ec8c35b642d3b,0.5932216048368701
cb7a60614a07a3d6,0.4630440917436274
f5d1f483a8982930,0.5324902470835994
9b3e458e1d8bc7a4,0.4300669197333735
4db860d2b1f52a3b,0.5018892758691396
fc481c6b0420c364,0.5079172124877216
efcde68c1e6f8cbc,0.4934458110963903
5fe04ed6b46a8da0,0.5324528122336136
2b482c3af2079331,0.5222048021608452
07049f4adfe093f8,0.48540235907296414
e61ec52f37130ee6,0.4574422121769042
05d3a66772c0ed8d,0.5564917782796611
9dfbb1d92923c00b,0.5941303809650382
2d4e9f5fa047a6e1,0.493183264458413
dec7241e6ca77f29,0.4974329269206239
429fcff549d3dc0a,0.48015169315022566
700a243f5540e8f2,0.4773204409730989
cf9b3c6fcaf5c061,0.47115115950240083
b1a6e07d1a6bbc83,0.4643961294112946
2c30229bf70d7736,0.5110043456721304
cccf10c9b8408283,0.4518742480813054
8791fe6288a33de6,0.4359976098054925
d235896ed35e8893,0.4342144815817479
9d6ba10d31feee1b,0.5416681368187085
01fa8e9a628c38c1,0.5323976062790042
470536b5bb5b20dc,0.4518014253517575
eca385f84f8c74ff,0.51230978324486
c2e6f3c2481cf384,0.5047998883655663
a7c787edfaaf2def,0.46758528913263586
c42ffae67132e816,0.45563053760228445
d3697db08feff19f,0.4970302400175639
0035b6eb1ca8087b,0.46493481801841363
27fcb21c1a425572,0.563524720292608
d2ab5fbbbe559f16,0.47849226744356166
08d68e0b9f534048,0.49122868576056145
d1aa3c701eea9da6,0.48275018022357297
e56ceca263017108,0.47415852468389763
940beaf1d3358505,0.49369294307277256
fd917f4831d10fd1,0.4764887846023499
3ac9a9ca4408afbd,0.48757295281781854
b45d11a6120006b0,0.47496772571833046
84b1d116ff0e5b0a,0.4874186151504043
26dd20a5658dd914,0.49282904222484225
f6d23d5c720b569a,0.5263504480516379
9a50261af5891a10,0.45969136418530754
174f822d07382391,0.4893544305660952
0cc504786cac1b12,0.48429582523748604
ab1afefa65d2ec64,0.4989257486331955
21f49d25e598e80f,0.5274916616710015
a47b1ca613edda5a,0.4577775115872662
2d1e5db0955d3fef,0.4583374138577785
9273285657813fd9,0.5064083213668235
56a0328e22b52bf7,0.5480205841288361
b854e43f4d342df8,0.5441002004066849
ec3a00b5bd080c4b,0.44802630887801276
126a70968b34f039,0.5490293108498916
9aca18c4ef8d4a55,0.4851237116402388
75224b96e6fc9678,0.5344874388126868
12d5511f27a53fe2,0.6085718277431511
14d019d83d8f2af9,0.5282552488471455
7269c5818d0fa718,0.5148277679397945
497c26a1cad0c18c,0.4629245003913295
2b4f63afa39cb461,0.4590264717992564
835236ea9c37a506,0.45667124636137224
7f091d17ec1d64ca,0.512632219590453
cd01061d3d97b105,0.468309009968237
7a0fb2cb263c7829,0.5458351982016858
5545f9b490865fd9,0.4671950646408598
644a060a097befc2,0.4724781299993648
b09275e7dca8129c,0.48731273209864245
eaec139955f045cd,0.47538272739890597
9e42c5ba7825978a,0.5189567794922901
1ac691530dd603fa,0.5029378563484448
f4a8c5cfd82ab502,0.49795790824915953
6e5d6702a665bf85,0.5412384874596046
6589876b0b63ce9a,0.4970304564584578
266d1ed988eb5574,0.5615826347678334
fc7e67db8f79f298,0.4657908899298744
c194db46aa3b9ab1,0.46941490899810523
9ec5fde98150fd47,0.514167519960823
a06f7b0cf6e4ff95,0.5805399094395192
1d427b72465f3bad,0.5656620817375556
a9c8c7541c2b60ac,0.46702773374316586
cb17098a1b69cbc3,0.4950927373168579
bc3db501e9dc31d0,0.6153954004203543
b3909cbeb099cafc,0.6158864169861074
83b09593226a6b81,0.47128503815758505
e5b0d23f0af78d39,0.4875410192852203
3a931cfc35e0977a,0.44202305358068816
5b849287fbb7bd1d,0.5940800593826314
1949010eeacfafdb,0.600735817973015
18dca782384216d8,0.46917218824556794
53418f6652e860f1,0.5118044811750473
8e3fb1ca2ff0b345,0.43845104513718014
ec53ca8e97feb868,0.48501336801801
4dea73156ac4323d,0.5040880067396556
df86260f78ab1379,0.4902927529200256
312f7d4664f9f607,0.5198019723744516
6b8d5f4c8dfcb0d3,0.5322599698824595
ae4bcbef82c91e5e,0.4932541666150536
1736706d7d22f22d,0.46090698284646436
1a8f6fd41c9e7a43,0.5623323731967713
d59f0ba9f6336c62,0.5975555116873126
8b81f376caef38a2,0.48571356183118863
ca48381de4092df0,0.4972784456645587
e90a1a0f12d5c7eb,0.4735188932366978
aac2a3b126a0684e,0.48107729195954385
34b5af289b5ff583,0.4744716222804557
0ea13b152685e3f7,0.469373664447447
c794385d94c30701,0.5003585221768608
ae3319e26e27d237,0.4516450975279145
10770574fac1c6ec,0.4524730969983679
4a0b529bb35491ca,0.44377427384618495
868d7da548a557bc,0.5390197000040438
bced4846381d3502,0.5443521428645386
614296fa5803b882,0.4431400065368556
9401104d1c9f4402,0.5155486642867163
6d4b318dd9f73ece,0.4856646207685047
52d85a0adc283cc5,0.477127688106068
dbec2fa8408a0242,0.4652630112426279
3dcc9c1a7cc708e8,0.5032990487622513
d3657db85b4574e5,0.4594887830130836
fd1043035c539235,0.5556803397006143
0999ea53c2041610,0.482774134467866
f5d1a75fdbf738f4,0.49909703066377775
4bfec2d2a7a6eea9,0.49232920382188095
321ae6bd93fbdfcb,0.4776878501632388
602d867ff598b577,0.4933985013083614
bf5972da278ecc3b,0.48299799407492205
c7ce3c661b335d35,0.4845034803654804
e9f001df445aad7b,0.48332430914645585
57729e9d6e74002e,0.4711850043823964
c3bb7b741b455833,0.5039571067033968
2101cab5b83c149b,0.5323745424130052
886e1d13fa561a50,0.44743940415774164
2ff6958648da26e6,0.4917814311432128
6a41d6e6028ba341,0.49020867147612024
638509200a9436a9,0.4901182510528259
82e9126ed40ecf9a,0.530985512570257
dbe7e775147402db,0.4617415823401787
68b72545bb79e458,0.45539282480984955
2215aacf3f982630,0.5195041409504617
b4d89850a0d3cbba,0.5423515199146817
de0c44622fb943f1,0.5484635824972592
606c07ffddab55d4,0.4472681227053402
7100e0362f69693a,0.5483281458809725
c0ae05574cad0d89,0.4833070218696319
ec00687a4156277a,0.5388967328440452
f494bf10dc5b662a,0.6266868961984016
e64727812ef50627,0.5271386129641966
a4867e33e10a969e,0.5081093855976109
e83e25938964d2a6,0.4562188128152733
eb74138c827c9bac,0.460555818272522
e694328dce746238,0.4514576579232614
9a263ea2f5082772,0.5083214254555805
9511d641b8c5ffe4,0.46276233343455386
c2c522d57ac91401,0.5538653954283945
1aceb01256d26dc9,0.4618819644237582
13a2b9006d5c4392,0.47396040057823374
91fce50b3c71e62e,0.49344539570023505
cbb1f1dd4668a290,0.46607175651702537
6cd7e1a821a083bc,0.516415442298786
ccb18df4cad6794a,0.5003128333499824
d7c78390e3c12d3c,0.49247633720624884
c3a8688a51989f1d,0.5347167729236643
2b4bd1d25c347978,0.4974867881161862
e17fcc9f324aafaa,0.5676078157482553
ddbb45e392f2d1ee,0.480080701805466
60e34d2a5b355230,0.4607975213183393
210db5da53d54d46,0.5113523299100952
d40a4273388af0e8,0.5787053027634501
e82322243684cb66,0.5589231270117938
42ac9f5de89f6add,0.46836122182806594
d0c2e48a00396d3f,0.4909155417049673
584fb64702b61a2e,0.6115136331529663
ce5f7159293b8fc9,0.6220081848504181
7870abe01e07325c,0.4631257466785639
53981e148004d48d,0.4929782449993685
21c0fe82edbddb37,0.4509524680162105
40c6645d8b7d8281,0.5897564303782695
47e7e416219e1db2,0.5961869642038494
c4844b72fd6eeaa2,0.4640869964571599
d4d0a2e63de16b76,0.5067315897556762
2e322da8cc51af5a,0.43637748869189985
ff976a22300a38c0,0.48840022178232856
fe27c0a50c0ac7d6,0.5160224318853524
0b6ff566024129de,0.496656543535987
62baba1cdd3ad50c,0.5254456280269071
3bfb9a2b5c2e081c,0.5321410968363189
de8edf0dcf6592d0,0.4960472242567284
06f1fb2a0fe01b10,0.44952101707819714
61a7419281e68429,0.5635585172737648
0c79c0c1dd4ac257,0.593661186385521
5b812e4703896708,0.490148656872462
924bd9a9092f9c5b,0.49341770290319154
b6e1b31d6619291e,0.4654693477331323
64f5aa6a46e3b9f6,0.4865064484881032
8b4ea31dcdd95f04,0.47430395928106006
2f2eea36f6a4121d,0.4664554408857402
5f01f1cc6d54d951,0.49711240634276566
9fd1fe3294b039b8,0.4555226823237858
44c007f8be9eb1ef,0.4560402605626226
d20830e7c9a40c3c,0.4398375352558195
5d96b3f05baea15f,0.5484177171741607
344374950d682a95,0.5426603870644363
55297d65838841cb,0.44472366085051296
033249c5024515b4,0.5137808125789907
edd16636f9fb7dd6,0.492346913143466
6a212e18257a2ec9,0.4936537010722277
ca1145dbfa57f0b9,0.4660945903410647
017ffc73419f3c67,0.5096494254250328
8865a32f485a3721,0.46078407001413024
c25ac74468b2077b,0.5611096546871654
3d872fd0a2cc9b24,0.4819188666440086
5d9d5d80abbbdce3,0.4979607539037887
f04978460be73ac2,0.4874024878763279
920afcf4fcf265b8,0.4841620828035237
15f017dd30b46a28,0.49634989954261866
97da841681c0cc2e,0.4985592839094024
0063310916ebff12,0.4804840382529838
e2739953c663a270,0.494245203768375
3ece209f7007db8a,0.4714724539321933
14a07a5b8b8681ec,0.5012170693233858
fc3d99e4adfd1eaa,0.5342081715892355
6ff1ec78fe03b4e1,0.4502741081603987
5935895c73e83b99,0.4922402439552809
27ae443f4000e629,0.49594548237847713
a855788c37eaa03e,0.48683775277423136
c6f05f8749637d3c,0.529699834862549
a97ab0d0313dfceb,0.4544357208416415
fe03c74d3d21505d,0.452610055037011
2742045b2f4414ad,0.5177569952566233
563c947cb4460843,0.557957153353097
dcd3fea8f11dfa9b,0.546181460215321
1644a41250cc6aa9,0.4636298108857281
083e90b8c3bfbdd4,0.5531691359781457
561b8601b551111d,0.4807925556191166
011dd98470618841,0.5410047736752414
8e6be4840459cc22,0.6253856949986518
6646a0af4163a484,0.5206084670639533
b362abb8cc762720,0.5020276331047508
23682714d5c43fa1,0.4581840876936065
d0b8f1030a340091,0.45688742178001074
acbdef03ac3e0ae5,0.4558413395716946
ed35dba87a017290,0.4977717733097833
376e83670a0c0626,0.4734145473443756
6917c35757125bc3,0.539848558915116
3e8ea4b4a02bd99b,0.4651580692068191
60945e8e62981c73,0.4787991224600694
dd6a69f3a93d7dbf,0.4944050255431528
37fb02b12c5bb608,0.4534573201691461
3caa4750ff3ac8e9,0.5230493194763486
417bfafa38ef86e6,0.4981093705796542
4971769edcdd6bb1,0.4870921060003801
3b957a107d101112,0.5298002439167094
01d8bfd274a4b35e,0.4947164083003426
32198297b674b1bb,0.5519901681437648
83cc1f164a545878,0.4645033752212727
c07f5e2de8246557,0.46225852770538156
aa95fe28d6eda191,0.5167439617588135
95bb118227985020,0.5882973076000771
c48e1d6dc0068c59,0.5745419420821205
b0afd99030b5f4f0,0.47498012615018836
87356bea482fd998,0.49258987824145584
df0547695d7b6a6b,0.6115700661137771
949bc2f760feeddb,0.6202055166306799
551b67ecf9a66b4f,0.46361457377954096
49a0f3116da4ed84,0.49419535583512386
7267305aba8fc5fa,0.44760030749229274
bd3f24c2558e6dcf,0.5880863502946526
f72a39b3e98bfbd9,0.5802963971319981
bacde33495ee62a3,0.4669503751944182
a8f83597499a94ca,0.5102475499453542
83b36bfde80e7dbd,0.43687127249407043
9aac9edfc5c31e76,0.4835794515234594
81de75d35d766f4d,0.5066384367393177
70edbb7c555a5dc7,0.49420186050441983
40ed4c9452e2d33a,0.5138786308054385
569660229240080f,0.5226390952812267
5f4400376bdfe5b4,0.5002016767614786
19784af01f2a6cde,0.4522304257748695
221b5656a086b600,0.5566016681251775
3d173c824539be6a,0.5941858123715853
72fc4a4420147a63,0.49630588101504436
9801296dbb157ff0,0.4931070011306896
cff7f763852c64e4,0.46998539067358625
1ad048ea229b5b1c,0.4778795806425977
c608f0e846a47ba5,0.4738418387396459
09b1d59c5840d6a0,0.4623526005589291
c13561721e6841f6,0.5032585153868278
6688c4765ddf64a8,0.4448204031376539
1492afc6cd99d3c0,0.45621114255574946
7259a69db3f9bd10,0.44172945677268904
dd3ca4d2b8519534,0.5536789958411885
96fe72539b53a20a,0.5310947327672058
6356ae1cce6d1196,0.45337977027875764
bcb5692fca98933e,0.5158381999022932
3b5226d0b9dc2df2,0.5099481728404301
105586cb3e0bcf30,0.4835487383905428
dbd78b487fb3831f,0.462906854513649
e20600252034536a,0.5064798622733092
029145a4e1e82c8d,0.4598289056675302
0e6e221ea5db055b,0.5629336747127806
519090dd0b512ec0,0.48279928876844
b7e590c5434b56ee,0.4941422123214868
e4fbce52c8c96212,0.4972538187902016
07bf9cda2678bdc4,0.4879137772888673
c934909f40dd2ec0,0.4902387345500797
9b1f6689021cf845,0.4928819006857117
9f2a3da9d21ad07b,0.4871782348668252
f723c4f130459e89,0.4894577984423518
0b514cb15034cfcd,0.4640186304969036
efd5c368d181d44a,0.49918744776052937
2195b2ed2fe20553,0.5386845554336415
416618d93d57c2f6,0.45268559331708924
7c9905fb951fe14c,0.4894515459350983
d320cbcbae027d75,0.49631584817956176
a1727f9a30f3e17a,0.4804475830356597
a36dafcced8b2418,0.5239337514293556
ffb26add1d3d118f,0.4586694518611696
cf0dde629bfb524f,0.44773981667068063
f313696f7e7454a7,0.5130690086196945
9360fb9f861a635f,0.5477160388630311
19f3ba858c6477a6,0.5471147745712799
3354089ee5e872b4,0.470145640336317
f1dbf7c9ce226e1d,0.5419825576499824
16020a210491d1e4,0.4870732517008576
a7e0a860ccc44871,0.5312617289002999
742e79058c38b432,0.634903818209607
17060d65b004c6f9,0.527046730162694
cdcae41053cbcacd,0.5046612470223857
ec65c4a9f01d603f,0.46211967178701574
92ca7827415693f7,0.4534701324189623
d9445ff227926dcd,0.4563671474149795
c63fee8ccf187609,0.49610611948190964
50f7e2a1771a42c2,0.48161071655528276
6b11313d11d2c812,0.5483891593865506
a0ec9c34e517225a,0.47615452669969305
e87dc56e99da7fd4,0.477524492559287
befcb83dd92d50f5,0.49858455080565733
daeb7445b233f4c6,0.4688287712717132
8046b5ea813b524b,0.5262887126089966
faf6234a13ca663f,0.5012263766738991
fd04d9cbcf0156dc,0.4943744554031273
f01983263c0c0310,0.5435488677147023
8e796a250eddc170,0.5048362894064646
93f4f9dbccdadffd,0.5168948175785988
b13dc5560c7bbe5f,0.45534265142484354
261367b005a24d05,0.46800985350686
cf38759cce24ab43,0.5027590286278583
b1834d629a49d679,0.5774818852179284
15621912ee2bb39c,0.5792477265172424
3bafdec821471303,0.4638091903587751
b1e39ea27c385d9e,0.5046011082346266
d8802b8b2c2d5020,0.6061235576888993
402521da604cef16,0.6270527578419205
16eae22cccf1dba6,0.4566797412659561
85c33c15a51cc8f0,0.49358195910312996
e7426502562253f5,0.4606960871021748
7499847e68f32800,0.5793112462637509
1008c66a4afab7b5,0.5812772495331258
60dc90b17b4f5e95,0.46609060337570185
f77fdf880cf2037f,0.5181763190679138
84006f27634f380f,0.4357889864625324
4b823cb8d833d244,0.4946276893103163
43b80eac86172aba,0.5100472176122272
004bb0d9e6898d20,0.48434134932251716
bac896ff7ebcb837,0.5140476151934267
dd52fad13d38ca34,0.5356620303131598
244680cf12623baa,0.493120771165274
23433eb3cd596ceb,0.44211435517790043
a9e082da7c35e6b9,0.5571535506412155
c44974d97557df07,0.5854702517493499
9f776e432c05d2ea,0.5004423435994843
6c9156b5c203c0a3,0.4927182550907845
7c6208913adeb1f9,0.48331291040052005
09026098d265d0bb,0.4857608137642869
24c92a278f800f3c,0.4754393440013328
2b940f1ec0f039bb,0.46637168445926735
d84727c893b0913c,0.5082856630434556
5fafcd7ac176eb52,0.4344404747981597
aab3a3b76abdc61a,0.4515858517840836
f6183888623d4271,0.42331036963483804
1fbcfdf448a00144,0.5433106927127469
94f63784a56d7705,0.5369568075717566
9e1e282e91f653fe,0.4462636907549373
a294569bb2114ece,0.5171405956881993
e8f5dc5d375803df,0.5079603095869158
53a148b82f26aa78,0.48512658254623675
e6d477861d971f99,0.4753751618571047
91eee82d548a03ab,0.5043727154494582
357166f4313ce202,0.47137063432282833
d1d24fa8486a7085,0.562637207825896
911522d381a3a9a3,0.4910250207016722
65fffc274ba415a6,0.5140520485804625
787216c7cb7aa94c,0.49065680520831
50870a9fc0b7bc30,0.4956544930834209
f03fd8c27867ea74,0.4897910069369905
304ebebe51729899,0.4969093637537618
0be033d68b3f1360,0.4842713484692992
eb0f89d3702410aa,0.4877503704974149
0be77e952391bc05,0.4687763547692214
787c771f60d42c1a,0.48707563304651336
226f78b01d782c74,0.5323218025388274
71cace2211596306,0.45416212768243036
92c51d4876b920d1,0.49063966618209987
662f02c9040b1c2a,0.4828820904261807
fa4c31c8cb4eb6e4,0.48202209827270315
0b9966efa20e4a85,0.514264005165755
a81fb598781a7e99,0.45742425723142843
4af228ae16d12af6,0.44782758032011527
6119f1e378d8b647,0.509486439282454
bc66deb388595115,0.551960556004716
7d1ebfdf7329fea6,0.5373830187120401
0103ca4f7d79ccdf,0.46392136211155943
fe65c5a8eb607e65,0.5486880855816849
4a86e1a23a7dcdcf,0.47626629926299957
2d95aacde1f1127e,0.5330359505512409
2b9092fe8182b179,0.619984642597752
6c8ada195966d878,0.5277277361491006
c37486735205690f,0.5007878201899674
6c63731a4aa8ad91,0.48091384537184334
4b924a157443ffdd,0.4537600044860086
2a8004deb330a3a6,0.47491960742463046
50b2e65dcb0f59e5,0.4972931429004397
bf88d5724b1f83c1,0.48520045048927285
102ed6d9afa3b2e8,0.5370828475776994
27307ef9facf9d7d,0.4708677613457999
4f8c1237445969c5,0.4801549835799268
3eb27d60f7ce2095,0.5038954316308398
5da21f08026b211c,0.46402440425296065
a591b25cb41623f6,0.5271400609284925
30ac1c9a98a46701,0.49725148814156905
d33c0120ccb2b62a,0.4906169022966568
a5156c8856f40c69,0.5437228812747066
5f6838de3e401383,0.49924113653651925
af8f825965a28654,0.547308817407447
bbf4af4ba830472d,0.45073734891047723
39d7b22ea2f8d1bb,0.46380977430355474
f7ec21ba601edae7,0.49798018509559827
d7755b2af289a8eb,0.5806348947642994
3207f9116f23c712,0.5809226879294652
a7b346c1974e70d1,0.4850660915204974
c7f1ad122ae69a3b,0.5038361049189658
6c3c181b18117b6e,0.5952787893195847
ec100e07b0c6bfac,0.6434421992573294
7b214f80e719671b,0.4554655431451551
f96896c0e717205e,0.4967912834694488
1d0a0c2a969a9661,0.4474243586082607
edd63f63df4db77e,0.6064177271861162
39c4786c6cdd718b,0.592316468217452
ce16bef1afbbdcd5,0.4707391788784735
189fd5e125e85a3d,0.5276634569131027
2999662a43553425,0.4334354503844391
8ab93354d5677ab7,0.48855494198045857
446678dc6a90acc3,0.5053842580031609
354ceda63bce387c,0.4844466035676873
389bf3136ab47e32,0.5186284556291143
d75a73d79018877b,0.53010390032858
a9f1161f5fb09efc,0.4819806729581746
4fe0b3df49a22364,0.44588777980082805
a704a163f2623f4a,0.5630459427339948
aa3040265418156a,0.5790698005635395
f5a651b4c126ab13,0.4929639690151777
a6a3332791d477d8,0.505285118380664
e25b6f4635f2f0f5,0.4886473015148425
2b61048b73464624,0.48314223439559156
065076f541980810,0.47895725734742944
4bd58b2c601c9887,0.47337237062747384
10c46f96a358fb1e,0.5071704500592215
6b27141716b4674f,0.4545537357148337
c21a2d5178b383cf,0.4479360310796807
69abb8a0ff89d1ca,0.44492895203446725
11b430d88504c50e,0.5441708675424086
66960023c6b65a9d,0.5269427701831322
b83a53545ec0a998,0.46642556048826966
8dbed9f9f27f40db,0.5146406004474291
ffec7b6fd7aa2e8c,0.5238178367574843
f36f8fc852495f40,0.4839079983347583
42c2278d7f91c618,0.484004964839571
ff1507571b11b7fb,0.5033672836515508
20101db758de8fb4,0.4689717587148021
a32c5b0c642589e7,0.5530747597501112
63374dd6031b767b,0.4769034711734049
791c8652810b05b9,0.5118088439473496
1a002f89e16e4c78,0.5043251565770686
41bb2b45182893ac,0.4959101130635426
8bfac655ee095814,0.47929960735476285
5b45900255776287,0.4870857576440668
bb749d46abd2cc93,0.4972293029534106
3e45bcf355123e85,0.473631475681473
71b75d85674963ea,0.4645974958342236
b0fa88db5a02aacd,0.49152544703106615
b00301ab3737b61e,0.522803839640962
6d453dc171ff9193,0.4626454732850329
0aeadd41730ef315,0.49059904609384797
9a723909d478b5de,0.47844951678930203
c0fa9c6ce172740a,0.48343912807816425
66349be9db058e97,0.5120974734631655
271ee5657c77348f,0.46136131465744157
258cacf769c6caf4,0.45312861947035854
076a2b5f0f8947d1,0.5294909311835235
6de75c60b2c1e45a,0.5471486348976027
c934c4b29802148e,0.5367763140293013
a4f7f4cdc1714f27,0.4810577891654284
abb3a99fe0bd3c92,0.5486683862478693
75338b28d3f91a40,0.4758984606993286
b969139dd4e9f300,0.5292256864534122
c600ee4e98af12cb,0.615558223656703
977644c10765d2af,0.5196348589976061
3b20455edd87db52,0.49597466804958257
40c59c4a203cee77,0.4721574465891558
94ddc23f521a225c,0.46234515681544597
4b454214d5fb3bbe,0.45279801291580624
7c67867238f57261,0.4844101461100452
6925d892a7f59cf9,0.47857560126683085
9dc79b7b63944f7f,0.5332592556383601
d50bc7f560f9a686,0.46579951720054824
2cb0f12c6ccfcbe6,0.4869401388270638
e39740d0b252663e,0.5022604438702969
08a8195efbe3fb62,0.4824917169351667
304c06037fa61634,0.5244583474528799
3baeea147f7fa525,0.49857041518641954
143464b67699adf2,0.499880554540338
aa3c1936f170cd6c,0.5306564091316299
fbed70dd46d384dd,0.48780980303421817
cab88a3f52124667,0.5558892356982128
b6ad3c2ab63349d8,0.4586213019082288
bf969c1dc4cb7e83,0.4619833663191617
a575243d9388f265,0.5105623510706908
4a66dc56c189d7aa,0.5841038879808939
1dca8eafb976daf7,0.5706482912987038
904bdd7602d920a0,0.4891013487361534
1e93acf182f6e63f,0.4939041923717691
1668e2f62fc2c3c1,0.5874139665843765
576b62b8b053a8e9,0.6350301901965634
c92d4de1110ecfc8,0.45320593336050874
ebe85164883114ba,0.49739549734792443
5e5fd10361a109ea,0.44338935775201527
f42d6f1ddbdda7cd,0.5997576196228964
5284e969dd89782b,0.5867203695993188
16f0df1f22f8d0d3,0.4800906193663286
549fbccb78a607f5,0.5244380438760369
b8d96fa6df579fec,0.43722880208695947
4b73836dffa2d263,0.4843716147186139
2185149746d0cc8c,0.5057498171041356
25312fddb42a4cb0,0.47060791666858903
7674250059ab61a1,0.5207559227770353
2ce05adc255ff960,0.525483571084568
5453adddf555a05c,0.48841172900038254
013bc8ab5b83ede6,0.4387470667159167
ff6fc906ca024789,0.5520597668882274
c58750679d00e9c7,0.5892274899191862
5510afb918a3e942,0.48798856827863235
ad28a4654b45a9ef,0.5051033135261987
05e0e1ecb38dd5cf,0.4716853623435625
bc798e24ec69bdb0,0.4853765397830522
51cf6fa47ed838a8,0.48380191858048904
4241881dcfa11ba9,0.46864571497131136
e0c1621771f95838,0.5087051748583882
a5439343680adc9a,0.44811070237786876
3b5181d92ab90105,0.4848943541596016
e2da7bf13ef72244,0.463819955051721
7852895bd4d15c18,0.550284680112239
8cd9c8aaebd1b6c3,0.5171417942170231
5bafb2128198c378,0.4712310471253286
9500a59b4e165cb0,0.5122286946829484
b72e43bf839b1867,0.5253241398007843
06f079943405bfb1,0.49580478591634836
eb17c2a6cfd0a786,0.472739329878204
81f915389cb1091e,0.5041167131117125
14c3da4c8845fb34,0.4609074169329421
e49ac810ed3c1ab8,0.5648755157287229
95c5947bca48c893,0.49067809530946316
8cad5b9b95ee34ce,0.49805022903032503
469f217410686f8c,0.4961926271518655
06bad8cab0b05e4e,0.49877070541576574
39fe1fbb89d9a446,0.4851033773017829
7912ddc4b016f343,0.4989393080031752
c8a5025020922a09,0.4925758159981555
a7b0b4cab9afa29e,0.4628881390088996
e8236961fd16438d,0.48818626806568866
5cb70ccf7a7d46e4,0.49905231843429065
00c63e834ba1759f,0.5255213009388979
74ce07c287692aa2,0.4542201704262536
c9d348b135c71e43,0.4888268653807766
25556a3044bc559e,0.48121144928104265
8cc6cd22f779a22f,0.48472651230680386
4fb551122d3cc621,0.509818084824891
bac7a2ecf0acd771,0.45645585602117256
edc11128394166e0,0.4509017105812918
ea9a994f7a5a1d2e,0.5306577460525509
4ab63a5779aabfaa,0.540301772581724
133d417e82ecc3f8,0.5315117281707825
c93ef4f7f4cdc6e2,0.4637583062595696
5eab461a542e6cc8,0.5514701702476205
cb7b15eaba370e02,0.4732327298967659
49b3ea2f592a43c7,0.53391062763231
283fd64a54af6e64,0.6303091456912403
f49a522576e3215e,0.5202083794085651
dcb229ee140b1aeb,0.5037800604542445
6cd003c9d7d2f6ea,0.48164458407919053
1a02aa71914e5ea1,0.4630469106768538
2dae9b59044c6c5b,0.46097893368596665
098df588f30fb8c4,0.4769384990385095
0a526e5a0a172c03,0.48674156064976204
ddd26ebda88eb574,0.5507382480139931
70263885804936b7,0.4646936305029691
976839bec77cc6f1,0.48497471287051863
1b8dea2c5a8528d5,0.5074512492595873
3cf3a9114bf362c9,0.476079385362272
cd18b1c467e25454,0.5136603321611992
a303013cb66301a1,0.504212486089427
29d9838fe9139b5d,0.4985651858570799
6b484645b162dc02,0.5352041473236816
4df1a7d46dcb3117,0.48394663030954144
093ec315ba58480f,0.5492232517655324
891bd86c1fa6b677,0.48609170990194284
719d714a7e0cd6aa,0.46056687348609004
ab7df5179f4b5c3d,0.5092779097738683
c92a0ad2bb23a0df,0.5905864961310651
cf817ee504642a27,0.5610037764302604
3db1091f61d4ea81,0.4928562540036341
940cb2c6e3edd4d2,0.49042335582813823
7f24696a6f27edc5,0.5958784717135281
861b9798f0549bb6,0.6183288674506325
f60be5c1bfcfc135,0.472070700222038
fedfc6f0b911bed5,0.4898554644166593
12538c718e3e6578,0.45048948512955467
bc29c94ea676c671,0.6160679803840197
323f20bb4d450e7a,0.5861734993421539
699ced2a5c24bfee,0.4809451229995325
3c95978187373f6f,0.5202250712690977
89da24ed24cac4c0,0.4395388283904764
a510253bed3295f8,0.5066357585197167
7dbb6b3c7d0487e2,0.5076040863886142
fd611e10fcc9cbd8,0.48514414597591204
9ba334d2983de656,0.5207941010892516
712a3f67b5abdc0c,0.5385204277880214
1c373fec2b8e3b88,0.4966672438495585
e1116014abb1e1b0,0.4367551092400488
d7277ff594a7f536,0.5520781384363252
5eef67d5be769526,0.591017744966427
c63d7dfa37b89157,0.4869703708707229
cc12976df9320582,0.5061446448348158
911124ca3607ac25,0.46350040783997726
40b475bcc8237e59,0.48683213620608456
f63da5ff80643f16,0.4814177111130229
30e9c8e23a1c347d,0.46533225370677544
11d37e95d3470076,0.5066322468386687
7931dcfa0cdcd91b,0.44967695801101804
b9e893f0868fc8ed,0.475737230111134
83bee3ebb86f1231,0.46525251820182323
c8caa7061eb53129,0.5456657341154736
b74b47410f01d186,0.5218351158026582
270a224d8c33f33a,0.47074175412372654
7f1ad914ccf97361,0.5094038670905645
a6b4b5b4605119ef,0.5331416006118144
87fb997ce9d1a7cd,0.4868572732158316
f6a05dfdef26e1ce,0.4692113029161544
ab79315355304985,0.521774584776904
856795cfad503f11,0.45983963481588264
021ba376b9037e8c,0.5585384600297427
10c3163a7868fa35,0.4855134136384457
9996bd25dfb89601,0.49335477284850415
62b5b38766f78d5e,0.49687770484167026
71183490b90500c7,0.496463199630623
b7ad0ded797b83d9,0.4805678636391768
6941b6b20ba56de7,0.4966953357378665
2dd24c6f828b3fb8,0.488193262828996
2e3f9e476f0536f5,0.46352147644407427
8237216fc724c3bf,0.4885519747953856
a0474a894bf43cf1,0.49045436107661033
18382d51d3726168,0.5197539881083609
ac503a790a18a23e,0.4516725715530835
b6481d858caa6161,0.48219222745012624
54269d6b4ddde691,0.48008926313630285
d435e8cae1a68cdb,0.48034975533715407
438e9289e15d73b6,0.5088732725136713
8cab1744454a7c19,0.4479691635810047
f0210d640b797065,0.45538517064172146
6919240e046b45e0,0.5244333807743005
1af2446db6136999,0.5517444068002646
7816bfecfc88d2de,0.5350113239238119
44a26a0686a4f9d7,0.46459754159199207
7333e07c1720f8a7,0.5540096691009828
1486e183d5fdeccf,0.4681730134825248
d93285c964b4a920,0.5318905892265116
3a8a6ec3c5afe532,0.6349219850391217
b7898e279d89fc20,0.5225996006004561
e8d5cd0ad797c8ae,0.5012641870443201
7d1f903e4e1a4a31,0.4755939469756225
1a0d9c8919146e08,0.4639502528371554
cef378dfa3ccd6ed,0.4492367923215077
0512a05eeb85c5eb,0.49043541497321663
28f625f2df5010c1,0.49128557252523886
3e767ad8d7f322b3,0.5602242281412322
e00f03af2ea79c33,0.4620141652249665
186e56ab44dda87c,0.4873248933619072
5f2ecf0a9a9332a8,0.49782206139977025
d70fb0f564c1f6ea,0.46145873726638786
3f2ea351895d73b6,0.5164642794859859
83adc41f593182dd,0.5078701490294522
d54b7408a7293cdd,0.49044191380774316
9432b2874ba329d2,0.5270508300127946
38666f70066ff429,0.485864684342183
f38f08493f719e80,0.5726772024586753
e8638bfde2b104e6,0.4628451195410732
d20c90a945f4b2c5,0.4491902647053665
97c384a23b37e15c,0.5142687048205796
cfa8263f71344a95,0.577982757462727
d7ad9af199c018bd,0.561282766019737
d670da1db289aeb2,0.4839250379191091
42f04060ae152603,0.49940851240957773
114d2e0c3b53b816,0.6043968476472367
b9376161996342e1,0.6038684912099714
71cae20cd3540e64,0.4899069576668622
9331441fa92cbd31,0.48971903151990404
a979fc08b200377f,0.45715022460721866
9394e0f9c5a2ad9e,0.6123387017850663
2fd7b890de5fce3c,0.5670585914750301
b28721fa2451b608,0.48058963408937183
ade1a53b2cc1f72d,0.5138274064749335
1b03e05c51749c7f,0.43703913506883274
16c75fe66892f82e,0.5151578861552273
21c3c4931e2c9c66,0.5066988282828822
0501943a283bdf9d,0.5011812535427616
5fb05f57ed065674,0.527353076418248
5d00504ad8b364df,0.541587116164894
981ee839b639a35c,0.5018370745533846
4776cb6f5e393641,0.4354321570997557
38cfc2cb4d1a0259,0.5603294660579192
5cf26aee7cb80133,0.5881935189586838
40d9257c4b084364,0.4850839864836365
01fa387e665987c0,0.506465340594999
8cfe186c59ab2bc8,0.48301930226272294
e7daa24a7a8255ec,0.4926223857473272
320456b9b90b77b7,0.4851072280543196
eaf0a752eef6cf09,0.4711822943195678
90fa87869fe2438b,0.5086116253645951
b39e867e508a56e2,0.45153156720880583
c584578046213850,0.47264623851935805
894576d465d13d2a,0.4497331352200764
52d585130b92905b,0.5391477659103211
96cbf03041e2b439,0.5217281727700325
d63da63d80c95d50,0.4679738721447666
08f0e8723341f5c0,0.5073201456176728
2149df28f0f50846,0.5392111856184025
efbf25d2b2d54160,0.49674687687981767
03b3b0b5fce4670c,0.4669698254586374
c25bc8193a4fe66c,0.5152144151786979
9c51838c226e2638,0.4613143685459491
cf67c43bce967fe7,0.5619110225963544
64ddf4859852d8a5,0.4739311654832138
9588d7b5e126a278,0.5086000008761444
d516bff0259300fb,0.4949660161551672
310107f4337a8d48,0.49250046115338175
a839a4fe0f4554f8,0.49581442426617683
fbe1f89c4acd4a71,0.4834886458378306
32018dc6819b7d5a,0.49803024050530587
7974c4fcd55c72c3,0.4638880446503856
d032f8ccf2136529,0.48553706193913104
5d8550ac992cdd68,0.4845417800459717
8163f3b600923b11,0.5201615356904483
75b58e4a9fcef3c5,0.452769192586588
dd0c1949e5cfef19,0.5001014678937965
3fa4a7f1de42bc42,0.4809355789303562
e3229ed27173c25d,0.48268869832305095
022e0e21a7311372,0.5048455274577749
0bd9075d42061169,0.45115803984120895
7974d88572a44ac0,0.4574505378239563
ea672ece34fcc2fd,0.5189837613772397
aa42644e34d12878,0.5552643428864331
1f7cb8e82ab243f3,0.5371635698456658
691e5b1c92b4314f,0.4673518377711916
a76590b8670963d9,0.5497655223940798
f0cdbe594d62c3e0,0.4693234278369248
8aeb063e9edb621b,0.5430329115155698
277c73d2b18e9d82,0.5995305057531062
e9da1d213bf59b87,0.5134335781927336
63a6d7b5c3c32dc0,0.492102893520891
794ac003bd06f537,0.4798144246548435
9693d0cf3071970d,0.4701259671358944
4acc070231b24791,0.43471439480762664
fcc03cb2cd671caf,0.47638408599164017
baad5c8218c5692c,0.4828128545770549
e55c2637debe16fd,0.535661053778718
a4798614b9435f77,0.470957585302903
a8583d5f8c67df36,0.48047448712233987
3cdc126eae34008e,0.5170583352177025
d26feb8ac76b7d37,0.45514748677320793
5476691c597eedd4,0.5115150229319918
d4f76f3c62526d87,0.5047427599249334
67a8c2a147e65cdf,0.5090169504380317
f1357ec1a8208fd6,0.5375524764977362
323fd615df63255b,0.4915760529250861
c35fe955661d3071,0.5716218870836915
fd322f287d572bb8,0.47271949501245925
5610a63dcd807ff9,0.47821713704811386
049fefe554cc75d8,0.5081150912343511
08b6cc8c93ad4d2e,0.5827491805059795
9788a239197650ce,0.5551875921927721
d8a62a9e00723119,0.48485561148279577
716cb6830c083021,0.4940014376762991
ebaeb49c65d6f477,0.6135449872255462
ae5874c924454625,0.5419032544748892
391ae71681c07d1f,0.4818542711424292
09d4b57b26facff8,0.48030247662690106
e22f73af9b33a2e9,0.4636321640310306
4d9f7dc93ea22cd4,0.6143721495566093
722d74ec2511ffd6,0.5573595977572696
39018aa5dade62fa,0.4679133785741387
675e3550ed96491e,0.5205516004920776
e1976caebef53169,0.4400681552241028
b47db958a7a7bfa4,0.4949798796882946
e0152baa5b4af9aa,0.5062829495348141
64a4b05be406f574,0.5018584766301195
7812716d58147cab,0.5172440262757199
1d54b46ce12cb0f8,0.5226973360588697
85c3c4df1ca59cd5,0.48457854008317625
f8e682cf75b9871c,0.4396589549815415
2e1ec6dcd858e406,0.5485349520103164
728f2bfafddae9ac,0.5895013938601885
ec69e9efe0abe9cd,0.4740282315368387
e3de1412dfc36019,0.4952475879313697
15fc5b82bbb42435,0.4836389702954056
230725cd7496ec1d,0.48588535665607213
624e2e7be2d90119,0.48452318414137097
206199876e137987,0.4605265681445465
648a2ef930017578,0.4993245473860696
69aec3a582a2ee11,0.44254104920743176
a057fac79bba5f70,0.4791061954813911
8e42d4da80576608,0.4483611368205207
4930c3963a9838e8,0.5272493127102095
9875ee74ce61360d,0.5475672617279226
fc5ecf86a9e57c88,0.45547611782518893
57f932f746386cae,0.4904130655958705
9db39e75486d8d50,0.5529421989868711
35cb15eeeb6dd416,0.4963839464119095
939badc96ac75746,0.48039411791088094
e403e45d3bd39be5,0.5029536817125138
68d3ce7006a72c97,0.45870072237692816
13ff3c2dd81215e3,0.5734091746955461
2b7384cd17b5f4c8,0.4836398806677622
ed1d6a803b55e2c1,0.495242160113173
c8df051f197961e9,0.5067571564839226
f6f590b479d3a3fd,0.49808383261337097
0ef8b9c8684f8306,0.5028109046531349
53f125196f70c8f2,0.5024604393990613
c9936ef9d5180a3f,0.48493370825751025
d8c9cfd36c5fced7,0.4939217003529529
b18c6b5bd7fdb6b3,0.49114258838001823
77ff65c08ae1e830,0.497783860551426
bc87d3a839267899,0.5276427098180005
64d3025b60094e61,0.4554826057295306
94d2785c792cd47a,0.5013386966798756
15c91cafa0112269,0.4816853189036465
e8b78606410b0e2e,0.4802921425570206
4498949589d3cd26,0.5088725866828824
1f797590d33bba2c,0.4497186962382904
8bbcbb6a6a1ef9e2,0.4599748887970525
af04b6a026c6d27d,0.5121771930160111
9c62612fae2d4136,0.5337550459468648
3760201de2784fb6,0.5345963319991136
9ff43a13ed653dff,0.45093566312949707
726fa49893dc2c27,0.5368136364888877
28869a412858c638,0.46825580798591027
6bd63db3c4b2d0bc,0.5184569280656746
7f9873653c86bf62,0.6275365076372609
f2e6d0f7f925fb8e,0.5069640212030836
5594246e71b98e7f,0.48984219734585366
31053caef6ba705e,0.4914572198625875
61fad855d50ec8c1,0.46819553484440646
a000e591d526466a,0.44201305858726814
5190425c51cbfd3c,0.48566678415539744
e496c804d5ae4d78,0.48488126127336306
68053425f91cdd18,0.5288151397820936
f8c5fd1731dab1e3,0.48460362211541363
74d4ce52227441cc,0.5017097626328199
5e537dcbb1bac57f,0.49910358974450153
47afe125a3390b4a,0.45766163651834657
309387d43532d111,0.518142581717586
138048eee6d5721c,0.4980947351601568
3fb20ad5c1ed4bed,0.5064278837732747
14597e8e4ac8e4e7,0.5554904044568999
fd624fd629e69295,0.5016736447672514
7e4342de3a19c7a9,0.5599892884949806
bad757a7c9a06ed9,0.46926045774689096
865b2dd65df984f6,0.4754962283769766
73c0480b7406032d,0.5119166346765751
1dc6ea5e42cb6c2a,0.582102524319121
e94495aaeed6d92e,0.5582363406856096
780d88bd8d6d00a4,0.4873812339156872
4856681e50570426,0.4904545355736847
489a0b6288c260c8,0.6124836220731452
1a6f78a72b531ddc,0.5425104212115759
397c0d1792b6d4a7,0.4719799294410141
9727cbc6ca47f886,0.4749069719457186
781ab7169c714d56,0.444196192507049
ea89d986575ae7be,0.6237436055280009
38d728c728174a43,0.5450091127071613
4c2eee7b1ec7010e,0.4685766081790266
da37f6d4671b1fd4,0.516879900845699
9ef0b58fd4a4dfe5,0.4376145875704669
efc9063012ec98de,0.5013925208418419
f5a686efebdaa5f6,0.4996941876541139
c1d06074e26eba5d,0.5069310519042027
0fa659f7cc41f886,0.5083644607156002
ff1136d051990da4,0.5114262488671866
718450b9834eec79,0.4786478238336369
5a833569076aec9a,0.43732046163422544
10af983ac2bf43ae,0.5516291443871448
891021a86cb44b4a,0.6108261892523786
f260bf5c589a9d97,0.4786423190982697
a7ea9e6243bfb721,0.48808255596687367
234214ffec8ce976,0.4765023189395281
5c0700d7a05748c8,0.48457233212945616
84d053fa45bc7639,0.48004831666631054
e33127dff05a1a8e,0.46603622707159564
705210e128432cea,0.4976494947950807
4cd2484e3c41bbdb,0.43622921050113117
2c638cacd1b0439d,0.48987227114981957
ffbfb61ab6b1d011,0.4566106137990409
1d9d09eb6b3172d6,0.5274153785805987
db147ecd7521838e,0.5546208474028386
39dfed0c40c7337f,0.45214926697530555
7a018d2b3cc52bd8,0.4957629598224096
c3740db960ef38cc,0.5344476474213561
7a4070911b043114,0.5038477803203192
66d598ec36749a14,0.4890084297211338
fffd66a5d562fd6f,0.5027601685520029
b186268a1cc830d4,0.4544340182769603
a6fef88a22f2d393,0.5767695689203619
fa7102d89277b0ce,0.48262150854151153
1ce15db9598aff04,0.49440743740011794
dd4151aeeaf5b7de,0.5101935161530138
d19968a44f6085ba,0.4968702496506995
fb7dddf61accc19c,0.4988020651569115
e8c03bad2ad18735,0.4913577143791197
432735a39d8428cb,0.4911650770210678
ab89186d3fa95695,0.48087934211369276
58cf004d4a26f7bb,0.4759795628810519
3843aff79f11069c,0.5094959329166201
3cc052da2bde318d,0.5244174746448402
baf54452595cb177,0.45438684286084585
b15f3c8b14f7d7bf,0.5062041502495265
7e29cfd53a659e0f,0.4864354913416964
6af323587a36b99e,0.47091258210710984
1b26d2732630fbce,0.5153784926179981
e84b97d19244e006,0.4549886827158627
5c7c26dd37c9f35b,0.45560223704313096
51d185ee92e37a03,0.5148703470350416
1fec2fc9b98d2a6f,0.5270902568707743
140aff3f2d338d6f,0.5362406246144691
5bf492585fa618f5,0.45023494431651556
e83eb5126e01f162,0.5401476804460086
30b2df8e018817d1,0.475040822839109
2aceda4e5668815b,0.5216220661833063
acc01e9af9a4a3ef,0.6296948203669633
46a72db9f2d02f2f,0.5107771170599364
d6e1b54c66081272,0.47875857684790524
d2f04e210b4936a4,0.47839484377327135
1cce30c904becfdf,0.46811772973694643
cff0be8222daaad0,0.4472504217649923
3ff0ee1cfeda4a07,0.49662464636684067
8f0bc786623c1877,0.46756962785476264
0d1e237e6bac3500,0.5386402152850608
fc0a2f21e3611a6b,0.48918561688576834
2f1805cc6c111279,0.49724105218729053
5862733fb854acff,0.4943233893317096
73221bfc16c5876e,0.45646395140932616
77ff4264ff2a1f6d,0.5033544860337379
4090ce6fa24f4d68,0.4964832390689957
dea1b68700485a2d,0.4973644554900043
a402f50412836299,0.5610498477277046
6ce8381d861df68e,0.4917188691635316
837791c585429f20,0.545196397772749
ad85c8c9d77d6575,0.4815466249723277
4699d565686b9931,0.48080912453810143
e60578a0c942217f,0.5027838980167452
1012a0a022cb7184,0.5932121980722458
1ced9935a47c32dc,0.5710690806988088
e28bfdfa5ffed61b,0.4918776539663767
c0adef738452b343,0.49920988791389564
cd4d94fa33b81cf7,0.6263597745575882
643c67447cd61362,0.5821868336169302
440692a9e1506dd0,0.4743202742991963
e013491241af9ab8,0.4633576302051894
09599149c0b4d407,0.45387122458131257
ebc4e41e7b2f9282,0.6206510076686843
003cf1acc1bd66bd,0.583697912209981
024e0f2d0ec29134,0.4762331143152342
9a4fef9a870ac120,0.5150870588473554
ec73a56c8434d1ca,0.43759090715960225
52fe966830632c91,0.4925786028220156
b86d8501af23098e,0.49517363924461
fb2bce4c8fa722fd,0.512552333903465
5d91ed1d35984574,0.5069540335370556
b96823f348ebb0f6,0.5199110436972982
76698f8f1faa81e9,0.4727512232339106
3403db06a46f995d,0.4549245628990424
56902494c2ab4f6c,0.554415956540009
5a6d871b1de30de6,0.61385806081428
edd2e16265858bdd,0.48096116541218403
796af5041d99c6a5,0.48991696866597145
7db8344b11d11d59,0.48252438916522067
be9b346fb86c2bb4,0.4771165327578937
a2c619b0c9b1e835,0.48862196654424417
af56c1c4e3a5558b,0.4614631818359485
7afb7393e7f16b86,0.5033442757123787
5fb49d2466944347,0.4461585701741869
fb2011965a9c485c,0.4653119435871328
4843eb22b7fb4a3d,0.46382042298697734
01ed862b2cf8d70c,0.5417083308557342
ec7529986a06db93,0.5507257769620288
89240173732f7062,0.4540461251507669
a1a9fb6f6ce2a017,0.50144733887843
6d7023d22cade851,0.5430936273763041
0f06bff722b6061a,0.47013201914674607
21c893511685a869,0.47449486214082603
0d1a9717837f2286,0.4865515387208543
2068cddba614b5c8,0.4385283048557229
054df129c51b4600,0.5590664145435963
073ca343a15cb49d,0.48309136894534277
96ebde3a66468b60,0.49637637944185387
dd791e1a093c2112,0.5093549574517431
123a0ccb13bd907c,0.49368585652610886
b1b8e71c59e3eadc,0.493398712722662
f2a155826e34c67c,0.4965477203900348
c099c0a172509830,0.4927124911644045
4c45a44ff4cde6d0,0.493747478537537
b9818ec62eb33449,0.4760942538012426
dbbe96d61121387e,0.4911009051632975
35343d30d7cee5d1,0.5258346548593971
235e48a40ba9dd08,0.45305330142477285
475fa3337ae00329,0.5078520776335863
338bc062af7d68a2,0.49843192112094614
880ac0e454723e28,0.4698152051283555
1670db0eb7fd7193,0.5176190475944509
af2c711672d7111c,0.4549307683578029
80821e6fb9b43655,0.44751002079734903
b92a1a528b449464,0.5400400148115828
40dff9b89e626f29,0.5237651373450366
fa2ba3fa83f01ce8,0.5382473734504064
2b33a27b77bd66c3,0.44558640898530244
abcd591d737bfddc,0.5394167233999678
5554adfe197da15f,0.4813654446736174
0c723c64fe6777bd,0.5281886703742544
2031ee57df76ff3b,0.6297084892225868
e918203a7471acf8,0.5146213723395555
6ee973ef8dfc8e2e,0.49397628311414254
271b5d0ef78eeb0d,0.4956540897010424
a4fe17ccb648be99,0.46061519863295697
583c4674c3438d97,0.4575473991913733
117bfe744e10f692,0.5016641244171649
d9964693f121e1b2,0.47627616129942596
89b6d0418b333385,0.5404091234731915
33efcb53e35aa052,0.49628791143772877
e091acf488ee90d9,0.5008283417403376
36cd77170b7cdf5b,0.4939786978328583
3420f22955f17d0f,0.45750001682672825
8e5581370776f0b3,0.5003550014318112
3f17c2c74e0d3c85,0.4957731475261784
f5110dd61e02733f,0.493855392053115
bb2bccdbfe270544,0.529991378100082
c8abd01d98ce9511,0.48486747888359294
a10a2003fbb7f17d,0.5374467201472773
c9e13f0b7ec1ffef,0.47605929234678623
e210a006b653db67,0.48489986566059184
88e981e481a5d2c0,0.49281222852890894
8912f853cd6ebd63,0.5946919729393194
c135c568c170b685,0.5693551560103179
421c202a9703e2e9,0.4832431725821775
b44fbdf38d205ab9,0.5052623338638575
35ce23725bb73bf2,0.6304656103716373
5cf164e702bed95b,0.5770420291120635
3ab367094d5d2b17,0.46992717301640896
c0ccf068a066088b,0.4558124625927382
3b77d9777ce1ca7a,0.46322120184027005
d6ee6302bab22413,0.6117975515384048
2f5f334dd8366e1b,0.5797330173174619
15e4ba7ca2b73fe0,0.490474581999365
969465816bcb62a6,0.5104642698417159
78e1bfe1ee657836,0.43398965360091035
d518024136707aec,0.4971409710988067
7a7c06c6c8ac92bb,0.5026400201122684
6989f3101e9c95c2,0.5139121241756833
894218898a0e2b86,0.5190638243697203
3518b7adf6b6dc96,0.5183500985382775
dac49d3d93e46a54,0.47776861377907687
3fc79b53254bd833,0.46302777219192526
209dda0b2318869b,0.5534185173642802
8cd9f735b2deca58,0.603639398859356
0bed4c787e54f103,0.47857091927076856
b77d5ff61adc213d,0.4777976020018009
439a4e4113c2223d,0.4704944007470837
9dd14e8dfd58a0da,0.4750286294916324
cc270fc5052f1ce0,0.47332445365343434
799445a2f0d9caf9,0.47642844326392186
9e4cee4e712bc62c,0.5141211563860982
fad585411719e57e,0.4390843425924703
bee47ecde92d09ea,0.47337420580972556
432165b42a51173d,0.44831038937605094
2604342d29609a55,0.5546322860205395
c63b5252d2c67bf0,0.5380857449227935
1e0ae6a544819671,0.45422869911196306
c5d655b24dea4f5c,0.49517296408256306
281a253b7caa5277,0.5299368725052599
9905e908a8abab6a,0.45713660183950444
e8dbef4a8dec366c,0.472742402294438
02195e53277ccf6c,0.4937817363016074
2ff7ace647c53696,0.44320327441177065
254a670212409294,0.5467402918989879
e71fa2ed2889e3cc,0.4858427208363827
295753cb7db56f33,0.507980807854427
9f64a54b9f9a6113,0.5167457513613256
b2f41a126769a94e,0.49012241571208104
dc1985e532f2f430,0.48914963496232255
444a677630622641,0.48788604312201045
e7abd4b90639bd56,0.49856016021235683
2d5d87348ed77e50,0.49317848587857793
541d83bebd7a443a,0.4772953869072747
14e8fdf54ca24d3d,0.49523539009991246
7cd6703bcda99d20,0.5357787137431046
9f0584bf32f19353,0.44385497943044516
f127c39bbe97dd07,0.4974802610112524
cfa5e8ed12d3ba72,0.5042357511850842
e5ec7f56f3ef6a9c,0.47484447313409217
ad7c28d271fcaa8e,0.5145730866008891
707de85b519037f2,0.4678428555234293
e962ec4c51e06607,0.459653431008631
816d1947f98775bb,0.5449879977421199
24e62da140e5fdb0,0.5300725332533898
49000601f6c4e2c3,0.5495454956188108
680d72f1f0ddaa87,0.44217616636719526
99794ceea33fcd26,0.5484905785476683
e651511e3fc4ddd2,0.4989096268300388
7fb03afb9760756e,0.5336064197354462
d1d83e9c84915c42,0.6257559720943353
5737b3920e16e254,0.5041044645066544
547aa89b91f800e1,0.5048941957699394
64ab99ed3d697560,0.4802272193090553
261b1f3e51c08e8e,0.4721165175720321
33b47e1e9e3241cb,0.4610108734845728
85e66cd650157b5f,0.5132789134142427
9e70229d39f24937,0.46965257778093616
d4c15aa428b9e892,0.5448966385672918
4d1010e4e1393291,0.4892969611370742
99e3076a73f77167,0.5043914870836002
da1ff2e8ed5fe9fb,0.4985418554793013
d40316229ad9228b,0.4549254090883581
f58091dfa04b23bf,0.5060970436779876
c3420203583cccf6,0.49316301376305316
6a924b6d89d60629,0.4828562482887502
b567be63db04c674,0.5312662210016623
849713cf4e51032d,0.4873317203422034
7ec0bde098e48447,0.49965570647634916
fd3e4fc30d85ee55,0.4832102204151545
ea56ad4332e9eaec,0.4814045956679893
ae34c1f1e304e087,0.4966058681694082
d44e9df2276bb03e,0.5968841954573831
1400eb5eba690537,0.5885135978294012
a858be637ecd696f,0.49059954539198647
0029f20db1913d44,0.5023400239828204
bf35b50f2134690a,0.6326299733198578
d75b631a7e4ba64e,0.5775873250934959
d7bbe17141933ea8,0.4691707039810601
68e15bebc0c85506,0.4658626444365823
acc86f675037f3bf,0.4538143290823058
9cc6b52d906a5972,0.6149317906403458
1d1710ee0e747a10,0.5891965653464701
6d7f213458aa2b18,0.4942227510980841
66930573f137f813,0.5106643465173519
07dbd3dbc0bd63d4,0.4406021091271568
27817d6bf9df3d91,0.49960988292767994
1b3439ea1c8629b1,0.49131842622582056
2067803e90a0e8f1,0.4960165221050086
a084ad18158297f9,0.5109461602214694
7a0b465de7cc5e25,0.5236194663849313
010d53168e6bbc09,0.47763873675919966
8615708c750eee28,0.45421377355966364
70bc0c66b8da3322,0.5522020965493698
d0c3b84ff4810c34,0.5991034534843555
9998df1a39ee313c,0.4777880794052545
dd11ae1259986ec3,0.5012636809657518
7c9241f7e1ae77ab,0.4783858982716631
38874a9f7f0734a7,0.4710429576603514
41d31e8daaf18211,0.47516725346745603
1a9a763097107b52,0.4788219876616273
13096ba934c361e6,0.5027944798337081
f9188d5ca4c376fa,0.4416931457700122
f59050a6b3bfc2b4,0.4704653633610235
5aa9fd820ade65c9,0.44120323371916714
9ec219e0146b3004,0.5596276251695611
44305b9201b41ec6,0.5414096810619269
bb73834a1096831b,0.4555268635612544
c72cc9ba672c00aa,0.49292074571348055
b5f8d1a487f194da,0.5288847628449671
912a249917c07f89,0.46239282280979555
d13a7f8444c3208a,0.4557496171829184
12ed1274bd627cc3,0.4772402787846777
b06cb5cf839c8361,0.43953829366317176
4142c4edb15b8b61,0.5426059211323062
892e8a3ba6253fa4,0.510309897206003
35903c055313bb24,0.5054410515807676
c8f39a7ba03da63c,0.5045163445225744
5c984cffe1930033,0.4889754272862523
ef610813092664b3,0.48161143966000997
ad24f528d337bbb0,0.47884184670254615
58c50798f82f570a,0.4902182315128656
6ece292aca82765f,0.5045984297306523
7ff4ea67d80042e6,0.4696078625510778
c48a06dc6a5fb46b,0.4995912559510691
d38d2dc28746fec5,0.539029316548834
2cfbce13ca419ea0,0.44112849693171197
de1ce141d496277b,0.4887910582888939
91fbf69a53658782,0.5042608215256031
86b3a400e6ac482a,0.47792614508574416
8e3abdd7565586b2,0.5155534065992782
028668d93ec5c28e,0.4702490879444825
0db9087528c69d63,0.46264341000468656
c268b373b2044d78,0.5384027514701194
c4aa8c53d18670e1,0.5311298033205283
06d68161f1a60e0a,0.5558211629345866
e09ba4c2a6a180d9,0.4433359637526433
85d92c9394a30f4c,0.5367900047737446
5137ea0c6b028931,0.4961764790100951
4d96e15115afab99,0.5337021846882866
4e9f8ccfb3c58c0f,0.6245942600114338
502e8e690948673b,0.5004830410799217
f4a0ea4d7011b98d,0.5086333235717024
277d44c5a1d31e46,0.4717159541559657
eccbb5dc8ee2d02f,0.47898328696084835
a448984b45912d52,0.45225933468916324
7100d7dc62e97bb7,0.5190616877327714
33e45d20aa0e27f1,0.483313531451824
753f1ebe23e0bcc5,0.5390659726803886
4f286e90d5e86b36,0.47966317139907566
7940fe5ecd0cc936,0.5047070949597785
0e494edf4fbeb689,0.4774639117187136
9b6282a7786107a2,0.4509191310041325
ef43ff930aa58e31,0.5366155445188374
2ee7bd01e8b83912,0.4945853441902903
027919195cc965ea,0.5002297157650816
88fcc9a768c3b1ee,0.5329716658314855
bfd289eb112de3bb,0.4790604608036163
3b0f0b2ef32d63bf,0.5160682244917496
9d654c6e8ba1b6ce,0.4645435308508058
36c23d2bd4ae216a,0.49409427098261327
08ba6a8b5cb9a7ff,0.4857496377092929
a952a37c1c1e1fe6,0.6115512383587618
6c3266ff652a5c4c,0.6077224674994057
f85995b004075e8c,0.4940184281978559
76db6c2d1ffb7dc2,0.4885931609546791
52a7e61368f2fffb,0.6096230654419172
7b1d606bcd656d88,0.5628119829912842
a7ca0f94d92962fe,0.45506330120421445
6af64c3de3b8125e,0.46712992488817984
2c74a40bfb9fdfc4,0.4550306535322256
9b993a396f868e78,0.6035684456874837
a3b694090c08d8c5,0.5873393014182543
18e8752761b47eca,0.4909446631164881
d95e7a2b954d19e9,0.506970371129873
b662cb2dcd7ae363,0.4439184733506252
7069d739e8401de4,0.49903313713446973
237d0a4c578998f7,0.5015938259752938
31f8de1ad758860e,0.4973806914788441
f5b1e16a991e67f7,0.5059581967457032
82adf13a54c6dca2,0.519258409888892
d34338868bb0a1df,0.47427867026264137
7849ca71790cfdee,0.46119825198181386
8f0d695abaca9ba0,0.5421900099616579
b8950c83b4e6b1e6,0.5962096187767154
de60eb56ec8f72a6,0.4772326787277378
450a4c50bb016dec,0.5046926306636673
c5e181f310cef6aa,0.4694062773892351
90e284bd183e3694,0.4694867427292627
2f785573861a021b,0.47558058451526686
db6b615fdc3d5e15,0.4692268390085027
db4696a5328e3626,0.5039708880034117
f1d25036f2ec4c95,0.43728362815639
cbbc6ecd282a4fc2,0.4742633872766937
c8c47526711f961f,0.45331392834342743
96d452269b510a24,0.5573156490825625
a42e50e480efb0b5,0.5227079646744893
82a11e32d90b7646,0.45689025578152254
4633a1ebd0640c3f,0.48687812395719055
8389e3f07c6bf0f5,0.5262712244055513
bc389238724d21fb,0.48343956158484347
97c68bb120c803b1,0.4729725448808608
79d48321b8c83d74,0.487726947182189
5d0474da8ea08b75,0.45631825305959817
c4fe7933ce62eb4a,0.5271115601430056
43c3a890d9171c17,0.5198697316441498
00ecb79113d43ae4,0.49305055286461896
c45fb81e2ef96206,0.5200992937691158
81bf38d6ead6866c,0.5017386751585335
0d5cf7977343d53f,0.490420634358663
ef055624fe44af93,0.4846708055071757
be378952203bf157,0.49671522061535833
fd4f85b5a652cbfd,0.48969066370973313
12c4dc07bda50bb5,0.47624708253228554
74c8aacbdf7c4579,0.5057182760843947
8f37b7c7bec71262,0.5441859519468953
6c5a3f792dc064ef,0.45497079215731717
e261c0f936c32810,0.4917019028984485
15201bb205fae54d,0.4951071013621571
83639557b4413210,0.4842151890615789
0e216474e6370705,0.5169420275079389
8198653b74b97d29,0.46793518214523266
0841a730d66ed477,0.47251320119145235
01675b5351fbad67,0.5512066827684083
2e06b5f0cf7fc45f,0.530917659372357
b08b858ed11f6a92,0.5375718137419221
03bc9f92f02f6348,0.43518443017592734
7d8604a8a8f9a8ff,0.524355332315321
3ab4dc44236e51f1,0.5134956828893104
f33a0cbe056293d4,0.5305661331676395
01885fd188493e25,0.6152510180799345
3711e31004695d2e,0.5199298615340274
9d61a506bcb37b99,0.5048468793146156
8f36cf18986dfb45,0.4733997262701055
7608a5ddb08d433a,0.47409491536772297
6a58bfac1531e333,0.4530140162979359
aff1b6b2c01f0dd3,0.5201701875721896
4d4103b6f833f14a,0.48104599891017163
ef905c7ee9842f7c,0.5438794453250968
6ceb4b08d7ad5c99,0.4863833041277231
08d0f06ad1e07598,0.5081706629489835
e7c00145f019ccc8,0.4817775660761776
e1df055f2bc502b1,0.45385603018787446
91ac7d5e0ac7ba1d,0.53870279339232
3b5252851c7fa38d,0.48291267352294964
2cf324555cb5182e,0.500507047755359
7233545a513afbdc,0.5267043169666766
94ed65848c01755a,0.47179968239363856
3ebf127f0ef76fe4,0.5164209515195233
66b18a5d50fef80f,0.4433843409556786
0be95796b88e65f8,0.47917937691408174
0b524f61c2d05b78,0.4913329678425318
41bdfab187bc32a2,0.609084897364759
90ddebb704948dc6,0.5916618771254014
6bf8632fd4bac657,0.4899518672728922
eee6488bbe36a355,0.48702109394077686
62f9f981c6daddcf,0.6029014564714358
3f9fe3cee01e0df1,0.5627441520064762
630e34b66563d9e3,0.45457893816334705
5828c391bbf3a5e7,0.45881559650563586
24d0237705c7e401,0.43593736849918474
b18d55d28c3135e8,0.6023845889325763
8a720910dbfbc911,0.5837903843559393
4a98900879f7ff75,0.4945037337992727
0faa033f1602459d,0.4947855347748431
ccdc3f9d131ea874,0.44684832961865806
ee062b67184e9387,0.4921855373710089
97d1c73203b74c2d,0.49268925865720914
ad7c0de11641662c,0.4944496652063072
b6dc150625d11b82,0.5120171565772442
c09d205a2fa79721,0.5295247077879905
90418d23eba20905,0.4681185451063763
87e93a16c4aa33a8,0.4668313075758861
c806177c8dadadac,0.5477983333097286
41cbf02793770b02,0.604232203189375
bfeaa20a124cb7d1,0.47165344167495915
e59cb1dded0a0b7e,0.5068698496625181
6f0684c0bd76c647,0.4722478936812866
c071e0b2d3ae5f73,0.4772342459553316
03c7285e3d17d35b,0.4755364648225875
726fcd48793748c9,0.46671890087160883
0a713ccef215d472,0.5010453802506025
bea213d847b5fd2d,0.4430648266330657
bf52bdcdc0dface0,0.4660196943303745
4bedc1818ea43e39,0.4468862325425459
85aae9bed8536bed,0.5481368665152362
91c1534d19660a9f,0.525837301038294
945295c3f0c393de,0.4541592319002653
f968a2d4ca9f7cc1,0.49973915324906293
ea9e3e1fe2d184e2,0.5220607344001804
b2f6a7ca7eabe727,0.4776307329838434
c2bba170ba32b281,0.47748631663946317
e282b900bcd10978,0.4931403662854872
490f00d18642162d,0.46221068283257827
fca904a4efacdb6f,0.5335047958560607
e8b7233a67c2d609,0.5215192256758083
6a04e9e4edef1f33,0.49393330054208573
7f92bd94bcd8db14,0.5145518033465405
696ab8db353e3c2b,0.4850569932771004
dbabd421d5985e3a,0.48029351170743007
705ce71b04b012f0,0.5031089707060505
ef9001dd8c4255e7,0.49873761068698697
004be152b0b50de3,0.49234382815790034
10fc235823c632fe,0.481647152091784
6fc2331f5add6f3f,0.5273433758913124
ebf3b62eeac27407,0.5348070869989303
23038106e06d116d,0.46438292641441414
04cabcf2335c4a06,0.49217282508936244
1105471489a9dc8c,0.49206557075738944
60da802eab149d68,0.4864868865733296
9ad17e5c5c026642,0.5107455964981363
df890e16b154c748,0.47002388205619305
105d376044bb8627,0.4712862856034883
f6458873795c0c4d,0.5482997878490861
2d6d5ee9f9554de8,0.5257560701282888
d39b00472d75ff3f,0.5361942637789551
e2e0925c1501ce63,0.4438544108142952
b6f7cee96e00b6b3,0.5288588902037098
ec7813724ce6f8c4,0.5186313689706076
a97adc200f039008,0.5265258915520186
141eb909a06c6629,0.6259807180579143
1488cb5e0d1faff3,0.5338967532654147
6a897c7d5768aba6,0.4993327221573236
ca03944ab8ec3d91,0.46591242968180624
e1b51a80a1e883ef,0.4666144323871487
bf9aef7a951755a3,0.4500370958874952
9908c61d925a91de,0.5088707001954363
c61563407d2be613,0.47425581019717233
18e35f8924e56657,0.5418098153056494
1af182595bc4c4f2,0.49128777128509493
c8f27ae94db8e164,0.5020121412615672
2c92c1609c89a7bf,0.4772335730495336
e9daacadd80a19f3,0.45110729553344775
ad81dd8b69747dc9,0.5453825300476086
54f618fd0d5e0beb,0.49009369728434826
0051ddc245a4f9cb,0.4987081362218786
1c08b06836ca4d0e,0.5412787904280725
472392c7793d33f6,0.48606270169220567
fa2b0a7a6d452a72,0.5310307035808234
7f97e72e655b8431,0.46174455133610315
a600861f14a52ff6,0.46986589474014795
a73a5e91523dfbac,0.48539462618170337
6020389db593dee4,0.5935698372631867
111de270d2e3b294,0.5728470362439997
6ebd06145d2e2bcc,0.4860017307930905
a92203e3ffb974c7,0.4788313064197578
4f611bf9a8e0a558,0.5923726573186545
984e239530106817,0.5802435468070046
e18872813ef07e64,0.4578215587624477
799a38bb349c7ecd,0.4704512838949134
4841217a6d0d0695,0.4581620560124282
ea1b8ec15492c437,0.5762071427086131
11fd6ec30d524399,0.5756158153107087
8a52046290455a6f,0.49524284919441763
365a63f525a89459,0.4967234740740486
6b22cede69c1687b,0.4510273982366442
4f6b19efec7bb825,0.4878160009236774
75e8a8f46b399a5c,0.4961827944294248
e433a70094defd06,0.4931219922092246
9d21ea8fde12d5df,0.49854756308208037
fb93d92debc44368,0.5351834649633052
6c75f49fc53f1d8d,0.4672275630660837
53723aeb777c0fbd,0.46515829774517825
1dd9a1912575bd95,0.5560702209504302
a01c3d4487c07475,0.5847032457300166
6586859421979530,0.48015551934168554
4f4b4158c0b83c73,0.5122436316839405
9bee0513139ebc9c,0.4771530743722121
ef8a9d6a78562d08,0.4792152293339573
9f5f60f955bfb490,0.49203198718736785
20acc6844e360470,0.4800103778232535
cadb733e515b637e,0.4968524618959639
15aea9288cab278d,0.4314868331962869
608435164f8661e2,0.4678731478632119
dd995596ebfdc2f6,0.4422039722958131
132c704015b53fd3,0.5325824639491681
8e8293f00d945c61,0.5208281481849729
13b46434f4c6cd47,0.45159280481886355
177769ec1cf8c43c,0.5225507986097166
de95b35e7ea69ecc,0.5192983428725731
c760c2b6e0593e53,0.4777504968291606
75508cfe17e2755e,0.48058508238748643
5880a7cab221a520,0.4970264634402146
43311e835f9fc034,0.45639944041985636
7f1678bcaca2c8e3,0.5350778811460355
9e7e2a63f7f51dda,0.5214705506191462
e7238c9bfed4119a,0.48921462397016335
0a338ab567433b25,0.510824029710359
a1cae20cd106f3b8,0.49885592550149527
8a5ee1021ec55282,0.4778034734298182
52fce3e71621b5b2,0.5013472162918923
ea5ecee373435b14,0.49953878781904504
9705b68fa5282348,0.5036415741186974
6abc7e853923c6c7,0.49615584117102296
a8588aea738c3661,0.5151496705993667
a483a80647d35b08,0.540362511144141
d5f71b67ba907c84,0.4521997715843562
46745124cced5e17,0.4889519357101292
fb173ae842142662,0.5200733291411203
726a37781b7a50a6,0.4921895469009203
76d9a95909fe6d64,0.5169259672351962
a231aeff5f228cf1,0.47571445875416807
634e995d4947cc26,0.4601631430682098
58e357d9ef0284dd,0.5350743888642442
87c025762717552f,0.5305417121330844
e15d3edae72723d0,0.5412604886597974
09300d18621a454c,0.4492775395216969
d1151909464944a9,0.5195563628104706
7949d3b44c11b289,0.5234463240086641
1e7f862f7287837f,0.5273735509760428
3165d23bccb9fe03,0.6080112270131823
3cca63e2df5e3924,0.5269880853190616
c95629561b5cb748,0.4951651978049789
f50edede3d849860,0.47808014811799837
18ff2ca6ac079da3,0.46798064214783186
4e460a24954b4d85,0.45643650912806955
51cdfad77da01b57,0.512007306884559
dceda9d5d3c86173,0.4734307081649993
bc31c71bee22d09e,0.5341069602787805
44fa9f7dbceda606,0.48614672949903526
0d5e89e38e8dd308,0.5066722681953502
02621f34ca52e733,0.47665064165790416
f293d55db8e29c65,0.45342216756252884
e90925856b67e33e,0.5472937548490451
4b5c8ab319f82978,0.4898647843451357
534389bbddc99973,0.4981758589672196
ddcf82c78fd42293,0.534387486701648
92afbd29aa94577a,0.4819582540876717
33c976349bb1ab5c,0.5246839177077269
a4753f303bfb5ab5,0.4595367927302665
48155552c459345c,0.4669121218017659
310306494d1fcbdc,0.4934028042983545
021a03b4979a6a95,0.6024945107316808
5a8c3b6d67983bae,0.6004885347858653
3f1a5656313662e3,0.4890319056034449
4e5b5d1d85e4ad7d,0.48237659651422515
39a87b4941dc60e0,0.595445736618242
a84ae36b405270ba,0.6561335417831511
e1536532e900d791,0.4604188328501241
f8b0ae18b60e528d,0.4746035342830561
a38a5019bb8e4859,0.46516634207359875
e8e139aade5aeb8f,0.5755321377297078
71ed77bae0ae2ec7,0.6522882243861591
67f857b3537f056e,0.4949903610263584
22dd16f348527e4f,0.49824325933229086
e44f2197072c9d5d,0.45241406955776187
9e745265fa18ce61,0.4823258842510012
d716dce975c0e82b,0.5005000410963699
4e43148806b77bf4,0.4876436096089689
c537e23254470857,0.4981780153116959
d9470590f5a092ac,0.528861971678203
4488e0708f2635fd,0.46761926690189326
ef3b67fe7e77c34f,0.464665909636621
73fb75678736bad2,0.5361385113447743
8176b1cfa4b8b2ef,0.5976539715499545
b77e79a31fa7686d,0.47256151083011533
6407a6eeb2aef85f,0.505172975493983
fb5c4c70eb488336,0.4833861148534797
7dd7cab4f6f92976,0.48175580952994923
32ec67bfbca9374c,0.4821741188645683
9a59f85a624fd3c6,0.48208277049093584
fca349333d7ae105,0.49556154525202434
757b343b71829ae3,0.4326229942848552
ca4bb2bb835ac4d1,0.4700390944086794
45c58bf17c4ae791,0.4430180310398538
2c0202f3490bc724,0.5355214189432058
06edd31da61add11,0.532214904142376
d98f1cf204a2dfff,0.44552796264786676
a838caf6637af2fc,0.5268092661444836
c272c214a6231da8,0.526860345991488
a923c2090fa99a06,0.47853528727902217
cc03b12f2e6ea8cc,0.4838370277324322
475a976306330af7,0.4931676892910095
0bbd76ed88733708,0.45840318903767985
12aabfb712c3e9e1,0.532050202717048
af368a2a70959e4b,0.5175664671043517
438e6f2d40b3bcb2,0.4831899512410778
7d466c5e536beb55,0.5079428165517843
a4f7d86e90677f69,0.4930139710004964
6a01f50bc1a6a6e7,0.4728488456018658
8cb643a892ee9e2a,0.49438436442385425
7d1568811afaa39b,0.4957625465417157
7381bb218db79a7b,0.5044500048870026
db863c5d3272d44c,0.49634417788758267
b691402d88403ca2,0.5086604465669367
75ada610480b99ab,0.5424198146933618
f834bfe0a662c6ba,0.456674602683216
ae4e6fe8341e2d40,0.493059515713673
bf9fc257def2737e,0.5211294270026338
91cdcbfe95de8e38,0.4904866921786939
d61871ed885e5702,0.5045332953245913
a7fc014dcc627a0a,0.4780447272047941
a8a8a87f1a6edbfa,0.4655945546079536
95781a137e2416a6,0.5299449087368957
21667fdd5bd7bdc1,0.5257545559419864
c6046f6343b749bb,0.521846721322202
6113876c9137df2c,0.44549264266340904
38ccbe0d34667eb2,0.5192891903173305
b6ab9a8d9be20952,0.514989890479624
d29408fd7b53d4a8,0.514140999085382
9d10f8790707cd31,0.6169568785450922
689ed06d2483bf58,0.5277662435246928
8d38396e17001927,0.49879053977762244
531b9eff86de0d4b,0.4731783630328026
03c9a2e23baae734,0.458142218257668
b06918c7d69238e1,0.4572428471550989
bfa257df0abfbd45,0.504443092777275
5bade5284a6f5b3c,0.4683253540836393
53d7f746213b36f8,0.5312297813406431
abb1ccea5a84e405,0.4980947445195245
bb803b23f8970dc0,0.5041792900385988
63358622ecbcba64,0.48291771829885743
22ddc516fba54c48,0.4615306765998324
b9767092b09b41a6,0.5467474504436168
bd735f65b70f50f5,0.47586886751197044
8393c5349f598ba3,0.4926857119119047
e7da9513a4b33b25,0.5529993688497732
eda60759a5fdd593,0.4875857250792319
48f8a20df629e2c6,0.5277269044631463
8b2c3348d90af9a4,0.45590437921199867
04dbaae74bf2b07b,0.46816313963347644
9953e9e78c48d0e7,0.4940434249017197
c55259b6c3df93b7,0.5990925416295192
f21f05c6fdcd8be5,0.599726407187149
6ffe02a3e62e2e13,0.49126962060889956
de50dced31e7b366,0.48197565134583964
3504b32523b3feca,0.5728197520133498
c44c998de57bb5a5,0.6536287671436722
9f212ce38c3b627b,0.45723381034496013
62c086d75fcc7063,0.4605475670617236
18a658b583e9dbfc,0.4647044293733327
bfcdc22e6f0659bb,0.5999060006645531
56a213bd9df63a6b,0.6616791609284332
b3ba126348bbe65f,0.4946743339622346
678af71c6ec7d460,0.50144202875908
33a907e6c00464e9,0.45099433923521004
ad9aade0441543e5,0.48461031294489465
8a7302b91d722679,0.4971879880958834
370f7a8eb5a55566,0.4886411745535202
84693db1031662a8,0.49505584920355605
2e400c9324578022,0.5344863844934766
47a69c8de86b5540,0.47478673809104976
0eaa778397928d98,0.47590002028335887
5ce2ffa57833763f,0.5378971276107473
bb54036cd4c5373e,0.5905113878349385
444bea6c17329a60,0.47054326840963656
165ea9effeba9256,0.5031868220629172
e783e58dc3ff467d,0.4801491051439697
e0f655c6aad088cc,0.4751652747567563
c61830906eb34d35,0.4784062471966255
47946cdae84c1ae4,0.48227060931309773
87d84068f47e9875,0.4962302735490547
a0498b7819cfe7ea,0.43277573725827123
c6ad7dbdf0e583e6,0.47467301185760646
a8a728ec45e76d8b,0.45240585029440994
b327aa890cfe9f83,0.5332951139871627
a5439f6a700d24e2,0.530430901492018
0c5a6a866d1d9a2e,0.4491156062029782
689fb6f6068e06a8,0.5174675395638241
6b42252e97b576d4,0.5224489779068942
adf13e98e8dc0d6a,0.47829638095778626
0c3ae1cdf868a22f,0.4800837854142208
79cd5312f919b7cf,0.4903616306144535
1b48f42a2373ac0b,0.4504148468849203
c64b20fb64d44403,0.5339389647667236
29d7b92f80c104bf,0.5179415351280479
049616527673b85a,0.48314284982388433
1178397ebda8704b,0.5106729081501011
39bd2e51d937fd52,0.501142431173812
e7dafd4ae8e185a7,0.46893590273392016
1af12f065eaa831c,0.4886899587327552
d5cd84ce1036a489,0.5002798060800254
bac8c73cfd7ddb34,0.5097793278142326
97d00bbe7003f7bd,0.4904159513723628
511ece6e024aa967,0.5048052818800874
8bb1a5fed9b64cac,0.543397164829262
1c2107634ec09266,0.466278593894105
4fbc6540d1220326,0.48413497068187483
108601af56cdabb8,0.5312220444387312
fe08a68e69cff4d6,0.49223818333511593
f96eb573939d945c,0.5079007240852208
670e7888eb792b12,0.47665981582103156
651d45a8200ebe4e,0.4524667378511369
1df6ad72f5244b86,0.5379842279931513
25a2fb195ed4156c,0.5279502937638914
6767cd132cbcd459,0.5248335892711294
f62bf14c2ccab8e3,0.4393791267861671
40428eb92aea06c9,0.5169425194227472
3c91547f503125b4,0.516261158224709
2bf4daad7c6343c5,0.5174965346457276
917bdccb9f373155,0.6176324473771557
382f681381eb8bc5,0.538753717625807
f150628d36529b0d,0.4949864438711018
68b7c3c4c0a2e392,0.47583468653280714
57e1061b3910d225,0.4660217462528503
effc4a43d1f10248,0.45963932656072193
7e80255244cf1104,0.5110709711678776
4025f173e64425cc,0.473817345843195
cad218458aa747bd,0.5249250390060753
26ac11788fc32c70,0.4828671731763772
c72ece668effb25f,0.498981921191329
a424ebd5a4665e52,0.48760246066807655
25b9485305b4eb9d,0.4559256288778484
eafa9086a4421722,0.549080519081474
29d604656bdfeaa5,0.4760223047740615
c38686e49df5c0fe,0.49228048121008183
1904c0d6eac5f46c,0.5566507743388474
d099eff9bf6ba87e,0.4954497047103852
ee96ae1cf53cdd9f,0.533332505572744
83aafeb1c659c815,0.4461297043700221
ab3758f510b124d0,0.46281953349950855
3649ecebf816d25f,0.4986283954569972
396d83e698328d8a,0.5904120600947909
6202267e18ce6c0c,0.5968535261176473
4de5b17155a3a48f,0.48648329444531035
6d19eaa02ab2ea01,0.49141157678060976
1acd152d32ba71eb,0.5656148745374925
9fcc8abde3092cd7,0.64317491354264
bc755e3eee0d6b94,0.4607688733233841
c4fa8ba54578af72,0.4645570571053603
4bfcfafd7c8801e9,0.4764973296363333
643817fcc6f72808,0.5589964956256916
20e1181bc4e3a335,0.6613070918675875
3d9b5920dc991ae5,0.49334756463155127
f55b065a374597dd,0.513783123665811
ebd712ca2d4f6a4a,0.4472569187220228
b1e16e06e92e8c5a,0.48948433119855395
1659c68131b70c48,0.4948828815338274
9efb9e900c0bae59,0.49252661779287177
4a0c05e8846f736b,0.49077334638274994
7856ced541e5b538,0.5229911183587415
0bec0791fc007a30,0.47608349746965795
31a67d9f140b06da,0.4676595115428863
b7ac34a944641f9f,0.536631062269323
e7a53261a9707c12,0.5962829151664704
1d1855443441120c,0.46327189172328964
298135e68a6c908d,0.5042620040107559
12efc3f60a71bf26,0.4894628738750424
be99bf68e07fd1bd,0.4756972797295522
6508d4368bc8148f,0.4769122702893964
f43622addab7fe9d,0.4720480600236958
b3708555277d751c,0.49648903695960356
9d680fc265fc740c,0.44144304231382225
bbc2372b236e8614,0.4652286363946778
8de353043ae9f83f,0.4459156527066971
4a2f7fccdc47748f,0.5294705775492847
221292db19f43175,0.5297914462412476
000a6568188f4885,0.4524729175018781
43c9325ba4c67519,0.5202740026710586
5346c0e54511f0a9,0.5328664971278657
b5373eee84376d42,0.4664551094100742
53a2ab6f27d24f80,0.47981423222595443
70441bd462b9697d,0.5025637519077935
853d87cb8c0ce809,0.4662927209786447
b36d23faec9694a8,0.5315907277635655
123bf0e20cf97d10,0.520469197335881
83c8f716538b4058,0.48817106768318963
bf68472139d7d565,0.5067435845863819
991b4a869f4e4d89,0.49108768128254665
9f128c340301a92c,0.46367003083336855
085a0ebccb465d62,0.48008975709407575
6ef20de56ccfb0a2,0.5002761951896268
a0b84bc780fae2bc,0.5273636002425941
10c7b843b7117a0b,0.4845669554250265
f9ac59b8505eab3e,0.5160453053888099
ea406b3ea114c307,0.5411482456540109
90adf1a02a799f9a,0.4798570109944631
d897afd84e9599a6,0.49318596623614364
b33be9cf2b8e2f7a,0.5397242759612224
09c4322b26b37159,0.48620624133076706
452fa8422fc7a306,0.5012944119195935
0066ec1183c75e6b,0.4654141351326391
b45b6955e4314f3b,0.4495197761851928
6386cf61361d59fe,0.5291792112753002
3c7101c30a94baf9,0.5214744456420173
418aa7913a668093,0.5227387684439404
c0f74ba604b5e444,0.4440435049656719
0c7a6d78a98e66db,0.5180338200140419
9ef93b484c52659d,0.5134000881784504
7179445dc6bf1cf4,0.5257383641475748
10cb5e8e6aec1f50,0.6132263110234225
549301c7e5b91d75,0.5381531506542796
8e768c2a478f9f7c,0.49430224600197703
a770b48983b95bda,0.46522020740852343
46afae8111ea7b2d,0.46800465559702564
dcf306d352f3af1f,0.46521710525181925
b7b7d2ef189835f2,0.5117806659669513
e8675dcede93bdc9,0.4731981418840364
13a833481e1a6ed9,0.5343829648352054
fe5b739bda41401e,0.501778815041463
c6b0d6816c1d1229,0.5018571867908495
bc85417a065b64fc,0.5062701408666866
753d431a335c2874,0.44667982836482756
9e6314c67f6fcd9b,0.5443800724672455
d5c43b6c21067019,0.4552100459790013
3b9206c1ea6a2f32,0.4844837348858234
ad9fe5d99b8e9805,0.5510941171333139
887ade1fe087d977,0.508479345665072
1669df7a59821078,0.5428717809915262
c111cf84338a9d22,0.45648758986755467
d3296f50cfdd2688,0.46020392488056316
56e14184d71eb03d,0.4995839871242016
c4e9184063bad1b6,0.5965875527745367
11ecb6d839756989,0.5961255479640806
66946abf9b252a32,0.48730249415499405
fb6545402f99aa6f,0.5048420556358741
c6c3d33418f2c0c1,0.5655728025519077
9d31cff6108d4e10,0.6384590336298612
6d7f346df0a8408b,0.46040136535934206
363a4e286516d4fc,0.496584234864905
6a332eb12837e76b,0.47244406702798514
9f3e056629dc7a5e,0.5949495357322265
bb6b8838aadf73e1,0.6561537603017203
108fa8d4d617930d,0.4881463762618724
17a21bf42286543f,0.5087177032564436
e6168d6b383bd3db,0.4453231856663593
57583a713e88e728,0.48176884578087154
32d08f86409157d0,0.4854294475137433
fbc5ad24e859362c,0.4932959173973971
421264bab1fd36c6,0.49471369235489904
8e5d09577f8fd6f2,0.5154023358646469
d77997ca1938c163,0.47546799077880797
4371d3a147a01a26,0.47893382719578415
dd5ee64ec1fb9c0c,0.5229412155109707
a6e6185a5be86b2a,0.595085897638806
fc61e0067aa08b59,0.4663118926210674
fdfc5ff5e63f44b1,0.5117093682871183
0153c484b2cf3075,0.4921932751459164
771c6f758a23d8f2,0.4890208327635559
636eda24062628a7,0.4819570756859961
140e0ea668c1a3ac,0.4686162187155338
0bd85c76bde64a8b,0.5073527392833176
7572ba58e72c1b35,0.4450976579324175
b5dc3903808897b4,0.4644676740240502
fcf5f71ecbe5527c,0.44703734539291773
d2a3feb021ae6d79,0.5292201673234571
149660520ebc53ae,0.5158678374908705
86089a02be1f35a2,0.4673447674192601
a3b6a2162220dd29,0.5350633900682259
349f9ba435bb1e31,0.5421219105043378
29333937219d84a3,0.456603167786525
795cbba6fb99bc67,0.4676151235210464
a5f3f999cfc8a443,0.4984429499053912
03b586995a50ac34,0.4693541163378555
9f9967d16a3ec0dc,0.5423473957345586
07f56fb652a7c92e,0.5161821501035295
cd403d147a359ea4,0.49750463015082136
c26a4424d2978c0a,0.48365764981546566
f22c830aee385838,0.49365394435495413
332f6df6053f568e,0.46421250634800826
7019d31311dc997e,0.46708541935513515
deacc129850142fe,0.49925703245997766
561a93e8b9780c4a,0.5227414537397695
8ee40f0fae7e13eb,0.46965925217112137
4fcb3df0fab0b65e,0.5132584982573609
3ade59cd160f382e,0.5336830463195927
f28494bfae66d043,0.4753048747852888
e699c3cf3279bbec,0.4818835915173587
d362cf82d8fa486a,0.529575988434536
c90d9e0448a5bf12,0.46684671506736153
9331ec187a2e11c4,0.5167495569883263
6b17d2d968dad2a9,0.46895585677726404
d41a72a6a87bb019,0.4514954772486983
0d971fbbcadd907b,0.5181465570231288
c86e906162270c43,0.5236910515451021
128fdcf30d7d61ba,0.5123775454273566
a8df209f906fd818,0.4502898415197596
16d8c657058dd026,0.5176467775150437
7b1e9b2a54922e72,0.5020666448117448
0a613cc1154de4f9,0.5269018864021923
d553a9e9ad30946d,0.6117710209196847
914e3fc764353730,0.5452729762995178
9dc13eb514891bf1,0.5038743964872381
b14a8641ffbb958b,0.4633151053160306
db41ffbd47a75fa7,0.471151931152045
43c7b79afe4f6986,0.47002322749628345
9a4c601a4865cce1,0.5047742713921548
5f9c729d0d9988e7,0.4715272252848465
030d94a08bdcddd2,0.5194185395773274
c05ee8d750553729,0.5028445520876194
a596241f0f10a73d,0.5001212733009986
1b2cccd98eb9be91,0.4891645037448946
e12332b559c7f94d,0.4569134168247453
eb465fa033c86554,0.535869636354573
b513abb517408ae9,0.4657504181017025
2225fe93c18e2752,0.4789947199386557
59abef5ba6c87638,0.5481697859089445
677e191acab9daed,0.4914956443589812
3d222aeca3f217df,0.5237766021562383
d7a1a1c87e686f57,0.4845870844513891
69d2a47bb1b1a8f9,0.46166750008763724
42aae7248ce42d84,0.4929540153918184
4bd224ee4581185f,0.6059634840694994
9dcf3926349232a5,0.612299286799707
6ecb38caf15a31f8,0.47055373996948
5097bb63ec557e6c,0.48708698576000287
0929745ce7edcec5,0.5774386314418841
5a8f13c937cc0c3b,0.6187139395272289
1590259586b5bb5d,0.4444309635777015
e809956a72805dbf,0.5047809150436573
8d02e3ef7eba2dee,0.4659522317803384
1f840288724b3ed7,0.5952494103254394
81a0b56c67551fe0,0.68515129145397
bcdae3234e1bfd25,0.4741476666470448
81c21617f86a3733,0.50995307756721
fb9c84e7db592a95,0.4521090876486378
970ec9fbfa7fb3c6,0.4780816805796049
23fca9a5b1442b1a,0.49207643376947985
0ec33538ba976a6f,0.4948245857719341
907e054b5e0ddb9d,0.49382801352864947
7d0487ff30cd5459,0.5099771659722449
540bcf7a9eb5b7a6,0.46617900524464473
9c2e11a910a524ce,0.48028714971218345
e386e82c0808804e,0.5177154799762629
4fa87620ddcbb61f,0.6037816784127188
0bf4b7fc5887b591,0.4808981450808638
ddb52e09864e5195,0.5167041894570963
4ef6d3ad3c456906,0.5033496038915181
326cf336e0e2f400,0.4819635377809234
d4cb8ab656dd6019,0.5128216190021349
24a0eb9e1ec0a7c2,0.468662527070011
e145158e02461a08,0.507593092943007
4f49dd1daf201d4f,0.45132766172867966
9450f4f4bc012a85,0.4839755101255132
d8081a6cfafd1c06,0.45139038270396137
a2ebc05ef0410456,0.5343439016449723
7aaeb0ae7bd65a70,0.5322455081470996
77f084b3f55e3b58,0.47127008690568006
adf5a844bb89581b,0.5322774861118816
4cbed9f3792e360a,0.5343930854217865
0e47a77ec71bbd93,0.466891086530798
15cd195237929d0a,0.47164008617394493
c7596897708b578a,0.490981724317736
0b270b079ef9da25,0.4734499681600811
a595ecdf2f874cbc,0.5455609372691914
112eee13f8f00b8a,0.4945825523677535
71788215ffb5a2b7,0.48487874589580204
aa0521c854d5b49d,0.5005538068885316
bda9c27ce50abfbc,0.4923756507687902
e7f3c10449a40ae9,0.4655897473308369
9c0ea264556682b8,0.4627134746045094
287ac164868ca027,0.4923783779334747
710aa758eb94242e,0.5134181066504186
0c80e12df27198f1,0.4736622363551757
bdc97e4eb7135b72,0.5086153449008457
518030ef1437ad48,0.5298479640871535
8ede16f89c512b1e,0.46980023252850156
810d7efff7ac53af,0.49278011878761374
32edafd2faa76a8c,0.5416229490304116
799e5b1f9195dd69,0.4683542991511438
f3b4eac5dcbc3051,0.5023518420696684
15105e96afe0865a,0.4613557708713236
3915e23aefc96285,0.4439789099178211
cff13301ec190bc3,0.5297932182753594
c79fa33241cbdd36,0.5071364926282029
a9b7921ff1089b14,0.5040355614135801
8a74391647205cd3,0.4357982274636223
440afc1c8cff6550,0.5111280607773964
f8bd42aafda753a8,0.5002679544795636
abb4b7ac0267fb91,0.5083887941842558
52d55f9196e49b09,0.6169873390372983
4d5c6a6fe3aa7e69,0.5446402558543608
af82dfedcd5e057f,0.503535668270852
8910682aae8cc511,0.46912731661836005
b056f661b7814904,0.45639418813882915
c06c1b9d9fab08da,0.47015502951950194
cfe933071cd0373e,0.5069120284955251
d2707b1ce5db3a16,0.471715182362626
f1f7443c7ae563e3,0.5182213938471312
b565c51415313107,0.5022310037364847
cd1d3b7707c2bfdf,0.49905685973892155
cb7a9b4ec97e683f,0.48590862822897485
a64ae39e5c8727a1,0.45607751609103087
e5e2229d36d33ce3,0.5368389285648159
70151c6362ca9e76,0.4644904423751748
2028f1f1834b378b,0.47457248462595636
8ff5dbf8d5bbcd8f,0.5475653823389105
6da8705b8a381388,0.481821188856254
d5fa0b05cd16cca3,0.48360131943997575
5891bdd8d98906c6,0.463809784101874
5c2db8a4be61a500,0.4635449168849992
030489788287fde3,0.5079103514131086
b8b4135aca01cceb,0.6028741440198456
2e814e8fb63182bf,0.6151337462109399
1ac19012d392a530,0.4775342688867754
07c5e93be5307446,0.49283875151830225
48efc26a27822b55,0.5906473790133004
d553827f82af7da9,0.6311695164116535
ef044454685d6aee,0.445598585049783
4c5fcf14d944e10c,0.5062903646256534
701728db177390b8,0.4701006978809944
ae75a950ff05977a,0.596059595305106
59e1ca01f83c3a89,0.6796429530415067
a34ad3c797e9cf71,0.47640880445068834
af334e72c62d4222,0.511102411702713
9b1480682f60ec11,0.45558172974018474
00c3ce42073b0eb8,0.4841593659447053
19b982630c44ae69,0.4861593492686025
2f09de0fa601ec23,0.48769921280916306
60cd5f1042fcdd03,0.483944219670132
ca2e65fbcf6d4d1a,0.5034089745412127
33d6c5bdbd63343f,0.4624499796592778
2a3642de330b1207,0.49114203626559216
fc23b6a9f6954400,0.5186674262138868
b75ce8ce4be630c7,0.5941936684966611
9c5788c4f5c8b60f,0.47647050452055983
43ba9341e9263e62,0.5167926085349264
85dfdc7636ca5ab2,0.4963280638452967
60105a4dc35a28b0,0.4862172255169347
029d34250fc51b72,0.5042782836776463
236f4b1a7273b1a4,0.47022868514939187
dfe0b53d560564c6,0.5100222673998781
ed0e0a56ee592233,0.45387334459129525
b8a32761c88d8152,0.47499171854569844
bb667f0860b370d2,0.4487173353387848
577949ce8441d335,0.5378050505782273
4576c4b7417518f8,0.5396463282942022
203a9664b84b12ab,0.45933980784479045
7cd565d51e1a6914,0.529075777332241
cd4e0c982c0debf5,0.5287851910890264
915afeaffa08b1aa,0.4727820292204561
64a5da40a99620a4,0.4726852304927155
c62ebcf28388d787,0.4953606443225995
201fb5a6e096b503,0.4764147321338843
2ca12813e8e25e41,0.5517407534305445
3b05b227cf6d3440,0.49245412975165315
e82909c1f8898902,0.48562035650442414
f7978ab8e830fae2,0.4905127660812131
6f953fa0fc32f321,0.49111478058374636
189de692e16bc6a3,0.46163299986216255
b4d6997deb7296f8,0.46112336528886233
a23aa2ed98613a8a,0.4940287779791742
74799125363b6a7d,0.5190777389786975
925f28abbc13fd88,0.4776945760413507
0c7e5f84eb510b6d,0.5120599306760687
88fabd44a0730bc2,0.5314467978103362
0267d8c7f302dbe6,0.4754525980659323
ae978893459922df,0.49468224664951643
579180e976e857ad,0.5471880928441069
8780feaa9805e9b7,0.4663660767134261
b48f4bd171d70fb7,0.5009748674673965
691a134b4fe7bc1b,0.46680846322024827
71478b4fcbc84577,0.4421246470140392
6bcfda4d22d6b428,0.5467576402919763
8b9e00783bdf7d67,0.5110832574457043
b27874c31347d757,0.5079138601115678
a20e99eed13284cd,0.46645146483453037
5a72147e391c0e72,0.5126685472596975
885ff89617cd6130,0.509178232523019
5eb8e9dd578b70d9,0.5071315852688918
122b97f036abe686,0.6152209766671988
c142b02dc992580b,0.5430437185939836
7176cd1a3ee2dc4d,0.5037196495759
266e64228e8499b5,0.4687360413607238
9decd014d76ff2b3,0.4601168089851473
58d6b7d9050a8233,0.4608000629170058
b06f3b610ccaecc8,0.5169069330681959
868c851211941712,0.481518041819878
ee47bd09c7343bc8,0.5221184311446292
1f0a554baf11a54e,0.5137386911314638
b60578e0d34003b3,0.4976389752684016
ddc03641851d7969,0.48266954433236786
0ad117f063a2a757,0.4556224815462615
c19dd6a5a8b7b656,0.5351233099446482
9eeb50a7c694b7d0,0.45260560055163945
a3f75d22fa100ef0,0.4629511422444319
4a7f2f298fba720a,0.5347701378283445
25cd98c0d6de13e8,0.47636906932273004
4effd3287fb7d509,0.4944626294233895
618b062b14191e64,0.4606665550419864
48050f6808bae547,0.46700658672056283
504a0b11776826bc,0.4922470891552283
4493380207ab11a9,0.6037480634817057
2b09c9a0c62fed51,0.6049361055876761
310e84ab7be41f87,0.48781887342389596
47f6df132162af2d,0.4998880370700688
5ec093cee6886d68,0.5707766307184547
2d56f62dc0598efa,0.633910385917188
9bbf32d53eb4e93f,0.44682498888603495
9ff0bf8e322a909d,0.5171873484589415
cbf70de4b259b98c,0.4687131524911292
dc1bd435498a9ed1,0.6073903653015129
ada2a9da077cad69,0.66233932368419
10f2aa9b77cd664f,0.47563819720243183
3802d7ac8e7ba497,0.5031894021697303
d6d5ec62ec3da8ee,0.45386571817989974
99d8eb6e63a27db6,0.4742392336621424
0dfcaf8234b43afd,0.49334073997828765
76fd95d3ea62161c,0.4849705099065684
a80e355fffc9e8b7,0.49472595254995544
b91bb16c6c57bda4,0.5030189742424135
ade73b7b9fd77a71,0.4510091605620301
824f6797dc605cd4,0.4677523479710499
5d27a1fd6c71f5f8,0.5150357823893316
aa197c68614fef65,0.5949660931959954
70c41b5a4ea01a17,0.48089295989163694
1dd8ab33b9102e98,0.5170896327111038
ba909fc89bf6c415,0.4913205703982575
19b4f538ace6694d,0.485844168603919
47f21f3e8bd1b5ca,0.5031565436233392
3f4838efcca533b2,0.46903355174613526
fc4e03a38ba76532,0.49786565471337085
45d824ecf3813666,0.4536467740942074
4fdcf27bff38811c,0.4772331742616025
c328b4f066c4b3cd,0.4529899910212979
1ae2bf0850f47f4c,0.5341606135228989
225e8fd725870b0f,0.5321917115836143
56ddb78614fa81ae,0.4602740409682917
3d2e32c32732b374,0.5344503906616903
71c6a3eda2033225,0.5261116573089472
f3a947b8fa838113,0.47734146863487825
d377e231621d6cb1,0.4721640443673274
57b060d11fccd291,0.49079968998864065
6324caef4448e023,0.4753196819388168
1e40008b9ee5c5c0,0.5553917229137548
46ea738e5b8b24f7,0.49987577853529264
a5c97273f2a9b0d9,0.4964398342346378
01adeb6fab3ec687,0.4904928029967287
b7488d0db57b4bee,0.4855551052527187
fe2b3e8cb01514dc,0.46194101094877293
deab91936a34695e,0.46659386547826975
667490db1570be9d,0.5013112347553953
5f9ffb56c59a7ee3,0.50975886659636
3e9494d1d18fdc21,0.4760200568441125
b31c7735585f4db0,0.5109929932643935
47346cb8a78929da,0.5317554991737371
44ea4804e8987118,0.4712780488317385
d13a1566eaeeb0b8,0.5016541787170903
7ed7c0e8bb930340,0.546391439200447
25f27e4d995e580e,0.4614525273186614
d10c6b44faa0636f,0.5081946165969322
c2cb2bf6020a15db,0.4624523302974721
60d2b51dc4d07ef6,0.4427985742962921
c86d2c4fb955a0ff,0.5415036351182089
01e881aa02f44aab,0.518760919010862
be1966444fa3b6de,0.5106048397601163
ffd472ae0baed71d,0.43786052687496735
f96854bb5060a9a2,0.5028499933496642
af967cba39f0988d,0.5094051241679179
83871b4f386d11ea,0.5084706393948476
7efd5de01e476355,0.6205338004418031
7ecb21c520e97a69,0.5469069250454073
ca7dc3fd56b1e4ad,0.4948477254539192
1070505ad722558b,0.4579517399295989
96f7ca510b781d66,0.46395864084877014
566c012459d3bec6,0.457485419511899
c4cdbf6d0777a13f,0.49916739859275283
67ab1947e41850ae,0.4721742119659993
68cf01d48c5b06bf,0.5257506731212533
ec7c33752556fae7,0.5101695020325493
d556b45b4e541a84,0.4932700953248136
980024e20285fbc9,0.4816565774481889
0a54f0c317d97a20,0.45909790752883395
0502bdf018991c88,0.5261833505482747
3520c9eba771d67d,0.44688729557083917
0417d05b7ddc8f66,0.4730139215046849
90356c0b51d3b7e7,0.5283450655935613
207bc8eb9508f34a,0.47848721998133104
7eae6298106550ba,0.5061066558290952
97acf8a30037d8e7,0.4741509918328064
63db1a6fa37b7660,0.4587050392362009
ecb78d8f9310d813,0.49972101166492644
e6a70d6bab35ce61,0.6243751220160392
1a25579a3b3ff1b1,0.6275858368622986
8b3af075b691bea6,0.4717294866665869
a2da6b8789a19e8c,0.48863676046251114
58ce89c84406bc29,0.5852217805336914
bb3fcbd79247578f,0.6452286159236735
05eebc6497b029c4,0.44878682854737884
c9f6e218601d6cab,0.5130358535456083
64c8dce269c88df2,0.4489281953259523
b7de9184932727b9,0.6023189043801505
98c4314f45c3d921,0.6690030706688672
a734239cfdecbef4,0.48235595155806754
7bf43e0ebd175ada,0.5082578824783552
afd5f9ba5a9d04fe,0.4616170395267081
5fc698ac41397265,0.4786156726823392
6e189dfd94000971,0.4967237036530716
054ad653d7d52d8c,0.4934735730892772
6cc13e5ed6407485,0.4905784960704258
533788c82ab36144,0.49976664755734035
1dc74535f938194b,0.4655880041391378
c89ab01d9899ba11,0.4692899779431774
66c746ded498529c,0.5152095677403873
4469dc40473b178e,0.6008703553773015
b4c26e8d78861e98,0.4829654744813521
d4be548f5604ea6c,0.5106362881015114
dc24adce54929e71,0.47971081713357644
e41d6fd54a636941,0.4894386463218817
152d461205fb46c9,0.49483659458510865
8195c676cc4ec38b,0.46033202445915844
c38949028a21d9fa,0.4936364513478635
14b2d8e992413d13,0.4551635580597695
ead92835372dbbd0,0.48199399823915956
ed06c3b9b231c9c6,0.45073789793794417
e644e7697e936cda,0.5375928541582518
bf7a535f80604967,0.5291476028610788
74b5bfb325eecc66,0.4557745262386568
c69f017659421b30,0.533928613759767
ccd2f13063c41175,0.5284792026609335
647ffee5138be6d5,0.46644290145324074
8850cfdee3a7ebb9,0.46359607637478284
4a0dc44f742132f0,0.5027203748113726
5ca10ce7d3eb0fa5,0.46355918745843416
ee697a96d593fc86,0.548728760957593
9760eba3c0a8da0d,0.5074805740073404
420774ce57392d33,0.4910399683729988
77a6c73074323763,0.4985774408322923
4a08d754ce4ca6a8,0.4807302218037448
af38788936b499b2,0.465343967352275
9a59e92a5f7f3dbd,0.46064925495138975
b4cf64e0269c7ceb,0.49036259894437095
341405213655c4be,0.49707846308574277
08d7446eb98c51a5,0.48341013517832676
de6866118fba14df,0.510761840656514
3e17e9a9657344ae,0.5280161801628152
626517d4b9ccc505,0.4561616263967818
3a40777b8b7d3161,0.48763850786803187
2f3c312eb72cebdb,0.544001038002764
4b69dc5767e19da6,0.4592823214410937
24322b4f43bf3ea6,0.5123402123803764
28e97c1e6c5003a6,0.4752280330625319
74d71467f6793fa1,0.45190228632349627
9c9f45b3b846705d,0.5421973972611656
2fd53e32e6e78294,0.5076928001421449
a18baa5328ed90b2,0.5032722155239009
176be2ba3a46ae24,0.42804092112935577
a56e85694cce2576,0.5111700712431368
bd29fa3cadc45cd0,0.5119051572841449
595083fd871d4b1f,0.5025204926124113
ef74ae5e852404d2,0.6067530983037338
242515201e039df8,0.5413988796870877
4f50e9db085edc3f,0.4820268826294216
b7c4dc4835134b24,0.4661533346780957
a5ab6024268b05ad,0.4559158280554477
d76d864deb49f3ad,0.4651813841481489
efbdf60fb3098f08,0.5035585117283626
68567d2e8abe2f87,0.47117030412693517
3295c53f3bfa4aa2,0.5173199498702521
ad306012d92881f8,0.5063319712040875
d1d200e6d5857a2e,0.49107174857174885
6f80f11daca48594,0.4774368249119323
a16a6760bf1893c4,0.46020277860919445
9025a38bb2497677,0.5298375516163937
ec0053cfe34d7137,0.451524986898024
c7d9b37b1e1c671d,0.4729731405627098
95bfd9c7b90f72ae,0.5447385700358502
57fef821e5482674,0.4746453972448422
5bdfd5ac64cdab96,0.5162909214464739
05c7afb20304f1bb,0.48751409631051446
b948e0fcfb5ed5af,0.4689964535782598
f87a90b7f6985440,0.4840619147923071
54f5cc006fc29cd0,0.6107025038507758
f4065527df6fc15b,0.6204322012224213
2309a0b7bd52cba2,0.4704693562615636
d303ba3debef5705,0.49597837758252494
c46cbe144177e7d2,0.5872750978011306
e4a5d511de0915a6,0.6475546667339311
6220f009ff97cb67,0.44701107813295793
98fc0d292a9ecace,0.5187273928563702
6d48f53dc53291f5,0.45862213798969065
f8c6ab04374edb74,0.611568703313665
10fb24d2a7978a83,0.6760463353350576
0d774b7fed0c4974,0.4870213634303273
47c4f0a808c823d4,0.5157819811592639
28f030443ef03601,0.4571605252899986
f585ef15f18131ec,0.4908490184005918
5e22498dc2313964,0.4937650992065008
4b588699b7b2a195,0.4941961754422225
2917cc7cb222d920,0.49201728025735303
bd5dc272c37d2b61,0.48974503607325637
48797902fcbc9114,0.46950722241643994
57d1126d8486a278,0.47164559427413655
051dd6bff3bb60e9,0.5193212176825739
9800d0af8f8d378d,0.5784831124127476
6645d3689f30a2d9,0.48197939245000176
2be5856c4f13c138,0.5100828184819
ea5bd8d8b69652fc,0.4757268106085454
b718f7303ce018be,0.49049682025858465
2b3ec88190fb5a06,0.5039593750356307
f3f67f3b45c314c6,0.4596156524703694
0fed867ec6418f12,0.4900833576336192
b0a71f0f0da2d114,0.4471578217479577
04da56e07c68a761,0.4756330961737151
8fdaa14e619a84cc,0.44419899792639517
5e64e4c3177ccd2c,0.5401741148892845
a7f0c0036f1d562f,0.5286726351230041
7cf8c200914db41e,0.46031132170521494
238cea36e13bde56,0.5246335149922113
36c9be101a1d48cb,0.5257285900508682
0f367ba86adacb94,0.47594148143264614
90d6ab16277ebe76,0.4629251579768652
813cd966f94e5348,0.5058533237747959
616a0192ebf0c62a,0.4682967074082287
f190f58c010e6732,0.548317208722496
71902e1e5f6ac10a,0.5179156805718587
51975214d4192595,0.49741132801712706
d231b821d7c36efb,0.49269510026193986
db31651fa6b31b7c,0.48087306067566726
e8c33242e408e421,0.4589015550151363
504b718401773064,0.465783603565632
f524c6c0932f76f7,0.4917589725517486
ca7af484793fd1a5,0.5067835170862697
639897f7a37a97bd,0.47208740244923
f7edae0757d854eb,0.5127470437188606
16281cf8d07a9908,0.5341814293980487
dd70a7a86514316a,0.46767045114839645
e9602847f31b4b07,0.49116349560421546
0393ba8e3b67f304,0.5408965597437643
63783da791bba3ba,0.4611775376022662
9eed76d7359680b3,0.5081360639378211
6e77d9a39cb5da31,0.4760769771485329
c289dfd579a81fcd,0.45006838581867026
afa6fb4d212ca3c0,0.5263969466725964
4e71ccc2b6a27cf1,0.5100932740275382
5a99b88c6dad9be2,0.49658565451743675
b64861c6477110fc,0.4332706195939222
00dec2b83f902281,0.5133077768363448
2821897a38bca094,0.5080928806333802
367703d957d9e604,0.5010674539816279
b44e146a2b2c5d98,0.614500626351737
c7202a68fe3e8630,0.5327254063478143
1d019b49cd9584fe,0.48883624501665535
bafe7ed89617153c,0.46191401043249214
708a58a398145b00,0.46098951220821016
