id,prediction
cc9700ea556b8058,0.563970280260883
c2c0811c9f8068a5,0.5134863388633957
2ace2f3e7ef48072,0.5573697264727511
1ba95664a2d713a6,0.5186894383207092
c7ea704ac53e85a1,0.49132243160984057
304c4651cbb0c4d0,0.5107054674009872
e0e0d520edcfc1f7,0.472796539397222
503dbebb245d62d0,0.49586309311485643
d9b3285fc7fd4987,0.5268632837521828
338d4994ea834cfb,0.5545842346687857
9dc6b76947e70d08,0.5442766779452097
dafec43bb4eebe28,0.4724043529939428
b9c2b6cd5678e13f,0.4923212069567513
51779d6c7632c0c9,0.4881241365791654
56f0b6e1a3354860,0.5044319594299255
2647b794b24c6398,0.4710373050231267
d1ffb5097c95691f,0.47514872792553153
435cb1ac053cfc6a,0.4378543030456845
713aaffa39955b12,0.39090190302373184
3666e66f7683bafb,0.4889438084336337
69c4a516b1dce5bc,0.521733942739051
21b97b6eb487a054,0.40970342430548556
5397a31f166097b3,0.41474723588006146
7351f10c8be9ceb1,0.523905047406324
61832e398270e106,0.5193351783102913
8b3b529b4d9b2bf8,0.5743990280032604
2ff02af5ed1cb917,0.38992108396776715
a597867616717aeb,0.38734723279761696
63cd08e274daaa1d,0.5351558703126433
f3a60f824966462c,0.4764001798330406
24c4f798c69f3637,0.5230168115497661
a107ea315daa581a,0.5156281561882008
3e0abb39f8ed5b9a,0.509253290829421
e6ae85aa2a13e570,0.4980716210120353
6b101fbfd5432fd4,0.5182121561477365
4efebd4d43059390,0.5182737196716365
35443c8fa918679a,0.537177989962357
7fac965a5dd62d33,0.5267953092243205
57c6148f5ae2db05,0.5126353061776525
bb51053a105112ac,0.3598138171390697
5b0457bc05d74049,0.5157794480637836
e3301c34d6b1fe8c,0.4864211771661593
0055a2f7fd11c67a,0.490384860116049
bba2f453e6f2cd15,0.4765538763330074
bb56766c42346d80,0.48585500798791514
be3f927b0b558211,0.5505286929601692
7836489e08ec66aa,0.5275748316493194
cf82ccedbcd94c66,0.5316968415398623
f8b32c2b17d6cbfb,0.5551985492927816
94ac91e235060320,0.5562454837424773
5d698cff8308376f,0.44987254255195586
e50099442efc9b47,0.4901032541613134
e70c17ef426d5ea0,0.5786739924260218
3913786615e73878,0.49305386130162543
54ba25ab348f1903,0.5055833117040224
2fa59aeabc3c7330,0.5315850069800109
435783b4b55dd1fb,0.5233186648556969
6900e46c5ad6575d,0.4796447816371815
425693a12729f819,0.5393126606226046
fe418d7e7884cde7,0.42596253260419537
9ab29e15cc8e6fc6,0.4866503257500917
b11f88e300caca5f,0.5177932161419718
f6d533fd2bcfb58e,0.53013449140932
59aeec005fa2b961,0.45583724486045796
e1c1488cb9fca87a,0.48853356508082646
849d9ac87a18d176,0.5249683086129484
67fcd0a01fef6243,0.4760575776149787
72456803a1581458,0.4983498113724063
42e4b147610a3b8a,0.4637079713559531
b1ed6bb2c25382e1,0.525803220309474
80c3e5def4867703,0.4778943188551228
58af89b8ff31a6b7,0.48684354012218534
223920184ee9a1c1,0.4845823406906793
97fefe84ddd6a110,0.5089020404984612
df99dc10b90a72b3,0.47384279646609495
8efc798cc24ab10e,0.5173150485349667
5dd1259eb566a58e,0.557877058927285
b45833cb77bcebc6,0.535362955848977
7015ff4f1f556eda,0.46273246303530424
c5e359d5ce6557f0,0.5302053342629949
e110b34af2aee50d,0.500483156672326
8384b87bfa614ae6,0.5368917819357646
76610e28bd2d8394,0.5314983361122063
e225c176a1bf4173,0.5165787348735296
999e07aeb27ad11c,0.5202511851094292
e34a7bd2274e43a3,0.4064510780152776
daa936fb3b504932,0.45470671270083085
b3d80f3cf140de77,0.5187558815788924
06dd11d2760b83f0,0.5274081447884433
9c338ee63188f386,0.5421033357617451
bddd7222aa717be2,0.5635925269583595
08db0e39494e85f2,0.5181213640012378
00e57eaabf878311,0.5531010693607624
d9a2376b8436cf30,0.5160916267472896
1927ca7ae447adf6,0.49049883865606336
61eded9647e9664f,0.5152812563299166
f20bfc13c37b051b,0.4815784496319333
52366b34c55bd8c9,0.4920505534635372
77872e99a902f0b9,0.529359890138804
a65b9f36b4be13f1,0.5491481312777888
ef09a7357f747406,0.548221521639215
1414a1f19db2f210,0.4739807214762831
fefdb08bd3c2f91f,0.4935531331217671
f23e40c979c2a4d9,0.48982115413982674
7770e2e224a4d788,0.5099400424291008
7b3b2780064ceead,0.46462371399831115
86485f818cc4b914,0.48170219726518704
0cc3ad336529e287,0.43593016512410077
93312d57bb365f1d,0.4281333674506532
39d6c08ceb4f0e8a,0.4892564991270095
f4fcb0d4628a846e,0.5161518111626524
92f02f1731a68c16,0.4120498828774113
711f839cb860170b,0.42038475218570936
ff69e19e9f70026d,0.5211214230756287
c6be3888add583cb,0.5316048843030279
294c11f7c9be40cb,0.5758757521493196
c89585d2afaf1504,0.3959195999140025
d10e63fda7d8af65,0.3807370220258349
16a43c9a9f4fb705,0.5335605610253116
d3a20c1b9121bda4,0.47395189318210773
9ff99a1e0d4e57fd,0.5163117627196744
e20f45ad2a437d8e,0.5245213404718525
c4014e5277aa98a7,0.5151617515614852
abda57e774d194fe,0.49836989232211537
a29d653301f501d4,0.5102455089178696
4c47717caf0d8da1,0.5175248319632083
2e4f2c25d3e39c24,0.5339461997309272
7b083188636a8c4a,0.5199328627619868
a4ee0f4481d0fad4,0.5174504037789007
020075a74c0155c6,0.36446481890906646
5fe16819c0862d0c,0.5185379353335466
72c16eaad142d9dd,0.49541805414460693
e962ce2cb2f4ecd2,0.4938086732296165
ff04eadeda749ac6,0.49159175290921375
fc23eecfe7ced3f0,0.49104963998436435
26baea435451232f,0.5535154585208171
2a8c390ca296e4f3,0.524525014218145
ea486e7a49fa1d50,0.5121282508497808
b5f15e47f0a242d9,0.5542852144735475
ae3733bc5052622f,0.5480162613063626
7fffbf3c5529e2a3,0.44714892166258924
8f51b81c7d684ea3,0.49414489885939994
3174be075994f884,0.5793417854715353
274ad1217192ca0c,0.4948489684256314
dd8d0f0303b290d1,0.506219800490509
1cbf1d3eca0dba38,0.5299067019771562
d619b52ae139c08b,0.529054096780495
3b832f4991b1420b,0.4750535880307828
f48dd66ca7d77924,0.5436490887266938
68e9df11f0d8a950,0.44369675471454184
1d6774d0759cd5b7,0.48904703386949666
75d0aa0847225af1,0.513119185025043
4797df4169d3fb2d,0.5308861413096226
df134b1a398361f5,0.44921663293852454
b2fd7506ac60d6ed,0.4978192999728265
3af00bb06457763e,0.5267952716375601
eda6703d3c511caf,0.47894045966951526
2305b7d78d5e2ed5,0.504975000524268
381fd154d5c5d830,0.4599562643197115
8922957b95b59f79,0.527239457041423
06565369cc970dda,0.4770231290375635
5a80a5135e1aee06,0.48837921361739844
0f84d4bef911d701,0.47591387727196643
3263fc86691375a1,0.5078482932762323
e0f3f5b6acf73aba,0.46775156891274916
b72cce48dc028aaa,0.5234747607355528
be783de0021e28f7,0.5494572605204127
17e444314bc51192,0.5267058334391028
de6fa0b3d2ad1578,0.46834051303828417
881bbae18bf3b9bc,0.5320824956718577
a43d601dfeb96e7f,0.4952043910353483
0168670ba6b0358d,0.5422969179680773
8f47db8d5073b7d5,0.5288899633659634
c2e654404b318e7c,0.5098550088349003
ee6c4ebb0dbb776e,0.5317645711576837
5114615da75204e2,0.411584873731339
0e5de1a1c1c51263,0.46009652593419537
0533461d6a10e196,0.5155542451196171
70a5102059bc3f1a,0.5265037138233363
d6630b76ee69fc97,0.535046865462929
447d8b69c83fef73,0.5583672234310932
bb669cea39485cd8,0.5238980977604275
706c42f06bc93cc1,0.5541091287427821
da670f47ff33282c,0.5303330550960634
854eb282621a15cf,0.49063273428248944
cbd76ca292f1b36d,0.5160751688962268
118674671ceead74,0.48507339136645133
32645ae545d85c39,0.5038625373922943
aedd2d10a2fd9597,0.5382972519063253
aa65e46500db5217,0.5357093929265897
beabdd8ebbbaf5f1,0.5358865807761002
abb1df4d50a8f3e8,0.46021738998244555
9fcbb0ae51a2df68,0.494153848159418
589aa8653ae84f94,0.49911039366859744
ca173293994d1043,0.515496845460492
077b09c6a4294b8b,0.4592683250798173
d4255bbaaf8f0737,0.470359993103141
44e1e1e7ac4d7504,0.4101137057237608
11249fe521b16704,0.4110653207792522
6f50ac1d7716a9b1,0.4896118364301235
3bc8c02c06e6e352,0.5184034949796184
9103a60b103c0df7,0.384720288437467
3932ba8d5770c922,0.397005347912766
2a4e44fa24c754b0,0.5484664779973027
5fc950c3599f49f6,0.5255923493046537
928c351df54d94c4,0.5736040257847679
0bd49b304c848161,0.3800217890860528
c570a3cb802265b6,0.3567312249022325
0506acc786b93e86,0.5363187111214158
ba0185ba1230c679,0.45709505172002285
6b99d6a331cecaba,0.5245819171738255
f115f61461f4bcf3,0.5460086447129991
dba153e740b88c0e,0.532372171422785
d4473e2f8b49d60d,0.5063542205772285
3b0d596cc2d4530d,0.5223024198019618
08d526b5342fc857,0.5359114185674727
0416eee314608bba,0.5364672815646416
51761698e0431698,0.5343017901742736
e1b0874b0945f4a6,0.5192749677004695
3d4e7eab87ab1870,0.36216315343948247
92f74386f5807d1c,0.5183640408371712
34b0aa64ae3a5124,0.4935703509936399
524ffaa70767f5ff,0.48753987066041937
2a680b846c2d2f51,0.48208573694381907
8ab85afadbe5792f,0.49536898411336927
83dd14857468e74a,0.5641411076389263
c66a4a453807d59f,0.5143748109517454
59af566dc8d11f66,0.5157402539864651
1b27b0e694948478,0.5514362911065505
9a6111c075bfc343,0.5443074995878774
d0aa96d374eb60da,0.46040405044481714
af237623653a946a,0.4948188778400031
c898b32c871b66e0,0.5765402160363723
ff4aae6d80c419e4,0.4980201358712215
a70c75d4b57c8222,0.5013541712480747
124980ae31cfb386,0.5265168421237063
5bea1afabbb53b43,0.5140382185353045
0a9caf4580428f64,0.4680566913852633
ebce3bcf06cb05aa,0.5514963091413794
5067d3ccaf187bc7,0.4545108565027116
972e02c3acec172e,0.5087057395060874
0d3906ddb38f16c2,0.5274822389862821
12126399848ef481,0.516027753120494
bc46433088057d53,0.46413850732325757
059b48f160e38e61,0.4812555433962753
0100d88303e8fc23,0.516795751691109
3a878f672a232f30,0.4693769487849183
ad7dd2759b70ab92,0.5063780465589532
9ae48c36ea6b0988,0.4419656765103571
c37138e9c80c6494,0.5393655607641743
e9003f4181435567,0.48508953364602614
b9417b16175509be,0.4925343570699441
8d21afc99f904ac8,0.4827902342226379
254b42b0cc13a744,0.5186436061582291
293e5fb9ce7d6034,0.4778246483466031
3b26d20fac982c9f,0.5216678807891484
baafa66f097d6611,0.5462454654864402
c5a4d3447337de65,0.5161287369471093
4f2de63fc0484589,0.4557683834381795
1137418c66bfd96a,0.5377685971576668
b72102e95f1f3143,0.5062134990751816
e4a79b6899f6038e,0.5262665234455675
c5110a2dbe283af2,0.5495813538029355
c1049268fc3ac966,0.5162560760074129
f86417ca4ba2e074,0.5438125370311055
6e3b6d4a7ab262d8,0.40985772024674505
86a92430d26b123a,0.4752618378303186
59d28ae5a3c27073,0.5071380711760871
2e4b324c9dc42f84,0.5291599005481975
3858f7c8ede00817,0.5353671686149668
e0b4fc8dc29f1be3,0.5753132344575176
457753e835f5eac9,0.5197505055239671
e01da30d487eeca2,0.547510139433396
b2651584aab26554,0.5237443726486463
fd6599bed1cc2c16,0.4814205440385442
45c8151d3e73091f,0.5140776624137109
614e0b7d1053a865,0.49432380645689133
35578257a61ac0ce,0.49217483359524117
caec1c4171988721,0.5302123712876696
84a9667bde6b05a4,0.5448836384871817
e46a5c10e2c0a288,0.5456475631857458
0a7aa9c1b1906967,0.4753666678279821
9c118e66544faa5c,0.4915917529832229
4df2c5056cc86ce1,0.5056154643665269
337bbddcf1acc6ad,0.5125409279910239
18605df86caba5b9,0.4603361749478285
c89f86546b43485a,0.46489732408708595
5a6fd3bb764db6e2,0.4104672138524683
03f78fd0e013057c,0.4080167281386222
213b2510ec336ab2,0.4998758728194832
044ce7701cbf3051,0.5139841677004502
d0898305386bc731,0.39631414536648024
efea2c0520b2ecd6,0.38373891442704366
59e22a0ca64cc8fa,0.542674289346023
e76c5dd39e9c7b7f,0.5232256191346214
4227801586063a15,0.5788344694573329
e51b3d7ffa8fcb16,0.3953635517668561
c4e6184759febd6c,0.3548655679234408
e1af5028fc381e4e,0.5405165776644429
330099237117b1a9,0.46900069727240057
fe3dc7a2afdb4664,0.5435325381970691
69c9d824f7f92901,0.5373982875290069
d1f9462871f2e58f,0.5138126177474254
401dc86ec1ffcf71,0.4939636933321757
3aaee1fbd3c7ea2a,0.5263311930748764
7a3dd92cce066d24,0.5341962966990136
f936a48e72f8b822,0.5387298753555668
fac1a46716ded20d,0.5139040380971218
e8b7219c5e7b34d0,0.5071452972749778
d0e2b2144a62b51b,0.3472098752515853
8d586556ed41b828,0.49605655575692975
1d818bf87fc0696c,0.4771822237183794
1c8e23e852c76d92,0.498375062247047
7231d0b2185a0709,0.4794642362159426
fcec87a9f942cc27,0.4859582295781899
49f08d7bb8e789cb,0.5777813797622084
0160e792b9e974c8,0.5093682912842212
7b8fc241d8d8284a,0.5278765000383805
1e93941b7d10a778,0.5571309642534671
62d5f30bb65db518,0.5568496453354942
8b7c4b5b8f1cd026,0.4455621793370488
13d92bd2e0ac0b38,0.4974398429713266
f5f27c0d71250091,0.5956952455785292
12d416f38c0d8c01,0.5015497352138435
7a687a5dd482b63c,0.49531784316335803
d18ce391ad4a1bcf,0.5530092996422535
ada9cd3f7d90139a,0.5205441597382521
8ae8352e0c7a9bb4,0.4838818029071852
e773c7cae7425b8c,0.5364600885241176
6e70a32c499bc78e,0.42785741858020854
f785107896ea776d,0.49420598099398894
67657e69678cd6c2,0.5194392534104666
cf464edbaec0895a,0.5338108312340131
e48928d25790ef8f,0.464458411645122
444f613afbb56ce2,0.48308953879409755
041a7651ba4c630c,0.5315957176823725
c99fcffe2f18f304,0.47057976453483397
372990826c1bf98c,0.5081922214167072
fc875cec1f7c8083,0.4460055100481628
7499227ccdfab0f0,0.5562150335755066
354990cbcec71b02,0.47655752998373013
1daa6da51a5f583d,0.49159546691681855
4275b8d1ebcc5af7,0.478513832032874
296101a0f91158d5,0.5184377129161533
2ce0ef778d125c72,0.4919746710892786
151e79d0193eb0b6,0.5200105912259715
5f191f351b2008aa,0.5519887874406423
0b280addd693174e,0.5253162272719565
9ce8852f64042f6b,0.45904183776164453
95ed1f5164ec0471,0.5376794064357986
67d0fd41fa8b6388,0.4998830337943567
407ab3e6229682fb,0.5192681812332172
205d2c592eec592a,0.5345854620720121
bb85a88dd2b8540b,0.5227855238974115
177c6805cdbd3521,0.5407801206047982
482077ec5fc57223,0.37585998843266766
87a796724b7e934a,0.48363105242143944
f826adb76785a14f,0.5076088709492022
c996061bd43b7e6d,0.5225452788083143
81fa2f8a473efb88,0.5255582195611559
e18c706c34ea5303,0.5819941322822046
a28d44fd09703042,0.5117709386407767
5d0a48043c8df35b,0.537064995250359
4c78c092c0f4610f,0.5186065400424897
284548ac2c5da1d4,0.4868228089563571
df06d6bb0ec3052f,0.5014956670732207
ab3fa677f8e7d77b,0.4862939145132221
03490fa615eb1fc7,0.48961474964566587
272cd9e730f60866,0.5229938761838394
558ef79d52173037,0.5358154209449083
d54a382320df8a94,0.5412895558808999
3a6c23907fb26c7e,0.47764303259887364
ac28f09af8b6ed83,0.49730101619235667
16ba8b1061cc8939,0.4989746352102111
7d5ad072a05869e9,0.5092521648381908
ea303c3bd7d04576,0.4794454872430868
70cd181c75edd4d3,0.47396177903558956
ea344ad193e447fc,0.4302746265564815
54927a8ac084f85c,0.4173225221728851
702e51288508e4e5,0.499261941951907
67cb95fa9617aa25,0.5200935652751686
bff212d5c868a8b2,0.41282417480137656
ba836bd073008c0a,0.3887384359870365
336e71c5e101c974,0.532583903802829
4facb0f07e00ff15,0.5239598583862248
9ba1b72eb318234d,0.586868149711046
75cb9fbea1a81c16,0.40462123934394356
703c082aa4c56c84,0.36338705554361317
3f0b419fcff7c4cf,0.535667117489554
058b16076128d65f,0.4666171425994332
6d0ade7794445e26,0.5370454030364593
36218dad9864e64c,0.52196497677494
bfc49caf0301ce7f,0.5091152424638656
93e3abc28d4ee47a,0.4713426224628675
5db80be160d070b8,0.5130287512013477
8302d1f53af708ea,0.5326214400416882
c57ea2f5ed6faec5,0.5216997762072713
977ceb7a6a5531ec,0.5134328613791839
99504681cf7259a6,0.5085881195789947
069e0aad0eb6083a,0.3501434532636678
8d11bf95638fe6ef,0.4940594696291499
715d7a0aea26c2ef,0.4871811113620462
f41789e275299466,0.501084110481177
620621a443c9a2e1,0.48576668700520864
af99a6af6c228681,0.4935933128318247
9169c6ad957b58cc,0.5756625934616462
f2ec76a8897c2a0b,0.5166870877275016
92e2ccd2be898f97,0.5214346862080232
c3b9063d5bd583c6,0.5631638467585072
d8a94fb3203e6b37,0.5602469777980871
f74619bda82ca343,0.4398688123477805
72dbd0c8e3d6b6e5,0.50309128214199
813003c197ee17d3,0.5888910311292521
ea39322f3bc44bba,0.5145344973027971
e62aa2163c57bcce,0.48961170727965975
da0efd40c8e38932,0.5579370512635952
7c09519961e37209,0.533347706607064
4f8affb1fe9b2105,0.4785836217538919
702a27c0423c9d2b,0.5289586155662596
35d7f66eaf6126ca,0.4194905935072294
593c08667bcd6002,0.483398377239878
f1d7ba4a2e5c05be,0.5168344445606814
95e78020ebdaacf7,0.5275478444317259
1e0a15af9a5d4c7b,0.44853103828169205
9a9e72615cd0947c,0.48122750854092844
ca37061ca9a91869,0.5329343189402561
88382b92295f31d1,0.4771369981825673
6554b16ba49681d6,0.4861666427895167
ee7a73c490852831,0.45722613914392407
cbd0e6766951a18e,0.5497334125407538
e2c341be6ee928e6,0.46601075466830144
5353b7f6f1c4d7e3,0.5143075422948399
c369deefc529512e,0.4744997213965234
2c6af9396e32b471,0.5049625055976414
35f5a40b37cfdf9a,0.4870657438637078
2d873942b514abfd,0.5149061021165241
d3792ca513ef574e,0.5575264149430486
ed3d90b69420b450,0.5229327179190539
e7f657df1399469b,0.462073622909709
7ca30ec61b0436be,0.5318743007022191
95756e6fe538c9c9,0.49661279155006754
3edd35e38146c879,0.5252749457806427
6267067aea752bce,0.5285488266682581
4f62423dffdfc108,0.517816635768379
1ef8eebd80ee1630,0.5418099966135101
3f34e8c1b0547b85,0.3890683439590179
4c2f5a6acbe0824b,0.4733730276474042
7ab6a65af0e5f971,0.5185676426204475
e9a431ba4a661cd7,0.5276909158365426
9200de7391204e29,0.540363217842263
634398adfaae8098,0.5568460957246723
de1946b1b2cad966,0.5085075775462411
4c2f3262bfc91dd7,0.5412269330926422
6d01ce86d84a362f,0.5054770820904947
78890c31682adf63,0.48197346230049787
fb8e67ca8b831f0f,0.4950499699312353
53167b10d0d0cfb1,0.49272089142931585
e67edbe1290cc940,0.494688245331647
23e7d4f9f3b9122e,0.5210055567165239
2843d91c692c69d7,0.5549174077874408
58d82e9929f66987,0.5419582180906108
f91a657324958384,0.4745699772823595
ff3f340b042e6c39,0.4690925081273243
d922338aee798774,0.500964635740071
31691f5ef4f82943,0.5121846455054995
18e8a5db07562d26,0.4724073325521432
9f2b6d57b27b790a,0.48080756804739166
3484b2d7e7fccdef,0.42421043322953533
25c15fdfc91c62c5,0.4344097385255268
f772499d467e745a,0.5096142555206247
10074325ca509d14,0.5267342388262273
5ad1a18faef5cb02,0.4134359854188403
5016eadabf98e279,0.39136372021855037
c4b224f8604e5279,0.5292830616054824
0587a81860426e2e,0.5209419049770785
93a605eff1ee1736,0.5813908851558485
b91da5b923ab42f1,0.41227065382817785
e1f6d2f83f471eb4,0.36787396898836877
56a6cc64c07bdad5,0.5332576089692851
726589dafc6753b9,0.49475163399082733
678b89513c1a67c3,0.5311720617425881
4e1f851b8e609de8,0.5227876157721618
3453e42c2524983f,0.5099041852753887
b310f1433e48b08e,0.48547734066452053
99e933d2ffe70bd3,0.512838708106919
6f8049a49504b075,0.5307237274800124
7f11926bd7d29dd3,0.5177619456770728
934a82dcc368f9ae,0.5197721420401836
f9768ef6e5bcae33,0.5064228517067683
50d7f2f2d04fa5bc,0.3649724328672217
53d9a99a2961b527,0.48678779592183363
e271437179b24ebc,0.4790331674079852
9ce3ce0dc2b23552,0.4955122635634621
5383f19c9197c739,0.49858719590996947
f836c638a75c1c61,0.47304275320507205
9269135eec0e00f6,0.5734257982569173
6c6c070ccbddfe93,0.5207267987412523
a3e57f99a3e391df,0.5273708856280048
07897205df41005b,0.5746112857922885
12e7a17ace5aab94,0.5786082330871606
0467567ecfae3182,0.4397827292616642
0c5264637275b229,0.5035442179487498
d20ffd8369a5db91,0.571813480776078
f4d09e17bfc41bc3,0.5035474755962122
19f1a68fbf49f084,0.49152040620503756
f64f067a72cf127b,0.5601335991035135
3e9ceed361ee3c37,0.5263803549889139
ff9a25d175d913a7,0.48046990163183734
91c567fe97d7791a,0.5250705798185602
40258762fcd50446,0.41924426117435565
c9051eacc06ad3d8,0.4891647351183068
0b5acd873f6f8408,0.5326627811162091
72df60a8a016ecbe,0.5341657620405786
8789c963261c9a88,0.4493279466173774
1f27a6a92a701224,0.4891673248262838
2a672ec6a09d040b,0.5387639877132282
6b2675905299dfc2,0.4815310457470958
2434b6d6aa2e0a30,0.5032909275550854
6cb93763fdc01147,0.47406659795774786
31e7716e3b564457,0.5413452892720875
6072d3ec94ec3157,0.45958841734515166
650787ba0dde9e82,0.5079496735946637
772619f49bcdbe28,0.4709789308200114
c8ad982c53fe94e6,0.5095589146225248
b51bb979cd5258d7,0.49020670943913236
49f2b862f91438b5,0.5165881636186823
80b5e65c32174469,0.5418666206523084
c28d401325460e3c,0.5172776662909742
1bf62429eabf92d3,0.46297451144503776
7823c39eb2e8b5a0,0.507861453215223
03702d26fd3be8bd,0.5024030626030893
ef68f71e5a7f5165,0.5500821520647059
369b1b22456cddef,0.5187157586020352
2591f36ab9939f63,0.4912941655762286
e1a4646ea4725eca,0.5275308223336272
725c7da5f566d4ae,0.3743579566586912
bf06b3d8f27761be,0.47726081812414856
c014fdae38808cb7,0.5223142233083367
54c1c8e9177a1667,0.5299763754492488
86991d83143e8fa3,0.5401217161882634
74265380109a3a49,0.5540817269140592
1af2d9d35b356dd1,0.4982261189554119
9aa7098ebab155b4,0.5399516047272761
97823f1a2beb8cf8,0.5034807142333417
e5c9eaff0d74d283,0.49792854806033016
f3845f6582326f72,0.49842761620496656
63c5bc9110aa48a6,0.48238670706406217
8f9189849e2cce66,0.5044353096906802
a33986fa1feaa5b2,0.518270345018742
4ac02b18256affc5,0.539004486356768
9def40a6a8239d70,0.5474906824182576
ecd046d76e5189c7,0.482166007950547
72f8e66be300b51a,0.47385984711648543
29c8256a373aa7a0,0.5025813710072448
43467ab44f003de8,0.5106026347806927
0021957b17a1d442,0.4464131923957201
a9230f393e57e4d4,0.4776601944373362
85ff174e04246b4c,0.42346991750126595
e6d25ce1e0d34bdb,0.4338551634169987
ae246bb68d920ff6,0.5211095747543124
c621cb7029ebfa8f,0.5234091633970651
649a74d15c805bb1,0.4188457814856673
16d41c7011fe08c8,0.39537311328320723
47065c9a4d2bea81,0.5268204986163931
b01c65cd98844bf9,0.5186579097559176
a4a994acd5bc1165,0.5789803038731551
e718912a31ddbab8,0.3926523855746966
79bf0027b8e7098d,0.3634660304130273
96e90db23ffacd7a,0.5338076017778719
8a9510a7ba7f477e,0.49117553856043616
e3947f02c551980f,0.5294451093406751
8e0fdb36f9440b1e,0.5274454592323083
9277e90fafa5e380,0.5194060628824791
87b60afd36fe7e78,0.4882094477838519
a7ba036190918c55,0.5114940697048813
6c771e18ba906afc,0.5257122169765658
2aa5d7353dd43a0d,0.5174043912000016
8533f85f124482cc,0.5206195911347424
7f8ab60f7f746ef6,0.5116126897674989
52b03300bd14bbf6,0.3655562564482877
32ef3a482a3d68a0,0.4847203284381214
111e2b7a6b4c683a,0.4864798539391486
e5076734d3f81c6c,0.504632041742479
52b870f2fd57056e,0.5036380369834381
eb15223c3a7401fa,0.4887626663085709
7bff56e01da3c884,0.5745581565498483
2269f12ae5c5b155,0.5235666431988737
f3965b82c65e1913,0.5261676290338541
bc36dc6417078cf4,0.5694211414867147
5b73f88ef2b47ff1,0.5754372328730157
680d512ca001e9fd,0.43840954550006905
158916326426fb8a,0.5062580138924522
b48c08243feeb64c,0.573620744173493
23d9b12e617410d9,0.5010333875494195
9dc5185bd587b718,0.4999867797168547
5a88e572e8f91259,0.5662809155048222
5aac5f06a1572ce3,0.5165774141163012
65bcbe98dce9eb2b,0.48350452279180745
371fe9a67cf93389,0.5226661150655605
0140a211e00be572,0.42990416997837355
5dd82094a8675165,0.4857680727461646
0a9bc61d0eb71c9d,0.5327635996138128
20a327a57c99d578,0.531348945003993
d40cb335675f4246,0.43660605547522413
f384bacbcbf06d01,0.49048225881174223
ba26e940f9ea2a6f,0.5418850313306738
2e7c3ac62c4e7298,0.4825744630388029
a8000bd71ba0e2fb,0.4974858625341434
9f62bada4d16bc04,0.4684315622562012
877c15ff44cf529a,0.5461909250606688
ccd68f51e9759716,0.45713779554051637
0c62798d2433e291,0.5053724177294345
8603337fd00b3d94,0.47426077989609006
80996186f3bce154,0.5098430703397159
1139a2f3595be76a,0.5085725542148225
94c72a68cd74cdc3,0.5143292245986347
6663f0cca624f7c4,0.542880794622441
dbde8c982527e6cc,0.5118267456715617
4e0f568a18513fc1,0.46836100286811244
84365896ea22f162,0.5101239838721406
c705c47d769eb226,0.5012769994185774
259462763a5d26b2,0.5496494392096085
ebb1279aab09f8f9,0.5177533439374986
9a3c29db81e72591,0.4964065413724734
d5bd516787575a83,0.5211062592665314
91c6fdb5bc5661c2,0.3701849140986614
cbfbf129b9da2b5e,0.47060911712238274
f163b3e310fae94e,0.5298902916804362
13338008874f5abe,0.5357392455402907
d468e9ee8d710808,0.541072127772617
c80a29123b86de0e,0.5609038714898413
ae1ec51d0b35d063,0.49937712652629984
b27366959df1b3e0,0.5376186509112096
5abcde10a370429b,0.5055376114974313
8fc482ac369ab7dd,0.5083500180019862
4170d6869b10cc5a,0.4982565028880892
b02240505721b869,0.47921837184030114
81d1da4225466b6f,0.49491076727646544
195369a1a21cf3bd,0.5153620548452538
16699676e35b7101,0.5285090021716129
ff9744e6d1831a3d,0.5502509875552937
202ca46b235b1bd4,0.4750785005400655
994f6029c56dc9cd,0.4730183558083565
616187d4184fba79,0.5078120346640151
bad3412d784f1620,0.5108576858836587
d7191c91b531e922,0.4465312979028071
ab1311e7a5212d99,0.48191952017406114
ff6b178fc483a167,0.42297571002083556
57265840ddac122e,0.4215558988893593
8c24e69d67ec710c,0.5163234116348743
6a63a3e7bc6c0a9a,0.5315821811346194
c8ec54dd104e406d,0.4103603159279702
6513762606854e48,0.36243582619768244
a67008eca69d40cd,0.5254004656889513
5051fd1e022a9e5e,0.528474092210065
b9a437a57bf317ae,0.5767492470548925
76a5571fe7ea881c,0.4022655712886982
3c6e946ad93d97cb,0.36299826955578995
b84b931754c16750,0.5420181742120205
a763e302a56e453f,0.4888513885394363
5aa3395f2d73346a,0.5283651577967879
b8752115e0d07391,0.5202540149884147
2883d12e03834f5b,0.5142741906263544
b0cb7e1ed6a6ab00,0.49075145416857535
1f078495ee05b7ea,0.5127950991414789
347e48429942f1a9,0.5270907259602973
91bb14d44c66c4cf,0.5213136985478263
9a8714b4b254698c,0.5190278259420501
770ec35746357235,0.510778981678989
0d1413bd0b08efa8,0.36518151389897957
04f18e0a653869b8,0.4879655517245274
5ef235f8c2738d88,0.5011744266734368
93d9ad51bf14ee3f,0.49401064327828337
e5ea7581ded531ec,0.5185667394294022
eb9c1af889c9ea8a,0.47997118187772825
df793e31cd3ff2e1,0.5658258684582137
13cce7884da96c44,0.5236175602693633
c9fec5623e8a1812,0.5415638741133355
f70483c0ede1f009,0.5646461473923923
ba60787be997d660,0.5703869313108737
40721949c52751cd,0.44015935856626554
63ca48d743c15468,0.5040522308931732
71e98ed01db0c3a7,0.578101435372786
e2f20dc90ba67aba,0.4948376061043791
3a1f4bd1223f87a2,0.4897740546061904
45e302f42dd368d9,0.5679156969766992
40f825f01549e14b,0.5096241406744979
d18a471094cca9ec,0.4837365199445375
9d58695f036f1be7,0.5308168198854366
c0c80a66d94133a3,0.41940797884165115
fbfd445b396a4078,0.47937738478613934
4bbc85ad85b50530,0.532182609842468
87cd664094297427,0.5233010098783382
5d1fa6ef0c54de28,0.4441692550596328
7dd76935204f4a36,0.48959019138783033
d3aaa1113d8e0e06,0.5405072236087938
53f437752187823b,0.4798283581355278
ee56aa29c08352b8,0.5152478776415669
6a7c951cd4286163,0.47024246527248237
9277491359ca77d8,0.5527202826719465
f05edaf2d3d9ebc5,0.4702283337226645
7b860201d8ebfe7b,0.49563819220909633
4f09a260342ae69f,0.47172607456529436
57d73335a7ef03ca,0.5263422319305093
f61e0f03863e372e,0.503630314108855
531c765f997f6343,0.5094986911686507
2c07522d4a3da761,0.5450961561021275
795b5adeaa3d982c,0.5177395286838654
d74abe24e8c6e0eb,0.47237535843590583
9e412658f7343234,0.5095204875029673
3b698bda6e82071a,0.5033156733928381
2ce0430967a7b72e,0.548842685593631
c2f731f40fbf36ac,0.5173040106506576
29c0292eb15468cf,0.504202838341037
e7c7cedbfe8f5802,0.5215259241211799
3add51bb8a9edf51,0.37154799709476904
3c9809c5c25356a6,0.4739370606474441
4825791d48781262,0.5180114082897891
18a8bab9afe4a6ee,0.5297094612227384
677b98a45a3e4780,0.5376866027103593
c8362f213383dbc6,0.5685581313729474
2dfbb07049d9c289,0.5080690318267241
74bdb21a066d98d2,0.5337760311718065
9638ab3a83d0ce20,0.5146396561023514
565172b9c537eca6,0.5112564794033017
3e25e16c1ed401d0,0.51292129916037
5ff3ff36f96f3351,0.5008155303409596
723ae8ba77c94e1a,0.47212776591444783
2ac91543336ed10f,0.5185633176303373
0cc986763c23d252,0.5400145277049524
12cf8aac453c3383,0.5397702618653577
c33ea1afb1786f79,0.4730980593636871
385952fdcd39c0a0,0.4894158357020757
c73070eddce37cac,0.49692493946194627
d556f93d73bb85e2,0.5175879265080616
c006b83dba561747,0.44598175330538103
a240b71acca87875,0.47690409066845585
4ed36a0a08e265cd,0.4353082019522897
a406a5f2086db3e1,0.41545870896467096
99418df084c669a1,0.5148637740265989
03ca017a874040fc,0.5263492723759025
18a0efe573192934,0.41141015652696233
84dc870d18081c32,0.3597448205331173
bd2d86a4f999d613,0.4887142588222444
f582cfef5ece4172,0.5189744710094144
e1a4f6f5222da0a7,0.5848401651063571
2b7ee7a77437162d,0.40385448935544077
47eda3e1bfe63a92,0.3599183329647021
4b16395cb672f36f,0.5304569409981286
2abee8635dd121ec,0.4856241609715365
2283025eee153b44,0.5257810628924322
45a148e1fba19661,0.517327696010011
eefcd33559755d14,0.5143764793805446
b005108b78549b61,0.48516565381156873
19dc596646a9a33a,0.509300406440528
a342673e35168d28,0.5237351185352455
d2205dbfdd99447b,0.5204260365516549
88f3a8dbebb7e0f0,0.5134765129284583
2d5003692750f2ee,0.5154619379835264
f7bd2aa2cee6ef03,0.37796243852753
e65c8b372f52170c,0.5008027237441259
89afe2a388a2b4b6,0.48866231111825364
ee92c48c0e509ab7,0.4931083385646682
f38f99a6279572d5,0.48583942345726905
4c8986e5b6365852,0.46538655491398695
b9fb3413bcf27899,0.5485143684705814
cfe845dcea11a9be,0.5236935618923264
fe837b813b7ab9bb,0.5179776862229137
43bc3a78f635e2f1,0.5710992766530307
fe74593878c68a6b,0.5720471805283851
f63024d60e1f41ac,0.44845204224173285
c6d647c3f97f13d5,0.49634888504924934
71019251566b6ad8,0.565903771359759
ce3acfe7d1807077,0.5020297609346109
7fa838eade95dcee,0.4824759407435961
026036876b0092d9,0.5590043779459289
84514728f01b57b2,0.5069562416557355
9b71ff0efd9630b1,0.485037873688854
e42a547e1c5eb703,0.5406173563981753
c5570c7c0f140a8c,0.43237262718411895
875d33eefc95e9b7,0.5140448473491592
2071462f7ac4d31a,0.5225614498879152
2baef7bd6b099ea5,0.5298022923318195
c9a9239dc6b1d73a,0.44628604179928355
84ba18d050770ffc,0.48470306187321954
3b3b1d051e4daaa3,0.5252675304529708
041f5a914e220629,0.4749175237794705
a0a3ff56bfde9aba,0.4986848891326354
77797910b2a8c436,0.4564117778861857
8e5b2482c1257fa7,0.5640726567214855
ac5c251f8aef5556,0.47808893777587147
25b41f2eed3cf86d,0.5050368691228464
0df03ba962e82793,0.501811271024962
d128c0890ba717d6,0.5225113280987532
12184b7e1893e3b2,0.5235641679280869
dc1ea72bfbb7af6e,0.5075249992674314
adb0c8dba168d907,0.546916304158084
bb3aef55e3a30de0,0.5171072168199897
0085950b9a340851,0.4622118729101439
235202f3ff4be9ff,0.5370874417327498
4d78bdd6e71f4025,0.49830605962310526
d914e95bc234d1bb,0.5313539887787694
36a05958d5982ec3,0.5285113226519279
faa039bea407ec03,0.5184825619951641
6ca0795bcd6dc238,0.544668377027117
4562506edf84846b,0.38337548556625567
b87c6ae8f44cdfc1,0.4675040612451282
a0c607aab046b387,0.5155471383793868
c7aa31279199ea79,0.5222093808761568
99def6dfe668799c,0.5415969165044577
ee9259e085dfd15f,0.5714214228541915
7d3d7c91a797dd7f,0.5082571952167205
9378bc4f9ecfa080,0.5358915535421935
83c3c8ff266472a9,0.5085015884125907
8019883d01dbee5f,0.5090224946875574
3b120fbd3e161f71,0.5092932337041024
e669ebbb40b589f2,0.4960457307940389
9a5c558965548b82,0.47187165069518244
d46366b2ebddfda5,0.5234717301412206
8bc8e11063e60a39,0.5291278073000445
469e6f66a18b7269,0.5476733700392398
241b771e3e31af7e,0.46498930836315777
ee375e3b86c7b04a,0.4548284755570011
a59c8a669cbd6867,0.493481477863674
964d1f7bca19952b,0.5038492943993109
33a3f112a9464918,0.44286997929451377
3e9fb671c6040382,0.4900920492991262
72c8c5ab20cd8bba,0.4163251806300978
25c48ca88fb9f273,0.41287145683182636
641eae54ed4f97c8,0.4921930074654559
02428b186f719e90,0.5265222086689347
5969dba20e438cd3,0.409697527452363
354092ba85242d38,0.3601126375281922
7df90093f39a74ae,0.50398440912827
8c7d88027b9cf1d0,0.5115583289124226
6c5cdb41fee2efd3,0.5800576109704811
047317de99907a62,0.3910109806601212
cceeb1b152e839d8,0.37018165034809514
d461ea127ddfa8f6,0.5276408526721132
2623111fd907526e,0.4855601900910794
b31810fc92b4d235,0.5293808947287815
67fa2fcc5fe67518,0.5341460525351021
3b38165e546af7ea,0.53026385783208
2146b984f6002824,0.49103996120405335
525217e264729470,0.5146005829891829
eefdc97af02584fd,0.5190528474194329
d58001b85a6203c9,0.5242157799381535
659e665a266f8f2d,0.5181496366717174
dc235333a12a1879,0.5191258626646701
3871241652d7a68d,0.3706530003797833
821e4c18506c45fe,0.4951754903326535
fd9e0d45d8c56c05,0.4816110307063062
d899c84b0ae88407,0.49127419120295746
8a76917f59f3b592,0.5088614856842004
abafff28c826c2aa,0.46017889772853116
629cb85d6be81670,0.5416284787834782
c5ef8289d48b23cf,0.5232081834898549
e46aa1a9ab52653e,0.5375291316111974
99d5785bceb7bb77,0.5796604636190166
e3a5aa9f8b716b4e,0.5770531391948572
e085d768bcfde36f,0.4596992945191807
1b919b5e1fbf4eec,0.5056307501521865
0889cee8370fb472,0.5672915165135721
60edde6ddbefe6e0,0.5095920291063767
7629a3203aa126a7,0.48290444486159667
56f914ad02ceca16,0.5532700950172139
accc476af2851459,0.5165227271536672
e1eda9e97e8f0476,0.5018148467595276
81485a00c4f95881,0.5519895466305105
69714f0d5bb5c9a1,0.43767834121736193
146c855ae2bf04f9,0.5026818943966542
4057f07218a5a395,0.5291814765909233
8dbd45811d36add9,0.5329835467323156
33e2d6225f77ea9a,0.449746493693702
542774fe77591d92,0.4764916962284329
796c9257556be33c,0.5171952383379805
10aacbe4f04317a4,0.4710237557751559
a498ecad296d73f9,0.5056927352201568
6738f263633d021d,0.4652285213441957
e823c14bc5e8d60a,0.5630394600296689
c73ee7f8f55cc381,0.47595846927666785
7bb018bd14a89932,0.5072737764285953
e3194301e4647b86,0.49049432583869834
9e3af49dd0555ac9,0.5174436049700313
a09f9cecc3082376,0.5119211834107031
afd101f320734e0d,0.498988431212531
cfae4cea91218ea2,0.5474124546819708
39a748a8b1a9559a,0.5202600910061156
ce2010c7436b3db3,0.46329768954049044
c227b362470a39cd,0.5296239629996657
cf1bce268661cfd7,0.5088024005371132
e47c8c3695359206,0.5410151314799734
5e4b659225b4475c,0.5296810677792962
c021762b8d448423,0.516608398701097
ab6769ce13dcffeb,0.5381610783375959
fe9afed15b461b9d,0.38220331221962
6bb01eb8bc6d4831,0.4745526906366866
c8867403f6a1f963,0.5214981709559351
4827e8c593fceb46,0.5137467621143885
ea4ef63a26147870,0.5442845637863261
3eea4aab96b71498,0.5708576691195586
4d52867d4e9b3843,0.5116336185746875
addedaf68b5ca49b,0.5433426309128816
1d5866854b5cad9f,0.5114711663627245
84258218907ccdb5,0.5042792429368614
029e2b1ab8f4351c,0.5029734389702524
99446f1cb68280b5,0.48886240677208237
98247161e3f7bd9c,0.4692593743091821
c20e156e334a255d,0.523439266245959
37285dce01e05fd1,0.5349193545948585
a83f688e03c12d60,0.5365433527296795
bc12d189eeedd582,0.4656423754811374
4f2f873fb2cf7dea,0.4549572005461838
0b4caf457ebc7440,0.4753132021143678
66d477fefae663d7,0.4925600947491642
9d1126c61e5d340f,0.4540734873065324
09d6d220079fc276,0.4832700411112335
a65caa8ae139edf5,0.4213115216625214
b638ee1e8ece566b,0.4100054948089331
ad67a34e08113795,0.5094101870975684
d1e8327b6b107165,0.529080884775867
41316c77900eeefe,0.40630953422855076
5b8d8bfcd6e41d92,0.36990422057214434
2f63198463d9c61e,0.5153212053895917
9c2192182a0d9c73,0.5076442003178456
d3d2f100e6f9badb,0.5514939834823693
75f504ab70f18837,0.3936388594103326
af8268940768f245,0.3763279087334528
6c696c74c3526ba9,0.5219559465194586
be939e6f45ee2d97,0.5033337343248757
74258b73be585617,0.5403996272867879
0294bd956a7fe57b,0.5470449909763427
1b6e4184e672fc0c,0.5151114868734261
0a364eeac20d1383,0.4930505606264356
6d2806b7cf84c711,0.5169698005752559
070c59aecdddc218,0.5153179495527793
a0abf432ee427a9d,0.522845990847046
f6ac6dd88321ae3a,0.5223168364274271
8a82d39216bdd4d9,0.5085036373661487
b04fff03d1f98348,0.37820620565953034
455fa12f5947e70f,0.4937950755052778
d2b5c4705977caa0,0.49872401672293565
818309e4f2fe4947,0.49244556120404503
004979d4e797d790,0.5275562587240843
c74ab3d779faa613,0.4749203897512847
d5e0c9c8c25b0ca4,0.5309872491522991
7abd538142a4f1f9,0.5208331741039827
5eb0b16fd9de1d8f,0.5281867419139189
ae884d60ec9c42a9,0.5868723182737899
2eb5be796a013709,0.5634525819466554
6ece3e14122198dc,0.4501188068113773
cf8170b2f1350fa4,0.501819388274074
2b1a9f27139ff167,0.5678824777097856
261b64136ee9e4e5,0.5009232697927721
d230a7141693b9bc,0.4798841182086808
c39ceeda3e3044ad,0.5403390742196155
4ae35d3007596eee,0.5182984713730344
916e7e1b0d21aaa4,0.4839738144368245
6c9992ed5577ded2,0.5498836788346502
788b94bc24057050,0.44733546219621323
bd0cff8724a0b656,0.5100473700548558
f32f9c5c24d44e34,0.5273731191378981
ca6b86c6631f3f3e,0.523769243948855
0b8581830c540dda,0.4539503710211834
d6c5355de3fe18dc,0.4797450174617305
fc0fe6bcb1555bed,0.5191957905107345
ecd08b60b8d0b418,0.4683960860879023
30c9d2364014c2a4,0.4957134200269626
a722abd6279164e2,0.4765146753657048
ae4504aa3ba9029e,0.5546632059405074
89b6cc152decb8cf,0.47816668265039464
68ef5ee682694375,0.534907089606453
475f725aedc5ff59,0.48864805879489914
2add5127c5cee43f,0.5253839618912599
0b17f43bb5c55565,0.5037625564212284
32e3be57e49bc0fe,0.511964442985948
88cf178c70f0b8d7,0.5456307373306041
3308e001ca25bccd,0.5300792396813871
0bd54553c30f67fd,0.46586616284018667
b0a8602ee003c597,0.5324461644588061
7b81bb708c270ddd,0.5009355036738963
11ae00f47f938d42,0.5386713002465849
3e3291f21e033c5c,0.5298767174068918
74be88f684e0ab37,0.5038110650818592
216ec4ef7fc30de0,0.5336870623977013
6aea9873f4bb396a,0.4003104574231957
788411877b7a9b72,0.4715927271741407
965b4f74b6cfec7c,0.5243509557659931
7c86b916940efdbd,0.5192668560206423
65f216d27d222463,0.5436843242964532
0b1787d9260300aa,0.5609701246970102
ec357a322e54653f,0.5108853434293499
381de073436a8f23,0.5445017786586487
e580e95c3a05ed90,0.518643080462494
a2d4598792294e6f,0.5068928054871419
b62634c7651f6bab,0.5028680711055427
9336acf791f22689,0.48545734899140425
00677f2ad2b1725a,0.4612156009057422
10e5f55a43e34237,0.5292435841102107
6bae82a42472cb97,0.5347828993291404
7531238da9df0d7d,0.5386967501711393
9f090fc80fe53d45,0.45957233207493087
70208c80f7836f58,0.44692765337253515
e96853c1ad46facc,0.46906210361755474
85771eda853e5f48,0.4851062509263464
780aacbafc06fa25,0.44679838654945336
c2edd49afa7adf8d,0.48668979752705943
56dd6f0451edf4f1,0.42989674485186125
93591ccd2d33d016,0.4408676867353517
3dc6df602d10353c,0.5117678074075156
8f0fe895137bc65d,0.5349643177809672
f453ed53954337f2,0.4035183134127234
39040474ed3b7841,0.3804972086577991
9c71709c8db47781,0.5105363052351769
fec5850fdeb12c1f,0.5049805742119324
8d2bee3c4916704f,0.5587782105477441
2d588131d9d3e6c3,0.4020198632729398
329c6a0df95e05bc,0.38538517447564313
4c969cd3a442cecc,0.5193814561883533
2df6969af1413497,0.5000944117516957
c31361ad668f2501,0.545152686226047
b3564cb366f274c4,0.5504316450653808
1932495a5a02433d,0.5122406985369055
4ccffaf66fc4b133,0.4891330515747504
2764d0a7e7b0a935,0.5260214648744398
09eca7af1cb2e483,0.5140281526094129
f76442788c1cb271,0.5210446647285907
d0f408662e1c2aaa,0.5194287668231666
132a259fefc0a797,0.5163062708319817
9ff3d06e07257ee7,0.3802630927078924
c5e7602b2eb184f3,0.49231733970867697
333298bb77de6ff7,0.5080737193272896
c902c3c85acab464,0.49791072752605325
eb85d979e00b424a,0.5337471165589297
5186a45857405912,0.4761597551111547
c6681187a9b18539,0.5409718094615059
d523192d2102005b,0.5211104284654534
642596f707ea8396,0.5371582474148067
166f75a6aee2c846,0.5821731356205009
43961ccdf7413976,0.5627576995329823
ad6b6092075c689b,0.44850105837305854
603ddb9cdf7f88bb,0.5030331362765553
4f05e2197c365410,0.5767495205301727
2461244dd97e5991,0.5009469233817293
2371205d14a5cd45,0.4784830444383835
1258b6e125666370,0.54881507262676
9801f573d00c005c,0.521625663869366
7bcd06c515084b62,0.4820339373172564
fb8487d5dd717610,0.5528943669341546
fa34ddb2b7a08c48,0.4500145776847473
b39d0e79f77ceaf7,0.507209951942881
79b6e920ad7d6f99,0.5285446463548551
df111e778eec0355,0.5050928942166725
6b132cd8439e6fa6,0.4552071742726048
ec392dbd48c1c0fa,0.48509544476175315
d537183412abba59,0.5249111943061513
ef1552674de5266e,0.47154801823084513
f2ac3acbf2b52cb9,0.49001747216003855
813d7abc804c9dfa,0.4717081946242938
25a78077cffbc59f,0.5565896587461396
8dd084c2f9f57478,0.4851574596273245
fa6ab788ce34d535,0.5271144948761259
32390419ffcb4c84,0.48781166764090034
b3f5cfabaf8638f1,0.5009331674668045
f47cb35347df35d4,0.4995179678389188
93daf0be81af8a4a,0.5009040678961171
ed462040c074a6e7,0.5464575409912227
24dd3877dbe8d4d3,0.5271305450397838
32c115de93041248,0.4638867988866562
479c0e91f5df045d,0.5347261495287692
d8e19dff07ed57ca,0.5019945169409167
1dd36a56f0315b61,0.5348576119716497
a4f6427346962ae5,0.5293176338717935
5f410a5efd4460ef,0.5009996240951118
5882d452e12535b4,0.5442342964002327
7b2c42eaebc0ef65,0.39218383927693357
5871db52f4cad795,0.4589879055048238
abd295f2a768452c,0.5217626332138912
694c8305879ad6f9,0.5208380757080968
22863f4b9b003bf1,0.5503226143055782
3fca29191b2badf4,0.5656943670232049
10524ec3b2c69260,0.5224051004869852
c5a4de0a0a240d1c,0.5423750929879116
85cfd0783f6fac84,0.5184538945270039
f395e4a55fb5d362,0.4961672648844522
a378b0c2aa40f0b0,0.49633715313986837
db452183c71b2ac5,0.4840497886779026
ac11be294d6154c6,0.47369219417400354
33e1d29ddbd4aea9,0.5286407504873201
33aa46355dfb4058,0.5342596240328341
eae1ac161c5275b3,0.5354903824791761
a2fbabbecc14ed56,0.462799396730148
63003265ee0ebb45,0.4556305580288632
021aead61eeee325,0.45970537249917
6e83a5e08d6d1f3b,0.4934241607936024
d8232325dd92fd62,0.4669963776330407
2539b1c52c4b5010,0.4863455127731424
334731cc0c9ebdb2,0.42819534685487304
9f80cef53c7bb1ae,0.43178915393367245
05a77e65aee31e6a,0.5166011779394685
1875eea866b0adbe,0.5348949825481768
3a3879ef9d36902d,0.4159811604861895
a47c9e209a2949d2,0.38514327129539583
7b3584f2e8da9e6a,0.5177891812247328
6005096dc911a5f5,0.4999588212554791
736ac30fced38686,0.5658704768145939
4b696859bdffeb61,0.402651339793765
72cde2bb708c1d4b,0.38361202419274176
22928973e711c3e9,0.5177579002000297
ce36badfdab30b0e,0.4994729622785963
3b7e3905620e5d9b,0.5474693255673572
06d7bc5e9be3aba9,0.5378527406110809
4f075eb63fafaa9c,0.5121568468171609
e337b71459df0bec,0.4903534702493917
881bb97962aa1f61,0.5300674246397021
20e7fb316b14235e,0.527249856542243
6696a65818287e18,0.516840750211528
286c321ffde2dba4,0.5222289631007913
ca2e0d87d82c5b75,0.5097834547644949
7f54e8dc5fd3bcc0,0.37526780144227845
b1e1c83e2bdf5690,0.4892894625924813
e443d82134de3fe2,0.49917158406826834
1d1553de4797c4a8,0.49794337309628467
3f9a7fb6a3ebedf7,0.5206712308224384
ab350ff83775e879,0.4751911892931643
279d24ea25de7cb0,0.5450229343910532
37bfe7964c1c1479,0.5134303422618111
983215c15346f13a,0.5427256798309222
a93dc9f4d010183b,0.5808164248920327
6f255855af70260a,0.5637254564692906
7e292342d1bd3a14,0.44948527469830546
27fd767db1e28737,0.5048197662132027
9fe07b194a6607a3,0.5703916995491815
c9a8ea93eeebad17,0.4917857631458774
afac5f3962f3dacd,0.4758684492241929
82959206997f5f88,0.5488854037229705
856107d1af568faa,0.5150751679364216
c248d57ccd4e9b40,0.4613885899710364
8432ddabc8959f91,0.5574902103115688
a263d58aa136ea1c,0.44133341550093486
74f82febdd316f15,0.5056585311514796
ba83891d49594054,0.5335259486328466
c43e0b9aa6240bcb,0.5144115850440253
b661fcbc4bf49e1d,0.45697813026120104
6d5d173ff116b69e,0.49399691400816337
d242b9f29b42bf57,0.5297337594258746
a4c177b7ea33b4a6,0.473985294434597
96fe03d99390e176,0.49228787725915557
142b5f3ed132d743,0.4586524355064605
dde129c614d89739,0.5552479059547122
406aa2152031ed95,0.47471443603493524
02ee736a4574f78a,0.5257962686469988
58561930a53e7ae0,0.4783167154065774
df587f69f8f6f3c1,0.5060470106476367
95eb00fa48b50c83,0.499922532165759
ea3447b0d2a186fd,0.5100434604245414
b53a3d8dd9192f54,0.5397911647873206
be5fb3f402c54b25,0.5279050868395969
8736498cdaf97196,0.4688340821129915
c00a1d0d123bd004,0.5330003206643927
5a2da7e23f199f64,0.49948522407891527
be3b4fb40f6a844a,0.5465852388026471
17e69eaba30f9568,0.5289216580228475
fdbe3bca9752b95e,0.5014377662885885
595be8f2b450d2e5,0.5489970549967375
c209b5df6650af2d,0.38425506043015845
d22dcc2abdbbb5fc,0.4755439730034545
3ca382c52b4d33d2,0.5142256013356721
fd0cd5affb4246d5,0.5239326141128796
b7a6844d4f4bdf45,0.550111836022221
048eea95172091c7,0.5674840681563355
70ebc0054e656683,0.5193720653127856
b7ede0c0f4a53aac,0.557126519612263
ec88b6e5fe5b693c,0.5285077490273687
c0a87f9b4fbb8b0d,0.4881193661873202
c3d6e165684f8568,0.4968991814904127
3a07e96ac8379622,0.4822156998338556
5a0459f83608e644,0.476922768002653
019baabf8a15621f,0.5326629710865067
70a8ca87908a8288,0.5423908423350067
c5c0779e8fcf686d,0.5358565844639835
8df8f64dcdf04983,0.4662110892152618
68a82259630f27a9,0.44753010344208044
f7162bac676b93dd,0.4773199264663128
d6034e217d9f1383,0.5028414261846386
a5a98980b8d11453,0.45974435068105113
2f594f8fc510a551,0.4797820020919069
7fd05710bc52cb8b,0.43588471325851685
f707b76557bdb0e3,0.42414107597282846
1249cd9834a8fa76,0.5113677720360674
62d1cf29b02bc611,0.5290239537792492
c1ca44ce7c09c05c,0.41779303331832995
ec81eaf6a58ad717,0.3902952357708993
02ddf81c267d6d1e,0.5314218504091963
99fb00a321563c46,0.5124075315628553
7f7d2b176ff6c390,0.5725101402221433
29ae451411c58004,0.3900769859553186
4c7e55e26b104fc2,0.3906445584158751
de2fa6beb52003bf,0.5262249406509462
6cb4b7c805b177e1,0.5038884438582141
8f29897b84923d5d,0.5438382671945183
6e453dae090cd14c,0.537313439315908
279c6474fb6afa4e,0.5258527048686075
fe4270974870fe91,0.49860162642781014
9f27c6a6b7e8b040,0.5440072173436228
4f54a756defc74dc,0.5349531799249234
bc5bb2d8604c71c4,0.5221508997085819
6f89532260c34ecd,0.5281780856002661
13b6e7185d06f963,0.5151046043412217
f284a70b17b336cf,0.3758435568159493
8a8f00dec8181c3e,0.4879295462657408
796c7b5c40923617,0.4991131343850784
bc4b9d65f90025d2,0.5009641353077033
b4c1a25e00c1859f,0.5236257179543928
66182057267df08c,0.47835440403620255
1f7a9b235e7b3b5d,0.5439271581991973
ac01e039c8b33973,0.5158618137994688
3739eb5085c4daf5,0.5348971788482626
e2627bf1029b9a5a,0.5722862557055766
20ea29e8a888c3d8,0.5669254689915468
27121712c4b19803,0.4323432111894312
784f57e3e69bb51f,0.500942140670119
83746b0d7f61b989,0.5700540655294561
f03859bf0b175f7c,0.46497616685817267
3e27c6d1a4e90fc9,0.4927120409106337
d101382df04ff6d7,0.5540107176822877
c6d0edae1fd5e4d7,0.5218839781917345
9cd606b126644bac,0.4737071362122681
a125ecec4b42d4a8,0.5526961849951904
4c5f811fccaf6689,0.4471181961880555
d531887b330e9ed9,0.5003422861155247
a002e18eed9c9ada,0.5425050208351161
c6bf35cb5ff718e6,0.5069150679100745
b483585ab7e79e62,0.45098360408503757
69cf708b92be1abc,0.49037039149470807
7cc8875b9ecb27e5,0.5266418671376493
399cf4de4b7e0607,0.4714057485942944
053ebd1a3f79eff4,0.49563509443340237
9b8a733e12ea4e81,0.4731715360493097
948939cbcaaa87f3,0.5514283950469432
071ffdc1c77bd9cc,0.45842564665790786
751ea78ca8f6f786,0.5058985689958974
6bd813e981f557e3,0.47427017465109167
3013317f5488cd9e,0.4983584556803129
ede7b2a522368d3d,0.4992039546518311
00e1fd99e602e669,0.509665419843502
98c01d4bac141f4d,0.5568977377127515
ba9b7f007e29b41f,0.5188836699306525
a5755be4c367f761,0.46291544423237774
aa63eabd0b34d6c0,0.5273308567664801
5e4707cc0ec7bd4f,0.5071645980746835
a42bb05031227211,0.5432973914189352
11fdb79c174ade9d,0.5286767016245165
95e70fa1196d2dc6,0.4952158142984885
a943a20b88096052,0.5484982946447623
a3fb33e80bfb59df,0.3841168580375418
7449142539aa13b6,0.446197201585833
4c35db62b378ef2b,0.5109544195868342
b0df02b700d7dc17,0.525070958209418
4cbb5857c21462e0,0.548755857652077
3115c6d286d5f8fb,0.5748184677252945
a3819015e0d12f9e,0.509402199886255
6218d1acbd482f57,0.5585948163458634
210f5311113636df,0.5236184628961522
a04ca615765061e2,0.4793514198751848
c57cda7eb1eebac1,0.4914557975741334
ed048bde72b6fa7c,0.4798153640708409
0e2c058b1cc25c4a,0.47618388262687494
bd7e908a2c58a969,0.5246897007830513
a4abbb6d29c509a6,0.5438083437767085
bda41d29667b5932,0.5390471091186397
833701f2efad17ed,0.47122690524182864
a7d21727a531be59,0.4541625365390527
89e9b6d2fce0dcce,0.46588680363710544
efb08e37e9bce5f3,0.5185668799536112
711207cf47c82e4e,0.45429594646893856
87f7d35f5388dc24,0.48091412993477534
de1bc6484e457b72,0.42471848021175895
a5311a90e243bd53,0.4359939580787825
c0b55234976c8bcc,0.4939921102736189
8c511ed126176627,0.5311633848208623
35313ff30f017322,0.4184925753274785
67b0fe737a973c87,0.38550356522673346
272d2841b0ef4877,0.5290852604541229
c1728729f6a94c3b,0.5113375660443318
c5cfb7cec43f5eb4,0.5696698821975277
8bf9b6ea514d07fe,0.4015193721781787
9c159f8e30129a93,0.3972995777166777
a261bba456c2ad77,0.5210110020187287
f1db461b80221ea7,0.5081681845795669
22b9b057863b860c,0.5453430363682403
08721cf875d4e298,0.5468544153441006
ddbb0003134c75b3,0.5271831653590393
4fb160e68ae42e88,0.5092151750839513
e67fa232480cc60f,0.5518572709100718
a4a99914191594f0,0.533972405007568
4e929e0a15bb9e65,0.5319479784379922
0956baadde575304,0.5272491557501866
afd4430ffce5cd7b,0.5151956064367091
53df3fa8dcbf60da,0.3771738577171504
c8f5738065ddeddd,0.4873414800974438
b2eed9223c4b6a69,0.5023328890749512
57228eb0474dc9ab,0.5030799377287742
74de4deef20546ed,0.5179132929648607
cbd0ec73b94f68b7,0.485474545990208
9d1974d8e847274c,0.5396698952847869
e935bad0ebd3c6cb,0.5140615113906586
92609bc29e6d743c,0.5215327259155742
40c2ffc5de8f3fbe,0.5796200687322749
471ba8bdba5071df,0.5686067243732534
f6f7f6359759d88c,0.44015349173286744
1f9b03cd68baba79,0.4962988362649219
9269b45d2885bc6b,0.5638508749966988
8aa16cefde7d27cf,0.4731021527241298
239e55e6ab9e72c5,0.4812701809096307
4fbe99cc8fbf786a,0.5489370678622738
edb702d9ef74cb17,0.5082729484439011
c382c23060e38d41,0.47474220126502764
1b7accc5e5a5ce50,0.5516940411910716
30f9c9bf528fa0b1,0.4499502697754916
3b3d5c0a4e3b1ace,0.497531505649666
8b5715e6582ccc9d,0.5345755008207298
90df6d942a4644f8,0.5019408977458378
d91b324ef5782201,0.4519750751080762
686ce9907cb2fe93,0.49805286231594137
2688ecd5dec81bdf,0.5253649808222235
ec59daa15f66779a,0.4547586428202708
b9466a8b6b189442,0.4925061338538488
a5d10ff3d1897710,0.4858573452957401
e6c3dbd317b5a1b4,0.5509248405146705
43cdcca0a43190a9,0.4512316267469615
47fcca4316becf03,0.5077958413858791
ed0eef89c47199af,0.4807937856242469
168f885b7d0ec470,0.4884755695446078
5cfe95451084a5f9,0.5179348931139514
bcfadd8939ebf26b,0.5063587762635324
89bfc0ed2e11f6e3,0.5596139762932362
e16e52d84d5ea52e,0.5135976430578653
a539244070a9599a,0.4681406018211338
994716b98fd1af5e,0.5303896748730597
5ab55530d4909ee7,0.5085307150191289
6dba7e2807cb237a,0.5412703035043539
d471118fe484e42b,0.5396510053099577
e768ec9c4103a43b,0.49580621221893817
584b6a6955f44096,0.5476661411409616
40c7704e3dac30cd,0.38982169877201267
975294d02b15f14f,0.4508800291891617
7ae8a8e7f04a6caf,0.5089536903518872
045c3abf6db8b079,0.5334026654549131
dc340cddb16c8b1a,0.5493707262477259
0a9a7cccb7b71278,0.5583522964317003
237852fc8ab01c79,0.4992951594416575
fb8fc6c182271fed,0.5585198870129144
f5064b944c6fa02b,0.534632656129764
fd94004fa619998a,0.48380562086984646
0e7b8ea262f1a4a4,0.49424995085357937
bb5c5b40da96aff7,0.4726275409943106
2a02b242515e25ef,0.47506708458528046
a940455dd97792fc,0.5269901929205931
bf20c6f7d449f315,0.536216510601975
2f125048eb8850ab,0.5442330919144381
ba5d59783a1944e6,0.4812519610972271
afdf8c20e1d4ed41,0.45852552617608777
c95c1402eb57804a,0.46811975492572
2d323f73de2ebd03,0.5185289770044852
aeea1b28f30dfed4,0.4687087546023486
e068579ff2b140e3,0.4772519641752857
b2f05e0a4f453699,0.4251762813447679
73309bc98c024819,0.4314508167789506
9ec453b83f1df891,0.49765381307082224
bd5a29e63cd06cd3,0.5345962974842396
e7b021b099ac1a32,0.41544983842452987
b39283045315d9e0,0.395010562645146
15f0a124c6f01056,0.5302850264426087
bee0164351df5ec3,0.5192061627057847
7891ead894f533fd,0.5703614988105197
78aa35a58a554479,0.4006337995779645
82ff797d63ee9f0a,0.3857329845663733
7541e3468916d567,0.5165667533411973
1eefe62e23051752,0.4999435466196511
8dc45a3a3cfbcf75,0.5451755417482969
dd3be040eee2b14c,0.5420022258430901
429539543f7e48f5,0.5293710484355857
d653825d821636b6,0.4946151216319927
29acf89d807cb9e5,0.5465375686243238
c9d8dc9d2f167600,0.527272587701797
18c3421e2a4016b9,0.5207101277057686
5004a827705a3e9e,0.5186229821400015
31564aaeaeb05b97,0.5093578018585406
f8ff35819f2901fa,0.37863231938119113
0f0802826eee3759,0.4809188871105363
67d16e31c9fec921,0.4955458556731409
d59934a057851408,0.4975497056820196
4cd85a9cdfb96413,0.536581634617989
b16b0739b64cba63,0.4852812104316073
47c7bc0c2456052f,0.5488632949360355
15b458cf5fc2f948,0.5156509248892255
17c60b26f8f5c805,0.5258339554869585
1ff8e5428d89d426,0.5755599161994818
e37c0a5142a51574,0.5772088737676893
a8808fadaffce088,0.43795431847957766
fd3a93d0aa634f96,0.5174407195522721
f273bdb5756090cd,0.5728581732965279
133defeafe226cc1,0.4696711642299507
0b4a9785415287c2,0.4891952213394023
ef9b3c3670aeee19,0.5550538967656797
265734d1195039f1,0.5203148770951296
08c99078eda71d86,0.48773062256166577
9e4dcd34757f998f,0.5492521361279794
7588fe974f20063d,0.4385991805906726
a86c6ddcbed1d7d2,0.5064295567640295
34f08ddf1cc04474,0.5428387917470061
fa80454fb4f89a2a,0.5113216157996294
bebf49f437b7dd4a,0.45526114899169845
134a568a8ef3a10c,0.49911162598009096
e8e0736bdd59ac8c,0.5291430005007326
202aa1519bf78c18,0.45658139393700126
ca45f1c83337b50d,0.49198856579459394
bf092366c2a3f1b3,0.4668165061108114
f8e358eb9b64f586,0.5453027681703944
7684f4250b9f19be,0.42887977750008144
d402677237d775a1,0.5077330832359451
1dc9d84a580c13ac,0.48451469850155426
065738f3fa4689cd,0.49087146762381584
fd813fc9e6ee1353,0.5078621529686357
4b739c4dc0efb5af,0.5090711272400321
7aff2e50d80b2508,0.5561389319787253
95a490ae491fe903,0.5168859194249433
ff87c903e37fe764,0.4755988018567088
4e670011561bb9d4,0.5281035447511677
861162cc8d67255f,0.5032534871888549
f205f509122ed633,0.5535428468093231
29867a602b3e8844,0.5291242551206758
eca0dd526a41bb90,0.49142363746019857
e041d4d1d1d8cb51,0.5454134870684193
8da47353a65eda43,0.38790264137110164
c97ae589838c0775,0.4515773807174768
7adaa00ba41f91a4,0.5100645977794653
d62f0e32ae3c3f4c,0.5235232199892939
f7ef1441badb4abb,0.5526375392801518
b5ea19a384b98dba,0.5528074747346634
8a118f1d595a8828,0.5070757671786077
fce0ebbd7e95ad2d,0.5568152495555448
7a5677d08298b26b,0.5371675357925094
ecc8b68d5675b4cb,0.4958197740815472
9293532be386e850,0.4921841424785549
c934f8f6a5439191,0.4706129722872364
fe170ef84c39ca6d,0.4729881826161326
140ad5d6eb08fa6c,0.5283622054529824
ed3c8eebbf4117be,0.5310782567040973
01ebfaa2ad2971c8,0.541972206934243
35ed06718bb4fd73,0.4819136659086418
cf649226cc881b56,0.44740551335712575
ebd9f85bddae9396,0.4791630598698736
c204d5e3452c6bb4,0.5059480980037632
2ae47f55f1ddb0fc,0.4800060244529549
f8f3c5e20d677fb1,0.47185294689637236
b1cdd7386a8b8a52,0.4380486284767766
700913490c51cd52,0.42789393300821943
5a7154a7b5c4042b,0.5021945903750715
a7e7c4cc5a86e10e,0.5279617223068396
e11424e0df308e30,0.4153292657862878
32a90d478cbfd8dc,0.39629084806584025
09b6c717d37fbeb0,0.5235173679467238
cdb8b2d9acbb364a,0.5170334714181384
ba84e6efc6cffc5f,0.5679241620784711
dad7624cd4427642,0.40351208491603996
8925d8e1c3eae7ed,0.3990990325500502
17d357414fa34a98,0.5182731287958495
7531006fdcc83b74,0.5038039807943754
2eaee66749169553,0.5389368431002086
cc6e4ad5fa781ffa,0.5236248874821703
84bb5e1a6630b220,0.497612063762065
7036c667e4a5bf74,0.5336893996242826
006cd2a7e328ee17,0.5377314746964205
d9c91448b1750ce0,0.5166635634885562
b8e4f5b493843212,0.5361371897718701
45c6d8d93326bcd4,0.5093764756105166
a67c142591ed21ba,0.37928492687983995
a546efee83cd084d,0.4648638900611207
97fae0eb2ec183ee,0.4794885965089556
35a34ee8c179c60c,0.5067587929622972
b0de73025b16985a,0.5522341070408574
e36f09b55697c11d,0.4853375879192441
ece3ade1f7799a97,0.5417868803830004
602560cb9bc829f0,0.5167161882140852
d62f848d06e6fff1,0.5232946892141066
54d7428249ec018c,0.5725263160764287
b430ca1f408265bc,0.5625888789764746
f57da2439d6d2bd7,0.4381707791630516
c86ef79b5089f4d9,0.51439206769945
494e7de57e1e10a9,0.5738063642680817
3f0cf88b866cbab2,0.4714462568848906
d5148d90c745e0db,0.496083078310918
69dced4eccdef7ea,0.5492668432887213
56ce24f6772cfeef,0.5244158432278276
9bf6b9f5b4069ab2,0.4792574069138338
340dff5b44e46d28,0.55470439715129
9d46ec73008bc0e1,0.4408139556413566
aa515a3ad1e6e637,0.5084253866654237
bd74382913e94684,0.5428121822013348
c0528c3fa7484faa,0.507989008595573
26e8c82871cd1579,0.46424694549417367
76d682d51d502a15,0.5031101698634032
d9792b14aa1bc730,0.526866515789983
49bba8ea6989c6cd,0.46725902437546296
e25eb9f4bc9d3731,0.4780976150260341
5f1166ac5239297c,0.4633038361137356
31f6a9a11683ede3,0.5479574157388722
33a7d18842b2a063,0.43238444055215797
f642af3d479dd98a,0.5066253260463689
7b47f5a0916e019f,0.4764442020587445
6669e743c7d7b54e,0.5018710900753638
67a549df793c9603,0.506849289321784
9425b841eac38702,0.5117164214786278
ea816505f65c47a6,0.5578428923046558
289348230c58af7b,0.5183607214757325
2c54c41afc4dffc8,0.469059158109576
8e9ed7e54537007f,0.5300076787220029
883477adbbf46607,0.5020335195952506
1fdfb11318e94b88,0.5532855954963887
e4cc9881f4a79394,0.5292156774756291
8392b621ae373792,0.485756383415026
123cb6febfa57025,0.5497058681229974
5487c6afc224ca87,0.3824815386015086
112d45125f322866,0.45611991841378563
ec379aa6e62ef1f0,0.503654428636157
442bb3bc4cfec172,0.5295558571676715
5696037a0eddf1fa,0.5565067886522497
f8ab477c8c872f37,0.5716949890060194
9d19f91c1043cf5f,0.5215054337003251
25425dc1bb312db0,0.5610371700022653
79e0d486e389547d,0.5335022645460901
d5d2c249f35a10b2,0.499038805140401
d654b46de75f7c95,0.49581131112045185
e01f0bd0f0c96764,0.47201412361813555
c61c3d145748b8fe,0.4750304960906683
b62e9a36b0a6bac6,0.5356412637133287
1b3e6027fb14181b,0.5268479689533994
a45dc7df449fdd6e,0.5453337539350512
b78a142b2b6d75c7,0.48133566243003933
a29dd139402ee53b,0.4599641138207662
3762069f8e9d65d5,0.45858750788926295
7ad7ea94cd8a2827,0.507204091667949
32260c172ed3e65c,0.4837461254005677
ec20805734bc2c4d,0.4728681930742086
292a4756bf7eec46,0.4307888558828483
764ff61055b92f87,0.4313666415451993
02dd2e3301fdc897,0.4985307508475767
7f83e50557588119,0.5261603499304432
a36cee7bff903942,0.41567943340398883
caa32e0ea234885e,0.4025552339446371
efaa9d87b5136f74,0.5209837572371683
532f5bafd9775f17,0.5107975953663788
d24222680a4a88b7,0.5811710888204047
8ebcded4ac12b51c,0.40163211718884173
65b6d6bedde27686,0.40500580552455046
7f4a4b0ca6736c42,0.5228651120752715
7260c2012840a164,0.5075705373249169
6affe3ddde4e4da4,0.5489123588274877
75586b5a10cf0121,0.5425200737375235
6cc9b57dbba04cec,0.506548702388184
49f44c67309c0fe8,0.5404710749672128
6f4957629640d426,0.5293114691556609
21e1b7d698c145d2,0.5308267609642479
59f4e0d8394ae1d3,0.5280762410930836
1183de735411ed2e,0.5058884343901134
49cbfe3a70495896,0.37108899745595736
80cf4c6d735d9c33,0.469601598661624
0e7b7769c5c9dda3,0.48231350730161415
05b21f9a3d4dbd65,0.5050286434683907
552550953e7ecbcf,0.54218625487921
f6a7f9ef36ced0a4,0.48363894568478527
937f74c3959a4cba,0.5399378302864334
64ef01f8ef93169f,0.515499144609489
43e637818055eabc,0.5351908662952086
a5f3349e2bfeb515,0.5765315758014682
2890ad088d91311e,0.5716555474628673
566d37de048c3e8f,0.43124880819599865
daa5d66f07f19db3,0.5176369469935028
393998aa0ecc031d,0.5777184101448071
1888314a83a1918c,0.45976834002982414
07400ebb602a4cf7,0.4955370726358106
0b2087e8a128f655,0.5483348253083524
02c53145e539c362,0.5258807767108593
edb6247453ef194f,0.47433284635541506
fbb7eedf4925cce6,0.5450433340570631
76cd4d22b74aef61,0.43051459439641493
9cb50a1639735108,0.5061675645436141
a16053654d5e3db0,0.5406022199458191
8b0a5347f2a9f8f7,0.5022994858698993
0523efd72be29c38,0.45951025626309483
b58314a86d31586f,0.4995703903905149
cef8ba9f2d093ada,0.5358655227896969
3ba74ec2d4949f69,0.47406047076465496
1fba97d8bd722045,0.4810251336175364
77847dcd5ea66648,0.4632442586132398
354f2a1737680cc8,0.542003822135446
a5dc47d5c3861b3d,0.44314128447080303
440e845a7eafb4e3,0.5082429749143473
eef11e4b94f18406,0.47908177101419236
e048db9074687aea,0.49778357188582745
a2f9695cdd8421a7,0.5019513214870541
6b5f569ff83403bc,0.5072030954381652
d7e518bf6c61c992,0.5545580028509439
589b18433c4699ec,0.5123665747623531
b3574149e16d924f,0.46775988542134206
b3dcb1d950248aa0,0.5250522611143966
051f451d8400eb2d,0.5030330200739881
7ebbc79e6c512e0c,0.5440081005281988
d28c59784a3163b2,0.527877142275694
770e5033173eb7ac,0.476900092423576
123c31e2bb9d41db,0.5390292519771547
69e90d01d6fbd3bc,0.3759793600101925
b5409469dd28b046,0.4532722815664828
4e4349d3239646ae,0.5069681485245849
4411be7720f8ddce,0.5233655709669589
30074b71532f1c27,0.5536347188268177
d7364b839aaea5db,0.557184571568848
327d106f4c245337,0.5246456593889743
b4a473eeac572935,0.5610468647246467
249c5b270e6f0859,0.532294352830722
fd5745de598c70f5,0.48990878888139844
f9f5cdd7fe1e671a,0.4899397904282884
2e433611c2ef47ef,0.47497397258498664
cc612300a46d3ed5,0.47837419310003604
72ac562a00fb3226,0.5353619201751371
9a288da9ff77fd9d,0.5219311134383233
66f561ae695ab862,0.5516546367273829
a7b1276dfc955df6,0.4903678255404458
3fc7e859fa485f92,0.4569005093269305
ea39bc31648c2be1,0.4695245225021718
2a7f539c21e13340,0.5134483625822203
a34b07019fc07023,0.486117918712931
31a365f807710ab3,0.478857120091123
e572a58a048897b1,0.4270219115083659
f9f10bacd41bb32e,0.419809339499164
2866d4779085197a,0.500216517169227
259fba8129e78013,0.5389928044718951
42e3098fd01393d2,0.41229571744932647
54ac25d9508f7a30,0.3865815618069265
72e7072e7a994113,0.5127591501057787
2a9f6aea74820ea2,0.4982849355774346
3ecf0279773e9dfb,0.5852045743382459
5997cb76a397db78,0.3977934629405109
5f9b55ab2c534d50,0.385247401004042
a918438f2b73ee23,0.5314293283404625
2c8581bf8505e5c0,0.5032622485492763
570ff56bae1c654d,0.5235291628648681
ec0ca96a7ce37673,0.5234267063301509
eb82a0688674e53c,0.4936967536604655
7fe27ab4163a29db,0.5244304360154382
69da647dd8696cd2,0.5195557594865544
7e0f7a5b80e3a1aa,0.5120089661934297
a660c6d5f17063a1,0.5318946981549839
f95116002ffe43b9,0.49492581443387385
148f9813b8ce3b12,0.37804135390144866
9b751ed89adc1b65,0.4684531430981973
5bb921308f5c6e29,0.4868783146915483
adf1e22346f34c31,0.5114835641957345
d766c0a8b9f64273,0.5345305173809746
63ba8151caa70f35,0.4851502165667618
2f2c21a66ec0fc85,0.5543570822079161
9cec453e6018f26f,0.5214053247858235
4f2fb951681731c0,0.5262399338809305
e51f7e6c0a15ede7,0.5933174832474619
8c87b16f1f51059e,0.5882493113102614
5fc4f648c81fc33f,0.41792892153081396
b0f055c068ac69b6,0.5206567616978571
769da60e6241d38e,0.5797700820842987
eff3b935cb20e94f,0.459777952084266
e61925adb7571393,0.4834369507277695
dfa1b8d499846838,0.5361251486545557
cacc9a166cde105f,0.5327911991505785
d448285b38dfa033,0.4787015775588246
e533d5143acbb144,0.5461927035812926
efcec402196e29ea,0.4405924345014055
43b7e194679ee574,0.5125551076156581
06012ae9650816c0,0.5435456100165168
942de17128aadb24,0.5097999609204991
9963565bcc3d6221,0.46437679234064333
01ae6c8403e5e436,0.5001998765426237
5a7df13b5f916384,0.5264093799978856
bd8f1c0e97fd5828,0.46267446011744584
6bdac8432965f95a,0.48116568898053025
54b3aa55209900fd,0.4592214200932575
20c91a313afafd82,0.5437174907037738
a512fd9a58515fc1,0.449275935428637
0b4eba760560de2b,0.5099400882675896
4b2e0b2f9214a1c9,0.4778819837036732
32395eae14090c95,0.5202801192216929
295488b5d5135a69,0.5108417652963588
0f718f8d1891b1f6,0.5011960351686513
548fd2b1b67623e9,0.5508467554738206
c1fa3b72a0ed4a68,0.5201044029507012
39fa871bd5a7ff7d,0.46787819066521963
15092f38a57943fd,0.5138110984337286
40ed9b118e5b1172,0.4886577883265013
f335279411c528e2,0.5413668086121057
59a9b7be3e30a1a4,0.5175873631249059
9b57fe94fcc900cf,0.48023295031183366
2b0b0d8f4bb8e73c,0.5417303093179685
bc9eeaa1fedc9001,0.36076459951122475
cdd29dd7010f2c45,0.4506093851290649
c28359e6012045ef,0.5182838537866046
b988fac391cfc70e,0.5272217822927077
aaf71225c2d67ce9,0.5604976711365532
ca422354fe9913a2,0.551798458397347
61341dd121c0f6f2,0.5316133895397632
8f9ad4ff92fc90b7,0.5536627075510715
31367535cc06ff6b,0.5350836066658353
e1d5a771f1364426,0.5106474566038104
3beb4fca450a36ca,0.477042607997473
ee5f8f08fe3c064e,0.4779732653682083
62caef941834ccb2,0.4794779371882617
d0cb41f72de40884,0.5429211921377688
965d3a943de0ce8a,0.5222331458906033
94bbd482c8345537,0.5389191497423027
edf444bcbba112ed,0.49123156682054603
654ed6f3f49d8c53,0.46439658383718485
b564410a563c6d46,0.4709262314634398
116fed83c5f437e7,0.5017637710763079
028913df144aa83f,0.49307797038597345
af7e3c7d417dbb0e,0.4778836074454853
3dba3710fd03af3c,0.41983697512046103
263a77a955cac80f,0.41735008694455966
2f4df0f3fe700665,0.49399664309467706
0c9036841610ae98,0.5331559458612415
48b77f2f1d8b2821,0.4000139764163537
3723dbdef97c5085,0.378675556064782
245962c15cc6d61f,0.5117374779958648
8def24cf36efaecf,0.511134525551284
95b6ab8b02aeb5df,0.5827586727414529
58b50bf88745f48c,0.39899088426048357
de9524f2cc324270,0.3939778407884368
3600a54806402b11,0.5167974714876273
c6f2a4e980c1c354,0.5106436490909718
e4ebafea5b2feb7b,0.5248028872004544
6892903706b9f231,0.5176034784174148
6a22e0d8e24a6f0c,0.5056594968268393
a81d8ec99db4d5be,0.5235960390644895
714028f5e365c72d,0.5329619742338535
827810fc8eaac778,0.5294690213197126
0bb062efdcdfb09a,0.528381529677753
b261702525c01019,0.49679326348716624
a779fbd86ea9e4a8,0.37766992100667696
940b96b6534bde02,0.46795425623832543
8c0c4e5c40f323d9,0.47342958370220434
7ef43e4466e10248,0.5064134628159218
01a94fa2e27a6625,0.5455691519803044
91b6ef4d640aa305,0.46975297855231646
1f3bdfa5b2b99294,0.5545310738022717
d0dd7d06f172ea5a,0.5270235375293129
bec1a246152c3036,0.5263989536564683
4c979a9d59a3ab41,0.5864747585403015
6a2d30381ff93cea,0.5889819601934294
f923f87afb13c51b,0.4365684283591915
061f02b1808df7f0,0.5160553782581001
74440632cdb1d66e,0.5822453213563052
125cbb6554241df7,0.4671143914465449
0507e5a1f7083706,0.49630940536098256
2289d6e69d07e07f,0.5461796573783684
02dd781695e9de61,0.5149633561731622
4878430d1dcf354c,0.48672211901142104
7063d56c342c1d34,0.5520007309597581
b624e81433de44ca,0.43560858522095525
525450d176a021e8,0.5068322661762912
1878f4da2667f390,0.5514548419017555
27c5a8643a1666f4,0.5089924124929655
47de92332c319bfa,0.4609061456411998
eb08d4e2770c573d,0.4976128997099385
73bb43f6ce13c108,0.5294610015233834
2bf110935ccde45d,0.4646534318807005
f40f69a810ec23a2,0.48789443330176474
0da961ecb81864b9,0.4759193995639055
dabbb73f879ed104,0.5510872871419372
e8907c930b7fe041,0.438859666648418
7cde4011e467fe27,0.4983118744969006
c8878cc91e0affbc,0.5004821651423819
08f2ad5d594278c1,0.5157574003833684
2d257f22d6535009,0.5103922772061094
9994d6be7b5c7415,0.508880510631943
8104e01e4a722477,0.5622094910441928
82f4c4762c7f2782,0.5186387163242173
6c0ac7ba6b2b0fc8,0.4642790596435835
09c637cbeeea3f77,0.5111732488686542
3dc6bdfc2d17b8c1,0.4849300803186094
8cd738bccc1fcd57,0.5429804864287875
a69f48789d614122,0.5186296505580322
84f6049ba3181d87,0.48247982444452087
c766569e93be109d,0.5412962293604273
5c51a14b680fce10,0.369975045031965
761f8b87fcd7d784,0.463416022004146
fcd5b4fccef73e2f,0.5153594961127991
da91f01679acc78f,0.5172588453884148
ff3b110b603d76e5,0.5621627195646424
9f3ffeb889845271,0.564566255168314
8e46dcd35d59054e,0.5321945194047508
338442c18a7fe23e,0.5440276028376216
14df3b22fafebc03,0.5296400210115763
d722e0a6b3848b41,0.5279317425386996
87faf4f5169279c4,0.4852403214621537
81db0de181b3f8a0,0.4782658448543905
83d532395f9ac557,0.48981946441642843
a8fae2caf5bf468c,0.5310576386119561
0fc5b31de1c097d0,0.5119888411957448
8e9667ead79eb7c5,0.530982267836883
bbe4a754025901df,0.4918155158362101
978a69305e29d0f8,0.46687211751289315
e6e1ed8c07629cf4,0.4657300399598501
04a49a6d5f89cd06,0.49202389070038444
99e7b483646ca86a,0.4907525476318899
abd4673ef34ffa8a,0.48640807219805793
84191bbf5dadd5c7,0.4327013235929279
c786da6664d7674a,0.43433439437123766
42814f888fe51fe4,0.5002489459040604
8c3a5b8551842654,0.534192091207139
dc05f16226039f9f,0.41218942776981504
0edcbf5aa625ddd9,0.38470286888334215
496e351f29266074,0.5226305293756379
c67db915899cb036,0.5138202162786862
f0477ca040b6fd27,0.5720869400838939
4acff5f50ceabba6,0.4106558536477005
bfd0699d0f6b6cd4,0.38470542906256067
a1749fda7fbdb1b2,0.5137248074680681
1d92ff00a8a537cf,0.5148371046126847
c72f30f727f9aaa2,0.5187737435550863
46a253b741070233,0.529134765970307
bc79320c7e014644,0.5106876966748476
5dc31274b05819b9,0.5225919525669147
89605c70a52562e5,0.5469252978971415
e94667e41cb3224a,0.530730952102338
ddb4770a5fc34b4a,0.5205139999619721
fb0b4c03f2aa5a4e,0.4964780934788332
4fda52e7c9773e33,0.37847441262435255
b9e1976e05f44d58,0.4829647522669748
5f64de5613a2cb8a,0.4720718892571707
2850e4b126686eb2,0.49437608945855294
229fdfd52304357a,0.5099392122721456
66f5b8ba6af8291c,0.4708528200367157
c56717a309456792,0.5525671796188091
407b32f9b35bef04,0.5162210321227073
0c43b68936f40532,0.5202542079559014
2c86892e390252e5,0.5737883015554068
280b0e990107488b,0.5793075481506136
c69cc1c61baedb5f,0.43932310749786807
05a32108285c38cf,0.5110915829524336
4d6223ede2a4a199,0.5795592259283661
ff5bdf7e0903b8cd,0.47064459603968634
d814a5bb23318a92,0.4913359059027955
c96fb4d0823099be,0.5264815372564444
8e52bd1de8621a0f,0.5090077629741003
c6f83273be4615da,0.4978193857460955
b3f986f1939a0cc0,0.5673154406677682
b1b71f8a1515bacf,0.4367251128806573
470f7d20e5719292,0.5043921289664223
0240b3775b4d607a,0.5403845467825714
f68b1363e18d1f30,0.5201238857657682
e9647b7eaa6a5bb9,0.46549557305437506
56d12137c19de4d8,0.5044606738888908
d185339702e811d1,0.521805219093374
1e1c311b439af62d,0.45691538122256503
95293f1cd0ed1af1,0.482951664481309
4cb09ca91d5f3c76,0.4752917337147201
6a3de8a73c2c0252,0.5420985453967577
a3789706401c463c,0.4543388563981502
d4781951f399e9af,0.5078504064066861
f40dbf67835bb84e,0.49003804788497796
19abf72e04592190,0.5148105925574453
3436863535eae0ee,0.5246717251343783
ecf8e26b7be22220,0.5050885056447059
0ae30761985f6633,0.5403796258943849
6b40923a04ad469e,0.527163768137263
9c55d23364885100,0.4558028788884855
3a3c13ff93f00f45,0.5265693248414495
4c8a72d6cce717d4,0.5013808279426744
e9da37d2d9115ace,0.5366301047172808
44cac20462d5c55f,0.5159377844598942
87d244549ccd1c49,0.48395261060735706
5aa5e0b6786d8e31,0.5396607497899222
dc35047e147b533a,0.36399527699616074
2f549f0a3e7482b1,0.466219097204558
d5392893f01f8ad5,0.5139515305807578
21a654a564cec667,0.5072669725641157
7671176825c5aff1,0.5384451515257024
ceab73acff8a5edb,0.5665926839496888
515f9dea919e6790,0.533037639553697
86474cc74280d5cc,0.5500395469409479
30b4833ccde17d10,0.5282384681387641
0c88d6a3498da928,0.5235928746390467
00d18ea0125c9474,0.48906966102924976
49b11de6060a947b,0.4795482461170558
160b302347d0c83a,0.47826404279286827
999a302577a924c8,0.5306253654313041
661a9a6bcf18060a,0.5160690596933826
ddd29447a028e05f,0.5345183563721663
fc78d391d8660707,0.49841641060316066
47f58ab2215a48fa,0.45948557061145
e2d917bfa394fc6e,0.4596793555333589
c85d006ec8618a26,0.4937767484132518
c8b0b6cd97c8e847,0.48825150246353977
9564f2cc36273817,0.48104599884828536
827329d1ebe37c63,0.4321749381922756
96b4dad8f9c7e753,0.4284457088086291
8e20c7f265a62ba3,0.501708199442884
13cc891b04bb30a0,0.535189822736331
3e8b23276c7af687,0.4078211363574329
e4168591f6fff7ef,0.38976159729393267
303a4db2f2a874b3,0.5190537709128001
1fc4223bdc7386bc,0.511723081486067
f8728450835caefc,0.5732274875897765
9621a2c3c0243955,0.42417058319158274
0bed82c175ed4a94,0.3663610155194297
0e6206af4e5d4e81,0.5161220704688133
0ca650bba0d9397c,0.5060069190906847
4cc4c627374108a3,0.5244994227688329
62bbfd1df21fc922,0.5287007928321057
c13387ee1735e418,0.5281745302763177
cbc0a65afd9d14dc,0.5095825198512783
b55f4db0dde0511b,0.5238950549127107
3798fddb271e0619,0.5433236867393583
7e074d43d2c7fc65,0.5319411965030043
b1f43bab8746a4b3,0.5196430800368427
41be7fba475c6f42,0.4973452060647744
975069f2f5871da2,0.36716781016023137
bd1df260221974fd,0.47748450554162747
5db0abcebd46a171,0.4863194588412454
a1100a1b5617cc69,0.504075013802888
5b948a814c4082f4,0.5094455909133848
9ac2fcff6da822cf,0.47648719241295123
639a0c7cf91dae38,0.5558024171485225
4c1e34c5918126f1,0.5182544048608544
e9641c38b2d81292,0.5272635720670591
5bf9d8e11a533af4,0.573511198112129
0ce897691e81e3e2,0.5916677902604681
9496da731d589421,0.43516810108925497
2df95ff591fa23cb,0.5070838442627004
913e8ac8b2c9e9ed,0.5707782337382457
efdd26439f9632b6,0.47330940506758046
2d59939875ee8983,0.4921927110666282
a8b1591bbcb4d4d5,0.5294757796810065
4dce001014379853,0.5160316839070578
462941fae57e0b67,0.5011025746165673
d64f1d0eec9b94ae,0.5641860006712014
e04d5f34fd9189f7,0.44132001669590015
a542fd9fd1d5ef78,0.4982945752432971
2415639f771c8dec,0.5393700432326101
044a71c72b396f67,0.5146839310891222
af2c3af64a1d39c8,0.4695728790198155
e8bd3601ee292830,0.5031731993900641
2d3bb28219697b5e,0.518076501472307
e8f0c8588df5623e,0.46182011078161067
3d348465181b3b31,0.49227312514917754
0cfc8ac4cec4b00e,0.47263166188113515
5c46dbee8a4386ac,0.5322935155094254
688e713b1fd03635,0.45080542930349354
746dfe5da080ba1b,0.5036584251266134
e2afd86ec0e87c59,0.4888757999035872
e11df2547e62063b,0.5215864550623805
5a893eafd1d5cbe4,0.5210418263076158
47d93d5e09f7080b,0.5021133794960291
1fda4b18441103ad,0.541496956397906
5d1c918da5e11721,0.5410775928027683
da3c9d9310ff933f,0.44938617775247935
eea524a1ff71ee97,0.5283023738380397
35e4c80bca90856f,0.49202592534985023
d6d783c6943bfecb,0.5381862030967393
b107d5b812defe66,0.5125962121864482
b612408868915c97,0.48285948391084643
1b6059e315b33e21,0.5438116120101275
5cc2696f79ae98be,0.3719611422913266
2554d21cea25ca96,0.4806702895839118
f43bc73db80dd392,0.5133839235253783
c7660b5da73c0718,0.519020261454443
341860413652b63d,0.5322803442036117
a51c7979b515886c,0.5668345738092633
2d20a047e3e9a6b0,0.5326327391821661
278feb435eef36fd,0.5516290859683428
a799df7694f9a9b7,0.5191677143583731
bccd0b5ac8a5e658,0.5280885643435216
6ebbb2f9ca5ef1f8,0.48181424950117313
ca8e48956011a2f4,0.4862166144004949
9e3dad68aa4950a6,0.468178780179056
2131d9f457b7d7a8,0.531274817622694
b8d5a0ca59ce614e,0.516507974931403
3e9ade4d3986fef2,0.5272887586507465
02bedd279b410cf6,0.5048801141947025
ec63b9b8d42d5e24,0.47182919871534346
956d78c232813a80,0.4663406794301377
c814c7e052347943,0.49249382781278084
29e2aefcfd0a50fd,0.5049759606100848
b70ddee7fea047a3,0.47828050814382317
e76a3d006d62b79a,0.4273221499776281
be735ce3347dba01,0.4307054018950449
dce4a9479bcd426a,0.5020433743264934
0351abe635d4f944,0.538489283073726
00daa50ae021c2d0,0.4063933476859477
4006abd03fad6295,0.38894414170799174
93b2482eb647c89a,0.5203804581610503
87f155cb09d703ab,0.5180026536171121
7c0a9e68a9066a8e,0.5711739279558803
0bb009905a354dff,0.4218519932918434
165bffa007d50071,0.38166295927966876
04ac6e02940137d0,0.5142279632959367
13ca05dded359553,0.5028161967288216
d643e7cc411d2fe5,0.5281578883096818
88afbe9956480577,0.5305066390235817
eab237aa7d0dd622,0.5365674866003395
f29da49cada58b4f,0.5190740558069997
60a24e4c930fa07b,0.5226532730736897
3a951b176350facc,0.5411271046822734
10004e2a6ae15c96,0.5315654516169925
731bb5e23c2d8635,0.5127352988185799
865cd2acc33f0d32,0.49688246086770027
0aef0c28d9b5f61d,0.3684643915858479
ed1189e21131013e,0.47927079104929193
8c0f858d2dbebfcf,0.49291422034294907
1ac418bfcc541fcd,0.5016194204597639
e639b0108ea103da,0.515868971994518
3d792c3bf5090e7a,0.47469539651612924
45e662a6511521fa,0.5603785285606727
a9e51c91b4d13153,0.5237045553317677
8d62054643b84528,0.518003822408075
fde436858a8c5b14,0.578271185583856
17201883139edfd9,0.5845369490513832
4c367057214b57a2,0.4309670985628886
a313a0cfc6d071d2,0.5034381451099548
9222c4744c3505fb,0.5868079247013163
9936ac28f1b8d1c0,0.47732827187996063
b003ccaf0808361d,0.4923639312204179
2f7d106912ace419,0.5310226743216183
74a7c31c6000c255,0.5306557565025096
bcb5e936a3dd8dcb,0.4967984919856977
88a4259962d93027,0.5667235241132323
d696e0ae761771fb,0.44085839669482196
81568ba3213a45f3,0.4987786423962133
cd3dbe3f2ed32ef4,0.5463715586328299
07be6beff16933c0,0.5134789011187609
9bcdec500fe1b4e8,0.47077603978778093
e2611cbe8fd5b710,0.5070393262105859
667700dc08a2e615,0.5189890669640997
ca6a97f64a60f1f7,0.45178144452474567
3b88ce1c120f9c13,0.4999957142526268
087940b6fda22b1c,0.46954448329643717
4d31fe17e707e7de,0.5374939244115875
a6910c0d03f6f8be,0.44200266064604676
a16ef717520eecf6,0.49360806366279686
421a271ee9f31110,0.49473137330758366
a042ac8cbe66d163,0.5186768611937747
d2a341f49fa67701,0.5208154025422314
4c930c4891491931,0.5010574241876142
b58765a7c50d439f,0.5465129259532202
c988e6e62487d51b,0.5416318884530468
349d2acd8b6625da,0.446421793433194
832bc8623d6db4eb,0.5323345408189261
7eb084a41df833b3,0.4863613784976164
5158007154fde577,0.5350220565295034
94f3bf1ec4f57986,0.5139923386288223
9a8f3b12fbc450cc,0.4846664821063287
ab50931a41d60204,0.5383056791679914
0cb9c1e01a805382,0.367240104520687
78076ba078ac6b07,0.4736324826470998
78d18e28586d86b7,0.5111157074534805
92bc2c5929a13b3e,0.5065186874431905
7cf2fffc07886a36,0.5390611917634471
5e4521f76cc87054,0.5791533347001973
ba3547b6a65f99d0,0.5374830214972331
b7dc74c6e0f8ff88,0.5516614225983361
762d58931e31bb3a,0.5237472326699107
3631eb981e55cf18,0.5278692340651252
d72e8de072b422a7,0.4823428079622505
fea69c7088ade6ca,0.47105429324342674
78463c8f51326769,0.4743068440239575
f87e8cf2242dbc8e,0.5381997897332
3250358fd2663fc5,0.5189102808000654
fc6e1f345e030f8a,0.5224150773286538
003cd5217281263e,0.48963647842461766
7ef45f56dbb89d58,0.46506735790742915
d36667839aef8173,0.4639653292415401
a737f15f893f2e7f,0.5056096759366095
2ba71f815af571db,0.49242454210357167
3baaaab3f9c6be5a,0.48047141523411785
a45cb50f6eb2bd13,0.4370116178886567
e7143a9852194865,0.42647857389929433
9a131cfb6dd38572,0.5034784222364689
e5733f82039b84e6,0.5214864711944143
562b0ac8b6dc5ef1,0.4160228705314064
ea2b8700c149862b,0.3850064205567737
109bb382d5dba295,0.5209590121396483
b2a22d35b6dafb71,0.522252181934145
996077326f09515f,0.5808780563954359
e41b1e595869cd57,0.4028464875534027
905f9e8f419ae9d5,0.3776848793778562
46edd7882323a566,0.5242021979075757
22eb9de8e78607fe,0.5090703391325019
ed448bc7c3c08c94,0.5148226702286401
9d2798a9a6dc0e57,0.5308904921348594
2ba7a8913926f9ba,0.5301288466946794
dacf6d3068136f04,0.5062804612109544
54d07f7bb24318a7,0.5296200220589602
b8031506f5899278,0.5428869684139164
400d02c786b65ca7,0.5351948495154325
8acd72786cf54ba0,0.5150451189804629
756efc66815cec9f,0.49735713935186354
cc378ab1901c443b,0.3594108115979142
c177a2dfa8d0c335,0.47570092470698966
69b2bfbcaafc21f6,0.48450467133734043
45020b98506e2c15,0.5138572681435843
c396bc22942b88bf,0.5093526710252798
f441445b18889b1b,0.48689570157184403
b5caae0c8595500d,0.5622945941845748
54236c8529c46458,0.5243849061150466
25829128ab4b3e54,0.5309772217607378
ecabdbffdca2b0dc,0.5865355982911552
95c9de4e8c5e1b98,0.5951050282310157
d2b160148baa0256,0.41689215498081444
40bd753f312024a0,0.5102806279363763
3fa6e194a04c7c02,0.5827873041271275
182961c27b0e248b,0.4816191907751921
3b2f255d368d85ba,0.49408114258865066
d6c12a2e3ec1b64a,0.5172539107685823
840dd99ab71e82f9,0.5033805503280513
b88db80db0dd441e,0.4937604837641366
9ed72cdf3543b54f,0.5546465746420541
1fb8b127ebfa332b,0.414315964737646
e2dd8d0da5615a2c,0.4952700828154092
d2553d0118f99c4d,0.5361450774547848
b40133809f277c69,0.5350477640944993
829cac6c575665df,0.47522708276876235
86994066e419e922,0.505203952305157
7c3aae08117c976f,0.5239360442808705
4d7219c0c9d5111a,0.45588096046948534
daf0b23fafb38317,0.49399112969647074
2eda32298dcf8167,0.4702486118842628
4e7a0dad37bb07da,0.5356538402155557
b3ad672403fb1f85,0.44713894962576906
1c29ee97b66c7834,0.49249447668682456
8f57e7da3ec3b248,0.49380017242057317
d1fd5f360c0487ce,0.5044849053272855
8e3a15de5b8f075e,0.5096089688953398
3dc1508551fc5a6a,0.5042069518979023
3be983e2d461d4ef,0.5577590449465195
f38576443f50166f,0.5332001283065435
a2521765ccbf0cbe,0.43843963543963793
40c54963e79a40b7,0.5271089034293674
42c3721b083ff9e6,0.48370337566693633
07207d201151f4e8,0.542630531968271
7b7eafbc5a9ae522,0.5128209144136773
882428c970689d29,0.48993650680782563
cec92f281374841f,0.5420222598178035
e8133b9872a284a7,0.3588948300997754
d56e7fff695db227,0.470482231514433
e0852855f98c3418,0.5112063966615821
4112d66b42560f5f,0.5142674707891892
f1f536a6b74611a1,0.5343578100147521
b4435716907a23d1,0.5788049075704633
4d8d05212e6ce405,0.531981529540809
c1fd9835c1e5dd1c,0.5421884484544353
ac986445aa01eb3f,0.5218060195637146
8b74d6aa05abefb4,0.5234185778169225
906d3071120f2515,0.5046807144831125
c0bb49a98db231cc,0.4713032825987673
b6d9b87521e54893,0.4778594480416618
da652a2567d7911b,0.5238156258599012
3b89f5c36fee32d4,0.525762595628767
77be6eb8cb164a70,0.5189123505425168
2703dd5f03ee1892,0.48170438226166223
bac9f62c6bfd84eb,0.4746951316512078
b9cdd0d36bafface,0.48121679842561393
c4d1ba823af7b607,0.5114663344511807
b46daec98327483a,0.5019528216279298
b9f09be5c1f944a6,0.48002337793304706
faef655d671fc3ed,0.43806779191036305
09b2f6dd919b73a8,0.43059506571867323
b063241aced1e9d2,0.49828304595202233
4bc6c48b36a061a9,0.5195109520146869
932a10cecd73158f,0.4116882191072925
3e45fde43518aef3,0.3767634987483758
baa1cbe649b9e86c,0.5216535691388986
f7f020f5be54476f,0.5197405175101664
c4c1a17bcbcf164b,0.5774304291732495
659b20790194387d,0.4052459373452265
200c2abf15c95ebb,0.3883503898359788
d75687d8f30bad1d,0.5306183464649974
018e8e98ddc4feac,0.5073209772821188
9bd17efa5bd078cc,0.5178372813369291
a4d57f4805da6873,0.5352884256163026
74f0be856d8fa0aa,0.5302231410713172
24511ced2185f898,0.5187479708081061
f66e81e606cee08e,0.5353033086253994
74bf326b9daa357a,0.5476420545705173
dcb3aa6f37904287,0.5452390637164758
5d65522871c78d74,0.5214877441375716
69d3d30330aacadf,0.5020680493554351
581bb5588335bdd6,0.3685251226677728
6295e6e80bcb63e3,0.4948642917452577
6652e002bbad8f9e,0.4939525582409857
54ec6a862af6ed41,0.5105624789335271
a6c83409088e4cef,0.5115729737703552
b94abae663cc48a6,0.4887708748409133
0031632ceffcf7eb,0.5640570517773827
2e7b49dd2bd41e93,0.5166746026005378
35c0cc2dfcab92ef,0.5398837284438774
258efe6eee98fe04,0.5894249580688999
b83f184a9b63929d,0.5813591430990903
3449ecc52f80f4af,0.4161445455063436
c68d1f16da80ca03,0.5120070948276436
4ce35c892d6d059f,0.5806326614240582
af76168501b27bd5,0.4713402398608346
8674c3cc00ab2923,0.4841335578974968
b6480e08dcac6d93,0.5017858606811638
d853add77d0fe562,0.50872558992235
a8c39c231f6e8c70,0.4966685824415119
cfbc0c76742280be,0.5451364591211136
b57192325de9e278,0.41872264264602044
f5017d1aef079a4f,0.48996487261639887
47fc70c1cb3537f0,0.5238769468497695
57dc5f7f499dc6dd,0.5365038224370244
8c9cc3d1330c309f,0.46509774483112
8b9f8aa3577d4ce9,0.49868439378852225
fd87668a72332713,0.5121588020552129
d678ece47c5da965,0.45963310838493054
9124063df1637e9f,0.48430322797066727
56fca8fb6d04f487,0.46897095470346484
b630fea7a3fc0ca3,0.5263923447421274
7043793a6f33c9de,0.44078365739287906
2b75a5b1c45e9999,0.49396752580300896
6947439e3bc751bc,0.4915547811546973
4e04885a73555843,0.505469495954009
8252a2997c4778e0,0.5311588896249706
b31b8ebef52773eb,0.4954950661120505
8950584064a2e78f,0.55926066003461
3fb8677e162e499f,0.5265433104249644
93fc6326546eb875,0.43647445226242676
8301e20a202b88a2,0.527773612663669
aef2075553a34c41,0.4975523446701742
da9dfa63f33a5869,0.5492129791144879
291565779e3196f4,0.5193887826233465
a1f0437d0c3dde33,0.49213762992822263
93f462cd47b6a13f,0.5368008879759962
1ea2d0fe964ce0fe,0.3654258182578374
e246c16802e18b4a,0.4650050246149271
51916e8c6dc48432,0.5169552349188712
43b104476b2d6f44,0.5210786132238601
9256010d558d8411,0.5288832932727108
e3b9b49898201653,0.5678482355456994
95cf721abb1ac84a,0.5425112232962611
c7b8fceb2b89e1fe,0.5627778688991458
d4e305a6d1501e4f,0.5189887985505092
2b4eebf0e8f6e0c1,0.5316819144523275
c4d809ff07704aa4,0.5186759420090156
70a0ec630a722d6c,0.4836229158611117
d84e18cb3c03b5a2,0.4774806862672327
8604adee54a64b9b,0.5439489294857489
6bc16c1427c7bd33,0.5339310797634094
ac8523082c3ad77b,0.5179884603962295
98d6668221ccc0f7,0.48237124026689493
9df9a13c83373aa7,0.4899765552268187
61f70a225e96d76a,0.4875674509525577
1bce684eae1a858b,0.5011475878157878
fceb99ca61953d64,0.48772237379491423
5d4a2cabee8cf54a,0.480914790397577
8fb2e6057677fa6c,0.4352249078278403
7236de18b1965687,0.4121591354716836
42d350ff2ed7b3a8,0.5056981050578874
ddb990ed2476db9c,0.5375723612686227
f31c5dc6f427c831,0.41549838357400937
763e6078a1515ccc,0.3714747035379642
4e9c93930f127be7,0.5257538320299446
605b4f487bc24a31,0.518587547878471
2aa7fcb8ab303e0f,0.5789069287426958
4e990b6dbcb3cee8,0.3997851977241964
d17539a3bf8e1226,0.38492758636578983
fe32d7931676501d,0.534949709511044
f10b13ee80989f32,0.49964090053542876
b6c81042c82e28e2,0.5202171581869176
c30604e4c10de94e,0.535646608418713
5345ce9d7a132dad,0.5386146322048422
5f9c608d99e09e66,0.5110447147941721
1c1a9fee2ffa6918,0.5394865652352339
d77506a2773e65c7,0.5352242065095765
bcf924d3305658a1,0.5368514228591268
54173ce87437293f,0.5305246504055707
11ca1b49ed3e7e19,0.49738421092407825
4573cbaba6c0aef1,0.37161410532679406
bbf9c25f478f25b0,0.48791281019822175
1a80204085a5c2c4,0.4886147846652191
bb0b7bf0624b6533,0.5181009670109152
2a243b65b865646d,0.5043406570107898
bbacba4806b3240b,0.48440125275098744
21bae47f8784c6d3,0.560107763625076
e3b300af5b04d466,0.5216305440617375
c88167af4a1ae292,0.520781863444892
70e69735a7765d32,0.555661746809762
42291ae1a33d7b64,0.5598936224184492
60ff4e492423f1b7,0.4116742143436497
5f395781e80b3789,0.5003652591790481
6f6ffbb6bc64bda6,0.5478282588837733
d38f40a968dff2b9,0.48363020473745566
719eb491dbcd787c,0.48236288743685496
0765e43cd15d227e,0.5124343489569947
507e9d4e35d69820,0.5098163043666425
edcffdf30e21774f,0.5124827437159535
e6ea6f8372dde205,0.5341996453528703
56c760ec3c421b27,0.4186520071730616
bb01584fc4dcd7a3,0.503659825230709
e0bf5161e36cb76f,0.535353835782128
ed48c704ecf2e894,0.5507244915901679
c472b00ba69f5d9c,0.46384371761218646
9082b7b0e8bd9196,0.5125933327405143
6b44e5a7ce9fc901,0.5119051747331043
ca5c5f1b52d3389e,0.46659711606648224
a12298850edce30b,0.48008972118654736
3422cbac7f202c6b,0.46500931160983583
545d9d2dd90b9caa,0.5235452836231764
91a1d3684d59661e,0.45691105099802487
9d448b6d84af5ba9,0.4854199795207673
17d0f7ed6cd76f51,0.5114552866901867
bced38adcc477a99,0.5040053734684184
4a6496f4179a9549,0.5227283547242991
b9670d2c4b8efe35,0.4893255863403492
1ef482bf8fc1bbdc,0.5511069205982505
ab00816245bfb9d2,0.5326825727501676
49696e5a12e16d6f,0.4476264913614254
e4492d2b4d40521a,0.5295642418737532
05c139d98ad74b0a,0.4749328910434246
7b72ab5baea294f4,0.5417170068173818
74d7ff2fee7a4922,0.522333557206337
b27caf38364db1cd,0.4855594187079877
425a8d72d4d78f5a,0.5351332924886469
f1eb6cd35bb07026,0.34649773603487155
59ddb1f56eb0067d,0.4685758217325521
bda493c6c3b38642,0.5193719508719405
5126bfff099413e6,0.5306456973343541
969e5cb8102bff60,0.545105913256503
a0ecb7f1d1e1a967,0.5651437587139361
6440c7f88ea18a62,0.5419625829760928
c406ae689e925634,0.5709382855140439
3a51163f84991876,0.5228688402710955
1087fb81750ee014,0.5156846533583502
3a42ab73b01a5a61,0.5186597900718259
6cd066ef7a9319ce,0.47193270330735637
2ac8d9c1c0f99cd6,0.4745118265166034
216363db699bf845,0.5374646025932701
9d2bad27bf1ffd8c,0.5300206159848011
6cd547ced86e08ea,0.5248001169175013
495e12046fd6cb00,0.4784206426248466
db057b5dc829046c,0.4822149821875441
799613ed7e79b4a0,0.48217614621723714
ca882d9842db3f73,0.5114531717406448
c84748ba9d54a556,0.47317917185165514
99b61d30bf16ed59,0.48362350803482024
b2d6fa18e38ed918,0.4349156644241532
0e411fb51ff4a245,0.41725860329892117
72319aea8be11476,0.5132164237610422
9ca7b341f6f60dfe,0.5392504776390312
f4b592ed89bc0a4c,0.41171451021641914
d6a868f857c833c2,0.3712283738845975
1e699de25b315930,0.5239154329423751
4e1fc5fe0f3b33ec,0.5145851542358864
a84bdd306f5f3e25,0.583791589222409
d96b698c54ff6cdd,0.40347275746039357
fda53cfc1b4529ae,0.3754273188830476
84f30c601f334f5b,0.5355598822467725
422c681271de6de3,0.49428935015046194
c57e5c1b6c380c35,0.530461813303756
f4123e579648dd78,0.5348242861034378
01198209c6520943,0.541626618672626
b0e53dd50950ecff,0.5074847294407243
1d805f4545bb3da1,0.5426456116574728
7f428118f3cd6ca5,0.5377742979548248
ed97c496c235ef22,0.5394372539902652
6eabea928f79323f,0.5323382787178396
d8f2efeca536e4e2,0.49277220687794454
ebeecf1b11b7dd55,0.3661750880835911
e1f2fc12389565c0,0.4839283300554027
30be082decafcd14,0.4906290854487866
c48f5c9c005b27f0,0.5144084391489896
f987daafdb18c108,0.5002292362537378
66844203ac9e36a2,0.4816084880657303
5501ed9989f1e534,0.5661070675119506
439fef193ac9b512,0.5250480218420721
5e64b3ab6c900757,0.5169249503691346
89ff720cac4ed534,0.5735856296616616
3e6a8c621fbd3774,0.5522132507598794
774daa81663c7ae7,0.403846021375016
5080f21dd2431f3f,0.4999760348402801
e72edcdd2998ffc3,0.555556472777889
275ca2c96f628656,0.4849355126153516
9391ac82781f77e0,0.47876992584925615
1d9296f51d196a6a,0.5117631998921237
9240765fd46ec7c6,0.5136596079566029
b9ae19c454f2368e,0.511603699375327
2fc02edfd3f36a2c,0.5299651015738884
f1ee46674e8834b2,0.42428690909461897
3c2843a682f1b7d5,0.49652032274427005
b9aed48fa45df59d,0.5263167296325032
074857a33dd5ef9e,0.5544171952907828
1723cc91c370be48,0.46628249678649436
b14ca30581d6dbb6,0.5111502158805609
ce0715c729d4322f,0.5054844637752226
328add105a3ebbbd,0.4693045381358545
101dc91d8feccd8e,0.4773034181920486
a11e69a9338128d2,0.4698680690098711
246e7ba7c178a718,0.5136648236813456
4757ce491573fa8d,0.4558124511291183
ef0929b273e7fa47,0.48841821976282374
71d6a8ae7d2a096b,0.5177897461358367
1b8c27afe72cca31,0.5118252865708279
559c254a5fdeb11e,0.5238813118183103
739ec938d0aa9363,0.48657516901020426
6adc19c91f1b2acd,0.5465185877148013
5745680d6152a219,0.5362569801502771
aeb017e13af9e70c,0.4537305195020529
ec38a26549d9ae48,0.5295793714215714
e45784ac2cd4607f,0.4746073906516748
c2f9af0b2810c6e2,0.5432322281513954
abe401ac68c99a23,0.5162171315456549
0df93902a3a6a44c,0.48214714868773734
e304966d223657c9,0.5318326368154462
2726f02db7a25587,0.3256066514453426
78e62acc707513cc,0.47190875829077217
6491c4c3e9849e1a,0.5137777988958827
a6fe00dca1f6f68a,0.5302907009831163
795d13c6cb724c6e,0.5522217703235937
0e2a599f505cfdfb,0.5599022666732696
45332ecfbc51fb78,0.543967129479708
bd31f9f06eab16e3,0.5684703600084237
e2d35a8a1ed4d2a1,0.5158348207824786
a7bfb5af117cacee,0.5246435585235187
03bf4051b30116b6,0.5235474612010133
90b419f17cbb99e7,0.47412885488524803
e6d39f9196e537fb,0.46839579711817725
0ea106f2e2980a81,0.5261683549216101
54dd3d2b183bdc3d,0.5249338820501988
02fb80224da5114e,0.5339277785448562
cad1ea433dad4f52,0.46472564335649424
aa230aace32b669b,0.48298965495362456
0fdb20c36dd75dde,0.4901278571683856
ef80cb74dfd73816,0.4904016178983538
69f85dadcf669d71,0.4572013477146556
a9e1d714fda034bc,0.4849189652766459
b6548bd42e2d9942,0.4384735052542599
0a0f98a8cf5286bc,0.4155362311163546
c65b0731ba6055d6,0.5155846043653742
7f46f8fb97e73a78,0.5413315348733589
aa9f50895336964f,0.4201287288925004
933023af78d8f105,0.37264022343270653
3e8b7e3c238f7731,0.5190888518725962
8a6cbb296ed1409a,0.5053208005766636
2cdec4fbebc3318a,0.5846093054966455
e96ffcf4beb1918b,0.4044555822130609
322020f51ad454c6,0.37586859220563096
54eadf98ee81e878,0.5372977109884851
ba7ff05b815450cf,0.49050259874593993
c2918facad21eb2e,0.5157905075785365
c940b55f87a658a5,0.5372077540877129
f5c14c4113c638a2,0.5354319708739336
3d6b6038109f4429,0.5090840860548751
dcd49447aa8d7dcb,0.5460345366821765
a2a36a993e94dece,0.5375176992566835
62f5f4d0b9eb6cbd,0.5497645739075887
0db8b9141d01a16c,0.5342511694421981
0d13eba6317e70a6,0.48895262407594364
7da5df24f7d6e5da,0.37541437651965115
de6c3c42ab8a0bcb,0.4753141104561699
443e31d951c48ddd,0.4847429556771783
c45411ecb1ea13a3,0.511260587330409
f26d39c07a103be0,0.5043858638624866
1e06f8830ac59a25,0.4794715475485922
fe6cbec1ac5fa70a,0.5716870482002432
e15022c914f7c331,0.5232971752699422
01c56fe96e2a4ccc,0.5364160610777519
2cb4feaa90f1990b,0.5748339371963066
e54495a3c04f0563,0.5553692758853022
adabff4031e07353,0.4127595030917862
ba047dbbe617407d,0.5117870965402876
b37f42e31b27534d,0.5623216432602667
b183e4be22a2e851,0.478277876593302
a1e4fd6074afcb32,0.495971561812534
feb8a75e733a601f,0.4996517738897397
89c8fceb1edceedd,0.5199006395280473
b78a15293d29e935,0.5029214857203542
bc653fd78ea3fb67,0.535906311625568
3442d080fed086fa,0.4278499239602206
4c381612acc86b67,0.49829411292697046
0bb1d9bc5c32c095,0.5291549577067358
01ad16b6ecbdd66e,0.558108400938421
e589ca0c75e3c439,0.4726656245092087
fe83f5f25e9364ca,0.507373427582043
5f3a1cf829f38145,0.5000273391438075
e52c285c60f7cb8e,0.4688099185008532
441dfbbffc64c75e,0.4754470380815312
03437ba4bca67490,0.461004936328826
706a8e183ba00ab7,0.5137565061707653
f05674de978a0bbc,0.4514244549485593
072c5a8e6af97080,0.4947500297209013
7b298d5628f177ca,0.51836335379394
12680a1fead19554,0.5091887446201137
c761815d59912019,0.5146044792127303
62fa5d5d9e9a6973,0.4902600567635984
e5a0b859c5be3618,0.5417589041704993
a4d765a6582b3aab,0.5489344881517495
b84618b6509bc223,0.4465514572550049
ca3801bedb5f62d5,0.5349412115780295
b3c0732fc0b2e661,0.4658623824717747
6b0861b62882164b,0.5536503828076886
ca7cf358199b378a,0.5196223488759619
a2e2a753cd0ed4bc,0.4813797946892454
a355ff2110ddcc83,0.5348384327477145
c55f8377392ce645,0.3530506143507445
3eaf80a1951807b9,0.46994985457512617
7a7f15df4022c382,0.5209242036963061
f13c4a240cd03110,0.5302539318778972
4d60c1c73415ded5,0.5524205503321094
4ba786f845149b54,0.5627973544839671
7c2b9543be71f2a1,0.5404658734308361
b1386e933bb0aaf3,0.5649323297859226
8bca2eab59f7c2cf,0.5136961283576007
9502aac3efc12943,0.5268968308658715
63256f7675685a06,0.5254078562272855
4cc7e8b29505b100,0.4741698899190243
397fe2f636731b23,0.4798942427187485
8ec8a58f979b8edb,0.5272343733601459
89f83e570666eb7a,0.5246179561091653
7150d16f072a79fa,0.5255560410626019
9f7b57830756593b,0.47052942362539074
d024d4acfc0a0262,0.48289418042837107
83b72aba8ed5206b,0.4775724951887296
7832c8e2264b9e2b,0.48976535877269456
798380793966de45,0.4637153875272073
b2063f1d5ce2e3cf,0.4843478659260847
dce12e2119f42d4c,0.43494954674435526
e0ca05b1f983dd96,0.42565096613995257
0f0c945571577b48,0.5147695563447686
a0111950f10447d0,0.5362426762005026
59527e969cfd479e,0.39687257148905464
b061c944f19753cd,0.37475317979638634
7552096aa49b26b1,0.5299765000593124
eec17f8613571a24,0.49981449733685634
2d763f11771653f3,0.5756633029689464
b8f7cbcd0ad27d64,0.4009261661086323
7a3b1f9bcaf200c7,0.3804015804526524
f74b8c73e395076b,0.5293592965557432
9a31624ef4f7b713,0.4967546677613903
5fb2f66ccb448e5d,0.52137237986117
fe8f62ce7bc7fe86,0.5319343360157942
58f90341dca44387,0.5450418643798545
fe434b26fd4ac8b4,0.5069742513143201
aa1d26772c864ed6,0.5446070343128356
71c11243c8e8481a,0.5523748931957202
29e3ac1ad0c25a3b,0.5551602147960264
fa5eb237842e95ed,0.5368118441884349
c1b74431a0b4c232,0.48769261839164924
938bb1c40e571ac1,0.3940788036064884
e9d6a95c5bba98b6,0.4868731032758318
44c76ae9310833e5,0.48770473890107313
7e8ebf39e4328fb7,0.5213677217566367
6511e60b8ea7f45d,0.5093827211204713
2b96f462426d4bd8,0.48114284237335614
8ebec264c2e619da,0.5726229346980514
acac61122bafdc96,0.5200591230769545
b48838660f5e1ec9,0.525745831844816
1e5df23c86acabbd,0.5763127733455582
ca7ca8ff71381138,0.5509959429826852
c62f88679fd65920,0.3993474446276952
9c8e1feb734de4c0,0.5093440641847555
329cef6ec0bbb9e3,0.5627859996551068
a2ef146514042cb1,0.47098269840259466
067a93604611aa89,0.49926283951214967
d2f03e5a8f4ba410,0.5047424813877411
5772529ad026400e,0.5184152851611471
8ebc35f6f73e59c9,0.49718690268003407
3a6eecca7e2f8714,0.5366629684623523
13ecee2257547df4,0.4258276991155793
ef10754813cef79c,0.49015700850124877
3439e778acb6f5cc,0.5198945507071004
189702aef13b41e9,0.5545751394157946
a17a96dbf95f7deb,0.464621795264035
56264e8c8bb9483e,0.5189860530670805
0d833ba519cad2e0,0.5026055637837235
e83fce7070a46833,0.46853243865567995
842e5368615fe2e0,0.4752131625354129
843d80e97e4d1629,0.4704734139270269
6fda1174f0474030,0.5180428377705777
d1dff1a6c433b3e7,0.43979195304075525
be9855152014e6f1,0.4964027528765421
316b3c77bc48750c,0.5229389244901144
169841b30d431baf,0.5147096252885035
c7f88a1c83d915ff,0.508398316428248
9d3fbe247cf44020,0.4945883299231715
f2c04fe47fc82628,0.53581207424604
ae043481dff5ab37,0.5479814650226476
9b2cabc66ff9a08e,0.4445642761146744
0fffd848fea436a1,0.5348060930276686
853b6cfc87492162,0.4770571029658789
b15a2318270f5c02,0.5493860852689907
322adcc549d5a46d,0.5181428030240076
afb235a0e827b365,0.4797727119618974
1034e5784fcd30fa,0.5468468711913519
b7bf9c0edc0fe02c,0.35322652264290166
9068b098943b15ca,0.4637263421787621
acb31b56a5b6125b,0.5162029191594034
f12f2b5ab5ef968f,0.5333029332243164
f0446c1e2e15e5dd,0.5370188662911664
6eaea8a2f6b854c6,0.560372111610311
034e813ced0d15de,0.545398471082285
c1845516e82561ae,0.574756380744476
5caf83355db545d4,0.5298646015540214
d082189e68f6291e,0.5264293363936525
80f07e54155bdc0e,0.5071849206798936
16cd295765c355c4,0.46191144881829693
e5c36a88c442c85b,0.4822695622531892
9a09b3a7c22937ab,0.5280584159985322
4755249b5262761c,0.5317163884255016
66f1ae6dac9eaa9c,0.5300592781064883
346f2ec9cefff801,0.4698358259651798
04ee85109e7f82d2,0.484048326093393
41052d139878ce10,0.4840568053634813
bae3677b7e7a561c,0.49311880044221224
9cee59a9fda53b0a,0.46539097024239817
017693ab978384ac,0.48594055787795165
1aa57f56c278ff84,0.43022370068166227
b20c3bd70683559d,0.42741724162494954
91830d16a44866c1,0.5201433255903058
b4fcc6cedef47176,0.5321445731581151
80e90ce6f69524f7,0.41593965351737716
00a4f78d11309174,0.3825309642127358
af3ddb09b3f4468e,0.5228613456546756
56f5aee2d1357f87,0.5045989916381168
4145e7a286b950c3,0.5766849207286575
9449176a29262299,0.40308101178346756
d09be8a64fd4eb1e,0.368319591246546
d91c8b729930d1f7,0.5299797027852775
0c97ea299d005288,0.5032972333299943
057e60f00a4ce0a7,0.5246617673528096
bab241a3fdd5c410,0.5268056876046949
886dd97d0b614d28,0.535261946371105
aeb59f7bbd410a3b,0.5022858149467557
e9e573ddd0e95600,0.5372320906276995
f0ed27a4bc5b0277,0.5467473062698366
66eb5eb7b87d014a,0.5473973585616015
a0000f36bfb2e616,0.5338224439517927
c4cb10e97cf24df9,0.4838051449710983
49538d6549f1b2f1,0.38824886965827354
56c6fdd3dbf990f7,0.48730827376647134
b27d69158f3eef6b,0.47651429015573366
b3483d5183c1ce16,0.5229935433461157
44f50cdaacc93611,0.5061647459625032
91b226f292582f65,0.47801454919186626
5b73a5c8da8a6dda,0.5669194997611644
f6342bfe7045aaf0,0.5183473654369155
7bd65829496c8ba6,0.5254471681151587
62a93c6777d723c4,0.5728647832399105
5b3a491463e5a446,0.5572449296481515
bced58fe1917e5a6,0.39850805446704907
9f286f76614b419c,0.4994010550535225
9dc72c8d3e6ee19f,0.5550523830581433
a59b1848e2ac2a5c,0.47993201796588014
bafbe1a76992d9be,0.49380403889183955
43c513570d97bb36,0.5035621529890373
d217ac81d7609477,0.5008232471276401
927a363b9bb779c2,0.5081041689776351
a869e54eef93d92e,0.539727969314702
afeb3d4abb54acdf,0.4252653132160924
92c6b62b783ffda2,0.48950940646998753
facd10682e562c80,0.5284115797505204
effe54801e712ce4,0.5554829372908491
a4fd731327cf5b7a,0.45803137010037154
1144d873b9ef59c4,0.5079125094452299
d8dc90b1c82f352d,0.5016928351145986
dee4ce9fd21da725,0.47005692507546304
e84b6f24cac4b87f,0.4761006815307809
9a4f9e22df2125b0,0.4747957896002464
6d0a5ef9011ea25c,0.5268998461496821
03ab1e2461cc63f5,0.44178999511478756
a2dfe1670ccd6fc7,0.4911611156821951
6264d838af5f679b,0.5269960360780701
e3f7530c2c934ab7,0.517047152184596
731cb8892ca188ce,0.5087674279168125
fdd39093fae984d1,0.4915581302996965
69e3ec783e1339ea,0.5434298370372694
30aaf81029d6b8be,0.5375091804407176
67f4cd633e7af652,0.44221138971893403
85fc9c39120b5125,0.5316318316140549
1e90fcf02431e8ab,0.4779424219820235
0b32d18d4acc402b,0.5446172632397437
064a7d6346aeab6d,0.5124990219358571
50d914d1dc6c38ca,0.48984698032647
3a59ffd7fa7b048a,0.5410598176683731
80cfba216aa3f2ec,0.3464193362286323
090f8009f1e4eed3,0.47373212866313175
318bfe1443bb153c,0.5170793993245346
e01b06af8c70e821,0.5327391612514751
be14afe84aa96010,0.5443503427643512
9e46f4e792005977,0.5523868148636439
e94f16908bab1ee6,0.5318534525317039
2421e3b693e143e8,0.5751564690457898
395c3abd215e400f,0.5273652699933788
6c0622e3b598a446,0.540408435520545
d562e48d860c8da3,0.5087254788582238
c2a4055065780a1e,0.45909101188036816
5be414c14704da2b,0.48757766603223984
d2e455257d797097,0.5233508593155882
e232233251acea7a,0.5285211418240746
776a2665828bea46,0.5333349832694243
0341eab92eaa3c1c,0.4747399849974612
985115a97feb2acd,0.5014889445238904
ec695b3e0413dabe,0.4789597450033316
ba3713affad199d0,0.49296714186168966
a5cb5600f1f57b6c,0.45643426178884305
bd36f3544b93b800,0.4957455192567153
6107a50d242a82ab,0.431877418749005
964e4dd643dd83f5,0.42883650669181483
2c1cb9782e25e998,0.5153881785211172
9470c12868311912,0.5292304626955311
65e98310636e5d94,0.41128021130277503
7d15486a9485f2f1,0.38754527428296726
f0eb8feef8b2a930,0.5218292165719827
8475d76778faf452,0.5027881113909574
db2f4a3177910414,0.5840444180520277
580fd0ec7f7709ea,0.4030859814969654
e5c9e188ea5a8ee3,0.37013606238384045
f821673bc48438c9,0.5244050635465886
0063775e075a64b4,0.495805708067691
6b875e3287d8830c,0.5341684981629505
c557b01932c607c4,0.5258510536144179
c968a3fa6c6a943d,0.5284911249527138
84791e34f46e9375,0.49341973573584497
11331efb8d658a2f,0.5348297024620055
761311d6526f0f03,0.539934074201494
34466df587b31213,0.5441858400430615
52f5af5aaf2156ae,0.53726644274085
691dce4b23876b94,0.4789054285589345
79d0f3abf0a4e9d7,0.40132716373028376
af6abfbc79bef256,0.4982354792639683
7fcecac2e5db5a93,0.486965140285579
a2717c07c0a3494d,0.5131697457624482
8d92dd8cb629247b,0.5016882420603426
72458793e7f2ff1a,0.47490413702229817
ca8f7934f1722a8b,0.5698397281699519
47f1187a75c0edd6,0.5205287250436859
e0d2f2070ec58ec0,0.5202222872313713
b15f734839c81cd9,0.5652079991510753
21b0be630a48f44f,0.5367856842179983
815d17a63c92c911,0.40953896239323184
f028c8b16f390ddc,0.49290560157062524
62be4ab6ff0e8c3d,0.558822644648256
c94f8147fe897abe,0.4820484953713351
07d92d300fa00aeb,0.5021731068230686
60c27ceca908c451,0.5169731013439578
4b3edd603f54ff71,0.507622598560405
fb3b7f58d108dc21,0.49161997421209613
899c8d9a3d9d5c0b,0.5294173278025218
68a805076bc10a41,0.4258944601514041
8ff2f093d5503949,0.4834508730783481
56c8a131d73637cb,0.524683342382275
08eb62b4a066b843,0.5537050460556249
812f2bef2087e8cd,0.4581651579041911
e6e76f49e16217dc,0.5125545750836247
ba4fe1094a607d21,0.5032413221507932
3ad2326b1473d7c2,0.47798067008039646
f1a1628d42c2eb70,0.46920623294646346
74545251dae00d57,0.4725589381389963
56b55d8f78e9c057,0.5223869272034403
adb3538629373c0f,0.44144423559818446
ea45d69f0df7ae1e,0.48883935329240513
e96f11b7a024e009,0.5312132143938992
5fc1f43d1f91d9e6,0.5045862447950602
00e688a7e6dc2533,0.5132498867093522
c303b3fc8a6079e5,0.501790731627034
cd55d4faa8de3fa4,0.5482167102304347
80459c55d49416e2,0.5447034419011727
6b9b00312994834f,0.4336370417119899
45f82b5092bda488,0.5328436732187602
cd1f0764f866ad71,0.467712221799514
5f8c55266528fb29,0.5468893221004626
1b2de7e6136fe2bc,0.5052803558516394
265ee510ad818d73,0.49493329764671967
42fdd798ebc76524,0.5453330241494747
423d7a4966648721,0.3580187814533081
ecb985226382dc5e,0.46888559365326665
1cb616bed7ff13ba,0.5087893683883031
a4d5d4470a3daab6,0.537734084405187
99e45726cb761e80,0.539453779117868
a440d2d571d5b99b,0.5666904655127074
2d43e5d9c9a76789,0.5355323783670672
e5e2e97c8e4ac0c4,0.5626793829526265
4c07fcd1ff28e85f,0.5281875711143693
c3f076b52a4c1fcc,0.5407248705706065
4557f1b83c1b2591,0.5056715274394689
6d0805905838900f,0.4564771941840523
9634415566314fea,0.5054628452035301
7046075d8c778753,0.5188148696037336
01ecc9c863536328,0.5283610258042939
91fac9a6bbbf439d,0.5319199822153458
ad87a915c300a3d6,0.4758973038605687
a3006a8bc0dbed36,0.5046576256406234
fd7ababefec6620d,0.4804565346574704
7dec111f4a03e569,0.4934884012434674
77a3d13ad6e74aed,0.459387682247275
9796b886f077b0af,0.49834157468797147
43044bde06694993,0.43249818083436964
5636f83e5333ceb0,0.4379989271465603
474b35e3c7d7a987,0.5147637017231596
922539f6ec2d7ad3,0.5313851798949552
7746526739ac868f,0.40981201282765156
1dbf45e7d7d9ed1a,0.3837013697648093
da9b109bfc389da2,0.5204032881039833
961a0cca7dd920fa,0.500151614019269
49ff6d4f186d0d58,0.5780523215663667
4ebbfccd31651a86,0.40967456415029024
f606ef202d798d3d,0.3674381102386618
a11a2d9821b4a1b9,0.5256321417648624
0a728c5ba66eb6d8,0.4976731959664564
68347ae8de4a71f4,0.530202564249111
20f1be4a07c0f2de,0.5297030498101388
4ca76ac9c7ae1a3a,0.5312007744226728
f8861ad1b55cad27,0.4905559263338649
d302c5555aa98932,0.5356508898179921
a85781ea2745ab54,0.5372057374545527
7df48127d5090266,0.5441651617381111
ac0f4841fc98791b,0.5362517620186046
1225c08506eb3973,0.4804067730190774
c68fcf5809557562,0.41064785534995685
89259bf95f858de9,0.49779351957824924
a3315dc636f9624a,0.49567333079726483
ae010f0eb582db5c,0.5229410653649657
fe85c0da839f7b8a,0.5029174096053193
d415ad36d5878f09,0.4691569441555479
0e5c0f36b22b0a1f,0.5737249040150638
9a0b2e9c4289f707,0.509758161297303
519bc81d0d370b1c,0.5274216788365538
06458abfb31b5609,0.5790130832010851
c4e79446505d96a7,0.5574528813593413
27efd5a9573b1eaf,0.41434931407659037
42550d44b1d56e8e,0.49573582571190977
f69a6895a6988fa8,0.5574456674688754
253a7946ab4c9ac1,0.4820640473554544
1bc1764bec4b2a5e,0.500780465493295
07d8e5b7c72f6b18,0.5175841110119812
85fb96dee8c65595,0.509427621419623
a33a954543819dfd,0.48901715885875263
9ae62948b5068c7b,0.5249992252495709
b98ff76783150f19,0.42684755049507805
102d9db0d0630e31,0.4855934855529904
aecfaf6eaf7cc702,0.5275903694228476
18871c27aa3fc1b5,0.5367891272298164
b0b69efdb58d680f,0.45076075043956143
6856e04ba84d0225,0.5122274174686516
d4c7d7f9d846ae6a,0.5040674895263273
e1f8f41d029eb128,0.479905351629043
e64207f28ac6bf1f,0.472095789931124
7058ea9576f1f584,0.47781635621350693
3ce67c605fb26d74,0.5209835514531815
4726b60f81222e2e,0.45249304923388534
85bc4d4b7adb0a30,0.4908978805877672
c83e48dc18cf308b,0.5269233335825243
8bd96409e0249b09,0.4955066345759114
dd6b3c1ef293bb47,0.5159310313569545
5592a69018d090c1,0.49093355223691215
c725fb0f03ba17cd,0.5526754007858147
4c16084fee4da216,0.5459727692753953
453f0a7aeb859483,0.44328061947310116
a33ec2accc25af43,0.5322348316226939
a1a31296b97e2267,0.4692964617780321
849b5d3d53637066,0.542758110659364
70d381b5baf67a15,0.512587618007259
4acecd3234bc17ef,0.5009092754322177
7a40e1632b03c32e,0.5443268266057562
d3fd744172a9caae,0.35765809078776445
7ef1c2115f2377e4,0.47114687856012005
23b7db50e813909f,0.4969525210598933
e02839986cd9f37a,0.5383233762204662
c6024ca050f18391,0.5440991740622385
c78cd5d3f5bf7804,0.5580931467072135
47d19eb06e6a89d4,0.5363347350548358
820194d5abe3dd6a,0.5585301699664871
373875aeee59f0c4,0.5351125265024372
ac6ad462896fa9fa,0.5298596007930452
b65ac0ae92f73f46,0.511372102382516
43a214efd41e8736,0.45419879039784095
48af8bf7578d12c1,0.4987160015058153
0118459bd6cb2a31,0.5128409943471479
603c597130ae8870,0.5320966655238896
7222be4913db452d,0.5378062488006046
c9a6c3ac00b80fd9,0.4811619149582824
8d4c52942c6041cc,0.4996715585233903
c40d97daadd687cb,0.47564312374033657
85d3780255129e95,0.4771600531302863
91ed70af1a048f35,0.46447168527291804
db9071e63846d986,0.4966940341795929
afaf01bd906a7d6a,0.4343120646545038
3d18e768a4b7b2b2,0.4298937231884957
28df2fef628b1a0c,0.5138235300417773
7754a03c0ebf20d8,0.5262654159476621
4e1d3e6858d96923,0.4132353453001534
c5b4c38aa4b8eb65,0.387205506768858
92631d6e9c058e74,0.529841048494212
10664adfe1ae3314,0.49995647057436354
959185a48dc57dcd,0.5730932854581784
f3af028053460362,0.4039101798838475
f91b4940ba1cc1c7,0.3740256742903747
412d326ff4a52ae1,0.5339838487516998
09534b98ecf225a2,0.49469494203811704
7e802f9e1e9d191d,0.5290543265613845
65f60a4e9720c0a6,0.5361612326831753
0a07371b80996bbb,0.5373547766747147
caa79ac56db1c66e,0.5093187093305361
849a081ebd6204d1,0.5386984733577685
13acb2147f3a6ce9,0.5444516147024608
c9f50ad1452a527e,0.5489998283027557
46410f763e3f1912,0.5349612052930337
bd03a05819e594dc,0.48126138487810377
3bbdf691e86cf2a4,0.4035117169373751
338eeb74c9b690fc,0.491627512693402
379deca94a850a55,0.4960024559271321
52be03148df6e513,0.5235368380691412
4d2fd5b45c819fa2,0.5002333917991906
53e7bcb211aaa234,0.4866130305611345
275f44027d957997,0.5734634561657579
3a3899dbb0662db7,0.5081791706212794
ce8994f028a0841d,0.5270426339996539
0638aa5f2c76562c,0.5777233882282555
53593196a65725e7,0.5557801097969655
aff659fd5af4824c,0.4273808137294496
6855aca766e1d2f8,0.49888893292045666
9050398a03be4250,0.5564474135170648
8a0aba4ea07e5278,0.4814925235380152
f529b7604d5b8049,0.49519290421181283
f25da14f95f67bc3,0.5136524248068108
a691e6c405418fb0,0.5066599713158686
0ca0ae54aa1ac567,0.49243357456792847
5a19b168545fc515,0.5279579728420073
be0574e06e8ff002,0.43111804760981864
3ed6aab68b3e1db4,0.49358630942058546
da4e7c26acc1366f,0.5272830090324789
2b499e1525de850b,0.5418531464537437
fe201a80273afa75,0.45598864083388935
b19696c7ef9f06ef,0.5075458380919526
336fe08bffc75e08,0.49904046673440283
a23935f6c2e8f5f5,0.47815176807847204
aaa95ad9a2283e7b,0.47228557236946167
5b3155a026ce9f9c,0.4722730596144087
19d7044909ff5e5b,0.5121313881575739
af181cd57a2bf8d0,0.452073866551025
1b2c6045e388b6d4,0.4905716361137762
ecf27732cf01047e,0.5183728206006304
3505163436180d06,0.48768139969843516
0fc0da9e68daa995,0.511345028528151
00612071bfd1f31f,0.5019173038059124
5c4e41af8a1e6fef,0.5577906645270845
163fa2400db67744,0.54518933276512
c907172abb19eff8,0.43485754746520455
eb04cbcd8c628cfe,0.5352840148345579
fb55007dfe3db389,0.47248430702110933
5d65402c6ff71ca7,0.5453479225289923
7b68cf75cb7fab20,0.5249553201165239
256018e7fd51fa02,0.49494892438217397
e099f169efb7e0c0,0.5470996799506893
bfd075b63eb611d5,0.3632971470889359
e2f232aa1bcea337,0.4725752054194734
f20784be7f5d7654,0.49680169632863724
49d01ef38b77a9e4,0.5355137976172246
d4cbf4fa4300c61e,0.5452346348808816
dcd88ed0e98db0c0,0.5562416177477938
298eb5143fbfbef4,0.5398932060982857
130023a22a848c9f,0.5407209251984881
cd01922266252e94,0.5392781010584999
a04b86b605d087db,0.5236501788901349
0883d457fd57a456,0.5034339584833623
7cd9726212a3a7d6,0.44868493026686984
a2bfb303f8eefe00,0.49524097652112875
afb82e3dd94b0b5c,0.5141681514287442
79954b0618d44f35,0.5403329225545704
773383326b7848b7,0.513702656150848
714a1eff5966cdda,0.47304876559644793
e7660dafecbee994,0.4849984680390532
9063b12949f6807d,0.48208004738939636
b09bf9a8a6cd802a,0.49365279257563366
e4cc553f0db52d18,0.47038553054839605
2bfed36c03f994cb,0.4875167078037548
d613a937ca1639a6,0.43357040411548453
f281035e0d222883,0.4366831932163674
0909f16b95d9a57d,0.5267510686859036
1c8a35ec1f626f0f,0.523130520808881
8054ed89a07d8369,0.4209069859074045
aebf6d3422d5a6c2,0.3835817906969934
f4cf9855d8c75977,0.5314368484241642
85ac3935a50777a4,0.5149798342639319
a841cb1b4a6946bf,0.5676852638047392
02a8d7acc7d6a6c3,0.41522684817583777
791ad4ee90d50089,0.387584385619944
dbb0471f86737b55,0.5309893473762588
9ec3ebbcc6127cb7,0.49994695180994997
a9f752c86d293003,0.5292851326383174
189ff09eef6867ad,0.533761585338107
ee7dac83e02604dc,0.5329266467798703
1cf6dbdd6c5f289f,0.5073728362291468
6eee6c8d9ab50a62,0.5392048232211843
bb8a6ff381781c29,0.5456721159519063
8ce11ca677e5310d,0.5450326388733122
d7b03ef9ae56f5ea,0.535979052936197
dfea223b6e5bf27c,0.49617411784669074
42ac0e33451290af,0.4049535708207592
1acbe498eeff74eb,0.49181564745636763
401d7ad15da9ce64,0.502328721462947
837b8e57ea01310c,0.5129540872253698
718c4b4c57e06685,0.502224183585017
57b2009827402a1c,0.4890301212437558
8f684b2821b2c4fd,0.5666282017636415
fed488839af9fba2,0.5080650950146306
b8c8062ed0d3416c,0.5259238830204265
89f0043864b15e89,0.5801786284904601
613a850e5815b6b9,0.558140202979867
3dadb127216a70f3,0.43008797970457346
b9ec9791a20a2aae,0.5020881182818532
86d2604a92f56be0,0.5560946594029472
5b4cfe853d646851,0.4717385797580854
0db4bc45aea6e0cc,0.5024534249332172
37975c30728487ea,0.5115258188928024
e2b1c73a2517bfa8,0.513264450144855
48e67829dc18141a,0.4877021956731822
cacae80f347ac547,0.5288955705992946
f87683f98b82bfd9,0.4292444503040542
2daa114bf9bb8de9,0.49325662190863007
2e49862c702c3a89,0.5148546204221462
ec53195ef1f4a783,0.5401656485721382
8c83735e700800a9,0.4462701171740988
21b745b6c8ac2bf4,0.4996660026840237
f0e241b43e641e34,0.4779257858533952
eca10357089fa327,0.47398569545937874
286f8c4c0a139dd9,0.4670017050464945
744760ff68fe90b1,0.45321186120038837
51e8e987328e5d3d,0.5066853429676864
0a4ea912b116200c,0.44227642255952637
c682c4baf7a20b59,0.49629968639939515
226ebcf2f63e8d4f,0.5213945947869939
cc34e4fa99275a9e,0.4929573190908808
75829e7fcb8f5885,0.5338977064734622
51249abb97eb1324,0.4869586734242122
9c9e5b292b91b718,0.5446514622986187
df5b2fa945140001,0.5311468753500024
c6fe58b831b42b33,0.43788222738363425
41c24af568212c18,0.5422482844654269
348b220f55ff2cb7,0.4787776449328712
c2fd14dfc5685574,0.555012651697133
bb6e815d2a6354ef,0.525799213951125
4f2195efdfabb5c6,0.5000730033124694
65eb10558dcdedb8,0.5559913279865041
1c6faae85bbf286e,0.37251681251041646
cfa12e7f605379c1,0.47210180628304754
f6875c863a6adcca,0.49525996704880604
1cacd1572fca5df9,0.5368083438721702
4901c16fb5818847,0.5386058787303686
deb724be94032202,0.5538070924434481
8ddbe1b8b06dd2bf,0.5403366997778916
0b0c8416aa61807d,0.5513834571745366
017f192b8a296591,0.5423443568102495
5f08b4e46e5ef6b8,0.5266992420915284
81cdf3776fe15e76,0.5144254464019451
9c34ccf08d89407d,0.454314497908045
c3f0ddf3fc937e21,0.4915050902770801
e8fe01458abb98a8,0.5169295201304537
f0cd63dafe7c163b,0.5421193471278624
17bdfa587851345c,0.500345361861575
2a4718528ead4bb1,0.44809690646366507
52f2656f52d1388d,0.4824789945541128
5e013e536f1925fc,0.4894337111417255
357f0d2f243adae9,0.489389058343925
73afd1e30da62fec,0.4741496305635323
bc8eb8a7c17b8e00,0.48723308096900064
8975b3894bbb8656,0.4350693361886796
9325d4ee60a3a422,0.43021338520300434
1dbee19aa02cb14a,0.5225875650076495
7bef2445a2c63a9f,0.5264160126951447
b958182ab937ae15,0.41854595683095674
ffa94294f38f94e6,0.3836788336165884
72556dae919af7f9,0.5317280330294349
09df6ea0d02dc0e3,0.5132166295179333
c32283e06272ba14,0.5735790847102
a3fa161f3268dbdf,0.41286273867060275
c8062b86b70da1ab,0.38581564556919623
8fde9b39c0913a66,0.5369637644245738
8262c49e016d47b9,0.49474408817699544
8ab5634635ba5c2e,0.533223758420413
bfc36d4cba7889da,0.5373474775104206
2feea56a5c578acc,0.5323209060755363
dcb8fec8f9a7f4a6,0.500358178209793
13e950fc2f99218d,0.5462650793287285
1e3eac96e2298332,0.5456534916912914
a535d7a593199d8d,0.5463780983590085
e8eb5d5ec7cc829e,0.5381830165147186
e97a7324f4cc5822,0.49112955598429797
286a7fed90f6f326,0.4077896680859826
38ed88051c2702e5,0.4933103326036019
023cab966c87e579,0.489048496756443
56f3ee405bcf587d,0.5112159728539244
d88526c44aee4b97,0.5012136338721652
970bce9f9fe211fe,0.4775091952639755
e7e5316eacc1352a,0.5559369271840287
2bf92d742efdede4,0.511524349604427
742a0a1113fbac80,0.5272839469146058
2b7c6341b775cfab,0.5858300665222591
4450e32cd48e96a9,0.5701661794045321
6c92d73ae2c36357,0.43049651931085475
bb7dcdf929c6557d,0.5118065150840727
5b79a053c8cc44b3,0.561730821708752
5fff5e5eff4b8042,0.47096326356372864
84a7810e36e4e2e5,0.49309770336829817
f3987f22d1436e48,0.5118353200303323
4efdadb65f1df2c1,0.507148122861246
9596a48f9a14a8fa,0.4908684353080919
df9f09f8be7f24fb,0.5298517515930453
799e069086e7f734,0.4430936786599089
d8de25e9cf1516d2,0.49273222802244265
7b0386f9c714fcf5,0.5203933332934466
66ff17498109ec7c,0.5452369838677789
3cb5ee85e5a31c78,0.4484699689831517
e18be9a0f74fd2ec,0.5079972360914033
cc74e0cae4add71f,0.48100362428726817
386ef126d75ca623,0.475039247722026
8909c6a26683ad18,0.4719675575035669
b59f75e78579ca5e,0.4494703322361473
7fe87e643bd4478b,0.5052925567955784
35d7f3a994fba2c7,0.440275676727921
4243e877800019c9,0.4932583441370222
7bc29f4c8aa9ad18,0.5299824564489731
9ba3b00758361030,0.4858198981908801
d156b2fe60141578,0.5348503013290327
357b425ebd3d617b,0.49286543292046936
dadedda6c7696565,0.5427547178374403
655e56b0b8a63ea7,0.5342570525823154
0d7c96ad160c6b60,0.43481546599425014
a619ed67c879178b,0.5382594641142087
0af8b07f8334f989,0.4815174534971982
0947cbccbfe2baf0,0.5590176128247087
b3be2bc70e75dec6,0.5286567808710754
14642244da3d27ae,0.49238795644104383
5afc1e1ebf868993,0.5572179794345372
9e1457541db59acb,0.3756250678425941
0a38af463c252fa2,0.4731662405308077
a8208409018c8c55,0.48810382166030664
471963cd27c7df29,0.5338562452869237
2c41cd7ddae793cb,0.5356544947027029
259db8e5ce26e8e0,0.5703188172462444
707054ee7c65d01f,0.5356665777979128
6ff2bece0d8c120a,0.5465010236292114
f03f57befe63c492,0.5464731888883575
6abd08850f2479a9,0.5367524737963008
77353e5e57cd5027,0.5146339837528715
81a0ab444890ae6f,0.4611344169389515
3c8880eaee4a1703,0.48264532388341763
0b329eb87228d919,0.5058461744392944
9083d91486af0e82,0.5376336252691536
75e62f784bcc7649,0.516678459365403
3fd53e31480474b1,0.4446906284741384
2bf79165acb3985e,0.4924402270471748
de15391a9e683ca8,0.48160211660216623
48864b4bee9af0ac,0.5097132182880026
3143ea3f5c8ab4c4,0.4794784444906731
8c62912f88e9add1,0.49389323146487674
3adc0c4e3ff98c21,0.4349896160527975
fa01466de4ae6e73,0.4306781061355498
b0d507f924e7610f,0.5243382576887666
80eaee25d53e69de,0.5235506794883441
14c85ba87c8d0534,0.408799476858439
b5585203c5c57a9c,0.38515030165519426
3a7fe91cad37fe1c,0.5309176323944826
b31fa8330e286aea,0.5107030444694316
5b4d36b1de2f4452,0.5814219778763725
ce96ff0dcb010529,0.42006071766489805
055c35bf3697848f,0.38449382099092544
a5aa02ff2560883c,0.5363018300152191
e684be6809ebb078,0.4961476570976425
9e1d96d9f612b913,0.5301435560983534
54af94cdcb3fcc90,0.5400911056445814
66a1ea5d6dae2671,0.5216605370703198
3006ecd4270bf12a,0.5146162451055305
37c5e58fb879027b,0.5392411690127499
48f5df1f3bc90845,0.5453741015958056
86cd1b455f2c255c,0.5422980401134605
a3c0de95825aefe8,0.5420185525331088
b1c360972d57e87e,0.49526537429351947
f7edae653d0668e2,0.4004018340412048
cec656a09021fb71,0.4962736925611171
0d7eba823c3654e2,0.4901609549830279
f9eb6d546b83fc38,0.5155544519213231
b0650c8f5cdac3d3,0.4975740244206628
e6580b8d7ddfeadb,0.48475689677097444
89dc68bf4628de90,0.5629002125393835
f8da8aa85bdaacf4,0.5141301945012928
228fd2673ace617d,0.5242368208138595
7bf5eb62bc9e9538,0.5650138986740649
58d17c924587524e,0.5685815254082034
aa12e95f2542cccb,0.43534283584416344
a165e34f7a451430,0.5096947263364175
ae3da157317af012,0.5491787028284293
7eb275b3a8112d2a,0.46844770046660056
28ee25199f9e7434,0.4952749948486741
1d0cdfc0e87f82cd,0.5264963065441921
c02ae07c10852988,0.5086847337167828
87cb99fd5dad59c2,0.48149967884250966
8809082ee9618afe,0.5295555158844114
ddbaa06423446467,0.43685475027011256
e14d800633ec5aeb,0.49377805125986574
b6b801dc83099a33,0.5297810680472452
c61d9ce7dda1f425,0.5645260812402849
5c099a688e4ce814,0.44936741075263753
0bf954f3590913c4,0.5088196199992623
9c74ee7f082bad57,0.482471352475895
5bd21dc9fa84efd4,0.4796785588653031
db6120ed4e25bcfd,0.47813087257363385
e27369a299e88a55,0.4541038605453285
1f392c42d3c975bb,0.5037047526604265
a8b9544671f95e34,0.4501939980875498
2cd9baff69a4aec1,0.504508790746443
f056e1f7a3c35608,0.5239191716847269
d73c1ee957dff0c5,0.48700498615810517
f637d1eb9f87f446,0.5207327591665643
dd2705eb9d39a827,0.5036674421631648
66148f6805817eac,0.538035532250399
681b641fc9313136,0.5397949268339208
7aeabb71aec38e03,0.42801388993193434
90212557ba77db9b,0.5372944073983394
92c9b5a066c053f7,0.47837966086896877
6e006aa19ab6a9a7,0.5422077361785199
2c7e53ebe12d4f85,0.5283371207000254
8ba34f25d73283b8,0.5009510253206448
2881b84a87edc22d,0.5542995981812102
70db293f519321a4,0.38124893380722047
b00b8516e8dfb48d,0.4636204117656002
9509776059b7324a,0.4931686238602092
d659dc1a065ff8b4,0.541621732991689
9ba92e471fb62562,0.5454690362422392
21a7ad19cc4e5c55,0.5791123862350038
b1f68009e3eebdc8,0.5346471140805016
ce62108d7c5294aa,0.547018954778389
4a227c81b3bef564,0.5415234115774541
425bc679b3a6ce30,0.5380776697234722
5f0463197cec67e8,0.5150755435205439
d39631da12447868,0.4573777890838657
e2be0f04ebb770d5,0.4929656014529049
cd8ca27fd2194ded,0.5051004239610846
92571ac5b8342f85,0.538010902109196
ac446555b5753684,0.5143723895825212
8c7c5272b1f35246,0.4433991658841744
7f6c38265591a847,0.48976627035700626
4ecd2e7e9d9fc5b8,0.48416710275297214
185fee2c1f26ef01,0.5046977283884764
64eb8939fff1faa9,0.47748207968267176
a68328c1c2e7bb14,0.5000741426228467
2e9bb2f7a42f041b,0.43296207712894996
d727ce46b295704a,0.4305577862879395
a77d467494935a6f,0.5299189181489452
2743ef43acfedf37,0.5208722688912184
4ce5d3da09050edb,0.4119102723906204
ace2926ff10591a6,0.39185595496102477
d4c16ec20994eebb,0.5183069385502688
a0ee79976cb29a0a,0.5047688470664227
e4b4d12163595e47,0.5830960015065858
df7875f76eb07d0e,0.4211479265173126
d1d36a5fc61718ec,0.37813810291154104
21b9adc1cb27e5eb,0.5383432619513182
12a6d288882b5649,0.4963144923760897
49190a0f4b2dcf7c,0.5282236066943304
5c73c5b16299e839,0.527979213531355
1d30ff0025a6a16e,0.5115412774859472
34d824a2ef146033,0.5030792298578561
5650a8082c605db6,0.5298815712368885
09e4d09a14e9fae6,0.5376428729452933
cafd09fd32498c8f,0.5344881383403369
bebbf35ff0b98f25,0.5391537809402487
dc8e682647748629,0.4911254691868294
da75928a8d9c789e,0.38935289450412114
ec40a4f258a5b653,0.5039439234770802
f0335b4c45b9fec1,0.48524048709415146
ca12e88b91f28a56,0.5194303264492566
f922b8645780ae76,0.4993028287742105
d0a378e753dfcc26,0.48759611543824
d49d59ceab01989e,0.5637139207036141
b613940138ed7ad3,0.5108417526015483
c1add444a7eeef69,0.5286163222997393
35478510ea456254,0.5606189738113712
30fd8dab015d1117,0.5694991567025012
e9f2031407b39149,0.43067018570874815
582a49eb87a8fc55,0.5136440515103808
611bcf7652edf445,0.546868545644747
6f1a803ebf2bded2,0.4738623636889666
f240d95e9161aca6,0.49004076813740605
99b28953ed4f6b3d,0.5252932017686727
4f10c9d6d21e36c9,0.5137922466190443
5e46af15ff67005d,0.4920919413694619
ef95be76443d0e96,0.5333460727204516
8ffbd1d30bd4684a,0.44407456383239885
d6132e2f9e1f57cd,0.4972241229505495
97e51c954730c110,0.5269739995090774
9b4ad13e9843e848,0.5611200706263353
f12983e8e80ad1ce,0.4548657829985817
e334cd0c2cbedb55,0.5066952714221891
1e67b92062f5a9a1,0.4827119723754574
2a7bcad7018cf666,0.4808368273977366
042e62d62e5cca9c,0.4764233610658122
804f46bde0e14d3b,0.4574096494488453
b5eae8abcef63ac2,0.5047663720642476
65bcb7e903e65b14,0.4591599486582352
0a290e73f26b6c90,0.5039910129991725
2cef71bc9ecaef97,0.5263867028810227
c86dcd1d18dacbdb,0.49644728538376603
de0cf8f501f29ba1,0.5130927369200086
653254e1f097303b,0.49543012443637524
6e571adcb88ae930,0.5447632434333453
e0b6be2c7129b07f,0.5424327626444279
18c88852e6d8d38d,0.4343901346285902
0f1bb78ff8cf9140,0.5354899040778951
d914dbdb570fe9e1,0.47639620172297037
c15ef848670ab864,0.5386126433150551
7fa7c973b3e4cf32,0.5290642521648303
a77e383f46a408e7,0.5014731368482082
d3d7de26738228a1,0.5533380649892252
1a23812875591988,0.3781174510536571
6f0a0abe3de3997b,0.4640678258731623
c42642e890385c82,0.49181967338495536
efde2d24fbfca6d7,0.5400493552620793
9694fdd0af8feb4a,0.545758971877581
f0b0657e63c65058,0.5768387106653085
b45267f0aa487309,0.5293822803421908
c78fcb484f21e367,0.5437052153188069
28fa5faf5deff1ba,0.5471774857209626
6f8fcbeded248a6f,0.5376521213030077
0159c2b764e6ff29,0.514245188487761
63112e132985e663,0.45515584255265107
e37c4086307b82bf,0.49237000436544376
706fb865cefe5a9d,0.5020433534945181
ad41763d71d6ce57,0.5436456004437582
67101dd8cf694211,0.49690774152514516
4ed9c6667c915996,0.4517201139901592
d7a0eb2cf15bd889,0.48212942660798874
20968a54f1bb1f52,0.48880640983190515
5c536c6f4f2544ca,0.5030219423888133
7f2d74fd42c1caa4,0.4736125549710283
88d0b9b98a973aef,0.49589803440003344
fbab44075b79b7dc,0.43427124899817326
283dab6ec4114647,0.4354915292358543
336b4b3efe4c4492,0.5278743918140105
3d2b65ff0e16b090,0.5237251017789766
0cc93eb5b28bb518,0.41316171540792057
82cfccdd0fe9c8b4,0.3977442895308826
98f115c7fdc8c8e9,0.5250145999169153
18b52e7f7306eed1,0.5042193717083598
ba58864719c1f7f1,0.5728580260430829
883670968d261796,0.4134940989865604
60c10bb5f0f77277,0.3761509839132251
3343e4bb36cf19e5,0.534051213372427
908189d7e94fdafa,0.49687158847240154
5a03134b4a1244c5,0.5275608472211526
e60ca4bfc3697ccf,0.5364038610252343
c9d25fec1393ac16,0.5232835369599487
0729467d40ccd882,0.5145332459436534
a9b4bcfdd42917ef,0.5442136831881867
4b810a20abc4b720,0.5422892457440707
cd338721dc50675a,0.5357143969584051
c852db8526486b43,0.5319488605803981
275aa23618c108a9,0.4897965732979117
5873f9ff65ed5b6d,0.39316441471012686
1c33b642da7fffd2,0.4908621090671774
6ec2d5bf24841c16,0.4888865486838957
9c58ea1034a6658c,0.5153095599573572
375ce1f3306769f2,0.5056584630306216
ecede047d1822e57,0.4848287667831489
eba1a7b5c2492dd7,0.5601165000658488
d5648e45b5016e6b,0.5135900452944306
ba4bfd41e31b4e1f,0.5217060031709325
26646059d8111480,0.5677975041740929
755a0b44b46af9b3,0.5706585347118566
6e389b34d8c96292,0.4259856961293573
f9aae4614020820f,0.5142768854589285
3ccac6a69f8c110a,0.5518564450125514
1c7dc2b4887d07c4,0.4742454083497427
a711420f53cd9c66,0.48935412972048575
8fff44921712291a,0.522785712404211
c2e23ec66188ac62,0.5012189510115994
4e35adb377692d58,0.48905176416537244
b8314ceb918ab937,0.5404202882857876
a712df74c9c7bdc8,0.444064401882997
8a42ede654b500e4,0.4975513825771325
e3f1da841e665c74,0.5292178181485265
cdf0f05b56ecf36d,0.5574665318824674
970f315ba18dedfa,0.4529382224841396
32fead566d43a5d1,0.502635296641861
d26eddad83edc785,0.47812514769428593
7d8308d39a3a8ea3,0.4769354673787445
3b383703542d5ef0,0.4769087838691748
e10713ebf34f4775,0.4588065400241561
7378f56d013299cf,0.5059630375667851
d05dee1f2bd1c9ce,0.4584777548226764
2fba39078de15317,0.5076866532576997
53dbc72ea736e7a3,0.5206191997098888
58e9d210a468fb06,0.49239084597272886
59d5f9d2c976a0f9,0.5248368687362933
e9f07b65b9c06de6,0.4994984784575949
ff6ebfd03d0fb6b1,0.5426191264711303
a671acc4ae614423,0.5372046460014872
c2c717f32a198c3f,0.43721825036909
d141f0ae53a120f0,0.5438423849217087
2d0a578bcbb656c6,0.47340351045363016
c505cd747b05edb7,0.5276337499451111
3c57ca36888a54c3,0.5354371815598156
ce5105f0d60702be,0.4985925574409339
5ac4920579699008,0.5545307029988771
f447f203242aae52,0.376160594983003
0e3d8b5757a5313a,0.46913409342569323
e82361eee774433e,0.49342849542184386
16a01841aa5b2fab,0.5206732977491816
0a7a3be93e81cd6b,0.5517952247524902
a0db38349ae7d4cd,0.5757494267997639
7462b4f46367b325,0.5257529482839541
8a820b3d563de754,0.5376610040327787
c0a8e94433b22e53,0.5380525809639676
79b9bfdb18e9d246,0.536477951123258
b512b061b1236440,0.5089877568030101
d31970234b40e50c,0.44842754950406993
a63a327ddb708c93,0.49495462131516366
f2a9acef22f63614,0.5026967772872619
90fb4a93c3b0815e,0.5328984054282236
ae766518c2116f7d,0.5037615844533212
3fc5e472cf1ed565,0.4445239893081221
8d130645463e99a4,0.475332030726093
67d3a48197106c92,0.47923061762340424
6bb88a30879a2288,0.5016432148782275
f542a36fafca7ec4,0.449218607767945
e75d8cc7f27728e4,0.49623117417201335
02af17b90a294838,0.4349868203756222
bd8bd36a6e44aeac,0.44689061055722523
0247f425e4519c01,0.5143673779781898
34bcc7a2e268470a,0.5204252954002118
afc74a68e2fba677,0.3962059514497731
33e97365aca142a1,0.4033237009695444
7d7b420d768b2259,0.5260259970940788
17d2ba7012c561f1,0.5061772697778109
30a8b1608728a6b0,0.5704948462556569
f0ab38cc07aedfb1,0.4365792741533857
da5ea6d85bb0e340,0.4003483344081491
e446af0e5543d6e0,0.5290713692659755
f12a9273800c3df5,0.5089246957854296
dd1e34f8b0a853b8,0.5240926496824196
0d0d42ddf6c3a064,0.5346195361013815
96dd36793962c3b3,0.525957453827722
3cf6f90ba31d59c1,0.5139657321089224
a5637787264ffbb6,0.5389753375057336
ed72a26f537b53d7,0.5539784609636438
ca9bd4f39856dd12,0.5394229551296714
3ba8bb98646fa55b,0.5243415047481174
b7050715a5dc2c9e,0.48760835249069046
37076f34f4d939c2,0.39822874690488697
dc973d48a6c95a55,0.49190529152451257
0d9a0dccce73b54d,0.4878154612679174
57dfe58678eb4666,0.507782092377957
5c733734d7891903,0.506744925376091
4319ff57a448f902,0.48190569987604004
25ee171d4b094236,0.563838587609333
91499432c5f6253f,0.5071561644107888
471b65ca8897405b,0.521893804703655
989d390da0a4c10e,0.5575607231340285
ef6fbe4fb66d0288,0.5704690737207588
b012463766eae20e,0.426043069599917
9943013bd5e2fb8a,0.5129910097631736
0000c945b78fd11c,0.5566958491902507
fb08fb204c67e9e9,0.4736167239446084
bafcbc676b54f452,0.48261132522781136
6cb83b1bdbfa303b,0.524252747944205
f7dcda3d2f12e322,0.5155599406612248
3a0f8cc4ff29863b,0.4785562775973051
b41633115e42f45e,0.5204810198700264
97370e2757f19661,0.4508271124208161
50ddef4087b9f600,0.5012762551900637
26ca2d093b615dae,0.5321803891847134
5784d0495eee71e1,0.5563726942209632
b21a04523162d735,0.44832364511743084
b6e0dd0395488796,0.5053260415775672
3cfdf81b88a15ab1,0.4758870153723458
b479badedc53c538,0.48449221977035417
af93c2be71e6be5a,0.47902341640916857
2447163a959356bf,0.45994956755721395
bcf1ff4523f97ade,0.5063555667832429
8f0bc9fc40d8d2c3,0.4565691568252841
9b0b26e311f78fc4,0.5094364941805243
a7d709efc74953bf,0.5225872861977985
9b4c92c29ed1c0d1,0.49165512487700747
9d9fc50a098aa3e7,0.5382677629991744
8e50579aabb6749f,0.49559965275547224
296edf07220a8e09,0.5341450995750263
82a7e886539f228d,0.5396794829527257
239c1d8054026b11,0.4351527523619596
37024ba80f6e8a7e,0.5411507175160957
bf3eee29c4b17c71,0.4752323022334719
2a184e826179b67d,0.5324362871445294
49133617c67b05db,0.5306697416297397
4201afd927434596,0.4961565958112034
aca901f55ba5d9a9,0.5542542971643449
265e0c87c4cd2cdf,0.3773516070318679
2c4d40cc35d652f2,0.47529644257024195
a6d3d37f34c70f21,0.49758101375513597
acafbe5455cb9198,0.5186339194964082
1d090a67508ae845,0.5456483741239597
33d89b11091b6ddc,0.5820670696133061
6d87521d5693d05e,0.5189840704807945
022738daffe258ac,0.5384968663362497
47729e13fe8de3c1,0.5468165439385813
46910e0989f54cba,0.5339163803758502
4202d78ef1cc6872,0.513171511696707
c7cefeec179a5e61,0.43693964218977066
5c2dd0ae013ff236,0.49812593852218146
ee7330903353468b,0.503846682065136
9e7e08210f7e495a,0.5440140836312368
241312bff257c5f2,0.5043135873257376
11643b313b17dd24,0.4478859592464485
23301a924e0cf366,0.481814646366016
a934d7c67c596b36,0.47489987070685535
23565bdf48410285,0.4921934103325236
580fb90aaf7f858e,0.4526461862022333
8b88ecf7049c224a,0.4951755693821762
845b731f3711a919,0.43356642939227386
3d25a7e6efa8d45f,0.4451164480194816
20bba16c943c36bc,0.5160328431921901
eaf16c783c1daa2d,0.5198959075860419
c7cc54d450f3a957,0.39261633841921784
a2990310cb444919,0.4005446878740905
4f28aa8b0bfe7e22,0.5226467600050128
fcdd4d3723af6d52,0.49711979196848577
ad950659bff4f2a6,0.5662030848181139
d3c4aa51a946d387,0.4280983810891754
7d2a4b3befafa7ac,0.3953529650859363
c2e6701437dff7d9,0.5275648997287179
d1badd95ed653d43,0.5031517907534816
3d6ac3aee4ef2258,0.5260699546656944
8342d4fc615009f7,0.5308774478327127
7507d3c4ee8f9e97,0.5301021484086907
8c70de00e35f8c07,0.5193429680016859
7414bb37125f1029,0.5326583991903474
7586467b4512bfec,0.5596200274132399
13f1fe4c46d8bee5,0.537762097003796
0f5d6eeebffde787,0.5189210392645995
dbced94486d1ff3c,0.49340863029413484
d01edb0523fcfe67,0.3965218202711679
824bda0c2e29d59e,0.4914726210746845
0e17302273c69f40,0.4958355412368347
fa2b5acf86865e94,0.5050964640890243
a71aaf888c907f2d,0.5084010208237536
307928e6d6d9836e,0.4870771854318201
914650325eae5f32,0.565249411791739
4a0f0aa8f21504f1,0.5183809975418545
68c0998f994314fd,0.5184226677887477
53620fc56761844f,0.5601269929903709
66929c976745a21f,0.5757703419054492
9eab994cedd1fe9f,0.4249923417834791
7f0e8f328c9f95fb,0.5111471088694802
9da73dd9e2f77aa1,0.5593310687879198
5a2ccda321a92886,0.4794964354336152
96128add2574176f,0.4846782523756157
9ce5560ded3f433b,0.5280394479676711
51b79621ea9d7e2f,0.5205581559643345
9c26214142cc547e,0.4763690632259592
d4e1bbfc37803640,0.5169526277012944
e8a2a6e6c02ab4b3,0.44244838558123145
e1c01981da2e49d6,0.5015644589599142
e1626e653c52f96d,0.529686924712548
a1311d17118ccef7,0.5539705491507738
6b1cab6e74f6c910,0.4434918967175373
89c29777b580f567,0.49693820044182613
7daf117ab66aa9cd,0.4838638549272941
249400930646c98a,0.48120756708564816
6d634d172e3b5734,0.4770696608613393
128976853a3e5bf4,0.4611450000886439
b3518ec2319753f2,0.5000980997853272
10c230d4dc011dfc,0.4555950113514311
62eb41011480dc4d,0.509391890755895
f20bf32a3c87847d,0.5023106910787707
b9cea426074abca6,0.48497279712000796
361d23cb0f77fa65,0.5380707289691169
f33945a2c497c099,0.4969999028334008
64e87e5533f3a8c8,0.5276259827994106
3fe5d031b0cc8c4f,0.5421395601776493
4258d1a7d62b5764,0.43236555150641254
fe69f2d5f7f06463,0.549613580256356
27bf374b1d34b654,0.47896609974044124
b7629c6f933f0d0d,0.5499742334579614
5439ba6f3c415d88,0.5326570356574148
10811141724b1559,0.4899248457909616
55581abe44740215,0.5669404236803937
ef7818be6cb0d61d,0.3714072185896212
303ec319e61d9083,0.4771032029726421
782b2adc38845c15,0.5004802745806506
c97586438ab7931f,0.5208847047103089
7d5df3d004584dc1,0.5459263256563058
255ca277709e8f8d,0.5845045603224
5fe977ebead324cb,0.5157201706866823
6e121ad7ba97693d,0.5366755652691938
94a4a391973b79e8,0.5489885199852114
8e04ef059b3924ac,0.5350759393510622
a2cbf5e0b5bc2ea3,0.5109280753273477
7d477a6ac07f631b,0.44916102162881866
b806d90912e439df,0.4957727790228226
64310f3bce535288,0.4972710889185945
8ccf27dcc45dc374,0.542487796994591
17e6f32d17ced45f,0.4929223262876664
224886e4a218905b,0.43503628477511724
d6ebfb71f124a517,0.4732167163490174
42d33dd2bed03966,0.4728732342041727
7cbcdcb1eaeef974,0.4772442373532899
a3de4ded08f24d80,0.4530122390911606
625f5dbac7051bb7,0.49522030375529846
b17187b225fa2262,0.4201272242317823
94ece779a48f2a98,0.4368148142799477
75098e1656f55ce8,0.5256993384743034
b17ec189e5f4865d,0.535420560656557
3c7799c5b680db78,0.3941980134770362
9efe24dc375cd5c5,0.39819269182088823
b33b0bd3a5d130c6,0.5265316762346104
89bec66cba13e97b,0.49755116837287794
9fb2060520b217ae,0.5639630503731135
8df9d471da54e44f,0.4041354099595147
5593768dfe88b6e0,0.3921155431256307
a5b1eed7876cb790,0.530526250835598
60025dffe07e4bec,0.5176420989708279
9171b121914d632f,0.5317256411044815
0d6842617b8135bb,0.5442832383111955
0e14df9f7b29d277,0.5364887239263323
3d505622f6a64a7b,0.5242879294515016
42e2f88659f274ce,0.5369814407949836
d956e9cb35eb7d56,0.5646791877837392
372af3a6908d7e27,0.5423352413467
174b0e8ded48aa4b,0.5167285504832715
3f86c6068edc69ec,0.5019703342183928
21893acdd3df9b81,0.4021706440503643
f1d6dcddc8f32153,0.5017390461914382
df3a789c5a3d0b47,0.4927583798751568
495fcabab78e5532,0.5136170913006841
45171e7d3b0c242c,0.49663974363549057
eb918000b5dd9552,0.4716134513940117
1464218b530a565f,0.5481741817019143
ef494f6f1aa79774,0.5022929615715854
0ff2a675bdf86340,0.5043809915210753
59f13dfcb41bc226,0.5556223823547589
b8cff9b6f9028f49,0.5592433582466101
52461fdb2297f8e4,0.42698429424689266
0645ebb5836ba5fd,0.5020692089549696
c9a4e33921431eee,0.5661843160274893
37b6f91612ad2f6d,0.4725985637961756
8fc4d557714f8b78,0.48191314428152987
949225e8e4553070,0.5143317047145038
bab718c7a6cb4234,0.5078272819157206
c5ab98b67f599957,0.47720716739606506
ac7ef7ee2607eb41,0.5302507249200387
0c9497dbe4bf297f,0.44307237173167247
de8bf6fbfee569ec,0.5014439893781716
82157267efcc0fbb,0.5351937348568414
9f7d1de598edc14c,0.5590464949560645
6479872aa3bb2395,0.4445700158338167
4c3dd7fd5f00e01c,0.5006799697478386
ad25f8ef0a1a25d5,0.48361980271425387
40a7b51becec012d,0.483882512074721
2f925b7c448ff2d2,0.4800052422172969
1c168814e68f5b77,0.459395074039891
748958db9cdb582d,0.5028613874320728
122b54b10af2d060,0.4702811963761985
b87abb41d070ed32,0.49370112998626103
52a7bd9e90073ff7,0.5046712856849689
102eec6f423d0499,0.48630687019825924
22964b50617dec1e,0.5392761359836764
90bae0267734ef23,0.4954321235210757
02b4e8302862b336,0.5387372500927257
4a039924bf276e47,0.5425221000522962
cc1cc5c0485f4e51,0.4159746892031213
0484a4475564017c,0.5488047982394314
8e81a6bc1a953fdd,0.485165330866149
f2067d624a1c6325,0.551720837807867
40cb7577fac67830,0.535052446899257
f2c35fd7a8cb6150,0.4973731148566203
2cff9d3c302a3e4a,0.568636163503059
bbdd4696d717884a,0.37316630825964525
51052f3fcb7adfa8,0.4778664061077955
3146ff71fd54687a,0.502269360923349
ee7317a1387d6710,0.5215052703253316
bc7051eb2ab2b337,0.5545107040959241
992a34e86ed7490f,0.5849058023841416
c97981f2eac278e8,0.5178691594188216
9ce993121bd5a853,0.5355989134043835
a627beb75d39d21a,0.5432945621822749
c50c1db7ee0f405f,0.5394867746567081
3a2fe0b68be54a4a,0.5159507998835452
28c19c074f9e8a05,0.45293862906455473
d4a29e2576209c65,0.5023722730464175
53acbb8e11a71c5c,0.5071172901605878
893c86849b14bd74,0.5303757774411268
12bc75908111b44c,0.48356484187128757
0e01c64d9ce8c311,0.4406095557281715
c61d48b3d5877b35,0.46688806112143566
08284d009a1cad4f,0.4725552138312703
392f468154c68dc0,0.48018725315354516
0c9c772fccce11af,0.4514485942546391
a1e5cedd92d09f46,0.4919891106762895
b1ab558ce34402ac,0.40869215077376064
61442a0e9cc63ea5,0.4413251961893585
abcac330caf4aa67,0.5252479776413219
6eb6cae883f9365b,0.5424555510076289
bcb382fe997a3adf,0.4033784366024826
fb86d43d4cea855f,0.39824448178769556
e69d5170eb107698,0.524396809593792
b3f405da3c4a4db7,0.4975634811449031
30e561c387d483fd,0.5570504062196193
312b331e2575b832,0.41257803184485986
d8476a6cf874d231,0.3995796948054199
d7cad115d3232d1e,0.5288359758571667
606ca7e06d152d07,0.5174242034334636
649486f7f7982076,0.5405266087410892
4a71a3cd90b5afc3,0.546628938374509
19b77f8da025b6dc,0.5432044532637106
bb12aa452b6cc95b,0.5217633371569352
abad07e5c68a43fd,0.5421409101770329
08ea053e3b4ebb6a,0.5654424688237245
4fa6626f6536c809,0.5446134675346294
c37de5d5dd942c19,0.5256487056508217
20d4e22181c8197d,0.4892185298055485
090692899875295b,0.40239415567937087
a1a0548610b866be,0.497201921398289
eb5833dd81299a87,0.49044379356075907
9793472809546dc6,0.5093977728198242
34440248b1a9460a,0.47417432388901837
44a6cef7a325ad77,0.47904221219248777
25de0c28d63df82f,0.5551959848004346
4c006eb699314a9b,0.5139068271378828
bc9b88ecf645fcab,0.49898276305541955
c9b733c009e56c6f,0.5649959687550603
b415693cb1093f73,0.5551796140671881
8de617d4f0287f33,0.425895409974161
60f4c7ea68ba62b4,0.5020308525697942
cc2d266a42135a43,0.5654080492833404
1cf6569897863b36,0.4790629855898436
f4f0904d20b87d59,0.48362567042331195
d144e7d594510956,0.4913003462362334
4a9b40b7812387a6,0.5041791823367124
18070aa6bb42630e,0.47178283133247256
c7e213cb552bbd6b,0.5286018495525975
ad5b5681b9a353fd,0.44274504131969783
7a4260bbc04527d5,0.49951356737975716
2e44c5a142365866,0.5348777162167464
3866fc44f5af6cf8,0.564891806310376
1b453b3e9c445fcb,0.449387634310913
617fe0be5133af82,0.5073830339208996
ac66847ea7db26fe,0.4872937674691882
ef2d43c5120dd8df,0.49015277253871503
498592ce13a2bd18,0.4802945433567959
7539e1f2495accd0,0.4690755635237398
10338a083e4ce0a4,0.5071435011730057
e261b3f95a3310d5,0.4686069603946055
5aad4c7de1513b5a,0.4875627832397911
c02f8d589897203e,0.5029182179368386
ea60efcfdf8e3742,0.4983427386990231
d9bb8b39d152debe,0.536789194251057
96e62825a4e639ba,0.5024012367513514
545afcd264558113,0.5366284155452087
b215f6a2dbf4ac71,0.5424565424102472
faf4a77841e05a47,0.40827114017835076
e576a8d5911b0d73,0.5348732026089675
77e6ca9bca6f6d45,0.4748446562222812
b5e56dc167504955,0.5486088409497409
e522ab01496257dc,0.518190300017799
e4eb14c2ab4511a0,0.5004648015026517
6dfc17b472f3edfe,0.5566289547224903
d9d7ab721956081e,0.37310824152627575
ae90a90c013ee013,0.47845471050248745
e3698a23e6ec292c,0.4998508862783331
f6e7325f7cffd78f,0.5479493056345909
7e97187ccc718740,0.5457156688643915
a332c493627af586,0.5901388531067032
d97054681ef22944,0.5149027839902618
b89b8aa0e4853aef,0.5320584071212252
3c779be96e2642da,0.54418370721643
9e30bfb59f676706,0.5394720597191958
a54f3feb87f55153,0.5127212386592994
20912690814a6f71,0.4515835822149421
0645b56ea1e25f33,0.5010278386213903
4a883de88dec45b5,0.5101908746151363
48535b0700686110,0.5307217109118096
1f1709ff72c7a593,0.4818691408661253
9b26a5189519c2e4,0.4337886850588186
3e8d02325e79c4bc,0.4756294297506901
d81df80e059dc260,0.4698897293834141
36ccbc8b9dfa14d3,0.482716901725214
3f96a35557892c67,0.45439201313086675
e6f28e5b1c8f1e7a,0.489572846284834
9be235892182ca10,0.4054677269714727
4b443623b20db229,0.442979498680273
74bd9b0375af1913,0.5268056561387954
78e9b84c092fa698,0.5384841537235918
b2b8cc0891a90131,0.40094919983805377
091ee4eb256855f3,0.4081297745340092
165f61cecd867604,0.5244614896414682
768e3a90efb383da,0.4976390021946161
fe46963c11a3fd03,0.5526082875933589
c36845a1571f95f8,0.4152642483297939
5e3bdd716d44f867,0.40204105478233587
05f9dac8c07e44eb,0.5269940599718208
23711c7c5eee8aa3,0.5138157970862138
c1211ac41dfd7106,0.5417770705712055
4b317eac2211a597,0.552291600771218
13c905d298c02baf,0.5487910342743243
5f01a0e7cf49f517,0.5240410297849392
02852bcd1df5a9e5,0.5482313446762199
4cf6fb33772f5871,0.5690546282635862
edb280ff21908a42,0.5400539458316763
5fc06aa8195a55fb,0.535786549442548
0e50792f7c8d2f95,0.49139988221925957
41e89e7f435a988f,0.4057849612756136
d14e47e47b95e780,0.4930293812513922
bf89f5a9f8cc0c86,0.4913992362012135
d7a0faa9d8858d4c,0.5094620900736471
d28bd628271771c4,0.4849038282584621
9f79a9c7107be745,0.4765179084531068
2fa78f6f9731b058,0.5507134426292688
de2480f7c3ea7c3a,0.5026457234814182
4f63389320be9bc3,0.49899083283303236
ac8c72052ad96f7c,0.5642964243923573
b4573759dc8e3187,0.559461014327594
320af4b824c10930,0.42402472164105887
3db6a75c7865dec3,0.5113155388229118
f2352c4d2c95ab33,0.5625424994169013
6293fd3779ae1a52,0.4738679389156044
74dfe94b808b2599,0.4915032134408075
ea53659e8140892b,0.49166816862789875
bcfa1eea3e928033,0.5170360901942312
343ecb321ef8e0af,0.482613668902668
9eb183c2fe5921b1,0.5244254065967395
3bcf0f0d860b532d,0.4433280615176691
2d3f4b747ef7e810,0.4947202473127824
05ff13b3efab9831,0.5336281400084046
f74dc385941e9315,0.5664901748072679
0ae3c04279f964fe,0.4441756518150848
b5a00eedd81e60ec,0.49651717550706564
5cdd28a50534b276,0.4781400462229085
51d3a6f01bc850ad,0.4799766643081158
23e7f75bd0c233f7,0.4789810969416708
6aa0aa3bcd93901a,0.4558899510477654
bd6c6179aa08d248,0.505403664046849
54c6828d94947377,0.45986863062306127
e35ad08d1eac7247,0.5004348576809803
452deca7bb5d1b85,0.5058015490906591
64ea1c81c7faf6f5,0.49794255493255823
4a0c2b6b69148973,0.5419671868065503
5e68e79d46b0551b,0.4973761706742922
3d0fda4cfb89c755,0.5307436210708851
544e7afc5e2d43df,0.5378016898030926
239a6bd781089103,0.4160366669133755
5c543bb60da2ea39,0.5340813114378469
33b0af506ba34d57,0.48329266368666624
e6d003e120b01d4d,0.5463594510698926
ed089446355318ff,0.5127118278154699
1871beb8c2acc375,0.49704757095093244
bd4ca79a7adb7f99,0.5581248291126906
7e222d4a92a5aeaf,0.3679929509456803
7cd0261e3e8f2ee6,0.46048606535147185
6e6cc338cceac2f7,0.49785061585573165
3c731dc453feb5cd,0.5517696133889254
5d24efa0870fb57b,0.5505585626581111
330383ec151711b6,0.5851544941615885
438ca0657aa87dc5,0.5153049296175547
7076c75c7dca3c12,0.5340656973732222
bd4f03eec63757de,0.5377929808756139
7f8b200ba03a3700,0.5354078484593061
fc4fb8b97be0fc37,0.513076972586814
bfdf23b1202eed38,0.44853034000944836
c7db38be3c8b3670,0.5014219957488721
7011a860a14aeda1,0.5111156836666311
0df6e81806f3d20f,0.5433090353367032
c1c3c79144183d1d,0.4848738230397893
5b5f8a04a26e7fb4,0.4297631802088129
28f97144bfbc8ee8,0.47021450128030196
4577aa51db73bd31,0.4609893924532108
cedf607b0d9f26ee,0.4863415180102335
3fd0134eb89c09e8,0.44283684349924557
a847062af78a1b0c,0.48599611191611203
7dd5222818d4e265,0.40348537280162367
6dee2d957f0dc240,0.44070043200876385
ac6d321031d92c7d,0.5210495649858852
0406b0bb4397e111,0.5435987841790948
4a690ebc4caef8fd,0.39728549187111606
4164df715a7ebbdc,0.40892329380697956
898616aaa7bfc1f4,0.5289854381654044
59d6aa41c408aee4,0.498194292403356
63bfe9740bb3635d,0.552152248465668
e238061d64900161,0.39396622508448464
1f8ff16ea8951213,0.39198224663929015
9f16863507ef14af,0.5343406162749412
08c3d5b413c0ef4e,0.5095175150712279
cae25eb65a61c067,0.5451155544481437
5a0ae4ba3fdeb111,0.5569309352991869
45528613aec7dc99,0.5546013163319237
fcdac7cb59f250ba,0.5227869176173052
bb277d244776596d,0.541681376504356
8d9d2f4dc5e55bf3,0.5632213337978722
85ddd907d3f24e75,0.5491813246366057
52c58c6b6d0dc7ad,0.5378009994153183
384b6ec3488852f1,0.49435280940059345
1ab0a56607b34536,0.3989733391243824
d1f3c7565ca40c20,0.5016511330491253
f9d13015e74d6b85,0.4920794688303569
630584beee9c7185,0.5045115365827783
529d26e877a8bad4,0.48864080022100387
3417cc31b37423ac,0.48618954354733757
601e31ffebf44fdb,0.5525596173627296
2818acf57230ccd7,0.5150383459735957
b0ccad999a9ac601,0.5031302841758656
c7de10f74d9fd156,0.5620056056505123
07c7aa8fd5bbb79b,0.5545873843661187
ac311e311be4f2f5,0.420609669458051
33a0dc67c3ac1017,0.5137590088094247
df7e324608757734,0.5753025561731735
1fa1026f2f32e152,0.4791250447291908
8faa9f72c2898f85,0.4873219901262118
47b95339d6af6fc8,0.49692604625026826
6619162a15a6f46a,0.5124035320651716
841bc839a5f33cfd,0.4804953264903341
5bc5bf578914f1f5,0.5207099799659787
8cdf8b93b16fcbd5,0.44593770043600867
05f3b924991b6360,0.49835671386444624
48e1a4981f51b59d,0.5448400354174228
5240be009f5e35ed,0.5611468842383383
39269db336dcd0e5,0.44573045401850186
3516f438502a0c01,0.503125804204344
364ea407dc42fb5a,0.48659595300736735
e2bd83c3081fa36d,0.4975676531307567
69661f3bb59e06fc,0.4850334314333251
155859bd4f5ca978,0.4548209853057643
95e5c26ef2a77645,0.5004133001477814
a5f1251873cb7d1f,0.4583169730128229
9c97c9a478dce659,0.49738193612428716
673b4e0dc39a19b7,0.5138673193664054
d41ac41bb1938708,0.4903960703272533
f56f8d9db59eed61,0.5378315622954193
aa602530dd7a601d,0.4995553420206682
f029f48c0bd08a99,0.5338710137231862
526912243c3c0b20,0.5435286853258434
4ad2b5531c4a774b,0.4094526219696656
9e9d1e5ac0010b33,0.535128278457759
4b3a669a68a19d4f,0.47756359264924375
d3bae8525910a1f3,0.5527036011571302
ff3a8364c9836a0a,0.5108128042496914
b2fa9bf1f0711186,0.48817816439193074
b543c5d1817bd746,0.5570932843752359
9812d661c4e2fe4b,0.37325967879273425
f47a78c189d47a4c,0.46296659751824554
c14d42548436202a,0.5003679091402393
b5f29d957794d02d,0.5432541120207637
bfb85179c93474f9,0.5618110621312276
c79eef9c40f5b96b,0.5818276901708539
d535761b9c79ff3f,0.5180119256573661
70e57b164fa7ff3a,0.528253950921882
a10cefc10e45c9e9,0.5410776685216225
b805c7fd92908f29,0.5400130966145358
0e101882b9edd654,0.5036050815460578
eaaf4398c721db9c,0.4411858316998629
447355fd151691c4,0.49578296177134673
2cbcc5125870326f,0.5076953796148007
aabec7e6fb050981,0.5431031887164881
c59b87f42e7f6828,0.4873758648054941
63ebb4efda4c8852,0.43260928321742975
734354858fd5f1d2,0.4747979600443053
59c3dd05e1ef16c4,0.4487751509491009
1e3b324c3887a3de,0.514476611929068
2b2ec156e50e2903,0.44077892651671524
eba2dac95230d166,0.48358695649130257
37bc2af3c3a8e2f2,0.41171321019164653
8dc7e63feba12372,0.4425336018244561
3f3e4efafb6ba2c6,0.5301385068287825
b61bb7c909284165,0.5440368050900983
7217fa6ea2d08731,0.4003251697111432
fc0fc2a00a13f94f,0.4073710987403909
d96ace53383df602,0.5235112170259351
8ffccca47b3c7161,0.4978958126487536
e84d6641916899c8,0.5479701928289912
abaa2f7c09778b48,0.39726020825506825
e5daa97cded1b159,0.3896433941576056
369d58ced78a6afa,0.532876848374422
ce51930707019917,0.5170249446134116
08c7b8e7faebabc5,0.542119303381206
504ac2e93e5c01eb,0.5480377331833272
151be90e363805fb,0.5451682186367842
33a2c8bb41687474,0.5283067909559802
5b9ae90b5d503a4f,0.5441341766700533
5c23314b6b694e09,0.5581194292036966
3b68bed71df01e9d,0.5481904677131635
830b856dfff15b65,0.5354077776871966
4638cc73e7fc1ebe,0.49141268720690234
5b59d484b3aa37e4,0.4079038777382392
8dbef39755010855,0.495676512344164
59a20f8b0b3220ab,0.5083826922559738
d138c65e02dad112,0.5053631311303264
13720f4bf3005c4e,0.4840437828588582
fb5f7ebf1a343a6a,0.48631454781090766
45668f5736331617,0.5465912768722379
2e5c915061071164,0.5173711957097105
c513e33e6a9b49c4,0.49496322041530083
e4304b5b06bcc279,0.5678277250035124
0c7736c06de2cc6b,0.5551765204203949
31cfce322da683bb,0.42380472476172104
e8ea12ec4ba70857,0.5167141049002217
e03b9ee7735edabd,0.5761452543610698
73c2f6a6d9ff3e63,0.4833830820314635
3077ac066b40169e,0.48452659433328626
0671e7dbac2892b8,0.49350648729167335
61b6045e77c68edc,0.5139395150807884
d06afac8666bf688,0.47928744998355866
c146ebadeca1836b,0.515788719764521
f8097195c92aae56,0.4462434394700394
81c75b353c4564c4,0.4980685179193859
6f492830b2d55ec6,0.5392397677678118
3325d8365ebcaa71,0.5536316941257051
d384b7344db6f536,0.45073562125173605
38a3b8b5375eb273,0.5048321045606247
867bc2ab323e5d26,0.48069466092245516
a52e67b48334837c,0.4975770102266639
5ded30ff75e7695f,0.4829523895756612
e4d6b78419afb93c,0.45021458265663616
fe71dc17dde1864d,0.4948256991044464
6d5878af765f0286,0.45625779930776833
3dedcb7c4defde99,0.5057101705158596
9bc13c8abecbccf8,0.5057005186439596
5ef40458465e3742,0.49028632986750575
225213d22472a9b1,0.5283625151592679
12e619b4baf10d59,0.4859709723572583
940f5e6858d06f48,0.5304894789574117
ee033f684d3da185,0.5447110044515804
a792614190b11371,0.42482150333979063
bbd0248a4c9dd36a,0.5390130937841568
121220b97b3f5c52,0.4752775763307947
e751d390c24847d3,0.5488071570306394
0c9b942829491058,0.5127848555604363
a729ba35a8d9b738,0.47717044643915796
6f6e8dccc531b727,0.5571508893087065
e328dec8114f149c,0.3772931343530217
972352dc7b5a9c3b,0.45892301528645063
b430df9fff9a2089,0.5048834220331598
f0ac0fb192d83afe,0.5369845007196636
3cbc394590c7fa33,0.5561687336195762
21181630d4ff299f,0.5815266397897054
801ea6765f53aac6,0.509510221398294
f918b32c6b801aff,0.5363493713193908
08a6368a364c06b0,0.531447988013013
913a144614f9c4d1,0.5364852619798293
b6644c3f4fe52385,0.5036169241494092
01143db837415b5b,0.4442509320153898
0d6592b54e660f85,0.490782843939487
694274dd4d1f7e4b,0.5063650002210902
6cba0b4bfa3cc9e7,0.5273627559276267
99c2a8dd01779419,0.48907561039890235
18579d89b8525e1b,0.4369743877686655
a119b0a26ac04149,0.45791214314777917
6448e9e8f5ce4408,0.449342814460326
ff6ad0768ebba367,0.5020001227739702
0e10372cd9bcdd54,0.44908799515921316
356aaf3a7a4c1875,0.48380551308861386
d9005ba184e74eb8,0.41745562942977077
67ad8b710ca57116,0.43596057100598373
ec5f4682f7a03e42,0.5242897493649576
f73b7edbacd35bef,0.5377241570278973
714cdd311517baa6,0.4210811374961997
20c46deeb0314d33,0.4121748843002502
01f90820313a51df,0.5213246038261083
ce2787c3ec622f3c,0.4999419254769074
ea7fa8445e57596c,0.5502391373667608
cbc0e17b0ad92725,0.3969666505115903
8a628eca47ea36e1,0.3924534258151413
0eb7371c9d511535,0.5395706884910307
388f4263038b6d97,0.5067749808985615
5bf6ccaa6899d7eb,0.5350030680311018
bf4eb99329ac95d9,0.5440325431116138
aea3a4fc28533689,0.5485110441170279
e40de11a0fd56bb3,0.5126551231187275
07688397e3bbe721,0.5342930364271186
34f5c5c0d68bf622,0.5543470860770954
763d6d5d64478bdf,0.5409102649070467
e858455e6aae5a73,0.5460525441802351
f635323fcf239c01,0.49048673676844334
e82507e1eef6dd3d,0.3976964968209771
ee070f76170aed40,0.4875687135824913
a4f272c5faa602f2,0.5040921824449209
83ae0563e6af0422,0.4936780273096717
fb046dd0e7689899,0.47980976292698374
3f9a4d86ca375799,0.48766155467766403
34453a92492db858,0.5460453106799581
59dbfcc22b324eac,0.5144529813685172
91def07f5a73b020,0.5089788445315989
cd61d3b7a3986250,0.5654212140674212
52af7ae5c09ddde3,0.5647235185476547
d8d11017a2d37714,0.43567619385807554
a61a4906f1ecfe9f,0.5200749649130039
226c1cb792b94194,0.5667279432557509
8fca666558e7f0cf,0.47377229101378615
2b608f1f617b51d7,0.4908582212199458
d245f85dd134357d,0.5090939372741383
99b98ef93bdeb7fe,0.49661949843149256
1f767c3db2eea435,0.47964081097960576
3136123c03becaa9,0.523704655551839
99f9de77867c0d62,0.4373063106250855
3141aa2dd524eab7,0.495426547346389
0d7770da2642e48b,0.5311265430671409
78a5544532598f0d,0.5564257831020607
f5de79b16b5dc25e,0.45248779770728587
1772410bb3c840ef,0.5139232330757311
b0899af92f3509d4,0.4855993419061201
5b914b3fd6970114,0.49208448014303785
7ad73da0ab5c23c6,0.47602505512151494
bf0eebf783a43267,0.4606387660159097
d3d11713cc20dac0,0.49493351296457533
2b72acc48fae4170,0.4606042705626022
f6600440e62c5f1f,0.5103711398720938
46f50c982f6f217f,0.5257729856388852
91d68586282cc296,0.49837268710353744
beee70a469629439,0.5242028117944908
7f6de7a415070187,0.48561184356295284
f641392852421f4a,0.5457868850861736
b661c1e18a506bd1,0.5342623410166704
2ded944052970615,0.41951942292529454
d25917bbc97d15fb,0.5272001871424239
9a92b816297d506e,0.472065092092111
25b89762ab0560e3,0.552240064311041
c779fcc4e84c580f,0.5122290392812523
8e5a8cbf1cb7543a,0.4845370190833943
42abd4847ec0cf0a,0.5569145692406048
b171e992e73ed4ac,0.388758859334452
fd8bb56f4bb7044a,0.45969180048069846
95b79c0a462597b0,0.5024539029497839
8cde22e26fe12408,0.5439407492709885
edffedb0fb49f5ca,0.5435411624513351
b5ab8fd699fa6d09,0.5827714136510209
3bd192c4bc9a599e,0.5088894835084254
07805686bce1b4ee,0.5359511622784855
c0843943538a6bb8,0.5408736800697522
253378d8e9e2a665,0.5469643175323504
d275477baf9ba013,0.4977655632383595
6ba361c5f8c4750a,0.45798174591873764
2d31f293aa8d6df6,0.4885497120594031
1c645c6f189e6127,0.5076789688995366
47fb374105239a8f,0.5181879244261054
e4a9def8c274beec,0.482890028993487
d03e134e7ad6c74a,0.44227003096624573
9b395850f7229f25,0.46441349804205545
bce2292e32232ed4,0.46229232056041836
907efd94cef28f24,0.47982759876574477
7d13752d6f32f0da,0.47083068289126706
65fefb930297369d,0.49574296654521155
2607e323e63a2d64,0.42214682537285386
ac1305b33ae6538d,0.43514194328532807
e4303d78cde52830,0.5125596650651916
2711fb22a95cd06d,0.5396207615999895
18eaba10bb9f0a8b,0.422041029755569
4aaa4c75318aba50,0.40804008222163346
4f27d72919d616ca,0.5084094457744398
2ffc7793347d0317,0.49020117686405085
5d3429bab1bfe99e,0.5485278431520653
33009e86365e8b25,0.4036906333316559
dbf4c114dff0e4f5,0.3961994587586244
e54eaebd7a7ccefd,0.5360888281795422
09cbb71c7a56b436,0.5064271831090537
c2e5f91bce6f63b9,0.5383946101411274
024992dd9bd87362,0.5408359204851316
6fec0272443e2356,0.5237362275663416
42831969b07fadff,0.5073693858786801
6ce735cfc5084ddf,0.5109439884864542
af6fa0401309c0b5,0.5599623778203671
9f1b897628a899e4,0.5309840467455672
40ac1cc11b2f4795,0.5372528414179563
c5531e855a003617,0.488835845956999
ff928d9e2007f1ef,0.40784802239873597
5983878ede5c5190,0.48721682008448297
8650a7a720805bd3,0.5014763368767796
825124be325b7857,0.4761974947649502
c7b69f747e3247b0,0.4843351455477565
518a96b69ae6ab68,0.4872452098152211
a8ca7c0c8cf7f3ad,0.5432521290758912
3b606962afdeda73,0.5070364323891123
78cf43ef5195c9a9,0.506585031660526
f32debfbc94e4752,0.5696179844944896
910b92aa8c678774,0.562299179503744
bfef1b75c18d2cc5,0.4343639513190324
045bff762454d437,0.521341739500327
5d627aea183e3937,0.5764452899423812
e0b1174a4891dd41,0.47108482064047275
0206e44d8a4eb2bf,0.47922621024809486
9c9129d6a8f42969,0.5093860204778207
4febb0139fa3c188,0.4968527567705032
2af447393129dacb,0.49244215229842503
5f3af39d5ea9a51a,0.5210204779671759
53e5234ca413bc4e,0.4345282597744239
46d629c75848128d,0.4975857013821998
2fae1f2c899f612f,0.5232287276780783
8ae49d4cc3c91f93,0.5504477703433419
4d862bf0269b0133,0.4482514946939661
5faa4903c5dd2660,0.502191509719949
bf496d2e0ac2e370,0.48643954404127054
a996d1f8ea136f04,0.4864931802990048
6c6b1d1b3e743040,0.47493943738781497
3323d164702c3d83,0.47012108818429577
d641b4db4b0ce892,0.5036664958688912
d3d94b626e3dc5a7,0.46037394908871265
faa8c844e6dc0142,0.5074835939963643
3a477dbb0f833b10,0.5194438729023781
777a53e5740e22ac,0.5099329720493315
c795deaada791f4e,0.5338079036482888
1cbc72ca8f13cc40,0.4850442812477106
118dca9142dbb6a5,0.5420232715165677
dbccb2cc4ada7f85,0.5377406190296079
ea6d0d9063b2393a,0.416704368486703
532582bbd4e7e714,0.535742793828303
bebc6356dea3eec0,0.47614515621940934
807aa26b29a7defc,0.5532802074268525
1e5f32634c996203,0.5156956689523268
c5a2f0599950da80,0.4892212193281664
646cee3f4d7375e4,0.5666306512535177
6df1d29ab1b2229e,0.39100421683954556
eb19db04a799953a,0.46710004336844113
ab0a4af74ed25889,0.5039661332172272
02345bbc71bbd964,0.5425589102923776
9c7497e3843741e4,0.5415988827814741
4ec44ed1ab4f74be,0.5848584826844305
058cff61011394cc,0.5084559054454469
865a0d40640ec1a6,0.5303128244319812
782f8676cc0e1084,0.5287760373051844
b1dbdfdccedc420d,0.5479886917365131
30418b61037c120b,0.4882681671625203
867a8d57c2436816,0.45431071352575614
825f5febc823b1ac,0.49324238353553973
2f0ad6e27821ae39,0.5093535867835781
9ba7522fabd2a193,0.5345918847452276
544074938178e36d,0.4869426994862084
77e4a555b3170621,0.4546623604656945
2731be8818778153,0.46326954846612134
63e85eb6bb0c682c,0.43898108479487785
535d3731d631b8ab,0.4749353388253864
66d24e1792ced777,0.4540920116082472
6239778154f3763f,0.4965228398220516
da022368d1f5c901,0.4263512466498319
e5d11b3bdc9f3600,0.4366910551026808
69277d5f91515bf6,0.5119932838295228
f807fce5847709f1,0.5464959201231432
9e601f32e4278319,0.4138863250081901
2e64f7bb3ff0e63e,0.4188485592716854
6e6eabd73c2732c9,0.5252971051430719
b7eec9ab7b3d3f8a,0.4937242888496717
6a0b3f9adf33036d,0.5463520450312891
95128fb157642c9c,0.39920221828028823
1d242fe572d4608e,0.39837954306755363
c7bcf22d7e9260a0,0.5469438790426988
0009584bd1a4d908,0.5086529005514662
30eda096aab06b6b,0.5435956031931354
cefe4e3efcd18e59,0.5424130034855535
c98a6a90e5aafda0,0.5203425947205085
386a6a5c1e07e189,0.5119488474010816
8579bb2149dbacad,0.5201169732559618
286f9c07d60118fa,0.561604595742117
81d5701f6459b02a,0.5368321539259919
ea8415e30eb9c870,0.5337446412687039
f3ad8926406b5f55,0.49465123801634725
1fca1cc017df1dae,0.40303819783004924
30ed876059f6c00e,0.48286562683190115
127f5971b36113f4,0.49583310583289764
c847c7548c935922,0.48247462859472656
799b39df3b972177,0.476427529820755
72b8748cdad0053f,0.48495347660376975
240145334cd9d8b0,0.5499058272124142
10050f4149205fad,0.49909343403680784
c3e44af5660c3512,0.4982514535471415
8b402f87929118b7,0.5887371441225847
7c32f285903e1622,0.5790926576221418
d4cf3a9721051d0c,0.43214100734805694
4a2bdc91fb0ab00b,0.5190512003727771
1c79c2a9af41d292,0.5834057983755696
7038648c8bf2fe90,0.474290536499264
ce3921bc24aeea10,0.47812864709187586
e6963b496336ea5d,0.49541966682459626
54922b1e4393c6b3,0.4919980461123743
13d14624f1bddbd3,0.4920233557931091
558dd2d9f75ae40e,0.5127865040680231
31e294788356b23e,0.446062793515584
970232140df250a6,0.488447592381022
9e298ffdcdac7c27,0.5279630129862568
c5a4c896bc3244c2,0.5465795901469472
bbcb3cf25aa8ee58,0.45220432260571797
0cfdecc8cfc76d45,0.512979101983533
d5f02de4d31b6a89,0.48593427318184457
8ab99490c16cf8ad,0.4823631812893173
e1a8463e5a071030,0.47162570135915205
14189253e7124cea,0.4562870188458563
4a53b0afa21d55af,0.49014650401035786
3d0d1ea5630f4f9f,0.46315789042673083
3b623cb049dc95b3,0.5065478198108225
c74e037447076772,0.5297163911692953
97dc2dd54cd44ea5,0.5099341031392202
b6b83fc3566c5e31,0.5396981963705506
bdcb58830e0216f4,0.48861847300637085
0cda1dc260e61791,0.5449945656136819
3ff9e818bee9f4c8,0.5241411065602757
6e27040e1221c4b4,0.42252786576020196
b3e75a7bc7126997,0.5346337576531971
79e274950ad5a161,0.4775231848484729
387272fa1b6ab1fe,0.5713851416819041
6590f83b746ca89d,0.5165100753538023
6a3070e888591266,0.48515440412250865
ddb2e411ca58bec9,0.5654864337773216
23d2cc30f326a499,0.38822333111877216
2a9d4ea5e8f27d22,0.4759496612247669
229d2d67e19813eb,0.48954472380672276
f121b161520e3726,0.5017771556817971
a509882a0a29e486,0.542298873515939
db1633cf500b22d9,0.5797015030758927
08595c77405a966d,0.5081222468208012
5477aabb7bb5cdbd,0.5312911261024287
a28da0d599d64f5f,0.5204751395003754
e78da9cece2f1db1,0.530542738169414
e899a8187ff61640,0.4912539558831146
a19afa56326c33e7,0.45396055570783056
e12dbe3f206641db,0.4993948623348249
ef748cd62bde4104,0.5076108835311111
50da05633e4a5f36,0.5438945384773979
987f9330ead796d4,0.4799575278929469
d46f80daa7b7d5c1,0.4512770300270216
a0f6f4509f02b852,0.4664884671708661
18e9df042dc67c56,0.46851680220185477
80ac6298663819a9,0.48121368051214286
818222c7187d6a32,0.43564280745299644
8340f7d3f7cdaba6,0.5000337108358482
da580b4e42786f80,0.43201914590384627
d29f7d759357d4c1,0.4396922591895732
3fe0fc66faa676ec,0.5187411952292118
9aaf429262712d09,0.5514514856617769
e6c0f8f73f145a7d,0.4122717161275017
698838b72b6fec77,0.40993513812192595
62b350f49ad1a0e4,0.5233485145047743
c1ca0c395f55a3e6,0.48811048471960894
7c1d5fc84b0434de,0.5430581622605001
3c4d2d23257ede66,0.4058288804416753
d0ea785bee8c8502,0.4029910619092063
618c63a87a137e2b,0.5454280073733735
72a99389719b1122,0.519517991639125
accc345309165d48,0.5489350179446995
bdcbed644294dc5b,0.5464176327729007
7e286a17eaa24df7,0.5448843224952606
f9d332cf813662f4,0.5234311048070175
6d742b241ec33287,0.5193605429815283
6c89b75841cb5b1f,0.5604366687996944
5c29c95656ec3a9e,0.5422942405302353
dbc262561b213b33,0.5433729861384679
a0f8b9855cdd9328,0.5003217653271446
4f7efcb8a393fd0a,0.4114061877247952
ad9918d783deead7,0.4849773891870952
13a8a6587f3e943c,0.4946083566547417
720b9d6558eee340,0.4801006141036588
ac976e804be65d34,0.47483037805159967
06dd0e42cfcfd63d,0.4835565371728753
efafaac8566154bd,0.5534307499586725
3b65d54a22ec5838,0.49660697433293466
0fe3c3ecf0fac0aa,0.5011040782003678
73bcd59a2a46bf38,0.5840794839414104
f6ab8b54ee25d3d2,0.5798533579368164
e262b5fcef5e761a,0.42205482084514756
58e9b5ac5eda3f36,0.507449970184134
cf8b3081d278645b,0.5858191418306017
4c9a08a910ffab9e,0.4756321256420477
6791ffe3f36c6a58,0.47873002450668845
f17b7cd6582e8fd3,0.4926172742028353
600e8aa1e4d5c2b5,0.48479575017643217
9734895bc0ed8401,0.47735736372927384
2578a4362d369ba4,0.5139573695261068
a744913ebb394b12,0.45624585782051996
b1d215d63f0dcb40,0.4875211907193775
47c860785b434c6c,0.5286037844406499
f793ee942e3d9136,0.5508929159385314
993979847e6ce265,0.46090408211290235
42ed65d07b343db7,0.5103481517877
37c710b326a4cb22,0.48014540713424725
75d22640e01e5e8a,0.48271763941599
9e7ed74cddebf5b6,0.47457451895066627
70a45815a5582d1c,0.45829613844112427
387f72530ffccb32,0.49426278181910743
3a43e02b6cb13ae1,0.4673252053370138
eb7e661920160cc2,0.5003756900619207
fb3b02a2b69df208,0.5082038315693105
4e355682c7aebbbd,0.500801317633152
848385f8361127a6,0.5505040082696133
ba7ce2ec9ed0f1ae,0.48510332933758005
a793f5216070165e,0.5427421133847197
191f9dea942fc9f0,0.5312205751583114
b424a09ddae75de5,0.42272527419056793
310eb578d8c2ff4b,0.5272643519901232
ee6457bf2e286058,0.4707116909350033
70ee4701e0ebde1a,0.5697757410696987
b31ad9f52b309dbf,0.5157863527673308
ce7bc8c9e4425063,0.485903692529023
6371a7a1d7a7e6a9,0.5545753517388079
f542db6faeac7365,0.38946843822291066
d1827c583a8149d2,0.4609861258977219
ae13eecfec144b11,0.4833060753961982
4ba6b7c598eff025,0.510572705971678
9b2d0cd7c54458aa,0.5511443438015398
65c9ec38451bc3a4,0.5912108929584976
96384349b8cd1021,0.5033834088446485
65443b358a5b1862,0.5299652502504607
89b2e2ef1ddf33fd,0.5284073854078191
79fdeae3460af6b8,0.5325100992874303
46c71c9d6136568f,0.4875589036020267
880003a1f7c2d6f5,0.4563822732684919
cb32c186c1f28d34,0.5064942528079488
c006358f280dcb2f,0.5081141295431624
fd94912b43b364c1,0.5343740669692696
2f74d7c0abbd0275,0.48618493353800196
0bf497055a0e80ec,0.45615538256758614
945e9d447c01a5a5,0.4808644993800594
2d6299387db007e4,0.468906649457966
77f719c324f6e3b5,0.49846198465705693
a9b8009342431093,0.452959944374721
3fab2e83a8e5b5bc,0.49256203354163874
76e4adb125198cbe,0.4315252737103047
55f580ec76ce44f7,0.4340524313636416
379cd10c41c228bd,0.5176403301429269
849cf047d126a7da,0.556514658978686
cb0b3b8f34abd0a4,0.41158729027203256
6886b427f9547736,0.40885009629548064
de48c53139813adf,0.5207997692791787
2c50ff553c7cb707,0.4879403340484013
a5035b5f5ee25494,0.5438206103614743
9c2fe6951796671e,0.39940704799999227
d4a0fb4ca0bd3398,0.40881944021420824
045a75fca7d9c8b2,0.5475768258345292
103f9b2db08f0fcb,0.5133775359784671
c3e712db4dd61e4c,0.542366959566403
80057b8a2e0651ac,0.5492715829237325
60ceed81b49d32ba,0.5397734427860937
04031535d86548d1,0.5253286445915313
2a07cbe7f4d96107,0.5274127508495489
823bbf94a4caa017,0.5645143505184951
a79c60760d0a955b,0.5451673978802332
cfa258c7acb5990b,0.554598853598109
9090c5adb6dcae84,0.5024634219123728
fcebe11b0993a20b,0.406583217613526
422c0b6365207537,0.4860553365361264
9a730c03f55cb74c,0.5055019355723193
54b1318014ba4e62,0.49352683685880205
d4e8bebc13d3280a,0.46757398235695447
6d5a9419737db53a,0.5017104908422686
9370081cf6b75138,0.540338684816355
03c0a320e25eb737,0.4900255762500394
8a0ea1118f22d575,0.5011231997258575
cd90649f67979eec,0.5972682356238888
d03fdef7a26b62d6,0.5865758336576622
e0b5939eac46333b,0.41617648886166503
318719f9851f5abf,0.5066726113094554
a484fb9924ab0fd7,0.5863378566356876
cf4c5aebfe8afd85,0.46126353824457844
637bea6d65e17e54,0.4858487420245464
a3ec27b33e345d80,0.5060615430632976
fe8b4c18e52e3c6b,0.4906742129595021
96fa04ff795c7dda,0.4716947077659417
b51689563207355e,0.5118477977061926
5c2ad850c888cfc7,0.4460762823909702
d20606b19c58c252,0.48888635448514783
ac60d794e043668a,0.536143634881785
1bc4e13793c6d992,0.5543187662564482
e1a6f95b1c9383f5,0.45179300996843175
ddef1091669d624b,0.502662738574487
f33faa72f71dc4df,0.47897009384622813
c731bdeb8f8a5f9e,0.4956739051076302
744b92625125fa5b,0.4775991682285061
b4a72757a74975a0,0.45600626271678624
fd426b15ad6d780e,0.4870602967652027
3926def9e597004a,0.4601910122179276
a0efd5614e5a6cc2,0.49987275978024437
f6ee38af7d30c412,0.5129704658632217
279c9fed63622bda,0.5009316066738481
bf5ccd35065af47d,0.5487391467366043
32ebb2e3b6a123c3,0.4905928062337377
99cb8f9e1adc92d9,0.5362582708573982
aba39095f613eccc,0.5294825746470228
68c4586c1d898ea2,0.4291360947296714
6ae207c96758877c,0.5284665291471768
3cd0781a22e84f05,0.47238003243822124
d2ad31c5dfc357b7,0.568790468755974
e823284304c43d9f,0.5197998052716912
ed8dc194daf8784e,0.4807062979982254
2e955646905856d6,0.5558979728587807
75abf7e3f68c3b8b,0.38891410918818703
3108b0a6fd46b8c9,0.46169543878421415
24cce370263ae062,0.4956617134099177
88e33b0071d21261,0.5057177788754436
cc6f74b6830bbfb8,0.5539167673026407
ebea6f8222ca7950,0.5737213774820017
2ba239cc528004e4,0.5083144132577382
904835a0d50d315f,0.5319002982806875
40c33eea7df979cd,0.5201954526266777
d21d80e0d3e3e678,0.5386991340593792
70e5785a2e6f7305,0.4914978025080178
65654d9ed76b15bc,0.4433293566145018
28149bdad920306e,0.5076260380913432
44936b9aebb95df5,0.4971316034487595
8259d8935fad3639,0.5273195832468572
d92d4882e7f266c6,0.478019119460225
498b2cf31893b0cd,0.45595936925962355
fb1f4b297eda85f6,0.47713471669833274
1d542c6b234bd09c,0.47468568418842394
c3e02eb6fc9547cc,0.46967504964100126
1b5ebeefd3d781a1,0.4554185469266733
d44d48c171bfa87d,0.5002288680856534
cc5cd306ecad5369,0.4430921996058079
b813df4667e6f36a,0.4422054475792525
846f702f768956db,0.5282831110553954
de882f9e2ac0835e,0.5579710640842837
cf6cf9bd2b479a6d,0.41238638971658537
11381fade28a82a0,0.41265498395131817
3168b3b3000ba565,0.5248280387347664
49f78dac512358d5,0.49248610795025094
6208ead6bd5a6c64,0.5427972795129439
4304e297fcbb8596,0.4054380567381668
4ab4afb1402c8534,0.4021634587406798
de4fdff1ad1a0ea1,0.5461442478313523
1fe16e864ea4d843,0.5176429672487755
006b9a000c231c3e,0.5385869287727751
73015829db25b62d,0.5472455739920519
ffa3563566d3a090,0.5457768033464541
7044e5b3e2ff9207,0.5067683925982344
ae8269d29e1eb66f,0.5248777190688088
f5bdbaa036991a8b,0.552985402051305
a1e3d5e44260729f,0.5409797419152025
ea5ef0800daddeff,0.5547824786471248
952c17729cbf9a53,0.5027754308825384
2c06053d571d1b64,0.397090725509359
551221e7d527e122,0.4978250451376377
87e6756029cb9c6d,0.5200675625571923
3d595905aa603fa4,0.4849363743406252
1df91abad4727169,0.4679300141973294
c93f43a2808d4425,0.49360284699815893
000b1104ed5fb0d6,0.5540200298784419
af352665d10e03d7,0.49990005438784146
387d1f3c1f06990a,0.5102510379937248
d2bd83f8501331dd,0.5804265070131664
282cbdff95c6b7fd,0.5831026056371411
2f29bd3790fa3775,0.4172538662964518
2ff654ab8ef6998e,0.5057786437424237
ac4cb1469ca33245,0.5748853775187038
6a52e0a6a5494543,0.4606674733374315
bfaf7de7110a31fe,0.4878926249035984
1e7f67001b6596fd,0.49572223608072796
a7d377fc0d1dff3c,0.490187714672781
641b2f6704ed9de8,0.4731410351241849
3f4bf92697d519e5,0.5190094541020022
bdbfdab5b9a3fed3,0.4445410717737621
627df6163deeec42,0.4777254600772376
058f0ebfe49d4b1d,0.5339779181056445
c1cc961a605b99dc,0.5580939870045774
5794533018b78f9c,0.46376868490066814
c06fda7f5c5464aa,0.5017888368079784
9a02210ec469a3db,0.48201525869692996
a00795c4837b4b9d,0.487287680549628
2f1488000f9b0dfd,0.4685163005190349
98d7317e5dc6c4d9,0.47084057405699153
06ac6edda3023bd8,0.48760250247377446
dbf5ce868475933f,0.4585417384618238
e221a2f14c92cfa4,0.5081461607111488
64fe940c296701dd,0.5198932812277065
82f964a78f0565d4,0.48883646257522373
4264474f4b4c6f59,0.5589232056767511
2510d490ed1482fa,0.49492307641930267
f8b55535161534d1,0.5361485629906879
cb2e3df79d6ab977,0.5355533288587314
c7d832462dde42a1,0.4301235873812883
9b0731dbe3f3cafe,0.5305474533242884
1bbdb2767c6ba8b2,0.47072891116561977
656f50f22b8e5971,0.5747860318107703
8fbad063f30d6d86,0.5265175389833294
434eef82707b8cc4,0.4775232673779636
f73928f8f4e3fa01,0.5477002356988758
9e119ad043c8a135,0.3778965507364762
ebc75158a8e59d2b,0.45206588355736443
43171d6175c6c749,0.503609672632239
3d76f6e8ee6928a2,0.5085321460048514
4c56e36230862922,0.5556478885030198
50e1072f0047fe2b,0.5766939976164301
708b88efbc969b7d,0.5042138613063292
fe09282f95b45fb4,0.5308698523927597
0f503c38ac9b96f4,0.5217528367060397
81d441dcbe8b4d3d,0.5379042789882222
38648cf8cfdaf4ba,0.48462002319268327
131c8dc45d687ddb,0.4421247010896525
91eb45b5a719ccf6,0.5058116201920101
8cbaa0f42bad369b,0.49368996489710326
ee7a3986e0e10c1c,0.5296024694287091
8119fc9b28df963f,0.4789351454246271
60ff224127f160a5,0.46573220284742
acf24d92d97380cc,0.4803273347214635
dffe92e3c02095ba,0.49641015529285926
14d9cf199316c143,0.48496070912317313
9d92f4670de7f8c8,0.45615869333167824
9f1870eca2ee40f9,0.5003818366341157
57036cf83df2ac19,0.4387005318735201
53cd6d1d8922cc9f,0.4208063558643179
d7662cffa4997ef8,0.5214779699796078
3115b0b4ddac9f60,0.5565729743820147
5a6d2dbcecbb129a,0.41216001121129686
b1ed09ce291b5d61,0.4160500219692632
4da524ea2dc4fdee,0.5234464809932824
bbc977f1c596d60c,0.49404292809901607
c84739723ac69660,0.5383380589652471
ca32cd40433f544d,0.40652268262784363
511d95a51c9f7d40,0.4045884926929395
f1761fcdf01c3514,0.5400960932710595
4a40600a94709d6a,0.5256462629755531
bcd605ace9388633,0.5310321891679716
1a75dd903d2d7ed0,0.5413761040194823
1f328a3e7a4c3235,0.5385086028321591
aba2dfcabef42dbf,0.5150867866764949
be9089d37f409780,0.5214487549598836
3b3a971108c60edc,0.5550614149099893
c61d8b7bbc58f6eb,0.5385790912565762
9f1d63023696f860,0.5516517565400791
198845a2c60f3c2e,0.49604838319847633
755a51b08be4ba57,0.394545770732025
1943d913dc3f35bf,0.4951577170233582
dedbd30a5ecf2de7,0.5144447836424997
1c75a18b7ae086fd,0.49165598285539547
10d8e0fc97da6f22,0.4708895892006386
cb12047c0e4bce6f,0.49384124371282256
56280b5c7741a864,0.5461779306257084
9e916e91580ba94a,0.5027735200885702
4fd7a2c9553c8522,0.5085385808642398
fdfb5e62ba67e18b,0.5949142726967227
111c6aeb655ec09f,0.5906284670951751
4a6d3dba3a577bc7,0.3981165140701345
7c2dbf5d0c74563e,0.5029078139678114
79aa176c180cc226,0.5706826369580931
794d4703544930b9,0.4586373566880487
1729ed408272f59f,0.4953556458292795
177a99ea77dac0c1,0.4916648589024716
9b2baab5d23c5746,0.48124882774014344
665698ed9ee937bf,0.48092743959544104
c3b9dcfc4a1fbf24,0.513245254561967
91242d8d3b34f897,0.45395744915874625
334545589051e34b,0.48596709744838373
41acff13327ab154,0.5382004036940956
b02e208a518555b0,0.5580905258857974
f04ef5358f700898,0.4578846718647872
cd27452599f5e402,0.49645226751740057
8c4e65984d1131a2,0.4814911752574971
ab91ddc0038da6c1,0.4857120858595032
c099e374be112b35,0.4699009693566101
dbfe90c9647802eb,0.4818120282578904
e6f95fd0ece5694a,0.49046212343002626
50663fdd82340c67,0.4594305366083036
7013edfa06e96b6f,0.5131788961082755
ae4bfb127a28a24a,0.5237793057093674
33e3ae2d29a4a81b,0.4791309432000115
4dad589ecf8ee878,0.5526386399295908
5cdc3d67e68fb084,0.4971753334848321
ea63ae93e58395c3,0.5356792881598436
4c146d225e007f7b,0.5305622521732016
d5324ed449e90568,0.4327341277156228
fb0314ecbc2f1b88,0.5309726345209699
52522ee999444f30,0.47623839966596604
5c06bb2e3c0cef9c,0.5656229969856197
2baeec8d581ba9de,0.5216816637667431
340a7bacd689868f,0.4822258870294389
be07329ec0ccc880,0.5476613527969441
708c1901d643508f,0.3859529849266503
7021a00c672a1c74,0.45591583927256896
4c1e5e3ac074267a,0.512017490022651
59cb6c8c5f76bb8e,0.5092135081073305
3ad62c7817d18621,0.554024485308005
718dac50b8ffcb74,0.5678370163697902
cbfcc0451fb546ac,0.5034241522283167
a751f01b2de9c1ae,0.5365102280451306
f0fc5c7af99a6279,0.5261752383954497
d0883d771bdd4f0c,0.5328527037324994
d6451a0ba8c98b22,0.4789693945809945
db0be195fccbdd49,0.45037807835150856
2383cd4ac5ab8a1f,0.5015861813171693
34ffdec95809f6c3,0.4966107767880499
6477f2564fb92297,0.5289106942026982
bdcc348f2963bf42,0.4915249886757117
f447823829778c3e,0.4591996727764007
fa8ba917a63edef0,0.4805156350457803
d0a39711a15bf7ca,0.4774565776047687
e358ecc94655c095,0.5010721393665368
02d740e63b42953a,0.450021740972644
832ca0889c825c59,0.4967536402739984
6aeecb1fd760c419,0.44797666212196474
4cc5111e67e8a0a3,0.4440464952329002
b7daac2ace91dac6,0.5257832436429004
5be2e9a62f77b3ac,0.563796291845696
cc70d6f4936a2ebd,0.421950707524102
bf4a58fd570a271f,0.40924918462692794
277433d85a3a2f84,0.5367149466548435
591919d0c660d4aa,0.4991971663701148
db3c9381ef735464,0.540724409981679
557c27a26dd0c363,0.4154202598969363
b830c108b18aa9ef,0.40625167091234116
7fa783f917c0f92a,0.5459264943530401
5c2fe90341293e11,0.5235398894849634
cfc6bcad9cb04621,0.5430098202604419
1da1ef3d4b209bc8,0.5458940279689438
da1c411fbf9e56e1,0.5366610625919744
86f813ec4b780cad,0.5154505592376865
a721f630a28da803,0.5298330013761464
ad5726093c6f3750,0.552603634426442
c82ed843fb482e50,0.5423938989916282
3ec2df4e1a37b9f9,0.5470438679829517
4b7c9e8ca9b03dab,0.49479498153304224
882ac057f82e60b9,0.3936202593660013
7b01e58053663966,0.492527611708925
bd7801fc7ff0eae3,0.511659137394711
57600d38a62558d5,0.4864314182534524
2395a114d6fc2c4d,0.4785172966296317
3dde77de959c87f8,0.497601053574829
88487274b8bcdfcd,0.5493462227868853
2d00d9af4d0741c2,0.5090264920058731
eaecb2c47c77d9b0,0.5111829041221154
9cec5d725902d299,0.5968348215920096
af3e3be80b1a70cb,0.5898343430807818
308815301fbbfb78,0.3933459148247208
8558b4213b0df08e,0.5044820638497414
39cc64f0ce2f2afb,0.5770974928550133
3c138ddcfb93ade0,0.46551116793657366
17f65ae84bb00bfe,0.49367955021566257
1b18693c8711166b,0.48956468039910916
858bc8843da014ab,0.47739141825778575
95188b5c46b42713,0.46655732197748545
81652a27a14d4441,0.5087613557423857
07b82342ddbc3cd7,0.45695386905965796
38f46b1ead639edf,0.4703552531887849
bd5c0020a87593db,0.543560564207393
ba5895924b533d9c,0.5650348348921309
4e6b68e7a3183a41,0.45452012448169055
bef0d51f9194be58,0.5039342754508608
2e5ce4fa6f5d3f07,0.48548691422834944
1538b424f756f8e5,0.4949815817851946
132eaa89721c7821,0.47214503260452123
9bf88122c16e2c25,0.4849301474282479
4e4eb6e5ed8bfb89,0.4728551869237677
7194925a11cd1378,0.45308158923593134
c3edee00753995ef,0.50808953920438
1a49c6b14fbf0c76,0.522402146219816
8dd6b5c16bbf669f,0.47893423047805506
16efc8e26f46814c,0.5462156957062339
e46b2a7282cfef2c,0.49511783682526755
fb971f1b5de549dc,0.53999963004719
6dfe8b0a5f54ed99,0.5260387240018127
3b9a19d4486f7580,0.43152016717271036
a26403a83ecef6ab,0.5308555177429578
01f0a1fb5a70d538,0.4824526265500443
bd3659baa4294210,0.5630153242398586
97175f46cf1ce30c,0.5237850221901238
eba9338dbd69a72b,0.47358154848279677
389e3ce64a62fe3c,0.5476949282480691
89fa1356500c7ff8,0.3766005169335922
89581d326c2309d2,0.45678936286370964
b7cb772051e8515d,0.5156901278797055
4546b068e6402ff0,0.5098261784696422
5ca71413b9d1e7a0,0.5594018692211493
462eb74eb384adb0,0.5702530121923499
45ca2e5ae63ba3c0,0.5010073647802791
a5fada54c11d8dc9,0.525791918816469
36ac197e70f7c2bc,0.5290847295466343
a0221c5fbca18681,0.5341920569602141
50efd6b0deb4ac69,0.47897953590302467
63bcfe784f4c18b6,0.4521913282119685
cbd030082b107a0d,0.4986338676411072
4cb5b96db8d7a16f,0.48620268981502823
00e6cc0d7526b9ba,0.5318100433706758
3f1c0be8487110e3,0.5028693717989706
71052ad419d82548,0.4601604042165185
451235d4bec933d3,0.48294980946814725
a5307a5746ad55df,0.5024636186746871
8d0019d9c1e6aa81,0.5081920358627794
738919c763286077,0.4337253507134895
2aa235aa55c3d595,0.48603119997747224
2c8c70525e94f29c,0.43553158733027064
b60b486f7c3acf1f,0.4420409342873134
62c1c86b87f194bf,0.5286538310526674
22df6c6030ad7213,0.5602807313230248
1b06cd40c6ca6b90,0.4201730925936946
16ca42473027498e,0.4046933305440834
8f1962146e69aa5c,0.5374742879350446
7cb8f35d40a8a446,0.49804594212203546
d4907e6bfa3b19f3,0.5370363467949675
0df6a0ed84c4ea66,0.4225811387203289
fa7f4b0675f7f609,0.4069332581580758
f1f1d665190a1a5f,0.5350334757485569
fee37625e6e05042,0.5225497260064644
e51c110b9bbb5d1b,0.5428708077933677
bb1e6c8a97942f7c,0.5405592892270557
1ad742e62738c386,0.5411375082741852
a49e6836c48ce3ce,0.5213127439826383
ebb2ca6884f9a571,0.5332820493651942
ec0d6ffc95eaa348,0.5599092035360501
f12c44e5ffd0e706,0.5408247706889415
647a14253018f34e,0.5460740043082315
d743943a33fa0afd,0.49921520552445275
f4b67ee357f5ee85,0.38997569272227983
70e53d6404e3cff8,0.49443929200918224
730187f0b1cb4846,0.5075469774613421
fa649aecc8a24c79,0.48716124014835427
81784f82e6eca3bf,0.4741369159841782
61a72135e04bbe16,0.49911695268297673
ae41986562395c74,0.5518165582927903
575e8733fdce6e2e,0.5087626134110597
0ea6563eb4912464,0.5097834074506657
9fb2bb32fd13129f,0.5860935310202819
b20a6536f4d5cbda,0.5783835402998994
a69dfe8f45f79f9b,0.40133257962641555
4c79c02bb1abf7a9,0.51234762587746
67c120f9dad41bed,0.5664567555564294
0c2cc156a29b58ef,0.467370553277648
1f8cbec5bc1cda34,0.5001590781999206
b7ee016b22e37258,0.5036643847936181
06381c9ce8f36531,0.49009244802615504
8173f621551109ce,0.4625613797983491
8f3a02f68865627c,0.5094343130247333
ce90968be1882e18,0.45662912982693693
d799d68c6ea06973,0.4715808741204004
b949cd05d3e4139d,0.5396651812248929
93defbd3b34ad57d,0.5622552832325596
13f3c126163ba64f,0.45011531592188936
bda32177ad6eb110,0.49827653686279105
b72c68dd3d0fec5a,0.49405827368610944
c2dbb9f7ed7276c7,0.4971260422236108
a35b8d916fed0ed3,0.4757300856231679
bfc13b37a08aee67,0.4858682715132845
aabaddbdf4e7d5d6,0.46984299551862196
7cc7f60a5ad9abe2,0.4452487182607707
baaa625a7b6fa08d,0.5092435305885419
32913d0377e029d8,0.5063126101470218
e6a4af0878834046,0.4766299166799183
238c723cdda26a8a,0.5453887645973574
b3dd145550607265,0.48941377664425234
ed35a13eb8673786,0.5273950255713993
a3951e340f6576fd,0.5256016819783591
393da4b7a59676dc,0.44620288275459874
f023dd1bd227569a,0.5422939072143094
0942fb829c3e7c90,0.48479096688687684
a6b1db97f4e26cf3,0.565981037847225
de2ce4451f7dd78a,0.5243458353394265
7578cebaf8bba7a7,0.4692185207579691
e91b5bdf2d72612a,0.5607056478714987
c97b577c5d08d8fd,0.37567540812159184
7d77d34d4896f702,0.44685968303403756
94a074860b2619b5,0.5101801573443832
71b4a946ba1e53e5,0.5139154528758823
5a8dff75b904a959,0.5547165812327899
7f6e64dcd100c44d,0.5686470247011479
0afbea76dddab4a0,0.5091809586050919
55ebb52ebc1c1be9,0.5219387786697172
16e6d4b3c3391aee,0.525578838533499
30fc768ef3ce16b7,0.534880262000186
b3f486e76933d1f0,0.4837370403165251
b5fd756c316d78aa,0.4585808630152278
22a20da2e47b3e63,0.5008172551438067
5557d34db96c3852,0.4841864768829409
cbf231628064cbaa,0.5265561237118246
0e53b286cdb10baf,0.4998878995198065
2815e2d050be2e4d,0.45380858748013253
93651fea0193bd75,0.4735930243226829
b216eb426b0a80e5,0.49183424082501925
691c2d816f223447,0.5154452386758902
bdab6d1f7ad812a7,0.43094984225308064
4efb99ad28febb73,0.48847186311144597
eca39e19d9e45355,0.44237602573006685
c568a4593000b8ae,0.44286831343897126
c1922872be4aa50d,0.5316237301445197
ef41d23a3431a58c,0.5600333442821921
966ea88786bfc0de,0.4142744747664423
420252ce4955e246,0.41096502843255966
f2278f24041d5e25,0.5381395919736189
344a512cd7311a67,0.4982873332982385
41298f63f474f257,0.5469086091040589
de88c1f6dd16e037,0.4219268591088786
3fd7b7c88c478043,0.41291663036596193
1634ad7b65f0c5a2,0.5300091769980138
7fa25850854f1f8d,0.5201477819184379
f1d4afab98b6c2fd,0.5413195430152848
704ba8847f210c88,0.5415715254902425
9e0ff486a0e0197b,0.5425217108310062
4052ce63008809c4,0.5255892155101733
63d9c1a4361a3c40,0.5256047583229753
9054088c22df04be,0.5531608558312053
83b23f3b0e015346,0.5413608563272969
6d7188c19d9eca56,0.5444436915382234
c6807f26757a0006,0.5022306932803806
859e34f9bfb53aff,0.3829508510060404
1f780f6ae5f1604a,0.491592780737642
b25644b9f3067f43,0.5156062872474917
7640d8c6ff8842f4,0.4839286561216485
442991c49a7c9d6b,0.4743074494368422
52bcb39273b8555f,0.5112245129657901
1cd665966ee2370a,0.5471558161912786
db63afbf784c0190,0.507617270246247
9d05005838f7ffbd,0.5031647290274467
037d4a5d25e447c3,0.5852222500739808
87ddcd4c60436715,0.5865490810344747
e200d20c5cc9be61,0.41164471018240545
341af24bec12cac2,0.513591625614843
7b67246145bec387,0.579463562827849
dd767753938701ce,0.47213370707258884
1f4aae6bcb08e8b2,0.5066636360087096
775b723b7aa6bb1c,0.5030563602777969
0e20abf67d2736c1,0.49187104424723116
0d51712651d4d43e,0.47039674332229864
90639bbb4462a457,0.5063197016326402
d73f77d2584f2474,0.45662999597325427
55bc13f1030c7d59,0.46820072342317187
088705f847a6046b,0.5400087114887135
5e19f6940900727f,0.5550592504231542
99b661bf2683fe04,0.4545094572958217
839988d0eaaa9697,0.5006816477035254
380d13ec9cb3d1cd,0.49602089257926263
2545278ebb7dfd69,0.5039792615750923
639193e6bf12f278,0.48257280561923943
f809d9bb32c6347a,0.48404699842057786
2ffc9dfca9f7d3ed,0.4667648869353278
116fc2e0aa098e9f,0.4445220177895115
5f20cc676cf3a880,0.5034779424996509
f9bf8af8626aba5f,0.5124205468434433
150c96993a2ad1c7,0.4882386580235276
e9dd0eab23a952ab,0.5325024788544748
47862fc0e1ec443e,0.4932744720427832
bfbf40929f876a36,0.5272711114492805
4d7efefd2dadcea0,0.5270822798247412
f0e501258558cb26,0.4383688802479251
847fad0735c2c087,0.5351958510764491
caea525375b994f3,0.4849161989202988
8d0af9eebae48ed6,0.5763200001474746
9110885708bb5c70,0.5221762517325389
45931213b216116a,0.46916760422389125
ee4bab439169b39f,0.5562542012195202
64932152a15fe6f5,0.3711879798888147
482f1efe13a1a0ed,0.44678708608637896
216349f519522816,0.507247071882913
b737388b86ba5aaa,0.5127022446215732
031037bc6d13d41f,0.558472189464641
a87ed9e2b5d0dc27,0.5627464703261233
bd7ff8c0f92f562e,0.5116814001140146
d7fae80beaa8204d,0.5241589454016937
f767bc5fa93f98e0,0.5216256409051552
e734576fd02f8d84,0.531912595404882
f1c595687f7f25fa,0.4843687188776482
e5587d8e22eb5605,0.45475396000118296
36f420aa0ab7e43a,0.5039826514006156
227a851dd7bb2e34,0.4874290379592965
1681ac45225c2478,0.5214075741812633
2e9a8fd62e45b487,0.4964851750358369
85dd3eff96ce348d,0.4420954564292847
fab7ffc50d6c2469,0.47199321753300205
d2268ed8539dc544,0.48661257798313096
702af7ed4c3a9890,0.4724716296861291
f8c2470962568af8,0.4352863390095768
761ea2d12d65f651,0.4884346820733343
260e9baf7ad57992,0.4498184625796683
17fe3d9224004074,0.4372319963862513
3051b5ee2072c4b1,0.5051317173844713
a9aade5aaad4a011,0.5672786097716099
90df8e0dd1abc493,0.4068152405118485
9bee081062de2594,0.404365134875314
3257bf411945f648,0.5325951838519747
b32b8923c676ef18,0.4838271106214471
ee1a7dbbdd2492ca,0.5463944702360853
e00c8832636e199a,0.43129862878005953
0f531ae734657220,0.4263493065951165
8c7d57f8dc07c0e4,0.5299893926798992
8f9a341e04a95215,0.5118196245048745
c6f844271dd4a715,0.5502302843912008
62b8fe550fdeb975,0.5355359620882569
2ffe681f0762864a,0.534908777156023
be585e4adbca5d08,0.5247587751080722
635ebc49d05df561,0.5239352957036436
7129ab36da79b920,0.5534781999090891
8443cb2a70e5ccc3,0.5401602943668129
260ebad8548a6da1,0.5545907520703006
85ae91bfeb47ccfa,0.49665494728863113
a798ab90e3ae7c45,0.3893981892053653
6323d6376c2726fb,0.49416554355892084
be60dd8e31988542,0.5086967790038635
f34e41716f6d1be3,0.4792857313889898
f5d4e2548d4fc627,0.4659409540088324
25f6a7e3f7f058db,0.5140336127334393
945f856346fe8faf,0.5409409790894557
681dfa0c3c9ad278,0.5180139929105014
d83dac42716ed4db,0.49757976572785634
7e73e1be9b1ef712,0.5766337880317309
ad15a6f1c841ebdc,0.5867079573029961
29e76962dcaf8dd7,0.41605221895183264
66ea9c9e024ec9d5,0.5172366992040848
eeeb498c3ec49ae9,0.5814351614459432
f5636d5788780ec2,0.4803690841097369
197b6a4ea37f6477,0.4972315721315035
e3d936462daeeeca,0.5031862971159056
227189a4599c206f,0.48913035010651673
23221a27c96218e6,0.4758573421770216
4c7e8a3ddbc02f8d,0.499102816725009
447c68607a492e66,0.45469579328119203
5b5f24fe33ed7cea,0.46896654838117147
294c4db6bb69a73c,0.5421456162825316
98324af5e320a3fa,0.568111113766534
999cdbb9e78126f3,0.4593187157526619
520dc87342e72028,0.4993298676400977
ffd0a3023d3a476b,0.4879922946542272
25e425bbf6b1bc32,0.5079900237134437
14cf7322964a5df0,0.4826019293448196
02b0e5b0898602e1,0.47613931104703866
c9a61adf2dd8e8f3,0.4585299256641622
51862f8f7a5db403,0.4358345855608682
e465c78209d7cc92,0.5035799424513929
ed113d22e1f94c81,0.5096776198833577
4a186564de7f272d,0.4850006645040985
dde941f429580f77,0.5365175942108975
3243dd1d75f59577,0.48996435983518394
17a25549d1cd41ba,0.5279833107948082
993419d6478b6b7e,0.535116590234443
2e214beaa775a616,0.4433050362016936
3f5917843ae6e3db,0.5292511294642233
772cc8025b3305ee,0.4887035482017936
289be47476b4dfbb,0.5695493611577142
8fd3e29c0d941cf7,0.5193792068548002
3a9916ee03c59ff1,0.46443557917832434
b256f3d454527d94,0.5555544957693839
705d7ba59a3d82a5,0.37622796647341916
22934d919d92713d,0.4556638162194685
2afcfaf503561e09,0.5165296012420952
57f44641e4efbda5,0.5160198556631289
97a0dda6dc6dac86,0.5741346148703879
65cf2e8246225af5,0.5688667031964054
00e63f442598d046,0.5097096758635116
74f92557a2a0032f,0.5182619594923217
c3d23859df483f12,0.5272138342978347
43c8667293aae83a,0.535339017176385
71b12217d7f88712,0.4842158193254392
523465903e02f7a6,0.45833042992974893
a8e7adf1bad6ee68,0.5045954299920995
5549c7170a32e596,0.4927008429848547
fe753ab9f65dda21,0.5248165917130323
d541546a43947ec1,0.4894683066591242
68ece5696096b4ad,0.44090668979480807
0735a2ad13410a0f,0.47901980220786367
fd2c865c436dff64,0.5072452403782615
11d547431f17de6c,0.4776122923535274
f98e66ba9afd2f15,0.4386081566878466
62ef0632188e5857,0.48915182634505705
f45378bd7ebcb228,0.45070035921309626
b3099991e3e8f5b5,0.43868475681352326
ee78ab37e14bc457,0.5196696466289998
5ae8aaf45c43e02d,0.545066062575692
55796c84d90f0218,0.398471342788861
8476466f30425b98,0.40020638319972135
4acd4665706473e1,0.5364504451130605
1b720716b47870ed,0.4899774898471765
1a1e86cb6bd0c870,0.5417950860990575
7710d706cefa3402,0.4394617451267231
e26d1a0ec2ccc2cc,0.4185725434637768
07e55331c492fc19,0.519792715748556
3e911182fd5a2e3b,0.521751299673098
37ed2ab67b36ecb7,0.5339995314049957
48b8254adb16f7a7,0.542055211006129
4d017a1aa272e7fe,0.5273729775261218
2355e0255639eeb8,0.526769372527224
30b0ef1a53151462,0.5273008679740837
42dab469dad6f2d6,0.5559414140156914
9b14b5d5a5dc6610,0.5414886713436542
536ac63fd0b54e65,0.5407108904635711
1413b02742ab6a6b,0.4951998042250866
5548bb7ac0d8dcae,0.3783293835775492
d7f92ec535041be3,0.4878425671048451
3418f5d7d2e97912,0.5116991204295891
0f941c07c7dbffe5,0.48446897915968323
7d0705845573ab61,0.4719205964419807
801aa0130a269d64,0.5026889007411635
5182b729a07962ff,0.5337278183995131
6aecbd21c7f8222a,0.5223669423815485
8c64a64df6e8ee5f,0.48849262858427267
632375f620a80dee,0.5850873196686164
3c72436442727339,0.5892343745610893
8a3bbe90e8015dca,0.4154204609342055
7b7889b5851102b5,0.5173400557036666
cc7b31058c57ee40,0.5855531240544722
f19038336b3e9371,0.4831424725552803
fda49427ce809eb3,0.4930912058853706
c6e64042162b0050,0.5086988117240303
fa31ab39d821e11a,0.48501108429279494
5ef18daa0d661c65,0.4793305107799336
888888c8543042b9,0.49711705687274454
225adb76c082c947,0.453229961894686
8e747e13428fbf9a,0.4694190838313659
8e8362998f945f18,0.5373345965949288
413c618fa01d5472,0.5575780387602072
96ff99a0d32e1e03,0.46391176424970726
f85771ceaf93e625,0.4970957755989891
3e2771e93e5b6231,0.49140738320959687
3da6128bbfed35d7,0.4925333915298101
aa05b92578dbabaa,0.4802143732435249
c58d325d63932966,0.46134646899810217
24f4c9a895828ef5,0.466225371845576
f82e02f7ba8aa159,0.43689900532807846
7075d65811625025,0.5123705598817938
591c8bb85166c33e,0.5096094886576973
4e51f6b43243a745,0.48487554149817835
29f1523066365da3,0.5384210227299675
08710fa8e9a0790d,0.49346958556882803
6c10853c53749dd4,0.5133296733959264
868cec92c7f25adc,0.5252350682347597
66fa0a6d38c04856,0.43711906912702414
6e4d358e86750676,0.5300867989517977
29f93ec0914832d7,0.489213493692495
6f6e3aef11e8805d,0.5649478507794441
b74c8c558fce9219,0.520017399443879
7a43c3bfc1095fd1,0.46269516636958896
e928038dc29d6da8,0.5594124552005582
33fabe5fe1bcfa0a,0.3618710802312187
7f77e74291b12259,0.4659306615663056
8d6571756bc8a930,0.5198887285309692
57ca219885f64b5d,0.522952385408336
3e43870d5606b3c3,0.5590361989855505
c25e215c4bea3f9c,0.5637471751780057
ab54295660b0c278,0.5107422890072961
bb84d9279049fe45,0.5189894695297017
fb04e54f7b630188,0.5358349134899674
037224d71d9f656f,0.5247300465626894
31683380334a037c,0.4829793881438029
d330149d574bd7bc,0.4596933636883296
eea41cf7a014c0f6,0.5086919011553253
f1693b18a62d35b8,0.49035297586593973
654b63fb8d91ec87,0.5364039107593693
134c645bb106976e,0.4920798707223304
aa6003d56e7c8039,0.4552976201714317
66b03931ad634b07,0.4728362682044923
c601502faa0ff224,0.4983940496562771
c22ea556c6fb7cfe,0.48463861588572565
04607e0190d7cdbd,0.43171835185583185
39bb8f6a96474711,0.4842772703052911
66a51b7096d1c9a8,0.4488132858245826
370a92fc4d395fc9,0.42206502430997583
3c1d0c4422fa0cc7,0.5216287567500295
e731babfa29c8e9d,0.5480550917304947
a65dd2ff09b2ed5c,0.40703587594086343
1a177a3daf45c9d1,0.40634488551157844
d13d021b56e3f792,0.5304508519136668
f7e21d1e15e7af61,0.4809957425439688
2b7e54027a02cf78,0.542959126276487
fb28a6bbd0d3fece,0.43597913587708437
0e45bb25cb70dca2,0.4085909495393599
ad621f9101d8824b,0.5194777223230616
ec97a19671364ac5,0.5199692303075758
1fb795d1cfcc62e8,0.5239931718050033
174c5de3b68a0ce9,0.5429107730695459
4ef5add5ef6bb046,0.526686655577228
374979529e0d9e93,0.5223768307130485
f55f2c594a347c57,0.5315734492721143
2efa7c77482066d0,0.5567090122321385
16988e147f18ebba,0.5429963157208717
56721f6e1964f69e,0.5336105812427394
03b70bcccfac6228,0.49683089730053676
0592ba50f7589f9a,0.3885979593161638
29183187fe4ed2a8,0.49258485784942174
7e9536a1d07e9401,0.515703419721193
fa72ab0087d886cd,0.47822735750872625
26963e9d04c9bce3,0.4720978275368294
6603450d57d945e2,0.5077842561924878
b3ef4e60e2f024fe,0.5318373498345272
44a32a01efe32645,0.5199226976819384
167595a67ecc0a52,0.4959509286543218
5e671a08b1869dfd,0.5826973583172834
848f83b379d99212,0.5851262067842476
f2c8e2677a513506,0.41218417845917654
7637284a6c6ac510,0.5165763870030659
04376189937bef30,0.5726428093459317
121f5400c92dab24,0.4755341493364198
fc1e9b688eccac60,0.4953418677906325
7f2c7546c8511f24,0.514379390510902
b54b23f39fd689a2,0.4806156993589983
67717cec196ab43e,0.4830507428685018
057bc4b5b9b211d5,0.5047033959532283
4be4a496214471c8,0.4568560572649212
16e076a5533a4a48,0.47321215911145886
eba0b3c3a71ac9d9,0.5398537713683169
4b3613f3ea37e9b6,0.5584419139546158
72428376f5da9789,0.47730690943369136
fafa963f13f94b8a,0.498664349742866
c125fec91a3308d1,0.4982005961027862
9db5b1cb7a799f86,0.48839882258310896
847f08a359558a72,0.48328769833223784
ad59c5c5c1f3908f,0.45256714740268755
0f48e1da120f6186,0.47896853793240013
a3f12fd0b23aeff0,0.4363058497813409
08afa611289e86ca,0.5147938518076705
1ac36bb9afe12741,0.5114058154811877
e28530578d2ab5dc,0.48626464026812255
52b120efcd93fdc2,0.5385642155168975
24bf3d7201c34eb6,0.4930383537159855
20d4c032d66edaa3,0.5107687088776058
479bcb31650fba3c,0.5148264270718415
ac6ac7819348ba59,0.4384214338549066
b46250346f97fd81,0.5371383066746143
fe7d210ca0e6f69e,0.4836515349861832
8986723742c5a1e9,0.5684384428341713
68c7dd41c75d490a,0.5222367933236853
3bc8d390d0e02530,0.46319128660027353
51b8ae0eb46e8e06,0.5619478590410898
24230feb5faeb8e0,0.37016130655951285
ccf13af07b07d9da,0.45482192957876344
fe6541be9b409e68,0.5223810490326164
2d83b1af7a819e51,0.5129067473159005
a57c9a4a4ab55455,0.5480888430460444
cb69ebfb9e9f845f,0.5692881076524767
f7797c47fee2d709,0.5138283244572306
1ffc372a69148335,0.5171080652006419
b905b7a18a57e125,0.5182234969865182
262feda82bca439d,0.5239634800878488
32e741bd0c0586bf,0.4855143828843874
213eb39d5fc1fa4e,0.46172448752697504
fd381ff9ceb5dc16,0.508862604908107
a3ba51ba13dd1149,0.5013823109209705
d013b3dee97e2de5,0.5329899504467099
8be892f82937521d,0.48132245073392865
be1f1709199616f3,0.4553104229928029
8b82e51c7312cdc8,0.4627603781880192
068eae3d908c658b,0.5007567426241072
41904b9345f2bb5a,0.5043447669265814
e90980589c8d7634,0.4336032554922439
26b979f6fe2c1c99,0.46745519442643624
499d814ae177720a,0.44211852775774896
96c626ae7af63a65,0.4074163037161459
52b11b95325562f7,0.5233414682842807
3004b52d8ab6a0a9,0.5486604269516699
47b4a3fa7366358d,0.4115355426212576
0f1ac870f2457db5,0.39611008762611577
b58dd19b5b15dad1,0.5361867489990884
5469b34c57d43dc3,0.4802699446218057
db9dd326175deed3,0.5397582030892729
728847c02decbef4,0.4378443723760387
a86c677782850e7e,0.4080162834772072
b76c5409c3d204cd,0.5224673489318021
15301576944718cd,0.4987925145082506
16c37bd941297a9d,0.5339010016124133
2fa82a140b6501e4,0.5392423767099872
c4ea479b6668bde5,0.5226673074408176
ca697142988734cf,0.5196590561964787
4aa81567b0e9b7d3,0.5352124242740912
057fc5726d8f8643,0.5620303749043123
72f526fdedc96069,0.5460072061859169
25967a788c7ec2a3,0.5484424468801969
30f8cc1a1f1aa869,0.4998454830068566
fc36cb0ede717bf6,0.3806047490191742
5c04adcacd6013e5,0.4955802307834397
28a925658137d377,0.500716936238903
40269331e1dc5c9e,0.47663482723501815
6d494521e1b1aebb,0.47683557352152584
88d36c7f453f4ad9,0.4983697633088586
306ed32392952f51,0.5441694235685799
581352ff3ab9fa26,0.5218521264910092
1bfbb542d8cf6d1a,0.49447375357521994
2dba8b085b031729,0.5810363470106213
091645340c8a19e6,0.5697213506201179
aaf0ad4f350808d4,0.4160521309237053
4459cb51aa5b49fc,0.5267214800306006
41f01669e4fb58a6,0.5855097372650324
2455d3ce19be4bb6,0.4825489753651999
e8d83cb52b787703,0.4707787005709656
11a511be26fc56e9,0.5132950572150647
3d7f04624e1555fa,0.4793230123092229
cab2160c58f7db72,0.48448272778855395
2015db2d80dda0ba,0.5115552467037263
0b5d84e90be5b899,0.4542622245377642
b05e02cf815cada4,0.47486972099295954
7c101ac72440d970,0.5355496468429519
88ec36614fe5e45f,0.5557866313661227
4d2cea94fa6173a0,0.4916922853374528
3225e693f58590cf,0.49892306971587863
6c899829a4c2acdd,0.5036703387705076
ba67f7386a554240,0.48883097326833025
65bc6f47b5669899,0.4806195645433351
34072a12490278bf,0.4506608371201508
89076976cf2e372e,0.4795004467401003
19c65e9f2da257dd,0.43751514327025687
84a532178e32b845,0.5133001874051666
36420147b6a911ca,0.5065171246369347
b13fd78105cc0c06,0.48428940520718633
e21390e2be355e39,0.527270958725791
a9688640fa0de2f1,0.4939772655182677
f5d03912ddfcc8db,0.5126417341231002
b0a4b62ac144e254,0.5152697921482514
f372b1425fd4b483,0.44269496250752627
52385e3cc54467cb,0.5439532741537297
957d19ba7d242ca2,0.48120532654446535
70ec4b5ba9c5468f,0.5654861546393122
04d35acfef7bdb47,0.5253286542703414
21e1e7f431dcd08a,0.4682081432593064
d0caeef60ce65a00,0.5562637149145764
8d3e25ada5267210,0.35839677046218554
de66683b5de7886f,0.46202217777871557
a6f9ab4f92de5b3a,0.5262395356814492
348d139a7246f7fb,0.5084260889110137
25a9c404f93e35cc,0.5572959543645588
42ba680610d7d8c0,0.5669878654551869
670d1f95f0cc950e,0.5093518250945257
b6b08e176076ff4d,0.5231932806382464
1ff1d66fa09e6f31,0.5225893169629274
efc3df91de93b4af,0.5337240896029127
4c0895bbd875c7b5,0.48363990619628494
1e192dfb76b5d5c3,0.46277572348922114
fcb96daca066e4b0,0.5140159918647983
e093bfcdfda35f6e,0.49611879250549806
5b3bc1bb6896c0ff,0.5325768842894256
db335536f19ac6f3,0.48179857266497716
2b5a4b1944646cd9,0.4594875898588139
7b1d0014786d35ad,0.47850994324670393
98e6097bde1726db,0.5116694028251163
33c962985e9e3132,0.4912536012504729
b7cf6561f915abe2,0.4448986107634876
7018aac287c6c3fc,0.47119052429797637
27ba7329989e3ea4,0.44480763222812103
216e82d116edce5a,0.4008412249983697
ee6289ac059958a4,0.5256886591130878
7f07ec11f8cc6835,0.5463699180570765
6c6b652ee1886d2c,0.4114610593002429
487677d3fd5755a8,0.39982215008047084
75d7e819f9504661,0.5269730056536497
e8436033f3675449,0.4786117506157892
ec27d72c8055f2b8,0.5293131353823105
2806c9d1494cc77a,0.44660843584783416
258c6e355fb349ce,0.40726401916364996
a2b4ec2709399e2c,0.5296370263271897
358fb72d0c9a3b69,0.5013914679163318
fb3459623ee99aac,0.5334094171758514
62987a1846048b6c,0.5403767509949391
d6a2e6b9a1813b84,0.5246353025762436
840ce2e7d0be3c05,0.5209801797836209
84ed4d2e6a459190,0.5320284912755371
fd4ebe648e749812,0.5590035221370995
46208d9684c598ba,0.5352616623120293
b1aa77c27043bce7,0.5451091616148059
0a07376a5c03c2d4,0.4966074225005985
9f2ba982869396ab,0.3816243807962022
69e4d9a6bbfe14e0,0.492933865279396
37cf483656ead2b7,0.5000020518232813
9300ad3507692d56,0.4945424590719616
1a764a938674be40,0.48617004586778
e56e4a4290c25396,0.49963181809478996
649a3905b23ffcda,0.5381439857851159
6be227a32df699f7,0.5182674990020841
6f9055fe2bcf4e7b,0.48893516880141485
e90e1b782b46adfe,0.5765882651455809
6570843f5e91566b,0.5636994517848845
c0f5ee25d6cc1506,0.4157484780199645
46b920663e5c2d6f,0.5225033744538274
42646dd974244cf7,0.576564201632231
99cc57a7b4b5025f,0.48326084658635937
592c10d0fbf8c653,0.48477372428376375
2400349455541ebb,0.5088699645855437
cbab0c3ef93327df,0.49159361142115
334d71b1e23609c7,0.48570326628071325
8b421b867208f956,0.5071387423449389
b27df0c398ee5dd3,0.4517310707283957
b50d2f68b0dd7dfc,0.4733293188363158
a92635150aaafc65,0.5403735579232032
4f076d53a51e7a6b,0.5532783191965192
eb85b4a85312539a,0.48735491724944413
649d8f2832fd334b,0.4986262857884305
bfdcb2c541f06401,0.5072142423657007
438e28d4bfa8d3b5,0.48998170187522117
ca14063cb128d735,0.4873888991712866
43b1b1cc0e510859,0.4582784786407379
cd5ca7985258dbfd,0.46840684288179046
2cc18a81b38190d2,0.4434634831348505
5d90297b3dc77611,0.5223533696108023
4868fdfec65262be,0.5043541468583216
94ea260eefd2d374,0.4821856700116106
a80adf1e29976c19,0.5321843887512658
d52467fe825e0ccc,0.4687490508593031
fbddf42d5270423a,0.512002522670721
3462cbab772606f6,0.5185620035646135
fb5bebfa6c458cf6,0.4457121743652638
a20a19bd2ce69940,0.5379134380148733
6faa86a7b0780263,0.4826353940946303
f6e8132c6aee2a82,0.5688999132007007
d4b1e641857638f4,0.5234775788912835
1175ad990ed2e577,0.47264279254929265
b5713b19508a435c,0.5459356748932578
302f0ebf0be3dc55,0.3737108670379511
c9e4aa6adaf4bc69,0.45663544645952703
2de0acd8c147544b,0.5274636355783663
414752aaca0e7235,0.5216294243138768
47bf3795a7417b6b,0.5594198253627847
570ea714b5a90a36,0.5817140649509043
c2ca1f3cbf6f0573,0.5108550179288541
f8717be5b60ed731,0.537851162819015
e29b4b531ec7da0f,0.5242523911638866
d528d82cd7997fa4,0.5265494824286263
4900b448db0d7a71,0.47784413427901573
1e6af04d4430ea28,0.4649218412601682
17fb9e379d1295b8,0.5118514718410266
ba424f10ce0d55e1,0.5134676271058648
7f86da06da285132,0.5412406742355247
176378f9c361efaf,0.4834801946604603
36c2e893c4e8471b,0.4625947784502309
14d7f85ae8553cbb,0.48165640144629496
50834e5f70f154cc,0.5098607972263701
ece1ed5e56b5fd8a,0.5215632364256744
6898df9e5b3cd346,0.45080658890654834
e74c25006c31d92f,0.461993586157619
774df84a5c6867a6,0.43628298715515235
2a1c00a4c32da6c1,0.397446565329321
2e4afe68d3d775ad,0.5329122956303111
646dec12baaf6b4f,0.545853323781158
cd4d9926addd7a3a,0.40231434056052895
2f6afd7ff51737b7,0.4122629807338096
1f67bf7251f63d07,0.5320628576525588
bfea0e46f838a408,0.4813266914160079
e106a7bea8e2a26d,0.543818069819898
74f72ec53e82aa0a,0.4352403038359871
12618ed5667673ff,0.4144001737985086
234cc8014ff0329c,0.539538330806461
fd9f3a6abae00ca6,0.4919622443644387
110046e584c8d6ef,0.5440239188796933
41322c083dd7bc70,0.5254119097648244
8a44b223335ed711,0.5195476972782779
576a349468e60efc,0.5182184267349588
21beea43ae1a40cf,0.5259393678598399
c182c8bf54bb901a,0.558398295426324
f43dbbc8d4820db2,0.5503290882144714
c905b31d4a693655,0.5431173812091605
b50e7157f3c999a2,0.49406911600958525
20770bb9797bcaec,0.3849415691010475
fe38bf51da4fe3af,0.488212027609187
0ba79cb4cce90d5b,0.4881631314894068
6dee2b09733185c8,0.47606734804196005
ab8e1dc50e24ebd3,0.4769723224237342
d08978eac17d2f3a,0.4892063221940306
f4528533f16bb861,0.5483951334953748
b6038fb0c406729e,0.5298931936841669
5eea32cfb7a8a394,0.49519814243372473
17cd16c750802088,0.551018758230408
163de945c445f25e,0.5546175259567445
8c8ba2c09eddee96,0.4253323743738595
66d63c3a7ad6999e,0.5154957510880224
7b5a123aa812f8d0,0.5645621533158591
81bd36dc9b4199dc,0.47022740971156884
762f6b9d54d7bd36,0.47802807530519376
079fa3a0ae620635,0.5142474914609307
148ca91ce19b0836,0.49702053797862833
a86cdb2f0f92d883,0.49205246104346856
a4ed5d7b75c6cec3,0.5077910078979702
573ff8fd0917d955,0.43431949334805364
22eb15418891f5a6,0.47415407528783127
2948e5288aa01f5a,0.5325561437131819
55ffeec87f250623,0.5469728421073199
85814ca7170e1774,0.47551868947921583
adbfbefdaea9af34,0.4892881619819811
fba7e7aaaf5047bd,0.5063217517864368
077fa9f80afdc69c,0.49130475241065485
cd5070335b750ec4,0.4859880743795839
d3d299be9f8b7b6d,0.43996586823819905
a1abeaba608fb847,0.4767175086847364
2a69183f2871ef87,0.43748751599363334
209b3848dd407db4,0.4900281172173635
6570fc3dfe855685,0.5027189744875575
ff4aa06f525ab236,0.48737630077565375
e8355cf96fb42716,0.5168282102389696
24edc42b6b10d7b0,0.4742786501572158
126e3b2b77bd5cf8,0.5259014903200087
04830c8c96c84183,0.5240637102719994
56e0772ee4b6fef9,0.44010792395094944
b9d7ca99f6e164cc,0.53611168386817
723809923f726ed1,0.47611730757938164
1ed1ac1782133bb9,0.5676438740073368
3935603734500a40,0.5298563452459357
b8d3484455398378,0.46452578192169836
ff5557bf5a0f07b4,0.5521504750077884
519d8f4a3d0700a7,0.36562002953246475
a496989fbd2c1143,0.4547749827240838
c041424dcf58e6a1,0.5316393786152871
fed963aea4ff93df,0.5247943507812418
c6f21578a5092fc3,0.5518048466215844
c05fbcfd62802ac9,0.5817821903203501
9844ff8783580679,0.5078333821408264
660b4c41e77aba78,0.5362602485922039
34439969a976dcf6,0.5349433946946972
c9bbbdeb19cfd299,0.5267840075397837
46b1c975705f8a1f,0.4825211639669079
57634c95c45f6a0a,0.45937531972543544
b709027b09cd970b,0.5029687868682591
5e6fa7591b927408,0.5092850522339707
f1db1207c22e001b,0.5317677943163719
eea021233042f4d9,0.47702897855301174
0d788ed7c6c7e721,0.45792883816787955
ba1eb6acf16d089b,0.4875935561177209
6146fef46d20f42a,0.5050910520262245
5643bc19181e5f66,0.516750211668854
cf79d420ff90c720,0.43334616012209615
2f6e184554b1eb9c,0.45619298675767794
160abde040995100,0.43965282783286364
81cae45116e7c930,0.4048994629893288
615ee5b125093cb9,0.53038367270742
2735b9ff911ee013,0.5370194994492246
7a12d624d936e080,0.390096452274284
551a4fd657729365,0.39855869849408787
3a475712a2fb2b6f,0.5303040731916286
cf83538f1e7d5f2f,0.48692482477988086
00f73234d75e6344,0.539512532503803
4aafa6d656862743,0.4359187489564229
e970c3b6dec3b963,0.4285724767112409
538c39cbfe36d0a9,0.5369941235713983
51749f22722e87a4,0.49071186602283934
7c752f9aaba7a4ef,0.5312452749829136
370dfac935983bd1,0.5206803733364451
22d2bc8694026cb0,0.5246059722632807
acdee5c9904bdecb,0.5152924566951923
cbee243a91340833,0.5249155313118141
c0876f32454ea74a,0.5632963221092723
948071cf4477cac1,0.5477975907412096
d9768dcb605bce8f,0.5459765393149789
8f65acf45ba47e10,0.5064036362222925
792c831dfca63f9d,0.39055984702985047
6b4d616003d4d8c6,0.4955799147613186
39b9f12b1de455ec,0.4748959054029833
e0c4325a76c6706a,0.48610506760958294
f5111e8600645d9f,0.4827373245605451
fbb9bb675a95d4d0,0.48289985250091483
e8d49cf8e166645f,0.5490025581016906
01350a3b2faed57a,0.5224803489386111
8cff08496138d34e,0.48248000097460686
c68a659d137aa1f1,0.5646583409404313
ed2807a5d33cdda8,0.5541376093778657
fbca43095e960a9e,0.42717778518256444
0fd3a89dbf8cc3b5,0.5191690805217721
29e0d5bcaf87a71b,0.5748616681221306
8adbfe94f2e91927,0.4653118524127132
82ad06d7439988a0,0.4783337679579126
95afa2b3db8e7a4c,0.4973522154448037
7e340e28bd6497a7,0.4936511243275872
f1b085793e257215,0.48253044473944173
2e812adade39b67a,0.5087983509210914
ab19573144d32cc7,0.4429030991551325
c8bd1d2fb8216721,0.47623463386705533
e24f2ad03ea0fe93,0.5275822649450299
72a54471fd6e0b5a,0.5475844294059292
f00b8d07c22639bd,0.4776525814969259
9018baf45c7a9a8d,0.501970267215009
2d1832e68f2ee761,0.495787236730277
79fc6668377ee9f8,0.4871439636254452
280ad4d5fd693dd5,0.4796772331125069
57e585c4f0aba7c3,0.4444679358226403
3f6105bec868cde2,0.48084647489984333
4b9b4121185a306c,0.43612824116722126
ec9d07a19901a6c3,0.47678479512596605
2fd2a84734caaa45,0.5090632138029489
c9a1e5cf0d45f659,0.4855147947130789
774de2fe0dc4f2ac,0.5298881448546915
06a78421e822357e,0.4710132019438056
65b2053e2b3c7899,0.5242359719777918
68f4fa1d418285ea,0.5219172909119958
615d5acb80e96d98,0.44810145974166604
610e9792699c9b57,0.5414750016890115
bca6868f328da2fc,0.48604983349330033
d3ada4728fe8231d,0.566302286424176
76c1935d42c70eed,0.5434190057901691
cb2ddd4b7194e3a2,0.47064145196243623
79538acf4786379b,0.5540013336444214
f7b1bfee58ac34a0,0.3746032722465318
867c79fcb07cfaa7,0.45567330480068025
6fc327affbad51e1,0.5304747700288888
13f082d6cea161b9,0.5249842029357092
8106a7a206d93a10,0.5488572234371569
e6f147a9dbc4fa44,0.5772931066344111
8a94b6ce9bb270df,0.5171833719576076
381d256094e05ca7,0.5300990281485956
417cea444b772ff6,0.5335434702200005
b19b26076c8fc4e8,0.5269947322049402
b48443623a8c7ef3,0.48190486464770943
9493e19bd9354022,0.4623138094427619
82fde062bb20fcbd,0.501878578987345
5c8f02a3bd663836,0.5016096906941161
bfa17527915798ec,0.5373645642200282
6e3dff30173e4d41,0.47025793431792584
59e62e61d6cd659a,0.4676064975807439
042b72723f208f5c,0.48055681214633517
e1c79058cb315a92,0.5173603279962511
8f85d848080f1ff8,0.5065165384739547
41c6dce65034288a,0.4247470273768945
bbd66f0d9316d683,0.4586486862215292
8df1977ce3434373,0.43597370038672023
a065bf973ce22d16,0.406654969115686
d031d16a6b208b59,0.5241285454134388
9fd3b1bd3d0a15ed,0.5417506723864947
58a133aeeac78582,0.38630236090500814
485983b01723602d,0.39230977769696906
37b461af0dc784e6,0.5316745467337943
bc14eeef1c40e7ae,0.4826480966294262
58dba9e54028f1dc,0.5439140999274139
4a9cb3d5f74abd98,0.4344257003175589
2675957f783798cf,0.4159890992964357
fb202c1f0af41c1f,0.5401375302898952
1527db7138d622fa,0.4855022673025837
1cb247b9cd0e6030,0.5356172647773056
9fd4a50fda87d527,0.5242843255685635
f0fb7c511d15c027,0.5231277745266925
95f023692b80983d,0.5147642504349479
70f8c736efe62e91,0.518629557698283
84265167f523535d,0.566593132682744
f8eaa16a79c7842e,0.5437527716885744
9ede60f4bfcbea6f,0.5452428395079536
636b7a4abcccf820,0.5084051666234877
95382629427d741a,0.3964668842754545
44ea5b1e141cab28,0.5123308537064692
68bfb5b59ff7736f,0.478660704278694
1a3a382ac610f9a0,0.4863676640304838
28947aea2c0c00bb,0.47937082485412963
66378970f4965a4f,0.4807413106841111
a2a3fb7172337bc9,0.5528201685377949
52c45dd13281d5e0,0.5232416386132328
8b0a8559c6369db8,0.47984585073295016
5d5d37f7dd7e7ba9,0.5657282693626855
0dabbb3303755734,0.5587202756288014
1579ac6900187424,0.43093189423702016
67cf21971f9ea71a,0.5177978761701344
a48eee2a8231ea9e,0.5679651175369231
4315a73a7707d0b1,0.4639183138294116
0cdb79797251c9b9,0.48078054062155084
3ffcb27a79da622f,0.5013419578307032
5eef405833a0eece,0.4909134882625381
ba7e0b82ff5ba46c,0.486095288485504
77a3fc29b273723e,0.5059227305879681
8032ac057ee0dbfe,0.4456225122485963
d8107c32e998996d,0.4772585631456736
de9f28d8565ee508,0.5278232156864113
9ec9e8a185e107f7,0.5448269592781302
e7ebc8024988c932,0.47931563769077634
8f85dcb30a4a0f96,0.49311385144386377
e2d7ff150903fd9e,0.486939878773039
8aaba927ad72cb82,0.48916680447664995
dc710b0c32097ca3,0.48403096102945
fa2200c1f1115670,0.4402504729271428
ef9e15e302c07650,0.484602001559056
88ddc5844cff5420,0.4386155264693945
01bdcb4296e458c9,0.4756438135384017
13c95da7392207e0,0.5068812877780793
dd855cfd8f86492c,0.4785997823652318
3c623d2543f45421,0.536015413271423
ebaa7c646eb557ac,0.47395221541760335
a56f321bca86a7ba,0.5259605818160031
2fba9d6ada5fb16b,0.5232051411841874
433c132abb09937b,0.4490734472461817
7d21a6f5ccc63ab1,0.5468071324793341
5c30e6531e1a6849,0.48980223677342216
70219ae9e2f871a8,0.5738620870524845
546a293d92b06a76,0.5424929539469486
b1d7288baeec3b19,0.4742168589233766
f2a311f9e2ff4c0c,0.5562270119885104
aa12efbdd81bd5e0,0.37503470585746534
cca93759bbb03310,0.4513273563783705
1255430d8682a616,0.5293275173154921
7164fa7ad799e93c,0.5230693109606407
3e283c2791970d03,0.5517588218944767
f5ba5fada47226d0,0.5818221535755705
37c010266d896649,0.5106016028845806
1d2d8d2b377469ea,0.5427927210029879
68ffd890221dd592,0.532610479626935
721e7b8cb7b81081,0.5338503235915727
1243144256a75ad2,0.48095214693510524
b7899bbddf70215b,0.4721645924944433
930f8e18050b8034,0.5063042546628865
459c70cdae464592,0.5014751666947934
e7d9956323395a0a,0.5374911568279072
6db21d9c85e29539,0.48135572387297587
fb40835088e9c5fd,0.4605251708572575
b50a10a6dc349cb8,0.48802434067402833
ebc5f09381481287,0.5044184419389774
0d177ae6be01b8e7,0.49961187858439193
c698a142e9f6de86,0.44011241240848287
92d961dcefc6b225,0.4661585202900804
3aa84b64436af934,0.42290699538795196
397000f2a9376216,0.396449874105006
5295a652c37dcc9c,0.5219083530228783
83e658a4adb56cae,0.5344508843040673
100c4aa7d1c06997,0.39143702887570475
7be5cb1608929db2,0.39499326257169187
e044882f4a1e8c1b,0.5307887671348507
f03b756de1e64dfb,0.49084224392346587
258e6a1c8d69d666,0.5491304581067269
3481da3224290f63,0.4300324618123623
9ca615ed3f47f4fb,0.42364686588727096
b1c2a39819e6d242,0.5441826178585256
dabf44cc4410c727,0.48872346320173876
67fe1d4aebbdd198,0.5401276105000035
0a9023983108e795,0.5267763186218719
b1ae6bf5cd524ff2,0.5257967629031975
185fd89b68b42b86,0.5132166698624905
08bd7f655275688d,0.5364840296704894
03885fac1eb19939,0.55486404062927
590f0c2dfe17b691,0.5596209055283894
5fb4c76f50cc43d3,0.5488377308770844
1e8ef8d3f9fa6c34,0.49728093591127565
56269d16ebf5a60e,0.3983061547732826
48522421d2360ab4,0.503272366394897
9406d591f7862f0a,0.4802566148506078
7542edde0e7efd13,0.4842600642542011
33065ff7cd43b459,0.4777262659586652
7c686faf098ee72c,0.4865281213034265
639e241ad3bcb31f,0.5544938775322532
9801336349529bc0,0.5236411532359212
a555d74b65ee9592,0.4769684471623179
b9b6c08016c96cf4,0.5658302623891394
3619733df1b225a6,0.5614552519191427
479a0034dcfe1d37,0.43141773161537833
970d2f7ec15287c8,0.5213011668380092
2864c82cf7c1f635,0.5717371258907311
186db97585293a0b,0.46453842247413546
ee87d723223625cf,0.4857840721854062
8ffeb641fba8e588,0.4980203256482607
ae3af0a1a72f1a06,0.49497477489638053
19e1ae96c2fc3bb3,0.495110579658086
9647df3ced32d938,0.5040276008523292
550b04b971cf918f,0.43843619412866675
a027efe7636606e9,0.4781708035687985
238b7e93ec62d287,0.5307583442783228
225a33038366be22,0.5562832591865037
b176ca90556f2d55,0.4739576914997783
1477b5c3ade9944c,0.49551435596778415
4d2d4023ae012e57,0.4810475134022134
c2c94dba3ad0c547,0.4801347327203871
fd93d398ab01dd9b,0.482280571807723
fb5f75d3002b54d2,0.4496182638284396
c3c3d827957d4bb5,0.4791710841294706
82e565a644484ff4,0.43884806771987495
6d19524109d807f1,0.4681646451642183
3a86ba9b52ab03a4,0.5120905005404083
e61fff201ae4d762,0.48673085551284256
ed4e896538157e14,0.5392250788143094
371a39cffcfe67ba,0.4803573367863303
c3addb433d2902e7,0.5272430796627705
a948d54948b097df,0.5249513562127857
e5f8e5e917440807,0.4482438920689241
dd88d09e0b803184,0.5424323341277879
76c589af21991f68,0.4831901717712541
8cbe17d070e1d986,0.561489602553984
c6e760a7caab765d,0.5312618648577779
0e7a751351204b8d,0.47538508553299064
8583475de27fc778,0.5549789257571283
ff6679e5d27d8a2a,0.3666232181985447
77c1f9ebf87b3248,0.4629615258490266
d37986d6c7ddd28f,0.5287138250493522
ecd6c52c6485bb22,0.5186566844853041
5a2ce78add2b6e7e,0.5476700907108847
0e71601d0eb24cb0,0.5742920929134772
e09477750f1e0b75,0.5120385809484268
dea9f4afdd612f0e,0.5412671562402525
4df711c4d84e7c02,0.5326897883582307
5b5c4adfb6ba6d4a,0.535093066704382
0d27244eab672d3d,0.4786749572809882
7665222077f8f8bc,0.4687284444435107
ced3d734586ee68c,0.5035158865903633
5aa4a8e9538c2030,0.4974678811563792
2d70ff2863bf93da,0.5396109679075429
5e201e7a3495587b,0.47506175189268074
cb140b9b76703e7f,0.4550759020655226
271c22f7ae76fbd2,0.4761957779912809
615e1c9d66c5922a,0.5108103071679468
77edf115ae061280,0.5006622410853558
3ad23768acded5bf,0.43680329030421716
49c4fad92c375939,0.46400795622751567
e86eeac6492d574a,0.43254256296901317
b1226e94fd1737df,0.40206158401216585
a11b9204ec1b1053,0.5246018883722263
549dd374b250858c,0.5350563324344546
9cac77c0b61b090f,0.3986806732514938
e6f1e9ad6672ca4c,0.38216832748843554
f0678b2ac0f4e253,0.5372854358718734
d7d916ac8f379e83,0.500520711472247
d0390690dd513440,0.5409610397171812
9dd2ee71d93105b3,0.429409460078245
f03cb63b92027a64,0.4093741657739398
8b31bbf3504a610b,0.5375009145980838
46dafe14e51a9f75,0.4950856177266042
a83d9d409fc8f801,0.532861498681271
bf29124a24db5ff0,0.5382797624357107
7e111ec43745c919,0.520525103866593
948123177b97f31b,0.5034175989401226
a561694ca9ee1f62,0.5316073090966051
16b5cbbe1b0c2334,0.552203326205261
2253d74cffa05424,0.5581585249835981
faaaf8f85862d84c,0.5484427931384857
6f47647388921abf,0.5052318409812586
eb7f5434d3c34217,0.4042514926817766
c2e3afa2315ec101,0.5135987560474873
166a66953cce8632,0.4803172896180554
75c6faa70230afda,0.5007152382679385
c826f85c28b5dd75,0.47253680501446815
ef109c0ba3879b4c,0.48035077704295803
9f1d6164d056b824,0.5444173524550455
07c546b2daf28ae3,0.5179503141224284
9ab9136df557f390,0.4689055350976482
107b01d674f9e047,0.5661599282735186
e6e4df56930f3aac,0.5556481117237755
1818ca19792aeb0e,0.43122471521698236
b4710ae6a96a5f20,0.5244997316289068
e9e0cbc47e7d3e5a,0.5643351812438678
dc4fdf34da8fd517,0.4666963436911963
86913721e08031a6,0.4916251593084373
a0f41dfbe2a8ab28,0.4917168521402625
70a6258e6189928a,0.49266185650817795
9fa9ceed9a0d7e86,0.4948495916358949
86ca97e104de155f,0.5013817308206638
68f6f421141a0341,0.44025608097939295
e6f8b5610338010e,0.48869232340365765
060eb12e0c5f8f77,0.5273292954669327
bb3d4cebdd049059,0.5579316683815101
0a8763b921185f8a,0.47324415195948655
98df118dbec55989,0.49608133565505463
210d57c5bf08641f,0.47517002087958216
3ba32e9f0f517ce6,0.473653439715469
a4f6c6c2e69e43f0,0.4887044558526681
deac548e79869a8d,0.44824280926685844
1fb784986e2ca363,0.48220429450588453
9668eaa4aa49fe0a,0.4461516450254849
7ee5fb885dc0a053,0.4826947086248987
76a2db354b0ef166,0.5108157076496253
27d95be5ec6fecf8,0.4868529010020809
ea74e224db9c6734,0.5308997535013311
d8141f3ca7b5ea43,0.47839603009878306
2fc92ca07bb4e31c,0.5271517939289249
b6b1270bd8590384,0.5284147588937742
860b0d962b3b3cfd,0.462623033841179
78182d595c08b578,0.5470306072570843
08db78f4577d201c,0.4835815233215881
066993182dc8280c,0.5693324066791174
a4f5efeeae4ebb2d,0.5369875647941171
06be31fca8d965e1,0.46568322134656537
9eb651c5cf17c61a,0.5581012855263702
86af2ed9bf93d5be,0.3715143348388579
fb2416a4306d7d06,0.4702191522471195
f6359e352235d41e,0.5261570376547775
cc35c8987de29185,0.520453268200157
3cb20c0c30b0e70c,0.5484877694738192
84ad23937f660db3,0.5743851118290707
a7946c87fc76d985,0.5146882156579773
66faa118d4639755,0.5472146132240392
0e42c109d8fe7f76,0.5373210725406457
e9dedc350e868aee,0.5301276054529653
fe494a3a35fa7fe5,0.4874049945872496
41c184c3c3b5cb1b,0.46636170213827555
88940f2eeb2339d2,0.4996457841930301
e4b0e321197d9d88,0.5017541180866535
ffe153c4f05d05f3,0.5360422567839855
6d256df88b890bac,0.48691488614293177
23c06fbd66061809,0.4543912002619521
e3be42ce86345ea7,0.4754428163573403
44e264b07c23d9db,0.4958087636409735
6ca5d615e5d95185,0.5107412492296206
5f847e024428e0dd,0.4244288754055886
b4d60ee7e6c0704f,0.45870082964973735
3cdd0ea685a3e0ce,0.44158881251837634
7df43ac24c895c51,0.40156452430291023
1b0e5a3a9f4b7655,0.525804125446458
c99ba9a952ad6e1c,0.5414916131535856
eafdde855cd1b38d,0.40730030601377254
8ec9c4366e81ed3d,0.3725351603914221
4e84595283a64b3f,0.5405818702513061
2ce64579d3453689,0.49659965487307967
4e8783636e817b41,0.5531964022800016
19bd08d8d8e2acf5,0.4268833320386596
2a8302c625774f04,0.41610366773123497
90c872eed941de0b,0.5424925805423899
7ed43684491d8c86,0.49312863536777485
27edf91f62b340a2,0.5433792231694409
11f5c77db8fa42e2,0.5310570098389497
cbaa79acd6c25498,0.5261670694299322
f72e74c8c9f3d3a2,0.5100856718183484
af56dfff48276af1,0.5223190521582639
c71de3928b178b29,0.5477396220069845
bfea4931758e471d,0.5459067380235589
30be5586a9387f77,0.5461719188378641
e0b43032235a9966,0.5132462471771644
b8b9927d5c6deea7,0.4089589400908993
62c430205b3c5afe,0.5086679748811358
f07d142aa4c97962,0.47936578991229584
2e26c23b1b88b68d,0.5012165829626665
78ad9556049c83d5,0.4643391614173713
487f9f8173fb0b84,0.48903649819729567
24317f4dc7555ac0,0.556813055271631
e50497ef3c3373ca,0.5225955649065539
a7bb351557696c58,0.48994227355944875
3e0edb8ef16003e5,0.5600324797607275
564c6fadc9781cac,0.5627598447928348
ae5a1ecafbe652f1,0.4189968088756666
db814d76b598e855,0.5206990234341584
31915434614812f8,0.5590995606031841
92b3f330d60923b8,0.4655607570566498
56284e9399512c7f,0.4855002067383364
2cbfcc92a3aa1987,0.47880784803625465
3d0b475cb4ca641b,0.4952910059559039
fcec00d5c51ef613,0.48872324575783366
a8ebf8faf4f1390f,0.5063347159661591
c47f9d4ae6bb1070,0.4453120322892228
22358b2458ffc5b2,0.4820821334756119
1bd5129a122859db,0.5295865254673047
548d0e98a2c713b0,0.5543283037676044
210ef493dc8f1f9d,0.47195388225994916
666600fffd085a8a,0.4936348100220235
3469be58fcb73f2b,0.47220016236249185
a483046d1241fa1d,0.48499972222754173
44211495cd1c03b6,0.5025488334670162
bae367af1a53ca20,0.43857081480063587
5693223c3358214d,0.475798814253094
82513f4923ca6a95,0.4427413276950598
545d47c6d285b518,0.48576122331282223
5ac52f7eb2805a81,0.5075611134129949
8c515d94501d3146,0.48690159652542697
353802c38ac5998d,0.541159922295453
0b6d41318fc44c05,0.4796471494530552
c9ca1947c3137388,0.5400533803349182
4276fe5c8680d3f7,0.5308583028360794
a6b14a94a68697d9,0.4670116542600822
453f83a27ac76631,0.5529115570878291
595097f2ae0fb099,0.4871065027354474
3136e2a375ffcccd,0.5552338671022532
08227f0ab1a78919,0.5394415996936242
dde5ef25347dbcd9,0.46745648187501876
ed5d46d9656c454e,0.5563042748732845
288e1d4a4ac8fcb9,0.3773014614397816
e1862cd500c544d3,0.4653251685082874
775e6d806bc32cb3,0.5297056841042829
d57da4e7ce24ab09,0.5255645103183246
8827e3c33e2b3f99,0.5489460765870722
9a1ce9d203721da8,0.5735637741075643
b51a4c0aec1a0887,0.5141454164020501
faee63f4a31c59ac,0.5475982723911295
3350734a71f731f7,0.5336778578099355
14f18deb241b018f,0.519831795043221
1e0a7a61d6e63a95,0.47953194582832803
a4a0a93b9259509f,0.4778387824073944
974ff79a6954f2c7,0.5036546327605014
e81f5af1827168cc,0.5042856368245935
cb7d7d8e1bc85dbe,0.5389908956614811
228f0e18427161ad,0.4854128764812974
2419697ccfec2887,0.4593563498146369
00cc6cc0b23f999a,0.4820190811163956
2ae8a36b5e8b7007,0.49819462378248747
5f4c57d2dfe9fd91,0.514782782107505
f9cdb3b5c85fa929,0.43046503220911647
456215a4ea3ff91a,0.46350055835123594
6e7bb22e5ec9c749,0.4434700856973336
495fff75e26d75f5,0.40276654198673634
24fd98dc227cf9fc,0.5222927290590412
a771d5487d9278c5,0.5340079011751228
14644cbaef15ecb2,0.4072140251738142
e110b57075c11f67,0.3808748828693421
614ceb70482da031,0.538902040804532
e897b3ba8f610005,0.509596549520172
11897545217539a9,0.5560646107489593
c983af86f467516e,0.4237369784172861
bfe4d9d3e21b9a2f,0.41497420621233405
57a02f4c6b6b38f0,0.541523650658045
f2573efeed0e8973,0.49207910998331483
57471a8a256f7dd1,0.5479690680711289
678a15f0ee84dbb9,0.5326432901694473
f2ab0f8e7112b7a2,0.5339773981558762
c125d7bb4a186f18,0.5194938489679782
06a145b58a84ff5b,0.5175923889560196
176170807c419973,0.5434547203371756
1dc1c2c5ee005cbf,0.5493704244596477
7fe819c32f7769c3,0.5457037502380799
c98f7bac7bf5a92d,0.5146087935122345
747457698cb675ef,0.41468538266122645
72e31f5902aaf2e6,0.5033425552320183
a77a07b5c7dc1ec1,0.48695370262241466
a7d2dc545e5c067a,0.49199261034354436
c6a80de61b1c5ab9,0.4687296338992959
46f046cbc6867419,0.49270559703115446
6748bbbbe56006d8,0.5549088536698374
981ab36022fac347,0.5138923840495508
ac883a7837b4366b,0.48669240551671566
de4e4b35ac4f840e,0.556285530072768
81b781784b3f045e,0.5553323086051123
97e37762bab9e78e,0.41594813383381457
b71357b6fdde9c9f,0.5250034525291671
f4e716005ed01858,0.5533775736511621
7cb8e07daa580024,0.47297000858468663
4a7879aaf144b20f,0.4985513124886729
04d8362a314ce927,0.4876444995582885
90a974395a97c34e,0.49307316170687976
bf623c139e009c6c,0.49173984366358026
047fe1626af37716,0.5018394121173507
8dcec2d6851825c1,0.4392888081470361
1537f4a58584a261,0.4801377759987516
2cc943178c0b004f,0.5345961130733723
4bb44477133f307f,0.5580736502109578
34868b8361542b5d,0.4768178759866394
71f7a50c7a4ca7bb,0.4914026394005684
34fe5ba46c689a70,0.4718569405694317
208b17ec61b13a4d,0.48728717710250646
71dc2626a62c1536,0.5097540720725977
1d03c3b3026a68c3,0.4471069088229772
c354e895d0aa29f5,0.4776225277759576
d2af5181b2655996,0.44242891688246666
d5ebdb56861d5df0,0.48918976596155395
b7df115719a954f5,0.4882547438563255
d3d85c4e21999ae2,0.4843011526674934
2675b643f209867c,0.5400439638655212
902e9418ae98ad1b,0.4885204494228611
9d5200263f38de4e,0.540295904036787
e5a8860aa75d62a8,0.5242622263558658
60ef33551b1551cb,0.46668010179574515
c58c83357f5e6df1,0.5437855624181407
2995f0ea6a4cb36c,0.4877427399497487
e932ced5c74754ab,0.5445512925533837
8d8f16523e3318d2,0.5367311285515732
9f4b246123365acd,0.470659178856338
d28bc012e7382651,0.5520268592002603
b72fa6c2502aa602,0.3770214559455731
6ee06a78d656039b,0.47298319205930417
7f1b1e3f51951796,0.5267380316117927
39fdfbc9477715e0,0.5137884574068534
f3d5468459d1bc75,0.5422868821905584
b1809bc58062c715,0.5738189755420713
dcaaf395a5f4d2b7,0.5133221653569537
62e0210f9a1eee95,0.5420287341328565
c3c2fab6237747ad,0.535458667191643
924e017376a8ae5a,0.5166483537737669
8d7766a0ba2f158b,0.48018463344871
acc4b41aab4823fa,0.47415399034429384
4b6949ddd4f55581,0.5190991738070011
533f9ef31318eb7c,0.4853612978358547
bf0140e2bfa20493,0.5444344531261178
5a6711057f0be102,0.48107101987075773
cbbe5e5afebae71d,0.4608259672122329
5b11542f4612888b,0.48234940359315126
dc67a4303cf26621,0.47735126995463517
c3a9cd32b080ab07,0.4926277676217534
e6e01e0ccac59e1d,0.43165303344537087
fe8e7e83605ea4c1,0.4638721362326872
55fff0c0665d4213,0.44384204162125607
a0b3a1930c18c21e,0.39145748660746205
5c792b45b96c6bee,0.5159120050200832
8e9dd8cf42d5ff8f,0.5314349763438928
6401bbf5e2f4b5a0,0.416448768488454
6528ed505f3dce48,0.39122615875816913
dcf6370d98a8fcc8,0.5447667078794769
57e18d5597d8960a,0.5012119618435732
02be874852cb1333,0.5540214768972539
06cd4f7449446735,0.4312899068449829
611d5c993ccdaa0e,0.4027870799796258
3d783e6f998dca4c,0.5322909709822536
ca131a0e8b1210cb,0.5057892546644769
601d30de5d9e5507,0.5441127653406674
f0e551d9b30ee992,0.5198269398804088
9b4555515dcb02c6,0.5312443172086099
c7df2577e313c4a8,0.5133039584702295
4b914e3c3b9f2d51,0.5134428762833099
57ca89e650675b99,0.5513814847869892
a8f237cd238d4454,0.5404219105410248
04672f145f33e981,0.5451697216866622
b588a7552817e7e0,0.5142295725691521
730d885789235ddd,0.4229412803830661
7be5b8f9956520ef,0.5174937157507655
9209f09524e78515,0.48439820337882533
bc29a9e2b737ace2,0.49934751525184207
dac29fb76d77c1a5,0.46382044179673443
15b29a45c2cc37be,0.47308483702338044
ec6584aa7b153fbd,0.558190942912471
05b711cd0892008b,0.521323626119541
070f8cfcee2fbe5f,0.49630384729807575
ee12984890c7ec94,0.5575604280786894
50dd49b6622ff651,0.5613906134086192
ddb40ffbcd18fd5b,0.42946402350448665
0d0d6d8cece02156,0.5232508579924822
4faf09fa15c0587e,0.5606114341746455
e89aaa34aeb46f93,0.47101906671934335
75e0523b93b6e475,0.49217740454792236
c7147e4588fd0178,0.4766542565585179
5416700afab93f34,0.49905573270785775
886c5795003ff285,0.4955311085707699
fb11df0738ade1ff,0.5051663251387495
61f346af2aa273fc,0.44662868308370174
6830a8430346a4b0,0.47949597203696714
79fa3281390e34d7,0.5241634257259641
d4a90e61d0350a73,0.5552202655595393
16f530aeeb10d234,0.46883569453448026
fbfd5fd8511a5470,0.4865215531698841
8822982104741e3f,0.4720790309688724
ff2d5e14e08323cd,0.48386655539328016
fbf5135dcf89abe7,0.50630656190281
1e3220db4ffaa7fc,0.4416206501890467
63e02b555993a118,0.47781895737974056
f325a1640c9bf27a,0.45042346813679024
b15d323aef24ef9e,0.4744586790364741
b5b9769575744da1,0.49862036335723303
e6205980412246e3,0.47066556916153046
e81a27e5b5a01181,0.5434441031134518
0a0590e733397c73,0.4852867581110226
5201c469585d823d,0.5329875418092374
4e5dc5643aab7cb5,0.5227079836834482
7203f592ba09ef87,0.4628279585229773
9947861ec249d5ff,0.5486883233514293
9849355ade29d59f,0.4945631734497148
0c5890af8d0823e8,0.5422536144936372
b7f0646d4a76c288,0.53783039397251
faa9e6aa083f0f6d,0.47090000574142854
bfb91f879814e1b7,0.5599503088076673
4af0f617bc812ad8,0.39509237066040737
1232ab162bd14d72,0.46517163005403606
22e54672dacaa095,0.53280359226725
b90f3b8b9d4e7e2e,0.5059384868090453
4e6dd7f333a63729,0.5463944986227174
39cf3f0f135248d2,0.5726178134089228
8a9c63d40abe4d88,0.5083955549169497
24648d44dbd62726,0.5493066973235334
3df8e20b795a2224,0.5415452994593093
a5d2b177655c05d5,0.4973536457245382
539b35c6af256b8b,0.4810802370825482
aff6cc71f1db2f19,0.46801285300284456
15d2455b40d4992c,0.5281842622127076
e21f8be20768efed,0.487647116297229
fa5784d6dbb9bfbe,0.5284055074410934
d1445e0a94046183,0.47940874867736794
6e749b4258232ade,0.4715105251255176
4deedb8a816aeb7b,0.4845497154985102
415e44bafe3fe1a7,0.4997341945257381
3f23b975f3ac8e51,0.501003080269562
a8aa670a0cc65adc,0.4499075861826439
8157d34e3eeb2583,0.4613993915444402
5c2f28a94a32febf,0.44087388122291915
8d83e4185eabcebc,0.395192037967091
83197ea597aafc4c,0.5092861393113375
b4fbfd84b254d105,0.5205548327051186
313dde3beaaf5b4c,0.4127782335507124
170d9da42a4655ae,0.41494132619919144
2e8a7cee79ee73f7,0.5394291596054872
e145db45915eb32a,0.5017139460756943
431b995a2b9af40a,0.5585520847007841
b8a85d8f0cd9264c,0.42807896400567524
d756ef2c8a24dee7,0.40054746951689846
ed8ad03b25b8df84,0.5399830948056487
9a91f1cd4d6ccb9f,0.49787706185544367
3cf1e50abab8e258,0.5389268324795078
b12b75f28f18e4d9,0.5422724184857944
0378ada24561b6d9,0.5245903870042365
8e1848cc2e0d5c51,0.5074644967436132
27f44199b07918b9,0.5253602931835927
12ad2dd90eaa581e,0.5620127465712867
dcce19677db27ed3,0.5462225242132521
f91fe1e478281f2c,0.5295374390465328
fbd83045c20bae7f,0.5121148848973143
17b430fdb592f694,0.4195824653193593
35d5a022d437405f,0.5081031519204465
e93d75e1e76a598e,0.4904880924050625
c9f4aba77d40d1a3,0.4962253868859461
28db44d0f3935e33,0.46423194576258453
7bce995121f49e95,0.4825599091264431
86f434b6c4e212a3,0.5556351165814408
f053277cdb4e6365,0.5101650026328528
c4becabfa235da35,0.49717242062282874
ef6076db42c5a867,0.5603346062281325
08a3ab771a30a1be,0.561201509325693
85a88a22dcb9f8d1,0.4416092856174838
48d2987c387141b4,0.5321345997526725
bd0f87aa1e3a9f3b,0.5607336377324784
6bf26c39293afa5b,0.4758553736902802
e57aa379d392dbbd,0.5007612181548566
b116b717e4a85919,0.4811602634213391
1c8a14d0e95e9642,0.4906596589839508
a66febf6eb59fef8,0.48898446397703355
d2da3339014a2447,0.5086083029992146
634f01d1bfac49ef,0.4430230769274184
41ae7d284411e9d5,0.4798610196480261
58093978b2ff6b0d,0.5242019320425186
33859dc249252693,0.5560608803760805
6ee4436376cfb127,0.4676731124098614
aad71eda8a3434ee,0.48864752062940764
003a90c29cbc0dff,0.46558262847547305
690400151447de5c,0.4817913497944415
a707190974c58819,0.49720102889462403
226c5f2153267080,0.4410460209161954
49d232a9f35980ac,0.4807929073516479
c36c5e2fc05f4e94,0.460612334985116
4d382cd17e3d38e7,0.47101836431229127
07dd766347babe17,0.5109960963473641
09e9fcd5546c9201,0.4974221793056014
7ef44be9e5b0cb2f,0.5369463446587766
884c7a0607c79335,0.463923877906962
3cb660af42ed5c36,0.538430634526888
37aff082cef7834a,0.5224010844084415
7720ded241b358ca,0.4702295329622146
8c10d2ae2cb07612,0.5472664998057701
bcf0959aa96c9356,0.4870388005138552
93b78d2f8e5beb5c,0.5409024878382764
65056e61a5ce7399,0.5411143816422017
44eecf7272d3cd17,0.4755535689090107
6c23884a6423f6e3,0.5566053759526783
3bf1ac9e62bf4014,0.39669193775779643
399471ca64aed9a7,0.4685675605782419
b414bdf9d5d84118,0.516277908136382
2ef5e6c85810cb20,0.5277866338612003
3f83e9ebf677f7bb,0.5333704611533019
74f4dc34deff6f9d,0.5726694220826882
34c732712e61c30e,0.5073931184520071
2b81d836b1e435ac,0.5505900595069892
7e6ffa4b6c6bac77,0.5392391969432935
da7931c88209620c,0.49879527857346107
49457afea32db66f,0.4797723216014018
5cd4581c7c37740d,0.4689487942302224
a528abc2db53dfa4,0.5282044086409419
23b15eae1737a977,0.4924263324203718
6a1b42b943d2506f,0.5329487191458563
f8513e9fda1321de,0.4717767455331163
1b4ed19426231988,0.47445157707913566
c8927d7a5e02d8c1,0.48285676701445546
5fe9253b2e4c7b45,0.5032581541407609
bb6a68c74bd2cf28,0.5141623435266794
e179a8da9575e0f8,0.4450290253475543
2721ad4b66469dae,0.46735501805232293
e9d2a1171304242e,0.44594084650774823
f363ca06af557e1a,0.4139981307066951
3ab737d6a8ed9601,0.5116252262955969
2acc7f14f882b1b4,0.5198976394338612
fd4637a880fdfdee,0.4098006445254895
5415f078b6d5ccf6,0.4194866013978784
025ba2068c131e93,0.547475468054661
9511d031323f3fc0,0.49715652377611985
7b5219a3f38e7816,0.5651901818036
5c05b6662518bba6,0.4195385815749326
4224c8309c3a9ce9,0.4026962576790425
2ec0dee359b67c09,0.5424844175232377
cc3ab3aaa66f03cf,0.5014680596660062
55c371db7349352d,0.5301676308868727
0756cdb5829235b1,0.5271103174540732
d15d5878833dcd23,0.538494961563921
a936dbc486c48a68,0.5061189671754662
639be0450584bd79,0.5237234173610897
219a0f3ba600e638,0.5569570154240971
4976f8ebfc055593,0.5615936486989748
364cbe3a2ba1d856,0.5257038123235933
987cfb673024ee93,0.504577734272657
a840a97ab8542c9e,0.4149395558376917
5a6b2e6b7c5f8944,0.5088079335978037
87bcf20143281c01,0.49635065418801716
ea02fc834e60209f,0.49685481924974306
3b8bc7de66991658,0.4711530033167517
3c9d51770a8e295e,0.4941936457923093
f8a5700f5d2e7e9c,0.5587837480616034
6bb3ff9db89b75eb,0.5173775029771724
506c7317452282dc,0.5029818072324039
33dd1d069c2d8ec1,0.5633514140153084
014047acea0232a0,0.5571290336475622
ab0df90861e583d5,0.4354642171641705
2587cbaf0bd173e5,0.5212902848356276
05d2292e8372080d,0.5610993975021045
8f5e641530fdd432,0.47544546298401824
2ce25221a8401e66,0.4926742983801906
22da3d5bd516c19e,0.4750839434970122
98bfa1dfd6e36616,0.5021771239067001
6cce6433c2f26c65,0.49813442347587744
22c142a830797eaa,0.5069322687401008
64c1c951ef418389,0.44387171569210127
12225780874657c4,0.4755696364327131
57b639ca98084d37,0.5287578279826591
3e4203ceb30a1c9f,0.5607507639827837
fb49eb569fd90f35,0.47235232030603247
e6550820200c63f7,0.4894472074880405
68ef4a33a9b92d05,0.4641283117653833
bb3a25d954a6fdc5,0.4794618503227035
ee0211b8bf3317da,0.4908516878318018
620e1729f9270ac6,0.43905828480766773
dce8dd17798e2153,0.47771565607435795
a45b283c93836a86,0.4525836122465575
91eb27f6f91d304c,0.4805972669791725
d4f7ccecbb6b1516,0.5175236303144991
af76ea684a1b8970,0.500623415547987
7dd68f0f5d2efb7f,0.5215322760083296
84a457159de73598,0.46479099021794945
bf5465a928862763,0.5402774885853183
5aa04ea3279ec384,0.524271107223609
a3ab3e090304c70f,0.4672073494312462
2b52ef15113bf6e9,0.542543394896928
8e70e8af0acd6ecb,0.4837915544626259
f8e32d7eb628ace6,0.5459159802679672
5f872283c1f48516,0.5298671995248267
ec7e006e2683845b,0.4718385879739947
54f0c51dd08e63fe,0.5507316479472186
f7a3662488f8498d,0.39161893841835016
4f427dd664fa8450,0.46718507658704755
4164bee5836fdddb,0.5248091396063068
7823e7eaea65ecef,0.5137639208315035
17c7a778dbbd8b4e,0.5349215436871841
02101ee316a5ffff,0.5665977626942142
a80e06be0d03dff9,0.5108307456626733
654ca1524b9b9f70,0.5419678996156703
b030e722aabd5e29,0.545413127012398
4cf7074bb777b4cc,0.48927370353386945
991a838c33115e47,0.4756995901750445
ec806e472fe70eea,0.46770515694052006
b97a994c58e1f5b2,0.5355399598932318
6f6e8d2786505000,0.5024873348459359
b21c293d4af922ba,0.5557452554264026
f622edf6e33f3bf6,0.4800245513666773
e6a0635a92614b6c,0.47866125126387893
fb6237fb54715bde,0.49429093006180835
aa4bd3fed5ce9ea2,0.4875621210849652
a396dd8728c3b7bc,0.49924202431978704
07c31fcadc784b11,0.4420085803495346
aa7b0d97ce004d3a,0.4479951062666636
09eb80bef7dff044,0.44465879510209005
cef3d274fc77765b,0.401923325336103
15b23f0eb7c784aa,0.49663912087424444
f343fa287301bf40,0.5178466069055498
698779352be9d2bf,0.41312120349548076
17567f6f781f1065,0.39964189928278526
e603398801cf7c77,0.5475808503832941
5e01495965159689,0.4975390040149371
2018b27acfe9ce39,0.5442118225924144
445bf6902306a4a2,0.4234532733568793
f46a02dfe479aea4,0.4101414855791703
027fc2fb8130fbc3,0.5156819267566634
885405e55500d4b5,0.5028867557595522
9211433ba18806ed,0.5294782239683364
2edb46a589b2e36c,0.5396376401099501
47311932c03bb059,0.5575017238953496
6f836b765e3d07d0,0.5257743843381909
5d6376d054d79da8,0.5222442492182328
d266a1a2935409f0,0.5709705880334539
9d3d08286566a70f,0.5517260636437249
95bce0d823424e05,0.56545654635125
21101f2b0b6d6245,0.5268195790194838
011f1c63c8ebda37,0.3931582085699248
01d68e746bd8bd22,0.5106293646933744
a5691b78d4259544,0.47501858681243936
5b722a8de65e1656,0.49864239097780494
850cd71912138f0c,0.45680151197859564
deac7b7e4c233cfa,0.48195429602027384
4dfbe72d46dc5398,0.535026360827042
39d6e759260ba18e,0.505895465601709
bc6a47bd1dfaee70,0.5007319730834302
9786b8220ec57f75,0.5512757717301295
8f0e60ee74f64132,0.5364247530574144
6193bbb387d697a0,0.458732782311708
f651afc7098960bb,0.5152220486145885
1d80f17407784c4c,0.5526870895442834
3656d4e8fc27b4a6,0.4839656494349368
384fb76b2010d08c,0.4826538570704072
9bb60cd3b7df15ec,0.4617638093429386
2218a5c38ba6e13c,0.48267778519839055
3f7345a33270bf48,0.4964174344946979
9695d0afb193d53f,0.517054621828893
b142e325b8e64e07,0.45009058869354446
ca92e0dccb5f5877,0.48317787335734474
c1acccfd65652db5,0.5207623634353701
ae79fc6b79a0681b,0.5555361234282132
c670ed01ff031b39,0.4748434145538635
1b8aa44471775b4c,0.4909096815248226
50247e9c6bdaa351,0.4646583856032198
5b2fbd41dac8c9a2,0.4704758216436249
76da9feb39987857,0.48606183933805824
8af8972bd18abe4f,0.44308769610482535
2387fc2b75dd5b0e,0.48277005398252637
87405a9e29f6cb32,0.4674315981594005
ca16ebcf647c129d,0.47402702971622923
c4207a0b0239a1a3,0.5222616817494754
13144038df3cc8f6,0.4881178350656892
b1b6b88822adbbe7,0.5284791927010993
6fc78bf21a32c7a8,0.46176516183811467
8a88b467a0c7060a,0.5151257384545647
591e868fcdbaa950,0.5114268339449504
bc635c1b3efcc5db,0.45790753631804715
1e5111a974737753,0.5597958462176041
a9a23ae4878d3609,0.5082555353254714
b194236b43f417df,0.5163207996719723
7093e1ff6830a743,0.5548765576811866
42fd9db80143e7c3,0.4893340795953962
eef41bacf8a63d99,0.5707179631040169
8b87cd8108bf719b,0.3893733330558098
7a1da6d1d3e6128e,0.47180418408877
c0f65e304434339b,0.5118862438537906
c6e383c35dd9cd65,0.5122226258930727
33b866a144866bde,0.5227898166943699
4d4789273355f5ad,0.5673490429918744
627403f01f720e10,0.5154165293876165
ea044e0235e8b239,0.5410290917965644
a93dc12eec2f020b,0.5400504280940486
315b7f487cce2258,0.4945580347051193
dfaebffa64549a8e,0.47541684067745893
b2501373f659dcea,0.47348708612350343
c4081144ee7011c5,0.5375223222648541
db7d8f2cf7971dc5,0.5024701012103489
0720ddce0bd3de93,0.5617333090985814
63b56f973651069a,0.4774892943832585
2353d3db109f4116,0.47609618570361345
d8b3a3017683650f,0.49629723874992193
b826729a66567778,0.47818200495504615
55ada51a49f92c18,0.49830344580333286
d8585cc542a3fcdc,0.4445566154236875
f1be32ba9415175c,0.4540847497753463
38aa0e6b868091cc,0.44362471255009617
a5dfe00a3f962215,0.40488857059662375
adb681d9a3e65a6a,0.4973737798868094
d736f78d9d88c5e3,0.525571831113343
ba771e36ba7230b0,0.42182369681584697
5a3507cf73aec997,0.40188775683349465
aa4a381b4938d64e,0.5548981416292422
b38d62b49563f2d9,0.4936793000032922
eba728fd766abc5c,0.5482326193282889
93d441109b0ee6f0,0.42274505511522575
93bd8b429cb3ed82,0.40745572025679366
4fa97573ca256ec9,0.5259665593432414
c1cbb81aeec1b353,0.4991120981415802
552ba909647ba1bd,0.5327402472026066
12cc6a05bfb98ec7,0.5438913981721104
1ee449a96f6da47c,0.5646298711526905
b9d4c17bc5f1d44e,0.5308122777506199
4a9507852395f9c2,0.5197999336509214
17780364520c4b4b,0.5693192611735198
3a3ee4e3ffaf50bd,0.5675879470075345
d5f11c2038d963be,0.567021016863376
2c74104ff80eeb85,0.5229377570819784
1c69d82f111e4b91,0.38776450726506395
5c0723d6b3499f31,0.5063935419516655
c34bdc2a03dcb1fd,0.490315776946468
9caf6cd4ac3e9abd,0.49496124947704645
a12b7a6c6e611ec6,0.4580368944434452
139e90b66abbc569,0.49836986169567954
aed09f8cca233e98,0.5424121830800808
3a802b924be6c396,0.5053292496562796
a014776439f90f19,0.5134089958977933
4e7c285c754de22a,0.5405440647510124
00756ad0ca26e3ad,0.5369786948245083
7c723a40f981c27b,0.4534983438676239
c2c19eb0b9ce9f1a,0.5213364416378701
a78e921dbc37461f,0.5490803730683607
4affcf3394d2fe90,0.47975057312847724
08b7cb32f915689f,0.4857576117169977
d688576724376d46,0.46786783156988987
62c52f4b847af609,0.4740168594093015
9ee03c2b1c4afc69,0.5003660707406561
e31d3dabb577400f,0.5138099393952207
bbff7cfb2bf1b60b,0.4496008610531992
d237eac91680fc1c,0.47526093237809575
937aa47540171224,0.5224111221284585
3f704391366d6e00,0.5595657916187395
87af548dce305653,0.47102745000622226
0d0b64de0e564cf4,0.49693753581021705
33cb2267f1e1df48,0.4660715270099034
83b54247f2b1d1d5,0.47679117351246436
86fce9b490df83a7,0.4898887617213521
797fd216cec5e5ba,0.43996999939630355
16bf8d44f2134a43,0.47545320399853486
e229782dd1131d0f,0.46370669033010026
f0e54801c596ebb6,0.48142638154206674
b07003b65fa7c934,0.5228773869626275
418a24229b0520d8,0.49280662048249346
981891577e13ed5c,0.5261339617091776
1edb84830d1daead,0.46700278257533423
cb8ad9588c605e62,0.5196724145152393
208c7887d0443644,0.5113705986030537
ee2aee80dc9b901f,0.4588429275611656
c74d63b98d546385,0.5558748781890004
4dc125db384ca15a,0.5122835277666491
a9080cbf707beb95,0.5172746156456756
bb9346b64cb62723,0.5520764629262317
e5b22a2a6264b355,0.48196817644404144
4f2067ee52a739ad,0.5624386953354068
3a92843af5e3167f,0.38402403087900516
36b31314f0a2bc3a,0.468216131285042
96df4f591274f8ae,0.5150700913972391
9346d8131b2ef41b,0.5094236163742163
8e57bd75cde37a51,0.536455842350103
c93d1959946a9e11,0.5676267463589268
2693fa179f559367,0.5228519973492112
23de3a12cf2584e3,0.5384685431610321
cf212783476d6bad,0.5435435253382563
11b056bac931122c,0.4960674901017943
95a9baeeb4036b39,0.47347713066511976
ea8e575b90ebf3ab,0.47840829276884556
d5c41e58c4bd29d6,0.5330864848110879
61e2c4a89f1b8855,0.502136283684915
14cd86c3ed92c107,0.5487659363097105
8ff56906f5ab2fa7,0.4737014404609716
e442dd133047ff5f,0.48388798572293135
afaf6cecdb55e4c5,0.4897259109986011
86c3d7d199b356ba,0.48696593487526496
c1832d946ff4a09b,0.49882703226924485
f852c845c827f2bd,0.45083817064207254
900d4ebde2b4e6ba,0.4640494791698555
41e760ea562b9544,0.4431905237616949
89fd5d6ba74b2119,0.3925972895392591
c3f365124589d598,0.5032032798133228
1c529092b8346d66,0.5204035586068239
c770d2b55e899722,0.4161245996044318
4ece95eef7aab9a3,0.39093129558948503
eccb504314eec76c,0.5537125066833244
72ee2bb669125be0,0.49263265096664777
72572bb161b32bbd,0.5509043910961665
95ed16e0ef0ceee7,0.42559693132096166
e70511b0c28a9355,0.41100666847949396
383d81ebe7f8e6db,0.5256219240644677
4277af811357843a,0.4936758059034946
d678fd5a579f0fc9,0.5399907346343032
4d7371cd5bfb9528,0.5528711065035866
d71f477aede7bf20,0.5588586919572556
bbf72fddec198ec8,0.5297236631830734
e7d708621ccdc73c,0.5171540063597074
7e4a1845e79fc234,0.5733779497667923
a7d6afb2bd8421f8,0.5668721903653926
e23fad94ee648c2a,0.5679935580139073
fe4859e47d9847df,0.5276369593431908
a5e9a4c85271f139,0.3955044474405226
e105dd20865c3041,0.5095117077953562
2285a760c58468ae,0.49935999700771627
9eccda69510ca6be,0.49923013118297654
be4b3f233214a104,0.45792411841076464
8c6415af84675d8f,0.5053392725208987
76ec86d6b665af4e,0.5349497170176909
c394929478541493,0.5070224932402225
df64f5480bc529f3,0.5043137987338066
1019a16d33bfcd4f,0.5292406042692598
3e4183b4a299800a,0.5279419966774959
bd25946151d4b112,0.4585608681794916
e5326de06c686ad6,0.5202490200745952
a0c411ddb546e469,0.5566959509231665
cb467de6528f38c2,0.4867308936027035
dae389077a650635,0.4895587981881864
0d802a18e8fdc64b,0.47091737962187474
9e171fe776b98948,0.4795450418972762
a514723f814adb27,0.5099260262088081
e97e4313cd95d36c,0.5179636621473438
1edfdec5d321a1b1,0.4479978418100584
729fe43fcae7dd4c,0.4910894074225962
1ab8505949df60ec,0.5304484238184244
3f364f76e1e088cf,0.5511904291372406
a2e7b334acc05d65,0.4620565796122921
d106e2a559b7cf88,0.5038257630299107
8bee7933b06f4b13,0.45398103988038063
4c7d38eb8d63547f,0.4702184302448509
466e6139d1056e8b,0.4896115771923951
a8ffa6ff39dde133,0.4407253633762457
1e697a6d864d2101,0.4860706630526732
bd345ba9b97dd132,0.46127586350701755
39c89ea859d2c977,0.4809505945486918
da3daf6a930bb254,0.5312117003457774
b8044d170ba142f3,0.5014620734295925
2ff039f7fbc3b6b8,0.5325723370155386
5778af735111e7e5,0.4684233693890645
79669f0a9b1f620b,0.515980023452963
d486adc02c28dca2,0.5229070950583958
926cdc2db4f7646a,0.46159033403997607
3ffc5f0cac961f77,0.5594373345719763
434ed39ca3c57299,0.5121610423957061
50942ad3a7bd1e79,0.5117643595141488
86535145cb1a80d4,0.5486516581841951
5893d949b1465e5f,0.4899308450276718
27fc60dfe78738f5,0.569159932051359
5410dbb37effd442,0.37957633958898784
0b88ba264fd10a2b,0.46949166065728964
1ce28091eb6fc09b,0.5169815651657937
150ba6c1266e829c,0.5157244117030312
0ea7dd08932e7c6e,0.5373664906966689
779f5a90465a5253,0.567574907809167
939b165af9fe5dc3,0.5309666177930468
4eb642e965d5e78b,0.5384642844554661
30e5cc941b968c31,0.5507934877021983
07e2d19d03d40be4,0.5096726228035233
9cf5fe9bf24ecef1,0.4791153753122023
229764753b775600,0.46628659379688087
3056ff22c6e319a2,0.5252555641522918
cca1dd2740778104,0.5024566357479541
b3b09fc496d4b0a6,0.5567991778285075
b18ef9959555e02c,0.48090264372505
f84e7094ae641065,0.4670261913605266
1114685ff894f587,0.4902948737333309
27d50e89d3861af6,0.46728129761214565
f75463606132ec5f,0.4985155894905312
f8d703c8c62bcc5a,0.45240156982534263
0f3d3930599e03b2,0.4565459057400135
e7265bc5579cbbdd,0.45523246968837205
36bb8b2be07e9886,0.3917356313078423
8b518e7a69c29462,0.5147712663937305
1bbfaed36e6586ea,0.5255915048591902
64216bb3b37899ee,0.39730323090472874
b2ef72af63f57f4e,0.39709879014994853
049685217011814f,0.5480646034288803
6174870c0b94cc52,0.4930989645116869
e15176be04f797a4,0.53762863880796
d7c79366878dfefe,0.4319809819674121
e912e5e8793f3df2,0.41698679968942276
f631dcba1d7e51e3,0.5103126587052454
04231ece0f03e2e9,0.5002206055642265
c4ea7ee4c4e0d2e5,0.5378328756140525
618c7d81a76773ac,0.5482665425755311
6fde2f4188c2cac4,0.5577973230232884
2a371db324427fcd,0.5248097254299727
a51bc0874696c044,0.5213454818625699
86ea437ac8f7b196,0.5718473498551077
38033ca870e19a8d,0.5549200501033323
a3a9b534d753ec83,0.5493008754491738
42bfa19a629afa12,0.5276383380133279
2cf52c284303b102,0.38074039076401445
aa9487cb8a3e1315,0.5019883268965305
d301392b2316327c,0.5022916768573488
2afefa93826e74d1,0.5045396749340381
f563f60128fb911b,0.4540433781246822
23af41c15c517141,0.5086858316064091
4b9a5b65faca4f8f,0.5373393431438852
1ba6355cd024416d,0.5127652993334386
00c0d0fbb4c83a09,0.5015739954183743
eb2de2f99cfe88fd,0.5488349851455862
85e68f49431396f4,0.5256937024010362
213f404cc2d1bb08,0.4677474437903154
ed77b58f07395220,0.5118716912303007
67289e8e892efbb6,0.5325673533099801
5704c4265c354cb4,0.47740420268731487
6f46ad078fa79a21,0.48937156438167684
f8d6d6f645a9eaee,0.47609590410075475
a1b00ec7bb81e098,0.4769637899019099
d5bf6f7f7aabbe2a,0.5140709194955763
76d289886571bbbf,0.5190396783833409
0bf90fb70ef1a459,0.45524806804350404
f49ab56057191fff,0.4826441736065187
116b9aef123fdfcf,0.5202320181783701
e67c5be3a404ac13,0.5412332215278803
c61007a8ea032011,0.4681824039708117
27c5cc5c7388fe6e,0.5172728523717731
650353ef86bbc75f,0.4624975900449977
138b6838fe81591d,0.4834944763952025
4b561fab56b6ae3b,0.4943763269768735
dcd4c9ef61e12caa,0.45144352047269387
cedf353928b64e7b,0.47494210750715904
ec6ff6b0b0530c9f,0.45987615909012214
cd39f1a5d4ea4107,0.48028987244146015
c58cf06f5494d099,0.528145395928986
88be65c7f6d6ee12,0.48847170307334686
c3452013377dabf7,0.5309929698247509
f1aa60fcd0eb2561,0.49969224383897837
252d3d281d6bf93e,0.505327027967035
e80760c22b7576a2,0.5058037522557431
e0227c1c7f1f82b4,0.4594076903871581
ce609a1e5adb63e3,0.5557601267090918
ab7788337854bed9,0.5129320994297435
631eac940c53ec96,0.5015803703893637
552948b2072356b4,0.5489449801631204
ff30588759ecef25,0.4844784063575903
2831e200b73b1218,0.5732698325103167
4af43f6592f09294,0.3771656064319029
e090690603ee8ab8,0.4626220337505311
800238057864f9fb,0.5250615280890296
44051813397c1db1,0.5029703736365155
42c66307bebc2ecf,0.5447116241643429
7d86831b3c76dfb8,0.5657899353304648
4d1fd8ae9df777f8,0.5314496434990079
bd5ce21ee14d0efd,0.5417760622844252
e19c8667241e0438,0.5635444647092918
038208fabebbb8ac,0.5102371177306537
18e1dad1f4cf5915,0.48338666235131644
485e3a50415c5c79,0.4743081079239022
7fc41a8ae51b5d23,0.5246386665514093
da3694b47d2d8d63,0.5069185949934847
dfcadd0562c24405,0.5640181906001804
e5b5bb2c1d6b6810,0.47787369321615025
494137a71424fe21,0.4607786706949729
b4d4160a79092af5,0.4920197127445942
998bd161bd55c308,0.48016785193954903
042b015bdb04c778,0.5011114965969554
a6ce7a60d64b036c,0.4412396345208407
fda87b86de5fd754,0.4549010222036656
3bb6c021af53ec4d,0.43637127420015287
c8bce993129dd7b2,0.3822111639926544
0de534f9cb0577ab,0.5130531869018367
9774720283db513f,0.5281977030237173
91f797319cc12248,0.4037937523220718
e9a8b4c372a0cf45,0.3925124897415868
79979e5d9a546be7,0.5502204122128707
5de996173abf9efd,0.4985841324798358
527f25fc7685c770,0.5395188311556982
ef4cfb3a4a29a501,0.41902164763885774
de1ac6aa882eee55,0.3948748179815168
a357c43964810834,0.5135662292668652
13d9953083b3502a,0.5044235343336954
feeae9aae7f31140,0.5400179582818763
5f9d083c9ce62334,0.5495449983252676
82db41393bb95cff,0.5469676678436468
49a5af0c9dc6d452,0.5329516909837495
12e03a73ea742461,0.5201503458026503
9c76dd6d4455ec89,0.5596710846220203
b4960e2633b00f00,0.544961643558216
6aa0c29b5af4c64d,0.5489868854186184
124e60654027e4ca,0.5295677747576366
0478a1b7706ecea3,0.3795975318437945
a14053d851473018,0.49801279875185145
96fc4a8a55f54c02,0.5081519264026324
7638ef5321703390,0.5038604968564839
b1ae6f2721b43101,0.4496190295177378
fa91bc6cb8289ee9,0.5097418369006188
daa528de8c37a5cf,0.5259154463805342
3c5817d72a4de7ba,0.508997795284076
7f21ac25f6ec62e5,0.48998676332821633
5d4d928a8221ef34,0.5479575474539312
ba90bda52253528d,0.5380989984836606
be5cd355b4cafb92,0.46352257645231854
484449195ac98137,0.5197280135413402
950f9949bc2385f3,0.5254054930632461
b09f1a9b7d8e1b44,0.4778556895974493
637695b947fbbfa1,0.4940509892945122
46a904e877e0acaf,0.4802197570017266
7ea543469f991353,0.48074602595788696
5c8f453225701f5a,0.5105418361903146
0dbb60a996fca5f8,0.5341620447716873
51d098cfa8c552fa,0.4698105942483445
d5114cbbb66a5b98,0.49200997305283123
37cd965ca889fc8f,0.5246385925446556
8d51773ef9a59bc3,0.5504330970683614
bcb90de736e68df7,0.470897894602223
ee5e6751f03baf14,0.5124338202935634
f56c451cf0c0754d,0.45976173312216273
7901cd72365b163c,0.48795486046540804
7696a9a8bada1d3b,0.4996904537851645
69b1f922287bbbd2,0.4492649563215797
cf8ca3980125b729,0.47329387785098154
120bf1a36b9dac68,0.46605636735936906
79a199f6b1e87600,0.48052844681471063
a79f6367e227e94f,0.5292769840037987
6ed23b0df159f0c6,0.4868991156768204
bb4f8e554ddf35c5,0.533168168725096
a26e9a0165b8b9d4,0.49452840725761005
35140b2d848873e2,0.503754111868849
1ce52c5447c6be83,0.5130431422871486
708cf0a9d2c18e09,0.4560334089296466
b4dafad5a0e6c1ad,0.556536877077997
37922e017566318d,0.5130036751597573
6c786099e0cb57d9,0.5038160403736598
20b125d4dc1c3acb,0.5462106689897168
2562c5d6f2023873,0.4853124951244493
1aa6fa187dfd0c27,0.5698203659542432
e19598f4a0baec53,0.3736471426185508
9577c5f2c20b690c,0.46842594283264893
6ee227cf2b9d601f,0.521229902217323
39f28d00bc793d6c,0.4985627887912626
62d03797fad49af4,0.5428596964524398
a92a5d15240b877d,0.5480335024816959
83da416da44c9f67,0.5241912057424496
7885aa4881af9cb3,0.540239908940707
1b17c63edbb96cb9,0.5628211660654975
d5aa2eb38ca89d5b,0.5038955141216832
7b35d89783241f90,0.4827637655991196
becffef590b1cad6,0.4776561647114268
1f8ea804a7e246a3,0.5288266613307113
07b09738610674fb,0.5057777387445077
d3cf7b3b8bc9b77a,0.5565902896061837
ddf0ea1b35f1d1c5,0.487382694707144
7022c4248a02c002,0.44571296800634264
37703c5a6a282123,0.4951244469993662
5a9bf2c02929f3f0,0.471379098040135
cc6c7fe2fd0822c4,0.5163540730858874
11bc08bb8d88ca50,0.44159388086370477
bea9cbf3f971dac4,0.467313083382211
71211192e9af86d0,0.4067843695014244
f4ea3bdec5717304,0.3895462093229616
ba108872f1b39633,0.5133891621587952
c24b1bad74f746af,0.5239505927484724
d60d8a803e292d4c,0.4036829448532966
ecd7662ac8d3e37d,0.3976515662825493
18d9acbbc571f3d4,0.5470031147213834
6b259c550b732971,0.4920002815736152
27cd788319a2a19b,0.5402501150544975
e1a0416252184160,0.4249879723286425
6ac8af1830026d75,0.3935262878704522
706a8dd3055a8d02,0.510546258323586
72ee021f86d50ef5,0.5134588137145033
61dd0ca46340df1a,0.5359215657177416
c67e295ad849ecf2,0.540910258958756
a82773b2c3749117,0.5632883409212434
5450d754232ae30e,0.5424850152140592
6328e5b7896b4d50,0.5231736734477217
02c3973a5d620de9,0.5555135773104284
74b8d0c2189637c1,0.5553584664830526
87ee40ea256d7e2e,0.5521330341264106
565b169c4db1a5f9,0.5314465975098974
d15144816a75d012,0.389852859767448
d8d23152fe230910,0.4954511095105303
a0e5355a79f4024e,0.4964962223767131
5ff33f01b35bdee8,0.5024023456918173
494e35a7377f7b26,0.45443173245041546
c95f2874faed5545,0.5066821330173379
d0067cefcf25e856,0.5342159449973372
02bff853eb8bc1d5,0.5026061056436799
8e52b5d9101073e1,0.4938612819579319
9dc7780790149840,0.5546570961514314
9596f475a572cae7,0.540215233174203
209f0578e7cb812f,0.4568546628225256
12a89d1d570f7c56,0.5183004817793401
34e6291d5ac151e4,0.5232907813364335
fbf52e5dc0a4982a,0.4915836634691316
5d40f8f9866b0e83,0.4877345589602311
7f993756c2521b3f,0.49397703016978045
a898cda86a49274a,0.47515315883473475
56e072f8e2fae12c,0.5174108199835767
592d1ae172d0d327,0.5292751660365924
8a4169c625f9fc75,0.4700063279486233
a5717d8270c6eae0,0.4820298639370332
04575a273cc19e1f,0.5254800434929101
a6886abc0e5ae8a1,0.5449211012731204
36d1466e0e7a332e,0.4685605152589478
c0ccaff2d3223c73,0.5158193443097414
9f8f0bdeafea886d,0.46216224438639397
492f9a82b8730be6,0.4828914252227732
645dca45f956c333,0.4938954941226473
5171fbaa5de18abc,0.44890504723423763
141d77034fe2114c,0.4846828533522717
043b23b3203187f3,0.4714559269857337
06ea1bdb8316ad9b,0.47639546906377506
56254b7abdea8a72,0.5241361020619102
7b3c42e5c96a5ab1,0.48041013237264174
bc6b9194f9fada9d,0.5287697659728507
c78a75947969f04a,0.5021243077451634
3c4a2220e64f1f0f,0.5019013329537632
3a02152744ea58c2,0.5115500991949891
85487ce77a7d0cea,0.46054900793165765
2eae878ac23417eb,0.5532930242550352
3d3f31d06b864443,0.5174850816667013
2ce8ec892f93ded4,0.512274870447156
78fa8c6118bbd6d5,0.5488144478014463
7187b4bf4b6f8ec2,0.48336094851742806
c18cc2254eedbf6d,0.5622941966380728
2e53b78483303c9e,0.36861732411958237
c2694d7f28bb1331,0.4772487446389123
bf9554af2a3bf330,0.5239493821916975
c1b04b4c291e2d1a,0.5023804430336294
2097ec4524569e69,0.5447692173599146
7621f958cfa886f2,0.5487684984357476
e7c3c64d9afa8e6b,0.5312780356541158
ab83eaf2573cdb24,0.5340680981924427
d4fd3f97a5ce2539,0.5683748628711678
eb3df600d5638959,0.5138953684937644
58e6d7c21147d62f,0.4893548029064285
29e6907cd9602cde,0.47152109138183074
65ece85c9e5f9adb,0.5296754675175379
9e41b7ea152b60a2,0.5018749564617584
93e80dc6ebd5dfb3,0.566076870180932
a5c976aca8af917c,0.48399399304453017
9e640640a04c7e89,0.4552793608199379
bc116b2278f24acd,0.4985107155830415
fb10c41c56ff5f54,0.4875014991184511
f622909bccb56d53,0.5035367224525508
55aceebd49a33a99,0.44696277308529564
14e57f3450dc512f,0.46652910251623836
8d70bc3c0e581018,0.4117997099424364
5346a9d56721109e,0.37922606393541347
620a84fbb2622ab7,0.5188897717164223
92652570cc30ec22,0.5283095916319874
f435df5d806d3f81,0.40537700712968194
579ca3808fbca57c,0.39508779867463684
77985815415d0a69,0.5520376646219669
589c78b0a5204422,0.4898763923592482
8fce30726d4abaee,0.5244451158949595
8fc11e902b80753b,0.4325132011483588
aa76491982a6a16f,0.3812982711032882
7cb34fb3248bfe6a,0.5119474839423053
f90eece28e32aee5,0.5103190377913008
eaeb200abac835c8,0.5401933935514845
08a5424f05df407b,0.5551409961510652
7fc7a7707acab38e,0.5690972705441452
42282bf4c3f05657,0.5413340467132007
77eb9717b729cfb1,0.5288593945839977
1d947e71301833e4,0.5571312460033977
28e0ec62495be87b,0.5601738024920377
0c728293c4717bff,0.5517250239199865
c987895a1c31f318,0.5341205312727652
870c7ddddbe5575b,0.38987103546050594
10d38cac02d7e344,0.49924457825776825
58370bb34cf72fc3,0.5009943151598438
a57390758201124a,0.5048708233677133
e8d40c13cb619311,0.4546532997926691
f79d1f0631d12f74,0.5030886566731916
372ad545a28ae143,0.536081711831142
dc4065c0c11824c3,0.4962311709201157
6dcb6dff9c26e7a7,0.4958449118619873
d3197a1f959eafc4,0.5475735970727895
01362402e38abacc,0.539260514354889
0def4a4f5d86179f,0.44895719249169475
a61a6b99b072f1b4,0.5179167246029508
80038b3b39bfa5f8,0.5192644347083675
7e10f81c886149d2,0.4874785397398925
0b5da7498dcb6a57,0.48325733988160124
910e5b37b5818ff7,0.4912723745395364
ac49337d381b99b4,0.47132191022040804
83e4e0be194590cd,0.5130126346769684
0563e6f074c714c1,0.5321187984083215
56b0057c4567ad4f,0.4773432149278055
fcbcc6fe6c7efba1,0.48500802366266627
8f403cdc7aa5b92b,0.5285284652145025
c0d49b5071486731,0.5293595466364636
e4effe5c899e554f,0.47727002214981795
b4426eb6f3f9be32,0.5086715615751674
16c1b4efd647e810,0.46293693243650635
b96de5f42593d5bf,0.4867666521100823
8f42e51e9c78cbb4,0.4977509440468254
13ff10645bbcd5a3,0.4568967139217275
4b3eaabd2cc64f41,0.48182218354985773
e158e57a643a6abd,0.46363411899289375
2eda0e499747a873,0.4777794330013715
a53b57b21767cfb2,0.5285481290456868
d46f64dfd93730d2,0.4832494041770362
4899cf48b91f2070,0.5401228596721439
7804899c7cf6e256,0.5001603160084979
931f77fb37b63280,0.511165397369189
8ef827c2d5e11aa4,0.5094424179358663
0d9195b13b8d3382,0.45836330561580696
51a2a50787d1c379,0.5606687899796835
9f69c44fe8038fb9,0.5264029163593789
7063f797d11ff03f,0.5264077208312392
e5b2f09ab0b26a5f,0.5494233698367643
3804ea54d1091f56,0.4831576722499338
af2b391306984611,0.5623523997829754
9815265e8112816a,0.37596998992608555
f46053f423ff6a10,0.4706708718244237
fc8369a6e50eeec1,0.5030697835186762
52d9d91817feec64,0.4981443914110858
3f9712a8a180adbf,0.544534469115203
33e9af55c5af3541,0.5601079441502981
1f2c736cc7c406dc,0.5264869399540109
26301de7f0f9e130,0.5369629951768775
9ef612e4a24b88d3,0.5668188251849497
fb10b0d22369504d,0.505966965590142
b34958cc76c12f12,0.4848147946270911
45706c3cd5485d0f,0.47207981383502895
3bb387cd5710d848,0.5253452579946425
b2b5fb9369b30f12,0.5091784692598887
d28bdb3f618cd04e,0.5680677225786241
1709d04014014dd5,0.48420731385023075
8e069eb19ddfb929,0.4606729750092594
121c1b60365be179,0.4965618645990981
949b7cf3fa6682a9,0.4737956387943454
440972702aa28322,0.49373338460654237
54ceed08ccc3d981,0.43774677481101787
339c60afc09c03bd,0.46101864019858174
046a29e127cd0448,0.4122397384590285
1fe963d25ea59d5f,0.3860693921055215
538cc1b582726b18,0.5147877894102852
0768d59cea4b2969,0.5294734295613023
5dc68b289cb71bf5,0.4028908656664253
71e5dde5948ec071,0.3985787571537912
1c70b1c946fd218b,0.5555810940454748
63596b11dabf1d30,0.4797285365055135
0c0ea98ab3b4c1b2,0.5335765635258286
cb69caa84f887f26,0.4241080460636606
d53373dcb1c7d333,0.3890228678468374
ecf4576a575c72c0,0.508991924775221
bab921424f6b3e26,0.5147221664594346
2f22c673e76bcf51,0.5417757448428822
7620e207ecf29c1d,0.5612239318711363
5cf4340945c92da4,0.5708928390090788
3ea8bb15f94f8008,0.5382043622825523
b62e410678d016bd,0.5405163845391784
4946176072ed263d,0.5651874559392511
b4b48240b1368950,0.5589205712694976
b1722ab370065606,0.5483290362849744
90aefc62ba1cf86d,0.5350284287518345
8ce3ef38666c0d96,0.39036090096985687
759a9d7a99822e41,0.5028164880245435
d6d294f5e5bd2872,0.5043748742021258
bab7a3b12235eef5,0.504648992436604
de4babdc9c5c12ae,0.4410512256107373
c285f1bd4b92d564,0.5052638551398931
b62c1241f3522056,0.5341424096731595
64da65d581399e14,0.5000542475962703
10b40da0c00ff535,0.49118730113257847
cc1f1aa6e107de2b,0.5472876476733519
fa1683b797ef133c,0.5335887407824814
1da7dfcb9510167f,0.4542161366405225
804d1740c75684de,0.5166745144077363
615d949afc2d7fda,0.5288835250187767
df6d8a2aa872c70c,0.4855920086167381
cb8432d0b340dd69,0.48360892782280795
d724a363cad10576,0.490882654572635
75d28f0ece729395,0.4724561680130015
51b3ff94f9a1e07a,0.5092311486487283
7a68b2fdc6a9a24e,0.5298770320043497
02c7a56a58e501d6,0.4637271367952046
e60d827409ddfde2,0.484943811441513
7a969d3b469d46d4,0.5237760530051385
435806d11f4fccb7,0.5309827134166056
02708ca43c93bb7d,0.4798614356183515
f6355bf03b2b1293,0.5054123127894126
6aafad1d494ba4ca,0.4645161584063784
12696bb670d5b16c,0.5009249821795247
61ef018cf8ecbeca,0.49194316857732945
e02a9b59187183ed,0.4635533438824244
f75a68c6749cf061,0.47607296303778546
079f2c6394421525,0.4577063220112696
32c974461b7ed787,0.47246519407431964
72338f166a28dab5,0.5216182173497539
729c4d1c7fef8522,0.47897677757424983
0d5b99b11590c0a9,0.5473722045421547
35ac0ebb8acdbfd4,0.4991667287494058
5bde399cd865af4f,0.5159899927543709
6454cfb45f944258,0.5154567902615459
d5a45ad215d53ca8,0.45206978456164926
1df024e7b541b38d,0.5652469463166442
b18b42daec37f88c,0.5235851176286759
c54ac83674816fc8,0.5166333414397716
b5dc94bd41a5d0cc,0.5558676461592308
fe9d3f950bf67a63,0.4904867147308851
c8f965ddc8e7c290,0.5752982632755992
618018d1c4eab1ec,0.3742744983592209
d94ab9732e477bf3,0.46922924731400095
95b5f83429336646,0.5059219002263431
b77b2fa77df0b96b,0.496682929093786
28a08d6c0bac5a01,0.5481411287840845
7c2fe6c164de3595,0.5564351228943708
3f5ce4f0af619add,0.5279575673459577
0b379cb73ddc8c7d,0.5332782915991642
d9966de14409215f,0.5602381699206969
f89464d27fb2acaf,0.5062300403127676
30b98ccb6d239d14,0.4935093389761104
09cb0fc712f16668,0.472470264820986
dffdd19929b9e452,0.5376918454840157
72e8309d8ec1dcf3,0.5079077030852688
59fb58a663a74552,0.5674403844982652
11cabf64b4852fb8,0.47765220953467646
0ff556f433ffea05,0.47403812014561064
5356718f47b6e56f,0.49676453977401613
ff3b4c4932c15eb2,0.48785004542468735
9f9b86193a114092,0.49047333199666765
d6af99047ad0daa6,0.4339631818829357
f1a96814d18bbc04,0.46586511472303727
76fd8d17f66694d4,0.41666130721811134
242f201885e91118,0.39543558497798426
5a7b303d57434b77,0.5189029126595628
ee83540ea02f6c25,0.5270761563840108
1dc9949c6d4a9756,0.3911021490324864
cc4ff0c9e687b5ce,0.38452847044524807
a55a2097bd28a800,0.5558837701918288
d9d5253b1615adbf,0.4762329586746372
431324c9340b5afb,0.5307451265920881
b912545e8f29f0e5,0.4287073787450164
44cf1823dae54b21,0.389364733042061
a7ead3ffc3176a4c,0.5089761715365336
8df3f0e123dfddde,0.5184169014994469
c017f10684887f0b,0.5339393560006409
820e8a481451a405,0.5566578471929058
6e1c223555c623e3,0.5680893058930514
c8a642c6b1166585,0.538164641700332
26164edeedd268d3,0.5314513090054322
a7242c12a34078de,0.5597429854821762
e6be19e632f24aa5,0.55829178934988
542f1a152454efc6,0.5468394805844254
fa5716b18680f601,0.5339053856137972
626e578ffeff925a,0.38297991294947553
351815e7565baa21,0.49668932490299367
0033c6b43ecf6214,0.4956983359509548
1034b071b3c41dee,0.5062897581094397
c6ae9338bbc35cbe,0.44213054520932404
64c7ba4626593724,0.4953388224355022
2932c2315666df68,0.5402874526691761
1f36a9b10c18bdd6,0.5032810350373439
8eac7d5c64d98121,0.5036259098238611
d264a4771c9f3713,0.5468203202862434
fd02112afdfbf1d3,0.534758936065864
70c75892006eaaf7,0.4615459640506343
395923a032011ccc,0.5103593515047704
6bec9b9b0efb1bd2,0.5450061379975657
c30793784446d45b,0.4861996897487697
680978c1de7adfde,0.4727493188263041
c2736c9ae85d9660,0.4902448458608758
ad7f2c04de5991e0,0.4763471480382502
01152b7785d19795,0.5135230955702091
f43b479e2ef41440,0.5259100981391752
3aa0b8afdce26f92,0.4649764522741403
6b854ae402c5d137,0.48578437711773703
009836bfb62ab42d,0.5338909891739787
968a7df499c2cb60,0.5303216373038875
b7e33843065a4bb8,0.4771493686084517
a1c9ede8cbc376cf,0.48924896905208926
af011ef5cb902ff4,0.4715392046804596
d0de019e75f16f72,0.500985170702952
0bb3da00b309618c,0.4943058223700342
f384a104c6282cb9,0.46433024039445414
ecc9f00d8b171c96,0.47568986554256876
98d78f94ced33200,0.4585338135146787
02d4995ca0fcf341,0.472768328987745
66cb0055043b871a,0.5253478770000153
da1f6c0d5784d0ae,0.47602455053005255
6be07524d9b0d41a,0.5312307985716291
c6e0102a3bd58878,0.5089663279936936
0777a90260d4a2bd,0.514871527515561
8924efd35638691b,0.5258262035898397
754ffa8a2d3ec7f8,0.4541491874271276
3d239c0910434412,0.564600541315162
7d70659bab2c97ff,0.5177409778104702
200c16f19729a8e3,0.520267261805238
ae1b44910a61288b,0.5644279131690024
a173caec6d6cd53b,0.4810357004455743
ed3c1665d30abfe4,0.5766843831144253
a5456640d5315738,0.36549387595553484
c7e3964143facc1d,0.4726158335016375
975d4b42e92865da,0.5102473300026018
39709cb5cc3d3a46,0.5006937999475407
6f425edef1031ac5,0.547935808952388
a9a1ff16b7977dce,0.5754793074204307
d8d59d0ae78552c0,0.5287349847856794
bb344d5f68709469,0.5350402591385732
119ef9c2d4806f5f,0.5691180471123033
b3499c7ddcbfeab3,0.5211978754717187
2d56ad92987cfa80,0.4947626225223781
9af6646476671bb8,0.4715030970025158
7125ff4b70d94d83,0.5340206261994302
33108ab9a1f5c502,0.5147633228594748
d3301c3050a90a25,0.5677967467680693
3afa620236cb1e24,0.4684001407933822
e7e5025743770ee5,0.4738118976268517
ff2b77504a1372d4,0.49552427704791935
88ef6f8e2cd07e7e,0.4816204201313561
dac54023fe755b9d,0.5370153815375016
bd5fd444ef931bea,0.43305617447139255
54dc27f1b630285c,0.4662886168899931
04a4449d96b65ae0,0.4383289650626063
a51a2798f2bdf3fd,0.3875578124223876
6c8d74b4d59c0117,0.5277034049579189
f73352e2934b3e5c,0.5237769727253339
692f85c76f52b17a,0.40112459130936984
4b109b7479cd6414,0.38919735441445136
cb89b6ea7dafaf5d,0.5501280452832493
b5555ce005c10da2,0.4802447049058176
cb24a352f94e783e,0.5327921310205094
56500ce9bce72ed1,0.4323438010335542
c0fe67fc898afbbd,0.3902940908414366
9385172da2560e11,0.5116247619136128
f23bde9cce7bb60d,0.5155824896043748
f23ec6e63372ee83,0.5328930211496871
7f67ac0232959cbf,0.566746039612694
a43b155b551f6f61,0.5719747369100192
eb16c48aa2c19fa5,0.5571585531799379
2d119a45c285e0d0,0.53209575897777
4098c1a61feb0c52,0.5597644933262713
74db2d104072be1d,0.5588913185474181
8c5e8c611646a358,0.5371230537918672
c1fc7229fdc11b6c,0.5326270751060216
e0051e9773a8ee7c,0.3792678741917581
290009e6fc685c4d,0.49806489240879137
dbe30eeb21abfb3b,0.49666832013154616
451d45adfcb23059,0.4992228925285953
c658f8c82b95432c,0.4476011232647267
70b3fa316d916ef9,0.4959450181635763
c88f7849da771113,0.5367804769573657
50198f9b00d12d0f,0.4954823109470402
24ee2e860c7298ae,0.5061198973529302
9c2281f04ee63199,0.5463678207195355
77a4b7ad7c4fb444,0.5365319861675828
776bdc31464d57fd,0.4666974522217816
2e48e234bc08ea97,0.5073449823554265
27adf515110b5bb7,0.5319564141258742
ac446760768aa18e,0.48548181300906057
07d926863c5750bf,0.4739879307098759
2a86ad57e7cabe58,0.47995761584294616
bbf51417e5fc4c00,0.4686274143061655
60c73509395db024,0.5138967593080909
c3a23a0cea560e48,0.5249263039504941
2809b93e896098ee,0.4595813645389484
4aeb996d43375741,0.4843630527704843
1710b83e12bb83ea,0.5259457712061781
9b0f5ff16f6dcdc6,0.5328089387686591
a3951e61a60b11d9,0.47762058199106194
526cd68fa7228d5a,0.4932637160601465
35f0f34359d63410,0.46598041611555163
81163dd819cccb9d,0.5021960521676132
e93800785045baf4,0.4923333802207501
5d0febb67b17772c,0.4655259358853804
ec1deb68adeb1897,0.4710251679462527
22c50ec9c23ece7f,0.46337701373566076
6758c0c8f7568cde,0.4698294370770182
4b51eae3efeec9c9,0.525156478414218
2c3681abdcfd3736,0.4774576524381914
9c9cc3133e878c44,0.5336231423558683
fb2362d5005c5dbc,0.5154224320990675
96cea6b5a873dc5c,0.5261736471605427
645c9d02439a6fbe,0.5153620972084016
aaf430d3791f5b7d,0.44929591263803403
03473cbaf833e099,0.5704292045825965
76e59e19203f208d,0.5228358232768471
d5fe5f57f24b3757,0.5129835334534302
8e3e2af41275e554,0.5580989167576025
5924b9bddafe0e99,0.4867329910830476
72f21cb4c1b2a6d8,0.5732072610571046
84dd964b0966cfe6,0.3579376687881546
8b623d8e6bad84de,0.47221933625722046
b656ad4a9af91499,0.49744590927191323
10101e2d9f41d61b,0.5029558394511636
a52420b5e2c50797,0.5487347709693682
c3752de2f6246528,0.571758487609425
042023b7dabbcd8f,0.5350267294214727
96d2108298cfff39,0.5383746996909198
091ef2e083d4a90c,0.5686384467678318
6e86b238d184a692,0.5155928554680276
20221c61d4ecd0b6,0.48869719498249475
253e42a700be356d,0.47064746766264487
0d23e0af34dbfe66,0.5370662150523579
22f7a1fe1dccc5ab,0.5040125860389691
1824a6a6f974e223,0.5735271625820306
0ee7b51ab8860d50,0.46430849601513813
51f0563ab4943744,0.47356839954704033
b6475ae75d405275,0.5045938927590085
c2a38f71ab2381ee,0.4913283496836012
b4355f85c80e9bed,0.5298853206431875
12c22c560e4dddac,0.4311916167508777
882b1b709cefc4ee,0.4668638563233417
edc2fb6e31c2213a,0.410726336228616
e34cdcf6c75ba327,0.3848537137450102
41395fbe555e642d,0.5299316086182373
54b7e94749c6cbd4,0.5247417795071612
be167d0fcf66cba8,0.38466955417405335
3fbde961cb3c119d,0.384406699776497
9fa786a37554c792,0.5612467773975278
62050fab398931b7,0.47391413389697734
36b684f93683d7ff,0.5211491984862857
d8eaf1d33923dcfb,0.4285629593805417
db05ad8ea0158b80,0.3921084502231533
a28a1a6d7542c3f5,0.5084492334334206
ad32903740d50a59,0.5173873892495807
4bda1a46866403c5,0.5248307399105141
9cbb1ed68c34a069,0.5697880445335277
ab0da4f13f6248f7,0.5734247353804653
6b610b65bf08946f,0.5611559511024256
864862c568a98fe6,0.5351931473185945
dc25c72f918b7b7b,0.5484030530221055
2e229ddbe179977d,0.5637490863643009
7474710868123baf,0.5400986141632189
c7635704b5fab7d5,0.5293598811614408
b900e004efa54182,0.39596793308771283
eb7ada80aeb2a33b,0.4953446590135365
0046a49936a5c00b,0.4969234645825381
f739f28b936bebdc,0.5064752829378614
07733d80f544e01f,0.46071348289804925
9d71a9c2643e4e06,0.4956865516661556
59455c9ac1c66633,0.5409884084127969
5e0483c45f12bdb9,0.5016374486410158
86e5cdc7eda310c4,0.49642531854088257
aee9c45281d69df0,0.5445289469339372
929e7db193f838ff,0.5393093991866376
2b89f6c573d7c2dd,0.4657691179038971
35881befa83d0e9d,0.5108470463984829
9b9bb01acf9f187b,0.5396277724114118
c67554cc4aebac6b,0.49539406861615565
c39d997003c9b9a2,0.4724143000369164
d12d7a6beb357e6d,0.47334262034910524
060b2c903e84494c,0.46583512287803075
88afb0a2ebc6296b,0.5101261843340537
3116a45fb97941d6,0.5358463280814669
d8aeedcd781bd839,0.4694995255272464
b15262d27250aeeb,0.48579452065361495
e4c3df1df3dda61a,0.5276746541781784
e90fb97d89097575,0.531630593388364
4a4383dd506052e2,0.4803928296346386
009cd667a2bc51d4,0.490888313788154
aafc4c5f116be0ac,0.46443152177310987
91352e3d4d609469,0.4978714913454919
71ec538e9ac9fd1e,0.5029713102093336
3e12c1a916de4147,0.4707095717717713
2e4ab23df43abae6,0.47320001102216436
f16be9a9bb5cf74b,0.46378220469942777
1608de759355df56,0.47831057618789685
c191456c9f7d84f2,0.5338364002559146
7f94b0e68bf8bf6c,0.4820438236628424
746a2b27d21f079f,0.5368589770589661
7c481ac18a5499b2,0.5175682271751192
71e694cca3f7872d,0.5111483208328609
435db54a2aafbaf6,0.5216555447445967
cd393431e0452a62,0.4459300859971822
73ca66ac20b4ddd5,0.5700260032173883
49fdd6ff51b443d6,0.5158447283506212
29452b83b04eacde,0.5092069736344469
099fa2c488241b7b,0.5627574212359304
2e0b686e21fbf139,0.4768489832858078
00f98593063246f8,0.5762163562987757
268b2bf4ca6cc034,0.3610075569908605
bbbb8d2d74922be1,0.4764498124191199
9fea606fc014d510,0.5042974217795517
e332f285ac0a90b2,0.5051848775713894
f0fc13a36fb5f974,0.5370620555960302
2b6bf4c477a41683,0.564066962708019
2d047a0aa99177ea,0.5343668455224992
65fc4fa6071783c8,0.5383119312817487
6a2d81d03adcd359,0.5714591844639247
7fe8ff2e0f8e07fa,0.5164911429068253
e1f15825f916137c,0.4888403126092903
6504008b516537cb,0.46668075283272725
3042fc5dd2503830,0.5292530191485778
fb0ffe15beedd370,0.5078426174758761
76a2dbc0b153a248,0.5825971172473253
1a9550a61fd1b68c,0.45953217794695467
0f0078a88d5d8723,0.47269099610829346
355469f6135a33b0,0.49662111040365065
5b9bcb736c6cc9c3,0.47002491265133095
c33848d6e0d69abe,0.5272135621512354
66ffe9158f51467e,0.4322840908425174
d5e67a2884f71a9b,0.45435966549523654
13bc357ae2311677,0.44048315139963756
f975eda30d2c3d3e,0.3698017811538098
b18ed2bcb7cae43c,0.5347529911453925
029c60f2a64657a6,0.5211296095612403
bc3299292e161109,0.3932103873810535
b21a75ac6df721bb,0.38281434555520677
32b28ee68e89c2b9,0.5688784172057734
05400d77c7b27d12,0.48279162857801494
f9058deb3472b77d,0.5311782961038296
b20c51d79f7b04f1,0.42551776077073855
9415776923ec4ec6,0.3959760701435876
e1373d39ec4d3404,0.51258899557501
e63cfd73024d5850,0.5159220254466742
773074fac51f6b8c,0.5286095473052801
bf1780df2450bd6b,0.5693905208791166
a924f67987843385,0.5745316090617383
5e72f9c5de4e519d,0.5609898192050008
957a423c05098412,0.5342264550781672
2db41b25bc08066c,0.5511180671109261
308c8dc97c862da2,0.5698050272179309
a812f6c382e49696,0.5430856151369718
9d25ef94c25cdf55,0.528854866816725
2854b1358f8cb8f3,0.38969416291779035
fbb0858d489d97f3,0.49987586443437615
589efde6f7ddee1f,0.49756102408219605
498d51dddf5d5657,0.5056809609218667
2a91a615cee2f9fb,0.4494452324606888
a897bd81b728690a,0.5008881720670635
3e05e100fb323837,0.5438935582810096
c2801f136eefad47,0.49289474734717764
c13315d86a5e1f08,0.5056483873113613
502680473ec417ef,0.5493415507551085
9586199cc728f4d6,0.5474929697292954
98969400c97bd0aa,0.46069863009781353
9a7e8610e90fdd7b,0.5101275222941095
b22417d1575799c4,0.5434077448355396
90a9b7844c32a0e1,0.4933654803850388
0d4700941abbcc1b,0.48161630195823324
8b553ac7bf5cda19,0.47528899332784946
e975e3ddf582cfc8,0.45490567738784493
7acf6b2163073c39,0.5098116621553883
bceb54d7c50e5b68,0.535704821320511
09974282079741c3,0.4634263402508949
dc6cefe9b27501a4,0.4864786775791612
48c55dae1bd380f8,0.5281657144552736
66ae6ea28a766a79,0.5350834619755742
44afd6808da9357e,0.4746421090548273
63bd30ef2d2958a1,0.4958347106778077
dbdee8e24534a0fe,0.47297998505029004
f476c5ff408ea949,0.5050293975987799
6a398fbc367d5f9f,0.49947659491671836
3b1fb206259c2e06,0.4716177031600739
5bfe73bd436476dd,0.46282926940879654
de329991b30f1eda,0.45231412672673177
f6d2041cf212b378,0.4757487641521341
df30c038589f9f09,0.5308285658516307
38cbfc1587d3cd18,0.4781196875656839
d7730a5cf1bf57c6,0.5360762964730845
335298953ade8672,0.5181875120001584
e303ac63a17bb1be,0.5152214350730047
e223b8181706d225,0.5256307789818708
b722396952997d36,0.44751333371626933
91aba43554133e9a,0.5700768973896781
65ab0906d4ffac81,0.5160242372128072
6bcd0baeec795013,0.5126126998559534
fe42b11d62903431,0.5627143269565399
c516eb525b6755d2,0.4725143414161481
13ab2d2a2f33e693,0.5857726491737011
897b78267e43b6c9,0.3610202189874818
a82ed97e2baceecf,0.4781001157766639
12463bdfe8c9a0c9,0.495254300581071
391d251e8a39c838,0.5083009855996179
b01c981b89981929,0.5387420162504968
b657e62a80d0cb17,0.5657349747546041
2d1c3bbfc9b3c80e,0.530341943288523
a527c0151808abd3,0.5312401218985023
22d977525dd2c3d6,0.5837506275698423
9bf2a434d6f06b47,0.49646032659787376
93b244862e02d293,0.5030229400557221
8a1c4c1e9e69993c,0.45892657727227926
ba0248471e793a48,0.5347454673069969
fbf50d43c930fe17,0.5085943105182035
1bbbd9c880b5b42a,0.5880547254703947
6a6c863c15e99a1e,0.47004431005887914
2baabc7b1950761a,0.4723816878095579
a674bb9d8bfa0f01,0.4970958298631041
93fabeca8ba9785a,0.48809846381062394
86857c034f6af7ca,0.5257788553774754
2afca95d3f29e335,0.4451420141145467
a74ce790a40b5471,0.44503569879159954
01394e50a457f882,0.4341886892724842
cb4817b095a3baae,0.3579257494357332
8fc83324b90ffb49,0.5421665945704585
edc0c24daf7d3655,0.53313649909084
1d7a7921ee29e3e6,0.3861193708189512
0424aaf320acc7d4,0.3692409464728573
a3760387b732371f,0.5842695786004255
a5fc4b3eedab0854,0.48933392669018194
ddb903119f459365,0.5315268256336612
0695d6f70c27dece,0.42046800553554364
266d1f1be7ab0a96,0.37598538441193285
4c99e41d03047397,0.5201489026779516
f8a9f5bb9e3661eb,0.5037246950893478
4e4a965caa4e6875,0.5432106906396417
e599c928f7f01ba3,0.5803368698243954
90744fa086789dda,0.5731189118230824
4775a70ab62e57af,0.560771369467453
fb70063c514063e1,0.5389022518921818
0893881944334222,0.5630536201078765
9523c7d94b1c7b30,0.578611829531644
6a0c4fd7e874e696,0.543917998938568
196da7ec28c0298e,0.5293366278134067
e334b30aac376331,0.38396650246787023
76d162d428615a72,0.5044124620321597
460b2c0db6f24e96,0.4926479429210322
b5449f4c10dd97f9,0.5026071347414798
effd00946f29da13,0.45818476095311644
fac084adde435e1a,0.4973037914372427
e980f7cce214c721,0.5438764925141604
2d5d9b1e44767479,0.4985289669173991
928e047ff4a29956,0.4909447641449346
7f7fd8dbf3c5e456,0.5394058027208102
6320b46ebacbb919,0.5336449117541601
0017037cc47a3bc0,0.4651151512510596
b92b3bba25428cb2,0.509104440973358
46f1d6f69ecf0478,0.5356771960912454
2acc118d4d21de08,0.48311000592202014
922d8b4445db065b,0.4833475858590135
9174be7b805e761c,0.4861717121775977
6f80a15e4c28f70c,0.4563187503293261
e0f6bb565d82e30d,0.5193987930623631
2c2221dfdf8395fa,0.5395013822912498
aa45d37d7f76bb13,0.4544165963020038
9373835534d09567,0.49686851440999
e7e94079dd3c1f61,0.520451300690142
7dde9c18cf6e87f8,0.5492433571581751
67331962163991d1,0.4708843233968787
5034ba3795e4d8c3,0.4949192101024791
64ecb88dafbcf278,0.48502534344197734
e8a7672f0307f000,0.5096914889138245
903b06b57be5214f,0.4943572245466892
238a1294afb5abcc,0.45229393747428714
f14472dbc6684610,0.46588702246616354
4e9ac639249d3072,0.4584685249724162
8249bb73642f3189,0.4717112395108396
2d9cc79e92ef5797,0.5281345335525727
4c60ec2e858de018,0.490516053926619
61faccf76607ff24,0.5247468294556588
441af007d4fbdc0d,0.5151420559820554
0ac46e6ec814b417,0.5183875508208222
ed55033b1608924c,0.547129846072181
0b9647977943e24f,0.440118500052488
8f52a2b5b10f716e,0.5735576950422372
9ffbf8b296eb2926,0.5173310013471648
c2387821d55011bd,0.5165761328311094
db2b18fad6227c6d,0.565202074808196
d4d3f31acb81ffde,0.4833038425075391
29e3b522d6f7bc26,0.5886358538176073
369bf310a622ee7d,0.3616482714793856
ccf0b09c2a6cc8b3,0.47479785659006946
f90342a227473f5d,0.5063859898539289
eb2b7205a0a5bdda,0.5072742066549106
f08b462bde71d623,0.5531635600956262
7e3b8b6f421875bd,0.5698665729482554
7f1ba9ea9596f4e7,0.5321318060008331
c2bce8c90d63bc4d,0.5355069960129999
f5433605c9bb0297,0.5628397581776555
ea8a0847f3b03086,0.5215561066859893
0c6cd2beb7b1a8ec,0.5064310767334198
1108f0da5cec5f33,0.46006010079014104
974cf215252ccaa4,0.5368353915843742
0173224e10708a36,0.5074181886927258
5a489c090c9d7c42,0.5816182112327668
563e0bd5dcfc6c56,0.4715725378589338
461be6e35de2c72a,0.47338619222564504
fcbbcaa9116df8f4,0.49557035084794443
4414484683aabdf2,0.4801746694857332
ce9cf030c29af5cd,0.502839562230254
30ea80fc7cbd0451,0.4450919119178839
b0e04952e23457af,0.4382229517840268
d0846cb63b20a5ee,0.43464338860543883
11253cb5cbaf3bfc,0.39855118223992725
5bc537a668dac886,0.5415779462542446
0555374eb3b8365e,0.5369358992289428
64c2118976a418c8,0.3636335938839912
415f43d59791ccdc,0.3754283203783575
f16992d716d4c5b1,0.5718997834352907
58e6e054c427b564,0.4835895571457539
7d1ce1116db6b6cf,0.5353979168425756
b1a5f9b7d28e5e98,0.40540004363760906
c9b320565ebf1629,0.37500675577024123
4e4e6bf9510a29bc,0.5193575884306503
523eb5fccdfd240b,0.500466471355817
734d8ec0d906c75e,0.5590286959385571
0d94c6237e572d52,0.5546728322713749
15f2c523cc9dd790,0.5809850784901955
8e05d52362fe6587,0.5475867865022361
239267ae52bbb54d,0.5245728476371015
1135645510232648,0.5678340899796389
61d87de514141b64,0.5692395127148108
dbb5f0a05520f134,0.5483788894041306
a2fa80977621f46f,0.530369205281801
5a66b82415a7a56a,0.391237160206221
e91b388d81a15557,0.5210211512100431
d9bf6737fa445ab6,0.5028450886074041
84a8ad4c5cac0d7e,0.5083619473694985
731213c3cb424025,0.46232500771866214
664bf6c99cdfe5ac,0.4975548662918302
865f6d7bbd176b4d,0.5409845738107147
c2662e4100c02b6a,0.5094558890980243
4019ecb2c1f7d917,0.4981701649628977
e503458b616cc5c2,0.5489057742630747
67cdae3be85951ea,0.5320759043113881
59bbeb3367b22ad2,0.47119776832638516
0967fbf8507913ba,0.5014916033360899
7b4aa6d2fe06b33e,0.5248827954280957
7fa9db9fcba66578,0.47893015002286166
f59f277c28853194,0.48186198181429574
b6b4688a04b9e19a,0.49124705422314663
0fc7e33fbf65e30b,0.462719757008173
c40ada71d728846b,0.5098095304987533
bce59d0146f4e64e,0.5393838305528809
58eda469e53d578a,0.43498128464431907
75bc67e3a3edb867,0.49961075419562107
98ce0548ef6be911,0.520749006613842
4d42307d51f26cdc,0.5488101526092055
9603a56240c1d248,0.4739409693102663
f041a72f38a41e6b,0.49620747818353483
2fe98fff364de242,0.48620589105515355
d059c3b1871293ed,0.5023343989695485
a9c53d24b13e71c7,0.4967318854122542
3ab2a3828ef44d02,0.4523464597021445
fd571f2dfb7d4955,0.49037689329940515
d33d801fdca79d47,0.46466332537710286
a7fb448e809d6ad2,0.4761666687873368
e47282d34e2acb6e,0.523803854706832
45d3bac15159e7e9,0.49085853651049205
f61d12cba6bd0689,0.5235420866236676
b0da04d8ed5f8bd2,0.5035999398035101
a73d6d01e92d2de5,0.5236821857116893
957dad31a920f1b2,0.5441690464031912
f94e246adf1ade3d,0.43959851827371865
ee5abb82e82bceea,0.5702641190336067
99642b10a5f4d4ff,0.5114438627020466
9f5f98699ca15025,0.5153879951383535
6042d471f5bca728,0.5658817572748316
a6296c9a0dd0c8ff,0.4862077624063499
719d30a3e5e963ef,0.5920647143818386
fd649b367fe8a2c0,0.3721892468210697
d979694916e27b9f,0.48213834318651716
e685ea8121b5cfe3,0.5135572441587444
f5217af6f8eda99e,0.5094772646086208
92eff3a2725b3650,0.5628600435071034
eefa4211258d702e,0.5764420603060643
015460c57a31f857,0.5303525525441548
7ff7c29be16b1800,0.538482588959365
231a56a16e2f76d6,0.5785727112141015
7b3cefb41a6147dc,0.5073198014041199
8cff96709611bbd3,0.49953992441981754
6c5c124b969ac622,0.4553261984225656
6bd8c5447a4c4d33,0.5469371505750471
ba18dd7cf4edfb21,0.5101494224284775
cbe4de9cee650898,0.5802220422563319
bd74e8545ec99e9b,0.45880905366675573
98c630433fb3acb5,0.4708127292936646
1d0cc008368dbc17,0.5001368056744743
661da087a9859b6c,0.4719927505634227
dbcb79b46d5d5e9a,0.4856655153253242
caca4438b61d5d0b,0.4383818750077443
0851ef496813fccb,0.4508683101408737
79b31cce0f706341,0.42646312687596855
ab78f0147c6c558b,0.40317822461129016
4cb19f7426683a8f,0.5430982094545402
fe6b3c72edda7d52,0.5405422621419063
a60dc2b9b7f3f75e,0.37111994779568813
23ea80c0461e9543,0.4005654408805712
81bcf6ea828f8d9e,0.5606278192126806
6b030f93023c8cc8,0.4952574682321178
bf695a815575f6f2,0.5345721753912702
0114c743405e2bce,0.398936001486187
fef341222d677a6e,0.3775791634870148
218e17ce75f79309,0.5178510056660821
6bb0cbcc2abe5b7a,0.4911998334962795
cbec689518b0f977,0.5632075294823524
55f426ea681ff4b6,0.5525965480748214
c0e53cf09d17381c,0.5739247142329147
b2756336c381312c,0.5484826572681312
a129dddd313d4119,0.5247531553505509
c26b8b35dba1930f,0.5640807468937654
18792b76b75e8ccb,0.572361435967401
c30e2abaa16c615f,0.5375321574002232
52dffc4336807b2a,0.5337931073439424
bd8ab8bd6dacff78,0.37908559839744516
562e106fa806353e,0.5177439370698311
d7b59f0007d420d4,0.5067618685487231
fe415ff778970193,0.5006763723454095
6e8ba989f2d1216b,0.46643417707233525
6cadf4bdf94c7a6c,0.4977184849100763
4d64bf4b48e1ac03,0.540605001531435
332beaf48191ea5d,0.5090070148912922
5406e7b601d125cc,0.500189134294129
e924e5efaf0b3f7d,0.5505779803318471
f94a99246919c8e4,0.5458036181321948
f0f76133491774f0,0.4634844164994597
bed2962ff089a12b,0.512379848533095
39f78452eecc2dcd,0.5294464247113098
39db907264d702fd,0.48646164697633565
609403090e974320,0.4885507982934101
bad02486510ae0bf,0.48867552365887934
b4c39be91347bdfb,0.47135472536355905
9df25febb76c06f0,0.5184945435971443
7575a764b5772b7f,0.5461612320739877
f94cee28bef771d8,0.4311105881198507
27e88d8301a7ae8f,0.5092740548546346
c0ff0a2f0d6b0e74,0.519756880681389
f7b003297a110ca3,0.5407902332401096
c684d1240f4d57fb,0.4791981167399991
9e4398785fb9fdba,0.49719528294764237
199bd95a6abfa436,0.48230533963719857
0f3d90fd8d01e59c,0.5051007781089738
4b73b9b8fc5160e8,0.4906941231503874
47cd6b53f556827b,0.4459070015103279
1bb20d698a3427d7,0.487386375105368
eb5b1f10ed1d635a,0.46736622813991446
9772dec70285a89c,0.47344014649443544
524cf1ee8796fe93,0.5260258693177213
465fb3010b441457,0.4851535230123638
84a9b0665b4b6f34,0.5303784486537971
ea1761e4f04fab8c,0.5047581557389289
2bdbe474a4aeffb3,0.5277227373187594
4c19e09ab045caf9,0.5405340118724571
03b0e631f13e0134,0.43874217099958346
9b5866dc5e336799,0.5756307969094867
8c365e98119cdb84,0.5135447023345261
9b216ede3777084c,0.5050716320393942
f37f9e849ac0d8f4,0.564632166645928
930fcc868bfb5206,0.4889562107774059
e73880ae11d4cae3,0.581711886122702
1a4c12e913bd270b,0.3614112386001944
fb4596615e93f117,0.48533879776862143
40ebed6a246d09d4,0.5194752362313433
fd37452d6ff1aeb2,0.5093096099833505
ecf4ff8a9cfc3297,0.5617752033321477
f3cde7db8a1077ca,0.5856270696593171
da41e6a69cc39f94,0.530682306772412
f1b2ac05614ef8c8,0.5423024524926139
fe1bc84007013c20,0.5686306678683712
8d0fac0ba8e58ad6,0.5088543109467716
7dc82668b88ee49b,0.5006816739215832
b61713e690f7f803,0.45905613776203635
0f6763dea969d68e,0.5420416448480059
17647c9f279c5aec,0.5094559755841717
cbc9c6cafbd12c8c,0.5709903792850766
9319ce38119a1dcc,0.46178839291634155
30441c44760ae832,0.4728635676996842
49d45353c20e5666,0.4981871896266996
5e4721fadd6674ed,0.48108530863147503
cd7a5f32d06d0a74,0.5040960561035331
b857f5e9e5c2cc67,0.4479195082262587
edea72c2bb0ef0ea,0.4498935146333316
8947f0809ec1204a,0.4421972809852339
da7491520e2758ce,0.4162022587650127
bf69cbec512848e4,0.5393354159461656
3a124d2368c383b3,0.5436400445644043
2806709de0500703,0.3714669955182661
489d846409b42917,0.4049998822292349
b816de11030cf01f,0.5653135265149359
c4f7684121a8d1c5,0.491540241231077
111f6481dbdab324,0.5350354518902349
83931c1c5b775fb5,0.4286624341632498
f2c34c7f7d0a75a9,0.37764587517885484
d6b3eebeae7d4cc4,0.5143905547448604
b8bb8cb89bba8dc1,0.5012715330780781
9ef302780f8fd9f2,0.5626043508912022
55f93b3c5e35c5fd,0.5612464246531927
afdf9220942a0b88,0.5713505337406539
5511fa5e62f4322e,0.5447297495148995
8efb3af09d6f6f35,0.5271031485402111
cc0dcb067dd444ff,0.5593710123630433
e674a230ede3d61e,0.5676981429144674
335bcf36cd78c3ef,0.5441348404654327
30c7903e854fc7ae,0.5354664319309961
f5f34774c1aa8a7a,0.3789784760755439
212025a71ab37644,0.5154860589688963
d46165625ec3d6c7,0.49853536830694267
fb3c1bee1d57c0e7,0.5028124835188081
82548cef4f3c48db,0.4718925620849779
7e616e6a2cee7639,0.49458200250925777
b081c09d230d970a,0.536800806046374
feb9c309f3e15661,0.5070264456501693
e6c434175ebcd54a,0.4971814967143646
7fb01c64c204723b,0.5441442074928924
7677ed2acee1191b,0.5352553665853115
1205f2bebf9dcf48,0.4709815076974726
8ce188eec0364d3a,0.5064104073936142
899f8af578786b67,0.5460088028983934
b8d5142c09246027,0.4927415967859923
e0bc1fb92f7f2173,0.48421719126832063
b0f2167996c90b20,0.48787376127877113
ddf425a1ad9c438f,0.4855894057792227
004e3c643bca056f,0.5192202845332499
96575b30e4eed6ad,0.5451653094985295
288fad18696da310,0.43222649790110745
e2d9336f277eae0c,0.5036888270101663
d3301558ba0edc90,0.5262887463949297
fce7ed6f87378558,0.5433954961148619
9bd3424c1eb857e5,0.47641271473894375
2cd94a339f68a090,0.4977311715424335
27ec23235bbbba79,0.49379599578750066
f48ea3d7a67bcb54,0.5097916776190536
4129bc96bee9423d,0.4931317391274226
22dc9a466fa83303,0.4435416919013526
8a8262b4bd7065db,0.4765945894351621
a5315b4db00685d3,0.45331894639616477
e9c4ab35a02bbef3,0.4849252919051401
92c3996f7c46b569,0.5286105118672534
fc8b6ad946bfb4be,0.4796351180493089
c4484e84f00c61fb,0.5209721601380306
26f54435593f8680,0.5043452820934866
6f99f6828d477928,0.5285252500512705
9e1d3a6e0799be52,0.5387156421517586
113a019d124ec1f9,0.439033060577547
393b047211124f08,0.5568630671225465
d1ba01065fed4d40,0.5187275785716462
ba3c1708d57dafe2,0.5173261369111875
24c1edf4b3a81082,0.559560520431347
fb48a32186ec7504,0.4838640066662272
79ee93ee05faeb1a,0.5714786061643333
6a77c9bcee303c5c,0.357321773551474
0718603ebcab9129,0.4868884898808383
8c12370daa827fe2,0.5210471449667493
81e2a6e2e1bb9aa5,0.5027725599759829
0d73e1a9b371a46d,0.5637223606946212
7ac7cc64eae0c365,0.5784534609659437
8f1f1611d4ca9e7d,0.5263645830128028
3c2dad2ca862a0fc,0.5362538505857761
a057bf87ca08a04e,0.5605072825542421
ddd00bd0013fb8e7,0.5208024328827281
2e335f52e83e112c,0.4954750810330365
595a4dff930783a2,0.45789859218317475
0f67d425f0b57a9c,0.5394010064995947
60a2394e1ff71b84,0.5083175054637209
b672e05c0126fede,0.5683694907911279
a1c51c7f3614bb4d,0.46713291696279646
8b21907720f73886,0.4717439123441486
fabd3ca6b9438412,0.5062944642718205
5cd758503d1626db,0.485122578007256
a572e4b672f8a26a,0.5054703593298757
4452f7fa67f22708,0.44415172903940714
8d8be3f4df05370d,0.4467042019418924
7bc7175a644293ab,0.44145789448629813
e554860acce20134,0.4146833688256726
cd65f02c8eb6864f,0.5385172435569303
450abcf07436865c,0.5421503674939696
12857aea98215d8e,0.3751955178262718
4d5ffbe0b198112e,0.39884159838656597
3fce90e237b4b8e5,0.5672038121803635
c84eea7cc4de525c,0.490637248194118
7729f654893da346,0.5359888231613102
6d6473f0eeafad59,0.4258138865851109
4a4a8570efa4e911,0.37663954960040114
c1b67b9f0f063af5,0.5140843124541015
f7e3924e5c1c5760,0.5023916699601291
5db6e02aeeeebc61,0.5527676235677443
4a4d2bb926270845,0.5608781913178733
12c3ae99cd290d75,0.5758587889022092
eb337ad343a03600,0.5411254562706934
02f5075f9b1aef02,0.5259006248716602
487413005ae26552,0.5603678083770014
31a376fe1bb1946b,0.5730249734968603
b17684902edaadf7,0.5429622469882736
15d1bf575f16407a,0.5371682924981134
df76efba43c91793,0.37506677589134374
971957d8717ddcf6,0.5144432749397513
a74068b9e8a704d6,0.5006114961189848
2f056fdbf5cd526a,0.5110373199754847
0870714c8c4d8ff0,0.48207915127559764
7bf04a1b18090e75,0.4943096959860923
a844a3548c199d75,0.5291107076207069
0528a4e9f460a392,0.4998697773795254
72ac0ee46afa43d8,0.4934779802369209
70b8242b19f1b3f0,0.5433285641261079
dfea599a4816b19b,0.5354271294238391
57d2f08ce08b4711,0.4662286119644272
188c345928d6c0d7,0.5050712731160703
0b11d45371587237,0.5522120900835039
155f8a02ee567b22,0.48906958941058254
1cf3b9b4ed94cc83,0.49004280407833956
49d33a7dfa6cb3fb,0.48230884216072734
114c714a338ae12c,0.4925384191123525
c842d87f603381ac,0.5127483491818549
dd776c6a1f7e659d,0.5448813966904422
3d1a62f6fd54f60b,0.43075069548128586
614782582a65d205,0.49942350511448375
34dfeb0ba188b55d,0.5168656691879836
673fbac7ef79161d,0.5397502930128057
468c54a438ddedef,0.47925936335390795
558238172c66aa66,0.4831758078725852
9b1c5b41dd948d76,0.4850903177987972
9df36b9ceda2872b,0.5025136709558892
2d48cdce930fccd3,0.4965541375466551
fc4479967fca4bf9,0.4447872316650069
2e1391620e1658cf,0.476143927316516
394eca0d6beb093d,0.4503022234766896
7719f3a457315f60,0.4740316229234174
ea34638f9218ecc8,0.5274069293299227
294dce3e867f2a23,0.4824176168184422
d00eb4f160f0e939,0.5173329255539161
fdc0729c206a3003,0.5055254714420325
b2aead39aab05c47,0.5255630184311666
e763a317e8836c6b,0.5398297854973934
66ac02d8cf70e5cf,0.4389843448389845
97c79d0e35c3f256,0.5647109139421386
87c646a2d03e0959,0.5175738172963683
f8d5a7bf88800dbf,0.5149859717560683
48888cea65156a90,0.5675660344745386
396f06296d8eb2a2,0.48698890167562503
2e7d6569fb8a09a5,0.580781201495693
b9028ac8ccac32b3,0.3717209568067029
85ddc54a12911970,0.48527516526781056
b2c8fab6847812f4,0.5139064315995097
ef59589302acef14,0.4972574409245225
d13563a7e20cb9fd,0.5630332793153396
668596f7e3232fe8,0.5792094910845198
f313c444015230c5,0.5291489208256779
f47d4f1975102ed4,0.5344912857090804
f29e2c6c30c0265f,0.560958338314911
c9de24131bba26c8,0.5112866920192571
98eb7a0f3afab43d,0.5088135830666267
05c22eb52a2f74ea,0.46028151849672816
d7f25849d5242bf0,0.5346859810360848
3dae41e36bdd9b49,0.5104222010109036
6ba389d16c7e8e1b,0.5790334914791553
79c80e6f2cfbf8db,0.4720839966949182
3067545954ce15c8,0.4683225410948113
4b837301e50a95d7,0.4936978556256266
6423c7386db3a477,0.4706933354402041
e207a48d378072f9,0.5065017984748458
f11ca9a8cc37970c,0.43532256461891317
8bdb8c12ade944e3,0.458900751523557
2299a011c81d7519,0.4360444819794185
03e9d85fe2c60163,0.4206012236671486
901a8e9e18c4a9cd,0.5337757101353755
284fb56e9b6c8208,0.5382097657137241
5599d7dccbe1e30d,0.3707297954281281
0eee6bbd86c6521a,0.3924520679442771
3991f9f703f04572,0.5568543308897107
6b70fe3273140414,0.4971783325305289
4d4fd132c37528bf,0.5293099085892992
aa47ad08593ca0d0,0.42298879439562853
6e8ade33f7392cd6,0.3806822255743365
e3cd1bc9b382d196,0.512159409066169
64af00c7e8f003e7,0.4939885725363158
b88c27ee0a7ba36b,0.5599212756344282
6d68ddfeb9e70c3d,0.5575417773234437
9926a64bfab32ca8,0.5768500234195524
055be4c0e5ed7974,0.5423352804523993
0d0a164f81807e62,0.5338382607142147
efb65c2686c2c8ef,0.5650416315503708
26557483899147b4,0.5644909391373071
efe2346713e0493e,0.5413731955789554
86b0790a34225069,0.526706079301513
8b9dbc3cc0c821c7,0.3783202810578147
15421a18230f7e75,0.5149125208575822
bc8840c42feb1e35,0.4999928242284425
a9abd099d650d76b,0.5072295915306264
f722ed851b5e1de2,0.4874418615586463
ec6f349292b3da52,0.4911069449780462
50edd663646cfb7b,0.5231742417469434
a83a1596ee5fa550,0.49775913553477635
ebd9887a29860739,0.49722407326963436
63b33d737f45d190,0.5526609961190738
39916da284758fce,0.5334640668816693
e4bb65e6b1279f5a,0.4700115204770352
51f47c8a8f6fa2d4,0.5090881307006095
e3dd863a0d9eb3ce,0.5526564543179442
744c9834851fdbf5,0.4932498391661384
90788463636f450f,0.4868189605328379
3302e0906907f985,0.4773215928144915
e1c17609fa1648c2,0.4954220569738135
8b5cadbeabaf550a,0.5178481717265404
ead0b9882a940116,0.550607355753475
4066272dc292f4b7,0.41638022562381716
4f81bdb451fef7fe,0.5091628409419341
3004ee7199f24eea,0.5209852039495784
48a49944e2fe55ca,0.5340305280604558
56a253e59ebf933f,0.4794219852889957
3099880f109df589,0.4802048063513238
911621d8707ad252,0.4856576661435813
66c4503f28b8961a,0.4930632889651885
f902153645ff9cce,0.49693991708724516
1f3013df8a4be564,0.4440445744317003
27182e4c2147d4d0,0.4801017624076499
4278ebe90a117bfc,0.4693174070600459
c6f93f681abe3bff,0.4709624984176848
4eba582808319094,0.5318572554466534
1359746bff7f0d45,0.4795850162838782
47889d57a8113288,0.5115214869300468
0360db3f483010c1,0.4956419623173953
b614df74881d3476,0.5134944876348584
3d4f08c7c8e53748,0.5372700316537655
1fced90d714babfd,0.44364247280820224
4467e3f473a1ac4e,0.5611794948214505
1581c597f9243ef5,0.5081627783464338
789bea80b64f0f68,0.5099334410613119
1cc9bfa48d87bbc0,0.561066533401551
233c4e10664df598,0.49075529836512255
05c88367ff470109,0.5771359349864664
4ef15c7e350e6694,0.3622644698209154
d522b131c07733a5,0.48353387768911593
c2f0a70d8d3699ba,0.5210803275443977
98aaede833aad767,0.5068387431701419
9be5d6011570222d,0.5605530212437269
4eafe7c4c5a1c1ff,0.5868370056649552
6ba14f2aa40146d6,0.5277337737181554
486373bc23e13539,0.5310314653858939
a1f2b51262e0bc71,0.5561808078435508
80c24852c0e420cb,0.5038365224833139
1a1024c8927fcb99,0.510448035846828
a9a71cf43d2b7eaa,0.45339002083695257
8476d1d1c821540d,0.5482492700268375
354ec4814c258bf4,0.508838938543852
d8621ed76b0e870b,0.5721734092534781
77408cd4eff50944,0.47787848109803355
a891e38cf1b76d10,0.4575401910273912
792e9f56aa636ff8,0.5028576235486466
c8866e376d988749,0.4796267747890741
1c98130c4ffe739f,0.4973642136397929
ab3171c50e88102b,0.4387016047396569
a9b8a66c02b9a9ba,0.45510725348013603
82f19944c4fccc29,0.434492721543267
590e6a560c1e20f0,0.4091011992501561
4f978ce56f54a1db,0.5231190537130848
fef165461efaca31,0.5359370317916679
77915459dd4a5a90,0.3767929629189618
4119302641a955e1,0.391519073805201
8c58080e5eb326c6,0.5563843470867652
69da31117428ae62,0.4985344435384994
cd7700a322ac7260,0.5315955819452969
6eb8411646505c37,0.4346877535768592
cb4e498387916149,0.3915948296371413
8ac2494da4075296,0.5212782736723336
c48edbda13ddfc04,0.4968353842166835
44c62200e86a6dcb,0.5585561845074554
29ef1930b334260c,0.562596421296579
089ff278eb4ee4e0,0.5598456729628359
18af2e5bc5a28e30,0.5530315201680946
766850fcfba9c36d,0.5332915014782917
a6508a9a8a7b251f,0.5611094864954065
9d65735b29469814,0.5834213761279025
86e2b8ba547f17dd,0.5609228054767177
b41e731c71389c1a,0.5264055545296815
302ebe6e7ab7cade,0.3655469236785075
23fc8dfa2c35452f,0.49593736175215974
29a974c1fbf776be,0.4879101293186616
973008aecdf56da7,0.5073865602677929
8cb3e285054c191c,0.4745608127047444
c7f023812c0a88fe,0.48923400319782084
8606e5f24e6a6921,0.5287802083121618
abad11f4b134c762,0.49832154330514866
f569d4d7fd436cde,0.512903402807791
90664701c6d1e94f,0.5563260258583913
0b7ad3878b1d5f6c,0.5363243452667119
63fedff6dae1b624,0.4757243723542528
39c78c62afaa5829,0.5038518460163364
2a96c53278c249ed,0.5532159149941003
f6626ffbdf535c5c,0.4990368037106101
b9eb2b215d220f32,0.4917354301542902
2cbe20f09ce9344e,0.4825636063280103
2b23a5f06933d9f5,0.48448728875542857
e36f5c402c057fd1,0.508314394041236
be0794f72caa1299,0.5553823310774384
1bf527fe8fae5077,0.421169220670643
63ff48f2538dc60a,0.5113593612033959
e7c37b6cd0751700,0.5177050386907928
64b06327521fdb24,0.5460708685011015
b48ef5ace2a7c01f,0.47034681285334823
1c40d57898c62fac,0.4976729394847881
3251c0b581d8732d,0.4864627834268853
650e6ad526048c91,0.48801791887973023
a480c7cd7566f4de,0.4968970683022509
fd5fa7065f27bab5,0.44591529791562623
f16a9751c9bc03cc,0.48926614042489025
10acfbed9e5db89a,0.4761661614906998
e6e5915d3f5a3795,0.4838014707666708
c67d11c414fd76fc,0.5284806057292084
4ad6e2e8900f1d04,0.4792558527603298
93ef15f65579e245,0.5086172070431203
520fde2ec690e809,0.48283493716545167
ba24afba46244da6,0.5222796149507514
063ffdb0582a73f0,0.5401284458123173
8bb41482545c95bb,0.44905164045884427
d1d1c29a5a6059f5,0.5660689392183003
33a7d16d1f8c90cf,0.5063494414209858
92eb59b99439dec2,0.49909963529550716
b810bd0a359e54fe,0.5560189436339105
64205c2d67c02133,0.49576083800729487
94d951a3f757d638,0.577806657315131
dfb48615a40b6219,0.3361928430793254
edc20f4c01b9b497,0.48634443826404705
bcd6fe34fbef39eb,0.5103323516042297
0e5b1dbff4e254aa,0.5188016373871314
28e038973490017a,0.5538568133399794
9a83e844dfe28a83,0.5915666194329732
398d500ed156146d,0.5327374603095549
dc5617481c42d96f,0.5306938647510919
8feb2ade15ccbfd5,0.5479027962667077
e14d5064b0770745,0.49357565787045554
cbded7557ee7fc1a,0.5065126298982974
c91ec5a0f30c8647,0.45565272132802215
b87b74381d27e032,0.5499370414946751
c5a3ad85ee912b4a,0.5082504545226276
ab4d0a32fca4707e,0.573980448544872
719c42afc098b062,0.4741425542429908
447d984e533de706,0.45503304979623405
a0e34006264dd4c8,0.502767450886686
bc4ac9c954cbd236,0.4851906794061335
58ccb6e7124996bc,0.512240323192848
020254462ba740c2,0.4406263866519151
181191e3855c11a6,0.4573846287647896
3e59d38fb92895bd,0.4461679082872336
7ccdb003c7b511b9,0.42176764464291583
14982210a7fbf33a,0.5286273222872582
0e8f99647e17d36f,0.5461721193741643
5c19708deb976ca1,0.3693122380367593
54466983bdf61e4e,0.39620644669911587
34fa3541c5622aec,0.5514904585401675
2f5195acdcf6bd68,0.50005640431194
5f6bc60f61227191,0.547652006764323
a3289e74d626bf30,0.4196438548382637
20b0fcb9b3484e17,0.38369613631500243
9b0d1480625290bd,0.519725126144232
dfd5eb8d5da5a5a3,0.4887920570898314
a5cfbf96a5c623b8,0.5577842063657847
046a0f83b7dcf266,0.5590734359596571
7ef3f663c0344af6,0.5690831378734482
914eeb062e902645,0.5548622895734548
4dccd8f9c52c85d7,0.5316433914358982
29bb69f133b48b3a,0.5613478039314443
390268b4708ad4cd,0.5788963401757419
fd8b7c2fbcff84e9,0.5587756382868707
0fc538fa5f048d8a,0.5241728997306411
4ea6c4a1615492a1,0.37120539414444986
7b7c3d216b7fc248,0.506686294101707
82135ae48304846c,0.48741285406869617
b437e2ca52df71dd,0.4958708762251348
c6cfdb2692fa735c,0.47558032790604277
9f833a8a581cba3c,0.48693473590320335
e4c53740e30a3f8d,0.5340613885905271
8d74e60a5bf128f2,0.4980096866940553
4e39b5a8f50eb450,0.5050670078509146
57f5becde1544efc,0.5642082060180917
1db62887e76a8648,0.5436649533792774
ab1d04b1afd8cfc2,0.4684513448561065
1216e58ef90bf785,0.5025077418482663
4e88a0a005aaf7b5,0.5428870559722838
a50a8218bfaf7507,0.4878659691874232
1fb3ef93cf61492c,0.49238823027126233
f516cf8969d3386c,0.47765968002285875
465e338721a6954c,0.48664057107979897
f94e4de6e36a4710,0.5031330272432863
569e5850cc7913fd,0.555458558278745
3b0ea0ed2fa1e249,0.4224031301276475
779c3d60d3488cca,0.5100137227703557
c14707f466ea4179,0.5263581559916971
499f05a02549e962,0.5469975069571371
d8df0ae5b2ae8ab1,0.4631153831197934
1c89cd27030ed50f,0.5041853601336588
4abc04e31eb03e10,0.46962004221318865
39c28b008cfc625e,0.5028514315363721
da306eced29c7cf0,0.4912649912434238
513b49caa96010b6,0.43015130254520495
defaa2466ceb0c3e,0.5011984570189564
679d92ffed08093f,0.4681915064797302
f00add4c8aa6c7b6,0.4724816326404617
bfaf7d81491b24b2,0.5176411136257648
adc97707d2d87280,0.476004716687078
aa482721426a2d88,0.5160278277023984
5947d693eac36133,0.4865609053527612
851cc97791bbd9d5,0.5317122697946968
0910f65c85437862,0.5441779436960915
aa6eca5b3db677ae,0.4498811190096722
25b05920f98f581c,0.5677604230279873
fc3ec0ddddae3c1d,0.49850602988251524
00d1c584954a0545,0.4978632687876132
ebf0a5fcf80d8366,0.5579256676715002
af8433842cdcc271,0.4958481385031248
01fe4f6544cbab5c,0.584088528696441
8776c47674795395,0.3435075860353427
52e631ec7b3fb5b5,0.48139789986583736
f1a93d9ee5fe353b,0.5000974668603498
da1632a39605aa1a,0.5105573802266996
590b5c855b51567b,0.5479770145320255
cf7a5c151636ddb0,0.5791958057785207
a40011beb726939c,0.5366436594635858
6037ea42b0d82d1b,0.5447193593869832
f28428e35594dfdb,0.5486579589828758
233cb9552e36931d,0.4961017693455123
42d2cc34118568b7,0.512892438877639
b776e346645ef6b0,0.4573465617960255
2ed10acaebe6ce62,0.5248184753751822
5e3cde000c1c71d4,0.5049029532889628
cdea8a8ace6d0848,0.5686539696198161
c09c2f30efa3a4f0,0.4767554864174275
7b4d42969ae15d3c,0.46017602915730993
a0c948f8e5af7098,0.5045020075462889
549edf8eb9cb8c3b,0.4841927120859283
bd7b5273431417fe,0.48735079999381803
4445f46d4615d78a,0.44372506652793864
70d7651ba440c546,0.4568087158478048
31eed8ac0617220a,0.44054465456686964
6c9002f2597b236c,0.42474207062738156
3a0f4af94a7673ab,0.5282196400691825
37361922ccf4629c,0.5461093055061468
250cbb71b72ef418,0.36832407799717026
c4efc54c729626bc,0.39386406542691954
690675382fcbdf90,0.5487679334969858
6941128adcdbb71d,0.49307052202235824
8ef3961f24e98578,0.549574248107219
fd6c664243fe3d05,0.41250445429878324
dcc5c353453ca492,0.37080944202684074
15d60797df7463f1,0.5267107596576084
8a11af1476dc31ce,0.4727521094925714
b7b1008fd22c8b0e,0.5608471040631664
4f6081444b8f14ab,0.5571732615771258
8959e8be84874663,0.5603417337284202
628d60cd54b57ffb,0.543793880036352
0c5f2139fb7744a3,0.5268954790886389
7ab90400b4b91c54,0.548250144998883
5d60a7d8ce14d046,0.5714518663069161
04ceabc81057746b,0.5481060529184394
8b208666e9e5bb54,0.5237262342262526
8b3b8f4ff6adc84d,0.371571793785452
ae1474d54117d5ae,0.5162612373019076
3574e0e8b8e3109e,0.49158760523783684
a35316ac21305ce4,0.5052193632965805
9e369fd378a8daf0,0.4752363309622253
7bd513a576d374b7,0.487588043322821
7f3f1a6b6e6a964a,0.5224530610478846
cdfb4627e5e57229,0.4986000089286011
fb27da24f72e6abf,0.5078582094479023
a3e7085693c26216,0.5517189902631198
ad57f13b8b54bf58,0.5418213609072909
5a2783643a8eb63c,0.4684229497034549
c9367cf3b644e1c0,0.5043026529422049
ad48584f770ad1fc,0.5620925272295453
31d04b3dc1a89fe2,0.49694429597087586
da8053119bb6ff11,0.495057931727492
61ae49a8f4c02081,0.4838256635562227
e8ba7f6eaa456a09,0.4963649829246335
0377d0d91395fba5,0.5068459038577598
0d405db90cb8acf1,0.5542582634791788
8488136d2fa994eb,0.40949393777092713
3b184ea53a7aa113,0.5001902443783157
aa8574621089fe36,0.5303551965438134
829cff4a90e80252,0.5517751200945262
04ad810553cfc2c0,0.46224154580865895
e50c12a2e6bf278b,0.49950688217939376
d7c8d3e6c0633084,0.48409180021463083
9b3609f77392fd10,0.5068767832932665
51d2e122f315dd4a,0.4861478449126787
13f79af41b74fa11,0.45550484370559463
fabfba13f49dc329,0.48732096602040387
4371d4f8ca7d64a5,0.4676409513455271
2c6fdef9f310d91a,0.477842422958793
e29561b64e8722e6,0.5076515019663862
e0423c53fd462af2,0.47528388471986094
5637d4c39d4ddbf7,0.5061327369016619
9bad0ed351b142eb,0.49473363818893534
a7cdd1b99ac40d8d,0.5310337887230092
e8ba706ba75af778,0.5463465457454177
e30cc7eae0a2576c,0.45607647998799083
bfbc2b9f81296073,0.5549063875682294
39ceb6c316117f2c,0.48859627442658005
0395c7f7d1d48733,0.505163016339133
2582189d35dda57a,0.5462599338400496
328c5cd4b19801c3,0.4900063555882267
b456c47dd1b339ae,0.5702182268607893
8d4fddd24876ad9a,0.3553635601635772
0e0d4f562c2bae51,0.47761675667064574
ad6a686ad17963d1,0.5118960649332573
c773b01885acb9de,0.5159751722020858
9169ebdbab913e5b,0.5563017313981469
c03f87b83657ca30,0.5806504670594037
534d8945e8e9433b,0.5305679246678169
a8ef1ec39b101d95,0.5441264681978456
1a66fa371bc84695,0.5347516107448698
7d23d1b259c57345,0.5009258090411013
adf8bb2fd8d34eab,0.5160508940978963
32ea13c58592fde6,0.4631902184122194
a18afe542be6581b,0.5278338937688694
92492c9dedb21e9c,0.5050314559531367
bbac518616031a71,0.5585725009680982
eeb0e9220defc45d,0.48912941454911896
ecd5f7f930468660,0.46730754984895007
3c13fdfa5aef196d,0.5039633413250324
935bb60b7dde58d5,0.4989951465645466
0f296e657a2378aa,0.48333573317184986
01ab333c29390d68,0.4604575877505306
25a5e40d71bb5438,0.4595730841088087
f77c159aeda6151b,0.43981136042386726
38d3e10777f59f59,0.415931796168591
8a6ab1642a04b6dc,0.5272816886613827
8a64b1286d308487,0.5456939407195438
c6999f098d574e92,0.3724685559278774
bc038c0787a01af5,0.38181720141147824
70c52c73720c7699,0.5470853281075558
a782ca63c44f5825,0.5062435978086498
72f2f2d6ef5a5472,0.5491276885836809
6ce0c8e6ff145c38,0.4170875467889521
44fb1ceb6859f38e,0.3726739316796397
f37874776c19e5bd,0.5242194055332976
78c2b01e11efdf86,0.4777980547464602
ef0a5d67f863b5f8,0.5566607404709334
4bde99ae2dbcd719,0.550992064844201
1c3a5f9b4691af3f,0.5613694216654789
b65046d398452b9f,0.541407442693626
29f578cd1b88f49b,0.5252571332064788
c0143af6563b8068,0.5343325695859036
79faa0dffa17a26c,0.5704761903709724
0f08f57018c626be,0.5535710164928699
ffea14aea6602a07,0.5185240862648272
670a673032dbf02f,0.37001249350599075
daaeff4688831f34,0.524230172287719
04abb628082a2169,0.49086870302856367
669637659df87c99,0.5017254423498472
e8855777958a7f5a,0.4783998394340949
0f77586de188f170,0.4893983587272317
e46f94c4d90afc62,0.5244443374936714
c8c5ee10c0ccaf13,0.49544479552588816
e31fc8cf7d7fb4b1,0.49296648691774847
6c6ae4e9683d970a,0.5617271066574463
ed42eb257c1b0712,0.5453503942319669
24f16c96aeb3ec37,0.4670847570642418
07a74f124dc1ab53,0.5104651635582298
3d16339fe81c8339,0.559349824830921
668130b25431934e,0.49597796052988874
fde91945ffcfe8f9,0.5035744847334813
2cdd650944de802b,0.4755768237900386
5bfe0546db1f68de,0.5003195694843294
bc3d19f556cf5f7f,0.507172707464746
a5f48b18aadda3e9,0.5472245420569868
a30a489f0a0f462d,0.4050391218100673
ebc45b97d14d32de,0.5003929168571595
ef957886b075ddc1,0.533181282447557
b5cfcc0cf1e958cc,0.5548133434194426
ce52e9b08f5edb88,0.4648210644113906
909a8905a49ecebf,0.49906254614917855
0f25e1eb2e246853,0.4812430494379155
8b4dd67a8cbf4a02,0.5056539723578282
615320a5478b556b,0.48915209589646524
2a2f2f62cba83f4d,0.45193739844626
51ee5dc3982d15e7,0.4999956849541447
4299c448f890719c,0.4616210138740061
5e5926eec2d26114,0.47438506707073747
9000f6451e60853a,0.5030647330295683
daa5d7075be3a289,0.4779136912859199
a17cdb4d4cc0311a,0.5083675402062546
7053c76f552bec73,0.4901113493278624
0082cc19febce2dd,0.5294672960498048
06a710a33671b723,0.5476324536651912
500b32bd13b28866,0.4573595499430907
34f3d6fc9d0d0a94,0.5452113375854009
bfe0285bf91bef23,0.4872134734873481
a04b459216b657e0,0.5056827299634717
11f669eaab55319b,0.5356640018393026
5aa153160dffee19,0.4909466702050106
6cf9a04fb1ab4036,0.5571861743537414
82f3d33477316a39,0.33866387530993014
4da4106f4cd6948c,0.48596959415951635
a62639ede0829842,0.5026265015072144
03c0c4e0674b9e19,0.5168761799169184
4b5e8498a9db244c,0.5482360675252571
4c5329b94a369bfb,0.5868365931468877
5d38cf0bfbcd4cd0,0.5314970791962885
415ddff98b5a3b68,0.5422653732140311
1368a7bfbf6c3611,0.5388820227889664
8f0c1647366e6be9,0.48464509465897687
79ba8d302a49f9d3,0.5128377509676489
4dcffa20f20e61c4,0.4538568642842503
9df7b3e4451b5508,0.5338827405000561
a02c6d2a5951baa1,0.5013205190098944
c1f55538add74f3b,0.5692044261959189
796c676aea3e3289,0.45370884829292524
20a99781c6c7fc5c,0.4730143339087818
0b9417f61343687f,0.4926200706729428
60e2f2a9cd76ab42,0.5079327716837773
e3e31ce8ee7e2749,0.47306361976763045
92491acf2c2ea9b2,0.45326826675320775
bb22ecf87a77a43d,0.4632869236386794
b378e71d9e3c98da,0.4360858003469098
5498f58e31456d49,0.4184652142839226
d8eb5d89839e7178,0.5298327670750291
546bd962dfd8944c,0.5417292967051588
7e7fb09b53611eaf,0.36851120075802923
609126c6d82f5603,0.37587775204745233
9faa821f1c3caf0e,0.5515025247813055
52fcb03fd547d78c,0.5141094716514345
271a3075fbdf6dee,0.5558220039383475
d34995c51565de9b,0.41258424068981026
d563e6e3b30abab1,0.36644168623237117
92133e6431b173ae,0.5224033212161537
73a1cb719ca39183,0.48047069067481607
169ab655bf64990d,0.5503806903113653
aba3dca6bb03fb68,0.5543586438897679
ca3ad8bbd38356e9,0.5664463738710681
7dc1de14089af730,0.5480082675255022
1c4f318931310b87,0.5234973453905963
88d9fd64428cec1f,0.5473808345848254
91ee6a6af0868c26,0.5799219228668093
3483102dca717446,0.5452128632595847
1e71f0970f274f95,0.5221522552146268
18a2eb4c48fe7dde,0.38876757263888195
337ad53e826c698c,0.5218890629894887
ebeacac4f5f56510,0.49827837045099943
f17e534e0fab6394,0.49684365583154766
239122d080e56668,0.47581683749180304
febab7ba3bd3a7e7,0.4932656866411833
a3d1460d001ab1b1,0.5272424474550377
12d7fe0d10bdd166,0.4924662732518531
4222791464c92723,0.4934244160745941
489ef19f480b80a7,0.5547620429836283
7c63180f3bf2a539,0.5455058507972019
a536acce0e5de1a6,0.4732735939604813
3342b08947d367d1,0.5184989855224662
bdfd2862d4bdb0e7,0.5610086740195948
5cc72457f45a58a2,0.5016301029247398
492f3d85e8b62ea3,0.4952298366638279
bcee9b17c49df9b8,0.46910386060687026
45c80ee7da53ea4b,0.5014450770003784
37537d0e3a981394,0.5050064968917025
e5493d0d2da62df8,0.5469924743758745
710fbff0122d7180,0.4086899549934553
af41b20c36e173c7,0.5029092668058689
710c8030fc9ca05f,0.5280229344100492
49bd417d8ad2891e,0.5482551292990551
21ab04a63057257f,0.46761816577414717
9a9cbc17440a27d2,0.4908832104031138
9c7274e6b65b8875,0.46313497274825677
70aa456f3de12d15,0.5011806409997036
cee90bc64c0eb97b,0.49029154957855525
627d0b1c991796ab,0.4555800926804746
651c633a87a3e4cb,0.4994317069182148
189a669b00dae653,0.46101162987402744
cf09e9fa7699ccf8,0.4851992490102264
1721c5590760f726,0.5065512359663028
2199c3ce3c65cde4,0.4749511843943177
c6a36525e03c63b1,0.5173620450491876
4fe7f1be572226ee,0.4923879903423235
ae2134553c6c6fd5,0.5276081917505766
6bcaab192ed65532,0.5519233013938865
90c62e9a75c68cc1,0.44528198258528373
ee97c367423a4b7f,0.5559456045350826
bb8352aa499a78b7,0.4895205656465429
a5f6f5040f05b9df,0.4960880067098741
88f8575a8e4e2565,0.544314326094995
ce170104244438bf,0.49288760879475857
7a5897bdbcd7b736,0.5616135515298837
99e8b432dd81962a,0.3650430950553524
236f9e72be43edf5,0.48367075797492887
d753870671f1dbff,0.5011317021910958
4dbc6decfdc0edf0,0.5234184228635305
64b3232b69a95be3,0.5489977799316433
99fde33f7f071c30,0.5593045017887217
ab4dcf7b9647676a,0.5313791696047948
bc2cba92f3ca57e1,0.5520344435836205
20ea51c3b7a5b56a,0.534777334015601
bd14adb2ed544bd9,0.4875300143027882
ba86f067cfee4a6a,0.533221151396403
0a06df7c7a527a02,0.45244162901987794
3eff9ff433d87dd2,0.5521233337567741
22bb67eaa633b7dc,0.5014516511346703
596a6f4a5f393991,0.5717815392121287
005c429e43e4a963,0.46734951378155
73bb034bcb2888d9,0.4787127734343748
03752d625f10fd91,0.5395981378237265
a0d0dbe94973a270,0.5187553619291623
ef9e88d45290bd5f,0.482960597007137
83d76974a180756b,0.48012111115132616
324ea171221403fe,0.45566168801871054
de0693794a3afcd9,0.4369734675808038
73ee155d471e82f7,0.41646233097247287
61f4b75c54e9bb42,0.5114184385944882
901edc4dbfb3fe22,0.5290240157657045
ae3bc8f0fe3e4937,0.3718482423511298
9bac16e855b768b4,0.3868810706650413
3f544651e90d8fe1,0.5526404402994225
94d6ffe4de2c4f72,0.5144244531571397
7ee8fef1a0781d22,0.5615544701491075
df277299db245cdc,0.38863221346391974
dbe6713086759729,0.38368061239896667
913c7fd91e54c763,0.5342379624333595
5f30c5ef6baf9aab,0.46637282482778775
ea43bcebde6ffc88,0.5601449641055306
b511a21bdfb19e71,0.5499489027673528
67b48d93e71c5665,0.5579066353409871
bc6050adb040acf0,0.5384682539400376
3f8c61c7f528fd0f,0.523085044451816
33055a43ecd6aa14,0.5400598615399048
c614640cd9bf69bc,0.5691560064537792
1acd45f7bcb7e7b8,0.5512977632634938
883cd34ef57f0f84,0.5212537316335077
66e36bb20d045294,0.38513778444938196
4f91f907b1ac026a,0.5266308343435188
c4288aa1e3f48466,0.4948060936673633
a2f29efd5cf425d1,0.5254651231525524
6b865ffe5e4cfe8c,0.4661188425871299
ad5349c0fe738def,0.49474489527467336
620aa8679d6a393c,0.5397981059351281
b616a755e2a0533f,0.4837102003721204
03bb9d5da98f47f3,0.49027392972614003
fafcbc583577bf59,0.52494263477746
e1b1fdd520aede13,0.5274828279425599
1167499fa017056e,0.4955881051577722
8b96445a6fd3063e,0.5198407716578098
dc09b153e0dcbe59,0.5577142630344016
96f1e0af7c44a0bf,0.5040315428216875
fbdf8702f8fb7364,0.4944059972002659
1d5fb7cc8e24ae62,0.4753169693163034
8191eee39e4c7812,0.4910828184943501
1f6007001a489735,0.4950085703076945
3a9c7681116dbe8d,0.5371634236401117
219832f24ca8b974,0.41153104208169544
3770138edf46d701,0.5086890602976801
83c4d73e7fde8ca1,0.5175504706570683
9e6d6c4ee22c9ab6,0.5508667454858944
4adc730612c9ba2e,0.49033096801862674
0dc3c53d2823361d,0.5020900453731407
077c3efd1e013ac5,0.44433591456337806
2a7386f9af870fdd,0.47092384873313864
3edcbd699090bfe2,0.49415185737688105
f3b1d3da8dbe55ed,0.4451987365035909
5b8734543ff397af,0.49576590027491874
c1086ee4e5919e70,0.4910785789647292
701bfd4671af9ac8,0.4763574305173528
4c4374a077547600,0.5111230340319306
88d68a25da9d0262,0.4926847111371945
df2af9a1288ae534,0.5008806132083359
6181fcea1e48bca4,0.4614333979108374
23d74e2a5da8227c,0.5435231997066989
1149600d89cc2890,0.5462980391386878
82f6873fc1fb69e8,0.4466764295246075
acccb74ec5b67fb8,0.5584926642456569
0b24aa62ca73809d,0.4827603546314643
a7d86ad62fbde47f,0.49682806117681333
26b7a639210e23b3,0.5458378465826201
148c06ce13a74c0c,0.5253434030081037
ad750bc88ee3c775,0.5717853570311267
e189a5039cd5cbb2,0.3707501075151354
dd0560e23912d528,0.48537727844381673
2aab48e32b08c129,0.491654314601809
8896a6a913616eb7,0.511617302786165
07daa36e02650a1c,0.5112562909770215
026c7cf0574141f9,0.5566216872409477
d5bc95948ec87a1c,0.5282005174921087
1e4dc193fd43059e,0.5491823397849074
6dd0caae5fa9fc2d,0.5278743988906808
a9b326104ac39030,0.4885937888192313
877cf3922ad28a5f,0.5362693482608809
290c7079bdb053c5,0.4618952333341926
4861dba64caf0f1a,0.5479527605117667
9b703bd5958dbeca,0.509486838173445
549d997a103533cb,0.5504389944014855
163ef5845e61dae7,0.47518328168165125
13945b787ee6ae9b,0.44970431000115507
a92e3415b20cc472,0.5452796752841339
e0a2708be7983afe,0.5010087253075453
2aa050ea779d0b36,0.48591159513684157
bcd98fc94b9f67cd,0.47584913047432353
9d6bc2c05c3c15b5,0.4477653740117886
b7369e5e9d6821af,0.4283052388602183
67bcd5a7f01a2bb7,0.4244152902312184
bc83d1570e14d187,0.5191967730966873
fad2a672648d9ae7,0.5204975211140065
734a6bf46e46c3e0,0.38336901923014066
d53228fcb42e6e34,0.39112361185868094
b5b958fd6d8ee4e4,0.5524230974586026
e903ed70ae88aa48,0.5135469834608346
5c6096435a206e76,0.5561270671556273
031c9129e62cf5a6,0.4003892977663964
e0591e8861528d1a,0.38782206355168636
b71c45ff39d0e79f,0.5346272337371349
33be9e57c1ac5622,0.4710071676477554
90e8aafe0e79b5eb,0.5524124370888822
e59460c182273b6f,0.5438979686481276
4ae1abc419a02076,0.563655189419769
d83428f02313a55e,0.5263243176907056
c1926dcdc2c8731b,0.5285308034283605
e227b9fb4154ee95,0.5380054987322265
99a61c9ae626441a,0.5694337843552704
adf42ad92f80d6ec,0.5532234574084807
7147d9204bfd1402,0.5214036364716175
8694d6ce8dd0c274,0.368629189302925
fa1c7b87f4965654,0.5253876026017437
b9f087a3881f0023,0.5022258871421081
008ec3414e99f6cd,0.5318644720135521
310d89fe0a6c307d,0.47594907891263016
3c962dc8076cb755,0.49930671207578103
09b1ffb28d705fcf,0.5463163819341504
18b60d51a459801b,0.4828211241720657
d5f54b9849c6c3a5,0.4845237156799975
d87e2d89717f308a,0.5498898375795974
a2bde573195ee8d0,0.5383688674928766
4427c3cc00329ef7,0.48734777037722343
8f152f8a53c18c2a,0.5035690342224141
330c74ba91d4737f,0.5474877140921866
2f5f6df2b02e9c8a,0.49384214816584837
040b6cddfd8a0711,0.5057264045159475
c1ab79824a6e0343,0.4883298018659967
b8c93b420a622e70,0.48355799913691255
115a6c700545e3fa,0.49834825194155963
f1496800726b453d,0.5482565438859608
b3e5ef66866d9f19,0.4186997453430339
468da8e196dbbda6,0.5172761190548283
8dbcd484a54983da,0.5121042394879303
85d90338fce847bd,0.5404005670281327
519212053c407a23,0.4860838605997668
c7091b4102a7250d,0.49940604330890437
65a8c86147e51cbd,0.46253998617035463
7a3ff01ace860f5f,0.4709210244580435
f5bdb1a96cc5ea90,0.48936867227337344
69e765d0ffb337f1,0.4443479254792635
693fa0bb20d42c3d,0.4966883827647378
d008713097d2a8a3,0.495184292573865
610eaa48a2983f39,0.48134555585034833
ca7f50ef3b1add1a,0.5174220414771158
ebde9cc514c10c3b,0.4900794285736336
4ccc2888ab9c5243,0.5035278703832329
310e99df24f519e1,0.46405132569768415
0103b89b0edf1dc8,0.5430201704495453
f05beae04de67760,0.5474271414058773
e154c17b9621bd1b,0.4440042372723154
3fa0c1dba12d1bd8,0.5579328659494905
cce568f1582a24b6,0.47333818401735417
ed6def4be63d9706,0.5095960600997278
b9a28e1eec8d51e8,0.5491997275327758
af5f15acbe844a3f,0.5218015459164966
3a24adf53eaf7bef,0.567877185574319
dde81a2d4c1806d5,0.37670438939628403
782a10c57d0b40a6,0.48887120739543155
eb6a7897affe0c0d,0.48867131116745455
fb13730ec360a241,0.5233677059778784
710cd4a83ec4b4c2,0.5152221994588282
1a1ba1207ccaa34a,0.5574977572767412
9f606f6d85c234ef,0.5240887547817081
35d46bb04c6b91f3,0.5531070455788653
27c1e2c1b7102d8e,0.5322200407992124
7c001e4a2e46ad84,0.4957150785631559
218e9b3c9a0af98d,0.5390487369222166
a799e573837c6d0d,0.45902571117049407
dfa741090e545269,0.5454778272390219
5731fbe7acd119d6,0.500250165240597
089c079243478bef,0.5523257695552415
51b929dbec384be3,0.4713752117830723
812b857cf64edec7,0.4597083390617852
974a5fcedd3efafa,0.5581451976842116
5650e7527d589ff8,0.4958346106129079
6cae800c9665411b,0.47549050557435646
169b71303bb46091,0.48450745709967347
60e74fe417cec0cd,0.4359935512846057
b3ce3d22df299542,0.40515041040303446
f77f55b3f968c457,0.4275793284910696
61f0ec224daca429,0.5035559485132244
abeb94bcea46a736,0.5272915000996781
ca2a9615a4a04eee,0.38196105457284757
906682acabd11fe6,0.375041057280866
19f8e0a21eb1c78d,0.5535532423233782
2af56ca3bbbece11,0.5003190809152191
84a714eb0833711d,0.5532430171278598
ee420784b6e63bec,0.44933690514639457
e90bc69b5e38fdc3,0.3877625595864176
b29770b17833c3e7,0.5354310433280934
96d5833d5a928f34,0.46505046453301613
1a52524e36a49c00,0.5619240835837178
11dea4ae308bae8e,0.5604902760174644
7ef7a3d3798322e7,0.5504977258934738
e14705307f2c32a9,0.5163515071250531
90a4ce12a3e98321,0.5222173470952727
fc2b0890e2da75a0,0.5353946037269433
99a4c4143e689de0,0.5358674316207448
fdcc5dccfe0650b7,0.5551828237322107
4e810632691b5e09,0.5206442872438325
b2104ed5d3e74c0b,0.3842114569822601
51cb913820936bc9,0.5264227298483004
49e1bd5512a18d51,0.5017632060704288
104ec8ecd9ebf847,0.5355619289105868
d18d1cea8f473f42,0.4737890268645619
ee0589fb6892201e,0.500605024486417
5cac51ee27bc2ad2,0.5439005463537365
1f97665082554f42,0.49544284616099343
ff31fb86cdcf3e67,0.4821511251219259
18c204bd98de8481,0.5383308475321744
1664b1aa852eee9f,0.5448457813893239
ea14ed0f840faa8e,0.4868518551577651
6826af1f07e2e74a,0.5010543187753398
c1708037f57ba24a,0.563354455667074
d1646c3791879f09,0.49145239399637775
96d4d7dc7912b5e3,0.49863581340691554
6bbdc0b1d1d03bcc,0.4826487920266851
63c6535ff33e5394,0.473351514625184
74f7a9debc081d51,0.49639290511646306
d229048366863642,0.5381332243059658
fc92be546e7f0794,0.41566698542008773
3a626bbc5dc50d9c,0.5176650633636257
03b8811952c11dd8,0.5160010443939207
aa63a59e191d0f79,0.543770058599447
b5f691a1967e2e60,0.4969835774086353
bb5d6612410b1778,0.4975123881587541
522fb7b3312cf49a,0.4687502448469679
b5880bebff0d6cfa,0.46462912537719614
2982ba98dd6499b7,0.49660564355755543
cd61a08a9f9822e0,0.4549820639751879
5be2babe36d36b8f,0.4990354263268425
0564fe154f81f4e8,0.4884028430178611
d23b2f5d9239f1c8,0.48926970393734825
f0ab4e8037570ce9,0.520059046163085
730efa45575c7c1f,0.4945510250890547
94faa6ac186e6ccd,0.5026371865381151
34e42aa0f8e85f7b,0.45673838322752003
ccce5f1e0570fc7a,0.539918391134703
7fec1b766a30c858,0.542092225322035
e34812856092de06,0.4462266358067215
d5e447ae2095561e,0.5634275989096601
f5a54c82840d3449,0.47423036550141917
4faf53c6d9aac9fe,0.5092319644086617
0a1d367f0c033850,0.5562973369547074
f36cbf11e4caabdc,0.5284298892662789
3396bc255b6714f6,0.5736679634727226
b3cee771f13f5ec8,0.39187376524052375
7c96b89285aa7018,0.48815949284300664
4d44edb4b2756c82,0.48896906266307616
312b06da76eb50f7,0.5185576838655808
bfc54c95cdf2c457,0.5003900955206795
4b53433cca39a74c,0.5592595054614575
22543ddda82962f8,0.5286109182503951
b5160b636d42c3f3,0.5349156155571497
bcb24d0d20389e7d,0.5317686429872885
136ec2f700368fd2,0.49237949462368213
7357b8e51ee6a33a,0.5421840120050051
0b76c5d468099724,0.45990076853780204
4c163a08812d5015,0.5455628326260682
65761c2150b1faf0,0.5026303507094048
2c7c71f25feaa044,0.5646768537671061
c63163b6db4956a0,0.4786011418581211
3aedd02633fb4b46,0.46557637075397473
4f8c888477e4e938,0.555121066386716
e21d75eb1ff1c5c6,0.5024094165642604
6f2ba86d45f02e32,0.47851474302444563
579c7076cbfcbf2e,0.4758793995782963
83b3c836ce685be7,0.4373126558472291
20482c07e7042a9d,0.4061028635591911
e3d14ae8cb0967cd,0.4288407053517903
52c8164b3e3e5489,0.5071766053596485
3404a4893315b8a2,0.5310533884434534
88089e9ab3f6ce05,0.38053119299542004
31091cef23ec255c,0.37994743663832
cfaa005ee5ea651a,0.5621760457381928
123c278db529b77f,0.49962196646942736
9c0d89066bd112a2,0.535109043772509
704b577f0a028c24,0.4446127784480922
b230f8eae53acb80,0.38749634724411464
41c1d6c22c0b064e,0.5331366336749799
3dee42552b987aa2,0.469003769707971
400d4969169bbf34,0.5607311782974855
9a661eabb827fce1,0.5597320036177267
0c2cc9f04642005d,0.5513648359276073
1cc00f556f172450,0.5150472411435452
e8a518b8b6059df3,0.5175151207609271
111c77ee3945c75c,0.5352223618239791
bb9431918d5c2fd4,0.5335188845703318
35eda087b7436760,0.5517664884950195
309409a6dbe05f6e,0.5171669546988569
63e12b8d54ceed9b,0.3887802264571042
50edeee4e991bf75,0.5347623779535736
4064615895ffdb83,0.5055124524425072
74deb5270b89f958,0.5458253999435383
5c49b9bb8cc2eb36,0.47480081855078815
0446f23af3f1f321,0.5069457585763482
4348fb1cb988646a,0.5423437343693218
a2b3df4f2eec5056,0.4895351107400442
ebafb494e6bac099,0.47488225161003395
5c1cce1414becb6e,0.5327994351217824
c1218287bc4f7151,0.5445457744450493
ac185d82c2a3a67c,0.47888458975783765
11ef8640de47f05c,0.5027071354306402
b4898de9b7b7ea22,0.5594229974965348
bae7fa24a8849c8f,0.4935022448588039
2b33eee63b20302e,0.49534644670241157
4a29210b169cc3ff,0.48063423796781524
14b72d8d4090f7b3,0.4726069333119214
2711fe1c6de2c385,0.50926897651727
65158b319ead0ca7,0.5360450771127754
2d939421b8dd5b3c,0.41925804617731943
21f8ff44d161d98c,0.5215888884175409
e2947980c0e0151f,0.5191564164586371
06bee47a514a6f18,0.5281736366822136
5d7e300fb8b2ac69,0.49547367366628114
ccd7ac024fc2d469,0.5011301618330831
1d55b08288e4346f,0.4740001669351138
133e7b941294903e,0.46430742687134363
66981a689222321b,0.49280767609583187
af3e184bd9db5b6d,0.46136855990116044
4fed75131e6d800b,0.4921364354048461
74fc019b9da70266,0.47877044988624096
2090dd9f553bec76,0.48650516299908586
4508db0460df541a,0.529465553741824
b0d2112a0e151f50,0.4861915135073449
1e353a43afd0817b,0.49239258514248263
f3219e96724d7d16,0.45914893214354224
46e8effb44689574,0.5362211830576766
d523713e974b3155,0.5487632631849599
de5c28362e1d3ee3,0.4455993455341072
16ab21fa7bab2b22,0.5626682006342096
52645fa1fe06bc2b,0.471169131851771
f786e0d8e50259e6,0.5206484847293108
427d9d47015aeb57,0.5555967825812882
497dcd8d1b6b300e,0.5240281919386858
b94281dd3bfd3135,0.5677146415779918
0f459dae258fca9c,0.38744451392224066
af23cb908a55f2e0,0.49317349305372127
d2120fbf984ff5af,0.4931803035802609
6ba954e4f2fe22ba,0.5200908733290384
81458e63aff6e5c3,0.5038361619016661
7bc974735a2a2827,0.5617716691810091
fd2efe9f7d6d4f19,0.5329115922276435
3156e007cfb809b7,0.5301220586574813
688790ef87e0c2be,0.5406441969418826
fa49f7cceb26d5a0,0.4932956683408567
59e24d074a73c538,0.5561608933612587
5b9fe509c00dd8f9,0.46575604548510807
1301618afa7f191d,0.5427573503816011
e62ca4c338806a6a,0.4951970713531507
648b8a653a7ce6d3,0.5623423361839078
c070a7b025c667bd,0.47621389947330595
56bb55e19a35caca,0.4619849886437093
68677cceded1eab0,0.5551620509857187
3df0c68d86b2e3ab,0.5104955277006125
965fb1e5ea93164b,0.4672776078906744
beb543c148b2addb,0.47271157441656453
511af732e4821eeb,0.43153334983266955
6350c258cc8f6c78,0.4053842268362403
c32f50af2f444786,0.43239205727180585
f3e1360f4d4e3444,0.5090895461330045
116f7e6a395ae240,0.5297508153052173
a44c8e9281649415,0.3845159715659926
79f30477d5165ffe,0.3817765616381482
36abda1ca632dad2,0.5648258791825701
acaa355353d80ae8,0.4938845271863046
ba4ee283fa7e4ccd,0.5374485377586876
3360fea3acb54bdc,0.4438318894234976
3bec8affeae95815,0.3861064535630767
861a6a8f9921081a,0.53925170343665
3c2ad587850e5c40,0.4773180392492914
7e216235abd9509a,0.559873954752024
276988ac6b46a891,0.5533039621058597
47b17a0e43a4fa14,0.5543533023700842
d839bd5e078d4247,0.5206023505797477
ff315687bf813c79,0.525163540638131
97fa9dd5ed5fa14f,0.5409456494121632
4d25fc15143c3625,0.54883675890475
519324e12489bce1,0.5480546370053442
35248dc5d59c79e3,0.5156784441262674
2c4df93d8c8b4fca,0.3871525630777053
6082e1932e7ba2ed,0.526317673126599
0fa868d94c22c52e,0.4996163356724407
4670e2df197d47c0,0.5402263666304092
119f64e9aa678f7b,0.47328377856254056
349d4ba2be7bac7e,0.4953551922690713
0cabe39c2f3823e2,0.5508789558955932
65b5cb50962744b0,0.49539969763152625
2b12bc9ea96216d3,0.47942794162773994
1174dcf1f4ba7638,0.5292016733585159
7aa3d1ae7d6646ee,0.5436970227622968
8b0436aae14ad9e9,0.487566840806298
116257a41def57d8,0.4987970673420662
644f5086bdfff94c,0.5481493979980251
8d1ff8eafa6ea271,0.49807958004525155
2c0c70c7b8db578c,0.5001716745850167
914a7fb72c707493,0.4712645896286358
99609d1f94490af5,0.474819732707808
2933d717507ca4bf,0.5022391016875144
3c61b1526bc6afd2,0.5348746215153615
caf7ea3db19b5c35,0.42004384447360954
8b54d3e96e8a7cfb,0.5147492037108726
faaafc880562b1b7,0.5159656504960475
b846eb893a20b1ed,0.5398113485772406
0302149ea064a5fd,0.4944796631227639
9f95adede4ff7d91,0.4953030869506667
db295f167da045b8,0.47189342785229627
5126a3ad84559bba,0.4636496543948403
ee664f6adbe5817a,0.49001701633836814
affb106acb1d5a88,0.4639161033246366
ce2f4122a4aab7aa,0.49569988955678723
284f8aa3971bea53,0.482553176672587
290d57c17fac8686,0.49081159012247344
d525f0381811988f,0.5247735384471793
76bf40968e949e08,0.4792413119284553
475cae37dc2ee946,0.49308321742250194
4e8475d0a452835e,0.4578938520093073
3a2493cebc7df1df,0.5368556260369519
c00e68f129a8fee8,0.5349282614120956
6c87303a3c80f6c4,0.4458939938099483
6f8bc212476fea2d,0.5627542814795459
ec0f1d52de5e3502,0.47682784031121805
bacfbee695588341,0.5209431310229642
18c10132c09b3504,0.5598556885004338
5e80dc0fe5dadcb5,0.5275547329960167
6873a7cddf0c8fbf,0.5718148321446491
44f0746dff4873ba,0.4026377000218795
2b0847c6456f2770,0.49072735905633413
6dc6601460beae95,0.49229154518207274
3455aaa4116febd0,0.5273907189016928
db0c2ae6a91601bc,0.5004234496497012
465967c71e011cbc,0.5626497827365273
629e5cb0eee1902f,0.530010633330326
10055485cc5c30cc,0.5263932043751774
638cd238bf0fac87,0.536296852368527
9f646a24692683a2,0.4979797309434668
07b87185a71d1754,0.5605321355587543
0a153098ecf8cb3c,0.46718559660627446
539d3d5f8836090e,0.520607687796362
eebd62d98fc892e1,0.49851137974071813
d534d05c16dcfe86,0.5685325814766794
abdab73129e8f301,0.48723790551804724
3134595bb0be6e07,0.4594913622226271
3c77dc7c4520d81a,0.5471694758237275
353d5da36264a025,0.49421064165416395
e483e885f0724edc,0.4914352841567854
d8dd4c6cc9b3e5fe,0.48177434967968835
e10cc3b2b2f4b49b,0.4291314781154535
16b2eb5a0aabb36e,0.39964987339278313
06df52f2c6d5f28a,0.43268147819926406
8e274d6957cb5c09,0.505671337585841
99271ed009e3ee0b,0.5327477785697137
9c2591504deb85e5,0.3934414993413615
580219af48c1e76d,0.38909804106858903
c4aa737766044960,0.5634833820599188
c0d85aa652349d57,0.4965517338260006
4496f7ff1adcd180,0.5391817451476542
dca94b51600e86ea,0.44945421577969646
9cc018ae5f48a011,0.38593360550564504
79b55e72ecc23d56,0.5387200872327564
883fad818a00b68e,0.4804586610467181
eb4834d8c0a5a719,0.5534888979208077
e77f7ba03beea2cc,0.5539066695073049
7423b163670f2a32,0.5694385268480753
4ae25247fa748399,0.5161595938351371
2e37b0eeea7bfd80,0.527051164917087
7c8f51dac80df0a3,0.5352932241549215
0ed0080f0f1bbf50,0.5520120659970009
166702bbe4c24365,0.54361662318242
47dd7e1110dd91a5,0.5134911700067041
273bebf5f556c689,0.3831159904411683
158ddf26cb3d02ef,0.5266435895726584
46164109257b8ef9,0.5043931592424515
f515a4cf7dc76a93,0.539942685162347
9c56f793415c492d,0.4820641775336999
c8ec1928915fee51,0.5000009099218719
bac64109ea2a6b7d,0.558100796172609
9ad7095b1fc4801f,0.4905513060673581
9433354ed1291c9b,0.47887110245053877
1742f4b97a8d302a,0.5257807099133717
4fb4cc833c269dde,0.5457008585950732
d452e0f7f34ca47b,0.4882592663217574
de12019759d58e4c,0.5053537653327362
18a0b89970c7edd9,0.5558023467730946
c537071d85c4e684,0.5071480668962803
977098ade8e40890,0.4967384513385661
3e158731b982ddbd,0.47704214487204766
db96719fb34c1c78,0.4775871798772875
68250988d8dae54d,0.5199402464690561
4e36478b8341b34e,0.5268051525380558
bea19c8613585790,0.41324632291202057
d3e744145900e786,0.5155401637770105
c7d2eb0f997858e0,0.5176925986435182
200a35a87dfc8570,0.5391154459054495
0749b240fcafda85,0.48789765456322365
caca1b96ed5c6404,0.4920423101690088
505163d393fbf27a,0.4774636366653332
e8804807a00adaab,0.463460965697715
a4b34fb2f8330050,0.5002315937922577
e722817c49e3c4a0,0.4524374045472267
1a7420d7ecd2d921,0.4985183349501561
17b77e335e0d9ffc,0.47833100334108813
28a711d3e274220a,0.4833253368447977
5bf255fd34b64320,0.523140993449092
94ec88cfed9584ed,0.48542091676889976
438ec4d5723ddc2c,0.49553580951113474
30604de5cd13ac10,0.45820517243765957
ed50d657e6a86b63,0.5243902841798453
0c6f49ebe820ec40,0.5400615358613081
269bfdbd18a79034,0.44121650427307735
1d985874b4830643,0.5517032989285866
161105aec4a26549,0.462646911340697
48d6e15718b06a82,0.5292190541769679
93f448d71cce2740,0.5608425467072178
9582d5915d5275e5,0.5251716976327949
d7df4bd4fb236bf1,0.5655605907143382
f01ae7e7b7846df1,0.40591529804561055
256d42c134fad278,0.495747768474059
157e1325fafb7c22,0.4947092102476711
c0c07567decf5e5d,0.5237462452994537
07f46ed60f4c5268,0.5022312506976324
f27dcfab1c8ca15f,0.5779882212437879
f899135b6a29ec6e,0.5308179884042705
5a6d0ffc09281be5,0.5379537173619431
38e6228e1e3fb814,0.5447358808017522
9e48b1db345db3e2,0.4964723534113763
398eb0bba74d92c8,0.5576730699065438
de1072bb0f84fe42,0.46990088773499095
ed9233fbcf942912,0.50647590992493
3909c110d3159f9c,0.4980865941564472
c411bd86ff149be6,0.5588506112237482
acd55cfc7b956a40,0.47345351834637783
97da16a8de147604,0.44240999247832635
ae36103ef7d80012,0.5207391987645344
5f99524b142bfbff,0.49382484786846237
363406a166d53b4c,0.49678393389164
92021fbae3eaea66,0.45989816409356343
b07876712507699a,0.4354796562826857
a881add526ad7d50,0.39884341231035514
44be7f868be8a687,0.4205733103601784
0c371575f11c7626,0.5145331499905803
87b341da3372ed63,0.520970518527522
b172756c6baf98a5,0.3793966556419459
c8d759e534e65a04,0.36533760352490185
de1a4890fd754ec7,0.5504210853228926
a0671f55ea282e76,0.508881187732583
2f4247a0397dbd03,0.5415917946855748
8320d2a75838fc94,0.4461334860166368
d9fbedc8c12e21ef,0.374788819445552
253a9de7aeac6748,0.5356266523405795
9debf162d16db327,0.4713478393987308
616789bb7dfc7eee,0.5507112029185498
abf4936fed846806,0.5478053227615025
f17117fa54a88b4b,0.549456411748815
09d190ac3becad0a,0.5087262816040619
93f1098dd56f4f52,0.5210363691770284
7013b04d0ebd6154,0.5288235464065234
3c5a8fc46aa8c8ea,0.5501850016702027
c72ba0df4cd7e0ad,0.5566201745594886
beb3be2539728be7,0.5124681225542227
e8b7dfa75733fd6d,0.39781926500985676
a1babfdfbbc57691,0.5387850209572206
21e0694c5cff0d40,0.509301396704591
016e41bf6fd72307,0.5384029868823719
cca1acab6434ecd4,0.4861304294568082
9bf5ae008cfdaf3e,0.5039425567060105
8a8c343260b33342,0.5529077981925272
dc5dde959b45d1cf,0.4887816107560258
a319897764c1997a,0.479930649859173
c637945596d5171b,0.5272199570353613
f058a9c10511c193,0.5385858851566856
888af7df592a799d,0.4898993492679248
aafcfc4d674cd501,0.5108734842275026
cce5b192a9b6c11d,0.5600580625958564
3cf59fbf4fd66531,0.5061006932471308
faaa863f66f9b256,0.4996488399309388
b268b9f856af33c9,0.47573455884652394
d7a229cf314e157a,0.49435777533835035
d0f84df03cd5c7bf,0.5180904132725198
760113580c2d6238,0.5340173779699293
302ab04a5af98f59,0.4298689088692408
4e4f4fa76d616fdb,0.5072228456874703
2c6f2e1179e165cd,0.517199818776944
442aae523bb812eb,0.5397979752237092
dc9f25862e729608,0.4900379921729032
b4918d9dca680244,0.5066686981292227
24827f3f862a10c3,0.47438063679131304
260c3ee2bda904af,0.4786391365981377
7a89e684c30d9b7e,0.4944620572399383
02dd27a75c9b6cbb,0.4574576287082037
59834219ba108254,0.49369131165369784
f24ca0446c8ab237,0.47203607562816263
e0e3af6a30297260,0.48402472093481075
1a2564947ebd2251,0.5263218363862892
33173927688b62b2,0.494566618556302
e89c5b1a0a925c3b,0.49228715726069394
80fad6545b781f3a,0.4626598771300422
a9faff7b4657c12f,0.5266286475286732
b5cd6303231bd966,0.547278873007339
d0daf562c486649e,0.4374663063903498
437ebd8e92d1962c,0.5606572342722128
dce9fec7d7eb7d62,0.4802139067082247
768ea9dc2d86f00f,0.5360187535387417
ff72e2f1215e6be7,0.5560105635331325
949b3f5e1b3773a5,0.5321810896273713
d8eb0b7d07fe3073,0.5797876303984816
8ebf091a917614c1,0.4192771943338176
d1c423cf77abff30,0.4949561492994845
61366929b2774cbe,0.49213073463123047
a4b6512c617824e2,0.5322193465453997
a78a31e02e758d8b,0.510227380827701
8a9b3629b4daf8d6,0.569635395028103
eaceffdc25395c80,0.5431247472862117
e5645a2d8a460a76,0.5484109407260773
9e2dd6cd4b21b460,0.5446856222365278
8419626e39e56bf9,0.49900586931697244
193de4eea5cb88d4,0.5613173152625931
583b681434f18f51,0.47186585239313117
082bee37e153133a,0.5022094828961388
f94f3d2fdff1b212,0.48780315452262
80383a8d822bf26e,0.557388305261294
1c61652fc2eba2a3,0.465016224237468
7ee668c831db3d14,0.4235357338573482
22057483cfea3ae2,0.5220069305001436
d66828cedcb6543a,0.490093681022052
109666879ad3bf3b,0.4967400109990162
0e1690daaff9fd99,0.4758246518896695
ad477a58ca2aa641,0.44847864387303293
810fd52e426864bb,0.39911160677138624
b287567325c97425,0.4279509932372174
d24b3e0397356076,0.5241220774304292
3744b1957d8d028b,0.5294150466123586
130e7ae679669fad,0.3900963383047288
27c4db5d2aaf1afe,0.38384603663288097
6c93c01edcd9f123,0.5532997520650069
986e7e0d2f71d516,0.496443441501522
6b171b8341f1eef3,0.5448803525837146
0e2c3ca98fc66850,0.4405498604463316
38cd53d3c13d777a,0.3761484958078998
61891e2052afe4e2,0.531117807551156
cbfaf4328ee6fa54,0.4724008672831733
e64ff60656cdc45c,0.5495791406094648
5cd133c57f84aa1f,0.5303450835086863
cb52efa7e6374d4c,0.5422377739249917
f0aaaa0528ec4ff3,0.5031755764645394
24b5074422f58974,0.5018400192844148
1c961ccb8306f7bc,0.5337346965669518
c36339668274f6e4,0.5486128978104854
069366e54ece33cd,0.5567384569762484
84593188d2a8c00a,0.5200901629881705
b638ad612bd01c7c,0.39857556700006047
dd1c46bda29cb7d4,0.5378527205965964
13c4d67e1e893637,0.4941251492779718
0e604312264c23c2,0.5371583027952691
a98353aa5a48993b,0.49115837922311023
5ebb7348be6debb6,0.4935675556686939
2e627b4ca2b6a69b,0.5450839062909345
ac20c288df928ca2,0.48506867913559215
68f00fcef1f803fa,0.4814977776783067
85c397994abae273,0.5420714294803621
8da8c5757c2a8e80,0.537756393664655
173a3d7e473a45d2,0.48841148322891703
290a133b1c805309,0.507284998951813
b0862060a42b8bb5,0.5430859519860358
669498df45af5562,0.49925546095432527
9e676099de1ef530,0.5024815846822466
d8732fdbaae44001,0.48389329700639816
e8c117e7067577df,0.49412033398687527
12e6a0a175c76a3f,0.5085511668273743
dce6bd89fe4d3b63,0.5381574599584377
7e057438719b4bee,0.43004238008217577
8a1e0ee527e162c4,0.5164943425847013
25567126f354ee14,0.5285051013276163
09d23739647aa86c,0.5328793583514754
f0c76bfe9f6b8750,0.4916344396976986
d2990f4c4b886217,0.5005189155101086
b5fc82e71a75f4ff,0.48047510171602115
a4b21088b461cabb,0.4833945609267103
be8f6b1a296126e7,0.5060043756640682
28e3ad61fe3f30c9,0.46209176000451335
42e8d499f60dff7e,0.5062297132049169
d3161a2b4ad3704c,0.4742227637554991
c3c800ac85a2021e,0.4706081607347291
f672301a76ea4506,0.5244034974169824
554f8d0dcc952d04,0.49515091706253833
9c73efcce47aaeb1,0.4846665686516023
01a4aca774149852,0.45999459581680013
a1628f5cbbc40483,0.5296141235985938
5850b4fa7db61dde,0.5515734824087849
b2eafb01787a2606,0.43951911935821686
76fe1a6b4010a042,0.5628752080597436
015fa62e8e308dd8,0.4812970173461153
4b99da921e699e7e,0.5412702117933246
858ad8c40af4e686,0.555824006117438
dfff518ddb79a410,0.5311751800276403
1c1441d0120660f4,0.5865298163399333
b8469676435fb38f,0.3922090704534448
fa70a263d32d8ede,0.4911070508377675
430bb798ee500c4d,0.4861992865665866
628b37df572ad71e,0.5275563681478401
0ba997e73745b204,0.5265318809366843
8195d5a8ef54c97f,0.5566226682710012
e37b312c9ab65532,0.5421992512477511
60808aa309491a03,0.5434470694072001
0f5912a49ae6e42e,0.5415805279013998
b38cefcbd66e5537,0.49369077086564894
a76dc532e0a7d41f,0.561613297573288
65c60366fbcdf796,0.4734745166239913
6ebc2a898b41e5f7,0.49725209966318085
28397d7ca476910e,0.4933286891197446
c3207abcf9cf1638,0.5521566988318731
d1b5b9f2227c7752,0.47105995669695844
e9d2de098d967be1,0.42218696642574116
8a9a6171b63eb9b3,0.5197390663845554
b10ee991dcfddd2b,0.492410325754991
5e678fd90ee56d10,0.49998437294182985
815babd59a9adf20,0.48477508146437975
45cb28d07f41c5e4,0.4539394657524004
9a0b009309ca635a,0.38903565765779946
237214c46570c1e6,0.4083976653755452
73d349049d08cd7e,0.5247402530975442
0803589d93a78ae3,0.5283733088947069
af68e11790e161e7,0.3807573984790299
8d921997e1905bf6,0.3680578989697644
0d109b5013255679,0.5462936632499031
a1031f14cec15ddb,0.5016660184004444
4056977694de672f,0.5349242612611627
b61a1b76893a6a96,0.4464983923897985
f92c5aaff5f6b759,0.3754967656368873
fe51d94924a4a2d6,0.5311936263052411
d8083b860085eef4,0.479821070037336
a1ae84da63560763,0.5503149053565755
02449439370dd17a,0.5242265926157925
c473707881b52ac1,0.5305326809270741
428c39c400678431,0.509614974846791
84e0dc70e3e755f8,0.4824198605643625
b8340dae9a1a37af,0.5341415397389864
51d78806c45ec124,0.5254342449945788
28a39a959ce5825c,0.5577782055863802
672c420699a7e4a7,0.5212281469836508
6b077db10a23bd4b,0.39982387768788774
be4fdbd9c4e55bc4,0.538751892602868
89b02e9eef0524f0,0.4974466660784512
f2646a7931e5e241,0.5402316933113231
02d11b7dc91de76e,0.48948151131613415
c1765cb50c1a43f2,0.49656050434242793
9ad22b4bf302ab5a,0.5508204403594789
79de852cb4a2638c,0.48999054784795004
a30ee6796cde9bb1,0.48281601546042097
f966033c7be8e739,0.5294851634368947
0058d76a682efcad,0.5398254409911596
eaaa6fe22f6569cb,0.48448090330816684
a67dd95a849a7ac7,0.5123148679541776
da29e090fb918b6c,0.553395556208925
e04ea18fd285c604,0.49974952977613807
7e4628f57d50580c,0.5028911234853845
dd0c0a6e845c015c,0.488591579127329
ac7e7c077a917a68,0.4973463265880742
070ff54ad67e278c,0.5063409399596129
f775ea251577b98f,0.5341792424453519
85244e30f3388b48,0.4346491452928777
c7e2dcadb24eea21,0.5104054232503494
77073a62839ff373,0.5263841087478666
38124d4300485efc,0.5336018681928703
851255f6a2651fed,0.49306809042749666
2325cf5bfba9b243,0.5031376962640799
9915450f857d7c9a,0.47673775265220375
d277f913b2aacd27,0.48187688999874534
ec4b09d070b5ccef,0.5043020274894743
4c65d18fa3677e55,0.4654173208335346
a23655737d537b18,0.510029816740365
6c5c7c27eb59977e,0.4748588160408248
a9b36fa6d30444c5,0.47848385873249266
fc03058eb3ac11e2,0.5324013293392807
5478f97f69b352f2,0.48930958726029894
2fc839a7ab371db7,0.48584224500998874
3105e23b2fb24865,0.4664213415115259
ef00491b6ed0978b,0.5257123346874145
85bb6b568403e103,0.5505414776057003
34914dd71f56b4c7,0.43827658524702096
7c06923032986b59,0.5671199608825876
1c0b013f846398ed,0.4843990276364105
ad4e61c912e9729f,0.5381554992064668
6ab826a080fa3ba4,0.5598333368894818
43550eda0828be9c,0.5293893522678673
8284b0bd5bd3d5cc,0.5868051499477327
dbf5b0afaee6695e,0.38657860638048736
fce8f29340958d72,0.4920161511541684
f2105ae63215cb19,0.48927710957881865
7144a05a11936d9a,0.5259498363139075
f3a61b4f06627c76,0.52507975202343
fa65b0eb3c917384,0.5591316583136292
43ad604235fcf215,0.5428957938195923
4cb3efb94ff608ff,0.542419223070987
910fe4bf13737383,0.5495703900177383
2a3318c03c5a55dc,0.4967864553534891
72705ea54856963a,0.5629991549009317
c828dfb2f825595e,0.4753383684339094
e87186088f0cffd9,0.5010147195214338
2e7de76b0d146808,0.5014266119033076
b1377ccb0b2e6249,0.5591910399994853
d80d91676610b7dc,0.4857951108734805
a47c72e74260dbbb,0.4322641598756143
c17aab6043ae7f27,0.5257768995377854
b4df0d400fd90ead,0.49596201370366233
f96f02c1fcba9feb,0.4997607897771399
94d26594a7bf6682,0.48229618421142717
02986fd7956caac6,0.46156093953837296
5ef5830a1e7d50ea,0.394680552404282
d6ba2f02208cb258,0.41021842073134684
6a7617b78dfd5f65,0.5220671578554631
132eb5c8915eb96a,0.5321116088224389
c4c94dfe012438c6,0.37306891254585894
fe370f2872542226,0.378114660987659
40d5a0436b75f7ea,0.5491221110046847
0d37303b8499f487,0.4993311763035406
dfd99c13290f8417,0.5376903792860166
ff7c23161018d4a1,0.43155911143860837
75f37dcc3e9a6ea5,0.38182123974034143
de3d7ff9c7f16411,0.530883739780533
014804a9a45b3de1,0.47300744472680234
4bb02de1af278f87,0.5490394453764622
d93a59a20f72920f,0.5279490313405519
d5f4707e23698a4d,0.5254231113542845
3e69eaf3674ecc49,0.5107064366544093
9477e57e353e4cb6,0.49539779228969283
1e39a11c97699fa3,0.5306536393066208
3e778420365d24a9,0.5252415732166732
d7bf0d74d08a9d69,0.5534123596639277
8d15b393536b30c2,0.5232346231123617
83b18e205608e7af,0.4023680384503521
042f11785ff860ba,0.5391016087304006
74a611e0a0782c6e,0.5026181533468093
68ef1fa9aaf51249,0.5317401023087133
a1b12ad272be3885,0.48141935348362475
9737262a8607cff6,0.49893661173702397
1980a914f6461915,0.543656899266672
eb76fa9e35a22d11,0.4893354539455984
3804afff80e77328,0.4770936690052505
86d0fac551812504,0.5313592305603144
2f1707333d43ec38,0.5286078731265038
4806c1022a46a72e,0.4838015022287373
e280b08780e4e5bc,0.5029977913354293
228810069ff8ec2f,0.548537983485641
a07e34f1a6e3d35b,0.5026243562765018
a9243c54648acc15,0.5076576114471824
02c6ddba8203d45c,0.4945380746458399
9a8a6c97e5bcbbe6,0.4892069414820478
4e3e302f721720c5,0.49908259355026696
b733759dc344d858,0.5345740389858339
fa7460a723d61343,0.43306697286450846
614838a0a916f2e6,0.5183514481377987
bd6c0f710e701e66,0.5310051474215678
6216acb3393cc614,0.5360622470752816
e657263b982b3bbb,0.4925492575644007
dad61f13ae3c06bc,0.507671553022795
5e3984d630daab2a,0.4766506478165975
67bf87fc921ffb26,0.4852418084966942
c3236f5c3c8cc743,0.508818917194449
0d1018e628b523d2,0.46587409729635987
6712fe598d91f603,0.5078725787482922
1d9b8e613d470bd4,0.4669169927382978
1b3290abb29bd9d0,0.4736123426287119
ca2fdff7f9b4a88d,0.5274847247652081
99ac1f13b65515ad,0.4914892822490633
82c3767e4a872134,0.48710539699970556
2e37c9fb8b9dec07,0.46181465881563555
4844c03799934ee4,0.525813460267311
43e7b1ee9204dcb4,0.5552158079518904
6b089266c0430b14,0.43599061274506967
ccbb32782875fc59,0.5616521774888328
4bf8bdda295409bd,0.480222335815087
0359afe603e2fdab,0.539546805112751
f89b693a1273b3e1,0.5606306901114912
37befe9bc0053d5d,0.5296842172587779
698c050d79f98471,0.5835957084308668
e96a72c8113ce78b,0.38326814168384915
b1db86f4b97af8a1,0.48601997867685
8010159eef80d01b,0.4841491452319395
629235852935272c,0.52558929112505
7a6c7a6fce5cc0a0,0.5238881991697939
3deff561fd9ed67a,0.5744749522419521
98634189feb8f4fe,0.5395926619778733
886482e5305d0edd,0.5418257964677944
bc646791544def87,0.5477188121469418
596d1db0982b7cbd,0.47858891048877117
6f85c6b84e9e83f2,0.5565483779129614
8972efdd4a0b7495,0.461634109387002
3b0779f4a56a1fd8,0.5028807660163707
a0cae10aff4b9256,0.5058592731972594
c8c55502d229b8ee,0.5553259952184975
a09e6a31931445ac,0.47555568817414673
4c878f09b00d8d87,0.44225619060390775
60011e40ee5b24e0,0.5338158187066384
9e74379eb541b3ab,0.5106882447469199
0a77e6ef4dde7700,0.5040931974929617
c90eefcfa9f28b4b,0.47928501399847023
3871450beb6d5d1f,0.4631284667496074
979b0c096dee69ff,0.39439793815555657
6897f906b40c7a97,0.4086424442312958
597e65880c3789f7,0.5262605284012989
ead0d0af915c181d,0.5401600391947459
26b1687d81c2a649,0.3888190716233886
a6c8e36215626152,0.3722000467087151
1f8183012bcd938b,0.5400388941394088
27e6d0e89796c297,0.503701541828978
c0bf46ae46161aaf,0.5366369304519143
2387ebec411327d4,0.4254233943830592
74c9a6db67e86fe5,0.36892204987349964
4d0687e6bc30cf82,0.526135159168345
87fa5545eebac365,0.46756834324110463
3b48b56c0a6474d5,0.5587187090525243
4b4a2a71aec4c693,0.5174907664143439
581e44af6fe4ab73,0.5057988408398653
2dde5d2620f0fe93,0.5130148796488831
ae49c6dfebd2d472,0.4753066402945436
749630e811e9a490,0.5308961021462761
0963ea819a3e8911,0.5114229329483304
15377bc7761d0c5c,0.556773728720211
cafd88e38a3ab7e5,0.5219013743056969
781d5d72f344aca4,0.4051538638780441
309b1ffc02606b67,0.5414409206275936
31151e04d4457268,0.4965989402839849
20fb2ca212c75a2a,0.5335477417745336
218c1f4c3527b64d,0.4974985219144452
c9ddbd498587c8aa,0.4993636882716539
ed15aef8fece300f,0.5462720780818602
a2d2748bfca33a56,0.4821024948186644
6326b271f2726433,0.4727732861229115
384bb90ab3425af8,0.5194790297526533
fa918454014ec2c0,0.5410879379408615
3a964d88ba9e9649,0.475012264208044
a37b9806130b11e1,0.5087524943175603
d011d90a8485fe37,0.5533522748691878
12cd4aba39201d2c,0.5209912848313024
1c21ce79fb140522,0.4955520144412715
dfbe40198df03898,0.4930514261903174
03e00a3b7096a244,0.4981785949122871
39845e060cca1710,0.5031941116243341
014accc4a3974fbf,0.5273341411164818
8ab9fcef94ab5312,0.43383902329959856
d98fcc7ffb27d058,0.5171724969366815
0b64bf3e4cc2d583,0.5367095925751589
6a88773dfe58272d,0.5302075941406118
de39a07cd4396c38,0.48677154172259274
b11aa587f4aa328f,0.5041448596805027
4dba29b09fd3feed,0.49521842348398215
1000260820dd77ea,0.4939276431786678
9433d3484344c5ad,0.511533592301434
3c20802195730d1d,0.4757860312075608
d30dd2c9cd98f4c3,0.5104875344902279
3b616d17985ef00f,0.4666894116774145
750f90bb2910dd4b,0.49458034414425045
aac3a3b136692d97,0.5232931568376784
dc77dccc8ca1f4d8,0.4767159238213119
a0db0cf4218a68be,0.49381779863367603
918fc01492e1c651,0.4686532922443011
688ace4657206524,0.5207814862606364
2e2bb2f7e6b2453e,0.5596153803087534
436d95ce030b628e,0.43375172546339846
1e098d914a31da9d,0.5724373357132277
3bba9b6b3e4bbff4,0.4886357987032719
0beb8b5912827764,0.5358842799825585
6866a00a77a0e4aa,0.5565098979312377
284a5c59d3803b9e,0.5315860878092507
615c09a61f46b20c,0.5846441536617584
7aeb6a8caf4fd569,0.37565489202621505
be688603ac27f790,0.4921933030679184
fed00371aa3b7b8d,0.4852797512882405
bdf2c24613d190b2,0.530128424279311
db9fef4cbcf5c7cb,0.5222815544912842
83fa8fe351d19ea1,0.577000313842843
d91780c29b72f617,0.5395371217143132
f82dc6114143fd59,0.5434262786764719
206e6bceca3fdcea,0.5489285979465266
46715c75907fcb91,0.48708857522432436
5488d7d6575663f6,0.5473968760377397
de79a4abf697b942,0.46589658858039473
7dacc1d84ca3e05d,0.5026661803405027
a028c2692a0d4ea2,0.5108555872266914
59343d349df91fe1,0.5514630770513149
4ea3b39d3b6077a8,0.47973022755127104
a3c866d194ab2454,0.4405977828061448
b7d6c3356d5ff16e,0.5195474280579553
e9dc7fbe21158779,0.5055395062099423
aa702a1c0cecedb8,0.4923547502460779
f2675a91de4478e1,0.4744559144417313
296aa1d023726de2,0.4530382171076821
6396d95a2d5ac40a,0.3934022708413184
f7ecfdef03029ac1,0.4024047557696948
f74095690785d139,0.5223134379343951
21be5d9c22357f4e,0.548467085039031
3cd09a8521255a52,0.38486005804242096
202de9a350eeca0b,0.3662294226750986
5e64cf2c0fbaafbb,0.5394973028046484
8052403435182b49,0.5040145780313388
31a1de699b6b5c90,0.5355229931106004
e49a845358dd7a8a,0.4272261337795288
b6e0dd5126ca0f5c,0.37010637210107844
c6547020beeb28f8,0.524963426125411
1b52aca4f15d64d5,0.469167024681046
1f7264ea6aefff5d,0.5603077005789091
a5d2fd433ef52e6a,0.5235928397393308
afbc740b0d95a3f5,0.5146698863137772
8532811e4cc63146,0.5153720558217787
5432c0d0098886e5,0.47384447667488927
85d32d92949f3808,0.5258739510209514
3ce7b118ddc33c89,0.5157434546481227
2614f172c0656df5,0.5627044491887776
bea08965bf0130c5,0.5171374183573201
02e0c74f4f8ced04,0.39722105820217535
de8552a6c3c7092f,0.5395933053635258
0dccfc35b3b3262d,0.500603512957065
7b102dcfe9e4721d,0.5295861339357338
9118afd46c673500,0.4995771536647394
9226e87c44e5e770,0.5051605635490645
b507b3865846473b,0.5501823290065236
f924508032d17df1,0.49341489652593684
ce55e021b70406d0,0.4732944039766649
873cbdfee5ed1676,0.520164769939532
20e5278af8a82136,0.5248548367766744
5a18d547b8bea4ad,0.47028680915643306
ec2479acccce214f,0.5095923231063819
e1ffac44b0859aeb,0.5600801924088106
3afbbad717783739,0.5143794747775405
914294b1e4a99de7,0.4852358962432324
207f54e29967dc69,0.4996347650056915
4369911eefaf9319,0.5026294126678017
479e983dff34fd2d,0.5119243206568982
5b15dad67f550095,0.5399803474875557
3041ff2302d7fe3a,0.43532683172354436
6e428c7bf5ec3e66,0.5137405681291626
3a532e3a34b82aec,0.5350354165313151
6409b0a8b5e3e33d,0.5332067843456233
8345d4917fd591e7,0.4870372938038685
bea5f881873e5f4c,0.510542741411293
9c01673181ced48e,0.5007261771207341
bdb85155db3fd74e,0.49750897216997214
1217e0904cc3c926,0.5098738836164067
7c213b2e5c4c1428,0.4724109383965225
da66dafbc51b4636,0.5121029661070959
02b26c4234ef4edb,0.46285260642719284
c062606c144838f7,0.49573864101635967
b7247216dff2c76c,0.5335731149213233
afbc6058bd66c135,0.4809096719596877
50d3f79f2b6a7e31,0.49010298637896754
9db067a5eb66958f,0.46517544966797486
ad4375d6e5af3d03,0.5177246166467517
30205c30c9f63754,0.563596474446272
49672b262ddedfa6,0.43141066137054096
e705fc7af408c6ff,0.5673069199952933
4906f867cdd98465,0.4918549566461188
f551c87b59448c7f,0.5288158318201417
c646d74b99063a5e,0.5578491763310475
543addbf38c92797,0.5327655911437769
62e8237e720569c8,0.5820807977794408
9bb955e1e9f710b5,0.3653780276125682
403ad444e80640b8,0.4903838858246199
a6b95c6a414b3add,0.4884882372227315
97dcdd3fb0a0ea9d,0.5275280732932431
fbaf0c1d6d8a05ca,0.529002105496841
64d3bb94d3189d98,0.584691500129267
ee2a3e2b0e66b496,0.541723687763503
d2f81b6c9d1698a4,0.5508763005490609
b34181b7d991ca5f,0.5388800375502406
677ca46f3028a9a4,0.4875220209169663
35c882f0ff53cdcf,0.5494451434218595
67b3c7b7e0857229,0.47375807203146814
1f4b759a93147ba0,0.5073021004030894
b61d9375ed09ac29,0.5003977594503971
b4cedfe36f8766da,0.5589467516964444
f90d41bdb3c4d888,0.4866305905488252
8be5494395d67eb6,0.46029584460257333
b362a77a82248d5c,0.5160851479980149
490c553dad3615b5,0.5158698163440649
906155f3d822c60a,0.5000604500672357
d00630cbcc883d67,0.4810012066595585
a9ad6276494dd1a5,0.45199783661655846
724476f3b360ae81,0.4003013500982172
11098570bc7892d4,0.37617569973855525
1b701f59f3c7ee24,0.5193997723302137
42e61285fb11eb9e,0.5502079347807067
fa9e447fe871e63d,0.38207315229133676
0ae1e28359efe2ff,0.38344641944054847
b328ea03ec5df930,0.5396708402549805
27497c5337f99e24,0.5058998900562867
f683a8f947f1f0cf,0.5347950768486006
86f3a550509aa064,0.4061396955344546
d57d230c95e6df29,0.37473544429361927
efcb4801daeef1ad,0.5236231271998036
746a77a65b979b4c,0.46972511703506503
ef438a8d2537fa72,0.5537929544883933
eaded2220043ea13,0.5045183705969192
7e1f5bc86a3065be,0.5123777066659948
7233bdf000003cb7,0.5001206859585776
ccff7db31953feda,0.47426848628195906
e77eba49110dd49c,0.5354656757453538
54b7e24e16b15b6a,0.5054639396868412
2bb623d95261da87,0.5603087345013726
1496aeddc68d8b9e,0.5224339514202596
28eb4f30f841c82a,0.38982536876797436
93e9817c488f7b22,0.5394648089688454
0ebd623e6132c84d,0.4894873750155333
82f7899ee905fc61,0.5375885705379211
c52a916a4a3fa62f,0.5052532072214746
333e508f92824b5e,0.4844408049200468
48fa5edb48d5541a,0.5508591693443698
885dd329b5e2243a,0.4842203575828947
1a0244b2d8c97b46,0.473570100975645
355488e5813ff4aa,0.5293576309390018
de538c5bd834ccf9,0.5323849971831733
3a40bda0f79d045d,0.47679967121159783
76799e3700e8c7a9,0.5088636302990232
3f1aba4261b1a294,0.5633470202791334
0d439563aa1095d1,0.5069302752974246
af22e88af8fa3c53,0.4849803124804022
6aa1b18eb8c73444,0.5006173006590906
94c02f98437fd497,0.5043279168717753
a9c26380988c478c,0.5173953791106902
984dc88c69eca540,0.5298948479800509
adb0d8522d5485b1,0.4362144886905457
4006775f41299c47,0.5185502001769957
292660e41d7c9fac,0.5425978899632271
a54b79fd41a03682,0.5410513498366325
87491f655264ed89,0.4844081706905561
4a8f62dc3eb603ba,0.5099557894725459
6be75ca48ba744fe,0.49926803954173815
82072ca235a69dd4,0.4919532068557433
3181068ef5dabaee,0.5097296460021039
f8c91c69da511055,0.4724135533709024
335316ea3abd832d,0.5195191262227828
91dfb09799587010,0.46475836033193574
19c3071ba890ddf7,0.4839968927796304
7ee27c0f058a5792,0.5260195672608301
640c26001cac714e,0.48361517067535575
91978f9a944ecbd1,0.4929865708157699
053551854633f2e3,0.4726223194308018
bbefc1c38216f13a,0.5220908979159562
e617bbc7c6052b08,0.5553027568083795
78ad20f87254dc73,0.42319992046662325
2958172e2c92a56d,0.5598882149761445
74f85d9687e46692,0.4837122630466699
9e20514b003fbe87,0.5315826645407022
040f224b89945c48,0.5567960572323827
a0279c283a6b1bfd,0.535375793770446
b82f5a8398466d46,0.5765837231781721
8cdc4653199e7fd4,0.3734120788256775
61855f0012044c65,0.4823138084413858
07244b249259a4ec,0.4792980321318324
835dc14df109cff4,0.5298910873780422
e372daf2118d0536,0.522651419770523
4958d5026942b798,0.5789244976891534
497a748d4f9a1cd9,0.5365214265251561
09ec8b094d56a522,0.557548456646386
e68f6b90df0af6ba,0.5261312118008543
acd9f50540cf9d19,0.48748423375117467
b525b80f66ebc72c,0.5540108832159665
dfe1e3972c559080,0.4812936278587524
d552e12b0cc84f84,0.5077348663400112
20be6e01e1c835b5,0.5053208939151889
ea93d77037dff718,0.5340344665382212
39b2ef2d9115a14c,0.48984537302725906
b7fd2b0998753a4f,0.4525542910895046
4dd1b78a704716f8,0.5176197050585711
a62e570102859897,0.5107309725142586
237c087df550f1f2,0.4948337329119902
be9638713e2d803c,0.4886769766188759
ef9f5211a6e97cdd,0.4611397307809635
be0e9d220bed8224,0.38730727863144176
ac3380e8bc4d56cf,0.3859256718099787
2eca142a17fddf7a,0.5223798870520667
88ac1cb9d8f2376f,0.5522472818040955
c51946689e40e6f3,0.38456505444840805
0632499f8db2f79f,0.3766169186444678
26f2482ac888e317,0.5323968088842486
0d6546e7a67e89b6,0.5039172431816724
0feea873248ddb63,0.5350840667272443
3361d1bf32235fa5,0.40165972259930427
efb80285369945fb,0.37530461026703676
a9dc426c0421df58,0.5254447136958461
fd3ecd1fc4ad834c,0.47059068291861783
3bf9b0501aa33976,0.5668363085180004
fd89e59aa9a38545,0.4941988427100127
51137104b4f05ab4,0.5106899210600999
eab06f3941e291ac,0.5096738763328977
f0de419d3870b818,0.47145868805226265
09f0eec40c4bfc30,0.522239301438236
19faa8c1dcc07b56,0.5060640396218464
06da32108f9b45b5,0.5604289304929675
a39a26a36bb4f432,0.5178269996245477
99086af2b721b09f,0.39321583524043635
754155520441a145,0.548114854886713
6943fc56a983a9c8,0.4882005006738084
2ebe4148883d8a3a,0.5300639356579283
2ff9aad2f8723668,0.4989481074924157
b623e38fdebf8e5e,0.486242770789452
738431fe58d4bae9,0.5486330554401052
5e83a9db72447631,0.48517159125075104
4c32bb287d1cabcd,0.4654056981720426
6eeca3db4097026c,0.5389995160949379
f02662916be0d2cf,0.5648100837938574
aec739bdd5c2fa61,0.4769986312548474
da9aa18dabdf3c59,0.51019061267385
9d69d17ee562363b,0.5607513123282747
4e50d0cdc35cc882,0.5029667800553723
fe37239a72d538c9,0.4870308609448659
700c4e835b1e6d89,0.4947783473724501
ce8f5ea16bb64854,0.5081458594809509
fd5bbd972665f264,0.5082377612091755
e15777d1e8d760bd,0.5314731266866877
705db1f6c544072b,0.43334724343766085
33bad02a82d7c802,0.5183218866609054
6c6b69206664a128,0.541596722564521
cf97716e0050f6f6,0.5353518765223968
d04584695ed749b2,0.4842357890906839
9ccfe52d5f2e7d24,0.5116378138331286
6a91b2e97381776b,0.49078542527881797
5707e51f386bcdca,0.4915694973282556
927e304e6e6b275e,0.5064847996207257
4dda942ff523ca9c,0.47534871955614166
d9bf6acdec2cf66a,0.5163063984752285
6d56b46357e29085,0.4655830080606813
50139ff8fef5056e,0.4861060835509943
54d864afecb61d59,0.5304471083689055
4af0456762110f8d,0.489346155811317
c4013033a9764e03,0.5009979463428517
d95da2731adc51e4,0.4720957147512209
1763d4603a049f5c,0.5183451789911131
a48d1d522d57f0af,0.5672735995373963
8c461a82dc0dcba4,0.4137906682250392
8d492f7d27746835,0.5515068646801072
e2b85547d6988931,0.4687288928837856
a1b769349e86e1b0,0.5365831894603788
1d9c09f06a66dd7a,0.5380558616728548
c1e0b3fb3c4d2cbf,0.5388673240555651
65cf3a29e6a134eb,0.5655269806535466
a4d11519ee877e82,0.3845440856157485
5d8548f14dd35202,0.4856662958651564
7baae9b51e558f26,0.4793022588991591
47b1d662c6601162,0.5310285514725022
a405ce659fef6041,0.5242316641873889
c8c6a35876516080,0.581529713372416
fba2d033b2e719fb,0.5296302392362755
1eaa3ee848ae33b7,0.553455717530191
88a0b5de0820820d,0.5243453714929991
0f5d7dbfeb451d4c,0.48254683580862845
24281edcd46b8aee,0.5531532484256598
12252ea64214c3cb,0.47441492321420853
f5eb4f3555afc065,0.5066678092196594
41debae499ca38b0,0.5127553108342625
5a5bd3b7f52201fe,0.5331580006153266
d2d96f177b4acbab,0.49737928393238284
4e4deeff4e57cdd2,0.44904382408017796
4da86451bf51949c,0.5155723669762186
627aa6a4c9d38b18,0.5152933613281317
4993aef7f9c55bc1,0.48614298713158466
626cb3a96cfff226,0.48716386293897995
c812d636121f87b8,0.4629563375518625
bf03706ef972a415,0.39598047411316384
1249138f7f677681,0.38370936258208543
ce9af707f17b8a7a,0.5224780949739192
28a55044ac074698,0.5452240554362802
2fc4a9317babd467,0.3849335685593881
591718b3ffebe570,0.3815957094834782
110dde764e64bccc,0.5334056753255156
322b408bd65aa5d2,0.5110020583073709
46670443f1348c50,0.5407655165328533
dba5ea2992215f17,0.4138957452546128
ba5a04d44d4bfa5d,0.37115119816364095
6899a4a0572d7f65,0.5182384334905137
a007c9902831f608,0.475712591287764
e1a2e383690c0d0b,0.5530639590536137
ef8613a07c2cf065,0.4966920310123021
3c0b82fa40037227,0.5145057769440771
7a177e515b74f6fc,0.5181915226111675
c5e9d7c8b5de4039,0.4816707893482315
15d9ed973107f33f,0.5287068311207046
4b0cd5e0d7e6733f,0.5100732716619303
36c66725a0858bf8,0.5611796192890954
069c2a27bb657e15,0.523363832921624
8bbef29f4d6e82e1,0.39809725367389737
352b6e9599f60bca,0.5383427316680769
6102a436919c15e9,0.4847043272186904
701f419c9d43aaa0,0.5309987772611116
9f44d021fcb9eb07,0.4946239775871679
384f5b373fdbde48,0.48673326743152856
b50916639fefbaad,0.5484840127215647
4c34c16949043450,0.49468890195665804
e5c3a91a376f269a,0.46606943662164224
5377196b84e5358f,0.5298525868095687
f5b54b84906360a7,0.5636307326038588
057b854db2ca122e,0.4732413671593442
49d7b82d139bd678,0.5091069230906762
afc732c312763b99,0.5628800880592819
f64f3a917b6e2068,0.5022525256032977
1840f94e94134bb8,0.4849462403984236
0c18601327aec6d3,0.4867660331029855
59d3e53dd58243a7,0.49723226405441445
88d9bb972b2fe132,0.5073308079429875
84e01542edf446d3,0.5282896915967857
27f94d62322e6e7f,0.43631783258457046
21657f0307032e71,0.5267902282131135
d3b2d7f39fa87388,0.5341114124562945
e3ba5d354fe75960,0.5378071291908639
53a4111f1a2ae4a6,0.489333527832859
3255efc08c2f65bd,0.5086914964787739
17935b28481d4045,0.48968348370829107
294a5971a1ea1d0d,0.49345201126544547
1f1685bfe43695bf,0.504603950094795
0bb0951d613278df,0.4666919348532458
fff4d2a7fae50dba,0.5094724949608568
0762d43823c675c9,0.4791967316584982
72074f01a11e1e65,0.48476684067271225
5eb4b32794c21077,0.5248468584908135
b6f4058dda038c4c,0.49214287817614655
20d6e5280edfd28a,0.4897903096669054
cc513344dd470f28,0.4805414292977337
2a8110b8e2264f8e,0.5323731267546365
c1a0b74bd87e2965,0.5644437980574015
4b950f2894161b82,0.4154599725774356
e13d87e7ef2a16b7,0.5508032126521518
34253550b4a46f01,0.48114021865202106
d6a26f646387c493,0.5449166859754899
f4349baed8e51986,0.5446718014829874
0a90948259a8c77c,0.5363286840499122
09933b9eab7a6720,0.5661017363519452
ea5f3384b9aac733,0.38440477742349777
231701521ddefe31,0.4999619565454695
bc9f15e092fc8d1d,0.4884153521042518
01e3cb351b28d6cd,0.5284260742281004
c13f520b11474268,0.5244728203214679
4d6fd29775d7ccd2,0.5828793631950013
4bf47bfd3f3b7dbe,0.5369102706902429
281538beceb17760,0.5496587265342323
44218587ca7efcaf,0.5168856897865868
73301bbc2a80a5de,0.4924434744398358
bab598ccea686b0a,0.5423109269191911
89db6d0d4e5c1521,0.47856013587046387
bd11ad510bb482f8,0.49677491806725405
3aa8fb8d1e056ff3,0.49880402846514227
37628e81767119c1,0.514927337436863
6e99acd2ed823b47,0.4962784547491813
57768067e49d9aff,0.46133555071571086
6414fc9842f7fd73,0.5193861033490399
b0f2c0c24cbf3c11,0.4912166810886085
ecedafe15763a42c,0.4947045615474859
0931e0d0e7a64f96,0.4899783367788918
5164859632cb15ea,0.4622031982067456
0eedb0e00bb8ba6f,0.371484165982656
15f2fee87428f328,0.39394230767863914
300c3875eb8bcd1b,0.525486827404076
078bdbb1ecf127b1,0.5545214588409066
adb9b34da8e35bfa,0.3935215672613903
1a741027c105fba3,0.38465753640261213
9d7bea04c14c9e52,0.5411194890584727
297b066797e43627,0.5148284676839591
47aff00cba0291f9,0.5362054151916493
b69ab411e65f32c2,0.4093941628917873
288c1473d15c9a67,0.3632262611589008
203325c9767a18f9,0.5239355670747933
2becc426e28c9e3b,0.4631546123959478
85e348684a9548a9,0.5609769515635781
2b0264b9dfe680d2,0.5018519244209767
605dbbe7333bbfe6,0.5211966788552244
7c7c70035a34fdcf,0.5076628288152684
6ae45d6649190630,0.4807124707699396
1e423b545093a0d9,0.5376866206587518
a55b46e1e2f55042,0.508526592177267
958e212e7d08f11a,0.5541261514101745
00debe3ea269f355,0.5141891676195502
a742ef689c5c88e3,0.3885078919746332
0370bf3a0ce0ec69,0.5417295507029178
236ac030baceb523,0.4854747888252864
ca1500673fa2cca8,0.521471589461399
4b18ae4463ca053f,0.49452597657111286
70b982f41ae8e8ea,0.4867265561655483
3d33924ea266414f,0.5487221508290647
c6f5439b4aa18a0d,0.49535704661666347
8f1669f5e3a2df47,0.4695853189061243
c3abfbbc84398008,0.5325331051515476
ac5fd72b358a6486,0.5611411140081002
2f8ff37d5de24b5e,0.4717286692373651
beb330958a1a69ac,0.5131499016849776
598689eca2c05513,0.5477217388763741
0808fff09cc0d9dd,0.5146373193391616
83af76394c3b43a5,0.4798378408359646
187ef6f99c8c6172,0.4944070557030593
c8d4a15311191b8e,0.506920018947649
da479b956f1e2620,0.5092993314857268
b99526b872ad3c3a,0.5269317488148857
3de315fb1c5f30ac,0.43293532027417336
a4a95b8ff7d6e6ea,0.5264677829809101
eb0f135d16847b96,0.5535452313522786
2fa13cea1a6d8f5f,0.5441057462321499
d6fc2014c77cd90d,0.4908649845768931
1766f8edbb378732,0.5076247916103318
feb78eb0c64ccdd3,0.48055438875652834
4a4d0d0daa27a930,0.510864211399771
e41667f2cb1ebbdb,0.5116343324210734
b8f4d73b1859f516,0.47761368203846755
077e1302a807bdd5,0.5184963578991995
20f7f8a6e83a81e8,0.4692523896409043
a9330df94df8fbee,0.4965214583143235
1ba9011e1ac5467d,0.531302086675355
851d101a632d7fa1,0.47910017604572397
0185b4ad422b6177,0.4931706499208539
136f04678266d167,0.4649681162507744
f762b55d55e4abe4,0.523486249474308
babfe0ea74509838,0.5615845694512034
6f169838f77e1c43,0.41394301039505055
22568c8df4ff4eb7,0.5517913316495249
f06d2c1a9d3a7d03,0.47061358071166814
35e53b19f1bd870a,0.5328090657334197
e852efc350537c31,0.5351393655379479
a0512c080c7354f4,0.5272348336366363
de36b5478452327c,0.5654151803224425
490b4a75f07fa425,0.3870098288199062
0ec6e1e63316de29,0.5045187244494816
c0613ac7373e3458,0.49234652938031154
1119b00638904514,0.5273994629580268
0339c2991b1e0f92,0.5222463748127413
cd416151028027d4,0.5826292751144098
c8b783d223e4c0b8,0.5384084031831966
e38e5d3d15db2d35,0.5575069614079884
d33ee6842c2f687b,0.5205592226877909
e6379a2e19704bd2,0.48733401028206025
09903b6aa2c13eba,0.5393060546584825
c634ac4616b207db,0.4842830777512215
e6b044dbebd777d1,0.5066978511097121
689c052da4f4dc11,0.5007595675908272
5c347b11b9972006,0.517459472265275
6548b8ebbc5f8b3a,0.4939239480615899
6f17b67c1cede3b8,0.4670957977345178
60c9f0919e8d2633,0.5264758061244015
8dad0baa27c6bdfa,0.49343962848991585
0ccff3c253a7435d,0.4921626977515654
f3e6eb68fc65ca20,0.4953004274510262
f769e4aa10e3fad1,0.4637722579527557
47f7eea840246013,0.37362412107740384
e0e3aca135109b04,0.3932438713036772
4e7ca135779651a2,0.5263089489636703
6b2a199b4a818b22,0.5595803482965381
5cabeffbf1f70ba4,0.384974137451107
feaa5f3d806305db,0.3817697238040878
f049e32da230aac9,0.539906889870023
7787827af6562695,0.5182683573944953
c5f5096057eb7e15,0.5358366532860823
7ac8ab2df848b846,0.40852379877289513
d7b6805205da05d7,0.3524651838342959
1757f3ceeba5e515,0.518907012529527
169d401bf3401186,0.4701137079400878
2c49c009cf6225ea,0.5586951613561522
ca1043bb9ba479ce,0.5050968926529155
00ef5278640ac721,0.5169365820426586
61383bc365fae3e0,0.5096781898635356
f1c8d7dd523629b7,0.48192021951884567
f65b28e0aa966a78,0.5367820838984518
2d6c00252dbca50f,0.5101273291973456
7f0005410bbb1f4b,0.5603013832809586
ce32f9723739d9f6,0.5174109414174048
b7e04235b419ba65,0.3990824342085242
32a778bfbb7b4148,0.5421106359427579
f821240f146f30f3,0.4849701357438795
9d7f216f4e72fe8e,0.5327994777639766
b80f1eb294bcb078,0.4860677960156419
7d30269c76d2e4b8,0.48799363155287445
c11564d2863f7ef8,0.5409438337435848
f936c843180f33d4,0.4860216484777775
d8155fa2b8a6dbaa,0.4728326969656207
2e0cebcfad342769,0.516686810635917
65087be153475fe3,0.5452907175433577
9bbd0f1578f0a53a,0.4612335619771233
b5ac75d48fa00841,0.5134279755651989
ee42d30908e8debe,0.5509567022320208
2f8300c21a3cec38,0.5063368929521095
d26f4a67717fd6d8,0.4860115499175687
8d55e6cc3932a828,0.5005654943436192
95c32b71888f6e59,0.49842618607389155
2c069673952371f9,0.5056779112107602
4cd912650ad443cc,0.5315211011969614
d1247f71f10e54c7,0.4399492163131601
5109343b8bd5bceb,0.5246997749170026
75cadb80af729d60,0.539855163159499
219896ddb69e0126,0.5331489925715602
da8e00c4d602bbbd,0.4865614625601453
b28132144fd2e70b,0.5083457430209934
404da937ee8bed93,0.4744403540251325
f6f9e7a5bd3a6232,0.5184697807538317
e5fa866c39150ea4,0.503819008970311
53a2fd06cb34caab,0.4716512510312525
d528bab3d01349ab,0.5070162716215137
2bc82e5b6d715aff,0.4855027276904951
5090953e6e1b0eb8,0.5018109262957681
6f31b1468caaaf6b,0.5380385833688369
1fc7af5ed38a29b2,0.4891193529432769
013a534d273b2bc1,0.49233062521234205
39facc669e7ddb25,0.48335561032779284
ecfe2ba55d5914d0,0.533910475631733
bf5ac7979ab7f254,0.5653017021270266
3b25971492709719,0.4152899682067801
d7352ac7f068ee2b,0.5508240009132916
da6412cf856e440c,0.4750328560240188
39cab9de31e35979,0.5428246535314596
16979d3fdd716e28,0.5400223236055832
379ef56eaacca288,0.5302420087934154
0bd9201e73907207,0.5665050502275246
766f3abc2010fecd,0.3758606060742087
392a0d0eec57ba27,0.49137525724140874
1893e6860ff6b107,0.4927142086165499
22210d8026506636,0.5283603029139801
bcab9135a9b0973d,0.5276566706327795
5e4659c3b66592cc,0.5970027093688897
fe7133af02fba1e4,0.5353639667739971
ad084e0b50116ee3,0.562718253665494
f0400c53ec28baee,0.5261833986873957
f725f5023d190652,0.4876524396462123
48fad47b2c9e8621,0.5310770039422983
f9e5a95d0b4d9b81,0.48364293568511063
ac703b3f486b24a8,0.5076320986886584
16a3540f10707546,0.49603904006416055
9251f776023dd23e,0.4974202405146405
44f64cc93e928f83,0.49751273360151904
0b71f9de60ebd1b0,0.4683312116500564
b86c7e554e5e1ad0,0.5263400995499422
ddfd44c044ce1661,0.5109447715568223
d2918c6dd3de8550,0.4911812552707002
bdad70bbf80f3411,0.4938578626188286
dad0417b55c3b584,0.4710528401687626
6438b62cb3139d75,0.3741357790794517
03d76eff02a39b04,0.4100363670033571
7da5fc3355efb412,0.5135276127113246
540195d690905702,0.5455085090959703
e630f3b93bd4f0dc,0.3954300075432443
cab8c0e25d7cfc4d,0.39912567568932744
69654732e7650c9b,0.5285664202757795
2a7764d57678d504,0.5030103696118838
4c25eebefa491325,0.5448330263102146
a1ede02cf2c6ac77,0.41120776968986195
486a8b4a695cb7f3,0.3634493783949706
3c195a7acf465241,0.5237839155935606
281c61150c46bda6,0.453721245351525
07689b4c0e3d6bc1,0.5699893913447464
48e826b49dfb0671,0.49688494887053525
a17723d2dbc9bab6,0.5096237426927716
f77c1673dc9be17c,0.5015228874345101
394c21475a13ff9e,0.4734120469504176
660a456d52ff3173,0.5328664719461402
276035061fdeb19c,0.5062050267081996
02fd75c0f06b8f96,0.5618003553719308
21fbb07f44772361,0.5120632043283251
fd6ca756bbc09ff1,0.3964735137890891
5d17a4e1e8901d33,0.5390356930347255
274fb0643732fb33,0.47415550168025344
62cf192751a980ee,0.5323018505929591
5feb433ecdedf8e9,0.49768175805422055
ccf3760ce7df195d,0.4874721265698502
92d34c534b26a870,0.5455475937544638
6c699bf387fd434d,0.5016533626872013
3889a6959ec83be0,0.4777246704300451
6cb223c6add76521,0.5331820944120802
e7e9149d8b0c9c3e,0.546864595786809
c124087f34bd827b,0.45334938993159846
d2b566a954c4f644,0.5170010835127858
f8e03539a81c12fb,0.5526027836311742
8903488070a103b6,0.5054450297756846
f445dadd8350af69,0.4723113926557142
23675ad96ebd9f04,0.5019134108636134
8b486ba83750abdc,0.5015491675604173
31e5f4b5e15d0b48,0.4919762242673338
b3eb2096bd2974e8,0.5237323496193435
563c97584c8dd8e4,0.45328482561792494
76c1ef15e9968584,0.5280380731537498
261f63956b985862,0.5328769386122749
09859c0d58a08012,0.544752804537419
48cabd299ec4ab09,0.4976958853086251
3c02fc838a1ad5a7,0.5192362173101072
496f948e00f28e5d,0.48510160002665315
745d16058d641edd,0.5059824373406596
a11151c79f1bc7d2,0.5027991322492323
a6077c10ed5128df,0.47339726675408733
1d40ed198670d17b,0.4984790204514201
fab3f52972fb10c3,0.4795070331242113
a5adde0a07857cb6,0.5002522222374008
223e3a445801256b,0.5343545992184396
72c0cbed4c35ed5e,0.4865581216697452
1bdcb710a60d21de,0.49305259445258665
20f23633c3a5b92c,0.48399265178836104
d551550aee461a87,0.5402988010982064
ab5553682eeffa71,0.5612048898059874
081826de0036bbc0,0.4280810377839601
761e35f8de12f6d2,0.5349150420485312
957b42778166df5a,0.44919284841827145
c0069df666cc3f6d,0.5308576723128797
fae70f9da555a5db,0.5345130725463614
6181db98eef25dea,0.522301203931917
c15a2fa3e8fd9a07,0.5577083799795857
958f3e6409575954,0.36917406162450517
42c5994bfe7eba95,0.49210979510538455
e3c2389d67ee3cf4,0.5046178962937371
65a58eeca274d087,0.5332261707813768
bfa90cee11381097,0.5179779551832555
74e71281f609232c,0.5893662882892059
40a310787a50db6f,0.5278002461197255
1217151353c76b3c,0.5617528412327784
7001227a79ddb41a,0.5230251826691537
4d1fafbb7cb26a52,0.48873909762335477
5bd2ef8e53607c63,0.5359480422362295
ee65d107e5c5b020,0.4799443481262121
f7e30155515b1d55,0.4991567191441335
113ff44d7e4ba18a,0.49538693555010216
97ef83ca1c98472d,0.5083131800112854
87dcc153742b17c7,0.49957262208626374
8839c59190c8ccb3,0.47777317763506577
3e685cbd0e7b416f,0.5345850277879312
22402c843ff65008,0.5158372336014067
2ba9e243923e3048,0.48978590359665597
d7a49d72bf7d883d,0.49441917139784464
4c50535cbdfb2c44,0.46428867859311196
598ce48bd8a577c5,0.37898901556289766
2b61ad44453ea465,0.41053916686295233
e3a8a70ff9e01d40,0.5188253147209076
8de0501db7f9b08c,0.551623037028538
e8248d07e4d01bd0,0.40444580221043525
277892ce437a49a3,0.3787012856135943
45ea16ddb48002c4,0.523610139669006
9230366f31b10476,0.5061374485074431
c82164859b302c73,0.5434277253450588
7b4dbf0625fd37f3,0.4180928002903661
9b2941f75ccef201,0.37220923525650285
f692af0b4f6c08be,0.5287254569758579
074c87c2e713f4d5,0.4548406390869879
a94ffceacc394a3a,0.561391742109672
2c2122de854022d9,0.49018047022011446
dc1623536196f397,0.5129569577803873
5c65bdc5b650cbbc,0.4946808111495139
8a111188203606ab,0.47045825596042967
3b913d70cae54041,0.5331553596937186
266d35752fd7ad7e,0.5107909808575992
e59e1a869729e178,0.5588723747871913
6b8e683d88cc01c6,0.5155989707056714
dbe36636b2b31156,0.39918084582756064
8f38934bb1df4991,0.5402835299048802
032efea3b5ceb0a6,0.48231571467429724
08dc24e5a0d77edd,0.5367827580758876
0e2b3d1dbb4a0ce8,0.5040955614956744
5bc0a867bc0907d7,0.48778702320324785
c8cf3ff92f2d3e17,0.5443386911016681
9c33bb2e6d1c09a3,0.5036510307625023
c5863f010282f950,0.4913292277268895
d83b216fd90af1cf,0.5340271397707141
b28c3c4c6c32df63,0.5441823915841564
ecc930a899768d62,0.4522075120069198
9bfdaba3fffe5fa1,0.5118550459171041
e546b13a4fcd3290,0.5507172140259348
07f172e25625addc,0.4947597242127786
899c17e1378bbaa9,0.48011495329072584
1c3a18544d6f419b,0.4999572533038631
6541978f4463f999,0.501369336953414
fbb2d2b60e19311e,0.5056817484863229
b9a5c21a5efe96eb,0.5206648182601243
f92f16b187a93799,0.4552805745072843
9720c6db6a283333,0.5321655594596302
46f233ff4f28f98c,0.5355941718520107
2023b50b530b2b2c,0.5468321443971178
b3b65edfbdac1aa6,0.49462314859458567
136ddecb1a6a135e,0.5153741390333775
02e24a1ba2b85c48,0.482936053055929
22d0ee345da74689,0.5126701948432071
d6d4602bd19fa0d9,0.4978969412234657
ccdb969f6155e527,0.47033043394805674
6492c11c9974ba9f,0.49836976071707806
d18f4a9196357451,0.4772007611957878
bc4170889175c600,0.5006516121932629
388119bc03ecb5aa,0.5376436196086971
787e7add3725b3ce,0.4871654008633801
037bc12728c3a40c,0.48108715984170436
139481e8fa966425,0.48436541164385727
cbb837e403a1e4ee,0.5321393630532181
cef425c9e024956b,0.5674222434957434
4c88b21224b60449,0.44001756440485795
2b3587fe78f074a7,0.5363966835170297
761eee788b11a249,0.4522960685865616
5adb1979732e6976,0.525395517142561
ba2d1c594f11b403,0.5389496336639626
74f0750d175fd136,0.5227299633452722
c5b6d5e3f9ddcacf,0.5610876625790433
192584d0e0b31489,0.38020094490893774
b277c8f3fedbfb0d,0.4886655844594543
6cfd04169038520e,0.49695419958155873
eab496799fea3bb2,0.5321934668767574
12327a97fa46181d,0.5190158943651859
d1b076de962c4fbe,0.589324511793853
8be701be0c35e835,0.5265259342438156
903b8b6f029a922e,0.5628053236834183
dfb298abef717bfc,0.52028297906012
1bb1709c6f35cc6e,0.4897602474113536
b9ba4984f17b12d0,0.5394180050483022
e95236f2106451ed,0.4821428819774941
22b1d293fc8fab27,0.5012422277715957
2c0af087d043e1e8,0.4966119277093338
e4fa243329fa078f,0.501381075332737
39ccc6d832ac8210,0.5027478827159176
574122b4054c938a,0.47346900014800897
04e0d602f00a6a4b,0.5338638216120191
640e7abea5ad18f1,0.49866479807699615
208f26b482b629c8,0.48339073718396586
235be75b91209d51,0.49526463961556133
af335b1a3f638a56,0.4671735568795017
33b8da266f06e247,0.3672399832247948
2b47cb345da43c35,0.41194641766611106
721ca95733d2e581,0.5233299711070976
ee087700ce1cdfc9,0.5530509669685967
93a873c400d678f9,0.39940912238463555
402b1d5202b113e4,0.38488869618367794
fd28c9bba5dc5517,0.5263382134080081
359daf32cad89dc1,0.507247078628887
066c43bad5427922,0.5458354369448591
41d118bcce16dd7c,0.415077678382631
f2dde85a6332a4d2,0.37504764160380055
ac3afbea29a41e11,0.5251582667360292
f9e18499599f9b70,0.45136935389747157
5138eea36d3da317,0.5581564886672382
4d5abf18a52fb26e,0.496165238480885
40d8f8cfce1ccae6,0.5049081219870922
4bf820945f5fc9f8,0.49075373306224135
f7e51f43fbd056db,0.4685788942082677
ad09cd0629f306f0,0.5304934322766304
d64398b3d9c117a3,0.5070439410184227
e2df8291d427c813,0.5603128031190991
462e0b2c01b6750e,0.5167315207045735
477891bc90f193d6,0.40214108634263934
52e4ed42c7a7fd94,0.5425621892502075
8a0ac7015c1af78d,0.47948157987663287
cd7206298039e274,0.5320782564987675
1ada4dc8d0018dcd,0.5115864986007503
69283454c6400de5,0.4855308440262224
c3fedd61660cf048,0.5451423064874683
c259031a4b2a5db1,0.5084246089686917
4972f2151ba83d96,0.49451470597777836
26db6d0f26202d78,0.5386143450822878
3e5b850f1a6985f5,0.5537126299878719
836a72c26d9a7d0e,0.4521233418376842
24467e39fd082833,0.5154178703834232
ed6cb55f23599390,0.5639399240690104
31d231a207e75aa3,0.4972211225640606
270924dec5c981ef,0.482343990661773
50209be66cd18801,0.5030827337652914
c26cd299eaa33324,0.502608916846103
a65513f81d81f6f1,0.49444588781635757
898ea24c43282192,0.5196425669887899
26ea23cc5e590d8a,0.45126866167287716
8f25bf8b1997cd2b,0.5341699590122027
9b7ba34ff7b68833,0.5396406498997663
e1882c7e6b9214ef,0.5383015659676558
ea90d25e0059e623,0.49070753269718304
428fa24bd25de81e,0.5107467335884366
36fa2aaeda1787d4,0.4868737604130019
5bacb759b30d049b,0.5196940192054931
2af85b6f9bb92787,0.5014103652607231
3325ebf4b56e96d3,0.4612680904491059
a26a4683b54d96f6,0.4981647795716433
ad86ee5703a72af8,0.4720248045018114
b5c52014185b336a,0.5090646484267292
613532759157d24e,0.5317819756530918
fcc0367a2ff4ae66,0.482085570655743
62c587aa8f8c077d,0.48982571560532717
87ba27298266a4e3,0.475358184319877
d0e62dc067082047,0.5350795656584515
30e7a1c2452c8868,0.5693996530218088
883770ea9ce7a60a,0.433793110501313
fac6491824e99e3e,0.5357869026550517
60e19605ff251407,0.45244421662997814
4c8c92f8c4cbcd55,0.5369458588546052
82128c1be19184e8,0.5368874504049825
a77591dd7e90ae0e,0.5197362115954142
406b639605229a96,0.5496723751541432
85c18268613b4043,0.3803411393066566
e6b12ad275d0f2cf,0.490877804308125
f799f0cde90ef051,0.49656310174389096
9ce4377537eda0dc,0.5318613468927508
b3e9270e4a481d80,0.5163772971644952
5bf950de6b571f23,0.5905197813816287
7f8a3f05b4c805c1,0.532842276703122
5ce77164d84cb616,0.5446901270638287
d99f240a2d4c6fcc,0.5223096563152982
3f28d448d93328d3,0.482523718635103
621c87453f2b190a,0.5331775332324161
7899f351537cb260,0.4863836982230083
2030805484853999,0.4968124939509455
fd86f615f66309d1,0.49697885218606064
c083d0617a0daaea,0.5108497246691821
67988fea3188e86c,0.49255098062676406
42f546e389a1729a,0.48385180981140163
67a745a7ba885bcd,0.5238573659910891
c8de8ef36bd10f1d,0.49928084717565424
ba815075d47585ba,0.48508639200220105
980fae96ed02bbae,0.4844302888358196
51381ffc16832b4e,0.4622071589760708
4b10e8add9a0d15a,0.3750948145108767
c7b96394cf970d11,0.3999696844519065
942f7a6c497f84fa,0.5278514021411482
5ff565b1d264e793,0.5592915324562808
d6859c250dbb334a,0.3967671744767849
c28c3c9bd71c5b52,0.39083378939283764
31ef461347a458b6,0.5373610106569389
346b806aa64cdff2,0.5110864788486666
f15b784aba3bd284,0.545931025963055
b039c9ab8aee9e18,0.4145219790772894
37c35fdde711362d,0.36073122761370624
05f6bdad3c73a688,0.5237012988546135
e8d2275e2b4a23b1,0.4712341796005992
4859ddba022b1bdc,0.5493388877375338
8fbf3deeb022b952,0.495804753506105
dc0b61039103adc8,0.5172472437161819
38c45248e0d723e9,0.5112925007311948
acc82d386fedb00e,0.4893712725629866
3cdca6332af5f0eb,0.51898146526911
2280998046d1db5a,0.5247549419785807
8c952e1071096042,0.5534367952938246
f1c0ced924febfde,0.5143369808906533
671d9862df87670f,0.4166509806843184
051555e43b709945,0.5419935726185567
a4275cab901a8137,0.47527797017642714
6aa8ed5eadea4b33,0.5314855264679952
00b618baa4da1d1f,0.507268420312412
ed5d9802aba82264,0.47567718741824727
40d132202ac17a16,0.5306676865536244
f476607b6f7c3e53,0.5001382996692737
820dbe28ca4efd63,0.48197891607193777
ef9ee258ec0c5cc0,0.5412981946356534
235553a80bef677d,0.5569145084908607
85077853e3e7ac73,0.45180902375399445
958de8cdd0a39e55,0.5081750104307575
c2ce459cab580fe3,0.5422206194947772
6da1803363da3f84,0.49153357074860726
7abaffdd138b4bdc,0.48913256630881685
af7fc769a0e42c70,0.5099997393508104
fce19088c8c14b44,0.5012052367076572
d2510e0299c19ff6,0.5001577146372733
6c1d050c27c1b239,0.510567505174481
dfcc2b89b9bfb5f1,0.4544012283810934
a420bad774e90152,0.5343269782849471
1f8c85fc03c5d240,0.5415574968087269
105e1e3f25660377,0.5393215260049249
72a4bef22b3cb80b,0.4985666801096713
1d6787497c5398d8,0.517876666540934
4c0f5c595df0139e,0.48712071353751396
6d8db135f3d2216c,0.5125262040199103
a2f6aaf43f72a777,0.5024673866188266
35f06e437c4778fc,0.46518508768477684
97829abcdb20165b,0.5096679137914198
b43e8877d7e7a521,0.476362808374834
fd6abbec3e3351c0,0.5061705444207496
bf3497d776e77b54,0.5417860612030689
68237a683d676d7d,0.48709195783445314
40ff0d4500bea462,0.48955613724603464
c72fd0ee31d8769c,0.4786210522433014
91e5a0d145bc154d,0.5136908797710662
fc6e9ec867329a70,0.5613844102469849
e3fbf4092784561a,0.4281479849403447
fe76b671de004577,0.5316304469661615
7e71a171674c0649,0.462602755695132
8dd23c5a2d16d422,0.530969764060153
ee7299e997312b9b,0.5422084296791807
bd16cb5b85c09133,0.5171853228425971
54d75f4c02923f1c,0.5498945250783515
d4d80ddcfea3f814,0.3814559676400089
2f8ad99f01189f90,0.4905865978558418
3b8021b64e83adbe,0.4924911697140365
dbf3beab7c58f986,0.531430800759225
0755548d346c8cc4,0.5154203438659869
5504c474655f5111,0.586326359314671
fabbbf944250b484,0.5350095745083097
96d3d55e4e24ab33,0.541174424571111
0dd4fa2e0f2e0b42,0.5251774632365511
147e5b878cfd8ca4,0.4861877584543801
0d908a4b0de03939,0.5281527458198753
2f5c2921de288d31,0.4833410785040584
336a5c19fd2e7784,0.499642810684482
4d48f40421871c31,0.49624601504094323
e5e211601bea27d4,0.5010346126187537
df701d86a28a692d,0.48221956229513296
4487a3ece5eafa74,0.4887429119173712
880e6a95db806802,0.5402699208683304
bc764fc751d61259,0.499938935753224
d533479f14689997,0.4840222170697419
addc768487a6e1a2,0.48690675171718767
8902975eef71136d,0.4663320980688972
74b6ce23331e6f45,0.38143845221907136
0923c69f9edfec85,0.4017328401985276
89060e920738d334,0.5148230953970929
a2b212ae15c4a138,0.5564004635076758
e89eef73f7922266,0.39001159683329567
562c675c29a155fc,0.40005090053851433
39b21a9241562856,0.529382269721569
c01e4fd37eabc0d3,0.5110275234003419
7cbc365401ba26c6,0.5472136473921997
ba1e7e2bc6861465,0.40426156210251196
77c82e0b4c168ab9,0.3583649998994405
f9a311da966924f6,0.523797938418679
d33715b4b3589107,0.4619538214346458
1100103857dafe3c,0.5503681010028247
09f06005ef8bed9c,0.47526801368848237
c37acd3a353faf25,0.502138332372369
fd257a921b245e7f,0.5061438323317208
6c4ba8c8ac7d82f2,0.4832287284418174
8df4eee8748af9c0,0.5192371900644357
2449cb3c33e3956f,0.5118367371491734
a377a7da1b3b3d91,0.5465704790258108
2d99d009138ad05f,0.517035596656755
1a668da8327f14b5,0.41792847594977456
bd9829c7fcabcab2,0.5455464959989871
69f18aecac195c02,0.4803567682156691
1a7cbbd216b4e344,0.5333488030056608
657a2f5d3450458a,0.5006292350642234
aa4b114ebaa2aced,0.4783995824284353
21dec28dc699f60c,0.5332935041001206
5ceb68f9f2d3e612,0.5032014198508021
5043f7b47902aa38,0.484000015790224
3ab34d93ae8361bb,0.5520441625782995
e6714dba13a5d666,0.5613922121993493
a2031a6ed7adc1da,0.44128538198592526
7241b80d1d3758a4,0.5111763811013799
164755b9dbda2ea5,0.5503634150753972
ab5a09040afd6274,0.48664240486480637
3f6c5856d81d3033,0.5037385647887089
91c163d7d77e07f1,0.5181114495114536
22913d2a4c5abfe3,0.5031212775057774
53a087bb32dbf1f6,0.5061480814226647
5aa76282352c6068,0.5142217629896356
74313db1f103b58b,0.4485800564456732
56f878c7612bc8b2,0.546230508582976
824d932a037caa73,0.537889550011575
83b496e905faf802,0.5456654156909002
7438b8061cac9b54,0.49184767821366493
ff38f10255387088,0.5163173310191327
82d14d0c42c1cb42,0.4859520718828737
1c0ec4a7638f19ae,0.5010147041277715
550a8bf63afa318c,0.5043577925776959
9b144076a994a4dd,0.46433563928524
803821ab91b30186,0.5036912457227256
64be32355e0314f7,0.46446965099243764
3fe7c0b3f7ac1a3c,0.5070518913987664
e66710e3a351c787,0.5356193573120003
4009fc23c2d68d23,0.47914457562941193
92cda67a5e6a2f04,0.4806563054200663
e42afa447530f987,0.46543252812001645
b4fec5e108ec7a8c,0.5263426522345179
fc96ecff05cd5adb,0.5660045128150923
cfe7b03009f57a16,0.42983808717367467
55580bbd978d0464,0.525873476022992
32718d0276e96fcc,0.45908209560529767
ca3fffc9adc360cd,0.5282771184912969
45c8e32675e36007,0.5398787712202362
4f105ecea8984694,0.5219428070498406
383bdd9860392bda,0.5617987306046722
f388daaf293edd24,0.3859578668096034
6d8b9f137f354adf,0.494237967870538
35ad3cd151f0d649,0.5032969847105526
dad950feaeeee72c,0.5336023732301549
dae1e84edfface59,0.5177308323843987
18f45a69e7de90a7,0.5753182692080117
9ae73ee8785a3303,0.5410208813631125
33f207d7e65a9664,0.535659728708751
957ef16409e4c39b,0.5202284855341799
6b5992469bdb3418,0.4817946766318406
9a8c84c5aefa04a7,0.5278302751889868
f08423c5181ca2ae,0.48796880205821436
66190c7c7cbdeb54,0.49235519643228853
f12d14a495f09606,0.5026246735292035
28cdfb8b0753ff89,0.5007159484455821
21a164ff348edb88,0.4919690159495782
d56500de8fb06670,0.4730352457602782
2c93e451723fbf4a,0.5285920009270011
195cb6f922c26c90,0.502137610414563
aa3d78bc59c3514e,0.48558993244964754
a96742560866c1b3,0.4841918065702292
3de3aef72ae43abf,0.47183500320176675
b882088d1bd61094,0.3902060660472839
47672486ae41be32,0.4087825857745544
27cbe0e285c8f351,0.5262456958025405
ac4835fbb36e1797,0.5488175843832197
6906a731d10df756,0.39519696602886856
2b77c0374f06a611,0.4069223848082941
49be9e828992411b,0.5314324177443482
90a698d0e0ce625c,0.5078388224947752
71a0389f63047638,0.5365174451888173
b008f353c12a1f9f,0.4024227674168055
083b96ac504b3e7b,0.35503041946807234
1d927eb515eab10c,0.5189213022267729
893a366705b4765a,0.48279019850104277
f9f6e58c3a0d2995,0.546438761605553
7b97c28885608d60,0.4864156800050934
d725d2ebc5d407d6,0.5142848813426575
021e5fa93dd369a8,0.5145343448477468
29e150ebb4d0ad23,0.47706497527375546
aec514c8aaa14f31,0.5251716792931486
c00bea7e3e0d7624,0.518706759791727
91417b44089f117e,0.5588864776857037
698903b1838bbff6,0.5221681952721535
a8c3c6f8cb135d68,0.42069316317283456
af4efe392d5b7671,0.541516886601676
1744c5138c9ede47,0.4797595832269599
eb61cb3538673e78,0.5274358520077826
277be4d80a4c8187,0.5008302808303352
4f62db32c7f38afc,0.4733514444531739
95ff397fac139f97,0.5324978584669172
0ad74e774e5b057d,0.5040788153143063
ae26e6a167ada9b0,0.47238201240624567
7fd2f5316ac517ff,0.54912224377883
fdbb71d93a30d0b6,0.5588577294116899
91c32556131c0d49,0.4410509094909766
6c5c2fcab4627b46,0.5062874634965485
1c045172c946be2b,0.5402525769001458
4540d09b36465561,0.4875174788237896
39391c12028b1b1d,0.49055078220416215
444815d1a34e700e,0.511691936172352
5a7e9c6da1f671d5,0.5092751022833621
214928c09780cdb2,0.48372481016625024
64be7dbb46075098,0.5131319034975196
71df3d08ca6dc1d0,0.44458576013864826
681a80d85d4bcb79,0.5403469932029223
c1a60d0c30aa12ad,0.5370982396152135
660db072082499c2,0.5492720836577041
a3cd74f25ac7d08e,0.4904582894007806
12dc9447f9d1e7b1,0.5143476872324955
a3aefbd1beb110a0,0.48568246281543304
1a24cace247ee1a3,0.5005901963951391
aabcc210c5a348f3,0.5088773096771019
9265cc7a27ac6a51,0.4546171295293364
495f8262d3c1762e,0.5100063393367564
84be4bd5263c345f,0.4699336313622644
05b7dac4e2fe3ad4,0.4948742025223136
dd6866503fdbdacb,0.5358738506204096
0516b148d9549dcb,0.4772887720642559
696461c1dce03ad6,0.47122158327499974
983695b104c5a1d5,0.4762410017602019
d8b89f20b867eee1,0.5228672813114176
c68ea622087d5e8c,0.5553501552709637
b7c8d668f6bd893a,0.42431618757464507
0ba8c7ad55affaae,0.5325797793409952
28022f9b903a99cd,0.4646613456685278
f5f542571b569538,0.5210064774381373
9cdcfee056d96704,0.5382768684689341
3bbae0c3cd581dde,0.5108356976526365
4d0664392304a7a5,0.5594500052696487
eafff62867ce9ce8,0.36801416974072765
fa0cfbd8f973faa2,0.505108556110637
5609259b5a216564,0.5035504755316957
985beba92a3c8f56,0.5312248845027852
c7018a1b62ecb1a2,0.5215228102401397
e691de8be9b2ec10,0.5737325903044932
bd957229c4c56704,0.5378940220245154
247352d546819cf6,0.5402966074906199
1c653500637a7076,0.5179679943046358
9ea14824c2f4f0c1,0.48530742427150253
ab9cc21aca732026,0.528688206015637
4f27e94b09cc8b2c,0.48294295355713657
a8a47a2810837adc,0.4880707645533783
715d74d1b69ec26d,0.49529060234661215
4f2676eea7ff1023,0.511357061646655
6e3eae8a0299ad81,0.48272933343303026
e7ffed950c6b7599,0.47414377819788966
faac3870837582fc,0.5392741430094375
3e016dec37deacd3,0.5094489028424525
8d361e0a175edde3,0.4911222706337415
e40dff83a2928a8e,0.484810048705572
5b114e703d4143e9,0.4773448769153563
745d5842a77e06f2,0.41370651416078563
47b7021d03dd74ef,0.41002701517614515
c82deb791e5fa138,0.5222801053514715
9be11113adb271ad,0.5518442123252718
b7dc5921cb0de123,0.3987431197705156
22d1d9b2a3e7d70a,0.4084389122318788
135625ac407a1741,0.5314229292500503
eff8c4d3949d9b31,0.5069051620970512
8e03ec4a7e771f9e,0.5335111570738011
2673705ce5abe976,0.42013968603362883
9079fdf7a47b3df0,0.37524519622548236
34e2710e4de14495,0.5201346584827031
15d6c799ada1f8a5,0.4824127300079657
2280f8f80155dd01,0.5485867094763485
a8391d28af12c472,0.4854623688583566
347060be1bc01b9d,0.5180292180097645
1e3449145201d045,0.5145521501354916
5a3df6348be00ce3,0.4817031490908633
9aea8eaf9884e561,0.5236538913711597
148f688dfc0dfc17,0.5184520403183912
5ad771f006e14e29,0.5583280570468412
673e0c75b31aaa90,0.5147263101032362
0119de2c281bffa9,0.4345888853764024
8341a3642a7a68f1,0.5371176610276434
f0d7628ce2b3cd8b,0.47771627380358495
eca0410504952e9e,0.5233317837997771
a56877ada45d9401,0.49745982736245264
2c3524efc117620d,0.47243100104805347
67c5a0fb6417b44c,0.536095940731258
760902739034eba8,0.5047446377724323
5f9771f37069032a,0.4915290327339116
86cd032792ff2920,0.5475946969956631
e1e702dd6f6fed14,0.5575361960677748
18a05b22e3856db1,0.4321085033334624
c6ed1fa04dad0f3d,0.5097317456709141
02f3973d74d68a0f,0.5307201227982938
93f34edb1e5b0b14,0.484735150692873
2588ba5312b50a6b,0.4915485752705272
5eb5e37b4cf16d69,0.5073395284078721
3cab9888beaf661d,0.4980504220779661
ef3ba688e537ba8f,0.48634074861979093
4c743cfb625df37d,0.5104255822126189
4fb883005481ec74,0.4483376940372509
7dd5d7c879ba8bcb,0.5359938488284393
30c2181eafdf8978,0.5413935207767893
50a6230494d7e9dc,0.5505459455042585
86d482334dbb5924,0.48384105408387523
01bf0eb9b0669d4d,0.5171768871188815
538b31460e3ee39a,0.48179064951161465
d42555e7df1e0fe6,0.49920191940359526
103dec6828bacf89,0.5087244665133185
5060d1dfed9fd405,0.4574776091835949
b466bf6420615c11,0.5167624259055168
f2d3a4d15ae3e994,0.4594700657113555
dfb439bbc1cf79c8,0.5010617484893856
26dd161c0924c841,0.522927105104668
81f65b681c497a5a,0.4816376581195221
d2a4704fc86071e9,0.4744425847915178
238c63b2ac617740,0.47109894214091586
5619309f3eb5679b,0.5248402328149098
779ad77f64d5efa0,0.5543957859252775
2e29ad236f4835b0,0.43173299632948636
df12eb59b4bb3351,0.5281493782070485
27a3fa9f40fb7e2d,0.46498713432750505
ccee4edd49b1bd25,0.5165523081044715
851c4e19380a1f13,0.535151926736315
f3d0cd1b34f3db51,0.5062856580467474
8c58424a29d53d32,0.5515233997597212
ae7b6027ceb9dcc9,0.3707125674309395
63a6a97693a5b1c8,0.4880387323525951
f342ec9db46b42cf,0.5040058717254196
f024e1dfc9576ac6,0.5336267338730947
7ce86ff25836f9f3,0.5254259571707841
d06c234d7178088d,0.5824477181642898
b53f6e4b321bdb36,0.5336263426124357
8e4a8c5d630a484f,0.5399277159681278
7536e063dd2d61df,0.5211503456825699
4acaf58c41253ad3,0.48832176976821506
0ff017c48b9b3922,0.5085489304245829
892f0e7e9b700f59,0.4846703968016367
264617d984316685,0.4907883235105819
530cad742f2651b0,0.49462864766100334
8177c4dab2c01aa9,0.5222866526777483
d34eb165e27ec09c,0.4712597356029049
8b1dc4926819b0b0,0.46714742668706266
88e495171b3d21fd,0.5298194389048536
0f6750ed0194fb46,0.5235647577034109
65d7eeb96b70291c,0.49299054876697346
1a5e4ce93af8eaf2,0.48737548237026396
08e387704134248b,0.4763570050136585
d03112ac329e16f1,0.42021629730570464
c1c6cd4427977b7b,0.41487513890070105
138f950784764aa0,0.5171560898639493
44a8143c15ea5daa,0.5598410735160708
ebb1870ff8261167,0.4120381506038945
3b9083525660ff41,0.4118386939187927
274b50da04a28dcc,0.5286599129765719
9c6b5343cf9922f4,0.5031689781303201
a4d2fe185993e285,0.5324698951165332
391c4197bd7c858c,0.42208578638129834
bb0a817d80ffa360,0.3628553226226914
db912cfa7abc4355,0.5139009271241897
1754a1bdea0bc873,0.5014211474066529
3ccb0c9fae44f0e7,0.5464505252245391
82d948192e629374,0.4926274011989469
6c2112e0617522a2,0.5234461430165547
5d6b9b0f0f38af17,0.5197744979043237
5e1800265bc83f98,0.4956854184651679
72873d77998cc65f,0.526142570225566
7916075a8e779c51,0.5215533555373872
c784a2896c42fd38,0.5564309426873987
af637a581af4f62d,0.5182039126747983
9c66ab564fe3f861,0.4347244801385164
64f150077f291ff8,0.5351407188608475
8dc0a16355044cca,0.4706398972595034
8e4523a7228abf24,0.5256250157529259
e7f38e679620bac3,0.5008564424933553
124f0a107b3d8d6d,0.4765516599840758
60a7a7d794448268,0.5251611101747178
6bf1f1a64299cbd9,0.5107336780831297
f226f2199163fb44,0.4875072760154223
48c652bca5c6c747,0.536287646021611
1168de22066b1c9f,0.5467858522589201
25dec435fe1f6ea1,0.4430794963022142
1feab4430400eb2c,0.5101031302573278
f7a6e11331d508a4,0.5377069059099
8080927fb93876a7,0.49028633121293796
1dfe117e4a7184a6,0.49773727623815167
092d268f76df87c7,0.5090432783089409
e62cb60ca57618f9,0.5009067827636076
6a09ca3bab4b6bd9,0.5122746168247163
49b7b3a2778430e5,0.4953698107784399
cb212439492459a4,0.46673647644022864
38cd6588136b750a,0.5292652597306733
67939d30462da17b,0.54698180576559
22fea50f5cee3038,0.5390617054094564
4c97d081b58d30f4,0.48093387710351665
9f02942942cf4f6f,0.511175558605867
cd6c9d507fdcf6bb,0.48629307589524695
4ef01264b334c478,0.4963120370388807
1c064938b6518307,0.5130443603018279
690c0b951fbaee81,0.47757661137920326
e68f0d0195826a0c,0.4888894226034898
4b113fb92a9dfe26,0.4421341765683904
53556dc85c58d54c,0.4989142528419336
d80e43c025bbbfb5,0.5187131277523906
915e8caa560095e6,0.490200736992606
2819fdaa7edffe2d,0.48354367930814623
2eecf8cb71da6f14,0.4751221844003811
d477aa1edf74750a,0.520179086374648
0b2e633c531f7bd5,0.5607711715024528
a014c166ef21d5a0,0.4357018342580464
5ea316dda16f7ef4,0.5354582207844049
380c21ca6fde09f3,0.45911927232981486
a3a204a84c522871,0.5258111783601691
a42b3177eed04f90,0.5406703984120527
dd80e8e7c1d25f7e,0.4950293575318324
f582d8312d52727e,0.5595567747716339
6fa32edf83c3d70e,0.3655227747461006
b803564fef1012f5,0.49113271874849174
8a5b3bbe0964f7ca,0.49292606147337126
de78db1f61f05c20,0.5173995533698839
53be3178b1377ca0,0.5236405664692456
7965f206bb69bb56,0.5872385488854667
6e79dec90e92a4bb,0.5246033887554544
df1bd1fad7c8831b,0.5399865386294433
d23580567e68424d,0.5196343623187429
694a4b77d501ae9e,0.5003731428399809
858ce97252700630,0.5023626465072274
51cbe923e8d3d7b6,0.4754032074872657
d9634590bf6b5ecf,0.48784472413227
658ea5f3ac178370,0.48816747352143586
69b1843abb03bcaa,0.5123365801456903
e51354e8eddc53d8,0.4946159715806452
153fe2483b2fb9b7,0.47981107959579516
63203d1f2675c44f,0.5311753220163198
afa0a35bc23cb480,0.5019083200571932
9f0ff845572cd202,0.5225151082042203
b60139ccfc8f9ee5,0.4875475895196154
be46905eb3bec558,0.48425744406752136
c4f5bad146310963,0.40855396366326124
a5e2b7b799ac3406,0.4204892587255872
9fc4524e0104e1de,0.5149524721246177
e684465af9d48941,0.5606932334916397
288346d012c00c1f,0.42133021597794873
6323b07c95fb7b18,0.41283968977268004
c0a3a41951f09e99,0.5315654921278079
790e2ec5ae3a5643,0.5009882938215889
69e9053cbef57625,0.5321473292404381
5fb1d0973ffc3a40,0.4309151515239905
8bd009aabf35b640,0.3667983469713866
dd706f3c728698eb,0.5073541247647166
ef2a983d02d3ef54,0.48419773526648213
976aceb7bb6670d7,0.5383666783300327
3bd38495b14c3df0,0.4876473516636127
2cc41ab202b44a88,0.5166909590568702
8b0570a880c90390,0.4980709226415527
27956839ea499da2,0.4832594886588746
4ad3cbe2a59549f3,0.520780161670807
4c508ac1a882bb7b,0.5156467621011613
3311963c2618be6e,0.5567968878164467
9ae5d18b81178fab,0.5102455922377487
a3747ebeaa22936f,0.4489498407211794
ad0695138c1094de,0.5259626903147755
9e8acccd38b35ac6,0.4830434435349795
285aef1cbf0606c7,0.5210509516790013
b5c1dea3ad4e45da,0.5144564737899512
177b063a83dbc8e1,0.4803654359418572
cb398122ec5afd16,0.5391939955360922
74d739baa2a2c64c,0.5013759207885057
0ec0770b08ed9a4c,0.4931911808137358
72f02702e0139200,0.5510607204962215
9fe2fae8c0113293,0.555416353544869
015043002c8e0761,0.4368890792613279
d1b2f3506435fb02,0.5175854963912766
1ead337e2bffcc6c,0.5500428170096132
495836117043f08b,0.48613265501029734
7aab770d8050e07a,0.5064093718226392
682f84a01bc62841,0.49924410519066653
0ba6ec904626cb25,0.5001152155415338
b5d19a986014c159,0.5067063713701149
6edf8238cd37809a,0.48862874195311856
cbfe4b42ea98f226,0.4756493914750537
7d4d4ccfd26ee63b,0.5236788104841259
3840c56974ba8e5a,0.542721381437019
fea8b39232a4ab13,0.5337469881958091
596f236b2a2abf19,0.4820029728507227
8c605f04751546d4,0.5144801844674336
39ec6868e90583f2,0.4963368394648545
97ee9927fc8d96aa,0.5024801662578836
a12e866224dca9ef,0.5152820803675928
f1e63d9ff79f51f5,0.486730806380258
1182c2d3d50d1671,0.47895679631590937
20bb75be6324164a,0.45637092756608544
c1a3639e7fb1f9f1,0.5042127164240011
438750688ed68f0d,0.5208508649398182
a99a8d43ad70d965,0.4835164274745738
6dd9319f76ceab78,0.47526763961834617
c957305de4ff9d24,0.47763849375441314
10a0ad632c325a38,0.5268092546742975
5b9fa2baab9d71ad,0.5572956617631442
12d21d48c894896b,0.41628494200590593
2351e27543229efa,0.5250367511226863
d17f133f0ce04893,0.4639986533640523
3206a5650c814170,0.5318249227175084
af31d4db7f7b8c3f,0.5299030575409958
d68f151d17a3e8ce,0.499291646240533
f9e0019006cb9847,0.5521646374965783
762ff6d2b93cdee7,0.37924276774760657
b8c3ce2d4d9925bc,0.4921124197082811
a66251995f183737,0.49525578201675535
268e4f37f83babe5,0.5155245714503909
da0dc282f3a7b802,0.5173260803467261
3b2e6f7e8326749b,0.5541961746269995
a8d56822a4ad12e0,0.5187051200769042
98bbfb21a6b787f6,0.5427458448366027
61bcc82f1f486e10,0.5360631949599856
c933de5085d436ac,0.4963948025049272
2a59136d3f7b441b,0.5139692575504942
d6dd3b2fcb7baecc,0.4788445168620361
c1a93c65ca08b075,0.49210054248352264
03a7a77ff47fac8d,0.4848702460894093
3fc97baae985af52,0.5079235042953538
670f6437561b7200,0.5017946856447637
ee4dddc5a93ef2a1,0.4707197794474737
f4cbd081ce7d25fe,0.5224818214899665
e943a6e4b1e635f0,0.49274084125368867
2d9c2a9075c72ee8,0.5132439870504693
992c6e1dab8b60cb,0.4813477153455268
96ff4878d6f9e192,0.4729336398580778
62304f0afba2e0c7,0.4100418879957428
0037d48d07336b62,0.4148424273283595
bd360d8d7ca723b5,0.5105947054856667
aac8edfd3ed2fe46,0.5643544833094956
f1d6d2a71fed727a,0.41560936111733127
5a182399a474dca2,0.42259444218273123
354b23ee70007ea1,0.5466455256389713
b3ca698da2de20d9,0.5080836807493943
a5499744a06ea2cb,0.5288132013812274
1082f6c06c95279f,0.4362051612338731
a8266a8740c3e16c,0.37755681342039793
e8cbcccb45fd337a,0.5053306410496559
40e5349bf6781209,0.4834931445688222
6aa64b4c0f80f922,0.5409048461778864
665e258132ce1d49,0.4890927276330601
511b7bd752775d12,0.5230919629222299
ba97eef06ea7ca3d,0.4989571659519736
0ea39d59255b7e33,0.4909072177349121
3f755e159f3a27a9,0.5208333403966301
39928d89774c4fdd,0.5238961697144988
549c8f1a485f315e,0.5495818239384647
23f8d6de464684e4,0.5170406482483854
966789f1c350ce99,0.45197788326720134
a6f73874d7ebfa15,0.5220216115195029
93f868e4e20a608e,0.48130376195489677
a2207aa96b309552,0.5147094214825609
23b12f0bf2c940bb,0.5217893229311198
425bfed93f66a517,0.48308849453083114
f5129b08c484d421,0.5372169578235508
5960439d734e0897,0.509133500387422
1c4f7d7dd2c75cec,0.4845757176733885
1cacae6662f23fa9,0.542341806787506
80c01136cf094fbe,0.5558895973954465
9235c60d013891db,0.44268101507532576
120f3d3f1b0b136f,0.5153091247483846
e74d82b3294614c9,0.562660452863654
2f3ec5d7f8feb7ce,0.49098570101700956
823b43e1fbe77c5b,0.5043661567474058
9fabd6b8aaae7709,0.5015585823329135
b80940cf25fe20bb,0.5005686918232949
6be4069d799d6536,0.5065058808591218
9d1551dbe1d13556,0.4979796108409823
43c396a11874b8d8,0.4766950301597179
8b635d60331a6f77,0.5065453900028969
955298a2a08dc6dc,0.5456506545591695
5f90385f3b61a956,0.5415549474562835
3f770837c02ede3c,0.48024490275409715
63ff27274896cc52,0.5003715565014961
b014ef53e2e05b9b,0.49786684598777076
440051d1720a10b8,0.5029510234417784
eb320a5acc39c597,0.5206066262400209
634df7b36c87d723,0.5009814708702363
6589aa62c3ef55aa,0.47695287443314305
2a7b9bf2d38137a0,0.4398395154516247
a8679602056dbe6e,0.5054118413879491
19111de92534685a,0.5325499681247589
3231986171fd12e5,0.4874561927447709
ed974b743e782131,0.4856383279282508
681f375c102ab309,0.483450739538239
b2c6de8aa5f8a276,0.5300479738883357
4090518793c2cc94,0.563773031008812
33a32148faca5e76,0.41637834362694004
6e5a2b9fbdd49824,0.5276603607680187
981bb97b154788cf,0.4613147190818776
ecb3e75781e433ac,0.5346976107529701
3c1c68e0a0c8a071,0.5280330531160559
a364ae1705109614,0.4879879797752176
188c3d766cf0b66e,0.5499679513080789
97b6c7432e96a83b,0.3738576876508146
d5f03bec8084797c,0.49199605770467003
7aedc5f68b3474ef,0.5101741261593036
d345b2e06a2618ce,0.5160797888385138
5ae76f73b9dd597a,0.5219930445404153
9103d07f6ba66c82,0.5570737987466343
dbea6825de2838b6,0.5190165715907666
9e295e2e86d58861,0.5416286909324752
c322d040acdded7d,0.525690356340526
1d1b02145a98f3a6,0.5045909077868159
ed06e22f4b130352,0.49972892602530894
5d54ee7dbc563f13,0.47701042736263544
249afaba51ebd63d,0.4869554178899188
51f475e00c2ef883,0.4977969254376142
424c9516e1b3ea1d,0.517801076749735
bcbfb1d454559462,0.4906124569447843
9cfb1805b665889a,0.47202398703110104
9ace0aea070cac6b,0.5242330181438665
89f8f3cded07151c,0.4632257309328405
1defe9f2e9f4d1a0,0.5087980304228152
b26e87715d35beed,0.4823779084997115
6a5c16cac14cecdb,0.46739665532463925
ce3fbd18f6d768b2,0.4057583396175266
72d9d04dbbe31e2e,0.408748234928499
0667652a899f7869,0.50642553333859
1acce98734817f5a,0.5579425464221637
341e26a782b2bd22,0.42933093962569435
1a8d0c6682d12bc9,0.42244782128400227
2c6602c18e15c0a6,0.542589571850685
f0d74b29459cedfe,0.5074935159280054
53b86cbbdb496183,0.5168429718638716
41a1c26c5376f5ab,0.4310682016831965
51246fd5edf171c2,0.3743602319919026
aee7f8e1048df1fb,0.5111308902034368
240222a6e06f17f7,0.49415608109018405
9b9a0e5d18a0dbdd,0.5371942745764733
504c128654cf62ad,0.48515182330204387
d309e9bed64c5b6d,0.515278894226222
27bbac13fb42f7dc,0.49614107756766823
5e35f781e54a9aec,0.4757389016835186
16466a58f4b6c85a,0.5250231520324218
5b751f27d7d581df,0.5273016640343143
f8ac5706a40e7876,0.566149741202333
026b5d39e3c48b78,0.5128171803538637
ff6a5ce24def2483,0.4430779034410033
d72c880f85f47aac,0.5321575792504092
1386fb583dd741bb,0.4870269832894921
efe6932fbcf2568c,0.515131248075108
e9b4492254159b99,0.5117646813218395
df3436aa4390e6d1,0.49508800428805144
85eec2d64ed9c981,0.5394182780925874
00eafb3969d67f7c,0.4928146184645308
5b51dd1931f51b68,0.48561959840718005
4d0e3a80adcaea8f,0.5477095124468507
b3fae7052b30278b,0.567228355152165
698a7b8dd950cea0,0.4496610546995915
b991d6109cf10987,0.5138528992923069
65b6155c65e024cc,0.5430798316225254
ec05259b2c0f26e5,0.4881478859769983
cbb758c26c0e38ee,0.5095032714091333
5f5f04578c77f964,0.5046184207165777
5ef2075bc1021779,0.4990806215831285
0c974fde406d7906,0.5028069034563822
bb397eb703b9469f,0.4938841160745384
9155f263c6c4ddf1,0.4613401553605476
5df1cf613380e13a,0.5174732115849625
aef8e8736411dce7,0.5711333460570791
108e96465bf59249,0.5465145385564021
b446851cb2cc3c2f,0.494369639073413
061a59fd66bd0d19,0.5125531090446587
8e712f105e114278,0.5028600852851348
6e554404c05771d5,0.511328138958786
7e53286124c2e9ef,0.5175699848028635
d85b11fcfaa9d70b,0.5034537642562904
7ba085d1890a2554,0.4648309301880338
86957ee9cf0455fb,0.4388970133013621
bd0af4c68999af58,0.5018770103980579
60b18927df5d7c64,0.5360782989410071
fc1bb64ab91b8d51,0.4936593086806258
ce08d95bc9028840,0.49161148849931335
e00024b6fd4c4d37,0.47879679368313877
2514049e5ccce7e3,0.5150847687864575
f2faa05ae8af68ef,0.5702755256112519
ff10b24fa6be4109,0.4319002053568277
019bcd30f9cfe9a7,0.5264778549153208
73dec2b64b3f5071,0.46500432036537265
8e0874ecb67c9d5a,0.5231880688231316
6065bee0d3dbc513,0.525380373814399
ab5b1317d95cbc20,0.4967053384303939
c19481bf4e3a130a,0.5496372480603309
96e4359dc29a295e,0.37559093702501256
7bba0541e175c24c,0.5054821530208864
6087d2b3e7f6b5c5,0.47578545883038714
1d2df972359d87b3,0.5161297239297581
efc0e5320c86b48f,0.5254559942990389
5d1ecf728bde016e,0.5598002845034404
12966b0aeb42521d,0.5206360550275286
fe9f8a8e1eb26fd4,0.5322533814427941
6ac862ade5f1a955,0.5285064558345086
8e7362f97eff8198,0.5089530669619398
d26b610d20c75c0c,0.49629960840421494
376b36fa6217fdf0,0.4816271215847414
2988247e5981dfa4,0.493004915252516
49a6376ab0a6f9db,0.4930012737328686
576137b534fde090,0.5142643700142029
9b3aca5e382e7971,0.4914906398763862
776fee20a58a4858,0.47197398773595234
93e63315628d2e59,0.523504448906467
80cddc3148e8a8a8,0.470679966616953
88a3c3ff13d9fb41,0.521328317151216
4f0fa9104ab6d319,0.48447018774806816
d6bf617be4bf19e9,0.4666126427085927
f0067749b6a4ac1f,0.41225465198205324
27db5161af68c4e8,0.40526187623006493
ca84928694b6c907,0.5154145361132922
841c75fc855fcee2,0.54722739890409
3cf823ba2494716e,0.431580114988
edd248e17ad3097a,0.422919585421597
98bccac76179c301,0.5402642776719312
0ba5024837c532cf,0.5099213983423234
6560a48d799e8df2,0.520802353203917
7f8eff5467e9c15c,0.4347309640362407
5643f8e9e14e1e42,0.37802759238089956
4066feae23257e4f,0.49928508708367103
1309587567bf4a00,0.49473771252076015
9951ac8aa94f2975,0.5369157491338985
16b4fe30abfbd0c6,0.491622569966396
0750b90353a552fe,0.5142458422794949
d87397b13fbf772c,0.4898440584864332
d8f0a4d756208d6d,0.483737984818014
f10a1402402d5c38,0.5217389126572327
aacfea1cba666d3c,0.5313461848381331
ba7cb1df5fd8396a,0.554092128027539
fa3fabdc63abb1c6,0.5100742744807039
6e53d46b090ad156,0.42477306240640345
f0cddd46d94c3232,0.5316556636274254
a356f803a4a33ca3,0.4904930619186164
abdaf102f030635b,0.5057535999491145
8e99d3dd9de742c9,0.5279372394035468
8f77a5007b39e72d,0.5035651258216274
62004db827c4327b,0.5317821659247151
2a4d95b773175009,0.49157034317625237
0276624c06e7ed16,0.47945881439166094
87d45d86a8b0ed10,0.5514534931268034
49a4c18df8db136b,0.5575769864318536
c6a78b923bf76ec0,0.44627039884426833
32cf69a001e98668,0.514732528242005
e12c3d3042203bb1,0.5438501922772987
3a3402f58067f505,0.4937811598900935
3f555637078164ab,0.5121455003527566
baad885ac1107cbd,0.5103482302268425
db86a5c67ff4acf4,0.5065066079321437
463b8272c31575e6,0.5050711205738019
dd11e8b6646ca0f4,0.4988099571732809
4bf1f89ba0c21a40,0.464461031584787
09b2c8673070edf5,0.5196850049470614
5bf0bbdc52c51c86,0.5547899361281061
b79373632f1abd02,0.5421318784152453
a76828eb4603b0b7,0.5012583988734391
e3326c939577d209,0.5033184088550242
58ced4cd8d92c32d,0.5118033663106776
80b854e95274dfd5,0.4987056577647202
5609099cc4606872,0.5190253163652077
1c0b86e162062739,0.5005529432660955
707da2f339c39b53,0.4579026541338691
a78b06d3ff71a439,0.4470091941753329
ca10af061f377db3,0.5057252252578586
8eb30b8ce7bc8477,0.5385122771769912
dc659ea3547a96a6,0.4984596399441661
e67a845622fd8f88,0.49259072026838047
e203cde690a3621d,0.49010003807639146
6bf9275bd36ef39b,0.5038999736743189
bcfbd90de52fe33f,0.5633711448186092
35cb7b46c79a7001,0.43461080418349707
abc014131c8e574b,0.5202864540784881
2a98a91069c713b1,0.4634110746905846
cf2bf538ff4ccca1,0.5211385392800981
33ef4cba334fa87f,0.527473880091178
6b2140807a15e319,0.48438126942052584
9eae093b59eda978,0.5488829520129372
068353bfecfd1437,0.3570490960226973
2c687687fa306f05,0.5100685876481897
4f3a02ee9ea68c4d,0.4725057391714562
c336c6b77383b425,0.5198803934968412
246fac6b33461826,0.5101828462748361
af191120ef3b8e05,0.5621777211226527
799cc376187d2689,0.5105685839108403
62fead3aa25e0bfd,0.534949824552718
30620c01124dd2be,0.5277033975633274
bb6baffa6f5a3361,0.5197672592201141
7512c68103ed9dc7,0.4919245127171703
d179e7e70e73b654,0.4772006107226374
09a58879915e2278,0.49045935922159434
3f8bf827a178b909,0.4922180681131645
c1fb7c99e6923a99,0.5121006733672167
810b4bc519e7ce0f,0.491776094078738
d317b7d9029ab529,0.47588053251772866
fcd7a0ac8be07a05,0.5191682658248651
ba67d322ae21bc70,0.48692951729431844
fb9c7594ccc017a2,0.5174209347490885
604229418d8924ef,0.48619429048899676
dc7d65e708534472,0.4723601902392801
b0ab1f37543a2e96,0.4002399813083637
97fc81c73b2a08b2,0.40894341983816385
3c22320efa8c4331,0.5123895659319426
7411db780cbdb71f,0.5517567207822911
a044b008bf28bd8f,0.42431050416257876
65de1206934e1f00,0.4249569182143178
7e1d9757cd32ed71,0.5394959879084326
e49d0a50b0294470,0.5107009071182091
7e6360660ceccaff,0.5186772194497011
febff548982f6e33,0.43032002593455165
901b5fa0f7a30c4f,0.37782316013103223
7f813618f4289fb6,0.49569318962033315
18e68c865cd3c9ef,0.4871212306916606
25da39534df53cdc,0.5381769747317176
2ffad8b796765d13,0.49402158715848576
73e7e8ce6d3169b9,0.5122731402840224
7deed551aff6c5ee,0.4950589516288182
e8d6465eba5e1750,0.4766490991714649
0fd10521c21dd2f5,0.5137661584892605
8554ba9b99523399,0.5300120757704169
ed3d68194b311e09,0.5464987117047435
11d113f70fbda6d8,0.5107922363528699
050146823479dc98,0.429496621150253
2a6e57176a60481a,0.5301463306898773
31b10b0b9a90c316,0.4869611958221207
83cd8b76e99a5446,0.5139718883060804
1929887120069780,0.5290970721199786
44e06c309da68642,0.502395745775189
4c5e2669dec4696b,0.5319767519373626
5fa30a16016dd2c0,0.49113513344972015
1732707dddb536b1,0.494491973280373
8898941ec06844c8,0.5586755112965298
fb6d18df7f08b0d7,0.5557371134928386
cf2336b0f7a2d3d3,0.4366447145280694
cc79126e855db8e6,0.5161644026037018
b37ec8e9f851cd34,0.5417091975210271
0c85fc20e78633f8,0.49438970193261633
6ccc8b0b534438f6,0.506923044147116
5830d72c27aca280,0.5102700581629642
335808b62e3bc75c,0.506969831604163
19e810f778c04a16,0.4975197443461097
4514dacad555d8ed,0.508601140936289
7fe7464d7d0564c3,0.4714759111595448
864d3840d7d6e2c3,0.5166989131752326
9b39f07c0a482305,0.5572978225539492
4c56f9ca42546380,0.5406684095343224
825edc75fa132896,0.5028132337732664
97a94688280117d5,0.5016874993753505
2ffc74ca96a39b5d,0.5140521439509078
e786e6c224d71bde,0.4944882953874472
530d0f3f8b56d11b,0.5167626034231803
c594fff96988145e,0.5064545208871786
03693c7b0cc19ad1,0.47658091868151353
d7a87f87c9fce435,0.4403100376838721
a65faa389f690928,0.5075421117689404
1ff235ed2fdb1ade,0.5403198270725384
aeada81f36337b79,0.4832884998522643
cffdfb8caf494277,0.4834209305151299
c462043959b38f2c,0.4762935508792654
ef6fbdd260cdb8fe,0.5053432886659095
025f6b98a02e2e0d,0.560530101463869
0c43cd4872d7d4fb,0.43038940079173327
4791a39ca0a7a9e7,0.5202165533014591
559e648abdea9b0f,0.46746329517912155
6612b0cc5f6660a0,0.5263429533877131
10c79b19d09a5023,0.5256463339450896
dfca29d878d5079f,0.4883036952182438
d08202027296e251,0.5503389114492292
58b033c4a4cb5528,0.3619135128396961
f04980f87a92ffbe,0.5065916732638254
0e70702e7fa1f8df,0.47961049672243683
c8382823b8757c1d,0.5277421498452854
b9c0d79fae9e3fcb,0.5132234526941716
9fe409c3e8889b88,0.5608031218524427
cd1d8b64347a9da8,0.5153066429898384
88688583b0096ed4,0.5474118882705585
d88daef5b32f1867,0.5296582864491958
da1b2778a3912780,0.5162807162839456
fbe350985bd2a537,0.5031075131264676
74dea823c359114a,0.48115187268377413
46176f3ef0138544,0.48990841941741414
e8224eaa8cc5f1e2,0.5001703419867004
271b3f6105da3627,0.5155716242517361
8fd42a75dc57cd7f,0.5032771701342971
1055d0e9b2e79597,0.48390496636383507
5f82c0349dd6eff8,0.5191836609535838
179a4040d3b1c173,0.4818398738769222
20965dc8330d5283,0.5118744061221789
1b69f0d63fb87c26,0.48291302877208075
09007ab78ecc5df0,0.48261341751886677
db1a6dc4a122524c,0.3875602385170416
4ff5a5fe58edb7ad,0.4182874297771081
45491d6c1aa98fa1,0.5202125538876655
ad2a25ff1c740a26,0.5434976093429522
48d9f9102e9bd7b8,0.42354410150783184
00adf3e753777794,0.4328007500166807
20c0bef89c100c63,0.5398017553967334
c6f32b319c8c38eb,0.5195537346408746
61ee737fabfa2c14,0.5294104397995343
fc00194b956bfad6,0.4461340607453621
e5b1d56d5dff45e5,0.3961993157851095
f323506af3accd33,0.5008655449548759
e9d9fd29572e6086,0.4450599169895275
8f8c8c90d0f3579a,0.5434900787147694
c3db13c1c44d2c06,0.4927785529427411
34df6ae8ce6caec6,0.5077008780300878
d33fa90f39454d52,0.4736755595620049
5f79df5c44012a96,0.46448399269950236
95b07458d09a6983,0.5092565290828965
4be0c858659548ff,0.5252280581700921
b82403b3d9079a70,0.5468537564697377
138b3ebb0170b559,0.5122770834149347
44ec5dfd6d583d00,0.4133494425261146
89335332958f07e2,0.5303063944504538
340a869d8e0f94d1,0.4904371099620348
0c93534bbc2034a2,0.5161000721750071
957ab10fb726bfe7,0.5140037486053155
0f1d9f1f75caf3d0,0.49656447092738476
43f14548807fcb17,0.5394639035893933
2ead106f972cecfa,0.47534229835839226
5c790333b72e7f69,0.5069425623345303
faded81083ee41b7,0.5634554969823196
3ea079b2edf39601,0.560674659664053
ba7e6c1072039b23,0.43460475470386484
1b5aa16d5430b293,0.5257963488491177
f17718eba1ba11b0,0.5404354966591538
b64c42514922ffd2,0.49779352132399535
05c74508e8b71c85,0.5083459196724556
0805497c4a32a288,0.5213511393732865
231bbd7dd1b05cd8,0.4994503527702504
9d4c4562fccb6781,0.49693053567452505
7bde6c2e216db876,0.5025914739307089
07778c433f01e290,0.4794032918212736
c4c3fd53f26dd4bb,0.5138333768129817
0fedf0ea12c31c09,0.5419178754013787
a1536b4ff4d942d9,0.5487222152993463
1f9297a20a818919,0.5088024740686333
ea29f1fd9769a882,0.5059031715399966
661d8726b098d2a9,0.503331646790441
7ee718781cbea9dd,0.499766514860029
2b3d21f15d90ed6b,0.5218533771754053
33b12e936bf51b12,0.5104013194610452
a208265dae524eb9,0.4719622380093349
a51dd5090b105780,0.44363311748801204
ef1837da24de96c9,0.49500878510451674
aaff5935a3cc637f,0.5389142269593229
bf648b93a8d27085,0.48218403004568267
be5fafd1e5e8482d,0.47719948504688225
441c08dd1cb5e9be,0.4786604319915757
d8cee5e2b438df75,0.5079685148047138
0df71dac6f2b956e,0.5738804971263995
9c8ea541cfa03dc0,0.44293007728631983
4bc8800b2f1246ea,0.5230089078567607
bda06f50c6a7b4fe,0.46734522505335907
ec601362f9b1af85,0.5375048435585554
91035a50a1598004,0.5311077141378631
185cb221d3fd2ea7,0.4837793301584722
e4c5078d94bc27a0,0.5569772514553275
42bdd8f32b002c64,0.3426801066994194
470baece6aa04f84,0.49447523148010486
7b24b6df1fbba8bf,0.4753293431786988
02fc3fb91342d34c,0.5242584095290005
40c4b781871a354f,0.5196876754606756
3cd6fe4685b295da,0.557940494951484
92344d03571970cd,0.5186301049756223
5fef8ef0901a2e96,0.5509779935715218
6b5376cda9863a71,0.5124304917147227
31e74e4c9d0638f3,0.5088114482028916
70d1349db8a44d63,0.5076989873965715
b0a8e2257d7a0bc6,0.48761790698898966
fd9a42e5ec109cef,0.5097515135310786
5580101e55509248,0.489151978528364
aead5b2cf3b92238,0.5076566377654279
75e8bfa49b0da376,0.4995304932513689
468d49e562947c13,0.4897528044234849
0c04a892c6e1af01,0.5183691110365116
fcb6f7b3647ba7e9,0.48344914236251346
6a3ddc8af28c908d,0.5035514371367599
8a85d0aa7d654d33,0.4920402464376161
e837178131a8c025,0.4861573500628962
8f1a1478ca453d07,0.3964729676349542
a1f028d8fb6a7d8d,0.42325730116654026
847d7207bc13737f,0.5204059220855075
c0085e27b051eac6,0.5510746042365139
454792a11534c645,0.39700632915306344
b51d83f3deda9248,0.44155356135398127
6ae1f438f118d37e,0.5434636747981944
f5f7c26bfaf36b82,0.5201686212882994
b709aabe3861421b,0.5246062667983522
3efc52b903166975,0.4376192213559872
5796e75221baa42b,0.3718677450952915
5e2b4667345f3ff2,0.5057487277502224
3ed8ccb0c3ec908a,0.44032114416320667
a4e772dbff1bb5cd,0.5502700486612173
d019aef1823a2c4c,0.4939372065173868
187a55a808a35545,0.5147253513236718
3921a36837bc0313,0.4686471737290908
32d4d0ab0672710b,0.48550610583461973
a7eef4a924b866aa,0.5144174196310428
57d24aee3b948e9b,0.5272903146222157
ca8a0f3a332a3eb0,0.5603810041308779
d43e33d54dd32cfa,0.5153111318683297
1068e4d12226bcd3,0.4089029513786102
04252598993ca275,0.5353589676258311
33b94def4165b239,0.48594498612932724
99328878322b6eea,0.5207086344377001
e23a11214bb51768,0.5102416569881593
90eb0c577fbd4a8e,0.49204445924890516
9e03a1b35aa36297,0.5416239722472203
6327ff6c15db7950,0.4933284749607517
002a2723c8b0bfa8,0.5114606739200074
689e59814451f8af,0.555192758438433
282ff9f4cf0eea67,0.5520679897192493
959643967329a778,0.4530609538672775
967c29d2056dce9a,0.5189475396539538
ec8c930df48db6c5,0.548350840106388
05ef0bb66ac85a37,0.4984473718039665
72bb8f6f03fa2db2,0.515156094537199
9c88a1e514ef03ae,0.5231351788742767
276037a0fa12baae,0.4918000767205516
98b5ed1a2bc4388d,0.4899759976785274
2781f503da71da08,0.5025373332310039
b7604facf0a2ae1a,0.46611281073927635
0837c4458e2441db,0.5035353060434807
ac4d4d5211727457,0.5472062009528824
1ac8a9d114cded55,0.5570482600296993
f461d219a57db1a8,0.513048055359023
8b78d96b1eb8605c,0.5148971788062262
063c9ee23834c8b1,0.5081559571524306
ccec90082cf4479a,0.5035037254015364
14a61ec6d854653d,0.5031698502175053
8c1cc879e56c976e,0.5056171895763888
44a5dd4e30754a46,0.4655935720308486
6b30a0b754c28ff5,0.4285471617068677
5429ce376b3843b3,0.487219497671572
87d25ead8b231489,0.5330498144141038
00c896cdc14e02d9,0.48307585553666454
dddc8482e5aacd90,0.47108643508382375
91f3c0d2ad620f38,0.4576658073394161
9238d0b88a7e0e96,0.520002349001808
0dd2e2637331244b,0.5685039715095951
afd778b7c9923341,0.43107061601455876
43949d0b0d3ae247,0.5127936288413474
6330eef670d806ad,0.4608395215113962
c84262b151cf82f7,0.5504352118082141
60ffa6b67881910e,0.5186888911786055
949044b0cc2646ce,0.48327272844176417
686116d4c967f35e,0.5404076663051631
31a603d4d804b46c,0.34047651862377126
9bfe8abeb64fca79,0.502460114855131
481921ef123f0881,0.4798246117867402
dbdfdb7d099d2d12,0.5408552806919021
5a554882eff598b9,0.5224896344712014
717bb9adc125bce9,0.565171512003015
fde7724376c75240,0.5090160774728985
38cb0376fa74984d,0.5665489660011498
72d34b75cfaf4a2a,0.5154661687348605
371dbefb5ece780a,0.49653603765369136
f4b18ae2d11a65ad,0.5032690398290687
1d862abb3c21353b,0.4938500297077544
d04f4c2cfe782599,0.5033191428180763
422aac170b6a8298,0.49186890766582525
6661a8c5426b0789,0.5089053315706951
6a442a9b0b10b87e,0.4957617909683706
157a2262055876f8,0.4876315250720332
ffa1cdc7f85fb45a,0.5152753212104009
d92372b17470d245,0.4947879434423166
83db471a92d944ac,0.5010089772802231
a98d0da434d2fe06,0.4921253819435015
9f7ece038ad93627,0.48111637862162104
39c1591a15c24e05,0.3992756267852666
037f27f6ac685e2f,0.4183685085634318
b5eb9e08b52db2e5,0.51784821014794
93b3d9b81a7c2daa,0.543107343805636
134e97558d194d51,0.4141844942295968
7fa45f22a67ec595,0.4390274891217375
c21991079351fe1e,0.5444659880892142
9255aa04cba0b3aa,0.5100195285274873
4ad2a454fe7fd180,0.5261698933985937
384dc4d69a7ba949,0.435142382634098
c5315dc7db136bdd,0.38434189610719527
6e1e70edb22288a8,0.5140760424592228
c2a6a079749c4d3c,0.4564704314275446
46f9a4fc06e139c6,0.5621280918811061
f0d346e2a6e2e256,0.5045303792508669
588d1ff18a006a81,0.5152082794814774
16ff2b8a3f0ccfef,0.47345392669012176
7e710e4f62fc24b1,0.4949440911242524
31cfdd25e7ef9ee5,0.5218137481474583
3f2dfd53d1010e53,0.5255808273148257
bce3d3d01a52cf41,0.5578177410841971
4d5494c9911ef547,0.5172091807407742
544bdcc4cc6d6eb3,0.4124484851788638
f1cf89a7f6306a96,0.5390527607399083
5d3d7ab056e95543,0.480285342532931
5abae3d165a65679,0.5177342656516013
485b7cc7cd3d8823,0.5170237615477877
e4c13e237cc5f97f,0.49843224138553655
6040a2e32b00b978,0.5421653417219425
06d277fef2be7d40,0.48377998129834765
1657a4db316cfb8e,0.5001029796462015
77395d7c78fea100,0.5470083997971739
eb492b2bb4e33929,0.5432003790444926
130837f4e316258e,0.451590180477783
635974a0b605e1fd,0.5175093262805076
191f9915c10f8d4f,0.5545239645297091
911cca56bc2d9b37,0.5010564905834922
6540d4353a3e9548,0.5133649940956997
30b29ecb06a2cf84,0.5085450332771622
84474705f826cc47,0.5044078407574297
10ffbd3685c61c39,0.5099264238727895
026181fd8afb63d2,0.4944731330813237
f0decc98097ce56e,0.4586126472355364
aea6a6dc46652d2d,0.5029938379967305
5dbc70bf6d941a25,0.5412414986236019
b92414ec38d549f7,0.5523872403975351
96c043b6c3a235dc,0.5052646440351588
26f4407d93720d62,0.5183890500720396
4d85f7ddeebf01a1,0.5013371571166577
cb1db3984b34edd0,0.5140144327410933
de6b1b1915c211b8,0.5087200361830748
6afcf731e9809a89,0.5072694499074979
56be8196a8b33f13,0.4731413847407505
1e5875bee4f2c557,0.413112261941461
c3b39301a4992504,0.488756655091794
bc87cc16ba356771,0.5418169340189789
28f2437d09cca23f,0.48621581043290485
4a3f5f604040173e,0.45454082670405427
138f231562005d9c,0.4439576981719534
ad5c5ccdafcaa674,0.5240328877245257
c81f6cddd80feedf,0.5691346074306738
6d09c7f3272d7c20,0.43313573546117357
bc80a4c516844e01,0.5178642896118373
03520a88d92a82d2,0.46058550755450267
12d9afc901e8db2f,0.5337968049722515
875a60df1817a419,0.5219082696031997
da4df632d1d8bcbf,0.500684247949317
b88536878c1ebce2,0.5331668434939363
341ddf2fe7fbddbe,0.36130262965945514
69dfeb26af775902,0.5055435800963255
8f58fb33e2827b9c,0.485740564012616
2a051628f945be9b,0.5357402137311236
1e6459e25fc9fcd4,0.5211098595791841
96e158ae9734f886,0.5675018337164248
8391cf7b4d872c99,0.508588812098653
ed64fab04d730890,0.5597574172669756
584d74cc6aa281cf,0.5226533716799489
c91aaa15ad24369d,0.4826553087968618
9b51f830a94e9824,0.5046197839074856
f6aa46f46997ef21,0.4883111447131504
d40243dd8feda14a,0.4985452670410496
e1f8dfa9fcf7f876,0.494118267567634
fe0922e74e138bff,0.5157062165155935
6e0ab26d630d09b6,0.4953696031450866
db7081df89559be2,0.4882380583082091
63e0894e4b898f67,0.518764311513702
85b8b8818f824545,0.49315601544554855
cf7a88acd6952b44,0.5300675381211575
86ca81205b97df8e,0.5062783477490581
9e7fd7ab13d81687,0.4813673256997555
3c0d4596bf345dc7,0.3932334227912495
5e3c3f871962da52,0.4174371135177519
f8ee225b305425b4,0.5160645365932174
2ea1277558fd07c6,0.5479988528487644
254bbb5313e0815b,0.4038944596937597
90ed3dcc70da7edf,0.44285770931469814
0b79531e9ed98867,0.5432178059512994
bafac80befddc57d,0.5212405981077372
7a871f8216cec9c7,0.5269522754064362
577c9dcda209cdd7,0.42674936302525346
cd4021320a2c443b,0.38409106952591876
3d4762ca30aa2d6a,0.5080823719930594
27a8cb52637c64e9,0.4603566213615583
883fc74517bbfaa9,0.5641964298393771
edc62eba1cbc0a96,0.5043270483793751
7129c147833c1d39,0.513578474842939
1c2b4d0785eb38b0,0.4766257748678533
406043e8a241549a,0.5012061108406647
2f3dde0bc34f7668,0.5297325810003247
d00bf873cf9d112b,0.5288605167545543
af9806e042db1c4b,0.5581642817898638
2260de3155d09df9,0.519662547354301
0306eb1c09ee9bef,0.4108397838807675
4b4e08696c3fcd74,0.5311700844384865
f632511424d48b66,0.484905517675556
0d69d5c46bc38df0,0.5170477678090866
8911af51613c5ccc,0.5179105538419143
900230fb08ffa21f,0.4912260419569625
360d13daf1587079,0.5434602036934313
1109753fc287e131,0.48405666441569783
66cf62ed1c6bf817,0.5036989967357893
c6c9b773445c6084,0.5414583204075005
44b96f992738fdb1,0.5413024275481801
78d0484bd7fa93b0,0.4565515833386773
4f69913ec5e4445a,0.5138313723616645
192c08a975be7bd4,0.5499855853440717
9187175b6d9d4322,0.4980925734273842
2b408ea19c3ba7c4,0.5100508514058659
e71cb61594396dc0,0.5107934144319082
b1f77d89d5bcb93d,0.5094588928572199
cfa5c6db47f2da2e,0.5257209057671812
aa4ab952eb086f16,0.49076485000050385
9ee2443d5b0db593,0.4539086641972152
7ac5e319caac9f08,0.5080480613871635
ea175461bd816a09,0.541233669758783
70440c6717bb0409,0.5543388465372032
daa8d0f215dd48f2,0.49892856930043483
9b395b634ab31111,0.5113206880296408
d29561bbd07dc985,0.49486264784762335
f7c88dfd32c1fb28,0.5100488300989245
62c5ed010137e17e,0.5078148743172519
83fed61249b1563a,0.511071730848166
936f19d840dd1e17,0.47607894378772964
5094a99362add638,0.42711106002689614
4e37ac140f4b9eef,0.4940599487422599
17d0120fc0af7d5f,0.5377916551624581
c32551614d59bd38,0.46657581019834926
76f9e7b23b58a8b8,0.4545061337126117
227d81fd2d964b70,0.4496708013270534
af41d08cbc4cc5b9,0.5253804160123843
594323bc0342d8a6,0.5696398523847879
8dc9bddc28d51655,0.42876548841571027
68062596af87ff5a,0.522756781235407
21ed870f1e2e88b5,0.4718635516334433
6fc52286e5d5877d,0.536050257955381
77d0baf7654f1433,0.5302265592651747
6b0cc8f227b30a93,0.4976349537240541
1afbab7aa9513f15,0.5432039557031965
c8ff1d4c0a9ca7f6,0.361351912403599
67495f27a714271a,0.49750131585804025
8dd5f30451556b5a,0.48354400011729526
9f50a8f3d1ad6934,0.5398682208729048
ae8a3e9b3639da95,0.5151928794198122
b915c7dfc76c3da5,0.5571692737922951
3c41863529b548cc,0.5019824843507574
0a19fac604b32425,0.5553229159534925
a4f6263d697f74ab,0.5323797104457932
8ae249f10d0717d0,0.48543960029648936
7b208e8122856b40,0.5091724740632717
4d1ce7eb99cffed3,0.4888571635608605
7840efe887f59861,0.5006235031522807
82ff3df2331763c0,0.49278391791747134
6e0e62a1369b1530,0.5175268328470886
eadb5d33a15a6528,0.49103950927257567
46a1b79f36cc1e52,0.4906896629242773
5cb9e5e78b2c3190,0.5266173915457064
11aee26d42140410,0.5005685116571852
48425aa04a4ccf74,0.5375231253374098
e6807d371cd06e07,0.4985193264975898
eaab2232f9daac8c,0.48113018481497094
403ba8f45065dd29,0.39478418965816464
992811b549f48ba1,0.41114509047634407
f2934ac5cf701fe7,0.5203787353526145
19c9201e0d954e69,0.55177224259864
e1c6b56f51fb8e2f,0.4051452578679212
7a67c2d3d5426988,0.42811967886110813
e9b0f5451a86e9c1,0.5554109352171478
6998eb18ca7b8ffc,0.5283313191819654
9e051736a4227e90,0.5176899551703532
3cf183bf368dccc0,0.421056770812158
db636e09ae53ca7a,0.37613183833898267
f2b8a7b98993692e,0.5092423046314986
830888e9fda2bb7f,0.45989492260393205
0e9cbca8df159830,0.5632326033137558
e23b5792e84b9f11,0.5063553459682526
3e76d270c9f7099c,0.5269709296737868
259842d88110dbee,0.4843658233964325
cd6feafdb3b728ff,0.4869598972596565
129749d9088f1be8,0.523856671564694
c9cdf1ee0a3221bf,0.536576720021641
d9e55676de060f4d,0.5520256800922008
0f106dd464bab1df,0.517980697599693
0242d6484705aa78,0.4208013217096055
cd4f09ec6cf48185,0.5365023466884602
dfd65724820fd1f4,0.4853900667650656
889ef0407bb9fbb4,0.5068840160317654
bb15f90130a48979,0.5196557729575684
d6ae4a36482c1bff,0.5033923204275823
ff0563abb0626398,0.5468788461729976
92fcd40bcac6162c,0.4885381099180719
d18e8d12ad3bfba6,0.49210203911160244
e251f927267be252,0.5551870123307858
ed5a5b87d06ea43e,0.5482385564787046
c5c8c9a0ae4d3d40,0.4565368269031921
098180e64ea342a6,0.515318823608778
7def6327c00c89a5,0.5567753882828659
43012fa8f69e5116,0.5099001329545377
d41f99ec5fcb52b3,0.5068223243136395
03d5b05624633301,0.5163103151223143
8f0ea927ef91fb9d,0.5081224141396811
c72dcab9b6e8754f,0.5162769413544652
6f2b09ed776f786b,0.4877723498761599
c5985898b19cd487,0.45225963458848384
682606e75415cd17,0.5089215728483208
5749354bff3ff2f9,0.5404175626667169
110299d26c4840dd,0.5471432741826483
6d8ccd21bec43818,0.5124010840664499
896fb2313ac8e82d,0.5105884315366775
c82922adae83cf8f,0.4924165914443651
f8cbdca9b4275ff3,0.512173882814847
292de30f0e9f62c7,0.5005213945292845
ff396fa145a1e0af,0.5131677822689958
b1eefbb765c28e84,0.4778901568917606
8944d1cc57a93e57,0.43453007776624664
a8cf08e52a5c1ab1,0.4946195880334028
a121f770daa2a073,0.5381621370060886
ad7152d2e27f3d26,0.4609911870426534
6200c07e46ea0130,0.4625018389773863
8c1694c14031dcd2,0.44513436878055646
1732b0a7b187c666,0.5450558839952425
adc0af6ba9c230d1,0.5649527135224244
73177847221a61e7,0.43872746889887626
e80b94fa9280a4dd,0.5198066067692719
74975ed4e7d6d66d,0.48370970562595006
de7ae4734ecb012d,0.5332688782599502
f08822945289f8b3,0.5209835185492457
3ac2a1f2410b3664,0.4917981644690763
f3b60888400c4e7c,0.5511700228242586
050aca3e112786a2,0.3578061696343898
d34d64721b2c9e34,0.49878428482790405
824ce3d485013258,0.4907572811119906
46db3e963d9b79f0,0.5335252658059682
5f7145a1dee5dcc7,0.5165630608670303
6ea073655a42f19f,0.5500394187357431
009f444c0de3da64,0.5041646340384811
f10d244a6f8299a3,0.5548664805962946
c854867eba568e4a,0.5276777157143897
5e4b05710834d626,0.4881888144434725
a6d262ec0536d161,0.5132193679744946
82a5db0033c9549c,0.49343818444348875
1d7296049d024724,0.5068970800327021
44185b98c099e42d,0.49662226826557965
89a9c5c7060298af,0.5204043142852932
43258026486791ac,0.49333031803388416
45799b647fe837ac,0.49230625223341484
f60eb3d3752997e3,0.5214068579199935
714ee6be7be7885f,0.49904532490391385
1df8cb4655f9876a,0.534414699309528
8d356b353381c670,0.5044150110194554
bdb4dbeb9ce332bc,0.4764700471786474
8b9a5cec3fad1172,0.3895304651263938
594665bce162fcab,0.402819565885393
8997c2b929e3410a,0.5109762288120796
b36d9c9fc09dd11a,0.5539011623631866
8b3b9b400690c7de,0.40489068449636634
559b8b3b233b4d80,0.4141059538588885
2b0529e5af3d0ba7,0.5499575006567932
2f26c22592641ce1,0.5245822062390204
8f50dabda65cfb9e,0.5308475638430425
043dd0cbd7368dc8,0.42666476095276584
7ba8a8b528602260,0.38027040561229053
ad73934cca6bdba0,0.5138757317383948
1a1b816cba01aa86,0.4599946174143681
7c3fcd9f021924c0,0.5540566394820908
1529fef2f31f8f1d,0.5068231668586194
dd6fae237bec0dc3,0.5243953339549136
569975678d4f844a,0.486763626288911
9a7b4c2caf5f0aaf,0.49059228144047795
f7d918f26858866a,0.5316530423300532
a2223ef75114fd2d,0.5336718005989155
7d02ea85ce9d0d0e,0.5484758736311499
8b2323071d764dba,0.5211774056219288
1d548b91a9f4bac7,0.42078373166504135
cc34e866a83da9af,0.5382054646343339
7f92728f98fe1a29,0.4787353223671862
d9b28699d6960cfe,0.5051085965325027
ed6d1d86d0c4d3ba,0.5215168803786188
ea2479ba0c52edde,0.4886212741052868
9dc3c8ba545c8ebd,0.5483826083422594
1b73f0ea039750ad,0.48935097573488007
958f49d9e6115c4e,0.4678838538266703
ab32a01373d437db,0.5490566926902711
7c2c03c0ba024cc0,0.5490306980922888
c09dc8fba6f381e8,0.4565916715232803
7b3b5bb290799449,0.5224320396637153
97ced60cf3426664,0.5630020103518565
f42809245037a8d3,0.5081105705310798
e0aa093766dbcebf,0.5032070549758738
7bc5c40efee660cc,0.5264371149787999
fdd7b5c5b90a8029,0.5201921808647241
7f615a9674f5157f,0.5143670420254547
50a84a96ce86719d,0.48818895032985343
dd9680ba84c02959,0.45612190188017365
e18523d766865c23,0.5047640906571428
54efbeaae9f3d124,0.5450307123930882
64168b61f38ac02a,0.5479440267010347
d6a3f6c1090fbf57,0.5024948659985085
6b93c1045199cdde,0.5174307352739862
b9e46d2576b211cf,0.4931265958262956
41b1a3e9282c32a2,0.5082105576201944
0bdc10a40b1e7194,0.5040178471545962
b7ab0533a99a1c5c,0.5024882658259161
1bd420374915fac1,0.48324486584976467
7198a1b072b81398,0.4248780555966204
063e5614ccce0694,0.49028043603053706
a7645aeaa37d7629,0.53709079282388
393c6dbb779fbb74,0.4695879342390724
8e5edbfd40474925,0.4666864129063275
94f00b15433486af,0.46133072727881796
8ee0f89ff2709dde,0.5440863366955451
57f3996444a036b0,0.5585132000536708
7bccd769775a89d0,0.4426927280178141
b177e4f16fa20508,0.5177956808223756
fe4e07665fb49947,0.4807486715410034
d876e8374e79b2c0,0.5243112669576564
2d643fd54d8b0b14,0.5209230074906792
881775c189b71959,0.49298739478625964
d8b7ff1360c413d3,0.551010017185344
1dec18580a974e26,0.3665904185607298
5afd36c690fcab97,0.498695551372193
e0459e283ee50176,0.49668776997274744
e5e59b24f518e500,0.5338319817129944
05205c8b61bc424d,0.5143126540102043
0864475157ce9068,0.5586282511998141
0e9f9f1a8e0579d2,0.513061558796083
c9ff827ab2bf2db2,0.5532517655887375
330c8f40d0d58f94,0.5333220026582675
262dd2f8a46e107d,0.4897626594184251
8fccd6d37199a569,0.5244210516093467
f95a991a2d2dd8f0,0.4891331670207555
c0ef949e1a4eeacf,0.5048651582962533
291a24f420da7edd,0.4965497534321712
e396d106d3ab4aa1,0.5187965674610494
ba85113469c5c3a3,0.4899445709914123
4ca242715aa64f37,0.4971620687233984
0004e213b7101eea,0.5211479543865929
2ccc8cd56fcd218d,0.5244346053507531
2989773a6900b8c7,0.5389002641470741
de466b6e71f20627,0.5052529044179473
f9eaf15e4434daf1,0.4794804079163222
569d3690f3b40f23,0.38869092512826453
89c14323ab16d3fd,0.4038870776476281
7659cbe9c7015e97,0.5166918355885113
d1f29b3c2fd82f29,0.5460965381974654
577c4951858d0f5c,0.39583046618490325
42f0393eb138a7b2,0.41180527583360527
cb81ffbd7beb61a8,0.5519113061578019
f5f89de0214b7110,0.5250985424639013
54c4c3476c717bc3,0.5307306064692636
30d1e24d60246c3e,0.423009582176603
58f7763081b546af,0.3766991013489085
45c49c532a9ab53d,0.5112866819150577
f73f9aed61e4e80e,0.45706360026085047
48b3ee93c56d10ca,0.5567391568940796
88f1dabcfdb13feb,0.5061057895632314
453ecbba05384198,0.5260506965527407
c182df929a8d12de,0.48782802308213713
b39e58e97568c409,0.48926445328091883
26759f29b9196985,0.5289792986319382
4b18e97729d795dc,0.5282029634976622
73b2bb9ca4472fbf,0.5460190893683186
58992ff61c93818e,0.5174723320345989
98ca540eb1d70ae9,0.41907891517186713
37743ff1ec1fe48a,0.529587233694323
490b1658f2ddbde1,0.47898163320600096
009d617edfe84d2b,0.5104194634497784
a1e0030eb471650a,0.5186956855492898
322f71d672d8a583,0.48273841064658185
ee6f69779ffa0406,0.5497556720813381
5d17cca522c05432,0.487354387864985
a62342d07a23761d,0.4783350025731602
af626224e4a29f31,0.5484020131913303
876b1c4fcd698886,0.5543669701151411
40b2b43df418b0ff,0.4672914184219147
c8313c4ff01f7912,0.5183443058737025
1f92d34f108be879,0.5570019775722177
d1d1063eec38f900,0.5127163065183227
ff6a00e523c9e0fd,0.5080038628806604
26869cd5fa07d671,0.5109254825994197
665c5aeea9aa72ef,0.5109390287879705
c7c3f01a7155bbea,0.5133864348293093
b4fa1378ef35e9b2,0.49580145785921403
46de52cdd64b5d28,0.44721879376238194
306009a9d6ce0899,0.5107879258555069
6341bd2b245e24d2,0.5380016003129204
88672a58eff6c7f8,0.5489002650707107
2382c6788ed738a3,0.5160992244166027
33e8e49ee5180a88,0.5121190036087188
ce703a5650af2487,0.49646076236618475
5748b470bf8d6065,0.5079720695813146
016fdf26b2da8651,0.504756540112133
c51160cb6e03fcb0,0.4991447638178199
97b20b476c4ef655,0.4815275094074172
a457a545b2852971,0.44227885831147473
f57adbade4d920a8,0.4962666410872384
059717277aa75e15,0.534644571101286
d74c0a8e37fb59c1,0.4709442380430582
baa91ca65ba47225,0.4713667082983799
ff5ace5084be17ae,0.4515959257835088
a007199b1b1295ba,0.5493715381061888
3983ba65659c3740,0.5574190400619756
a4db962aff990f1c,0.43603453096122746
24edc1986a537d4d,0.5273399200799662
45a08d251070647c,0.48243195069069666
f91ac0b8633cd6bd,0.5355579166467008
3c0e7780655c7a6e,0.5226370651195
0c9860e6be8abb15,0.4969887215012999
d3ab1c6529aeaad7,0.5524022876544792
485fc5bfccc28192,0.35686297016569624
223755d847b4d5c0,0.4971497986533293
0a7f5282dbecbe49,0.4962269990902086
0cd4d69ef2e849e8,0.5417739511587936
41bbbb4ea0e67695,0.5146380038444656
55ff65dcd4829bd6,0.5535479449713933
b8d0fb489ff817bd,0.5088705263790991
4e236042243b0650,0.559331633381293
394679b3d20d814e,0.5280622352310892
d41fa28e2a4d5a73,0.48357734757483706
6264b92c47ce9fe2,0.5219853112795454
cf1fb52b304b189b,0.47904664731175317
08910f0b9e9d06bb,0.5145898234764448
269c5e5b54e886e9,0.5057217762191466
56509d84a83e781d,0.5214688249501709
7bc85a3816d96470,0.49468206513769464
daf7613aa544b46e,0.5019306375101157
9bb7e2c3dfd962db,0.5296493687854918
cabe7da1c9de3bf6,0.5182828613223853
5c4ffea854cfbdf8,0.5257430404391161
1d9ca08e01976535,0.5084784946166154
9a1e8f20ddae0aac,0.4921296064387435
86ab5e4bb691053f,0.39404728208441653
34537e3d864ed379,0.40936833026325914
4b8c584ac96c7bf3,0.5210150757950112
6b5ae8e1788126d3,0.5486368550607439
1556b8185b13dea7,0.4004494114365701
71b0280e722d493f,0.4182183597640384
c7a1aff642d05aee,0.5554112406624349
925fcbef591a2b64,0.5196364771418944
9c30ff69f9de49e1,0.5291217472862313
c3d863ef6b9b0012,0.41534250714638477
18364942ecfa0e29,0.3884231488589427
ed12aa33053c8ee1,0.5155979642779325
d26186dadebb2577,0.4643128792594161
b1ffe23071dd0cbf,0.5667725376306096
4d9eb618da668187,0.5058988006220921
8a955426a2137e84,0.5288615177817991
3dffffcb2be1300f,0.4932317081975558
3a23b1cc03e067b3,0.49985736820827253
bb1579fa2b5c155c,0.5237459734301573
b3b718e2afc4c733,0.5307495485127459
c7620113e7f2306e,0.5555934088405567
3e48941aaf18d7f5,0.5086006402233221
003aa2762342a79c,0.41270212024492303
d580eb889da8c16b,0.5231795821198804
83c246cbfab84232,0.4754875840422106
16ce529399966d59,0.5053695288669877
a2a91c2975a818ca,0.5029976948182757
4dbbc996c79563e9,0.49106973191914716
4671b8bbebccb15e,0.5486233951095938
9d146e7f37c6e098,0.4853989112047574
dd7e7ecb3a1963cd,0.4930939376594412
26d76ccfc2ef17c8,0.5614309403088262
e3babab3ad78f4a6,0.5657480528202936
abfd1b6b83c47517,0.4520755047699839
6719d6a3604d50b1,0.5197950264112706
db7d7f7e18c430a4,0.5531271365044712
c054f89d8e9283e1,0.5055651000387105
e02007b727148a52,0.505015115550629
793269d36610c7b7,0.5037138260609412
f29334be3ac0530c,0.522529088017212
1740b181023620e6,0.514973439031308
b9e14f45da899fe9,0.4907275967172584
a17e947e34f14cf9,0.44098798124092553
42303e00a835f192,0.5079056632109411
489519e87d5e157b,0.5417456956615844
6521963c60077165,0.559731963249084
7a6b26031d62825f,0.5101279069483545
9a92e514b54608a1,0.5211151754945853
2fe991a62056dff2,0.47349933452243387
89de7ab699ac4ed3,0.5115759413460201
4a4681195e99ce71,0.4937850034347574
8d71d56836d9c40f,0.5094289920810576
ab71c832b65e8028,0.48876379270228176
55836462a9bcf6cc,0.4347811390517766
e4fc2e6b6c32d2ed,0.4922623298068829
995dcb53b91e92e5,0.5335347608974637
d4ae057ace888733,0.47378635631587807
b48361ff7a5c61cf,0.45693974708634866
704839a5a7fe3e77,0.4655465948989085
f082bd2e0d27882f,0.5333785005731546
11eb4cbd1ac650e9,0.5615842365669674
9e301b0df8e5e29d,0.4311120963790325
d057ef4f86c38da6,0.5174907013298969
f9799e5d3ede2c72,0.4747968865126577
67c8aac304022e5c,0.52700041245617
7bfc45509d11a9fb,0.5160919720755757
b5e33e7492ba80c1,0.4933734496882486
23f5124a3cc793af,0.5481915789348131
fafd2afc42b92190,0.3540951848002881
9ad4f3896f13c13b,0.48818952565423257
a9ea28f0ab26eaf0,0.4837520467430152
e122e06ae6d6831e,0.5334503511439621
49ecf06dfe3318ad,0.5134404722432434
4449e423786a07e1,0.5538064844316066
9a05858ad1c29e1a,0.5069070022613549
3d4f3059801f6858,0.5565028720344505
1f546c5a47411baf,0.5270899615055835
f2b46e41f9c74b25,0.47608818709541467
a344865b05915928,0.5174993079273364
70b4d43241a80284,0.472363874271843
b88954b74eb0de05,0.5025387806702656
20140c40a09a49df,0.5018443861946142
6cd96cc86754b36b,0.5253969684623543
492c8d210238a9d5,0.4965766783056631
3d008ec418d99957,0.5060374827002709
cc4099edd8c0a87f,0.5230782811288304
d4196c1e702f9d06,0.4982679505519203
bf00b12cda2976a5,0.5240670178648714
e5ae4db55dcf30ad,0.5082603871785882
c01978e915035713,0.48748401741076797
b37b2123a2d553b9,0.41319082296397425
0afc1f2cc9ee72ef,0.44542118786781293
9827d855a7cea54e,0.5220142678659576
ffc570ae9a144d2b,0.5465791871445554
f4667d15676c91dc,0.39950878957453584
a65e15c1fb543d6f,0.4447035818719115
62befea80a5eaf71,0.5520914422562526
acf1eff54949898b,0.5100638485066529
03c0edc5b245f771,0.5240157923652086
bdd896183ab73cec,0.4484136575939679
b68ae588b56662fe,0.41358836972125435
9665400d2a6e557f,0.5123905395853261
ef2d70b32d40a2c1,0.46748740499410124
9fd0d5cf737e96dd,0.5560334063100056
086130feb16e11ba,0.512507776405497
a613197292a3f05d,0.5423286274327223
8369dc7228edce6b,0.5076713248656491
6fa75b5b07db55c6,0.5107556137102937
542f0f6c6c22e2ad,0.5235605778216154
72e6c98340c16e34,0.5380725861927581
49fcde1b820e959d,0.5430719194291442
709e138a76987367,0.5067088681102833
df661267fcdb84cd,0.4195420359462272
a6b3926311bfd543,0.5327487562438349
c9ded742645a3c2b,0.46943464280649305
8b92a358ed8b0bec,0.5011555067286675
f744f21a9b28afcd,0.49530319138842827
3d25ed85bebb7ecb,0.4868987837579055
4eed21e3e2ed6651,0.5567325633704132
40be0531bcc70a55,0.47870949566754106
52195323c711c9f1,0.48779074122718735
9ad0f10ab0a15880,0.5621998021437712
f856d0a79a3c8298,0.5648137579730654
0e880e2759c30ac5,0.456422035547728
9e10233a0ac5fa79,0.5168167947892761
483a570e5654324a,0.5519809896869374
61cb45e61b871d9d,0.49119471680580284
1b76d32d485ec12e,0.49911253677842926
244d6425c427d56d,0.5075513388196193
ef202e555afaa644,0.5048045529736678
771c2f606c1314cc,0.5134558793891172
e914a07421fc579e,0.491021970830144
d7724b134e2e358b,0.43164748752674753
86a34d11965eeba0,0.5038384407269758
6eba745bc16cd48b,0.5346866242113789
1ee58b3fa4b3085b,0.54410042980367
00f04cabf6de2cac,0.5095036926063254
b218b5a13db43c02,0.5188274117854905
cb8053bd1960ae43,0.4679092210593473
ded0074594494ddc,0.5107792122123829
28856f93caa5378c,0.48909756606336974
983451827b7dd789,0.5089295088921487
810acd99329d6714,0.4867494478592078
dea73661837e560f,0.42566061025354274
c7bf78c8acc08e4b,0.4989698956674401
3a5fe924a2a6604b,0.5370997978976496
5acd32557b71443b,0.4728712356945961
7835f8c36f4d40c9,0.46721198817069653
0c0fceca12840b32,0.44950052069575863
600afa98a77b1ff4,0.5374515825126265
3a51169bda918b0f,0.5566332490323658
c6b5e2464749cf11,0.44138473035865533
99b95951e403762a,0.530874461450218
f25ca42c4feed060,0.4632449328045877
9175da769e06ef6a,0.5389456394331212
ee38c17263185ef8,0.5155855407768211
3f432c759b447315,0.4945977820508992
a54ad7a5f4ffae63,0.5532485576336339
df9a53d3472fc388,0.3504723983129756
360a05e2ba84e112,0.4831823771234074
d0b29e15d180636e,0.4810583046487552
3c4df733aa3d3748,0.5339043863925377
b7e905bb388de4c0,0.5189435968075835
774952171de03ef0,0.5505404039365142
3f381282f05ce6a0,0.5031416991698118
e1a7abde494daea9,0.543702973561398
ef3b0266b4abeba1,0.5318691036644787
87db5e721b4ad24b,0.4850536883456332
e2a11dfe9ab2165d,0.5129074597401686
43d992482752dd9f,0.4798707918270595
88f5f0194c3401a2,0.5090132559236031
31ce9aa27638eaeb,0.504730300619403
0b3304a2c7fc69a0,0.5164266414525029
7a5a293fca004f39,0.5013041818675457
0a5e287984991335,0.503461429985492
2e8fec7d010f83fd,0.522072453913587
ed2bca47b2860612,0.49843924025541697
7001d75ab20a787a,0.5205898152949394
59fad9064418a5f2,0.5025598302595397
80c31a27d6a20a57,0.48280548339060925
53385ac458e1415b,0.42142116560371656
dbd432164992d905,0.4377904353390475
1056bbf247e2c0e3,0.5216438366018314
d1f0351ea83e06d3,0.5503983161523615
80e7e1cdf15d9141,0.41329169395527265
105aec6efa977907,0.44170894707077246
443ed3403f01e95f,0.552567644241064
a31fffbd2763be29,0.5137045399471221
540b29446294702b,0.5234701047104713
c251f0d9754c5db9,0.4549283841229895
f139dc5cdcea9d16,0.4030602147775354
7dbaa6e77c164548,0.5095588155859158
955c1724072cb450,0.46481322172687345
5c964684c4d41818,0.5600603324624509
7d608fb54cfdf158,0.5113817561500105
82fd44e090b64a8a,0.5422743606332174
4efe8b265ce729f8,0.5030684940734074
566af5ae2c33ab85,0.5141511218858077
b4efe145a7ea681c,0.5148087434773851
2f5b798dd026ad83,0.5456746373891014
4ca7cb6d4dbdf724,0.5451843474963709
fb7c1d976ff948f6,0.5057803132350136
9088004698956c7f,0.42798024499081166
7ed5bb5ed55c3f78,0.5325625465460511
773e966971a97f37,0.47840063101796937
9e173c1a17c8d8d4,0.5128660600341581
0770b4882f200359,0.48735145677043523
2c904b452d39fcc9,0.4910338917479691
64daffe2e3b03df4,0.55755350320622
22636dcb24e81326,0.4836936746071735
34189f46516fe1a9,0.4983089514738157
8c78d3727e18c37f,0.55483787753103
d529c417f3fbf992,0.5615526726220205
119d628f367966fa,0.45924964175545213
80b12a2ec71c44a4,0.5163893831424473
778aafe5fdf17f23,0.5523756023444824
f11aca543763abc3,0.48816869451281564
e77df3225022c937,0.4990908956656831
a02fcce7cbe6cba0,0.5154926009812328
69fac8ef5f9294a7,0.5162010091486544
9f79dca56bb57acb,0.5113357210662748
c85c045f7b1632e5,0.4895216871224195
e4b818084c532783,0.42855103703330755
fe0a02f07c928fed,0.5033887649295065
ee6f7adacc2d19b8,0.5298636371956744
5e2772bbb7b3401d,0.542538502438819
ac21e6d9d7eb4e57,0.5128375275639965
fd09e4f3f59c0ba1,0.5139014981045968
fe5ca96f6b029cd4,0.46990093301890246
f3899a7e357e6d72,0.5125437060783025
b798a68078f619f8,0.48898070854644615
3602af7a3928d7c5,0.5109437285593253
2dfacd85f53cabe8,0.4803481823458259
2801abf749cb4f47,0.43173471638808125
626ae797882939b3,0.48616738111159485
92c7f1e840f5eec5,0.5359107340837566
15887cff867d9482,0.47534920107898804
7bfb368640ff9bee,0.4680961648726676
ac5f85ebae01d107,0.45501840997632725
8f35a986b0c9380f,0.541189909345619
f90a6028ad96fd6f,0.5496156846195813
509692a06e8afcd1,0.44200121629010103
e25d6acdfa663072,0.532746638731392
c42ef95a9bc9ab0b,0.4667636907161785
f051321fe7d10e8c,0.5396882123897601
52082f21a7e73551,0.5166764182403955
8eba41994778932d,0.4972909924432012
9f372f648f25f10c,0.5496508692649725
aef79f81a2606285,0.3524649049317743
5dd6af581047a2c1,0.4860450307952
9930f88a8b9ba4f7,0.4896778613836864
35cfb9463b10afd2,0.5279536931016515
a88554c19e1f87f5,0.5111941063608876
d399e2f00731efaa,0.557730096518071
bab73b34b7f03689,0.5058370963448023
afa0bc1aa61ca903,0.5193712757952577
b3906a333fbd2a4c,0.5324595808857429
d2c1c6772788c7ac,0.48365835381282607
13a551b4d68386d6,0.5099242184226099
6bc5afc07202cdfe,0.48597281687560934
582259fbccf98e89,0.5105123313549347
f625d2ac437173a5,0.51565450004547
143cf8247eabd2aa,0.5148234934361566
45614dede7ac2e05,0.5045473546332389
53b0566370246b16,0.49719550622628705
1365559cc5992b8e,0.5209353624122857
3d25f920445b99b4,0.5112108788401946
49ef339324ef7f9f,0.5195271556610641
ee18ffc4d8b57090,0.5157174817086378
301d4bea59afa827,0.47690419021615116
0f5c7e0f7f8cfc3f,0.42814575152527723
84a47bb2c9dbf434,0.4424619872515698
e74fccbb0e8fd4bd,0.5087575077824952
83d3b0944a52c0e5,0.5367712620579883
45fe9b6246c29fc6,0.419458554777006
741a8593034d92a3,0.44147256375688726
d76eea87b6232bf4,0.5541331620500937
9ac3e56b793f4c7d,0.5114930942322561
7ab2c0df1740dbde,0.5283800768369842
f49b3fbbacb0cea3,0.4484659624876999
2fc2a480ee4958e7,0.4065279000361912
93265e421674e854,0.5044271637305239
47118bfd3a2ae167,0.47350121401327727
07412eb05bb740d3,0.5555055798135599
7c8ada9515ec6974,0.5163647661385672
033e0210e89f48c2,0.5455364265510956
abb93ab6540b4e6d,0.5091788536181321
1238a0eeafd66302,0.518170356785517
8e2aa1e66612762c,0.525689661207114
9b40b4a908d7def6,0.5474599025638308
71b431d1a5c786b2,0.5431619121733944
ea626e0575fe8e81,0.5053954527953743
8a995f10394afbd8,0.4363140352804291
5ab393992960c446,0.536378915123912
6cddab802c8a4760,0.46920341344010597
87983924681e3dee,0.513105476337431
b0bb4b3d4e06c7ee,0.4878410770053392
6d26585e67a80131,0.48741562339753297
fa1027b3e4d9d6e5,0.548502474900715
3ec55f5f41706119,0.4832110554023141
8e1981cbd7452ca2,0.5046649684075993
8ab9f95e5beb709d,0.5591989559990473
c0ae10d3d9985905,0.5613946346058232
1d61a9b62a4ca0ae,0.4595675931656271
3386aaec172ed5ce,0.5200235777054687
7a38cc9e9c077d1b,0.5518879109043182
3639d9b63111e972,0.49420849467553596
5a3fd0deffe77021,0.4974590141455322
c34efdcf73777712,0.518544087261528
3759bcf61d02b937,0.5161987701559971
bc3f0e23c37bf066,0.5085176647187024
805c3df01d2aeae0,0.49574406094085477
441b2d73d140582a,0.42809062998329017
b64657dba68f0c9a,0.5089759291448789
6f21c64536c9b0ad,0.5269729013969446
7af05aa5d08c3ab6,0.5422572739930861
6228181155011a6f,0.4982189949500957
c515ab1a93fdf654,0.5153522289042657
beae6d3cde32d2bd,0.46985179894577933
fba35407bed428a4,0.5109291619364923
53afcd65c592ae37,0.49340392307075165
454a6a43823ee41e,0.5056722870656238
d366c9b368acb371,0.4859388284251197
e62ed78fe7b0daba,0.4327317400529156
46781eca50a96847,0.4984591433561828
b2d10d592591735e,0.5377537062339015
53eb1d49f798884d,0.480636642702145
54709020bda78646,0.47616051624380684
b34fb8b8803fe37f,0.4570050013040059
aa6a3dbec92925d4,0.5391727094869381
3be87004e0dcf9cd,0.5513695529524445
36b5dc3d4e6d92f0,0.4486189675909502
40ccaacf959d24c1,0.5367790893551736
559d7fcc9c1360fa,0.47245611736543924
cd78adc4f4d58882,0.5402795248032624
2ba42585d3e4ff69,0.5192132590925495
37c9a903faf172ba,0.5099469458995443
ad906f5ac8570d85,0.5478967063235185
69b1cb50488eb62b,0.358680863948031
fa7d2ed751591e4d,0.4947997485315079
7b1c072786effc79,0.48743829716865306
193c50c844467817,0.5369076393492911
cb4fab78e2a05654,0.5027181265429516
f70eb3367161ec77,0.5558989418813522
956cd33ad34a20e4,0.504684658995098
e78a2de430acbdba,0.5277689755848405
d9604be85b658cc4,0.5375331119942255
cf5f66dd8f5fb8b8,0.4833265827494425
99b58a20dc372d4d,0.515978808924503
88e7cc751354a8aa,0.4780810923672265
15f579419456d5b3,0.5036085130535798
0d954d5eebeda679,0.509610825038423
c27dad00147c9056,0.5065464024276999
2ad5364152907bda,0.49521765715623367
67c5bb6129c13f9e,0.49936108090030296
02015f4905bdd17f,0.5234627420168023
93969c7b95fa72c8,0.5026457279561072
122f5457e22a2ae1,0.5154898463810598
053da517473695bb,0.5119295555127152
43dc3cb4e974bab8,0.48415142801967415
b1ad60cef1d67fa2,0.42593929556772636
e7e8b55333350a96,0.4524642140439399
f02139b263ee2a36,0.5173205990174493
6f4f65ed664df046,0.5376163974975874
7b5f3dea25d42481,0.42256225995845853
88e7af112d0d2d78,0.4451808153572018
45af1c36be7d33a1,0.5491494412570982
8bd1a0e65aa44202,0.50250328126074
9d5cf8190d25859d,0.5137693744457524
2de9cb72da2741d5,0.4530271069074636
5e08a1a7f614ec49,0.4027186498382659
b56ebd790a184de9,0.510024401305347
b5b1394bf88e4dda,0.4635593463907951
32edf28b3e42b4bf,0.563307465479568
6b0e80f24c8139f7,0.5102420746414862
690168fe4e6fc388,0.5434339639080983
f6f3244a93c5bfab,0.504457899101252
e553e046937ad88c,0.5193018530235695
ed11f0cc3fe9d742,0.5225045102278957
166675ae6591c2ca,0.5495262177185647
b392c4e708c11e2e,0.5410331918143658
5b41b04d9896c6b8,0.5025687014636069
2eb5592f6c772801,0.43118185763894434
691ff0be7bd01ade,0.5327268242444128
85e034ba195aa12d,0.47000788389652903
0f4749191736a49e,0.5090634303981839
59cb812e0d20ac67,0.48592096283340735
1f46094e524349b7,0.48641838253004166
95f37adb14d9a74b,0.5494524961217369
e3fde50e3fbcfa16,0.4902998954394431
31528dfb25ea733c,0.4948142255092923
b831720848a8dd2b,0.5546721208082805
3038c5cb28c00d45,0.5591273998352456
00db8136e3e0778d,0.46921895059625285
44aa760e2222059b,0.515879104293597
d2459041b15d36c1,0.5514575772134608
51659f1889cf8b9b,0.4919819077087866
cd9adde19c4ee312,0.49843599865392463
6776226c1fbd2ebc,0.5154514468575686
fac72b9b067ab14e,0.5045944715532316
138825f2b4a55842,0.4993856014579803
c1387df3801c3abe,0.4955106549909014
1936be6e24667769,0.42490136544227886
3c6334323cc8e8e0,0.507261750964749
42c21e68e121da27,0.5254372330746678
7de40faf81f7e797,0.5466446576759765
e5a9f1d4de18fbf7,0.504309889049223
eba76f72257b460f,0.5168742026161808
f6a2c0082797433d,0.4696471955273164
645c91c5e086232c,0.509550852731186
d55a268547ac98c5,0.4874732128119278
2d12a140ca48f209,0.5138995674554283
7cb554da7ac2892c,0.4915021172646945
fd29f4f1ba3d26ca,0.44783073854364774
450eae012ceb568f,0.49855132359349896
91b1fd9311838202,0.5387107645125723
9593bb183b5b15c8,0.4852292679154493
b489bac57a9031a7,0.4699947939341049
b147859a5ab65fd8,0.45145130378165854
37ffc587d76ad65c,0.5314200233531148
670855a6f0fd0888,0.5495801058498084
9b9036a83add7198,0.44854853242447146
ce000a1d9355a992,0.5382926480989129
3f707bb3d3f51a71,0.46697476372050384
79b1ca7ced34c85b,0.532642104937581
7ca0f55b9df23e05,0.5206646687032002
ac396442d9829fcb,0.5028954968857418
5fc48692e52aaa61,0.5522642505580546
4c13b2ff3fb3be3f,0.35812448799094176
1218d0cb658ab4a2,0.49555175665584417
da29cafba6a90be9,0.49326342316936655
0ada8d9e7d1aa2e3,0.535581341556927
e22efc54c6c14e99,0.5057005188377333
3052f68341f3e117,0.539360726905596
3616a3dd716cc5d6,0.507971649422293
755a41da32408dfe,0.5595320499863391
8014358cbda5addf,0.5227417314177213
ef2abbff69e6349c,0.47116307707284755
be1c72669f9d5df8,0.5470328320127833
cb413b92a88192bd,0.4866916146149348
f4c71fc5758a413b,0.5291498174600294
a89a2617b749693c,0.5117172570256286
b5145c3a1d90faff,0.5186861890471067
7c2f3effb04fcbb3,0.5125938173616794
965a9cd70ece5404,0.4944960053474914
9c8795c38e87ab05,0.5390327461839706
826c4379983896ba,0.5149911482672132
4382416e1a4222ef,0.5115157345155142
c8b3c2afa2dad81e,0.4919382435363229
f8a1c025183c8c4f,0.5010637459146656
4e8e858832451c99,0.4216601387815875
2cc75f59eb363374,0.4466579110359665
c0269e31ebfa0fb9,0.5293664965202809
5d28608f36d18f7c,0.530836479345449
79c811749fe1a2fc,0.4032815004543715
01a6a1ebd04b288a,0.4426827153203873
d9d22d0593e2c384,0.5552726664060246
b6202004195fb78f,0.5169496549758381
e9ece52875a3a8a6,0.5241740482860393
479b2af818359e23,0.4415601882696406
ac46a95d7f0a35fc,0.39441870315598493
055dc659b301487c,0.5158269896544914
915c0df3e4f0ac1f,0.4786937747069735
a22c9396577f00ee,0.5567803292520007
12dbecdf9831aef4,0.5170024321604839
91b21c897f2ca5e7,0.5457643405706292
d8359b1cf485847f,0.5221423221013066
9b905f21422040e0,0.501586929628743
e44e9d585c3a4db4,0.5331416015811837
48a4ecd75716e063,0.5604250415272564
734d14dbf302bc10,0.5395969228257611
bdb305e6f5ffc40f,0.4950373678946949
c9ebdfbad1d53bce,0.40483301533299443
acd137414151cf14,0.5316477323261031
8b778b4df3e7a581,0.4977507374018102
e250aa5c8474a291,0.5146111326143319
4d0a7fbde3cfe8e0,0.49384298147078654
0334ead6cee47907,0.5053180997200082
ce80b9a1f464aeb7,0.5540129152169044
32fb40e38cb74106,0.512863267511332
a077741dcc2a9162,0.5088814830038448
a584a40d8e87c012,0.551815888801501
bca21bac8e47b279,0.545908257952656
eb01a0ba87dedb65,0.4688314031646681
27048db4fa8bfa44,0.5077137746006489
2204cde3fa4cbb33,0.566040241729213
3aba09332198cffd,0.4955790062165124
1d17a011b4bddb78,0.5245018380257159
98fd05695a89104d,0.5187531780550142
2570d16e4e9bff2a,0.5270928767666477
a40cf506a09a1706,0.5090665680548969
2da8b69a604e5f89,0.5044166455016224
1eb7d0308c971674,0.45340987025032153
ee2ac3217ddbeedc,0.49876838610255947
18cf25e2915b361c,0.5222431667573051
b90d2b4ce5bbfe37,0.558435087043308
0d578a3b3f743b72,0.4865474060523115
48e3dbbb37261460,0.5006085035147979
f79fb3c5c3d3f3a2,0.5027867870912365
1645d85e5218e127,0.5191233221666669
fc4cb8b2af85aef0,0.47511492068340033
fcdf0264080a1757,0.5055023866328954
957046b151187150,0.4999025748037569
4fa5e8523db05a95,0.45269697627777483
ee28ef4a59fa6577,0.4987007426792346
1ba66e712845b6c3,0.5242871994531914
16f33ebd98df2c6a,0.46130659589143486
eb739cd440b155f1,0.45504595646051904
972a561172d25b50,0.46476158420725744
3221b183484464bf,0.5441823201351763
fdffadcb38feb8b9,0.566695930315199
a6873edb9b5477da,0.45436315252873116
59fc8fabf3d49d27,0.524500114743695
4ed05d8502840d22,0.47109433773701115
73f459013ba1978a,0.5344774646930562
64568fe77e09394a,0.5128848415447987
b6a41fc938e33a7d,0.5051103271211939
0be8d10624c2f4bd,0.5443033258384187
19f564a4b269d507,0.3778893654179585
ffb90c55d29970a0,0.5065771267356476
edb10a7281e997b9,0.49700653826860486
b3c1087dc19d646d,0.5485389616066361
ccb430241dcc0673,0.5091541430979836
c68747790ef4eb66,0.5334572190305398
7d87b038364652c4,0.5102796596430995
da01ea9f996b5b4a,0.5541236723277906
18997086d1ab914d,0.5230585353376155
fc106747c6dd1559,0.4713577718313111
a0b3b458c18e19d2,0.5502668662673604
1f59104820959f42,0.48704593440077937
1c21eddc0277440b,0.5275300949785069
c26948c83200df10,0.5104292988055537
8c41d46515d5d1e9,0.526011177740166
71aa287e92170a31,0.5082244718238632
2cddc2a37fb502fa,0.49811603304534935
d303cc6878bfcc6b,0.5407514989991123
f00ff116b85ebfa7,0.5013810400593349
c8de6cbff0ed67ff,0.5121623678989929
68840aaa81f66b04,0.4911774800087165
8e6d720fb26fec27,0.49539661407801605
e23cacc9e879a71a,0.4241920182309603
bd6758a12aafca73,0.4306439715697866
3d947062f83949ae,0.5192389395141577
894ff9f2ac75642d,0.5320774621476384
b7088ee08a0c18d2,0.394809504701777
f53bd97fe4cccc29,0.4277529696196407
a1c4fde98c3e4d9d,0.553513902014666
9e584c04a12317c1,0.5085698822187839
57fa6a49621bf8cb,0.5222131693670112
82052b50f8235ac8,0.4503506065843751
af41af48f9f3a646,0.3806171131567653
26b2a1d1d59ebcc7,0.5145289885109854
3df3a0f8a40d0b89,0.4860241024530355
815bbe933033edcf,0.5529264960065308
75df3b415b74dcb6,0.5200312365662272
d99cafbdc193a9c5,0.5465406743118004
08ced66c64cd96ea,0.5186542563171428
98d45a092c19904c,0.49914437816349955
4e2af0771022097c,0.5273937219828434
f33497c79f73725f,0.5617092272635428
afe9ab87f8000328,0.5330153952967345
ca1408ae9bd9d38d,0.49686570444206246
07f18a9dfaaff655,0.4065425102888197
c12549dc89ac7544,0.5334183307872511
46e96b3800b3575a,0.5105653089130043
b9919996b96166c4,0.5169247326594575
82101bce033f6bbb,0.5005091669190685
7087b2ade854b5e8,0.5327378670663281
3f93655176f4302d,0.5428567351846252
b02e6c410364e1d4,0.5105118222609741
84d1c043c2baa0b5,0.48654021581935125
e4527e492e4716fb,0.5503435995182937
f27faa31acb7f070,0.5511529112067117
89682ae9c7500f8b,0.46841392112888725
4058b5b54bdf48ef,0.509126336795034
367f7d2c0fe413e8,0.5638414641240544
a1ce4ab0134da219,0.49665488299654315
980bead1682c4e79,0.5285946683906948
18b7628b169a0589,0.5167186777607573
da8add0881a2a66e,0.5162474833264376
847bcb0684d4fa53,0.5041634820909064
6197382f5035185a,0.5085095141496829
a22098026966eaa1,0.4529955840177642
9a1374c4ca772e72,0.5012250685425667
6da25ada26326095,0.5253408507640566
79914c24e4752b9e,0.557967653396036
7220ee02a5f0e7e3,0.49620399569849016
3e49cf7e2d2ec173,0.5008213672623227
79dec918bedb7be8,0.5008948636391649
b395d9035698e030,0.5116722263534086
57b5bd650252cd6a,0.4848654949918614
24ce0aa68bec276d,0.4921046067693249
48479aa1e093ae41,0.5001730283934682
c512a28059551b86,0.4493057461980663
eebc864772aca0a8,0.5023515856241147
ab4d3afed9d25785,0.5225487189341327
cd2fab07d508d235,0.47513796122733065
97538891985f5f8d,0.4603493642544343
f63d27f4bb3470a7,0.4716572409064739
fa2a2bad2352eae5,0.5322455311586902
c7a1a2fd1d522eb7,0.5675662647408091
4ff1ba29a11d98b1,0.4636045508338563
85784a5b55d249b5,0.5145036100755659
0d53e348552967bf,0.47337895131468055
cdadc7d2977d2c05,0.5330665942451439
828b714c4f1d69bc,0.5104698585833289
0a99fec785ee3bde,0.5254455284154349
82f3787579fd28ab,0.5403763973007164
7240446bf6b276d8,0.3703908272435601
4519727d04a0af44,0.5115850359439593
fb9071cd1cfa7a67,0.5023334346135703
1976252f1e839b0d,0.5482753552815192
156268e0b1605133,0.5085645902142951
4f98198591e4998c,0.5326863621928392
e983c1f090fae279,0.5095293157414816
6c5ea10017d3f8a5,0.5591821869040954
60e74672331099a1,0.5272362256909895
98f24e52157087bd,0.47478778923998766
352f51e86394b75f,0.5507696483923525
8bca6c5773b43854,0.48869281874216086
d63a4a1fd7427a81,0.5309147436543555
8a7364c9d5f3bbb2,0.5156151498700325
3b23f4c762d3f24e,0.5268002348089713
e8d0c4d1901461b9,0.5036338353060195
aec08b5225639640,0.48534118093656076
83a51cddacd3fd31,0.5384939913362798
f599680330d4367d,0.5100881205903876
6750524e1cbe34f9,0.5028451352679179
73aba5f79f0491b8,0.4980309020167555
5a98f1cedfa9682f,0.4903443499492247
df68a8a978a690a5,0.42878150260691295
2d0aaa71e19ebc45,0.4094465461789063
049eb220cc4ef3fe,0.5245459723157024
dec9d20897b69040,0.5378871188582967
0de0ee63f85d2fe7,0.3942078699829703
a019e0e3e1d35132,0.4210965798550097
c954d7e018ecd6fd,0.5579329634565648
8fd527fe39a6d142,0.517604275797379
28182170866b001e,0.5217438004042689
d97e0bffab6b600d,0.4447164895524498
cdf2bfc261f0b7c0,0.37707510490933105
3d33b90dc6f697f5,0.5111931751280072
7ef73c1ee18c7b6f,0.4902049158665813
0e123f687a5f6d02,0.5472589505958363
4c5eaa7e41e5fcf2,0.5196732656667185
96fc943071101855,0.5469309044970945
a455fbc294ccaa2b,0.5206526667583247
2ec9dbb925115005,0.5031810017320906
1a36b044e4239c80,0.520985358856702
02efe4950f06d001,0.549924862835367
94f13fe4052369d3,0.5269583734895249
ef8f145460931ceb,0.5008025114284462
b52619f879618742,0.4105263481282917
43ad39d04ee0640a,0.5372984316850131
cd018b1c35727947,0.5160066907907159
52524755fb079003,0.516193846240606
ea2b7fe55e2ae8d9,0.4924571709216534
2c70f968c74f12b3,0.5192054503903474
7d3a9f3764d426ab,0.5450574960552836
37f04a28c16cc07f,0.5084297699134959
b9e6f14a3f5a30ae,0.49896245023341856
1fc0c47e9deaeb03,0.5505721016116467
58a43a8bfc4ecf6c,0.5572220095791592
37163a99810f3988,0.4654366773497334
e8e56c1f7183c85a,0.5073890074059267
4e55ba213d56b043,0.5716552930031531
261c9c37759a3eb7,0.49983262631537073
9ae70e8102655cad,0.5258023267296905
9bf6add6d9d7199f,0.512763015534728
272dd80e387e74b5,0.5180556494764621
5a71389be29a8b24,0.5064297103286766
4d8d22076574ffaf,0.49924146163330096
c213f2746a4376ec,0.436749086303278
76f09098ac82237d,0.5020798623262288
5d73945b60fdbeca,0.5310308691103237
e97d46f412b1b4c0,0.5612653559813676
b04b83dd26af6d0c,0.49051407098228506
a16d55b3e21475c3,0.49842976566538033
f1e1f916aeac39ee,0.5059467167479486
8e18f6273ed2901d,0.5100085354663535
dcbc3fe3001143b3,0.4775849740012461
b04d53618fffc1ee,0.4932492570014593
d7ee0f9ac8af369a,0.49687558881296345
684e26ec65a3b472,0.4569800541110881
dd4f794ce09eb74a,0.5069340445588422
46b508fa1dcc22f1,0.521143215238252
73146924df9649b2,0.4724678839084677
5512a443f0114d38,0.4689862635020705
fb4432b01ad62992,0.47543887771677873
1f85b77ba75e7f4d,0.5236942668546314
916925fb125c48d3,0.5645165071546523
e6c2fb365a4a5cea,0.4508820353232138
4ab77bbf904a755a,0.5229431733351801
7deda18e611d7059,0.48481271009324023
573f79af916595ed,0.5282218696312025
51dd3fd25072e2e8,0.5219190511170497
5efb19ff6f0110e3,0.527700582286015
2f30558d9e6d6927,0.5405584728812098
72bf7bad87dd01df,0.3747455842126278
ccc0e25e6d5caaa2,0.5110461939419678
51bcf61df0aae080,0.5065747857970728
cdb0f75bcbd283f4,0.5500597807004842
ed62230845915442,0.5034122894897346
ae0861ff4cfcc495,0.5473863532215546
77e9128d5581ff11,0.5103972063526548
93df25e4b5c7efff,0.5543612707897254
3f298de1322ad4d8,0.5288481073571284
7df477d43ccae9fb,0.48049117849531864
2cd1fc1f0ed634d8,0.5393308299244512
e465401fa46de7b4,0.5005212107316352
66a5ff381ad0885b,0.5070918146240803
961cd42bdfad7501,0.5001253435449835
4cdeba617f94e8c1,0.5151225230194502
aad2f40beaa81141,0.48998046326388955
f0c9907ee585c8cc,0.48645398754922753
b90f5f05a8c40a30,0.5196236818671085
0afbee8f064e12aa,0.49196938729073914
b5a92bf90c5596de,0.5126138842336646
8e3ef9e105d62357,0.48288529848770145
bd015bdaa798a584,0.492482353551133
5b345b86bca8e877,0.40996475894254925
72bdfe6a83874e9a,0.41216174646619674
5afb4002b679b70d,0.507191669377762
031c6ebfa8b2d80f,0.5287763539536761
cd678f0f69717af5,0.407585068458414
8c98481be8b7710b,0.44264014018283293
f2adbbc03e1b9e23,0.5644493304163177
5b965cd2f40da095,0.5091042932026808
aa0b0c19d745b127,0.5151658945014347
8fa5933b2f33f9ef,0.44158431162167877
50302f5f351dfbe6,0.38100049714190654
55c019f5a10cb358,0.5109826348006838
5068f6ff4ebed30b,0.47759613320250316
ac1c361a663c5e83,0.5469072181626674
2cb54b3ea0c564a5,0.5147330469337885
78d53e04747116b0,0.5355043408563644
75718e1c900c2ef8,0.48876884015370137
2c0d5dc19abe3f8f,0.49602205017025236
5fffe30143a8aad0,0.5366143323149704
7346176f7bbb9fb9,0.5399261638563073
b4cb21ed319e0231,0.5264377877870006
8b75acfab9febe8d,0.4996409908536612
aa09d2b8db706175,0.41249506203896125
87d760d4b4043330,0.5267360578172087
f3f4e092aaf5f33f,0.5124407807662297
45b18c1aa0082098,0.48496098151430767
f93e62d711ead003,0.48514325830583727
dddf38b2bf65e4a6,0.524445056491323
a8b903ac7755acbd,0.5354732242767632
fd4070ecf333099e,0.5055655865966293
9f627e740f6832e3,0.5026803041020018
257be31f31ea2802,0.5569615491284361
d96a9a46f4c0ba6b,0.5615237476430142
35a147cca7bc5459,0.46906250794283344
ff9b6d77e592a14f,0.5212786810311739
49d2697da9e78d78,0.5426476663463771
4cf9e684d5ab9f09,0.5029683745310758
d4b6de94fbb8f764,0.5242730741743209
808a8dc8647a9535,0.4952500180828895
fe197c2601fd96c7,0.4993167807747553
a7a9bb7631d23f92,0.4899620044323517
e3f2b087b3df3835,0.47593430152713656
e41ab2d6ebcebc85,0.4480210661213274
e2dd55aa2bfeb001,0.5000595112675332
4919c3cf6d33ee3a,0.5207964625468127
7cb78095ae894c5c,0.5470824512365609
359613c9e32cd2b3,0.510638961500268
d4076152e3b16a44,0.49847471599784
93b78c2a1455bf63,0.48186066681470563
915ba2c933558c2b,0.5026155954237694
f63000badc76ed1c,0.491882549681425
2d5426e7d457d3e1,0.5173476796356905
ff026bab3e1e004a,0.49500685506852815
ac485de91d94ed23,0.43709250628605
8687df6a4d95cde0,0.531587354367211
2d3b7946fbfc75de,0.5275892036874938
c6c42e0b038be121,0.4800907806157684
4c8e7a05e68e2348,0.4726885974028737
651a89d5b291d1f4,0.4644147739602298
ca30d6f0b67fb626,0.5097252918004296
95228ad6cce2c534,0.560989376948471
c95bb072e7311da1,0.4572973913409193
8d80c817ed00d5c9,0.5206038162754478
1506dbb4c742d9e0,0.4669596999076334
f77873d77dcbc663,0.5249637349027233
f1f24048347e3e9e,0.5216412102173649
3061069e404b8f90,0.5177762880745875
ef34bc312c8a9b4f,0.5394810881082068
ed829624059e4019,0.360895702759758
03ae1d6de077be2b,0.5197678830329013
3c967c3dbde13bf1,0.5023726947569531
2296e3a84317a9fa,0.5320524265463704
176753bf234c6e8b,0.5008865525083511
7f2b8e8699c56abf,0.5527829815964143
65f604831037988f,0.5145306920121658
6a29dab01a02b5a3,0.5499382567750815
dec3c530509d7209,0.5234716098608214
ff2acc7a061c72b1,0.4887914242655216
c821fc941d689862,0.5355390509751521
d20b3630473bf77a,0.49928420151684927
cd7dff7f10ecd517,0.5027731593513493
0c4813d2a0926455,0.4983796684168038
cd33e20a24dea81a,0.5156591421089801
abbb89173a014b51,0.4988676064973099
6ce782e443625431,0.4588270591017798
32ca807e7118f4bb,0.5171652849834474
a74b84b32ca12911,0.49774218814832694
fff1aec2464aee57,0.5032709712576027
4fc2a6e4588adddc,0.48412386629590254
55bfe7e09cca8051,0.4907368014605251
dc245d2f0946bee0,0.40704044247624194
35f0132472f1d23f,0.41139491674586803
0054a8b2f9ed45ef,0.5019238828835624
f1e10e8baad35dc0,0.5286622975461809
f17fc054b3f61c68,0.4071745378435112
b4b1057d25295053,0.4339092738813124
bcca7f8e4dcceb44,0.5643520966365562
38d990a4cf654d90,0.5136265415822769
4dc12ecc2e7b1e96,0.5191609283810971
c3c712867fd50df3,0.42968684210395236
cc9787aac82411b7,0.36661424689664013
553a7eb2d4ce9355,0.5113254934945924
b5ad579465413754,0.4768728849677386
65a28c1c1446250d,0.5386803746861336
cccdbf93c6bc9ba4,0.5033572123893899
7921095b6042832b,0.536498572637939
0b5d6d8eda3e9169,0.4883897466047388
656c2148f9c960b4,0.4927661734400205
0cf5ceb1e833698f,0.5418163874121588
ddda0b7f427a727a,0.5395420753711282
de370c09aba3c1d8,0.5268111441685359
d542b461c152d608,0.5053888109180007
7da269d7af6cee8d,0.41324490049123697
791ac85ae9aec86a,0.5298856059992124
cc5a38f50bfda3f9,0.5116021651193972
91449ff58fb028cf,0.48762377315892347
27ed8cde8b94a7fc,0.48822940852223884
1970d66623cf9c5a,0.5190785584577293
9865e82a9236bb22,0.5397233922895186
9744b9ab63ed7d0a,0.5115928443644442
2001beca7a119a25,0.5054748455153196
ece90ba2ca2626e6,0.5571216006206013
d39a162c6d287f6c,0.5651259958475205
629a4a70c1735966,0.4705704181159249
56016e27257e40e1,0.5157856254403538
7b3cdbad43162d7e,0.5506015296508162
7e0bfd29fb16aa88,0.4999466189446995
9c3379905b3a39e3,0.5207727304133303
dce1e56b63205230,0.5017577730966793
2c3c83a9dd86c635,0.5016158362616316
af81ff24112ab2ee,0.4973681345090053
49e243329e3f01b3,0.4827274627870065
ad312f4e62402e74,0.44854009824708374
4dd219fcf42a3997,0.5095977879216878
86ef82a9d7d4c6de,0.520511247830334
699c9e3e85efb25f,0.5453725264808309
f87a690e3e4a5297,0.5087361136114325
4e437b51b70efeb9,0.49657149356020513
7938fb7255440239,0.481913604215746
0bd20cedb4effffe,0.49762196567698247
557298dcd60ee5c4,0.4997375584439885
c13881e5e65e18fc,0.5235494073197086
abeea7abb8b95b75,0.4947335955125406
7ac42290a55cce32,0.44374909421473385
96ede224c82ca409,0.5037933424755258
fffaefad6e89e76a,0.5348198145552181
a1d6abbb3bf0f7f8,0.4808446052497899
8d55e2d86394e44c,0.470372717145056
8e0d2c3699e5fbcd,0.4672961952770125
1e622ed6a0559542,0.518125334829967
65b3cbf6569862c4,0.5667795357093275
5f1f62a870059a74,0.45852794737120817
32ad5762cfd1d7cf,0.5205241798298506
520eb5bf3be869e0,0.47005938320563034
34f5cbc6d6a2f61c,0.5308618278088337
d209ab08a2f329a9,0.51252169530472
209848ffb3f15046,0.5165461420340698
a7e047e1dd5c4696,0.5366243663979855
60ecb16b26b2e48e,0.369447036882656
a86413e9ccc6e17e,0.5187245042154599
700f4866b5fcd6bf,0.5048884768139075
df90f013e67653f3,0.5358315854377373
56d68ca030faaeef,0.4945700271929381
b0ac22604611cb29,0.5526153364443216
11cb947423d2263c,0.5145709341443792
59c16ad9046750f8,0.5454640844010152
18631862dbf77b06,0.5290254993922521
9fbd235ead4c5b98,0.48121136052770863
49c9dea6af3343d5,0.5361834617771055
ca9537567183a693,0.4877509857611553
098f4bec84b48153,0.5074707778567871
cc0e6de6972b079d,0.5021935399529885
178e3da00b455f25,0.5168031288303483
703c4b9fed046d61,0.5039156119852732
8271c36a1706d2f1,0.47123520030478894
6b67bb2d6700df41,0.5102172456902251
bece43866e37e693,0.47355963464770956
1b872013d1abd5a2,0.4841806382973942
7418757d18b1a072,0.4767865215903069
e1d66ca941d6c453,0.4946263936310421
63f5f318a60930aa,0.40059919663795185
f29de7b345b21f65,0.3771889277682019
bad2ffa908b334bb,0.5161617247679519
dd6d3ef5c5c16d2b,0.535680994358279
40614b168dd26140,0.40938809783385854
a92a6a002a6d6dfa,0.4323704810492931
b9defc9c70a152af,0.5588341446521523
45d355865292203f,0.5142548433718099
fd32367043e81832,0.5191221985664141
dc8568e86e8661e0,0.42171037079285845
441518f70541cec0,0.35859701414220857
b9ab6e0d66456998,0.5137418012212858
0e925794d22a3a0f,0.4658652866144969
73fc30a704511349,0.5564269320753192
ee71cf6b6df5846b,0.5014498878237532
c0e76f3cbeff4111,0.5346241150985491
68c1e37de67c6906,0.47719998745623027
aa229814d948c33a,0.4978413884554703
1f095640a2cc52ed,0.5358019118049198
48b094de9823298b,0.5351134878983572
8ecbd8af60dce9b3,0.5399582216135209
59de044a8490547f,0.5036395435544083
74fd7d0613859cf2,0.4121538560909287
64c2d9031adb5183,0.5402801136278697
14d35ca15df8a40b,0.5063526832421519
b4ad0b15089bddbc,0.48628685980737674
0d5e483762697bc6,0.4555309095972142
92808ab92624d8ea,0.519867022003216
c7be72062ee07ac6,0.5241853934417542
0eb8ef0999a9b64b,0.5069568469224195
be745dc7a9038027,0.5025098387408277
abb1fa70cbe11701,0.5485565228863625
b7a8d5708b104f63,0.5627373636886692
073cd8e9056d9778,0.479091018060934
0ea2f63d168c50da,0.5181135007563911
55c3be7e47118aa9,0.5590919481724189
4c25da0c86d15044,0.495565620404419
dd924ddae02e2c35,0.5270463687308302
ced34cdd5621ed6a,0.5124455117220356
498ab6c90dfaf73d,0.47466413552830766
b8c9d2a9fd099a1f,0.5002193626945637
b448cc8e13e7f7f2,0.4860471368524024
1fac25b0cc22c1e6,0.4478360227227506
19337a89faca6c23,0.5180910966329182
04b404495bcedc59,0.5262935929402992
93e94149a5e4c028,0.550740316041974
0b8eb29a12e1b655,0.501260833176872
6e496ecf3c764e97,0.5006959405570348
656b2a6e57d911ed,0.4942240704079668
2abffc20f8c2afb6,0.5021843655193665
0c2c5c3025a70a6a,0.49673225533964904
226b2c32e4ae9cc8,0.5225532991939545
2fcff0755fcf6141,0.4913832529653984
c3a7cbecd9c71137,0.44167668377977165
97fe54028b1a6f0b,0.5050035561890316
e5446712ae3ce05e,0.5262434299363513
ab36ae0436ad5a77,0.4786164517788173
ade5d93f7891c514,0.47142626934674425
7be7f49b089bb9ce,0.4886653485186977
2ae8768f2b2a4d13,0.521453896866688
f9410aa044961764,0.5763335873427218
14c66f22739b88fe,0.46857296311491514
794d07471b6e14d5,0.5116534198245888
7c59acd217ce3aa6,0.4712219906690761
bcb7b8d36ae5f28e,0.5277439031704272
01114bc029c50e65,0.5052156345231475
99cda8a09316f7a9,0.5240817103893822
8db9a85465dce76c,0.5365601745532862
7100516e1295c5d4,0.3655992034977863
a2564e925c816ea0,0.5149552843234065
f18c865eaeb529b6,0.5034533729859959
009b5add840f35ce,0.5399068325883863
3a58c3f155298065,0.4963008115161358
eb1c7417c7b64e2c,0.553428445475788
14236c8fbbc0ce29,0.5116178453877667
527a8bfadc277690,0.5394121666064073
79e796c6ac809374,0.5266671820840809
026a19dec8f20341,0.48264388818407866
947751f99efde76c,0.5433988677690074
347f9ec0a39412f8,0.4893178930598867
573004fb64afc034,0.5100219208283803
be2d27044489ddeb,0.49846752266703
b9a1707718d9913c,0.521498590341966
64e79a4360531ccd,0.4914970823343954
9b87c43eeb9bb4f0,0.464194401733955
628f972d59c7a01e,0.5088011783921043
5bc274a95957aa78,0.47342746735395447
316b34aacff53039,0.4796766730569775
7f901fa23e4b91b3,0.4756405245684855
1499fee001ed4c8c,0.4949330042140714
12541822742ae6f9,0.4089470840060321
134c6d91162e2c32,0.3848434071554282
13f1b022ea8c097d,0.5262789679490574
6bd766d18e5ae605,0.5373607966723601
af15fa672f7fbb24,0.4106714820441193
1368fabb2f12a237,0.44263047553905044
a4b2c1c5627feb26,0.5649842139345301
c9db5c9c9b37551d,0.509425679748058
254bf4532d332eb8,0.5136464427191809
0657f8b0c5a11e6d,0.41216564232569286
db7ac4c56d88f643,0.3673007443545422
554ff32eec27bba4,0.5147950044930187
98dbc01bd6d977e4,0.4655111601536871
404ffb59b369e651,0.5601665794145654
fbccbe6c507bed19,0.5017403145972232
96d88c85e5539746,0.5354160520820674
9b308818819de4ab,0.4808462271573333
a8f7d29e9aeb2287,0.5082872166655843
6025b1ecfa134554,0.5413643790657914
4895fa9502df864f,0.536093095744054
1eba00d3b3794f6e,0.5429399800586909
2541dcfd994e3e1b,0.49871535271396894
4bdadc129ec30627,0.41191367059087747
7dfab506892a8639,0.5383493178370731
cd9d61ec1242dc39,0.4984916279378935
9e04fdf98ec7d363,0.48424383037389385
f3ae264166634609,0.45824691184778266
c9574213b0267a40,0.5229425348096439
7d1021f279e82376,0.5265141258589985
cce6b26f135d50b6,0.5011565765320032
f5fdb675039eb508,0.5079515468330392
a410afb9f6c0f094,0.5580591447846546
310dbe88a733eb79,0.566837824337385
4154746882edce0e,0.4689518076255369
89fc35a2c1126056,0.5165823535296283
59467e369f3de017,0.5554084711055219
11c2335454bababb,0.49749682258605565
cf3305631e65e3f3,0.5216017267425103
111bd5d59f9b285c,0.505208638302903
a121b2aeb26ae063,0.46853132399785813
fff5eb9254fb1d6f,0.4963853614276533
94037a10507f92ce,0.48340059278971437
b1ace70a8cd125d6,0.45529658049989874
193abe583b00c472,0.5163884807831832
26403f97bca1b618,0.5341006662093161
e46174f01ec1c399,0.5466137945000535
121a2ea5c8737367,0.5015413119233048
1bf3cbc2a0365110,0.4966329869596413
21f352ce947c5f37,0.4812396482074892
b1e83ddd6cde8c8f,0.5044686955912113
a7bba7a4c300f55a,0.4970750208328957
284218cfc6f06e0b,0.5241896199543604
ac16b4d605481b18,0.4975004844739187
4b1f1cf573f652ff,0.442567999501136
60199838cb9fda45,0.5067016144829384
5e03795b5e242209,0.529210753691147
75e371b29aa2a6d1,0.4853030666317091
7b4f42debc722d2b,0.4666899330647356
2569d75dc15d3e54,0.4743560732493516
6e86ad6af6f6169e,0.5220772377568668
5fff8122ed18ed3d,0.5780390638061311
ef99ec1c8c04eec9,0.4656239565218856
82a40645d7d80edb,0.5081128453309843
4f01cce175efeed8,0.46837235839957936
8d05cf45de13fe0a,0.5308204911004908
cc8d76d5cbcbbcfb,0.5009607478804274
0484050ff48cb9a7,0.5230815972467512
f4c17fc19dd585fb,0.5300890969688872
e95484cd92194c57,0.36589703902895065
a16b89a407ccfc1b,0.5110901686320322
63a6146fbcac1b59,0.5026535384140431
c2398ab95f1c8d73,0.544187478030657
fa7ca397d5de4ddc,0.4989622462965587
9480644e823c3fee,0.5484431811674223
710d1f5de184b914,0.5189170111827708
e08dc776778e572a,0.547891301455667
45a6f54364f3fd7c,0.5225652652010921
f83b4ec6a311faef,0.4762671634654343
7bb275a780473779,0.5464835693751009
bb0b219b1435a59f,0.4928765905513248
10d49e20042cf5a0,0.5086834747310922
e74fe9e33eeb26f5,0.5023569545930023
64c6523b1d7910fc,0.5216280143872671
5b3855fd89df76f6,0.49437840112914033
cd418245aec3749c,0.4556745222489258
434cdb39e64a9f0b,0.50022831540368
1f369ea114ab52b9,0.4794426016636255
e80b15816bf53309,0.49058017675555876
96bd5a2de9f06da6,0.48441797860850166
3f5229039cb23495,0.49247198484352417
6fb00efd453809f2,0.4171305397416696
bc9dd205bfa7cc11,0.3906383676793521
8fe15fd910ded457,0.5279327121707953
78e8dde5e1ada179,0.5323751598903728
bf6bfec289397b18,0.41033258234818426
9048b9ebdd8c8afd,0.45450879338585237
bbf5347066cc02cd,0.5553597982565945
1ace81eb1d89b8f9,0.5193034175675626
56fc97834332e643,0.517850343472718
96b62cb6fd070d6a,0.4463747592584594
3f418d613e5ce685,0.38119184495990743
0508b2ac6e61de08,0.511191268294243
c5d9bfcd94821abf,0.46347209950222434
5e19a1b36d078716,0.5522387341384445
427c388d90215faf,0.49884040246469075
d82664f35b5cc914,0.5257068251222652
4d4e414d1ec146e9,0.4834857134347321
2f417cec9b816d13,0.501078791816612
5e27d582833c2545,0.5328453448848698
da0e03d9a5a9e95d,0.5301515868579365
3482b8ec44349d57,0.5400025858399067
efedc0a5f18da4f0,0.5010107840977711
4c05e14ab89a9d63,0.42098739521442075
781c4ceef788a9f3,0.5350595866620443
0f526d274fd57dd0,0.5046026938762627
5a30239034845d55,0.48336402347824003
22d6d3ca142ee76e,0.4493078658547781
afdd6bb91787c36d,0.5191589236334139
94bfa390f0ec4f02,0.5244470776630594
334bee160cd1f996,0.5163076089772521
6f9e9bf3aec4cbfe,0.5096075683348507
4a56f0dfa06abf8f,0.5466117247257858
de76612e72c7e829,0.5619056782846263
20431186c39d01e2,0.4640764304007857
2d2d2e27adc23e66,0.5121172340449316
0144b62c2a8cb7bc,0.5609323007010504
08b3987ea5d2b28d,0.49533032134274424
9db8f89220db0b60,0.5190658860314676
8944b0727724ac79,0.49984267460128184
5f17ea6ef2f5c435,0.46139414792181144
98c83af34eca9375,0.5117823566985732
18b20fe24ab91a1a,0.4812185880735995
f6f5884a558ce99b,0.45296760796667934
44af5dccdc5d257a,0.5155017362599736
420d7f68d3f99f32,0.5250808950014831
15c71b83347bb5d0,0.5430834073536779
7f7d333fda19095c,0.49023471962595133
5c5bac72d9055e11,0.5038688004977598
5980ca6ab20dee56,0.46720892085028465
577e936047a70a04,0.5058009152998878
303cf4d0d9f3ea93,0.4931441953845186
e44ba3aed8607b6a,0.516837526982135
30c3ba61b12d39bc,0.5069141762454218
9e522bd4163a46b5,0.4395327577560051
c64bd262c3b22bb3,0.5000584374819438
20e76ac664ac6be2,0.5262452438338339
3b006311fe113599,0.471209140694944
1a262d0426223cc0,0.4610183916448829
2ac52d18cd536c3c,0.4799245371220877
ad39c9a50ef97b7f,0.5243558437849263
a8a9d50338484ecf,0.5726096937626699
0dc5d5b95caea351,0.4803350628766846
e901b722ca060af3,0.5159911771855346
ca312c104817e16c,0.47798469821411393
05ec3f3674d5b650,0.5262972414931035
d0c261ccd05e3e75,0.5039440253779579
5aac9264c962e4c5,0.5227859555990922
9e6191d2f9469932,0.5345890239543828
2583b7fade72c7da,0.3717962306726583
60ec3aef5342437c,0.5091304914752784
5b601cb6767c1c9d,0.5062402212800143
d3f69cee2f6872ec,0.5486056856187136
5c7261461d2e63d3,0.4976152376276829
0c680ced30992583,0.5595261316511808
f1e2ecf9571650b5,0.5182285112265373
aff557ade3160a6e,0.5434249490566969
696d9503f729f09b,0.5269642898791334
88186f59f5d692f3,0.4696851716961643
7a4a19ec2146ef2c,0.5514554769349495
012c7aa85de15efb,0.4947989698367279
aaa4f85129450d68,0.5146749512606215
033e04a02804e3c2,0.4990313050507257
7b67d064a4ea35ed,0.51197579714812
876eb2bdcdc24db7,0.4868836144171881
61b2c91218474a43,0.47077120594649613
578c737e81955176,0.5115414857280057
7c1ff5073d18ec71,0.4967880652557477
b6da6aa5a24a7b5a,0.48080188814291624
bde60e6ee52ef951,0.4738430574481245
8edaf57b6c580ce8,0.4870577481161241
ffc7c6fbfc97f6c0,0.41752969011351493
d7fbe1b8cf85278a,0.39169184577628924
af1a1bd6cb8a4bb3,0.5065483626631271
f23ed1604d6569f1,0.5334082431584104
9ea049075f86d6b5,0.4296430835282826
68bacfa6b721433c,0.43301724746833115
4e25b05c6856c0d1,0.5566191663996953
c92df482d21a961a,0.5144918614076228
14e7c846b78e48ec,0.5159696558008378
b512a7b9d38d1eed,0.446121205527203
4bec0d32f0dc1ac4,0.39046157393346503
5f49d53f1788ad62,0.5083001318397955
72f6404233e6330f,0.465957645958347
a9f379b88907302c,0.5381648609688205
73f551a911dd02c6,0.5166427107177061
8123385d517a60c4,0.5303871182833682
9b9e2e46dab7205d,0.4905481519530307
d3317173bc8af823,0.5141634376819917
6cfa4412f4a8446b,0.5154734053374943
10c275b8098cdfb4,0.5337503525626346
bb071ddcda7c44f4,0.5467910413880717
26b7af1c6ecb7473,0.4830163605670825
94f2aa83cbb11063,0.4250584808003711
4379232c472526b9,0.5304507651245733
659085bc72e1f26c,0.5119160022783329
c51d07d8e9daf95e,0.49117055093467166
8284b001d2fad35d,0.4416221932963271
f807ac1cbf5884de,0.5301758539918096
c99ed75d81b2b31c,0.5287047655840723
892ba2cc394b2e43,0.48532711698251096
c87aaf648df1d090,0.5107585052867276
9a8a63088238e17c,0.5501871926314138
e5baf75baf657bb5,0.5583562569529388
fe38dbd2e4409272,0.4683780430075358
81e16b1ce7b4ccaf,0.5281473033072452
af5945132c517169,0.5524436478957695
b49432c306f78bae,0.4983322157233159
f4f52e6335798b81,0.5226521578000234
3e72bb7e7fb2d1b7,0.4933031143400701
ca6b9365d6006607,0.4605200727585905
999476357c080c63,0.5177200064214141
fe6eb4f16693f7d1,0.4906522843456034
d58cd03ebcbaa9df,0.46949640011567895
2e07068034e4d542,0.5095932987215912
6c39e6f0d6a6a477,0.5372694817032102
1beba98937d77c2f,0.5403303987439922
0edbb7aad802c883,0.4940053490929224
dba3aa67233bfec1,0.507519188106544
beac5b9f2e31564b,0.46700485193016505
bf95c1c3da802ab8,0.4967806015192595
250bec0032954e46,0.49558287917654276
7fd8d40e8a934877,0.5230262660288177
b759df701d2f3c13,0.5074565384522454
513efba01efc8781,0.43983991515946363
1bb302aa32a78f34,0.5127698658867087
233cc26f43ee4d96,0.5135023346878878
7b97bcdb0408d182,0.48345020317836784
229b15842e5d64a1,0.4575378874161282
bf50ce352c3386fd,0.4849292581146315
8702ddb9c4244e1a,0.525428249385039
4baf9835ac4412c5,0.5731839842573613
61be4d9cf25df1c5,0.4651321438210141
3dfad60c9883fdff,0.5056585719347031
ac9050d4520b34f9,0.4704197137234216
bf40a008a973799b,0.5281494474081035
05d2cd10e7d781c3,0.504581713162062
8329ac9108721212,0.5289821308423868
c6cf211336615461,0.5338645495442118
346d3847a36a88c5,0.3761571149001357
07885c4b1b5b277f,0.5088697851287023
850a9de116bb942a,0.48697720911592357
793c3dc51e803dd0,0.5362741852409101
7cdfece8cb4ba8f1,0.5072918413160579
071a9bbc8f819db6,0.5574603894742121
91f4d641547b73cb,0.5146401016288533
28ca00d947ff2916,0.5430628207257269
5a3b8f1519499995,0.5259846034705727
1c3c50642f7de8e2,0.47029805916070144
975dd0d0d21fc704,0.5296735836665456
58f5c221aaf49efd,0.4957005358544203
9900df7e56410b14,0.5123074793861871
8e351c38ed4e0ee5,0.5033559732498459
0b74412abceb70f7,0.5142883914326197
b7001a4c459e0462,0.48125838968459145
3543067299c5e449,0.47081442693831643
f891c9ea5c42d6d1,0.5034251129870553
0aa09a5b77f66b06,0.4915074254328937
127a6630abdaa29a,0.478984845444659
05dc42ae1812ebf2,0.4724317293440341
0896e07de66f523e,0.4899986515830639
82b09b2a8c2b06a8,0.4160735808485976
9b95b2dad5670225,0.3948641688629546
3a6da0150c7b643b,0.5099880274915161
82d10aaa5eb49c56,0.5363823442955629
640ba7c28ff4a034,0.43183179368347935
bf257876bbc42e69,0.4154739084027278
17c578fa9ed00c75,0.5768545008950158
79dd2e309b97f154,0.5179788456629283
e65f03d2f7a48851,0.5154531033560092
35ed5e0b40886aac,0.4586354346155478
3fea12f6a041158d,0.383568222533633
d2860f8851821f06,0.5049191777551033
7f493e3a4e4bd64b,0.4747347424479367
a1164e66613b847e,0.536860052092704
7b812576127026aa,0.5248547122693973
93f26079e6e0c650,0.5435659591917639
5a473e0f0a20fc3c,0.4955055968921467
061a2ddc7b48cdb6,0.5065330342986175
76f8ac812eb33bf0,0.517481103950239
d0ad4eae471f2843,0.5391802920297084
21c8a5247d33b1b7,0.5411931910054564
d855cb730d5e4d13,0.49045080900014515
fe0b4d7197185736,0.42429500075257964
0733da6aca9742ab,0.5348306256211323
5f62e1f110aead2f,0.5103601711732411
a94cb350f66a048b,0.4922582075599429
b751ef3b691a3314,0.44588465330486204
4253d089130fc32e,0.5235755557123343
f57710e92d6e974f,0.5398817173282298
8920e6e112b5da82,0.49473744522041907
733ee59bb62100ef,0.5116656250365298
539823b610b84794,0.536653085849496
92ebcc0f3f16c1f3,0.5463823332886706
ad8897e757ea2ad1,0.45687653599044775
a04339b2c913a4ed,0.5245926124215143
93b5410cbabe6e46,0.5428494089335821
44a400ec82f6c94f,0.4854680989241986
4d4420b014937c57,0.5180784136512973
cdae56b3f4e0de3a,0.49398735767444635
afc4029283c4b3f1,0.4734120431599682
7843f75fa1dc0827,0.5118477477531385
075314c69f231350,0.494848832031453
02fe8f18128706c7,0.4733306483299371
547f7e1f12e872a0,0.5113774849255603
eccb085d95e2a175,0.5443112152860023
a7c471535e9d72a9,0.5342950965176836
737736cc59b9d184,0.49456093180123717
0558f47e9f052af0,0.49672312910309346
ca37cfd440a07698,0.47384928372542456
19e9b92f6536db6c,0.4951714482148455
5a55779cb9cea357,0.49677962603054615
afd9dd39ec11de94,0.5154849834112112
7c04790ff98f9191,0.5087888465370328
7c11c153ff6cdde5,0.4413349335959065
e5d5c9143a6e6f1a,0.5113159079411731
b4994a384f7b40e4,0.5165677328023148
feef3bface207d54,0.48272446601819063
e44483f82a2d1f67,0.4709873299627516
91da2ff4f7057762,0.48553861835813183
d420c46479e40b8c,0.5274796894038662
9c42c6fd95eb6fa0,0.5756433398073435
b0685e2b88960bff,0.46920345568587263
4b20c1338fd10a30,0.5133312633055906
3d0a9efc7ee0f7bd,0.4850016614673802
c59886d72df999e0,0.5240975392657536
04da0968bf84dacb,0.5004836244417161
d9fb05c207870001,0.5208865724507292
783391d65141abb0,0.5400340781848115
1f90203c5c789141,0.38210753278813925
5ad9557e8d9215d7,0.498656905392004
3c57e93c7c1ac80e,0.4874852390582761
93ed9cba7c64bd39,0.5372964042752564
264c442fbebb35c3,0.5037294722148297
40543f6d1cc80faf,0.5472036452586325
a82dd1501f54e01f,0.5134102718561754
d8b551d44d373407,0.5395613317146735
7706c9f0be8bba48,0.5232360300925463
3589fe9c01365ec3,0.47227527352869636
ad4ee98db34fae28,0.5226440328921749
641a9e62317f5688,0.4902611895489306
74c6e21e2dd595d6,0.5158222342431704
2d940adb538e4431,0.5006069802494433
b1a3af818d23ed89,0.5059466221971792
2f1fe74958a5ecf4,0.4752036407404545
3c1cfb875cd5b6b5,0.4674156097773239
fb133b69e83ed238,0.5134476367411391
e1de1ea3bb4e3437,0.47737106874547097
658d88a82dbd2425,0.47674750789662323
01b7dfff9d2880cd,0.4745395483249033
7039fbb152650540,0.4863109958104651
dbb9bb7c0e069e08,0.4141540467818582
915dcd43757a1ed8,0.4083628073442376
7e40d1159d1c58e8,0.5035140195662815
29b2efff9f1f3b43,0.5293317361158405
c3029380cc1b8414,0.4430450136471047
a9a531d0e7341dda,0.4245758496101283
7fdcfbce227011b2,0.5749804937497761
6c056c3c7a8f62cb,0.5162458719579082
11e2e27b9b6f67bc,0.5239760794501566
3dbde15a7bb49374,0.43335939422140857
ef765490e75fc08d,0.3817385907531672
3ab604e4d7c27038,0.507784766180961
bd5b9c795575a3fd,0.47719845997136234
92ba61d7a91f7913,0.5300082568414608
a3960fa25d4c0648,0.5163437031023719
56a36846da3e7b51,0.5364614851210924
41553ab9ab9aa89d,0.4962697451347765
35f7db096b5baeba,0.506896516821269
d08b37f7872c0370,0.5114782614134176
81c750506dda22d1,0.5432302411668775
a97685e59adae7e4,0.5574190657632523
0f023e44a69271d5,0.49525391092931326
b7a6811af93aa1d8,0.4213738020803619
e1ec9fb0cce0d79b,0.5398648212299562
9ef36b82a9b71682,0.5073425922507502
8159650ac33423bf,0.5073462640248639
ee946fdce0165864,0.44392440025554036
6847f624ab6798cd,0.5168631123053742
426b671492191add,0.533167941285383
6a5f730b1498a4ef,0.49506396530322905
bc59ee1960dc9273,0.5078196383104514
fabe5f9f74d11d98,0.5320624647540777
72dfe8dca20c0a7a,0.5316187954438645
df38a65e62b7bf99,0.46008645806510773
1503b8879b0380f8,0.532127551686758
4f63802442b4b6f2,0.5330882066716136
31695bae29083ef3,0.4883519243473585
80f8440c599a68a8,0.5374152751159809
386038847660d38d,0.49238096867095194
b9d8ad48a097bc58,0.46997908383509546
fdf73459179709f0,0.5177437847365202
012d009a5b4cdc62,0.48897590001952296
b666b709b9988e27,0.4786749279862952
91ae218c5bd06b75,0.5080785049503266
59ded4506b9e0a2b,0.5413885142253534
aef7d99fc22df1db,0.5254667270061228
ad1dd02f9e8a14df,0.49728210937395967
50932f8c4b7503df,0.49545358360840763
4e16edee85936068,0.47485608960436654
152a36cde2167485,0.5011092471066392
330267b6dc9aa586,0.4961049807482545
e500ad3d3459b8db,0.5178654297632278
140cf2715a00c131,0.5002972010681597
a24cdf70c37608b1,0.43205063312603276
f3d532d7674972b1,0.4989839783281663
dba4bd876f9b2c2c,0.5214454126245779
d9ae9ea738770417,0.4802274964586766
fe32e2a0470736f7,0.47428238395357114
92f5da0d5256a699,0.4934292233354197
8d80cbc53d4cf8e4,0.531278360468961
c485109cbdea4eb9,0.5606089163071218
8c9cc7976c3cebfd,0.4817035814365289
61983814c61babdb,0.5255806049924836
ff0d5d84340bab8b,0.4797729794917981
47cf2fdc9d241da0,0.5064969349443602
12c422ee19ea2b14,0.5089913608863494
2b1125eb66743827,0.5389253798188112
8d8aae2ba26a87d8,0.5388111817208481
f3e8eeffc0d5c241,0.38088413504458907
7a193ccc8057919c,0.49925089855662064
8307b77558c32a12,0.4941194771120778
8452282eaf4c9198,0.5249401001702062
90c0314f70f9502b,0.5015612660316807
ffb09e29acdcc3bf,0.5451367128119011
64dfad705d0a5029,0.5127040923150386
afbc5d75889cf61b,0.5391972591539248
4e78ddc73760d30e,0.5218103657335449
0a9f23119668891d,0.4676542389747185
8a47c4340b39b369,0.5349866632196729
f4a040e80b5738e3,0.485606792215468
d57f41d8d320639a,0.5230002784252537
b62229a74a36a807,0.5024871505618169
6e64eb9faa17efaf,0.5041770360891233
c5ceeeacbf14722c,0.4695511684117273
8452588ed2b24a7f,0.46527709418465446
cab2da0893e1493f,0.5119013753051285
a3620e0b7a19ac7d,0.4762717543366223
5734a239424f095a,0.4665216639380527
cf9f312e13354328,0.4712358571971149
1115c56e710bd98b,0.4834962350145251
01f0cecd69bd15e2,0.41742133985577745
5c02d4169acbbfae,0.4054362271610856
c5d892408b18d35c,0.5110744291866653
3ce61061e3d01b60,0.5347271883237674
02f6093f7426ffe5,0.4370383709532586
b089403f2d4f95db,0.4150007241332436
ceabba925482bb99,0.5732700850456673
6842d465c71656b8,0.5169956031493438
806ec74d23cfa1ba,0.5249205570418505
5790c74d18a099e5,0.4322862152167606
43c6911b6db2acbc,0.3773238880161638
0e31d47dd900f910,0.5109583875237469
b844061953a7659b,0.4828263405575106
5790cf8b17b0a791,0.527433951704148
d31fd9c3fc87d89f,0.5123059907273013
228e182381216654,0.5263900480970356
8906ee0d7b7d240e,0.49516379731684335
c4eb946280ddd9bd,0.5023250520659941
3fcf5beeed455d69,0.5159968933368455
cc052ad44e33067f,0.5372210361066041
f49a60180f689e91,0.5558261678704226
1a3cea5d5f9403a3,0.5002723773615183
a3bf4cd108d887ba,0.4147255184139771
be446dca86e7a10b,0.5371892856812983
67c16e626a026ce4,0.49304922754063596
a2d75ee30000481e,0.5040945899486917
053be96e26f1980b,0.43888474263714716
6232772c0b1baf2e,0.5244261748136096
d332f1f1526711e0,0.5318062304730053
b9f60d6cfae83bc6,0.49482805153558385
b308546c89f7d918,0.5020692675419411
853c8ea36316218e,0.5335333852459176
5e0bd2c5a3e57dbb,0.5399832950722601
da5624a4086a79dc,0.4532950976121043
453891be52398ea4,0.5359866395752698
1fd6ca69e8654089,0.5325693837180534
40b0a0bbdce9d4bf,0.4926544251406859
fe32e9707057ad8e,0.5240431180479002
73ef793680fbd70c,0.48863535591263296
068921eabcf92d3e,0.4655230694795047
ceda5c0d92fe4942,0.5095042361552242
5a60ebe533be3f62,0.48100626573210814
e4c24018ecae5947,0.4675541460655568
ad0c7f178c3e996f,0.5063396901654504
24842d6b5af86c02,0.5337862512593647
b0904a243f5f0ce1,0.522666154431896
23e6f3999553902d,0.500215345110131
2070e93da16d5dc0,0.5022583004579493
2d9275dddf945c7e,0.47387679037089747
cdc4d56e3758361e,0.512459875750024
514157d1e6fbb083,0.5003661047153278
7bdd5895b19a1f1d,0.5224097124135192
8a0129e50123e575,0.508636291715042
9455aee6fa148836,0.43861448637732225
4396f0e5039ba4f0,0.5005686080911274
92fa49e1b45cb5d1,0.5195937346370447
b0b1bc7307e668e9,0.48463353828607725
dff7dd5b9b6548e3,0.4772776799944878
9d1987128258403c,0.4962156589245853
313fed8858ba7252,0.5296744587829265
6acd64f4f1aa46b3,0.572499621949048
61557a3d3b72a35f,0.4875934158254811
d4c3aeb5d2587f22,0.5208848573529035
1b36a4047ce69415,0.47536367261485535
4e92f41cee2c1aac,0.5128141704625131
d7771f9ea9168cfc,0.502115078311155
86ca7eaaa6e571f2,0.5333758372727206
54e237f1ce4ab5b2,0.5344479289119274
1099bc19ca87f37b,0.38699703482014014
12920c46f3a93098,0.5054629932567749
d04c988bd60b9d6f,0.49328639285269826
4ea82c8b20831a93,0.5218062094135949
9d784cfc628003d7,0.5086826997599394
6d7c468b4a94d439,0.5472112684029464
cb467859e33ee483,0.5097594616004888
cd1a5f042b17a96d,0.5341837220959345
10ebf71f9449d837,0.527061329415673
53070668dbb7093b,0.4740613793404672
33f5047738116dcf,0.5374818328457097
6b9513d98d6e6307,0.4882576364274377
b12e84b77b764285,0.5179086198880797
8ad254083fc03617,0.5046632298281198
867ef62b9964a683,0.5099283846251823
25c0ee39bf9a6ba8,0.4710609990901645
66b9832cb40ffa4b,0.4599051514038225
8019f094cb54b349,0.5068241437560427
661df8ea60972a0d,0.46781360180908194
93e3d657dde24792,0.46273904805320454
14034bb0fa5b7230,0.4735673817974546
771e91c07a5feda8,0.4953760754219787
29f3ea1422a6f30c,0.41909781187889805
166d62c5c8986158,0.4062253438822945
7ad8af8df87f113f,0.5150737555182348
713c5aba14aad173,0.5361620021633298
c687d980e8d9d5ef,0.4247334009533287
6d19cf06ae1a4345,0.43112887410444767
1d188888d6e2cddb,0.5747738464574765
1dcbb729c1115c40,0.5122668086467104
2eb2588df094c06b,0.5216844213053788
9bab69862bb7972a,0.4340826176255983
443a2c0c358d0ea8,0.39704737945500934
bfe29e2509b092a7,0.5054608392705633
c99384bf03df0105,0.4802115566608074
77302440fe11b1a4,0.5334733731065764
0acf58e9dbd594c3,0.5143667071140525
24fd1087afff3aa8,0.5294239580914462
1bceaff61b4285ef,0.5004125587872051
690c7767b51ca72e,0.49936413891499043
6509af460627e405,0.5202156504915261
c07d05020c98d031,0.5343665894457643
20fc7249b489d751,0.5698940844093657
8b68b0bd132994d9,0.502939339533493
4e92fcf02364444e,0.41918117531466814
30188ec1491392ef,0.534735584382809
60cb91ad8970c13e,0.5061794484548527
dee7de89147b96f7,0.5061211054289209
22cd639e37a74330,0.447118258447872
2f783b8482242e4d,0.5177800582962728
f43512e79d3765fb,0.5376496835994793
cffc3986f301f7d4,0.4986032585908591
dade7cc8e2731fda,0.4863570444243128
4dc3903a46da5a32,0.5261614379822127
cad7a9a2a627c249,0.5273504555822739
de07e3628d3a2f5d,0.4563167635365223
af334a2a17b079c6,0.5341169939648258
1deca2b883466f16,0.5396465979348509
2569cbf0288fffdd,0.48911739521346687
a559a11a85400efb,0.5181037833111211
a7309010aa88b930,0.4877898500328389
f598d029718e87a4,0.47233259607639577
721ddc5cb9939905,0.514477269207328
aae2f4b6955b0849,0.48536082376003864
427e666e414ac3ab,0.4727447700145181
cd81c1ef60b7cedf,0.5138449731602237
a492c3b482f7d4b3,0.5389783609069236
93c07e390b07713d,0.5352644585974865
e5fe000bc594492a,0.49831346514602604
be8f43640cc81c48,0.5075680558206762
8921e6dc587d6659,0.4774612563376347
037811f42b1cfde4,0.5130581038892568
96fb9e74abf21953,0.49533769956377227
c3f65ab98474af26,0.5294707885871073
d727e17ffb94e3be,0.5044889348624874
38cc118d869e0caa,0.43756141507599555
b74f25874a1cad6d,0.5009944953872656
eba405ea066af482,0.5204802325091048
05048836a3b38ec3,0.49012214125363285
1e7f864e395cbdaa,0.47075784591885184
f5762de0643e8983,0.4918886183353596
d15bf37dd0cfab38,0.5299246334662414
f34a619daa8591db,0.571698807975819
d7e465b60549c713,0.47969147004817214
f491173d0cd5fddb,0.5081008581096234
559844e37deb0a49,0.47144046563604636
5e96916e8b208f12,0.515868870478728
9dce77bdadc88f4c,0.5050267363862603
a91c596ef76ba7f8,0.5285435111351764
6721b587e3322f1d,0.5314990617354629
178b43419a76ac6a,0.37041581167179016
7728f130e2eb5a6a,0.5030238889080276
626d9edc2c4badce,0.49701379390455314
c3c8f8b5a07fbffa,0.5325355522415748
9845aaaab5b7fec6,0.5037630023916106
5673129a7d589cb8,0.5506294545793546
5f801929e42948d8,0.5110903591846266
c9a224fbe71e7284,0.540761840248214
edc1343f513f3176,0.5316195007982993
2b3c7809d8175ce4,0.47312047530369505
0bba8f3c83fc60da,0.5367118515587251
36c2f172aa1a1e70,0.49832486935877673
b0bd65cc269a327b,0.5207181676376385
25537aeff3a12274,0.4922070567802692
2e99bb15bb9b4aa0,0.5235552514811451
dc39b4ad845075c8,0.481201464673499
2e756b6459096aa5,0.48234049522031097
eeb551b7ad552aee,0.5069658612633317
0c978aa5ab07f78f,0.48004448539541367
d6f3753a70068db0,0.4681038491069285
177941825388a8f0,0.47194523998459215
3fce0a1754e4d678,0.4709191597220139
eb5214a977771519,0.4062914657048844
a5736d30bcf68d34,0.4138682530550971
7f9d4d7447af7d5b,0.5124967101310085
5dd4c21c8a73c8a4,0.5346863856021604
5fcd6415f9c9d218,0.42495722808167213
daef3824cac6ddfa,0.4232551591815923
88c2d37f0fd41a97,0.562767274660996
3faeb8f102ef28e3,0.4948634733025309
f6d55f5396ef7733,0.5301268308987754
5625f56490f9bbeb,0.43968604750828877
519ece8b62d0eff0,0.38904021298658353
1599c362f465b67f,0.506602160573906
a8ac4d00a2875749,0.487763137130244
2dccac3261dd2244,0.5361002627392354
452fe3f33c225382,0.5374697688897498
fc58067b0265b9c7,0.5481726236129518
f979e5aec11980cc,0.5046357354465486
d568af917a709c5b,0.5151671477489663
4b96c3028edaa9c2,0.5194466250085676
235471225b65b920,0.5293962390943124
3e5afb3ad51e5332,0.5696626819301129
da38d60a1f0c1c77,0.5056518962984561
fc7ac36b3acfd582,0.41056510004819313
e7e17ecc5ebf5d77,0.5265890285200896
a7e8823bacadfdc6,0.4920090447268076
55126c6907c88713,0.5122013628350687
1587e71025ccf7c3,0.45445841393702224
687ef64d4da56922,0.5021787994031608
8f7583a024db8fdc,0.5324793386881297
512cef45f9d7ac96,0.49162117419642426
005a91bbe88d9567,0.4875406648024565
b4012c321a1a00dd,0.5270658924490488
7194c7e8f6f53b85,0.5300130894829795
24898597c38857db,0.464796188170678
4cf8a6cd6c01d929,0.5326564324567782
391c2be838d59b75,0.5302375294425038
5b69bf1e3e1017e7,0.492950111974401
dffeb42a179f93cd,0.5189899540734026
ea84be89f82ceb7c,0.4896321874013916
4dac5d6428af9099,0.46844317054124984
698dc248c740f6e8,0.4982792440270738
db2f4a060ef6c718,0.4777253314918427
6b6a4551839ae87f,0.4608481538871029
b3ccb762984b0bb4,0.5235318209264995
85c40c251e29841b,0.5353368013373947
41b35f953243d57c,0.5329606246282121
854a57d4bd3a7791,0.5043401027365907
3356e91f2739129c,0.5084249720289613
599008f1ade64979,0.4839950219157618
6e95de41842b2ad0,0.5093476637874388
f522da63d5b464e9,0.5014734977401165
ee4cae7b4ca7901b,0.5095795618687337
5e865ec77cb5e14b,0.5078967845243914
3709f0dd1a9c8cfa,0.4403520211194132
ca118fb84390917b,0.5028776036291833
c126a660d576c4d6,0.5226628405806466
908a929f71422a0f,0.4876244510344301
66900d6381509de6,0.47902347331291295
531762d0e495e4c8,0.4811640887412276
86266c2c10c3936c,0.5213023842962732
98ca23b1983e2523,0.5638826281545357
4a622418e3bc7aea,0.4694235792864757
f4b728097456b4af,0.5145424853753539
acd0802ab9d9b829,0.47826279764082524
2911699fffcf042d,0.5076820816121874
55edd9d42f26a20b,0.5101071438798304
fb96db9b446b3e82,0.5176645071514477
1b3dd2c1b4083d6a,0.5541049262800177
81a5f8cee72bb445,0.3582373297422523
e162d1c60376f570,0.5091452968009389
561d13f7f5a709cb,0.49069147185926676
0509eaaec4d7ce5a,0.5223895015037598
b36da38d654b3dda,0.5009974386811666
60bd913b7d648868,0.5422915020772122
807b71284031305c,0.5131092324524766
ebd83df42eb40c36,0.540358549991518
7ea1c902befe8a20,0.5288239655112998
f9b5f3d792b5666f,0.46521571056928335
3b234c679d6725de,0.5463756340436989
908d28d1468d9b8f,0.49637959487269345
aca61292bad2ac17,0.5158778721790896
9bf63d359d507935,0.5034901062574328
16c2799b66a5db89,0.5267002208333298
640044d934c5c62c,0.4912099202369109
8f34f2356f19e3d0,0.4769411416037693
766fa4096225c183,0.5058281349644396
d89df1fdb726b3b8,0.5025276643080216
32e86b77a36386be,0.4581497096826551
4b5b5d31eec140e9,0.47007738361854967
b66b5a6951455b04,0.48271788876214916
0d171176c0a42862,0.4016890618918425
e365f08ac7eb0244,0.4158255115121152
e5729de3f090fb5b,0.5212836851470026
daf36260647b44b1,0.541364434731106
cdb640683623cb33,0.4146532009571626
f52d50cee4c82bfc,0.42668774819918653
25827b1b28d355b2,0.5661097552264311
2805e4bf7a08d3b7,0.5052381460786933
d0274f30bd4588f6,0.5294025737655584
7a36b7c22ba10155,0.4516685230077493
8b1710304576d848,0.3820791354509935
727a58df08a7a6fb,0.5079582130683153
68e5da57f5c87a5b,0.4829765092976963
2b90dfad74120d4f,0.5355839780965097
42e739fac4b62c97,0.5057418359949777
8b006d934c27b260,0.5438040326472235
0f21756b487e8e58,0.5105435244584031
1d8d21c7aebb1493,0.48770336465553665
c3084b9e94ef6315,0.5144858963909706
cab3ff1d3f0f4850,0.5351862531232856
95adcd43c9a4ed99,0.5682236076748906
d4a676506a6280e5,0.5088300713302452
be56731570ae8fe9,0.4086381008215968
1919ce91ca4d4424,0.5269915759824745
e21d99de3e1cdf8f,0.502225467440322
b24220fb6c1ea9f7,0.5040547643819131
538f94240ecc0f20,0.44370289303889554
40cef8d9aa649006,0.5185972112389783
670450ef3a4b503b,0.5395623965047189
b74326883dfcad4c,0.4832488410446214
9b0442c1ce4271b1,0.4926431530203307
f0e95575ada6957b,0.5299959080714935
ec067a128fd55647,0.5372258148309512
6625deaa4f68eb84,0.466204921553085
cd2b8a519e741bd5,0.5281552410101624
b231ca7f97f8c5dd,0.5237938031595605
dbe71f307a9d9c38,0.48165132147605183
535fc5553924e7c9,0.512694815889454
3e528e9acdd10481,0.5048839138621735
71a64c73a2c2096b,0.45798483046138694
996df7b18f8c56c7,0.4960616257747197
099880cf2b9c0b10,0.4951947061414511
7b38797de9909c22,0.450490111200909
d9b74729e76a13fd,0.524819840609525
6739b6799fd02368,0.5539596244148435
0b98e62f33e3e424,0.5377028516904797
d0cf83249743f99b,0.49595731606478033
134c9ea3d4c97441,0.5142403614017983
bbe19290fbd2714f,0.48577301313330945
42ee9a41f22e5aed,0.5143523520008642
8b416a27c2ed086d,0.4985104461560934
fefccd73ae9d6017,0.5197139758454015
54e952532c05c364,0.5031303052013829
de39155e1acc917d,0.42513886837660664
4ffc2686c6874b1a,0.5078223808864417
37fa8711f9e75016,0.5292673923507032
fe3b883ee4b54907,0.49476741251603873
3e9e3abc1b4fe668,0.4739854721495045
737492aed7458750,0.4896092362718665
ae45fa4efa40b8c9,0.5262421338204435
4d1415f49c0d6966,0.5618197579023765
5354e744d5e344c4,0.46315453950597507
d5a3a6eba07f69d6,0.5163428456070056
dac045f6077cbbda,0.4788746939728461
9b73710ff5a7902c,0.5007647232863586
4b446e58b029a3ec,0.5171161278465319
c248f262854f3c07,0.5284523419384761
cb70085ff1783654,0.5405089291587626
b3c4426196d88d08,0.3659383028845449
669e394901de44ef,0.5039737075483962
850cad4e9f74e10e,0.4878884165276891
2f4c4a880424e035,0.5253732219541644
d03527e30ca823f5,0.5171592619470491
71dd129e530a0ecb,0.5388161304750618
2eaec564a1504b44,0.5251395340950631
a3f99afc253328b8,0.5376829978034954
2c85c732a7c08cca,0.530478187898711
f74feea69412fafe,0.4602287811522786
4c6397cf07577f47,0.5484471024168822
6401f29414228d36,0.4972541461622251
1672b47a328252c1,0.518045935430512
ce5508eb7caf86ca,0.5038300198707384
4371bc2fd88a9354,0.5242667631122562
cde3ebfed47f49e6,0.4801989133238306
f2e04fcc9ef6987b,0.46451533992621696
4591daa36ccb8f98,0.5050791500423009
0044782b08c9c0d8,0.503149224422166
f8abcee348ee7fe1,0.46525668851569424
597bedf739926a79,0.483398764996984
5d1bfeb80fc8cf84,0.48921490041071003
ce4ad839995a1bcf,0.4068655308307174
3f2a48845d776b1d,0.3951536197708949
05ca786a13178c51,0.5231955247106368
ac0f60cc8fe0cd47,0.5456786207609394
721e88cfe865db3e,0.4164039396770989
b21b162cf2edc67f,0.40639807981669596
5f08f13b9bbc2b4a,0.5694263024252859
b40b131b67ff84a3,0.5069799954535043
ec915ba0d34c239c,0.5191002450975077
4eda38b88e39cb81,0.4569437023715057
8a214c578d31f526,0.3650003348020473
b2c8a55ebc6deb9b,0.5095961248045349
3ceffc17d90b1bc6,0.4956596035000389
79e815f3e3625158,0.528895217517708
cc4f3b8c8ca1ba07,0.5159581454783796
1c7010c6981f8046,0.5248876327292564
b77cc5badbb60980,0.5181208536532529
ec374da2cd1e78fc,0.48792278933964184
52e093b47b2649c3,0.5171253464053339
652a54c37a487812,0.5470001738932888
f2694b8633561469,0.5696539903480297
efc844e8f1273e57,0.5074538180928794
1c49c91a4f1468b7,0.4190803919627202
814e5697f985cd40,0.5244501063369028
e5a59abede93435a,0.4811780243151407
45071d49b1b81300,0.5088839546539994
4f638ab28152cb10,0.45629609734485377
d0ce5a688c35c0cf,0.5143666151980962
f63954d9fb1f099a,0.5445282208746856
0e2c34470bdd3acf,0.4800849984632416
e5c754a3f520c700,0.48959325593591707
91bcdbadf45571e0,0.5183401150417583
d14d68090b02b432,0.5386388025600262
92a085d8e4dee28b,0.45931498494569867
ea81f0a6450262a1,0.531177079492068
e356b1202431104f,0.5321297796231421
44991112e6832691,0.4879343247967982
ce9321618a3e5feb,0.5202278865488126
a32139be7229f9a2,0.5006155365916635
fc4d2ba4208e43dd,0.46442257196015757
ce0f77780945e519,0.4921576587550901
706140ec80496b43,0.49446596984781144
3afd986d0497d0ab,0.44887528951940947
89e5e57fd1f1c1a7,0.5264247730068455
8410dfec5bd5ea25,0.5469665316942669
8829f0608c1dffe3,0.5302521737171189
e90e1c806d7931a2,0.4970602840397371
59d36faed035c558,0.4979397730490268
77fcc3760a6a68b1,0.4792770491019409
2acdc635e24e5614,0.5077481593408741
8de4ff3cb603f0c0,0.492429780766226
239a635d887dce28,0.5122137737402834
861562061dae140f,0.5036471729748749
410dc0225a0dc3b4,0.4301777108595799
1eac90a530b4eaec,0.5032271052752114
1ba104d69b57849f,0.528113331224714
f8ad0ca145c3fbba,0.5027983514543632
117433c6be56e015,0.47535112882889785
e8e243237236a32e,0.4956653773827162
d86348bc27b76688,0.5192392857602771
1ed1678cfb4aae06,0.5548842401276911
49d56d7878bab332,0.4678990670226649
fa0313f570c58813,0.5150009945242837
0d10bebd84725864,0.4870757950993754
a8a71f5d605d2c82,0.49612759609168333
c8ee0194cdfcb538,0.5180725088286828
e8ea3504a39f9e4c,0.5093663541698435
8cfd0224ad373ef3,0.5417711764922046
d717b8bb022f9e2a,0.3603323968449964
71f5745a1210dff7,0.5068008975098071
bc6d86564123dd0a,0.48147299748897343
4f06c00843aa73a6,0.5267283051347134
e40aaa30dc61e0b2,0.5075386132999499
b4fa611c993c4f7c,0.5386867574796487
59757b303ed714a5,0.5280821008421241
bee6988166cb12fd,0.5350348093065613
50a09f0d2b23591f,0.5319897017183823
fd9d842251cf17e3,0.4576648473634113
0c9d8e20b860636e,0.5471478626970476
d728f7870d540d75,0.5006966321183979
8036295843441123,0.506110271905893
969bdd6a9d6b853b,0.5081590063497561
179c782e11380d15,0.5411109075742404
ee0c569a3c36ca07,0.4885881325162498
b7fd80cc3dacabde,0.460111075504544
fabec118032f93ce,0.5131624411968538
5ae3dc48e39f4982,0.5126149492432757
e902ab341643dbfc,0.4741869524233
b41ad338ded9c5c6,0.4915576673003089
fb42faa5aff6002a,0.4844172902769993
2f03d3099ea380e0,0.4118388583044458
8f051bc353a24150,0.39674245249289875
726e2326ca439a77,0.5143578963967379
cebae234708b6e79,0.5491720769754691
3b355d1c8209eac7,0.40814410442942894
901d75ce69887cb4,0.40872321549729274
bde3c5e3f2d00a49,0.5644210078027345
87117f6ca2dbb08d,0.5038145686618342
47a61b4c025befc0,0.5184329543457975
e7a159e460bad63b,0.4667723840487945
17d05beb7d35dd91,0.3823296036057605
6558cd68dcbd976e,0.5031624799892283
4d9669ae04b4b30e,0.5058695083727636
bbe06c6147f92746,0.530021250112815
f929324cb4d2dd00,0.5205400146666619
0b3d300ba9dc1e5e,0.5261482063447649
80e74102e4acbf08,0.5140352021775354
936d3b8a4966ea1b,0.4788076962107526
b7b46c6944636498,0.5128601913165725
6a9d0cd8caf434fc,0.5422854578931854
3e8f55146c6f0be4,0.5656929246227449
86f62b8502cb750a,0.5077733009227344
2f0ac88f12a1e177,0.44142092338019123
891ec728e1d77a88,0.523610363134122
e1f5d5d9a8b8263f,0.47895124432972735
11a28fce421bd33c,0.5065845231026027
b497250b6a84db38,0.45354037323621377
15e3039873b066b4,0.5068299678210415
40890ba0c2b29f4c,0.5301878796392459
f601f722ce8b9e4c,0.4799538218979006
5b481a8bddcc400e,0.5030876494879659
4afed0fe667215fa,0.5020674226061399
204674bef78f9c75,0.515443301829319
bb09f9a54e7ed8d9,0.46250437978204595
f7fcbdf4ecab0b52,0.533646128601921
3527307905f2b059,0.5063412220685365
ce6c373e459cedb5,0.4850058547955325
d4b399765813a206,0.5164535625523644
c35f855840dc4713,0.4860703501522692
7c8dc9b4c16b6320,0.4602985129668502
53c3a5af9d54de05,0.4667888669723057
af830ba54afc3639,0.5046720265206874
9a504e1059263f55,0.4543999824760233
d00446500ba041ab,0.5248719597419308
7fefb6c8e3979507,0.5504936605949062
446665da5dc4f420,0.5327290769183494
af1aec1f5f8994ad,0.4939415715009128
7cb8322799db52c8,0.49846006899510487
e27c28ec4708a429,0.4665907501009263
124b2227ef5ea77a,0.5029356717684385
02e1733b80b676e8,0.4972529037701321
cd646d7d99aa55cb,0.50058588911659
2f6627166bb0694d,0.5141048704383255
e07752c363a0251e,0.4408741365900869
90d128811b4ba5a6,0.49324184203258925
c01c2a32e96be523,0.5312375303171704
9f34eece0015df67,0.5047907827661212
8cd36d454ea5514e,0.47278879908650684
0b2ed8a9fa2ab8d3,0.5359961118882202
9d07e1eadba50584,0.5167091521672557
382c50bc27b014e1,0.5596963089994444
01c49a8764a088a0,0.46280398239231035
4cd4fb391b005aad,0.5292234944626717
e7c351fb7fe911c2,0.5113957194897603
87be73f26289e023,0.4843330425971354
d0dd64e0a6c4d157,0.5175495886896009
eb032d0d415d1577,0.5176174697391025
11d944b8353c1ac6,0.5516548710582513
8dcd35e63e8b377f,0.36596466722138854
d9d0fbdd216330ef,0.5087511820617396
7679abc1c1c77807,0.4850928646045424
0f632e3d61d998e7,0.5221392889449534
14dedd02931e1f26,0.5068473442345642
ddea812b59522f6f,0.5519080419773927
8a6cd575871a94ce,0.5259233602575847
576cf9ea1cf9b118,0.5287407610098095
6fcea8099b5035b8,0.5210570741261729
3e1f26efed4be94d,0.4604214322746958
bd4d5acb824ed036,0.5445824559377392
bcb14b81435727b8,0.49710766348694424
ff04c3f7e48692f7,0.5057629948748248
df1cbf90871980f1,0.49976472508920955
cd5aa710b5e86149,0.5432193896208888
2dfe0c62bd2de6dc,0.4951023678571109
150493825b3b9999,0.4650636184460767
a5f79943f3fd7add,0.5102522466220394
785367048e3f779e,0.5014756146112991
3e0b4c9fe5dd4bf5,0.4743162455881488
056eb390cfb59c1b,0.4839671288082539
8f97b43b9066b117,0.48461929065734854
11b3c7572ae00f03,0.4107090902825312
c35693ee005c6aea,0.40021636991851894
5f8f73493b664806,0.5147952218532614
2f3365d1bd10c409,0.5365598261643466
6829b2e66b8ccd3e,0.411293096725754
f390293197c7401d,0.4223859840365596
082e717412cc06e7,0.5595257627723922
f87789c4ced49dc5,0.5104969067551123
23ae0334db217730,0.5127582291344568
ffc91ef42b3dd8f3,0.4656474422276572
e7b71dfcbb24482b,0.3782430526165379
0d3e597f4b531c00,0.5029066136264518
93fb7ca5d4ec42a3,0.49776101275020723
ecc56db6ab6489c5,0.5262972830650037
057f3ec7273d6616,0.5006770048655946
326e3085bea17edc,0.5383352954131357
02b2124f930cdd80,0.5136354030223271
b2afaf32888fb73c,0.4719367848232615
62163c69f1edf34e,0.5093862510039457
8eaba3d7f0d3f4e5,0.5264077321137441
88bbc95dce6a4773,0.5708255993033712
1cf34a045001f2af,0.504610350865446
3fc035724507f5ea,0.42498320692817293
6d5d780cbfd47be4,0.5185350539605101
fe3f1fb7e1626e54,0.489043614456
5c44da71634622ec,0.49674300996563814
7e8ab438a8ddb84c,0.46109181904881325
6bbbf63952e7fded,0.49849663500206054
e59cdda1e58d4795,0.5382217656477926
8d5db344181b9afd,0.5018591607318044
7934894e5db80cea,0.5090713336253865
04cf2449d3af90a3,0.5171394910823719
45406c84f4a98eed,0.5087034883919197
6b7e6d783e73379f,0.4670085790076508
f42bf8e03322d103,0.5330202242745563
370b91ea4f5618c8,0.5179068478842337
f43fb312e5100bc1,0.49666126193720017
e9c4e2a474168d0d,0.5234927912332412
00d13cfaac7c16a0,0.5035350692527003
22972a00ad5782d2,0.47383636453387734
3c79f7a918063f7d,0.47717155688614665
7eed0efd9c1be24b,0.4848206059763869
034e504c75844d4b,0.45509520775526957
b57b03b92cc4cf24,0.5291012980964193
21a28fa2056aa1a5,0.5494428250906291
3a402d05b5589e19,0.5376803256334673
d6b0a4ccbdf27238,0.494647129806842
3a7c7417e8669411,0.4977356317131083
253104068fd31698,0.4726280077315852
61ccfe77360192ee,0.5056125332801904
95c39ef6a525d014,0.5020403519523146
f348828e5d6526e8,0.5147409079761767
47e49d3661780530,0.5137677692325517
15f839f7543fad6e,0.4630589220595609
0000ecd416b3f2db,0.5114540572834279
efd9723341bc9299,0.520189983885309
71a94fa967814508,0.5080594630019465
ad3b016bc15cc974,0.464404480097672
b8ee659f0bd0aee0,0.531263066713812
08c449a80f41805e,0.5131617587306951
92af8c7ae1ed548d,0.5631439386335302
5b2cf35e37002a2d,0.4524347130281836
eeaa3b4541b23d21,0.5217390509826516
e0a59ca9eebe5cdf,0.5068599038625516
dbf20e96b484f9e8,0.48298701691452417
27fa0d8f4a00884d,0.50649967340228
68ff3310769de35c,0.5202312884235731
5bc5535b8b51c30e,0.5439523147952638
d5f0e783f665157e,0.3766736686856865
7f0f2084664ddd84,0.5100758204869407
0eda6a83fc4c87cb,0.4911268576468648
03fdea0f15b3413b,0.527578991438653
d0056c6d7e6bdde5,0.49907505635535143
cd0e52720990e55a,0.5283936359022966
a964078321b80274,0.5332701457376363
7a15974b92f83d59,0.5262423875261213
b6796a335378dded,0.5183771407955873
c45965d4f4b74fc6,0.4788094931590562
0964747d8f7677e3,0.5489909155973749
c1037ad6309f9805,0.49583806459893
c90754a4d3e50d0c,0.50971199667847
81ff807c5e8160ed,0.5104055599834794
e9c7f82606d248fe,0.5220735258105479
bf6de91b0e23c7f6,0.5159285303600926
eda1998baaa733f9,0.4713323908342607
9d81a838e3fa3e3a,0.5067057180340996
79989fd24cada163,0.5156653831005567
add26705ea6e8359,0.463424774043957
670ff6f0354db5a5,0.4725601626145798
372b14760c96787d,0.4838473514141325
4572c25d79e22980,0.4183516448200244
1c92dd80d666aa7b,0.4218551265861621
a56027d1aacbba27,0.5316107131414589
5e2ee5e3908d48df,0.5465333850394294
e83e80f9ee5b0904,0.40378162628428815
fe2bfad7cf8491e7,0.3968409173977825
d0808129b18f4132,0.5605433130939641
36b34adcaf3d93cd,0.5225059022327081
6f6d1f0ed931f7c1,0.512791331313317
c6716d6c9d9d9d51,0.45282031289265967
66f05ef7bc2ebb41,0.36756465236395375
cfd9dd2d007e3b99,0.49559940575380335
ff08d9df7855390b,0.5086131324161155
5bc76c588a7f8947,0.5356511197592365
2c40f9d726267da1,0.5101233327370913
535a5f18c1e792f9,0.5322593496910286
d11a6b25f22eb6e8,0.5288358943884777
9c0c13b67be86b18,0.47151046065651336
393ad5136007694f,0.5134940284849505
fbcab1064786284d,0.5435135780986073
1a7f746c5d4cbf1b,0.5489381356280536
cc5095e581d0e551,0.5162027151074602
4e5108fd4faf6e54,0.41182632641226335
9fa68682b07154a1,0.5305184004473615
674d6476999b5ac0,0.49149623533653897
4f1500e56f843e59,0.5099489967033626
319120e86ef1cefb,0.4745366298437219
e48c69411d4ba794,0.49566195998845286
ecdfa389ab827a6f,0.5345833223125052
321fdd95d5fdd6e3,0.5019985322148985
859330d7ad3da903,0.5108469304614027
5942a6f6bbd4edaf,0.5056579628303004
b416e94e300a96f7,0.5057630202419718
049c99367b5e4a5d,0.479266092814604
b69ae75f8d3cb579,0.5269747173920142
abf1dfc41eab20cf,0.5144425779148669
3aecce8c2e4a021d,0.4696049421313777
f789c05e9152f159,0.5226729564216925
a446ea0a1c314dc3,0.511511870327085
0f54cc29a80fe8b1,0.4788905463553961
822406f007de4a1e,0.4927409567584431
87829f916e4c35ea,0.49768631933436047
f7380a251e274ee3,0.4439722114870781
c8a2ed4a60edc194,0.5480443711791327
662fab706205b1ce,0.53338216807128
8ae91e5acc84f986,0.5336531547138095
c4298faae37cc8da,0.503297605647907
f07ccc26678ddd46,0.4976016557456969
e8aa0f23c253a910,0.494813882181687
b919108d040b82d3,0.5071959990087681
3ef0221be691f143,0.5021001085940366
d0ae537f6ee11466,0.5055027751787777
3e1093aa393c65f2,0.5109861824786452
7f2f9c0cc2356178,0.4542377392738609
9d58fbd5a0fbeb48,0.4873004084928536
e06b29815e6f4f5b,0.5298579305133233
c45f59138396c749,0.4977335756686163
fe171c42a434f699,0.48107938803414074
bd34a87842d94fc4,0.5444582362088659
78d4a922cdc1a535,0.4995904320508333
e472b3c0b400c1eb,0.566389408024952
1758e096558d0d58,0.4520225984759655
89287d452a577e6d,0.5131102719845735
d79f9a0a88077513,0.5204251190016393
268dcee5f0ca626a,0.4831419102375255
41d9f4d323bb2371,0.5161837194977424
d3b717f5131f89ba,0.535460022469533
a6df71b0faee17d7,0.546926468646993
066e11f6aaa26912,0.36042961386253525
13f294ed40c3cd88,0.49213183007212535
8fd3d89979fadb89,0.49189162071821313
e5e008f09b544032,0.515539626261601
2cfbc03311da67ce,0.5077830187769867
c98d828f60c95fe8,0.5457587194372991
2660646306f358c8,0.527576570016002
219d24a1151f29b6,0.5142911181113728
93fd0a4f6cc51124,0.5175158192152722
f5512b66edcfd90e,0.4684636714202308
54ab763f2851a26a,0.538328206119409
5a969f03cde2f55f,0.4847159932871197
6647fc488157d156,0.5131097493204924
d157880db75871c1,0.5154128515692991
c5084d4158f07254,0.5218671347165202
5f11eb8b60f3c227,0.5109973131138956
af465d476529185d,0.4568063621625654
c023e43d9aabb539,0.5009000627961426
5f0b5a33bdb0d2d5,0.5055382359838732
9a5f1a7f5b621ce7,0.4774921905894547
dc82e65163b606a0,0.4826360994800205
ea3044b39f4a606a,0.4892947136661522
15a8e3e3f01f820a,0.42400652789158155
55df7aaba65ed70c,0.4176201944122606
7a26787aff7fdb28,0.5294411249006925
7077592d8bb1a3d5,0.5429251579546396
0f163b1f0f8b019c,0.413056995642345
2cac26fb24507bb5,0.3902082961479093
b3ee369a65160d7e,0.5541871170389006
b8c36883e7f12745,0.5296562340875683
73bc77d27b463102,0.5068604962863924
ed811c932d51bb3e,0.45491744003344003
7cacc2595b606bc3,0.3823619502084692
010907605489b369,0.49862079418693106
81d5d3461306c82b,0.508442001837859
32953caaec4765ba,0.5261812742554721
01e883fc7378ca50,0.5143717244063799
b3105b1f3ca442f0,0.5318135320840603
73c0a48143af331f,0.5285396380317133
92b02281275c6e25,0.4744513152458657
074a61dacc1c436b,0.5159220777511748
69f4fd250e987ca3,0.5312139551376689
14a2baa5510e6ec1,0.5565937229896344
6179b6d6342228f3,0.5036726147478314
2b5eb14da7defc3d,0.42103214812369016
09e6466b315b3d1f,0.5312542938020094
9f8db5a5380acc5d,0.4978873329020195
e35efa3991337111,0.503849996878353
2998f64325661701,0.46451465141219184
26eff5c2b5183a8f,0.5048164223133834
811a42576617b2b8,0.5302495362008515
743abcc5503fdeed,0.49653504881707455
09033e0087d4b443,0.49782998401666256
d9513d3c15d56cb0,0.5051080647763397
2ac82c29b8552b24,0.501328374246144
23baaca44026f446,0.4676222299557661
685606d82cb2bb33,0.5305459503530798
2f4013ba3f17fd99,0.5148242578940478
e1c274a795420323,0.4610069570434189
3a938a65315c508d,0.5335688689404527
55b19adef71a3455,0.5109566834662091
f7a56314dd92ccce,0.49392909861042766
9dc915ce4c7208a3,0.48772161332681263
f2978e43ffb6cc78,0.4988108359050112
cc47c8b42b7253aa,0.4568456694178489
9c59bc8ce7d6c638,0.5365679554960876
ae584dcb5c3ecd05,0.5342752272463502
4a918f2da10b91aa,0.5281046865163468
ed35c9cab15cdd28,0.5060195863240495
75aace34f7af6950,0.495719967339573
276593269e93bd07,0.49760720794540103
1d0081e6dc437d38,0.5110675003609662
59db6102cc014547,0.48943563969123616
3f402c8b0a372140,0.513471050913413
f1bf0ececce360ea,0.5087141040365737
24422c8600964138,0.4388172531735799
ce8e8ab1ed676ab0,0.49458420818237736
661ee6c770cf9ed9,0.5196848157020386
3549f1d2091c4d6f,0.49305587972539255
8cd44d538f3f6884,0.4829595053101565
9edcf0acd38da2f3,0.5289170305348248
fe10e895d95cca74,0.5064917281044617
d997a3644c8d39dd,0.5646291122493189
67ca3b9be874ee90,0.45779786336016104
d9190e6d8f373354,0.5092637787470429
e41b2bf6f05364d9,0.5144304891430502
bd4e9919ea9f4609,0.48520889214048135
3ede3f398b5d5c26,0.5239044352335857
8ebd3c96165ab46a,0.5324238410539478
60e5fa3fe09307a4,0.537617633325839
208578d024efb845,0.36276446037633736
f1cafb6cef05edc1,0.48534401630486157
cf18bcef8918d1d0,0.4986232313092953
884f55be89110ba7,0.5132293659375388
0e65cc0546033adc,0.5055285318004461
4e62412187b7abe2,0.5497870206424458
ad0d97f65335666d,0.5335427276391858
7ecffe426663e00e,0.5146825939987025
83a4d097a81f77c9,0.5217259714990063
70d9b4f315657345,0.4677507633044057
01f87a11523f0514,0.5381011871303124
596f81bf626a79fd,0.46657116019408273
0e04f63fe7537347,0.5103133864992415
ae57424604846391,0.5244781479211338
01b8f796eef36a4e,0.5154713549531675
60b6da3d29105e81,0.5183784264948448
3260c82b8c9ee9ce,0.4493123077148301
79aaf762cebe6558,0.5080942453777294
9676c1257377bb40,0.5133169303560603
3c0dfa41a0b8afbd,0.4615830784543469
235aa72821d1e788,0.47862841636341236
7c4dce488911e5ff,0.4913960628690265
53810a3fce70da57,0.4100564199925758
413492afd6ceb4e9,0.4183093691367884
6592d0e7bc7acb82,0.5310253155387257
0c33622f409701cc,0.5547310340531789
5607c4ed86c90fc1,0.39567795383022386
8c73ea1b6cef93f8,0.3749784579845573
ebd362ea7909df7a,0.5519190375848249
91b24dfaa1b36c48,0.5394810078679293
708f2af7bd4b31ef,0.5043841726956437
cfe6b468c348523d,0.45844676530979733
d82ff563b3e91d76,0.3872696679376566
83e0ac4d44e3d5d8,0.4951797984544899
cdc863f6c0e1eadd,0.5056709485948967
878bb16e53493d77,0.5282897169095793
ac759d7ab05427d7,0.5087106879433033
711477d046a140b5,0.5363517972433113
12713035003d7e10,0.5209144142399543
b71de12acc06b4a3,0.49333100655145434
31d70dd451a26830,0.5199012982102815
e867300ad11f195f,0.5302310736525241
7c3bd158bbc9ebfe,0.5685034607535453
a779fa736e84f76e,0.4929868641972506
409e795eb21a2343,0.4236956586560161
c691bc69cebbd572,0.5302996037218064
6aeb803063072b67,0.4769440071742711
0cc1c4c5d7f2afb1,0.4908202977126699
bda475a6a1a369cc,0.4663013573865805
790f446c9b21e646,0.5056511622775097
f683b45a08c561c5,0.5250198520817311
8ddb3ee026450fbf,0.4941068253520403
c9a6db480e35dada,0.5083078685101166
57747ec8853dabeb,0.5092524584889144
aacddf37aa0431a7,0.5181545083426782
2d2af99a98ab6cb6,0.4782587739435664
6319b57602c6ef6b,0.5247172265434721
d5b28d1e35531b3d,0.524439980963637
1c83cccc0ab7fbc4,0.45153784501158567
d966923d3c2b7a84,0.530494205114504
2e9ea390bb8863b8,0.5097927647332833
e708ea2d533a90d3,0.4867305930757466
22c7ec7cb70ad75f,0.4920902216140898
6d0a6946736f2d2c,0.5076214422653972
ff6c20c07c5b90fa,0.45730330933533925
e1050f0f3158fb14,0.5383346293924582
7aa46bf9a3bb1d89,0.538688186264654
79c062678c7fe720,0.5207305352589293
a094c71c43126934,0.5001783049852847
63824fb8807b073c,0.4942119486240917
f0462ecdf739b742,0.49182808413976586
f315e9fccb58b1c4,0.5067312304360606
a0858992d9b9e92f,0.4792582167675955
84b83d80c1d5ff27,0.516293960851623
ad6c429850d61f40,0.5084093362307576
ba3ebccbb33584ed,0.46049277168472036
f210ce1572dc2303,0.4962010764855601
5aec1a48dd2cdf0a,0.523777333188341
a510d395d13c0ced,0.49395080398948354
afd99cdc0ee6f869,0.4803206131316453
922428f307d5f2ea,0.5473769294780079
8503f125b28d13dc,0.5014999722377853
43664401c3dd5f34,0.5713019028004696
2dfce5ccf16c65d5,0.45177040788004963
14251e68db7f4dbd,0.5123680286043842
79186777947afc44,0.5105987839961221
27862c62c30e04fc,0.5065576663462186
12d4fcb6a6b82cab,0.521583831089644
089fd30792dd731f,0.5392084991643928
b48bcbf051abcbd5,0.534377320147539
58ab72690fe6feaf,0.36705408127721595
97d56e3c0f66683b,0.4788131872724215
123f6e1215967e77,0.48879524677390895
d3b645e61c46322b,0.5312085976629851
f22215fa0bd81ce1,0.5126430305263774
2190a9082a6ba8d1,0.5527404061555399
7798ccec5d53b902,0.5310016427530575
ab15ab97788cc385,0.518038954858068
b2996446cb6faf9a,0.5133022644374157
bd0005815531be21,0.4625782828560172
4e9a46243e5b1440,0.5376243436139632
a67f944e5c7627ee,0.46771483266509817
30788604e87baecb,0.5093632917903168
e67eb51361fec99d,0.5232990464143623
33d25ff7fa07b6cd,0.5163196557082776
524ad2a504826768,0.5169453062904036
d55f5cb3334d5135,0.4531712879346286
9878ecf51879e475,0.5084091105941557
7b09ab93a034f6ac,0.5332084011672416
5712ec8cb660399f,0.47796784622982447
e9d478803fbdd46b,0.4823263875850159
6b73f3765c6b2b55,0.4843646096641161
27eff1921d483ca2,0.4152308585335631
16e9fae7159e51bd,0.41747208202827424
79e4ce21e4c33133,0.541938471899465
5346a577972d8528,0.5593050506925124
2c02f95eedea0795,0.3979664257744022
59722a8470ee5420,0.37468161399680144
d349b71dac0062b5,0.5544107682183683
abbb404a2c194483,0.5404229948347244
26c46d6d120605c0,0.5078664642049457
f1997563d066fbce,0.451323654181059
a1ac0c106d4ea877,0.3675154890617883
e2fb1d9e517cc21e,0.5066803535096285
bca512468fad972b,0.5040875003187527
f8e37f828d7ef812,0.5323431404788401
aab2c5fb151cb40a,0.5051070176806127
d69f936502aafd74,0.5394539885764179
b08ed2d1647cf636,0.5235127475716682
292e7610d1edd2f0,0.4902368248777459
d17ef5c51f13fb96,0.5081545053344567
9c5a248789070cca,0.5367195699256072
4b65d7f739f95efb,0.5680834110341823
fb4fe687a65bad36,0.5048201261943117
0eca3173f9098bf7,0.42220849746108846
b8a0548bd1434a06,0.5246868448077746
94700e6647f9ddcb,0.4764629872281577
f202aad2e32f36aa,0.497208077720682
ebeb6ced3d115bb1,0.4594577682430948
b88035ec51c9588f,0.5161994303116982
44241a7accd33a9f,0.5291932447405447
8105ccf48ab8b264,0.4903296302334843
621fc80192695864,0.4949648550639729
3461408e34fa56e6,0.508205461289277
5f62a20f56734c4d,0.513571693417709
8da650ec8589c356,0.4799936735898509
8575cd2addde1bbd,0.5223203276853776
aea6d39cfb75ede0,0.519667205411455
fcc61a890fbf06c6,0.4517960695230657
6de2e1ac0f74c6ae,0.5313684378272951
a8a55bcdd1fd6f67,0.5124874275520224
72b57c0a6d8ed625,0.4842208652337072
333e4ec06ace478f,0.4906396087859437
b0b1e6f8bdb4b8ac,0.5098275532390635
5957ef4720201b06,0.46241907996616427
96ff5214b75fdcd0,0.5414044071254154
1ee2e09eed1763b1,0.5418012389521124
7e54a95d0e4206d2,0.533267973960121
ab956e724aaf7686,0.49884456480763006
5313b980c2ea45ff,0.49534386180560874
e42eebf8d88e873f,0.4781723126766184
94a1b3f588410522,0.507516224609193
77a864c333660957,0.47624657244416335
cf2398297af1c607,0.5146646711189322
28c0ffcd30463823,0.5089878416708495
22347708a7437b31,0.46880825238343626
0f44d0ec712071bd,0.49654666179959694
9c0acd04b086676c,0.5088485578649553
0a374d79e4ec0b81,0.4902983907964389
fab38248dc9d4815,0.4813412310678611
13393a2a258ee2ca,0.5272837221980846
02a963e8e116c2aa,0.5030169001225255
9ab79162e68509c4,0.5824367523832963
ae91bcb7b443f4db,0.45272221767003107
5faa3b96817ef6e1,0.5114124220703107
b1e0a9e609d4bd56,0.5143488869786983
06261e33a358e5cc,0.5038679155116008
c8d95eccf554ba1b,0.5241122067888084
0563286cbe490eb6,0.5390103619833613
22064a49aeb9b73f,0.5298516165544277
484fb7e32249d43d,0.36580307935898204
d9ac4e31ebfa3062,0.4794580627358067
4f7fd814c60e23b4,0.48396825394216614
182745373754a834,0.5276794412009296
ff4244341ad4f64a,0.5205475222306093
d9bce98db70e2554,0.5583698175415346
c85f619f966a75b6,0.5376902624461848
79c4afe56c4c1498,0.5200575979835268
9054c7a491b82210,0.5115508920456321
c58ca89ecd3de223,0.4641442960504033
df923d5c0fb9e19c,0.5443982781148684
08739d59df245c02,0.4822434403171435
ae08a847fcf07249,0.5120766120419548
a8bc6c01a5b31556,0.5197166512143259
98d21de7dc13411e,0.5088689857403771
245bef0efe4285bc,0.5146657464968621
c1a4173f017d4ab5,0.45783309241695214
f66155c92a0e9a95,0.5176716983237644
e3be6f805c1167a1,0.5247784775669644
79a55eef5bc815ef,0.47733582753229054
0d4a959dd95fe5d5,0.487170089710559
f26ab76ebdbfb37a,0.48260931415205743
a3df82bd42787429,0.40387489553533173
9f3270bdc8168043,0.4202550247697865
8c5829445b8900d1,0.5384551352408704
a77ab73a18904375,0.5543160678198278
634adb766f8cbe19,0.39110110309210655
6db41b24142b92da,0.3989107498404405
3b0053ae779a61c6,0.5678477376846385
679dd62612598823,0.5383817367925869
f86a59173c9a170b,0.5187045394699594
302c1f5f98503d33,0.45327167225342513
601ef104a959206c,0.38797262531198407
7ee1d8aa6990030a,0.5203277285196042
dd74f5b58f6cc87e,0.5154894401579363
13af3d4018bda011,0.5249957921293689
49c85b79284d1de6,0.4988079014840012
111c3c0b4cfb0ec5,0.5458423488982327
47ec51ec39319fef,0.523620944981616
c55804e60216d092,0.4875747492663983
b0209e2834781a5e,0.5007381119115792
b42a26e9017d2882,0.5403655386108571
68f9c45d7ad134e2,0.5680370619705976
a9e63c49fc77977d,0.5047865196009131
9d0be5ecb9239961,0.42789872572019083
1546715380437fce,0.5208172003151504
cbdb93021a69d18e,0.47057231006641953
cc64a8c86bc0ee7a,0.489433264287371
28c44f3aee07a677,0.46135609720472925
c3ebcee533a91c54,0.48995945456674705
c8eb213ca4d33d70,0.5464409322114094
ac07084530bb74ef,0.4836388267270315
e3d5b7deb8abf5f5,0.49931469662139616
5153f03bb91fc8dc,0.5207307785230295
7e54573b13552de2,0.5315005095820771
97dea5d51362d672,0.4736555325272682
fce5be9b1094888e,0.520932443716829
3440cd3bd6386f5f,0.5212179951660587
55a7f490aaeee250,0.4530285533938505
956ecd8538e6429d,0.5236050724621271
7f5e17e46630f61c,0.505102124363676
49cb3c7b833debf9,0.5003173507934757
915807be45a2595b,0.49866656111557595
9712aca3f592cfca,0.5140889575650301
da9b63001597ac2f,0.4548909934554517
8a30615e43e08dcd,0.5305330905853212
42f66e43632836d2,0.5448084646101471
4e489676e2791d52,0.5145178083355125
553afc856a35f29b,0.4981829656408693
ee8805cf8e0367c9,0.49243100950561347
388866f597c3b136,0.4790249905966978
27376bc3be38a38d,0.5164956819852689
4a1eaea8b24bd70b,0.4795488182068258
df8956753d628fd2,0.5104044216032092
b86f1bc4e3138bfb,0.5110568572590655
77a0aec8d68be2c2,0.45329394038748305
64cfdcf8dcab1a2f,0.50219457519012
cac84ef435022b30,0.5011432490874084
6999dd694d701fe4,0.49142383256278155
a1280c848a45095f,0.4747503267785197
086c5fad3cb4c5a2,0.5403187510414056
7b952580db7786e9,0.5083386137590311
6b9472286a256934,0.5748423585539226
e857861a2bda8f04,0.45356026128804894
2678993f891c0dd8,0.5044407631959709
8960287face68188,0.510975540757135
ea75e84877412ddf,0.5262220512779223
3f25f2a6c17d8ce2,0.511061269247757
2ac1db7b3557f6b7,0.537035702110435
37e9930cbfb99476,0.5293813401727419
795e69bed15a23cf,0.37463145860274283
e8ab37cd49c3bc77,0.48148739361666193
13fe71be5f76e7dc,0.47668202600630194
be374e720d1ab7d3,0.5437504369732544
855e813a557b0fb9,0.5187236218441416
4ef5226e1bf2d7ea,0.5567442907558684
f6c82fbbd0a7743a,0.536766624637606
cc1d30c1ca8b9f1d,0.5183320706594098
570d1211cb8b6630,0.5118178887905291
4efe900d01a5d8fb,0.4558113966495083
592bbe01fe88ec56,0.5483234302025726
8e35391135da3618,0.48386080788198826
de9f9d0663fb3e9e,0.5219847010927745
1f1b81ff159797a4,0.5133439610947094
230ae28395ae0e80,0.507142618159521
f61f78afc157209c,0.5145153597371406
7c06ab69ea8c9164,0.4604932267642762
87530f52471b908f,0.5208834186708222
62f109e82b4c974f,0.5137526619225046
c8e4e02fd85074d8,0.45615606715365464
398bb858f92fe11c,0.5058760769887614
d80a231f9865d0cf,0.48285645830162505
b62010711bc762a6,0.42410817082101704
2eda096ae054c58f,0.419562858753354
00e5643b9911aa86,0.5294428331822087
10b08309384a173e,0.5489760878807805
9585b5511b84ec2e,0.4030291992480399
99ed9f78ec68cf30,0.3931076217785885
9e97306a3e92e803,0.5639613552050048
a17241ebbc9bf0b6,0.52817688429376
94c31d644e1986d9,0.516844054044798
8adb362a62de4ade,0.45777236183330483
81257af1834f6300,0.3776067177748006
73260462c02b921d,0.5259528074663986
046c74b9473aafe4,0.51963896191535
0f13f2ff0bf1324e,0.5248564990811511
11d12e8ca6488bb1,0.5037499503570747
530296f45ee8f52e,0.5351142874004904
4ce0f4e6356baec3,0.5241317982074467
9aad958e5bd0c9b7,0.4755243321160869
5ee18b7f4ad4cccc,0.5125023318372173
b1f131da992bb258,0.5353172639013377
0ef45c8d08ad2891,0.5686721734953282
07a00e3b8f8b67a1,0.5047346839182179
618cf16d6364fff5,0.41058523454756646
c01d3e6fc7cf6516,0.5280403546616823
00480e6df193617e,0.4746745806456747
1bd6f5a24567d0f1,0.5057458102852281
4962f2905ea89b46,0.46769720034727014
418351515bc3f9c1,0.49374410928894463
48b823197cd4eea1,0.5376858040527355
f2fa39ece5036160,0.489902556638671
ae92f45998f1adcc,0.5147405523933863
d3c203c5a5d7f36d,0.521753645971986
d6d6c16673d43b64,0.526267482329436
90d437fba83f6b92,0.46673283911493646
7b86d055d2c06129,0.523083133838659
f35854672fbfe484,0.5212044891049955
e870a9dbecb62e6a,0.46648397093782823
d46b0265d56cea8b,0.51012270535961
cefed8de7b98bab8,0.5273178459276547
4a263916dd68e7bd,0.49929451779919876
c128fbefcc291089,0.4949434678470973
1fae1aab4f96b257,0.506623146837932
5cf735bd67c217b8,0.4655210402728944
35d4e450d9819b2e,0.5168779885422388
b43490721bd0a1a0,0.5336856535648551
34f663693cf5c7d6,0.5182968197672118
3fdf266cacf69673,0.5028357865204145
9ac65e6c58035b11,0.497619092103343
713b27c8c4aa233f,0.4886535592525858
6c4322f5d87168f4,0.5029244324763973
2fd5ba263472f877,0.49038238079994434
4671b4a7a063ed08,0.49172180667602405
3b1bc02d7c015852,0.5123524896492083
9f4f17a35b469590,0.4766399338292304
1fc004c68703c1b1,0.5135174294731933
91ac90e2b0ed399d,0.507715493295577
98b6913a8c6c22af,0.4994484749606971
b6b313855ffffdd1,0.46273692695891877
a4110c634f23225f,0.4982836060496707
595c2cf113303a0f,0.5105219779586188
cdc5255ff2846076,0.5614716475961843
ca5d898c3fe88e3f,0.4552695930810512
cffccd4a60b68468,0.5137682976059758
09fd57730b70a0d5,0.5043503302448411
736f2b87186f59cd,0.4891792785537228
10de0c44a083664b,0.5093194737317372
33b0c1fcb81ea87a,0.5489857013928033
4e9144889f7a6263,0.5326920808619504
4baab63775fa6955,0.3926922006957203
91406fbbdea97072,0.4843566201919107
b94643803b083788,0.4811661741962754
b59b12ab40be0330,0.5396073540143534
284e036502570259,0.5090682736310421
2abc73ea194ff6b9,0.5528181713879929
a0b141b1d7e09c53,0.5276828954025503
9591a3dd22b41358,0.5372202970682818
6c8308bba412f743,0.4984079296075843
e5458adb8401cd42,0.4687241069122141
e5cf0799f414826c,0.5502106477228226
318c5983ba2826e1,0.47466207543612615
c6d314f12a09d375,0.5212682016608001
82daac1ef1c236f9,0.5085687077700031
b920dfff9dc9a4a3,0.5150390770200213
062d70a4ec7bb2b0,0.5177966509631894
c4580c9544b8348a,0.4664468168686752
424af8293b8a491e,0.5257313999608955
7a4434a32da463f2,0.49128519759851186
ba71fbf7026d4190,0.4680296247103194
30b07b182a14d48b,0.5138564225908636
b323a76f821047b9,0.48474833731171296
72d3fed22146167c,0.4257663176833614
76c218c92510693c,0.4292816112054907
f82c0be3143613d7,0.5234884751286563
3ffc1c2fbb9ce37a,0.5475590441564676
f66100b9a01aa610,0.4108156920523631
4c1b2e00fca1bb6b,0.3919490126845607
2bab5cd301c88de4,0.5505893576009516
fec38bfe4f8e0397,0.53744647347103
80d586892c30722c,0.5300929439031472
611227da8ba9b9db,0.47948216929253873
9423c53b1b8f1224,0.39174665449984414
62a38cf30a6c505b,0.5313514523627552
43aa23bb79de2c75,0.5098763448733498
e1befd3a2a6f2e4b,0.5221864463616972
c7e29726f0d5794b,0.4943113954007077
d088471c7303a1bf,0.5271709092744751
30948a056dbe15e2,0.5069377101824624
28cf38bcc366645d,0.4687390908155956
4d7a33a072f0cac7,0.49267758772678205
a880b7b9c6389ce6,0.5359056529828905
f86daee93e7a79f1,0.5608093320937992
5ddd9514cd382a48,0.49200738102692476
f75edc3e1adedcfe,0.40895308249330564
2f69927d7e0deaf3,0.5335936347044188
6a2ae24ff18ece24,0.47064293995329576
5f4e0aca3dec8a15,0.5070241506771631
a0f086e648de93a7,0.478874198766688
db8e2a6f439a5704,0.5015737530977654
7a945a8ba9c74aaf,0.541351677570188
cb0154e978c52449,0.4874503091895892
391e1c8f6ad50785,0.49695542550598404
a2d74e868c224c81,0.5250369898841333
469dd0785c6fe477,0.5316901424409533
57a03d4d9f0dd832,0.45518516956269073
18ed11f907223797,0.5252207403660907
506d0304d202f617,0.5206087206290588
928fe03ca4a31b10,0.46595712514067045
6f596d76ad925527,0.5303043802055281
7a9ab724077492f0,0.5303821109432343
f8f9b4b7599b2ea0,0.5086043089984857
85e43a61b828fd09,0.4957352534788708
de34c5a3a93b1d51,0.5006453352879461
b1aedf632eff5eae,0.455746939565138
f3ee06dc76a77cdd,0.511363123689086
37d5c7e1232966ff,0.5339403823742501
9373145a3028992e,0.5244679446704854
33454a3c18781863,0.49742749974044387
1ab7fd4f4037414f,0.4937380551057452
10fd8d3bc04f075e,0.48548138424814447
d52006d7fdd25f55,0.5014640612981167
c6779d63bacdb43e,0.4837453495831232
fd648c003626f438,0.5092384812751545
43e890b3821b6573,0.5089993229945513
59f8a2df7880c0ec,0.47418009514391746
734e507be7191b7f,0.520441069970202
836556b51b6b5706,0.5172220534334744
8686a366f320b2b9,0.5095228180650508
225ecb08ee4786e0,0.44998565044884065
99cf9f3f4eb817aa,0.49892666635129945
06eaebbda4b4ce6c,0.5276264823528984
61a8eb29ce7de980,0.5636886973930728
806aad5225a9e2ca,0.46366031589119683
3c88a243c58be3f8,0.4936049467044381
5b6a8a7a7f8a24e2,0.5007037284008429
b4dbbcee6387bf0e,0.4840584872387039
dba9694ab92c932e,0.49109764235883946
98ca4bd85eaf7c54,0.5452377790360314
2e7d04afba2ba120,0.5182224347041452
defa1f8283183c39,0.3846230771994994
c32489446ac33c93,0.4774622788954809
ae11be100a75b1dc,0.4861842955320542
ae8cc4e781e71da5,0.5283937552292717
537cba450969c995,0.508707542576539
072d36b8bcfd27c3,0.5573112246996008
6598f6346cc9a077,0.5270353666071395
9aca3dfb34d79db8,0.5255808590115063
494f82b90c384186,0.5151215660875499
4f459e3e70d0359b,0.469538792255191
ae1673cda9baf478,0.5384672650048252
f6427abf1a448ae9,0.4811895860728366
5977494ab9454a00,0.5203596743957474
8dedbf5ab1f9fc32,0.5034579184221311
21fa72cec9c992d0,0.5194841399048558
d7d03350b9e3e251,0.513061013021509
f1febec1acd6d2b0,0.47518799810819934
eedd0a611e2a8570,0.5153749429744101
2fb87b1c5dfe1082,0.5069062501484516
60b49d04f66192bc,0.4593743467293421
1de45a7e39f05257,0.5248920879987207
3cd96b69975b6ba6,0.47584438323462375
edc88fbc613769f8,0.4170947927364068
267150475ebae988,0.42141924511246986
27c6195d75ee6a19,0.5272187421106138
ff2b5dcfcd597a43,0.5382650609253958
2f3025e715f6de19,0.3982027756903137
749f9a23286ef3cd,0.3815300077473496
08369ad11a43ce96,0.5616782788592102
303216b963afa95c,0.5343737010894666
354ade639af86a0a,0.5205815327938026
b36bd84610466145,0.4684217448826946
0b06a1d1379988b7,0.38551938575238553
af88eddd8a21b834,0.5307309767998387
76d435d5d87eecfe,0.4854150866607123
99ea642717781406,0.522793127264243
ee9a606fb3db5fe0,0.5275929471092291
1bb1006d949f35f8,0.5395500264464299
a7c3f96b8fc13c94,0.5210829571083526
84a1fba4cca7944d,0.4947840625201204
a299ead258246010,0.4898456316681079
d7cb3392ecef3811,0.5496622391669186
330fa1c6bd9491bf,0.5585955770642909
9df1b97c86f280fa,0.4944013593065446
5b199f62646eea42,0.41147511146118687
1e699f91791d15ff,0.5239920740912194
7d6e0bc6e38276bb,0.4773194429972415
7d162c255165c1b6,0.5095262644895627
2bda8e9783d46cc5,0.4712044123400849
912146737ddf1755,0.500142406680906
3e1d0c9610bf897d,0.5334590508986787
f50cdb0778983c6b,0.4888803174546843
0da39a480e0753f7,0.5121094035245926
f7786378ffb9b794,0.5273129501368459
59af0b8d071a6f2a,0.5310575398002924
a764e2ec1ef2ac41,0.46208827555503806
5fa16235d0a28529,0.5221415258511121
5e9b434208e0ae84,0.5334157171569429
8faa1b0abfe0437e,0.47601308992690716
fa59ef679e189b13,0.531877824022075
7f68144897a21cf9,0.5224688406239327
7cc117c6693630be,0.5011435098973767
c5808f6ee1655b65,0.49426633525734975
e5ef65026fb55f5c,0.5061242062015169
d560bfeea77cba09,0.4739015659101715
047c245d0fbaf42e,0.5252663606900405
c4e8e156db3a88a9,0.5336291229502904
eec9992a5c52bb95,0.523801624903963
630291279b187d35,0.5191411711224887
f6d2dac1b9bbfd2c,0.49845300311995255
66a245947a80a2f1,0.47749754835354197
46b2b4aaede5d551,0.5030470553121643
d03b387f778d82a4,0.4926956285480917
293bde01657966c5,0.4900158349123729
975f03ee9bfbb06c,0.4943968267642155
829ca37a3c811542,0.475898900912463
372580a746aaccdf,0.513442826337211
ceecb87d6ce3b2a6,0.5086255237023779
48db5eb705a836b4,0.5168797921310251
a0ffa3c5f881abc6,0.46618468001066293
841a37c2d2f5ec2b,0.5131948362734935
da17afcf98990a01,0.5220686436820223
2300bb2b38e080b9,0.5532229858783662
7b5f3302476bb588,0.45188077784092484
50ef65927f78d111,0.4995626771393453
3b5e19d5fd2453a9,0.49407056411148087
395a15896603e5eb,0.4874128942070951
083fbac10303f8a1,0.48777051223719836
d1f71d68c69b758c,0.5444868170648978
aa1e225cc41ac7bb,0.5229491285761749
ee547ba3c572a64a,0.3884984606387808
630ae844797ed940,0.4754667602767054
58ebacff87916ac1,0.4761958863727903
eaaa1652120c6092,0.5302038346797839
f07ce7079293d56d,0.5044872087630601
6b9c7f759a4aa4d2,0.557328340989177
941d77f1d1e1ff8c,0.520943902970465
9fe59e235dac28a9,0.5343977816794295
976b333a11011b42,0.5069383403663268
cc3a5b3891d5c04c,0.47405421342028076
229fc8f65d0db0c7,0.5303918757741857
69f424c6a3b0421e,0.48230475670249573
2c1f09de58f1b641,0.5120443894242744
87e3bf78854fa765,0.5051623984511406
7ad83618e99eab7c,0.5212034028211674
1ae318ea99450027,0.5163556902647112
8d7cd49a74cdf7e4,0.47111466754455544
49557ae6d795d8e0,0.5190057467788296
67990f109e0144e4,0.5242659488119562
6af4a35148f8321d,0.4590245513045432
85cbdd636dc8a4aa,0.5243918384927331
77ec23584a2e9d75,0.4645909667873718
090cb3af315c8eb0,0.419161618566982
a6cfc23a5e5106aa,0.42153300953975537
49809ea4183a0f81,0.5311686377758429
f3417e29d8c82cb5,0.5369818494032246
5c8cdf2a7edd13e2,0.384656075433195
e7bacdc0b7f1c356,0.39480388111708964
edd18bc9aac66eff,0.5631007674369126
ac86c6238584adee,0.533734348872992
05fe5bffacc10ac5,0.5239524740121484
c96ece7f7fbd0cdd,0.4703756580446503
2826cd49b6fef716,0.4083960341128994
bee975515e997652,0.5213603010960635
ff5e44957907b67d,0.4964232064655607
0b8fe9c7390c39f7,0.5239872023553998
c7863c82ea11300e,0.5290000248632689
dad141b6acbfae96,0.5424737508483483
272dd5ca69220e1b,0.5208735072794171
adb347beb9a2af78,0.4931972636196774
a0f588f4c8eb1f2c,0.4920631319773028
da309c0b05477f17,0.5470758205616086
6e262df74f662668,0.5606645646159035
c9f78961c1058703,0.4928464194034903
61548885bf797452,0.42114743264341503
5f63846f62729583,0.5111083918890169
e69e4918bb73f230,0.4908061968290859
39fedeef04d4fe01,0.5149374064391448
fcb40b2c0737a1fa,0.4708621586164129
7fa890293b7dcf64,0.5037520619287126
348e5da03a7cbd55,0.5328316374403206
26665b53f81eb9d8,0.4737566624546644
550d423f106e9d3d,0.5219614922888378
c315861d746acad6,0.5286631303427703
ae8268cf70d97a6f,0.5444858148168927
2534b520db69cc0e,0.459904124464003
e8ef992f7fd974c9,0.5186111921333882
366caed69f1ccf68,0.5287581335436754
53964d3e07b5d365,0.47935155686507036
dd67091f219684c8,0.5313641985713734
0f655e69324cf2b5,0.5174232347811607
8e357f42557cf92c,0.49721864057769427
87374412d390ba5b,0.49460400883318245
17b3b4d424d5af57,0.5030733957949531
3832345d9c82cfdd,0.47979422780299574
61df590ec10ebae1,0.5266005439834632
8ec666b907c3ac5b,0.5328086292629524
35e910ebfcef2b4f,0.5256263006669584
63dd8b078a93699b,0.5050028470877299
16433791a5928257,0.5038545541021267
f08bb0f7d86e71ad,0.4743451228049249
ff32245c20a8cb40,0.501726994145629
f60ed2d4ab6dc15e,0.4946051869843626
1f62d0b4f6ad3729,0.478362225075212
b3f031a7fdcc4258,0.49549456294499716
49ea7372c3545223,0.47545838170060795
8b7f03a2154e324a,0.5195864313286913
4a703fc87a42c03f,0.5068998997237921
15c585641cdde533,0.5209675744633273
548457b7d4664c9f,0.4654302741010239
e9bca5d3d94c1e28,0.5131603295516846
51a9fe52f9a103f2,0.5189422546604241
9708cb3fd2e67ef0,0.5515898333798464
e6d0a2f8ec4e6fe1,0.4562326428261677
a3a6aab4af0e1038,0.49816092994434313
c62c1960323091b8,0.4953415794686322
94bdef8446c00268,0.4884184086858355
ccd7c62b50bf3926,0.48934675364399804
b1271f8af33b46ef,0.5385406755126007
e5081f4ddc9e6a21,0.517161631474942
4af7cfcb4520ad20,0.3898437833644175
aa011bcc2fd85e15,0.48494617790194594
e02140b7ec38ebe7,0.46042117717686504
129da2692302a8ce,0.5257157428947143
bfa30d567627ffdf,0.5044970494705989
12a0ea95e4e4a107,0.5522589382432852
04134493ed7a073b,0.5170631446974919
ca6a6c18b39312f1,0.5401624531967268
2b255b1f668fc6e0,0.5140463170896727
9258da162f2fe7bb,0.48021631964608735
8fd50c27cc2015b5,0.5491692480440729
b77e17fdae49b8de,0.4825622327858383
565a241c1afd3088,0.5135641017162218
572755a2304910b0,0.5100151164581284
c76a9f56eaf731a8,0.5139038587416682
9d88874e1d9fddeb,0.5254052510202845
0fb05b479e918507,0.4782336113904724
22c4e872ad5fd51d,0.5151419928995908
a7565f42cc834c40,0.5127689699255815
d35293c61cfeb575,0.4729553798459084
f02b88a53c3c5281,0.5134202136594708
0de84eb045206452,0.4585306509906609
6bc80f9eee900159,0.4239192344192063
e1d7c543c6d690aa,0.4238779362807531
144b8b8344097016,0.5323976425946862
1aca258020d5164c,0.5379677936260421
f4641586b5b852fd,0.3972525714729339
107ecc1f9275f633,0.3912499501040064
8314e069d0878aef,0.5634132615715969
fe229c8bd85c9faf,0.5370341425792537
7017b7d68f8aba21,0.5251753378345512
2b4b6db61174268f,0.45526938923884475
2a206ae4a56a72f4,0.3935240041603819
0a511345a762a6f4,0.522461957556182
9cecdd4a0efa1945,0.484410547681978
e243c21a7c320aa5,0.5213908794525954
86d71023717f1bcf,0.5214592500096014
ff97c15918d4e429,0.5349435819166884
1042e794ec3aca77,0.511126323861167
bf9d409bf1a8c332,0.49115694604411186
4aeb6634c4c9172d,0.4973389243929257
43b2bfd2e8ba9427,0.545241162480073
123c3228f1606acd,0.562385455185064
7b6279de7cf4d191,0.48879406457031394
9ac17ff49e81a90b,0.40900102791699733
ac9110a188e76c3c,0.5208641667233125
ab8c11dd78fbf05b,0.4877202191313891
fb568f5be8dbe86d,0.520187226101231
bd5f666156d026ae,0.4693844358107431
2407044ce68e0800,0.5040367985559391
24f6bef11bd94601,0.5407744546414236
848c5a090abd0645,0.47938883515460895
2b0ed49a6ca783e1,0.5166642855513256
7537aa389bea5718,0.5201969673221021
f191c09397a89cbe,0.5374202046764803
737b95f5e1ee62c7,0.4615022122577991
9d2df2a5cc2974e4,0.5171747098030561
a8aee245dc90a5fc,0.5303874598137472
fb1c7c57e9eeb44f,0.4758034556317158
ba4681d1f5aaec52,0.527547927730371
5585bc00dbd19e85,0.5392254268626404
d575822de3e95193,0.5013142720851232
fb1ebffd637e516e,0.49898447286822456
048571d5bd47c7ea,0.5055173669795967
e353169a619abd73,0.4826411590661379
9ff0821b17b61d4e,0.52792078323399
9da4399f51019672,0.522757224380946
0835e9bdf3ea0a9f,0.5234652840120624
92739f88e0e06d6a,0.5097094214472114
5c6547f8e3ff6ac5,0.49047968167251
9009a8a53e6bcb6d,0.4869777164666571
a1df57496de24489,0.5105175038117361
e6d9897cd5870da8,0.5014781512368103
e1760e2515beedc3,0.48457484558039654
5e297c353201887e,0.4944079088378054
8a2f52f9d4cda48c,0.47266713606782784
fe1e631fde6715d3,0.5305656373186569
427fda5f50edaded,0.5071866585550828
4ed2786e0918446a,0.5209778564376197
985305cd7f694c23,0.4531744490891435
b84c087b4c8b4202,0.5137586615204766
17454b95d7812dbc,0.5194934624458447
e6f9f7f22096a96e,0.5484968202601694
a397e6464af73f63,0.45930663675608974
d7dcdbc887ab2e09,0.49302117370950693
29c51241725b7f0a,0.48848454189231716
82d5fb946067b242,0.48732620393851867
bfab88edad2be746,0.4943657916871298
7d562d2ef87c994b,0.5407903568686772
e422073d1fce7fca,0.5145415285205275
4c8b51f13e31e118,0.384859069018209
182c0dbdd806ac29,0.48855955687070063
ed201b9792559c6d,0.4581844878584995
42a7775f90a474b4,0.5177517931181759
f3c9481aabedcfbb,0.5083709013947605
4a52e810c48221a2,0.5516094826609732
fd115e85c596e09d,0.5238711856296011
adffa6f8f188be41,0.5308052598678938
7a85e3e352440b59,0.5167384863893789
e70daa2b5d7d566c,0.47894187028282675
c588d39c0af49217,0.5357630432038188
ffa3815561284a2d,0.4700004435594952
4e911531081750a2,0.5102705409848712
b1d64d6c9543bee3,0.5217553391486534
d97549fab8ddaf4d,0.514729027541671
7a191e5fedcbb84c,0.508925370048547
9c8d043d8bff07c3,0.487129611930351
3dfaf154f2fbe0c3,0.5118803821674713
d8ce8f5dcf52420b,0.5045529169402593
09bdeb5a88a7857b,0.46005621933417007
1c3b7333905d82f3,0.5150051891182876
93f8559a52b6e42f,0.4602142877839476
720d083914966ccc,0.406390492062495
c7ffd7ad251b92ff,0.4123213594049562
99807eadab582b29,0.532805042752931
afca462d1631b40f,0.5314002834684485
0034a55f524d26e8,0.39423066295757847
ca9cabd06103605f,0.3614617684510286
3f841f49b7e6e74d,0.5673188870929239
b93438b66bcf3a7e,0.5239072606179846
fd91c349525839d3,0.52032975043633
9dafd92c4f61cf64,0.4435480777533982
2033ed244c707045,0.4027892743739332
196ffc52bee25404,0.5235024029758673
0e95383e4d2867e0,0.4979034652420946
c4159c03c549dfdf,0.537854163219996
84d7df3396701c02,0.5029412892354252
4c3b0149b2b792ff,0.5506063928096452
89cb5e85e5d63bc4,0.5306998527798685
ab04bbe2c7142221,0.4971161440699925
8d2ad3794137b963,0.4815654066096049
33dfae4b577eb91d,0.5629712038740474
38019cf458f0d470,0.5595632865152533
f84d50a7867e8301,0.49500271021682796
b8cf5759fb31a359,0.41551063776447816
c6b96c4fc2881dff,0.5219783030778293
b1ac681f2fbc4f68,0.48547456331610683
3d33ef72a6d1962b,0.5106600614011728
3828bb216ce0e1af,0.47543712568911256
897f5e8bfd78f29b,0.49892218636690955
c226fbf896df1cad,0.5447086601897055
607f6ba98005582a,0.47183170388708584
fb7b4c02627af9ec,0.5045782998599717
43374c0261057dac,0.5215978753515096
0f3e5c2bf1e10ba4,0.5229442623848901
50ef1b5886e6a315,0.4686515147297676
6a1a935fe815aaae,0.5162582761910663
650a0b2a41e56c3c,0.5299201817911506
f39cd8d835aa556c,0.4837357535909258
5acf935e5cae44e7,0.5065311222521218
1b99abf9a0dedfa7,0.519779639972255
be86a9a95b8a6e82,0.5019496260623841
331067c701ab3c33,0.5033248206718254
8ee76b9d460efaf5,0.5078569939279152
0f09f833153f2d2c,0.48277159497529576
926dffee715c9f39,0.5422985843656745
cc92f4d88994db5f,0.514773185484525
801d092088384503,0.5290712228801079
f474b06e2586c98b,0.5015060215126061
351d3ac390cecda2,0.4982884602861273
22adde97bcda1502,0.5014225508711675
7ecb845fac887b65,0.5123256410857941
1ad42bdb7b506f86,0.5040152801213289
017192a9431ccf25,0.485377391481834
32c8aaa5cdcbcf6a,0.5009541109002775
42c645002caed24c,0.48092243532467416
6494b2d213f4e684,0.5102133371094298
0b944a575e454531,0.5052710760087868
cfeeb1d000a3be47,0.5218049556935743
b41e74adb10ba537,0.4611998486166944
e17dc51d8514e5b7,0.5145765495238238
bf731c9a08e4b20b,0.524052695115163
f1fe9f0f0696d81b,0.543032113121322
23880140c1c572f9,0.44167463013106045
71635f480a9adaa9,0.5150608222702872
5aeebf7dc62c5e55,0.4964066282108792
1ce70548d662f9d2,0.4873384750004306
b40b1c853a072db6,0.49001809589472145
19e6b0916b67127b,0.5449647109775704
9d52b76bf5fa0cf0,0.5239567007819022
6cd1b20e9915ea6b,0.39825694368882936
a633a6d742e90c85,0.4923199387385544
49897f6ef6cb01c5,0.45845528915529077
12fb0309a00d1ebd,0.5269397646662994
b5aa0f8d4baa236c,0.5147148931508374
a071d02829d25c74,0.5578797951797669
d96a034245c00d17,0.5246678652092096
5c5c00204a567755,0.532696902711213
c2a5efc1cad66a52,0.5206608928209591
10ed64e44150f44d,0.47303688260789567
fb5fa71b6107113f,0.5279586666835547
f045bfc513fd0b8d,0.4660528192521407
0cc6f97db14f48ea,0.5124856789657575
ed443d0f42b75569,0.505359481617692
9e990cec1847d24a,0.5362217925587396
8a3c7e5d1e4db7fe,0.5042632962423792
6fbfec19417bbeee,0.48158883931672347
ef864f04da4e96ae,0.5082293932433638
efcd2b4bd3e57621,0.5012771825717567
b777b7cb11d7cebf,0.454363185522339
d13b4f00dfeda7e8,0.5050952503675312
ff955b6283c38bb3,0.45021919191731363
2761bf682ac9df0e,0.41234678520027945
ee62629bb40e9140,0.4119209710329852
80f45f71879beef0,0.5414498643937855
e56c2b994e6db8df,0.5304011692494945
302ec48d11eafeff,0.4022852310523858
ceefd75786c643b0,0.3571199381163186
963eb800cdf36686,0.559536206988944
5f3d5d4cba7641d0,0.5209534962981057
04961b120ae30bd2,0.5189207659267505
17bf4e1093579ec9,0.43180481912209245
803b6268152d1bc5,0.40370576351926357
8c1949269fe9fc56,0.5158714204472922
2df21dbe1588df09,0.5162169953007218
72b29b1cb8a60e36,0.5510909742719907
e46c6ebbe113d924,0.5256400489906142
0fe7fa4689ae18e4,0.5542906046422222
75f4078eadc04ceb,0.5246210658981023
36c46bfa3b3059ef,0.507868652627496
b67fc0974ea7e702,0.4964494368716762
687618d8de312c4c,0.5496506074566136
b4523d95a2b57b25,0.5586264437355006
2cd5d55128382dfb,0.5017334038603121
528b3a1f0118149f,0.40876436276496364
41b37fd995ec3877,0.5334418703292065
b473fe61eff4e4c6,0.4847064463418007
b21606f790c4aed2,0.5184997678320945
ae5d8b15a912823b,0.46410600828847337
5e18d2214aa7e518,0.5096499048742922
ade92a887edcf8a3,0.5415395000677079
66f9b92ac4ce3cd2,0.4705393252951088
73dfbcff80f64ff1,0.5101577932423593
c9d30cf2bbac643b,0.5115916077969267
8f7325f2a31bc194,0.5097356207176446
ad7abace26d64a4c,0.4670158063765576
a36e78178d9107e7,0.5128611378846791
b2f237194b32e2d1,0.5281630831221791
92f34d567889f5d1,0.4803330991206345
9fb0beb9957298c7,0.5017853973921691
f1081b5b8754c685,0.5107528548427074
91539e87c28ca0f0,0.4872685230963133
c6393fb0858b2727,0.5049582450675473
130a78cdb9963bd9,0.5011197185792626
d84218d5655b4f4c,0.47891880819523547
e8b4a1554a65e9b0,0.5375213953639617
0d801f8a15d23039,0.5058500036447671
fde8e0c7c1d63acb,0.5438771322213232
42e8503626660e07,0.4899782662192569
d8a7e9f7e06dc345,0.4925064235089206
28b74d6a38e46fe4,0.4795188914174675
54e5ee3f7202ace5,0.5200444119951637
3e52cb4cd27b49d3,0.4943792909189041
bb83c851417d0550,0.5052756241910257
b245a99ba456b14a,0.5078897663968996
bddfa680f7254d35,0.47900045198658026
4f81e5e1983a503d,0.5221189226035567
d8659806d0e6bd40,0.5116255521146555
67aeb838de77c96e,0.5139569795450656
fa7554b67fe9a429,0.4638424902320848
9befba3c63215bd4,0.5315681988307782
94b93ee6038602a2,0.5278215089904241
0a5cdc0ddc945ea6,0.5491425415289339
ceaa50cbd8b3e4d1,0.44291137419237847
7378c45a326dc23f,0.5081073032307357
7c56af5c4ef5ac93,0.5020189513769808
ae7b52aee0f5bb87,0.49545283780983485
38192f6f78d27f77,0.5218794203956416
fb3f4fcc9aa6842b,0.5416664467072863
f7c6d4174a3c79ff,0.5407082730903743
3c87ce4e4760ffb4,0.4024464648147663
c0c32a36ae031761,0.48782581942006575
60df5f8914f2b1e0,0.4694308559219105
4439acd4f8962e91,0.5247788115243706
e2372944e21d8f66,0.5111528835051896
ff009c10f3a768d0,0.5730180592587091
ce9f402f4aebadda,0.5215463933978896
9b080c247f2f5b9b,0.5314032973355389
9e66dbec99b53295,0.5094513281494619
baf25151e5065737,0.48280251100144955
73368d4516433af4,0.52622842110539
c72e1181d3c81dd6,0.4657227150385812
f426f3b2bbe6d9e8,0.514883591690503
080c48badeed29db,0.5235249722691824
e39e21b171c76e1c,0.5312715633478966
86fa4068b6a78b25,0.49639519529202947
3ea54dcd921f8ff7,0.4790110588199491
969e16ef46df839d,0.5015261407631512
a9a77fd985ad9ae5,0.47834639406975643
dc751dfa1043c15c,0.45296514533855536
d2b33d9fa2083e34,0.5091735182991342
c6e7e574cb8e0bc1,0.4552722902423677
29644c9c649e1eb6,0.41725016365454315
ddf8431e86cba01c,0.43100408763646214
642ffa1eb1d80498,0.533925854069493
e0abe7095b19bc3c,0.5385178788329884
432c34c549b922b7,0.417910877001505
e86b1f92def4b5a3,0.39051329972781745
280614c3da435608,0.5552966826875528
ed73765ff7c33152,0.5108825046149443
0d0270d468206e3a,0.528561741108812
85dce060488802fe,0.43501220325791057
d54a990a2497ea0a,0.4140101852699699
605b29af34672049,0.5203052989261526
e6edcd1c48800d4c,0.5065435289435155
6919d8aca2f231cc,0.5272808809612413
83c04f85c41705b5,0.5141142290521539
eee3e7dea37ab066,0.5430612878718237
c3073792c7a82797,0.5389142812276562
e0aa3b37ff994902,0.5036381790729247
2c8010b571c0a743,0.4924488347655842
d30b2a4e2a3aceea,0.5479642612550424
0c6215c06258faf7,0.5512826911218558
ab2ec8ede94ac2fe,0.48499443195988023
5762b0ce660ff937,0.41813338365493147
1e44bbb87fdf72ed,0.5367184231756132
559594e7e6eb1ad3,0.515242952368367
4497f081ad53cdc3,0.5117387647823038
79f37eeda1d3ce25,0.4830871547883786
969e8728469988c8,0.5277447177193798
3af67c56d5eedc99,0.5426827136229424
8a0528e097f402dc,0.47668723025151416
39755bbe1c2d598a,0.5143201920905123
65c13495b8b5a6a2,0.5331110312591497
2582472e50e87d9c,0.5357124093960703
4e37acae27cd4c9d,0.44750491911826606
400b698ae262506b,0.5161401810707474
d99acbfd72ce4399,0.5273867005307729
22821674832acfdd,0.4592555856507967
5cb2edc4f41169f3,0.5050416646678761
ce31ff759270457c,0.5222282390354271
ca3d3f68cd48af01,0.49604059832606395
8294fd2cf8e516e2,0.5058760858508498
2b8cd02bac1528d7,0.5056711672611467
8dd59b015cfd8349,0.4702452219981479
e2aa79f764020104,0.531411496799192
6257c61a403a388c,0.5274557052481743
69a5e61a0679655d,0.5441007098282045
38d0fa2cb297c401,0.4909714658573676
381ace22eec693f0,0.4926346712094798
b8b3c32f55647e69,0.4917818897649916
fa1581905133913b,0.5151708531678543
2ecb6cfa71a4703d,0.49846536809214026
7b5695891632df36,0.4938454156119547
f72ec73c7b279ac9,0.49614349559158055
21bdb02abf061733,0.4638579892665535
272473a3e1ba9eb5,0.5384811853257667
208bee2fc5f15a01,0.5052063205600047
b878ebb12c197d94,0.5168141011173912
be8607194b90ca12,0.45353571434398765
53ea2ded35ad162c,0.4973030297198576
448bf2339aebed57,0.5435852659572373
04991a70c739b0c4,0.5608385248010497
e2f0a36554d8cafd,0.4519215144586477
f80ea406d9f02039,0.519051683995754
a47c466b49181ca8,0.4838190591394619
daad3dfcbec0494a,0.4885480236217803
51458564d2a69e07,0.5061230444669775
85ff33e505be5f83,0.5271755378409442
9f52b1976b363f40,0.5214620774335954
8f56fce098a44b8a,0.41334808425429914
e0f5e91929b0acc6,0.457930331447191
f7d3cbd66f4d6da6,0.46730141090538413
134d85cd36018295,0.5288729389724884
0876ddfe17d08029,0.518967512455046
1165787807617f4a,0.5740531990336911
ed70e5916f2b775a,0.5221449194292123
5aa123b009c199f4,0.5217436821600165
4074d07b8da9eca5,0.5046985262486026
d2314ed815760733,0.4850348812242058
8ee2f6cfa51ff067,0.5374103017366834
321c72f14f487f4d,0.45607767218789497
bb2933c70ca179f9,0.5067107908311457
fbe5b1b59b7cd4c2,0.5277160069830154
01c4259d819f5e8d,0.53721311178486
df10e6beae449e8e,0.5039453035698452
72bada9c172cc788,0.47850121767907416
90b8343e2670cfa7,0.5031075212829097
a3c5b4c76eb78266,0.46655462142043314
4cd7e56df840245c,0.4644156770123531
c6da5fa361020ee9,0.5105579254264393
470361478e531f5a,0.4577381144128303
66c4a2f5c5a8f7c1,0.42988972970718187
77f3a5b0d896fac6,0.4329859239982967
7b3356e2663208a2,0.51626913515331
4abf4fa5f3ad5b7d,0.5416913329472718
c9c1be2633b38ae6,0.3969344141027411
a6ac74a0de9f9acc,0.38815412654417414
7e3321d8d053f63a,0.543287996657809
65c82dc3ba192cdb,0.5077698814408576
b443d9d26913d931,0.5105939123640911
7f35c3468ce93e44,0.445685411964871
5bfe77e72fb7d1f3,0.42057672264417745
cae1fcc4e4725f57,0.5247728689729163
463ab4a842b8daaa,0.5007537885840466
1102336cd63c68b2,0.5387198072102861
70a80a5a4f133afb,0.4994724680913456
73d9dbfd87db6e27,0.5409849664027988
ed30dbccbf537c2a,0.5324462948133784
ff2f050f96a9aa06,0.503392526247092
b97a1e1655f5d7a6,0.48917396687779324
7c5cdf8fad1e8622,0.5454375852278406
b2ec591cfb3e7966,0.5513847108223273
9aa3c604dcf32849,0.48142563839932273
a85e6d5ff005c91b,0.41177732573987624
ec00206ab0b18eae,0.53743579524879
6611d8686b7f4801,0.5147327913005759
ff7d73335919d4b2,0.5100432241660269
daf701ad708d9934,0.4882696452900319
9cb5b358858838b8,0.5235021320534005
684a6f5134a340ea,0.5498366056378723
d0e890f3f56c959b,0.47841180354718893
a565cc2fa0d3c82d,0.5179111213275722
fd1b1d23bde3bbbc,0.5331464986730445
95b8baeaece9bac7,0.5444879554882756
b05b91289a3f4541,0.4431759146750127
7f4be5f0f49b8cc8,0.5167735247656635
faedaa5cb57ac0e1,0.5301121747902082
9fc9e4c4710e485e,0.46376719220994944
6a4ff4b297d826b8,0.4994924481997496
63e38b23d239106d,0.5315361587348659
ef68a83e7cee5f30,0.4946946597620133
7d0e3fd8571c36a7,0.50722225713148
d14f42b67a04069f,0.5051360641421254
4a9f45e2c40e3d06,0.47271323775545304
fcc1f0b723f40a6e,0.5426385482475091
b71f0fe90ce44573,0.5299548197101929
820265f77038713f,0.5376233092338264
a4d0a2b7f2cd8ab5,0.486378046171136
e93e4e4e8d4e0b1e,0.49393034549539827
4dc35eccef8d691b,0.5134146055390009
515c37e7281ce02b,0.5045038186603823
a34fb46a8886f989,0.5103959751247742
784fc2a07b9d90ae,0.5003096832157188
1dfa4e6908f9e9be,0.5070703744728794
a179c55393ea20c3,0.46120142364849737
0368134ea725e714,0.5336431225000297
4430dbae09ca9e0a,0.5079142591649168
ff5aa09927a4553a,0.5189323246090567
d3062a77334aec4f,0.4537031626019221
2d98c439ca726a97,0.49697724940053667
8c2675b88c5c47ec,0.544770410143665
de69f4f5c1fe0921,0.5565788561979137
61f337fb1d42dbf8,0.46095461148159045
f6c5eb3f8038d9ec,0.510413476208585
b860f3e589552826,0.4816793358339936
47a94be4e9abcaf4,0.49753308095253534
d0879fcc188de5c7,0.5077839724381448
3cc331cb659c532b,0.5403482501553087
e09d5792cdbe9426,0.506117695069374
85c3640cadffa6d4,0.39958168124923865
172376aa62990220,0.4628640571554856
cc65e45fd59177e9,0.47037664290142456
06865ba8834a4889,0.5320365662827751
f3e11379e1f3b769,0.5130111673172006
a030ffe7f857798c,0.5759981161873617
d1f7df13178f0690,0.5249510885669242
cf62679adb17c2e4,0.5201093190255452
45527e736ba50f8e,0.5104161309996371
949c614c1628317e,0.483750344942411
2e8c517517c0519d,0.5331321639183544
c030e1e1e99f66b9,0.4651573788822332
e6dfd7e86ac2c5e5,0.5160635885937266
45f77428ca22c6b0,0.516173142291609
f835b36ae7fa4888,0.529004082803787
ec1745e74103e2c3,0.5072302250899214
4e0a1d083546ac2a,0.4734560177726992
2cf85e963dce6e35,0.5054408262018654
58762df57c505668,0.4742230015024309
a7782cfd97258952,0.45821225005179955
0aed287a1e812247,0.5126194556003829
41e2976b74fb61e0,0.455223284465778
6f0bd0811e7a6552,0.42655559114230335
b7ad54f13f83b512,0.42310480974752496
ccd504a9c54c290b,0.5175078651359997
d0ee4150b686b5eb,0.5337828471504271
5b67ae721d626fa2,0.39193947999514767
f6263a867d104edd,0.3853757698494338
9629f9d3bb0ce9b7,0.5449616766510481
4aadc3bed4129a02,0.5151136957498098
671c19be280f5ff2,0.5163794613398949
0d19323537683bbe,0.44399891668660074
82074eb7df54bd1e,0.4231764432784755
e87fe867871329e9,0.5274474782767447
f6f091eb33454a00,0.5013120184435078
214e084ff783e039,0.5257832499888534
0ecf885f20fa2cfb,0.5000577556647802
281ae7e9c784add5,0.5393854737835557
b3393ece51cf6452,0.5309492471891757
e1a36cff8dd7e38b,0.5066945774752984
3044b707cddd823e,0.49208794096569686
d66b8ff28a9474b1,0.534006744240006
dbc04de7ef48f568,0.5514794674069972
8e903187dac7af4c,0.4837672356126844
e2a82aabd8493164,0.4103001159271975
171b0ee1404e2157,0.5379240239126548
2cc1c342c7fa8a08,0.5137296187314602
8ab1f0075457e4bf,0.5151976528865297
5f89ce13859276aa,0.48460542521916605
26a3913e340af4de,0.5150656528608895
8ba62bba093a53ab,0.5455309519145801
3fef84782b5db24e,0.47431395398155396
9b2f06c9cb146ee2,0.5214884647905546
0704d531650b54df,0.537719855064165
50446a5f2fe972f5,0.5440442840635444
cbe36bae71808190,0.44357911772904457
7d11d0cfb422a56b,0.5201481236626493
e8c33eddf23291f0,0.5298737017651647
c10789d807e3da34,0.46499376587469854
e515c8d40e494a1e,0.5083233687812999
027189106e02eca0,0.5139061045197972
c13f1d68198afe5f,0.49891549600206186
265a0523ef112d74,0.507034169581045
8e9a27b28866f736,0.5033263455893937
ae289eab7e7cd023,0.4672011680175875
a97bec33dd973ebd,0.5431968562211635
110cbf5dbe8b1ebb,0.5268505938286535
1faa02d6d8126258,0.5439004600947246
a33d5c9f45b72c0d,0.5005707259796743
96d8a871cae0fa81,0.4868234575376017
9277b76ca4bd3544,0.5084094242394446
e649a1eb9df7e5aa,0.5014642334370809
c3cbb0073a0b6896,0.5096263484705124
d26948370fa6fd90,0.4967385153575512
d72ac5444311911b,0.5021874481733305
cd87f51acbee72a7,0.46938274567926763
ba14ee3f0f17e308,0.5257495006424177
37c2e8a0451f8495,0.5137824530513269
4bf0fa028facdafa,0.5176034716940723
1269cabe76aaf87e,0.44809966161852666
931744fd4ba4185c,0.4879139987315375
e08862e9e51d5ffb,0.5445337616811614
59d6e63cb811296e,0.5551105208690458
6ecd2cf9ca2807db,0.4611509706831327
ed11a4b9fe4bade9,0.5174967045395835
928acac9c0348786,0.4828574033624329
a929fda301ab5387,0.4982207754215443
182b7ea70087227a,0.5095146608096723
30fe9e0a8596689c,0.5337531551800023
491299178f221d57,0.5138659526768483
4f0f03969afae3f8,0.39182359524853216
05f24f3513552f65,0.4567542807246572
eef9855532afded7,0.47398850184928454
36455e504c9babaa,0.5266989696998016
2cb33061c5628bc3,0.516342715069865
22ca1233f0f3d739,0.5738050128308833
6eac6256a728f69d,0.524984999615379
5e724c09c6918f67,0.5046016740513485
50aeece44be50cf3,0.5194199768510981
b8790d2d328f3747,0.4711656382137609
540f3c635aacd43b,0.5279043995279236
c801475ce60a3bc3,0.45321865072835077
4cd9a4cac9fbc552,0.5202333046942691
16aa9c365abf84eb,0.52778724007487
f72290bf4fc2338f,0.5303859823633386
6a3d5215c4f6118e,0.4922804372891184
dfb45b66e4d0b59d,0.4825393142590685
c99f8d12124d9002,0.5095226325900166
5b1db0fe7f636b66,0.48834770541954775
2d30b764230d357e,0.4720865642807417
a24f3c987c7f9ede,0.50734719235535
f114e9b68e70baa4,0.4477637505082632
00786c608377663c,0.42358653271373337
a7fcb3582c232723,0.4187447505225884
6981f7bdb3c02ba5,0.5200541564258714
6a97b5f183cc5e3f,0.5380307180866104
52837d394e433843,0.40130301723316886
885149e05ffc9458,0.37816331239675804
e3309bc86e36e0e0,0.55058305310281
031880416f0fdf53,0.5091915860307062
71b852f29785e76f,0.5119678473120255
ad687d5381daf588,0.42587239963335966
23f5f63d9185a2ca,0.41426972617993485
9d6014aba2fd85ed,0.5161606034887862
481836ef7368cc98,0.5046711686654479
3afb16663b89675a,0.5328437215809598
14d6a1fb28c35665,0.5148340166471558
f0184aa6e0723c51,0.5478027780721494
1e2add5fd3371bd0,0.5288304876937993
13ed89dbc86f299c,0.5136410152263549
e38bd2698834e259,0.5053913951437586
fd6e5efb12c05d80,0.5388151377070332
183b8a6e104e54d7,0.5592133831305891
315d0b3b350ea7fa,0.49915516931081716
4c88e601896723a2,0.3958721861413308
f9ae531318d8c684,0.5376100024754469
fc26f00dfb2ec51f,0.5035807537690632
9334251da68156d9,0.5009147462705191
fc3603271ba50bd2,0.47375641967660664
abc06df6633944b3,0.5093447434586291
8ee242f5d4d285dc,0.5418593461129341
fc9dc5bc85b35c25,0.4719983757068049
c1f367c8da510b36,0.5064497806085824
17ee9d63696bb3de,0.5324256912614227
f7e40dff9f4b7847,0.5458735730646798
f20a5bb307c972c5,0.4637508333426481
13a1591e485157ac,0.5198879680417667
b171a0691ea6ed78,0.5253994829607229
8460159514bcde12,0.4741671506636146
f5bb7cc946f5db7a,0.503859921862679
61ee3e450368ca03,0.5231759879688591
ff592ecaa326d7a9,0.4854125008291871
44d49ff4c5af5be6,0.5117588647170122
0b57e8c0be6917c2,0.5085188215631172
c1cd1808d5b275a7,0.48211995915269856
a1bef2d6eb4eb342,0.5344769403009642
28072fd301effd29,0.5135720520722841
b5a7100fa83c55da,0.5469073646797907
81cfde15863690bc,0.48488223638647676
4e065316c72eae9d,0.49021558954540745
4c97d4d8431ec60d,0.4979470876168922
58f8f12417bb3589,0.4861682309356411
1bdca1cefb7e85ab,0.4919804371423373
fe2bd12262a9a324,0.4873675922396483
8e65b7ad52b29ada,0.5137214251797972
619cba2da9a4b413,0.4827766015449204
8bab05063e9fc4a2,0.5192475738641916
4c91492b265e92e1,0.4992505443223527
b0eb206804851a9a,0.5147676170233841
9f435f3359b49a12,0.46668807080930064
191ad04a1f9c417e,0.5116625695132534
afd8df08522f6f84,0.5340237453739752
75dbd4124496b059,0.5607091467479395
6ac043c22b5e1650,0.4475752222893332
ccf99c64e232939a,0.5315299465088871
7c3d79b67e8780be,0.49957138914696186
4bebda9e409c682f,0.4999243803579957
ff6e8589e92b9c3f,0.5221834769230532
275e567373be0ea3,0.5416557081308957
7b530ac87618e54c,0.5433276730026423
eb61a7a50f8b3775,0.3827128889096768
4315ebfb057858e7,0.47271143523991443
48c24e9b01ccc914,0.47927611229631306
bd05220c8517338e,0.5340618300482334
f50614835dbfd06b,0.51403637330355
702fe6919f6f21fb,0.5705779032045082
3fdb649c3d7c58d0,0.526478348936513
e291592940e29304,0.5032809139028999
a0f2cf8b2dc9b077,0.5188119040280452
99402bcb0b5894d3,0.47450983581438333
ab2cf9bfa1bde070,0.5317062818721703
bf0730a6d89f6ad8,0.4498141862349554
60fb46a9ea64fee7,0.518845379257448
a57a3b697a3ec576,0.5249090247743775
6ee1664c45a1699f,0.5290532644233381
7f27b2b6e0429e5e,0.5036701858299669
be1e2a107ec65ca6,0.47401126756208867
73d5faab755c29e1,0.5075663707389276
4ec9b4974e996aa1,0.45984382342693186
550b38ebb7855cd6,0.47444698027306953
e827551f47eac27e,0.48202985650880825
3c6bc18af804113e,0.4432152144885979
d26bd85e07cdf9e7,0.41903347790086
75dd6813d0e3c497,0.43325830368107254
a80432671b22a2c1,0.5166268780385102
a2b8659772951474,0.5491281671911403
018e80c6189b4fe9,0.3860630552116011
646584c2d7edc4b0,0.38019500207981616
856861f9d9216fd0,0.553790991913172
e016cf2d13490f40,0.5277763332977267
8c7d4d74d8aa81b6,0.5145598534690112
75647a7eb1b343c8,0.41846106363846114
1067367eb6afe8b0,0.3921048559453212
bf289738b8f31862,0.5249478370619429
145ddaa1543ad367,0.5088798844283637
87a9d19da34779c7,0.5284987478068794
8c79386a97bf6ae6,0.5115064862441736
584c97f9f84ca415,0.5460417915609627
d471e1dd686068cf,0.5300870331170624
7b9a619585f36766,0.5098003187123424
ef8e051a78cef7a1,0.5120007301965355
f4bb5e7988963581,0.5331903756775529
0fea8b02c9627df3,0.5495794707237763
0c00314f84272012,0.494559270947329
a689dec203801a7d,0.39445957352586536
a6c04e1935f9647b,0.5345083622637679
4fb93fb44f1d2cd1,0.5029558693236891
6aae3e3c68ae895d,0.5054003065748038
fd0c9d3dd026b12a,0.4726071149860027
6685ef8315f23287,0.5016555738590025
84507f33259db070,0.551495106847788
086263765d4defdc,0.466301832619165
91766fbbfc60999e,0.495162040572251
432e76f3425c556f,0.5351226171749206
ef3bfda5c9f8169e,0.5451361366366658
bc1419e6a07b72ce,0.46218949221646055
c1176a385e5f3834,0.525776540539057
00be577e68a290c8,0.5299912151833139
d3059d4afc3281fa,0.46757938054648274
53ac5a65cc64c6d6,0.5286698392554159
fdb52fb302ec9448,0.526669260206496
17a6fe20df8a84c0,0.4908699761241294
a7b0c979b43fc78e,0.5133408474024379
ca8ef42be7f972ca,0.5135672282772035
f822d0fb76b8b51d,0.47354041171555894
8fbeefadbb2b1b05,0.5475172673513523
af6114a32f590b26,0.5273097458690021
a0cb0ea2db270998,0.5465652667056234
af4f795a6005d2bb,0.4987201890263424
0f7a68d56918f1a1,0.4982218335249644
d818c0a052fca292,0.5084454911117376
3075ddf192998767,0.4944960463940895
eafd357091ff3f6f,0.48962470176279926
0619476255fce656,0.4828828696432135
41c910e0694cf5bd,0.5149468048354127
864312918ca6fbc9,0.4846064565289556
6e7964787d34b40f,0.5238352506263204
04ce1f7327401545,0.49567464537661454
9ada9a5ae6f5b741,0.5025416056189167
a9964553dc5fb244,0.46837282502498456
f19b206d2d5f61b6,0.48879056362934237
fbd3791bfe72e66c,0.5404071765751699
3f89943dc8cee74b,0.5668419987976091
f795cc862a0c0ffa,0.45260264347772794
136edb20f14a291d,0.5214988216323749
fa05a06f9ddd8458,0.4973089683204299
79b43583b3031124,0.4941471783766711
28be78e27613523e,0.5166447784566999
f5f1087240620a0c,0.5486352124172399
69b8567e288fecdc,0.5333684355452935
0b77a8cd4414477c,0.38604096239968444
7c28e21df1171cf4,0.4625585414355279
80b47105d452cde5,0.4704217165148049
e7acfe9a0515158a,0.5295583047174696
7b8ab75872a0974e,0.5266856408100977
25dcf0dbb9227223,0.5701039859479218
d9000b70b68bebf9,0.5321558248684632
4b1208056214e913,0.5001621882980953
7cd34caa9298447a,0.4970265875108799
3a713de5c73f39d1,0.48183051488779594
c3d7c4fca80e95dc,0.5323803487749954
f528a0ae173a1379,0.4520600272731461
6ac6f43d2cbe0c1c,0.5389902853180777
797966f3993eb019,0.5152115655868845
eb14f6ef7a12b5d4,0.5328144042453504
092ce793e8807bed,0.5194378416789098
8807195037a433e1,0.4649689352006581
186a0c490e7d2384,0.5262637112573401
8f2349e02ad9e456,0.4559120448474756
1293bd287788cd3d,0.47374622044805326
558173524331a5be,0.48956750700649554
0fd6d640dd7c8d05,0.46296507761196737
71c831431f23959e,0.4344973822468605
01e99b5cc5b521a6,0.42878107083587036
0be1bb2f260f66be,0.5163560416288986
210cab7e474b7728,0.5445715336003794
cf301756fed3920e,0.3897958398971273
41a3aebb39ad5743,0.37471989302210007
65d45ea7230dbb5d,0.545894612963604
5996f8825e27deb4,0.5122123627112932
99db9334c0485681,0.5228094931492067
1dc1da1cfd904724,0.42424736331367385
2a89b11186cea95d,0.3885813909482049
85239a3afdf15458,0.5292041680262567
38d5d64d1333d129,0.49729762330091354
2ff79ec3e57a3091,0.5213384039864108
19ace83bd6f2ba64,0.5015232900667137
bab843d80da42225,0.5385772380916132
5a14fc3a071df263,0.5303444475468644
ff643af5aec157a3,0.49937310287602865
e656b883a0790030,0.49545847685291333
b286d146149f970a,0.5350961315594636
b2973268f47d8f30,0.5343218119194143
8999cf222a412a87,0.4911358699089635
769374ae3663444a,0.401574198168022
411ed6a06b756d7a,0.5207658693312113
9a92127e504ecd9b,0.502737795361839
75cacf5c9c84ddd9,0.5013836168573287
60730e22bcfb292e,0.49392339244727657
a7c680a788e29add,0.4958474640032863
9517c143fcbf4f7d,0.5552254910907761
7ee72515183f74c7,0.468348407258395
b396a1feef81abdb,0.494270829303774
e4a01a477f535b72,0.5365368243202129
d90cd565ad096e75,0.5423453096895566
a8b0fe49408c4321,0.46083260219498223
04de5115cde65101,0.5176006476888799
dcb3c7c09c17a3f6,0.5458255955383738
79be1b8a243458ed,0.4520948793139201
4f8b4395263c7b74,0.532705659492215
aa709ce6ecff3c64,0.5348817373915262
6a6b2016d4f8f686,0.49708766358669365
735277cfc8f3460e,0.49819268418754814
d936903c853b1d85,0.5092676007218285
216e29debdf51e56,0.4659130080170313
a19cf8511bc872ab,0.5424443310740045
3d5d5dfdbe455640,0.5370077803292626
4612e3b5f66b53fe,0.5445586251252251
f58aec25aa1ab263,0.4913356674894801
48608468406cd9e3,0.5025365569930778
9c258831f0656ad8,0.5115882385265573
3244cfc93928cd93,0.4960081675517277
bd21922d168d1c3d,0.4866729536408827
14c2659f121dcbd9,0.4861016955761158
282852016294812c,0.5184336479775296
647cd49da1d6dac2,0.48881498072836327
07900a774941f269,0.5131210209624012
0537d99cdb792e8a,0.5001027636001999
cbf1081380cfa5ba,0.4893649649731704
7f42dcb0b8ae2e0e,0.46804237208670496
d37f4afb996ab1ad,0.4931266107682156
ff5c089f396f3c71,0.5413896157293789
adcb2c938dcabb2d,0.5666660925669411
7c852c8264b8cd03,0.4688698963853073
2f00ef38d94c5d11,0.5051303785579231
b8b5af184efcd41c,0.4921990478897267
be59aa682bdc74d0,0.5134833512888495
b3a6ae5098598a04,0.5138055209947754
4791b180b10ff50e,0.5462122545952546
10df1fc8a5a60c8b,0.5229000146840082
bee1735f88b445ea,0.376807465285968
5c2dfaa0f2d6d72e,0.4549865510387293
85c0d417a984446f,0.46765099181662717
10b2f1f8cd00aefd,0.5353571821143748
be2f6bd186257824,0.5256501897856516
684690b12065bea5,0.5674452484057418
957597ed4e453193,0.5296288513631797
359d2b618a0e5f31,0.5005302978756083
b5d0dad48338bfeb,0.49498079669462713
9e45d223a4da840e,0.4673471692580681
c6b87722c333aa65,0.5296382329859564
3521687976d0756c,0.4474839775909336
424b90fd536a7685,0.5430519463516954
af50c5f6307620f6,0.515779910021479
3582c0a567cfb317,0.5207242190592216
4080a64421157274,0.5129814411463508
b71a289c216ef1e9,0.4727111848143273
c92878c75537ca28,0.5211176254358837
94cf5eeac5196b1f,0.4550223178021804
57ea53a0efaaaa3a,0.4660767196548782
20930b89f67ab4b3,0.48047687409771356
14abb24eb0025d14,0.4659595852287859
5666016ba77bcaac,0.4355337959461727
c0d5aa0fecf470d3,0.4333761601927767
90acc17e0fb81ba5,0.5133827957618045
4441610c0badbe90,0.5487044657546163
b047a96f1a770788,0.3887331643381645
d20e29075a647fa0,0.3812756950057987
61320be2e880542c,0.5480520267172201
a06b9c1b7f181676,0.5162851388691065
7934930af2888136,0.5238936112643999
4723de2da69cf12e,0.4228890149200756
454e7cb9474dff76,0.39371306866370603
d33e50eed19dc3b7,0.5343404087242766
4bdaf37806351343,0.4987703389686773
ecbbbb54994e6c78,0.5200864898783986
22ac2f351b646c35,0.49946776821762784
14768a2d05870e3e,0.5416707608714562
682934005f267fa6,0.5334236795116514
6940b2d6d0e73140,0.5009266406183951
bba95f220ea988b7,0.48718483440503957
33da5b4208907fa9,0.534082864891628
94d6dcf53e3b5da4,0.5480146146433168
7228f666cebb99cb,0.4897617981211647
015463c31ff8c52f,0.41436310688677547
0dde916d2f218073,0.5195302062181224
72fc115388befd9d,0.5058565432147893
3bf1c0ab05f4e9e3,0.499296961970635
5f778b824874de21,0.48047489974516544
ed6ff3c2f25bd195,0.4953631621052701
003047041b5d3f2e,0.5645146103569855
6cfa5e0d940038c7,0.4669551573991241
21529c31cbb67d4b,0.4993564717702712
3f3ddc50cbb8ba50,0.537041452942181
80ce31ce7f499e4a,0.551344290331705
b7139949e918e0a7,0.4627890916069086
186877b8f735ae78,0.5192967872562855
e6e6a206dbc0bede,0.542531908678483
66cbbe893bcf62e0,0.44710370283825007
8248dbb0498a1413,0.5296241997477285
cc9ff7eca4894eb9,0.5283986856992684
8bc6c6c40acebc59,0.48789349564386764
7e95e987711a5cec,0.5024457530824664
e98f1d772814efae,0.5088972265217826
36d9cd04b35da130,0.45455936340213665
b4576dd2a25cdde6,0.5408413283177079
bca2b137dbb04262,0.5445264546196439
b14e1ac6fbb96b5b,0.5420434299470167
8021fcb56d9d4b7e,0.4882927697840621
ad980ea5ade314df,0.5027929628486232
17d19d30b3f73692,0.49157794752065664
b90eaef3a8fb19a5,0.5042404528280628
a8a4e24feef08956,0.4835094278055979
65583e5fa889d4b7,0.4916437557167148
06f0f6aae0f911a9,0.5192560433504273
5ede3388856fee58,0.49302114240060835
56d582ec93c28b4f,0.5194074607030754
2a6e3df1ce97de7d,0.4944260354450227
2eae1ebee5f323b9,0.5015726422683154
8fc9a65f0ea0c7bc,0.4710243726376626
fb8b5e7a45ed9ff7,0.49741823521098594
47ee916416570a3d,0.5468367085608365
a4f7c6ccabd71b3c,0.5696353925403131
c30c7850e1d9d6bf,0.45507761955522663
2b1dfa8f74714d0e,0.4915719014244735
f1bc346736143941,0.4953121388946402
fd34339774b95ae5,0.5161050687041704
8c10d514df01ce9d,0.49644145501773007
d2a023438800413b,0.5337352392812964
5c7b0f45073b54c4,0.5075106759352679
acf16e93cb8ac61f,0.3877964043782689
8dfabf1a3bf9a92a,0.45703247612283415
d4b9ff2a4f76efa8,0.4691415524032174
0b67369e517f84a0,0.5358959801921819
68f7f8e406d47ee0,0.5279563660136674
7169d7b5dcee93e5,0.5716044822458537
89bfc8c337bc7af0,0.526621273988044
6200b4125365f5df,0.5009514138620251
940ee126304718cb,0.496635397836783
cd39b122a5790f83,0.470814394766473
f8b7d48b3891eda5,0.5344799969088442
036f95fa4549d738,0.4372249290532588
e375b97ad6aede69,0.5499872647332953
5c27de629fdac99e,0.5111187382238717
16929e8a7064f677,0.5221855465024832
1b983c1a17258786,0.5204661830143162
71329d54e76b7f1e,0.46681646522774733
144b7e1c36094823,0.5293460209037142
5bc0b89e8c1b183c,0.46863334087826547
998ec74ced14859a,0.4676104934810268
b69c01abcc5b4dd3,0.4884141820847884
add6c9364544cdce,0.47486744859577135
af5de005d472f6d1,0.42927921108884315
07fc940df6690970,0.4380347248491159
113dd02f4a5f8ae3,0.511103327381216
8303ebec27309914,0.5508352954036325
cf14956feda3a764,0.39467580267929725
4b55eb2f466f1195,0.38514645474772624
1b4f1a8507563d49,0.5379593545495513
bcc6192981d6bee0,0.5262407197261663
f3bd31aac18cc691,0.5247708885434057
b0c831efd7919371,0.4156814508590708
4284c68ed45c5738,0.3924301101361948
ef125fe296d349e2,0.5263168452323034
fd513033098bbf27,0.5011867520987573
276ac95d5784d345,0.5264613228665109
d191f23f0ce77157,0.5029833926707485
b297479aac22fe95,0.5400956215036499
eeb5c4f662b9af80,0.5291676624193461
820d4360443d0b78,0.4984635154153013
b370d1680b7fea15,0.4874911789236437
b10e1e08318be41a,0.5330543512865549
3e01de27fa91a14f,0.5449323418391893
e8b27f068b174d68,0.47647998610438935
d4cc74a9ed6bd133,0.4136668341820756
cd0e6b7771a58831,0.5242725842800214
ec94a0e8f736193a,0.5105300899948784
21776bb6223d4d1b,0.5020944024372109
0a8f4270d3e559f0,0.4790318527970562
c069d3162057fd7c,0.5046730655698866
8824f21f2e16c6d2,0.5628425384898739
336d8ae7e476df1a,0.4763483915696767
a1ed46d2f2752cef,0.4985419507589971
6d88142db68f00f2,0.5399639201475324
1982b57b79e115f6,0.5533605932202655
7e18a4959d77abb1,0.45955777556580735
255e5cdf283c4439,0.5225612984842407
a958dc4c10cb03c4,0.5525392951144772
55e951cc72e1209c,0.43901817775151886
1334258e2d5c6e6d,0.5278503344322609
107209583bf76ca9,0.5286234180290403
060039987e05b7b1,0.49532437400970075
952b3ef4c3421bb3,0.502262740683879
996337d999eeabea,0.5055052668134951
2afe897e4758830c,0.4649509639669256
90078152badbe4ed,0.5463227343112422
f35e88f70cfaeeb6,0.5412459151311493
58bef47134987c6c,0.5458576748819197
dab0b7f5d8eddbf0,0.484490880919053
723ac93011bbd74f,0.5000540056922007
b3abf49b25287e12,0.4975096949378065
0cd7c25295e31f7a,0.4961437324971184
93112867bd398ebe,0.48405693829632235
cd5afff01730b20c,0.49170464304740025
86a0c0358581a902,0.5071706840743347
9e1f1aab23570c1c,0.49804238053728767
4e46042ea4bcd8bc,0.5177068618642489
a1b8b0bb23f04689,0.5004149619592734
8d1694d3c6139506,0.4987791898150493
4b5b204abcbd6516,0.4547684798635765
2eeb065f186d19ca,0.501396965869295
e91df4d3f3558a98,0.5420595568720651
0bc5bb6bb3569c2d,0.5653597722545791
e0c63bc3df17a8d6,0.4541623590301489
fa7f18fa37f799b7,0.4884569651290851
af7ebdafa7743686,0.49611253256011134
842d025d9de95721,0.5245637416865014
41f5cdc4a4960b75,0.5039357331833554
cc2b18d02e1f4281,0.5406666469714403
4836e3fb12428421,0.5140808222546036
5f583a7e2da26c58,0.3868458988704855
aea371a926237556,0.45691592625069255
556f94aeebcf7b9c,0.4708977106356479
b2c1210495111da9,0.5342352095109645
2a4bb4e76cb07d5e,0.5257565050245963
6daa90743f8d6bd3,0.5605919974678037
e6a393cce3d3e4f0,0.5307640636502364
c839440e185f9c13,0.5002588783281412
d2bdfdf672a3a376,0.49899624401380815
7e734fbfd8de2196,0.4670286490795268
bb8b01455a54055b,0.5317840754236132
037538e110fd19e9,0.4446450555474666
07962738b7557369,0.5494504631751311
8519cfc90a19c4ee,0.5183257711555201
449d5a8ded8a2702,0.5096103806632326
13ec9c3853ca1713,0.5286628476058248
7484966c06563317,0.4644366863554623
b0b0a8bc8086a1c8,0.5099794059383937
3cb5ebeb4181342d,0.4565418364232008
70f25e69a77b8127,0.4889878565181687
d179460ed4a88f5a,0.49667600910807386
360f7a6536d61565,0.47159025617188755
729cb5c38056a9e6,0.42447601373083355
5d6e405b028678e1,0.4230502985265061
2c2b2d91de204665,0.5096646648944241
839c23c97e3e30d7,0.539737383846511
abfc492bac6438b9,0.40494844221174264
03d887bd7036155e,0.3781018206411998
8452ba62ca84f03d,0.5306078018284021
0489c5071fc2302d,0.5171804929337029
bfdbeb332be1c718,0.5242243451932337
d7df201a57462e5a,0.4317515494582601
12c506a30b951971,0.38841373275701396
79125057beda73ea,0.5330694093716604
50577c6f1ffdad97,0.49704268127736206
9f4b10e066d50274,0.5212785794709223
9fda840203104076,0.5032204169116714
b4cb6e69bd5873cb,0.5305831135008126
7ec6754e0889de26,0.53559213755251
4a8b237278fd3089,0.5124260820950624
b68f7e2a68c9e095,0.4773011324869557
7f5bfda74a34eb76,0.5306938906503222
ef1463df5e0f7582,0.5557185269014343
6541189751723235,0.488417406810549
51fe8bb126a81169,0.41109695882228836
340b9fd1181d2dbc,0.5197235581996796
b3b0a23d8f992231,0.5027083421821454
e1d42f970ad5062b,0.4935661669387924
b803b08e4842b9f5,0.4812423785192905
3a637d7cd29b5c90,0.49825884241398977
b3c07ea91dc0f996,0.5519098678037117
b0ace103a4d76146,0.4716152402566238
2a8e574e109442f2,0.5007817044938088
416d935c2c7bb156,0.540224798816117
6e780f1db0f7be44,0.555778491712668
c998317f5daa0565,0.46316345619506005
56045c1eb539b163,0.5269656400758069
5317837341af5c60,0.5439558132654954
01cf008f57444f61,0.45119467088332665
c9877c12bced5e2f,0.5275255825625604
5e79443be1359e35,0.5288525794885801
27857fcaf06387ac,0.4878144668658899
1442942c625a0ad6,0.5214892638682522
9fecd396cf478a97,0.5072041387061441
c536d0026adb5e17,0.4629951430456406
a0d32f151778580f,0.5335302120035972
6d0c55f8cf7bf4f6,0.5473259674929495
26850675c656c97b,0.5344675933065293
9a09a2c3bd90eb08,0.4815632965173141
34451cb9d7ea172f,0.5027653205814103
57291d175e6c55d2,0.49316164241209515
904e038fed91c717,0.494800754417124
6a3aff75d500b61d,0.4858476902215827
139d571cb75e9efc,0.49178363956495064
9e5ae71592da5341,0.5138025096939358
923a976c3753a3a3,0.4898682840007804
23ff00927ca68079,0.5071269560732228
45996f19405755bd,0.5018911681329672
ee0d26806d5cf8c4,0.49534632421886826
278f0bc9441ca8c1,0.45503768445914683
8368b6a6552450fd,0.4874460810446628
82418bf848692d80,0.5286856015226346
15a96f2c4b2c76a6,0.5777709809218605
7b82e809fdc2d112,0.467274005718476
14ab47a567eff5e3,0.49864532488507707
e14d55884c470591,0.4766405899090007
5030a35767e2362b,0.5199305749525104
16d1b7b180e55c35,0.4931384273463141
361cd6e0ff5c1599,0.5359593226688879
5c5cd276cc482de6,0.5085007978487879
b8579bc3c49784c2,0.4011486088648125
67ceb629003ef933,0.45497018552197965
9c2b88c53678ee48,0.46411995233296377
2b9bceebf64035fe,0.5337119492985012
eafab2f9d3d00b73,0.5244725202854531
23eb828cd9e20ffe,0.5568335950709042
6601c9d39a8c9b70,0.5324161052091763
261e6e4242fa1047,0.5218529853082636
b43f2c35ddf1b507,0.48981712662562427
25d2d781a3079825,0.4698575213178139
28f67405dfaa4467,0.5383690899328931
5ba14ce577f4a552,0.44964172419494264
1334101f53cae924,0.5509691859927924
c39c3e7acb789c45,0.5157217768378881
e7eaf3fbc0266b2e,0.505828900087023
2c6f0785fa089a4a,0.520699384517652
b49ba9e91c51e236,0.462256952318858
40342bdafbbd089b,0.5097576587734053
40bccd072d634c39,0.4598325647029313
88e9137da2e6e92d,0.4880520717819097
46413cdc209feedd,0.48918762248464
0d68a8f2b8956665,0.46989016446525644
350391babb7f8082,0.4218914266465521
6449b7e8e2f149d4,0.4321826703537639
77bf41d0bb997cf7,0.5164891284572171
53ea309373b2e45c,0.5428875126486521
04901b996a158f05,0.4139129959479949
a200b35797079689,0.3765371367265661
e6a78340a6cce8c3,0.5305671292318466
00dd325643ae33f8,0.5200746393843059
b92146b566a26ed0,0.5239047183197509
aa1864a49f53259c,0.41822329159195726
b1072c412a8f7648,0.3923911424794222
1444147bfe0360e4,0.5405046065502879
a0ec893e96078c32,0.49610298832918465
c9dc10cee216a42b,0.5185956317446784
645e40ddb4524f56,0.49742529964798
05880520cd6c9bf4,0.5378400743440925
21008efcd06fe909,0.5242016693509071
ef27ca705b4abfb2,0.5063029108150281
4c7c572b6b29a8e7,0.46341475067011517
b9b5f25eff9d3d7f,0.5460009550724942
c70419d65d81267d,0.5548190509622384
f6a2b36681361ac5,0.48174300153694116
94d02175084aff07,0.40404431642661043
31fb7c90f5a74c6b,0.5280394131002448
bde79af30066c0b3,0.5209168471568719
ebfd52818c3d4534,0.4877931793930158
e21c2ad5458e2b3e,0.48724093161318516
d86eb74391b96901,0.4931994828698374
50ff33b93ad5301e,0.5513396409800924
6228bfa2a78c015a,0.4731103163245439
3ec85a8171294b2d,0.4987924307951329
5c9106893c57e180,0.5418204808020364
b4a10257af7c1aa7,0.5609022200165178
22a97b15f3ad71ac,0.4536388423535995
c6f94076bcb11b14,0.5203056858784911
33ae1c5e91ce37af,0.5402308016484905
7bf03a595d02d933,0.45836792088281086
16529e822f234c49,0.5234939092844647
ef84c7190dd5cb25,0.5312903585583209
d5e264a175064316,0.49899764152628545
4f9606c631ef7b07,0.525857242225654
6aaf7168ecff8f35,0.5158739675758744
6b507f6b794ab695,0.45765977929253965
6012d89912bc86cb,0.5366067357341535
684b50e75b8371b6,0.5430664415968542
cc988c616092854d,0.5275136866068748
18d9bedf37cfeecc,0.4743056519932045
23cb450647b23b93,0.501925733707373
d3b6e5ea37be668a,0.4950710318244389
393bba0ff580bbfe,0.49487509464321255
c0c3fff52f305d27,0.4788192358132034
3aacd5f51268837c,0.5079954581072206
86a91e106499e008,0.5242370199191196
28b7f980caee5e3d,0.4871220416944957
6e435864cef4a9b7,0.5161452325795095
2ad30c6d93cf9934,0.5050777399189182
729978304d7ae739,0.4805306568186689
ca54bc0ef8b56fc8,0.45223618932364684
37f8cd7dd090899d,0.49048337196917224
417dd54b7e452eb0,0.5358835076629751
05ba888977f910dc,0.5811590407585843
5ac0495d4ce5f1f7,0.46020779143291723
64c68a8affa4714b,0.482540096459646
4395674cc6bdbe3c,0.47812403692695615
abef51ea6021d6e7,0.5062825248047238
b6fc9eb70c6802d4,0.4842055264035665
026fc6e5ee12653a,0.5411851319992114
7c760a6a91b7c214,0.5038806337079259
217a172effe62dd1,0.3931164948848619
c2972105897931ba,0.4639854608588194
38d88b8f9fc832e7,0.4764527882535239
57be17ceb43a1529,0.5524606958407325
5fd6782f4710b915,0.5157182414443637
214c0c9a3d62d54c,0.5723217956595172
d11b06aa5cab772e,0.5424985491715124
c7349e3e28ea618a,0.5074135755325433
8c8fd60fb6165ecf,0.4899673069565299
387859a907a7269e,0.4726008188858104
f4d924667d0e7ec1,0.5372164358021323
4fc670cd3b0c037f,0.44894500011334915
4589f0eeffbb177a,0.5447054219949794
c48d66a07342ad76,0.5179498503767026
0e69408dfe516838,0.5040107218888941
93d1c9b293013ac4,0.5196321635241657
5cc8ad9c4931e9ec,0.46852381804151755
8da10b22d3e4da99,0.5143411847170007
1aa1a080902a62fa,0.4935350137872424
54ac6721bfc8f5fa,0.48320071510709317
dcfb0fa7b8bf0010,0.5089850887602931
7c54487ab606de45,0.482193830486227
3a9f0218365f09a1,0.42639248334819024
ad3e87cabcc61bd8,0.4435100436522792
1ac89fe461e81fd3,0.5105867556194058
f06303ea3038f6b1,0.5371200589981494
e3ad2e6a19fcbb6b,0.41160508720440836
39058953ccdbbd98,0.37930370830689686
38ca1dc087c09f4d,0.5350288093456135
8b4a239d9cab5744,0.49734601577016857
1a7904132adc85d2,0.522959545994351
2f738efd14dd755e,0.4397106095555319
6ada9aec107ba284,0.4161960553840204
0eb42bc2d310a528,0.5348083366502367
3b4d415fbe6ac5be,0.5013072288810967
91c65ec64feaf41c,0.5081958173966471
19822028c223398f,0.49349188614317674
d2222011ad5ca225,0.5305692497321003
5797d66e2a44ba27,0.5238809085242833
ea9ae142a5b45dbd,0.49262203666527427
b6a56df3b6bd4b56,0.4635673688663059
0afdb4a25ae844ab,0.5371758055123849
6f4da2ff6620eb56,0.5447201782085012
32796a405c45be37,0.4789948935031245
66e70beb0608d8d0,0.4203845567390355
7ecc5b550e88ce11,0.5306134771204727
f48ebcfa63992d4a,0.5083559405856618
ff9fffc11ba04fbc,0.4900107538213999
db801cfb2aeb1ed0,0.49359326799848724
a7c57d0df430e90b,0.49527380732464965
fceded3bb94de49b,0.5464450415450492
f08fd31d5865c5e4,0.46543065288557817
07df8f7022b97099,0.502741090969609
420a3966349b3bd9,0.5373157541954692
ee8626d01df77443,0.541692216523245
ce83dd152456d6e9,0.4625231943970408
4da2a2a14b792c85,0.5162015247547965
5b2f55725bd9b906,0.5460206777539984
738ad6521312aa26,0.4614605729960355
5b54355a73a4387b,0.5262181185489817
f61c12174d0e0046,0.5391213026937934
fed7ad78634373df,0.4959518701952923
99c10273ec53b7bc,0.5178062742033404
586882ae1af963a9,0.518862345975143
c5af774f0ce4bc8a,0.46739450736674215
2a0debb5ce51a5e3,0.5240161610643246
a68fb6b2dcaca758,0.5479020351722022
3007e2e16f657c3f,0.5349792976295646
51d5f752a75126bc,0.4782357026020765
62792038d3802096,0.5077903322627229
18ede5be656c26d2,0.4850703660137805
3698afef47b213d8,0.4996840932389117
1f6e579ac5378d99,0.4882020902030113
57506b68a89912ce,0.5135625877301357
ec53afb235834ff3,0.5135690316063961
187729fc547edec1,0.5016845325571775
331e11ffbe18fdbc,0.5054216773962288
f5e53c0458df1f48,0.5092448050341845
29a6bf8b4ea98bbb,0.4813733127437654
b166187053998136,0.4456584352068149
153ff2d243a0dd35,0.4908845373956846
d5c30e28d4ef32e2,0.5281827855029642
8c690059cfd16c29,0.5716654705909576
5e7a9633f1d03fd4,0.48783143625196534
64ede38350e48adc,0.48738298217530673
fccf4136ceba229b,0.45743955374183365
2214c9d94c2c8066,0.5060520029641922
315ec94c32db6f7c,0.48755410697871915
639ba40835d6dcae,0.5388054400344258
76805092155f5c77,0.5055751521919201
c403b2b44aa3e3c0,0.40085741519383356
97706276b046bbf2,0.46028456437426213
cca686d201407db5,0.46442877723204157
1a3dc599e2591492,0.5455582846421081
27fd47578bdbb279,0.5025651094656305
c1cea895dcd0b3d5,0.5699213877431628
7ef44281f1a3379b,0.5434972500191937
2065ed8cf1a04c4b,0.5089789962235749
52aad36985d08ae3,0.4965896357337434
6426d2b95586dd1b,0.48022510564108845
b6eac04f783034fd,0.5392177998016343
d52af1610169b2b9,0.4528901954679754
eb064ce5d959c1ff,0.542415946472816
4fa85cead00fbd90,0.5227863951951499
31e7e37c1eedf91f,0.5031628448057712
951292971f46fcd0,0.5244400252030987
e3182132a41f0c3c,0.48073424633143147
98e34e0ba570fe27,0.5235083128757602
a2033642f843f37a,0.4992027748657555
368cea00af0d4333,0.4874906863298736
8b9b2d2eb7329ce2,0.5000909813895495
a2731926cd591d7a,0.4745442043900334
0dc4e832d418420e,0.42487794629287945
185f94f8550416b4,0.43957452671470076
802287cab87d5b42,0.5058079495794925
d63c9202f5bd0b48,0.5354596739165169
b9e243bbacb730dc,0.41919510685306993
92ec78194d4eba1b,0.37373310404033355
280e04621d42eb9a,0.5378446759081894
a6de0b2cc34f9b60,0.5029992469672604
c89a1f8fb3b3d14f,0.5227816533919141
befed0eee6c6d137,0.44066153923210816
d6417bc99d76ab49,0.41584334771575526
0b17e3c2271884d7,0.5281966303173339
e63019978843fba8,0.5020509418021112
41946562cfc904d8,0.5010711119055629
a031c5eff117a078,0.4929053519219504
5114b5d2859de8ba,0.5090190480255443
f7c8f904797535d5,0.5251458410048679
a87668aa16f92e65,0.48682734239578995
70c344c9079effc3,0.45811003220799307
5f5ffd5ec48762d3,0.525731529724669
ab4ca6c0b052fd5e,0.539350526981619
ad85fa86ae17ddd6,0.47575669638230367
61b911b4d807850c,0.42310639796660277
7680b478fb29ac2a,0.530777203530858
183147f42c293fe9,0.5166616429358115
23f89ae8303ddfb3,0.4891440672373786
a670039711e17ece,0.49130981486210845
979aabdbd7192804,0.4995570816364219
46890d8acbeef1ec,0.5421677344638135
0f29dbfa26f6ec10,0.4626318901633574
be541d747b3ca417,0.49569441691209415
8ffdc8766bd91925,0.5374550736594388
dfb6c2e2d1df071c,0.5498274611394067
33aa26e362a40677,0.46457269469599727
977f4c6da883f06d,0.514274605757929
b2a245fd61c40cce,0.5434483710948357
fc71e545418fcacf,0.46296871628029523
905dceea36ba9700,0.5314990824867387
e83ad404ac0a0276,0.542847628417031
4f48add6cc1de1ef,0.49610024257343266
73f0060ba347c4d5,0.5109499678820306
be499f4f501e5406,0.5189455715044294
c4b7bca8bf7ce324,0.46929053027235357
04fbbe550e59ec6e,0.5294448548781298
41fe5f976a167d5b,0.5358346877954013
f3136c3bc28149da,0.5262708485156709
6c565e2161edbc6d,0.4887647507488636
5bc6e7df372e050d,0.5137846945311992
db10d3fa8845188e,0.4970971868284595
77b37a98adc67759,0.5052003633116751
0bdda7b34130220b,0.49131702468531946
27db1c61bf972776,0.5109230173201378
20059fa944d24e99,0.5116558560612293
ae8cc14deb5a0084,0.4953545493322149
e57d7c0ac326867a,0.49815853588480674
905c07e161bb2e3c,0.5081883824573676
328780524310f0aa,0.4910408773125645
86178bf9181ef564,0.4500335470860851
f9853c5f44f1d083,0.48940547120116107
986206ac2e6de0bb,0.5189556518952223
96ceb539a5e80d4c,0.5734111901854269
ece49b36ac92c3d0,0.49017899827972733
f376b77773a2e895,0.49189530692141736
38c7e5587468658e,0.4543470926552149
bb201a85047772e2,0.5167267149591002
94f441cd09722d5b,0.48313659782203044
d9fbf3f3e91e2196,0.5372856717894043
eb6383d0853fc36a,0.5057815904599732
0429415d7647f48a,0.40169090155146103
465f7af92cab57e4,0.4600221058559737
2e43b5a3b338f708,0.4732407562902634
fed2ebf02b6d10b0,0.5432793548848076
7b39b34d0e35edff,0.49827197179076266
e01db96733521156,0.5650613539402903
9e255319721c33c6,0.5301860648301626
12cef676917e05dd,0.5174019078907925
182609d35fd31d1c,0.4952302566556943
44d9b18bfb645ad9,0.4718272754995143
77a3984627793839,0.5388171379752071
870737c8e3b2e71a,0.4432852275100101
293a11c4464bc28a,0.5386276238514262
a7a8b5ddd9984331,0.5224207416811635
f6efa69f388f5412,0.4970025922177126
1c938555490a7ab3,0.5289892140809715
e7cfdcd58ef60f9b,0.48093836314475524
53f67c07a871cde9,0.5036296310374172
e4d7d2a7d76f6a89,0.49858578506513673
7659a9085f61ba54,0.4932950719698852
e5d90ca34a9c9c33,0.5076165483961719
9e592e8cf542bda0,0.4869168971906618
24fdfe4c1ead8171,0.4219300946517165
f7689aacc9fa858d,0.43238391052434855
dfbfd0e8568a30e1,0.5079366369860014
ae5022ac90611f0a,0.5365214147424069
0f9b681a85acb3fd,0.4143970584879283
3843c5d467ce9d85,0.37844675844863407
64cc99053119ab30,0.5323905166571377
192e7b3e30bd38b6,0.49852602153870385
80a1c4c9fb7e261b,0.5204369390142026
ab0eaa83bb9c2f50,0.44341066853000866
e9e7234f9f4b8498,0.4061779031709416
5b942900b56c5c19,0.5316664150258509
f4cd72f2851b551b,0.4877279711012187
89e2121608b33aba,0.5059502241130713
3a39c380f933d909,0.5054396081092856
31e53e041f8365f1,0.5204290817964004
e63bde0a95f36b00,0.5313988371140479
21b0f9fc805adfbf,0.5001502332904756
5f399044d9cac810,0.4497625122187884
732d48ea8a2dbe3e,0.5371556166499041
8417e0df3f903a8d,0.5463189380498195
317c6670988b2091,0.4798084858609506
5344251ed49419a4,0.42077154680214823
49a6703a460041b1,0.5416635985151227
91f335d352174388,0.5139057456725369
3ff81382dc9accea,0.4875756304361075
e95a977c907ccf18,0.49679227617937527
155f4e91737a7217,0.505557008742899
05ad7e4c05fecdf6,0.5357874752009797
82841b731f0c3734,0.4764975769459684
f658ccbea7e1d95f,0.48130069277147147
45632a066be17af2,0.5374290883300457
4874c2516e789c9f,0.5456301627751214
62e7ac61d738d173,0.4602075796146162
2a835a99ad4294de,0.5138716605781118
5a21ce47087a212a,0.5464203274795134
e63426decf83ec3a,0.46870984357591805
9bb7d379fd9f3c28,0.5296845961722298
cfa93e4cf0cb2aa0,0.5354271860167042
ca4394397fcad88c,0.49552279222201423
0a0b0ff51ece7a38,0.5129373590209019
439f95ad6ab08d97,0.5139288898296709
3e9a20dc91ed3200,0.46258824915534014
0e0396258e45a37f,0.5280674114973077
054a8817f70b0aec,0.5325501835015822
5edabc5c99568d94,0.5282232220267161
b4bfbd4876d9f2ad,0.4805650553434909
6318fe31666d9204,0.5142119859716908
e445900c37237c0d,0.49782931599099667
5f8477fe0af9a948,0.49986795214906476
63346459b08bafc2,0.49525799977050966
aae2c8f63417573b,0.5016722090991144
fe485e427ec49ae0,0.5090544780443869
c85a03cead769526,0.48794693111171505
77787e6df89f71e6,0.5000043756274585
7ee9c6590c78b67c,0.5020203815095381
521601be61fcd6b4,0.49795890713791113
56602c6b5d9a5ab0,0.44821940276497263
c0375130d0e910ce,0.48735918888357377
62ac4c67e80e9c27,0.5258434561178695
19c00f21899abe74,0.5636020044801435
84ef3b2d74e0a4e9,0.4948356538776335
3bd76091d012149c,0.4881596086171367
022c452c0740dcc0,0.4560664568866619
03ed5d4d522e135d,0.5181353201530288
4cce14c4d2c29ec7,0.4888720644405864
38bf12cfe8795202,0.5331852843790192
84917dd7adeab754,0.5010917588012399
42bf2704a80169fc,0.3994113129040687
a1e70ef9fadf13dc,0.4606192380320423
203046c49bfa82ed,0.4836345189904502
16ebb6b39a149fe7,0.5425594808555831
a7f85177f950d206,0.506131221285062
4ac8a81289040dc1,0.5656900341856832
9aac251be0ef80c9,0.5305026167820712
6e004e3c43cad194,0.5084203975813297
39afc45c5a1f8120,0.5094344890841227
a8b5fca575c6a0f4,0.47649390383132895
c58ce50e567837fc,0.5400347803847458
40f9630cb001b099,0.4396519837305266
93706660a34bf197,0.5414509554138591
e86dae69e2b5d078,0.5150321845967192
b8152bab39c4c8fd,0.5093956243357805
6a640bbf7f4e6a48,0.5193207615975318
329b723d39c60dfd,0.4626186767397118
d4aa7ef963e1f7c3,0.49618295583999616
7cf21452275af4b9,0.482645799122574
a9b40338030bf399,0.5220693396608489
290e06183a941293,0.48730371473294354
3e4890c94e654fe5,0.4802869835978959
96d6c2de14dfb519,0.4228881269246577
31419a7b5397624e,0.47189481378615994
711725e5f53621d3,0.5150196174908731
340939e3d640115d,0.5346630147441419
505271c22c48c8ab,0.41542811199562557
34c494e6b9dc2942,0.4087286388852627
ed39e6f7a867c161,0.5383754327586661
57530724fe96e0d6,0.5093696542417496
4029234d80562a2f,0.5202593013239516
06a413d65b50f5b5,0.42893934695348024
5f8b24facb212b09,0.4531587722532786
80fef16375310a70,0.5105413119837312
3b52e1a120ad16f9,0.5027693471486193
749b82c339c5a899,0.5195899530478729
70b5284a80eb363c,0.5186034318608198
a7be3adc22a5931c,0.5305701262785576
0adebc0b57985829,0.5215734076322194
6e8586ddbdd6061c,0.484938422193979
90b58fe8e3220655,0.4493203587453438
d50fccb1851616ec,0.5477084054416261
53ef9912bf37f514,0.5377763688818371
29a32b460771b986,0.4889064172378249
34169bbbdc9a715d,0.4369863877367236
603652328b9b590d,0.5537510782555852
9c93e8407703fc80,0.5121771894616617
754ad4176e328261,0.47273977787429433
3d102515baceedd2,0.501977327666712
abc977900924b40e,0.5032036032365116
99064646a02acf11,0.5371085059793852
463e5e43c94a04b8,0.47603904552201737
3a14fc84c2bd19ca,0.48742451554381727
231a3b9756cb490c,0.5349462753370928
781f5b7b7bf44d34,0.5311760538631864
facb503c84ad646f,0.473239207178924
38eb4938b855711b,0.5272175228363196
0804952248c9d460,0.544997834680009
276479dba37f4f3b,0.46311874812102416
59125b469d246637,0.5283722170232069
3a27521f8221823b,0.5242277098560713
8fd4c14499ee3180,0.4918057735014123
de23122ddb4a5843,0.5079794746223746
48d5bd1bb8be7a84,0.5128745765703426
bebaa09b1d343803,0.46015289499856393
e5bb0c03c8cb1cb6,0.49444825694903094
49f2b74391ae2478,0.5314202196062208
f420607e9b48d5f1,0.5204853494281612
1142d030e013c65b,0.4968507499437266
2b518099c79dc398,0.5141881604455465
42a7b9edd05516c5,0.4955757513869947
34ee6ce6023f933a,0.49956950561055935
30dcc984be68ebe3,0.4873197026202182
9bee6a067cf677e2,0.5115290598089864
52849c8375e0d5f9,0.49287017707948344
89a5e319fe5892d3,0.49212041167391973
1de59f8c1ebf2f86,0.49865365076889456
4fcbd165e0f18bbf,0.5098968361090395
9ed4c86770d99e99,0.498151968465006
8256969bcc42b2d4,0.4678035110868979
6b15cf7ba7cac366,0.5018536731977319
f65677cd40c7b7d2,0.510840293987738
a33288b347b62f21,0.5719444501642108
2b58ae8f86f46f24,0.4841060496686248
041e0247efd084bc,0.5004034214093975
baa11517012f4aba,0.4699218628970029
2312f729c0a74dee,0.520968489869509
66d618bc179ca146,0.5020601785801928
fe9c610fb0453479,0.5137749313740329
18435aa5ca224c0e,0.5148164838735746
371053fb936b9e65,0.39912761352739046
943771a55c6a89ca,0.45838081540986153
29701c2c1bd8e15d,0.4663138836687405
0056cb72fbb821b0,0.5355825442636695
f2fdcaef09ef3e63,0.5102784692760023
5b8ac22a199fb33c,0.5589787083192231
918065f9ae4aa0d3,0.5242306685083802
70e1db3efedf9cdb,0.5101270782913419
8d6cf1fb324db97b,0.5108118771097838
a5984ba7ed778d8c,0.47049875125702745
7aa57ee83db523cb,0.5334044652732715
7da6d5880933f9a8,0.44824802132919517
ac1e84a11da473a7,0.5395389422207215
16657aab1e05063b,0.5201208812947151
390190bc17ad91a0,0.5126654790836973
f7b8e9adfa8758ea,0.5162278778936717
17b2e897010661eb,0.4694416363318695
105c2a22ca423aeb,0.49445363199423564
4b56ec15f828564c,0.4954089698647097
93b5c9b9e8b61a7f,0.5195648323169896
38bb46249da7f985,0.4910936110611197
882ff4651642a569,0.4809394502266485
a5c5c5640c02bacb,0.4157467710275473
e902ff5bb9813db5,0.46949624471269813
7066b6c407b06104,0.5124375061455331
0982723481e619b1,0.5419135934138009
4cfab335054d3687,0.398895385833404
ccf8458a37a098d2,0.4082169569273496
1949703ce04d9df0,0.533427736601599
2dbcef0f57bcb605,0.5107090610473295
0c9e10cb12005fe6,0.5265163891806622
b6e0d7df160042b3,0.4203744801186471
dbaf58093b55ba5b,0.44415829109584903
950f83e373fe77f7,0.5054134455386257
10ca16a4de491573,0.5061332962511922
587b2ad6de57775c,0.5078485167074153
0f233abba332be80,0.5199691947948624
2adb8f4aec397dc9,0.5311165494384372
c1afe48835d4c56b,0.5356675938183847
a151f2961ed3edea,0.4921402303252719
d80a605443402300,0.4602933278430352
bdb38621f2edc779,0.5420772823282722
96ce836284fa7e77,0.544516751445534
db2715a2fd52b0e3,0.4915138957589239
bb137c143ba1593c,0.4312972950577101
ffdba9643cdb2e58,0.5473016648150542
2fcda0ba67735f06,0.509761826371982
f1b8f9ebd1077bc7,0.46798061782847467
7d2f1f136c3508bd,0.49597973798332795
5c537fd1f2e92851,0.501847914132485
bfca6d29ac4e5161,0.5372270748930954
e010a746934fadcd,0.4788499980541052
398c7cac2d13bfd2,0.5016555086844722
d61081becbc70017,0.5313350642843022
4eb6320a4278f1d9,0.5525803692217075
16ffa371a4dd4f85,0.492394720585296
e4872c1fd3cc4c5a,0.5380885829342175
849b14ff609c8881,0.5388806763238133
6f24f711e56def3f,0.4555885475992152
024ce13a4a947972,0.5280644940109169
f44be974f678b2c0,0.5220446056116099
fa36cd92c0cf0bcd,0.4906834161675535
7d857e38e2fd68ff,0.5054883766434899
e4756a562fa10cc0,0.5144035173555079
f50afc1a6a698c81,0.45697059969843856
bbe9536162d80c2e,0.49979209518305656
42a4b969a2d2da8b,0.531219922096935
3b7612178a6d343c,0.5282808795696043
d15a0e16592a1973,0.4960589673414677
92a39564480211cc,0.5141721889764446
e54b7a660b9b1827,0.49030827016646983
c06caddd0a7d1e14,0.5012089466682221
826f7cd5e04d3523,0.4902033569587392
ec7bb896406b83b2,0.5089163200355304
3e7e6a3d1698ff65,0.4933370791560213
8035f7ccfb5cec87,0.500345048749728
3b990cb7b6932a8c,0.4947284980397184
18d1c8e046737902,0.5041084411340656
31a76e884e3a7536,0.5014188149661454
63cd73997a904bb6,0.4756011182217422
387b0c7e3d1b1d84,0.5094159908373688
14827e233aed6bbd,0.5200232662610851
82e28ec37d720312,0.5811722377234231
6498e1b8636940ee,0.47680954808099674
fc433e9a98a6aff4,0.5016870257396587
795156072039f627,0.473520009801632
84c909471b6eed0f,0.5267872757192027
d7c2e35049d39614,0.5064415076729883
9f320b5cf462ae93,0.5115284913291516
f2b87cfc9e1ab36f,0.5103891674944805
905361421fbd8378,0.40108057811210485
de4cd06ea2cdd8a7,0.4546047221830263
f27091da017ea758,0.46844035890957425
bc335c592ec43ac4,0.5394887772550461
1b5739b36d159914,0.5132982749370254
ce3f7e798add6bd9,0.5548175978828997
65202a8f1e10834a,0.5231302493489743
227f637d78463a94,0.509805930391966
5be434b66b335335,0.5121483465940637
46d144e852312250,0.48464337379951417
4dc38e23cda47956,0.5317749969302782
2743dd2a8feb2a3d,0.45790824623079296
9c6f2a17ccc37c2c,0.5303017598023279
0eee3296c576b1fa,0.5205036017055817
0e3e809cd8f497b0,0.49524680135166377
b6da932025266a17,0.5160183622171335
ea06bef3d3f88fae,0.46824598183710187
618383d6b274a635,0.5015151319414901
e73701484a834c6f,0.48496960361028596
8904df98f329f36b,0.4956682928440158
ead0bd2f8ed437a8,0.48159375146002603
824a0fab2da92220,0.48153446733387983
75ca071cc570974e,0.41588091421347095
44b39d7996143bc4,0.4775548268679104
6d923aeb1a5a505c,0.5135323109956691
90a49d628736adb3,0.5400968305104172
a30be8b0170a449c,0.4110450298903616
b65617a132d2e36c,0.4109813811028822
24f097274f35a6a2,0.536406816761299
08b1b36480c001f1,0.5055415182067063
f725f9dc84eeb45f,0.516613162086709
c262f27c847e8bce,0.4239183780591942
08efc6ff6af33a77,0.45524477066363145
875ffefacfcb6536,0.5024927115912299
e1aaddf7c0ccfae0,0.5258912934664419
eb6d0910d3d49373,0.5271723987266637
cb481baca44e193f,0.5253600384708575
d3edf0de66552694,0.5470629258413355
414684cd63e7300a,0.5314961061057686
8bd7fc9ae3cb5b02,0.4868348229567475
95717b02fcfd3578,0.47173496259478964
8625f2652e0bb25d,0.54142208167766
67a183f50e5b3721,0.5471538587850212
516e0dcc28c9d10d,0.4907263599214655
5f266eaf1692e11c,0.43019393186600174
da92dd7064f2cebb,0.5513230060159278
a07a2466ca3879e0,0.5159059722725903
bb9ca8d31a046e52,0.48607009229806963
12b7e414baea0dc7,0.49558886417919545
b121cc4760aa0bb5,0.5012562829655732
8d531d7549719b9b,0.5448124576606823
25822c322d7bc9d5,0.44818412748244874
f8a663cd4b2b4f98,0.49823810282184366
72ae692c7a3cadde,0.523673121432744
383533e48efe33b6,0.5346762769511393
b38d4713dce8f4ec,0.46362404614390673
2e022ba80a0d560b,0.5366951220510092
e979f8ad32a7ba5b,0.5185087058106186
29cb5f66db6bb425,0.46001948398877435
4481659964dc8399,0.5225134440639431
a6ab0f3c5451ac87,0.5265956105030019
c70f9e3c481a0b30,0.49843684375871256
14c3be3f71856bbd,0.5038463665299612
ab0036e079a9e9e2,0.5135565787535665
a370e07240319205,0.4575023735715765
c3c851c0b2a53560,0.49096930215406853
a30f907590feeb4b,0.5376388634589033
67f0f0a2de2c4f43,0.5188601315527093
a897fb7d979f015e,0.5041672570506145
b6d992e41ae14070,0.517666643402373
920fb0e324aec14f,0.49085563679465294
c3832b74953579ba,0.5017142831461223
33b7e561957452a0,0.4926379943832444
6cdacfbaee8bc447,0.5009136597004198
2ee35ffc0359d7e5,0.5098038083038171
0766e0147c1cac86,0.5001030486590303
24986d943128f7ad,0.5087797341159485
3f3699ff986618cb,0.5180284607204636
3d9a0203cdcb1cd3,0.4853125890902712
4eeb5e52b680cb9e,0.4563336965774869
f8edb4f24841219a,0.5057008295119347
e61680ebd395262c,0.5097948547267013
945f3305deb9d7c6,0.5807976263322547
831688c551bd9832,0.4741527607591248
8723aa9555f2c389,0.5031113228969984
de5abdcae7e1c5cb,0.4701706105558573
80245e7387d6eace,0.5235764419664386
3fb224baf94b9fc4,0.5028727763561393
0b43730500450039,0.5084012146558532
a7b1b4bc809dcc05,0.5155766730084452
ca49b677f91cb26f,0.4006603249169022
eeb7bf253b1536d5,0.4604726330704434
ac9894caf8bdd2d2,0.4497000083999464
fcd0c7f827c6901c,0.5469308033639785
fbf371f4fcfe790a,0.519382127165019
be712351b56b9065,0.561166050815865
3dcb5ed2bedd9cf8,0.5252169085985472
3ab5caa519455c1e,0.5192110379081966
5181077eeeba1438,0.5091477152842879
ed91ae4e8d831362,0.4831426229288175
ab1d9fc69d69bf1c,0.5351577118462705
8fec1b28f95a0c83,0.46082224741078237
8c9a4268d116c11a,0.5290125509686974
dcb62e40be7c3478,0.5195411276685362
0abcdd5695f39bb7,0.4900670877025075
170f90020caf130e,0.509763350507725
eca21c728d3a5178,0.46702842976389136
3019b371ad1b848c,0.5082730478821136
9c3721b556165022,0.48567171231486395
82ef216cc6ef2fd1,0.5004897537311326
31230ef768124457,0.4897281962403899
47c7c2f83ebb41dc,0.47549118787883415
cef835c215ecba87,0.41659189360676563
98f3fee2eacdae66,0.47590242909908076
1a0aa1b017d370e5,0.5118093466125868
0677e55b3a929c85,0.5390160916193542
ecfb9d1345c0a837,0.4057517676079416
20a4fddbdca9f669,0.40681246340084076
e38189e6ef8f42f3,0.5348737936219522
8892730c38e0cba2,0.49854371903128647
d64adde9c369e2bb,0.5208511452272588
11101ec302a4a47a,0.42938865132559356
2fcefccc91073f7c,0.45640070277018785
d1ce231583128392,0.509192063033433
1099b05af6b73dca,0.5260730850502344
613983076d98ea4e,0.5302098666263416
5f144c9b8b59a847,0.5229435110434997
4cb161284e19d1ca,0.5455402432984544
355c96fd292982b7,0.5436369851643699
65894438e3171777,0.48928623412274186
adbc980f89b7c162,0.4707964511943401
e5b6e3b046cb722d,0.541217768932775
8f16e067b3a86ee1,0.5416656410401621
0cf426fe1e36b89f,0.48836775285437595
6025c41dc6567110,0.4289712592677526
5458c10d823a3229,0.5505244529567768
6ff8b48bc1074e0e,0.5109825352877444
ff56006debd88bf3,0.48874700339749266
0cf54e3a97b7ab1e,0.4973935767058072
a9551b1e632ff02b,0.5018470943888366
09cc4ca1c8eb0059,0.5440473580552987
1961e2eb91ed5402,0.45354483644514865
6225a091b9ece202,0.503762843313442
ba1368bbb1e2bdae,0.5263985518146943
ff24bfbb02c264cb,0.5373317332318086
5aa250c7e69dd2f9,0.467372098041811
680bcee7d69f3827,0.5315262386544783
5441b09ff718d5c0,0.5221020020725571
daf1f2dfa3426b69,0.4621626375844049
1dfc272eef8a7485,0.5204882677285851
0b5da2a93e930650,0.52099387150357
5dcb976b892ec6cd,0.4974494014154093
e2037ae403060cf0,0.5070970324740876
dec527d286a94ba7,0.5037120446945612
8167b73b1aa3946b,0.45847231138919187
911122e34300a0de,0.4927101089884822
dd3e5a198c0a7ced,0.529298490808278
231cd3b61b34cfed,0.5207117854778227
3dfa9c849939d765,0.5011011314363997
2639433416c0791a,0.5155066577393888
78a1a63933f41196,0.48652900642990304
52fc23bd250c5133,0.49757370071829365
ccb3f1cb0b09640b,0.49276476981203277
8040ad88fb3a96f7,0.5006696904666067
863cda87786aa4a0,0.5101100091290931
d55e33b8f9cce9fa,0.5018910390834381
8e5e3188e670bbd8,0.5085299642415235
47872ccf647a643a,0.5139392394182107
0698a1ce908eb810,0.48037993122311606
18b8b35293ee5c53,0.45981258110215606
ef1f9bb914348999,0.5094203652316343
633335c7779b714b,0.5173941831167829
f088766ad5128177,0.5809477937660649
c18dc15216f2d20c,0.47077292560578066
107f28cc1f8a6c99,0.5032806600609389
40596875c2232f45,0.4690351804323535
8c89dea7d176920e,0.5170484761787018
3b78165c534d903e,0.5005461459945334
a2fa4ffe360a3d2e,0.5148490483037873
0c940065969fc2a2,0.5176114757117178
fc499d911673259e,0.3956145443376595
b9b146c7e1d05ee5,0.45855206619746336
99a098c39c9077b9,0.4599752445737262
0b0d9d837785a4d0,0.5405506539102551
dc89119ca6edc787,0.5262055854934271
2e83a5dee62a17b6,0.5460635014212922
41de82241fbba4fb,0.5177861008106464
ac37b51cf40b6efd,0.5262194922981123
fe706749d4d4d6d0,0.5082848377925986
7e5bc9ab98bd812e,0.4915020719592885
064cb4406a42d6d9,0.529761898376141
511294e198672aae,0.46919759712666775
e396f57f5ebc1a0f,0.5246308344539221
370b8ac5a97ce611,0.5244696754119447
da7752414acf384e,0.5014127153363643
de08a3cc93014a07,0.5201312247309897
1f7cae40a10540a6,0.4669779209953143
5f63f1b433ed7c6e,0.5116308691500118
d0ebb92fa465a197,0.5064921581411004
a4bc59dc12ffbf2f,0.5033050148445597
5d6a8e19e1b43645,0.5090408866069682
8ad5e0f66836572a,0.4854640124651983
ba85cfa5c293fa53,0.4312336766238398
876e3ee4b99d72c9,0.4673540421530553
04e7a04d6031dc50,0.509796961121999
4d5fabd7b4fd8462,0.5394402204724875
e4e12d4f67115e8d,0.41742239092350575
acc0bcfb9a7ac81d,0.4151839537374309
2cc018cb5109dd87,0.5332277559392253
d648091560679ee2,0.5184289465820909
61937e2cc26ffde4,0.5293660647296393
be7dd395f1a273a2,0.4392365418654829
f95adfd301f26258,0.49005299912570544
bcae3bae672735ef,0.5100653984915956
669a9510a17baced,0.5093265811730319
1017d2d7f19da74a,0.5349213193683715
fd1181dc5ad05cf2,0.5035453349072283
de14c02dec7d1b9b,0.5222483123196349
e513f31b1266be7f,0.5336994896881877
5d8cf1bffe5c8f74,0.4797705126127201
f2df898667a04276,0.4616658324169881
d3676c81fda864e9,0.5284229402366276
0655fcfa06d0d28e,0.5437602058602321
dc761868c0254e6d,0.49300721789844604
1eff45026d0bc1a2,0.4329130264326546
71ad00c9d48e4b33,0.5532004927832155
70f8f49be6c37193,0.5226682807348283
6443c61c88a16722,0.4776827957653178
a6cb9e6bc5cd9060,0.4944866199077884
b0cb5cf1ae35ebce,0.5047795756677644
09fa1baa353153fb,0.55255189393781
66b15e9cd2021e23,0.4627137075616329
397e41db39136d40,0.4899183802379601
8147e76f41f83b71,0.5257572695198096
e6e0ac04f8b53b71,0.5269126977878549
8bb3a0c110dcdfaf,0.4578208972404202
cec5a6569c1beedb,0.5329400702474176
b7026d44eeb5e8fe,0.5324010795647771
3f8e680df19969a7,0.4613128867225875
751776944be8ca28,0.5256249950942887
6bd9096ce1ff44e3,0.5162576707636622
c68edf5ff66bb783,0.5028828518020322
588364ad82a66cd7,0.49716540741939563
7a5352ccceee6c77,0.49805824685807565
f81e9233bd279330,0.4647070573480001
4dbc96713e387aad,0.4849286753162443
a0657d9532978e60,0.5288673518968467
6e98bc15600da660,0.5322342130475675
829b8aa7853c1fad,0.5001371948463624
cb23e99eb957a34b,0.5195107509457026
399f909d518eb497,0.4912078288882651
dc6e5e8419353664,0.4995232196296282
469c711f5332ad2c,0.48645123558641956
75a21027a20b2e90,0.5045326716359408
f34b55fc30001df1,0.48595337837969965
2abdca7131a4ef02,0.4828068873985629
9c28c2f49c0ceffd,0.5281388706380599
26ac5997f0af7715,0.5144890046732229
5f7a4cf1a6267810,0.4797920833132757
43cfaa7d563e90d0,0.4553470420753085
52143476d3c1ca58,0.5130719532696622
6ffb60a035b51cd3,0.522501964476332
4605dc3dcf377b02,0.5757489396623281
970afa71d01a6b42,0.46826608363362476
3d84aca3d1e3e0ce,0.5015284098961722
387732daa4882625,0.4772718536094387
b15f782e5f5c713c,0.5359950263343616
fc0405096969f2c9,0.5071393577128385
70d60bf912551cda,0.4916494327304024
bc009aa256bcd514,0.5166484331074308
a180b87b41f0e781,0.3993201597391465
7a44542fc9b0277b,0.46157012545715315
4c76a85b9842c572,0.4598671804596255
f25a73ea9a556625,0.5547234738331681
a9e1bd1a71485c53,0.5241106436125955
80ed04cbeb6d3399,0.5553556551207836
e9314a4cf30e4f5f,0.5373597729362461
853ac651c2056cb3,0.5385845846773571
9b645d5a3ecf91a2,0.5030974639699952
a5e4949732c2b851,0.4839003519619921
0ac2a868016d65ff,0.542042123854606
30ca8b0224afb654,0.45771595952224353
20e7a7e8bf929651,0.5152354206254961
5d881d4121f4be4d,0.5168908764717413
d4d25d57b8f8a681,0.48709267750398877
b9041fc48844cfc3,0.5236845426153922
db0bfb70b9de8c58,0.47023068428045955
8e66269e376f4821,0.5127308506799088
50afeb459476e7ec,0.5074707045844866
63da4d159462f5df,0.5159613427525019
19aa95db2555df33,0.5134323133871656
11033860fda42ac0,0.47665915948876014
3fe9e4a4492aeff1,0.4227436233760742
b942b26d76c5cd8b,0.4857083544321106
24ea760be2272bfa,0.5172537629268362
3c53458ea13c5df9,0.535904492408436
17e24ffcf483ece6,0.42214761196401074
72b2a41ebae1374f,0.43770718742103987
74e1bdb330700271,0.5219190905751463
c979f0ceedb19d8b,0.5194546453924932
3f0b0d665343fef7,0.5328538205627297
1e081ecb677e8ed2,0.4508262745796978
a263b37db5b08794,0.4891897039608324
96b03b027af388a5,0.5085750405922367
d4825912cc86b272,0.5188605614104298
c807fff4d328a57b,0.5338462379705088
b26f1de80574ae66,0.5075878295661144
b314df8841d1b59f,0.513962356363764
ba5b653bf63d4d2a,0.503826883022404
6d190b784f6cccf3,0.473067249000924
831fcdea36a7e040,0.45682201527027333
25f7ea666f8933c9,0.5089679474577985
bd93728fc1fb6ad6,0.5358612382779357
236e8d2f1d26fee0,0.4827865607718008
9e47dd88002b335f,0.4354900295113523
008580fdd201d9fa,0.5555620575760276
8d5df1271e8aad13,0.5221719956261108
4f6be828048adc13,0.49096390006999735
fa3b0d5706ddaa83,0.48865659282075624
a97840d3a794705b,0.5047658014722387
c8733df031af69d3,0.5435235147356703
b3a28782a93bf666,0.45265486481461703
f442ea5453ae8689,0.4839606016358613
2e42817b25f041b6,0.5375545879134511
8994095e1a3d8c3d,0.5483066277878259
050f082b7016e9b4,0.45287087874034115
b13ec1af1913083b,0.5207530287173314
890bbeb26a04c455,0.5299461032621928
d4dee1048de22a09,0.4577437663637822
eab4aaa2d10729b9,0.5340306750695936
eb9412b21b226dbe,0.5198546015677625
4f95f2390076cd1b,0.4999117552088186
95bdb6113f36aa3a,0.5142051418914465
9cdf86fc1fcf05e1,0.5053672033669474
697f6046547d3297,0.4495350760617449
c6b2d49b5d4c0aef,0.48291820420680653
02a161138c4f4178,0.5334197160623955
cc491ae8b9023710,0.5173216597803445
059de5752246639d,0.4996721097085177
439b6436f75dfd18,0.49914093162294637
19cd1db25e54ffb4,0.4889660608523291
bbd1836f55dc8746,0.5044332015817752
721476f00f87727e,0.4961891463992494
5cf104e91e71ea2f,0.5040271372144206
81d0abf8604edf82,0.485624452068928
73bf45606f50cb8b,0.49172815042300533
1d28a2cb95fa7b02,0.5350162746854898
b5360b97f649d7fb,0.5157509742902521
75a75165375d356d,0.48000608798611166
0059fe9a0be79054,0.45004420128564115
daf63635f686889a,0.4986727169190184
bb738b6d50e29869,0.5223393040489
a7c83cfe63247635,0.5759393865422904
6b33ba049ec5559c,0.4807201597638614
71cfb3b2839dddf1,0.48954896175098517
6fba47a0c182f662,0.48122497402727893
96bf4d4cbe53b378,0.5355364008595984
c7d97e4fb6bcc702,0.48137092829070793
dd18572bb8764a23,0.49744169075451283
8aae00ca4932923d,0.5031521449793996
2b9493b737f7bb55,0.38616001318477333
776dacfe5916f3bd,0.46849853572607014
cc8bf5a58c3abd8e,0.45017510443629194
faae3e30b014e4d2,0.5436293139922739
9364313106e36bd9,0.5266113442290321
ed34ef701fad8ce3,0.5371408526312165
3b8a99a96e456c2e,0.5372366294172032
2710ad32c81fb0af,0.5356286054797892
d8401c398f888755,0.509117814222855
2b7f3c80efefc630,0.4790656585287838
32c867b566bbe95f,0.5312001917391223
d88c9e46182a2cc9,0.46683602267700275
3b430fc405195254,0.5214993061267773
1cd1b00760cf6d0a,0.5171483898987885
edbc85356cc93f3a,0.4838955546141528
029cf4c66f3ce8cf,0.524913808778376
60f9e19f56e9a7f0,0.45702439950300866
b0fabb165f0555b3,0.4952047581597383
615a32e809bd52a3,0.49821326891229334
0bbe00e6cf47d65e,0.5071909560996651
d5ace4e74a3e77e1,0.48435003685871314
8524593843abf8be,0.4655444052587545
8e9b0ac008d502cc,0.41443528498508364
e465cffbd7fc8aa1,0.48585456344928724
b7d6eb4ef743b846,0.5094681711635981
646d3c0d2292daae,0.5327278766527785
ea87da077fc8e481,0.3988885255633374
9c6492f4ee440765,0.4061189178384623
6d6a869b492301fc,0.5381429625978634
944a4658b1abf3df,0.5190600289975078
5d93fa9e58a066c8,0.5358264171331621
c7419889eff45440,0.4457537736205658
05210ed7f4cd3328,0.4819899826507603
d03cc1b8503eac87,0.5088222927124118
e425f7cbb10cfa84,0.5238404359370037
ffb69de1e923ef61,0.544951566541314
ec1a83f9d8207653,0.5153287188145184
2304ef230941273e,0.5279421295585527
702b42e435291ef6,0.5170943721840587
bdd7ce6a04d2faea,0.4864147479278147
0b3a6270a3591c0f,0.46391158649625797
5252db25ea347cc8,0.5179869006179157
97f1f70c744b703f,0.5445539730337337
1c2502d05e1819c9,0.48262567870605033
a3c90e77696562bf,0.43125161539410994
f444c817c97a985e,0.5504321802615046
5147ce0be1205597,0.5242929666998026
466c682fb5b01a29,0.4927997475023459
a80abada7c5c52f4,0.48823470347463105
030fe183e6574992,0.512277912133613
343a67e41456a5c3,0.5379630668526494
da1b7009064be4ec,0.4565277549068252
9bec8b0046a2f962,0.49285915414118586
e249f7ac5ade2d16,0.5290879456684953
a9bca38e63002c44,0.5466035314697344
ad9cc8d5191cc9c7,0.45832421536412915
9a0c43df089eedf1,0.5272633133191504
0c8eaad48325f28c,0.5244457447844875
f23d4b787fcb6994,0.4669123483922851
bdfc0470eee3916b,0.5400177569659734
226d4238c60e1185,0.5222049089779176
7ce7204fdc8d1001,0.504351592131421
c713dca2e364bf2d,0.5151795797129503
6d8432aadb959757,0.5062865367251068
6dcd518a2df5a7f2,0.4526303548898256
478edd77e82e747d,0.49483803284091077
1f6fb468950a7e96,0.5301356561779837
dcc7c82a12c3a639,0.5167606942822083
bb7e36d53029dc7f,0.5019533754596858
2e648429ed43b231,0.5031284932176361
a9fe51c0c3577838,0.48317794513866663
6ed65dbad4bbcc23,0.5003525453546186
15e66561b64e5f4b,0.4885781676010561
cef3ec26030940c0,0.5007647595617905
c670e05fadf1bc60,0.4778695090269811
5a2c9a23d445304e,0.4986871541916238
acd7866020a341ba,0.5295226017873338
adef6596e2c8a097,0.5194514468744917
a92822d95cf9c509,0.4770867804265325
456f2e5d32d12182,0.4580629167366618
17e9e1f2290d8c4a,0.5110557014731327
e193bd897125dd82,0.5163803032114701
aa0553dbb7ee5bf5,0.5910303617693466
20c4cfddbdd8151b,0.47805220983477004
0377c6ba7bcc1fb7,0.4966980705476889
7f2ec4155224a3e5,0.47905573999011986
42dfa830461986c3,0.5303547517744507
f99032870883962b,0.4915622104720393
5949e3e4ea0ba72f,0.4982176947413658
a8b9d0fbc0ae59fa,0.504240568141771
4a07d1d8ed903995,0.37461981494983165
01d5add6d22be098,0.47173671020108765
ce905d645ab39c3e,0.4490599979229869
e2a84ca90af2cfa8,0.5429684018791823
f1e3a8f433f382e3,0.5176684463985186
9031674f5f6fb7fe,0.5417036659355894
3f3d47329bc81086,0.5335078575757974
057b896b38604fe8,0.5299750092150718
dedfc0ec3a1d0e61,0.5113587961998014
57b7d3f560351f0b,0.4806000618678795
57f5e8adc3f71d71,0.5285966981875478
51fe8293dd96a00a,0.4676751688990922
f30c3e8efc1947db,0.5185741370785981
58493df920248081,0.5220355501608309
7429baa593c348d8,0.49803125065284737
7bde5403e541bb1c,0.5110253217776948
83d237d05934dbf4,0.4614606084650975
6f872f3f9d54241b,0.4924035995239322
b46165878aa83002,0.5003837946555985
a6c22f1a541d45a6,0.4946978740958018
d53ce55a208c9ed7,0.4917042475929996
6ce034b3846d0906,0.4758394022535557
3329bc368d508ba3,0.43623386147062015
90bfb8ef8468d183,0.47095515165081125
ecce8d2a9285af4d,0.5195475683158766
3b4c2ed90cf08be3,0.5354184842734685
5969e6a4c17a815c,0.413175566440684
371bb0fcde99742e,0.39671614752137163
3a413ac6542aeddf,0.5181078232471541
8bb049ec277f4244,0.5269489661354243
6e30d876f776b3c9,0.5306761597309844
b4e8133cf8f8a19b,0.44145636343901007
fceabcf19192053e,0.48389969150294243
9dc8df319476ddfb,0.49617392586343223
bc14788ab8d40c98,0.5172752743263052
ca33f5d04566ab88,0.5389546401577994
73fceb8cef70f7de,0.5063228257765132
40335686b7a6d3ad,0.5360367807279751
9207c6f01016934a,0.5318402604359586
2e7fe69e75dd92e0,0.4805315285750633
4c4dd76d9a0b7805,0.46893432428272663
69cf98a0ce794b05,0.5025252710730097
4ab08ffd7ae09564,0.5516729124217974
9be7bafe6e9c9899,0.49721300377140354
f102d786412949eb,0.42459412955227127
e81940acf1d9586a,0.5575690894736269
7e41958e41156b7b,0.5183164463821155
41a1e0cfdb2ce59a,0.4788732141891896
642404ed151c704c,0.4943903943385507
dd51771c0a7b1182,0.5159824221794485
82eeea7a92bc2daa,0.5312653086437933
52bcd62aefdcfa3e,0.4550000105750741
175ec2772c97f363,0.495573198197486
de630eb90845ff1b,0.5341919995251738
7ad52b5f131b9b67,0.5492691583910301
266e3e90bc8772f9,0.4519848839815239
e5be60803c80aa3e,0.5274890747123149
44da5af32c5d415d,0.5218449691180664
aef89f80104272d5,0.46078381008465297
806ff752677572b8,0.5399585421005346
2bb2fb4fd0a322bb,0.5196046714011371
4f0f40aefc91ca63,0.5007775527772627
f9cc7ed885aacd71,0.5192480757976072
e612a41f0702ac86,0.503830102736367
e3405b511d9e4ecf,0.45904633864909794
ed142ad522bf30ce,0.4916932544149173
3a8cbf0f43c8f8ab,0.5359992845459822
c07ad48b00e8417b,0.5203744212543786
bc16cb8786320931,0.4989451706512974
545eb8388ebe790e,0.4966536648447021
5fe272ef11b15bd2,0.48605736463446303
9cb2ee715e965d3b,0.5091643165862736
c121b99d7d5410aa,0.4923879487085705
be537cf2bb94c743,0.4952516876376669
b1b21bdb8723f0b9,0.4829804367552565
6f7ebba5d3e3b665,0.49340597176773915
0af40d00a68d2c5c,0.5297358836602482
49f62f0a52e1b9a6,0.5248115163718207
520d25f995433e73,0.48861231253269033
30aa37028a172de1,0.4619218578640736
b9a46570cd9a4e73,0.510125015864899
fc4891c91a7190c8,0.5159149254229882
82718f72965284f2,0.5822550614003217
3765fe792514a2cd,0.4795165913238808
61c4b5125ff8869e,0.4994508650192119
20b636484f547c33,0.48893165554833684
3c3f28dcaaeed908,0.5292098332177366
66f7507debeb02c1,0.4924429325116778
440a96a0c683c5e0,0.49941962286042174
72fa63f0134c9210,0.5136931195847727
fdff2141249110cb,0.37182433152487326
0ac46b1cf9ae5db9,0.467029617553146
c5c6661ed65b5353,0.44708547541961485
dad0be7aa9888ea7,0.5363344817825398
89dc67da8c82c1fc,0.5107442062671439
47fd57f33ff363a6,0.5421892220291207
82361ebf24c9ed13,0.5351016857766038
f48c07a848c860c1,0.5157871861534165
660ea97544da09d7,0.5089245472170284
425b152ec2b7d111,0.48040592310603225
12607f27fb627cb0,0.5281887564507861
d6248c2cc27432c9,0.46408305257612326
544be1a384ca5929,0.5068610850862884
8da12cd6da7feefb,0.5202202418193148
d98a89783b1182df,0.4975874168561305
688aec1cf504945c,0.5107127666443577
045479cef6158a91,0.4609890573448785
b4d17a20fa08692b,0.4898395523179282
803840b47569d1bd,0.5020873120230606
79a9bfbc48ae2b16,0.49734410804385853
19f22929a3479f98,0.49177369038046903
d10369ad34118118,0.46847629257224876
886599231db2da39,0.4363439755148767
d267e7b87114ed96,0.4702559021524848
191b50ae9b8abbc8,0.5181413698629664
e0741270287802a2,0.5223851404803315
64f05d48b5bfde38,0.41211492235167413
a60030de549c85cc,0.41032418862297115
20ee91369411bb40,0.5379416908266033
2f0254156b4adef5,0.5372178711320673
af6dffe0b5259676,0.5177822816516944
2fe6dcbb760d6d0d,0.44397036963700864
ab4963a9f55de7c2,0.48567370489306705
fccc26be43af13df,0.4818988138879631
a6644939fd95094a,0.526108215329601
447ccc3003d8e0d4,0.5274271870044769
0f875166a5a88bbb,0.5055512874568087
1f894eb65f6a1658,0.5418324396474652
18f008a76a6fda89,0.5298378323011799
866f352a40c44f02,0.4736984177318885
3cd1cb95a2f78b45,0.4735102401515139
c0c6ab149a835c48,0.5162655465400764
ee9af5a9e619665b,0.5492399705955922
23af4c4a172dc5c2,0.4948340372703227
279f18d7ab3b3ba1,0.42730000388164857
51b62bfbb8185840,0.5588955224747933
a1793207a9763087,0.5232477783265395
768bde525c4a7b2b,0.48143838372733927
2850b796313ddcaa,0.49720095544407894
43ea2a1146059142,0.5196155680725469
8f6885d092472c67,0.5353142579408662
43f84b5077c6eaf3,0.4509826059788492
7b25853cf7c7dedc,0.49887413098034705
cd18c1003f18684f,0.5407568469341673
95b029b63f8b2a5a,0.5421312833969749
76b581adf2443ec9,0.4548027764925189
7cd91412eeed3670,0.5272072466844052
057c203ed1a100ab,0.5269700549355301
3fd867cb160722da,0.46020482943501995
2bad26aff7e174ed,0.5419123672744846
546120447e12fb0e,0.5191761503834174
1cc274c7e0d8954a,0.509200413690265
f31198c62a718e10,0.5176068572209636
95d805f9d60f91a3,0.49940169262663736
78b60be31af4cf3a,0.4634066652242387
a6136179ed3faf01,0.4971411664230707
221a850141252e76,0.5338471272082548
17cf6cf7b261f226,0.5172289255579985
fbb3741cb94f53af,0.49412702993825475
9edb34b95e05bc5f,0.49502697026231335
237891d6d876ae83,0.4861087584994648
b0dcd0c17dd69212,0.5032485646735663
a5f2a05442b659fa,0.4960712295477694
11c8f6498fc01695,0.5207061332073346
8a4c27adde0420e2,0.47839079228668346
e9bd4fb7664ad95e,0.49266498672496417
19b93b0b4310d858,0.5243080549569321
7bd15a7eb7dcf464,0.5303876710749542
c4d0376755f540b1,0.4883706289706602
59f922d3eb2fc3ad,0.4666383985836011
0392e383b54d83ea,0.5061714529184386
f2667744faedc9b0,0.5134732744839455
5840afd4f1465888,0.5597333887483134
024f6668098cee97,0.4786785244501953
19849876be57e3dc,0.49668354774743906
c45c4217580a0ceb,0.49244921718314305
7800370f91aed2a2,0.5286027757957397
ead5e2de4203fc58,0.48701835412531913
0c66fc07d0d546b1,0.49815790380811475
c752630203931579,0.5102546206898231
4ff7019ef5b2d860,0.3767033532492998
92c055e790505f91,0.4678579944601754
27d1606d0b5098c6,0.44670489191939655
05d7c9414f9609cd,0.5407719061790155
224de5bb86acc35c,0.5149580971144726
c1736805b4f3a0f6,0.537930272774557
7aa333d7c48b0063,0.5271698411672705
ed3d00d7ee356fbc,0.5134011933464149
4c3f1bc7ad61f4aa,0.5180440971886309
897dd7a235583833,0.48441841175345546
48d089ef35cd96b1,0.5202108313065843
36cdadeb9472e8fd,0.4743260161108628
23856076f31dd4fc,0.5026658494532305
bc203c9e5d2c4173,0.5187786331017277
9db35869470730cc,0.5189604072486251
0a159ab09b2a112b,0.5079583435072995
7b0d69e2dad94b02,0.4723540750809385
59c1bcf729ade5d4,0.4905361711420171
2a040fe61aeae7c2,0.4949071399367658
18d81f83d6742eef,0.5073879909740748
2661711a3c07de2c,0.49597719566444953
0ed5cf87d80d0eba,0.46116781683735053
477974e463d758df,0.42330183474081884
ec5b4a84411dc76a,0.42665787427457613
b5c0556798c5b289,0.5192657230061463
581fe14321b11102,0.5350378030237721
b19ff7059876a136,0.41327995371503823
1bec3c9693fd187a,0.3859790298553669
43f24748192105bc,0.5475760141711548
d9d0dff5e2d88b42,0.5259449712313036
ae1d1dd4a994f052,0.5197651370509508
5c6a6f1c93dfcd98,0.4417200592143452
2ccd09f9a8e8d4a2,0.4274312835910453
1100e64bf0410804,0.4791009289358168
f0223b9638f29dc6,0.5298095017394284
36e4d838cff958ec,0.5309169844082879
03a6ce84b3aba9ec,0.5186511623624126
d20705a8032732a0,0.5360466704978815
8ed08a60d044e04e,0.5451891148502225
1782c8d5325f23c1,0.4792928357602084
c86caf88253f8ef4,0.4876621016966065
590ff07215df2f6f,0.5231197438534356
893f30ecace8401e,0.5541931483790014
b09970895447e0f3,0.5026332718779944
b3e2f0200ea9e92c,0.4313757498429521
b9d73921d134bb48,0.5537248255925946
2c4906d87113564b,0.5145395409809705
3f6d79a37d9be5dc,0.4911333431832863
d818e74156f83fbd,0.48170608397982917
3d07263ce291b85f,0.521702654492685
9c76b694b3d91145,0.5327530996275159
3d3340e40009f1f1,0.4475722685606103
d071c6bbb872acbf,0.4915719253067745
ec7c07549f01e074,0.5298716805117238
13466f393750e750,0.5345841553319408
01e12adaea09e84e,0.45613342599902873
69378bc233ba6963,0.5296659489174269
09db1180b51d9428,0.5309693403586817
965806b8a4cc5726,0.45767665141517266
03b35d75598c8c4a,0.5267292743275698
a7b77bedaec8c93a,0.5177144498257885
ee76d2371c0c082e,0.5047725491757973
d281c6f54b2837f9,0.5047550360251806
7e361174fe30f320,0.507573580173214
35455e796d9ecb00,0.4607547378418919
cfcd33092f7a01ab,0.49784378698938114
e89ecd7f9c51ac85,0.530440247022443
e341cf5c1f67ddeb,0.5320658634495146
5caa2ec37ffc33e6,0.49811596585066953
e9748069641b9ff7,0.4917990906936719
1185856c3d0a81a7,0.47918435267775095
8e610046cac38c0e,0.5070970419579601
c266ce7d54ad03d8,0.4923427292081517
5e4ebbb36087ca79,0.5113253859762326
252a9086e7eec347,0.4869900016412354
98d0d4b61fb68086,0.4858497592692339
a2e9d6bb2c9e6995,0.5410580393022708
0f8265e18c3762e0,0.5368189182665732
9cef750c74958d2e,0.49210298604186
f3067f41ee9386f5,0.46880845467173893
ad31704b2f7cdbe8,0.5234672641072373
bd5ca1d4f7e74e5e,0.5059369463944674
38c1a59f42861b6f,0.5696883895576563
fce28b6078c04d09,0.46687083231942483
49d02bd81ec3dec2,0.508853062045641
16cfe2a777683c1c,0.5042551073519962
57f5f8c1284d9de5,0.5165323061914419
71638ea37d012261,0.499101084823263
b8077dcc95200946,0.4974099836895456
9ac635b54a6f2f39,0.5118904278843854
d775ca1d11dffd5c,0.3839788552283463
82056d16ab969f82,0.4769259237171858
a63bde519eb42f4d,0.442616641956315
0373e357ad47ebe9,0.5374015179597681
587084c3cfb6f87c,0.5228574796521914
3c1d7e0a7c3eafab,0.5116912638871938
8b95268248ec6783,0.5384462324316492
1a7a54769b4e8b2c,0.5158710698152198
87da88cc2ed23a72,0.5170340590902482
12bf3c32672ac1f2,0.49165853903572154
c009006354a2f7b5,0.5354949048243758
dec66a8d7898e865,0.4865024044541698
d0c921259dcb48b3,0.504840557916768
50583be45aa97312,0.5158556300822312
23ee2def7fe6a5f1,0.5172853817013485
12c81065deadfd1a,0.4990143926337868
76785f23a04287ba,0.4710103928058439
b812fa639a870721,0.515066582858813
6bf2f346c7c9960b,0.4796192076391541
2364dd798ce5f569,0.4919321981933321
9743f9ec15fc094b,0.5049833058939415
6c1a268c8777d4c6,0.4627770841215231
4b107f5a2d79e518,0.4249602084308379
6f155c9a267b6ee1,0.426301521543881
764645fb0031e667,0.5184928664810613
6fbca9a7412cb5ae,0.5379847396876902
ce3049644dd9c4c8,0.4104542181486488
28424c842ad8c054,0.40107055596674
bf95cddde878378c,0.5468459731811468
0547a2f8bba88d8f,0.5289397107411625
b3ec33bd4982c187,0.5144461584658063
a1b2ef327e1d9354,0.4402532932183505
be1a1233f1f11630,0.4131244080314367
f4837b97d6eebf5a,0.4877848258648385
d06e4fc4ddd52945,0.4983131570783008
1dc995bf2cef646c,0.519525097307176
ab1fc81f3ff32e8a,0.5208749896255711
74c4c21991b08021,0.5336513524697499
758328efd3635700,0.512439709516208
b1c946c3f60b3ed0,0.48935142424668276
19be6876e3d63f44,0.4699809243258294
41fe5ed647e17ed9,0.5190280988377831
e991354094fad0d5,0.5588041847993932
370237ce2be50b81,0.49620031159254696
81172c39505b71fd,0.44282259018129233
91f4bac8a39bbb5d,0.5576582419848515
d768a2ab9088d750,0.5347828221476075
9bd6e5c603217c86,0.501786687643252
93461f275f38dd10,0.4774176845611019
efaca6e4a133ae34,0.5318330173063127
eb59b7d42ac5ef10,0.5446747693864791
49d736bd918a9fd8,0.44225901656123723
dfa46127eec5122b,0.4942540428080009
c6c870958dd0ae86,0.5427702776377968
bff754a7f99475cb,0.5461395834362854
a9bc4d32272c57df,0.44823408714591906
b3348beea7894ebb,0.5334962871113313
e5cb7d68204af6eb,0.5167260196972179
a7897ca9d595dab1,0.47001374313558075
49d66a6c90d1fa85,0.5251649738415207
a8ac7850854cc555,0.5141729769120105
f20527ef2847d5f8,0.5043752567447756
5ab5fba2bcd54a16,0.5119628442233399
b8fcb91cca74fe81,0.5093916778462381
d10469ca88ecd04d,0.45884165000107346
d7e208d8b07d57d2,0.4968887922620244
f92c0bf820221907,0.5214301087087126
0632a75c56eb2023,0.5331070917508424
753ff2bc6dc8baab,0.4987530294233258
74799ece5cf79e0b,0.4986969989244405
695fe0ed8f36fef4,0.4731214337892684
f2e225a0214133de,0.5128606283623398
12834936a9a0e6f3,0.50373633194958
6efae03ed9af240e,0.5159256927073126
00f1d651d2a65510,0.47270587624558713
dfff4da599d45fa3,0.4803407302768248
1e50726b44ce87b3,0.547879788585979
cec2dd227d1f6511,0.5378904398598696
c096de8d54f3af29,0.5054504565849338
3b19c47d918d2bf1,0.44009123627903546
a89e52c311d0bfa2,0.509276935979555
3cf2ee340af8f270,0.5168005392443339
1ed1d6d30f34514a,0.5630767607948289
02b6b62c64b163e7,0.4703244303309384
0165555673aba8c1,0.5144291019179974
8f7d7dc6b233a3e8,0.4942908263163692
6e89ebb086eab4a7,0.5336912716316043
da455b069dcedda1,0.5074585101323938
1e41bf347ad928f9,0.4937763335391183
97e84b4b06d7c803,0.5207030235965527
87f87afa2bd53cdd,0.3834242223538995
400cc9a9a3ebb419,0.47317938851270025
3d83c2a28c47d95b,0.4471670654116684
e81cd4d016bb3232,0.5289609585257745
ac8098254511bd47,0.516245141924879
99d7e6926a2fb9d4,0.5195301398623239
6887531554c752f2,0.5382404579347965
cbb7eb9fd07d0fc4,0.518837590295645
fc1526c5b5192d44,0.5161821125835395
024f4478ea140ffe,0.492693574556778
fe26056926dd24f6,0.5301674351243385
753f16027fad5884,0.4877881702208564
a875a0c42dba4112,0.5051530745415895
d0afae5e32598053,0.5211623648585435
ffbeb6142d666820,0.5138591490354967
c1a5e7ca70905fe4,0.5081147181600241
e4316f97c745275a,0.47628031940279236
67fd1745f52098a0,0.5217145832647863
ce16545f9be1686b,0.4893624157653055
68f3906ab09c4c57,0.505876206056734
1b06c4170fce98a9,0.498975084322715
0971fffa000c140b,0.4666628830570023
751208254412be1e,0.43225437856469107
997e2b258fde828f,0.4252284894966717
1af9e3631236ef17,0.5160458476721137
8cb76d62c15966a3,0.5382601900941226
2428d61e00cabf0e,0.4053946719515009
bdb92a7d5417bfbb,0.39444791652730515
bd881b75f6002b3c,0.5305425862880886
032abcd974d64206,0.5277655185715382
c199bbf0f29979c2,0.5242540731237042
cc52fd7018931ba2,0.4369791399354077
390d404788dbd2f4,0.4142424952818202
971a12bf0ebef0bc,0.49905825515014335
6417c6fd2313bdef,0.4972963540045916
c17980587c75ec0f,0.5211774675173386
4037bb8eb32663fb,0.5092543950968795
cf60e23ee1568f1e,0.5286873098861992
41e2054acb5b3a5f,0.51572320023652
0312e0a7f313354d,0.477555393153824
97160d225727b754,0.4616723041259233
0a52557101850dba,0.5232518410034301
171bc67f8a94335c,0.5478761424540235
50c1fe3652971a8a,0.497579640968306
662971de94cc4c9c,0.44286930404814506
fd6b46f0b3c19f5a,0.5576162194752403
347753b4c34d26ec,0.536149494383098
50360b3bf13ce8f5,0.49964401189008345
d0d9d528f42ee518,0.5001451552294636
ced8765ff33e6784,0.5308113459951429
4a402a71a210a9e2,0.5474171503316858
6c2914145da05944,0.4486522508644255
13632a4326a062eb,0.4966388625092575
0bd60af03ffa9ad1,0.5418511533918396
8d71d4c902ee1eb6,0.5368132170277812
fa642595949779b4,0.4410297542325359
03d79df981ce720a,0.5275179869516008
2467b6cacf7ce98d,0.5255137646008936
97728f5aa64bfd50,0.4656738716134746
8bd316a3f9948d64,0.5344337590684951
4d268c1d34a803c0,0.5151623739546143
8ccb970fb8fe2347,0.494282330343494
9ba23bb55e6992af,0.5097967751882309
a93add154b4fe0e6,0.5007526862541571
52a10c3a6cc3f77f,0.46492660642161265
9852000fdcf1d354,0.48826580395274133
559faa6512b527e1,0.5180965419128543
feab89b93964b3e3,0.5398075205243007
b2ec2e35f15574b5,0.49398353425383257
adfdbd30b3d5081f,0.4916407424380381
d314c1be22f68139,0.47688735244462754
21d1e2437fcea2ea,0.5163854081251105
52f09c98c9e10a89,0.5079896121091076
47c55bfbe4cfeff5,0.5231745058564281
f811f3f7f14faaed,0.4714179531765368
9c3db43755250bd4,0.4727680412258082
33a4d5001bcfbd82,0.5659646611010426
6fe88051a0cf9ec3,0.5361270076414861
cde2e5549a38ed5b,0.49202257662850335
44e6eee965d32fde,0.4391262095823434
acd064cac5fefd6e,0.5084063233570316
69a7a8feabeb630f,0.5232494192043541
c00ce737c78d744e,0.5698300310925093
f6ff6ff4186b663c,0.4686321069210819
142b24e369ccd41d,0.5061031585060031
9e85bc1c37205e04,0.5006272333252852
41c1a1cb4b56a5fb,0.5344769094939522
bcfe640996538f74,0.49734883250226347
9c97447810ab6866,0.4941561080892396
a0ee13af1cb87d06,0.5096801851272268
5dc2153e8b35114f,0.3839049677018168
8b12054bda4e4683,0.47012177468457983
ee761a009c77cbca,0.4438977295049129
bf7170e426b7c14d,0.5355962517305852
41f1b08b374cc9ef,0.512056114519628
e142b0410167d921,0.5172658536003922
88eaa9e779e671c5,0.5366045330572549
4959069a7bce8c47,0.521113447886346
ab3b6dcb65482784,0.5185807989488109
01771096d6030e27,0.4950475823939705
469342d34b4f77f3,0.5351966965074513
6c1cabdd095bea3c,0.48953670707375374
4db15aeef8321fe9,0.5015518509553121
0e329d4afabbcd49,0.509230510637317
6210fcf76b5e8d4d,0.5093736743243131
c1cfaedef3daf1c4,0.495815289088243
d92caaab9348c0b9,0.4678007354645589
cf6a5c6e3f77ba47,0.517719376412884
945fc50c14b9ff73,0.4921226137003417
c0616a420e3ec5ad,0.49916640528663236
4a12cad947ff6d58,0.4982640504543733
a330f408924dc54c,0.4608405053617235
c53e214cf40ea4e3,0.41871741924150585
db34bd7c48d3a4f3,0.4185793603265219
8cc8c5c242e7fd0b,0.5277491110831473
3cb6eef6e666494f,0.5414471339403493
182075be477bf657,0.4088608707558492
212c08bc3e5a868b,0.38279044058328504
09ac23c1ca1b9bf5,0.5398237125994942
b21c0cd9975d4254,0.5378830114150859
0fd29376ff7a423c,0.533789163195481
7f90e0b5182f259a,0.4313915494730858
ca25e8e1effda449,0.41056779159530543
8faffef2ef06e277,0.49880689298567604
ad9ff1ac85746ce9,0.4934195675759123
63defbaf4252d529,0.5277314726338558
6a61564a796d80ff,0.5221006393263695
340ca98f85fed831,0.5279555353621694
fc08d3ec52d3a9b9,0.510037098866117
bab7ca2f81eabe92,0.4925852980151697
502911b19c6977aa,0.4677172616406564
98db80a8d2d3d03f,0.520592658304853
61f5c80d7fd66b80,0.5540317155251853
b28d406c2f1ba995,0.5012414261926559
cc21ac92f6df77af,0.43096574021248313
74ccc0b79371642f,0.5545080233925722
a0eed27396253292,0.529733293948417
89f30e02ce115426,0.4997684622543104
fdd0eac0b4ad35d9,0.5023969039890064
be68765fe2dc3886,0.5259587283221868
71054722221998b9,0.5518126329184466
7d37531d11e49110,0.4499471136163724
6084b999b18fcadd,0.48672120975108735
19b448b192be9d1f,0.5363756185679877
3ef1ef70d2f87fd9,0.5377933051236509
e1a617fd91e05628,0.4519823685890123
647fb49c2940c7bd,0.5180249806582025
1e05bac8845c32a2,0.5287704302829399
ad65313fdf2ce3e3,0.4656369320304452
a402b1caeccbfae0,0.5249438953834246
cd4ce39f3c186b33,0.5099330097902688
967582cf3b523676,0.4977453671974308
25c42f3beb814877,0.5145206710187367
b5eb6b60afc13496,0.5009936426072441
95a90b453b0bf93d,0.4541614399139191
174a52bfe1eaa76c,0.49211038808523944
a906b4f22c310889,0.5204127888855319
28929a0cc93803ed,0.5486110144506007
2cc316dcc4e11e91,0.48642600296203553
f3f4daa864d82aa5,0.48141094665724404
99440f3f64ffe8eb,0.4743913653291202
fb91cc0e888a7af3,0.5142289423731466
9326f73236ad0adc,0.5042422661078194
e33dac9bac1be675,0.5090924400798311
e06b318c97bc9f18,0.4767376315068059
6ab58846c8a2d38a,0.47459614688856655
ece9c418d35522b0,0.5401719069000109
c30ee554fee4e6b5,0.5305257593057153
6adefa781994780b,0.5013959964773231
4ffe31002d875cb2,0.44211506230622566
165dd05e3b6511e3,0.4996004865034618
5c50adecae71cab3,0.5253717861958995
3334a0b606f4383c,0.5658414308131927
8f76bee967bae813,0.4716718065979235
975e12071f27887f,0.5032158940330791
01b86d969d782e3f,0.5010657411748866
e882b361713aab64,0.5408090961138131
6189ddaebb37f6de,0.4993656199382306
4c46ee0d35932918,0.49016506515320424
5ed476fe56387ada,0.520635145156102
8444dd9be3d916b4,0.37794599586942534
9f9b868b429edd81,0.46782088858279003
4fdd5de65e10db39,0.4483370911775353
d7dbb2d0e12951d9,0.5430904315892275
c164396dd1786e4d,0.5147330268076387
e40cf767dafc7716,0.5067602281402751
38a6aa9861e66142,0.5434461070566144
f3ae98a95727c094,0.5233654604744704
55a66473bd9ce0c8,0.5140000252760049
af5eaedced9babef,0.5013426104131471
8f8e59e145159037,0.5396614841328811
63f1c8035d762090,0.490026643928577
0f1fdc2237fae51b,0.49389914702349114
2dc48b08eaddd32f,0.5148741980021181
7ec0e89ed461303c,0.5123135969204672
a1cc468a5ca18cf5,0.503534568531465
7707d56539ef2f24,0.46763682117664396
d4751af4acf05327,0.5121164899720078
55a5680f6ac63694,0.4891433462987209
0e509e6d070915d9,0.48894347980564423
5b4ab2aa7dcddb29,0.49921694383107973
d1ed696087be4d6f,0.46391874318182813
27fe8456bec6badd,0.4337537813647906
8ac87104e3385e2c,0.4207836654304564
d3c59db45d02a2c1,0.5237478221329765
b9bbfedf6ab01aa9,0.5410894192912481
2112d7949de075dc,0.4116723584088404
96448fe02138cde4,0.382428468656562
765a23edd4695007,0.5349523984582062
f044c565ffa0b9f9,0.5375590093733745
3436984551f405a8,0.5351960572851767
dc1ea894af159e70,0.42134362474268394
70e7df3f1612580a,0.41092240407039804
60523c598bae0c8b,0.502487527187997
984d7ea30b8b7996,0.49044484304664226
8711068b1b6431dc,0.5256377320595464
7a3cac959f729425,0.5123099068376213
6322c3f18b83e2e1,0.5248142591246734
02469bf8af59e1bc,0.5083982185878262
c0aac56833ec8dd7,0.49226209851877534
8f55e5f065d348ea,0.4642490663870604
8e99a824b215c3ae,0.5164940939441375
e7debe610f734f6a,0.5567037059170041
6119b275573088a5,0.49522414954284133
57fdd5cf15979430,0.4350967135924294
a94b1fa2829384cb,0.5328192299048625
00f16741649de653,0.5260202844728392
48076db2dfbc6eb8,0.5069898570713474
a1182034038bafc9,0.5079411142037182
46833b09656a07e0,0.5192344298176091
82d939b8ada707b0,0.5533504996232272
9dd9d5e5fe52c217,0.4469699002713966
920dd3af3109c009,0.4884787420066914
6e1977ca3a342dce,0.5384762185686349
4e41c82538258ec5,0.5420114768154838
635d9565f1991e53,0.45999740322232296
81315f768a0eeae7,0.5160308655822712
1b31f4395c93ab95,0.5309522562671203
559ac5e1ad5645a0,0.46688666864176676
7daa19f462c7d15e,0.5247047781754167
40d3a0bc823a49a4,0.5049780698688595
555f19efbbc02b8b,0.5002432120942009
6b47484688180f3e,0.5180716940864334
530f35320e20cfa0,0.506603060967809
472b0f26d26e9fc2,0.45778170545869656
b210bffe4ae7052d,0.4981790133419999
2c2407a3b8f95879,0.5217546243683969
a930c147d6b824dd,0.548180338420251
ae8e666e60efbb76,0.47499067259520866
024217aaa4132a83,0.4778995965595553
4e3f8cffe39dc4c8,0.4908500235902199
4de1bb1dcf98b184,0.5146320823380647
2e21619a03f51828,0.5060057098352313
f1168d11e188cb30,0.5127873022873755
81cf5ff0943f9c44,0.4760712358389425
37b14a13459f66a1,0.49013162811500444
a0b15e878bb58c97,0.5336643656999124
60009a6bc6ea8d61,0.5356342008786561
c595dd64e49b15c1,0.5101140554406267
b0273d730757c557,0.4393572554329692
fc3ea05e0ccea488,0.4898940751115317
3d1143eebfe009fe,0.523427516240303
4d426f6caa425e68,0.5574422096915725
eaf382082d4ef4a4,0.4636968765083558
1aa02cb3e48aac7b,0.5024033239311005
a3042ac11b64c581,0.4940792545516475
58ff0915c1b09e2c,0.5397983251099336
10d99a4872ea19c3,0.49573966354783827
6b85098f40bbb905,0.4922134749231899
ed2068c1a6b1f538,0.5070285318559806
a1278b4bc59fc157,0.3829883593112037
4df3fb139418035e,0.4734792706340648
d2f2e9090a98beb3,0.45202508548197695
80eceba8766348c7,0.5448999933411647
079065e6e70423af,0.515721757244429
398f210588c05670,0.5176861339432385
d16237bc808ae0d5,0.5381018115143439
7c3bb5985e7d8265,0.5158169063471774
fdce2b29bfb5f5d0,0.5193774615551955
084e69cd125cfa33,0.4973652945359278
5d3157aea662b9ed,0.5372838012832208
803171d5d74d6a94,0.48840684642887666
a5d9ad31aadd669f,0.49478229533064155
b669b4ffb3886813,0.516285215359338
ccfe84b4ea0f8bca,0.514917019553796
ce45b756f54d2f42,0.4941051381048295
b85efb9a4249834f,0.46474764927061074
0912541b7fe7ffba,0.5063579948962221
610eae082777a4b5,0.47877996206783013
9b222a2167a25441,0.4999370422902889
3df9313933d53537,0.5071022235227005
c143693e29482a00,0.4612665402226265
530990c6421ba80c,0.4140017485568618
51b1e4264e429b93,0.40067567385135394
d910bcf167147105,0.5218857085001731
c34bcf04c0bad29b,0.5422198807116893
d1e36ade5b138d46,0.4084454029241852
9b418e30d9c752c9,0.3838310687211737
64edd892dbc40100,0.5434895578594712
3f5340892b4b2537,0.5450821988902577
626afd7ea14289f8,0.5281695161477978
af2c67074ea21c04,0.415580041980125
56bd4d61acba4cb4,0.4013271168398357
445bd8f57e1ff321,0.49765697076066884
3e77ea87a66012df,0.4994012085600459
e7f410f315b0cb5a,0.5182520304853975
19fc8675e5654062,0.5307046613651885
233faeffa309c16f,0.5412393865630275
e4bf6f630a4735ea,0.5153066248994638
5ae56eb2c90594ca,0.4960278796843294
12b0ee6c1b651a5b,0.47928440317377974
6fe3cd8492bfd76f,0.526105324699691
ad8c2ffb0725e023,0.5675319891180106
faab85d50bd37e16,0.4955226502189175
0384a8791e58ba02,0.43381128831728755
0110968a70f55b90,0.5291080532811139
4b1d884ecee83138,0.5264076629422763
6441cdff3968b2e1,0.5124057137545486
0685df1f968017d6,0.495279831406499
cfbe0f6e6369464f,0.5224912888450068
3b296422816658a6,0.5351283570269707
5555c46a492af684,0.4425513283247604
891afa8dd9a5390a,0.4995159375661542
30d0271ce4052c7e,0.530907342806151
7ec47793ea051a2d,0.5372694665491691
1a1d053618718afa,0.45288478412884603
05f637198e0b446f,0.5175851039644921
4d5c359cce4c6857,0.5259793182359596
793ef4d0e967be73,0.46481281956980103
13c1fbb73ec7fbe7,0.5312957185567824
16d337395e51ca19,0.4980116033738271
045c453a7dae9c3a,0.5055256872022257
c60345350a51e4e2,0.5070044235171954
04e1c01711b4c881,0.5033133128143849
33de6f2cde2574aa,0.4591887497846333
a13e9aa66ffa73b8,0.5047349448140781
141c6f8b35362f9b,0.5235517070888945
ad2911b6fcf03e29,0.5439197058953176
1543982646d92901,0.4853556558157285
a75a5f1025cd468c,0.48389178483921425
bc90aea32da765f4,0.4886365506145919
526742b960617503,0.5145726058119267
4613c1b61a03408b,0.5120474028578028
ccf47e3767362b3e,0.508517538674621
caeb758f8c6721c6,0.4854383293579829
0735a934e4a960b3,0.4916075442437644
fe88b630aa87f743,0.5273813789067359
e5e564a26139d291,0.5433189924484448
8421157067048da1,0.515158691832593
3a18be42fdff7068,0.4355103266621012
a2f51df977fe3e08,0.4843957808701246
54c3ee2dad5ea9dc,0.5179631298394021
7e2be39fa6ec33c7,0.5561718370418305
8320053a602ad639,0.45329595561608405
60b724142af42c7f,0.5067419620672834
606dd76a692af386,0.4899335516423653
b287fa867bf09fdf,0.5348363478449557
de25b57e29fb6cec,0.4875264645743773
2fc783f995b34476,0.49249317682526783
dce4fa92b9311a16,0.5123827716217041
477696a6f3623551,0.38327843685812646
d35ab983eb54944c,0.4629856860155577
b93a4048b34134b4,0.4520179814782682
4840935e7f40f0ed,0.5385397660195943
e31671caa2a8aed4,0.5179280544740466
ecc39dafd1b3f460,0.5174640906834747
ecfaa5d196601819,0.5318318243622904
93278dfd7009a44a,0.5138815896263809
792180e791b3b604,0.5296771691295104
88ef023f8e5e933d,0.5007205804088336
b152050be30386e6,0.5482706769544106
3214873a8004b0cf,0.48737421676301085
5e26fb277509fafa,0.4967152403863474
f468bb634e532f2a,0.5106224034083977
66b49da23033439e,0.5128138740852956
2fb34d3b3a2a5e8d,0.4864618899606602
6e2b079c1fcc1062,0.46656459402158657
54bd12b317099c1c,0.5191017334812802
e310f8cc6fd3c612,0.49140696945506157
d2aec4d7878020b2,0.5171265782396376
c517bc973cd01d43,0.5058905734314751
ef9a77aaa22efd88,0.45332697476700345
d506e1f21fb8970c,0.4063092755260208
f67c9cf77af9aeae,0.41168960844936353
b4d1112e110fbb98,0.5100620453450382
419790a5ada49aac,0.5386561333856478
2a8e7f72061be89c,0.4077135348081078
2ebde6fcb5086cdf,0.3832937885853622
95cbc08b14e81bfe,0.5390154200645398
1cfc7bfb60d66c75,0.5462262259502657
4f904bdb1ae99c11,0.5354715685492277
3ac3b8f57280db10,0.4079636067347455
4c748741fd2e50d7,0.4050658103927842
eb78fba64d8976e2,0.5086243047690808
7a2e73d006683102,0.4986349795088627
ff4a6c8866db6786,0.5156915269844285
f6dfad8a84f65ea2,0.5312206995988652
113a747314dabd96,0.5363497044558851
7728d346f2ec93eb,0.5091804152673537
28c85b7ead08ad80,0.49230791976716437
cb6e9e8df3423d38,0.48324467362367207
ab47e55267767c0b,0.5167253087642909
a9ce380ffc8cd78d,0.5740638557611532
e0ecf067a7f35d00,0.4996301807879613
f573af4de46738df,0.4275954494167489
543252f921cc1dce,0.538716764394005
4670a760071fcd1c,0.5299106555961131
dbed33e00754b836,0.5110842222817387
af836fb9449121fe,0.4890896295612115
040f6525068348b3,0.5360867951417938
c3c1abde309efee4,0.5410934159314349
de5c1a8c6c730952,0.44109576233478354
1a83657a9f6506da,0.4995390990943257
ca5f441862d70318,0.5439429319816247
411f8f887250a51e,0.547411852000514
3b645162c4857ce7,0.44424003604274387
c5642c07ead89c5e,0.5076915287221855
97d48b267f3824b0,0.5189202681038656
50e0f6f78c96ebed,0.4641855570436053
3413ba1f9ff456c2,0.5201672428748921
b12ff93c1ba57cc5,0.48603769802026475
a74ba0846aa6b61b,0.4897148136547447
0f8f8273e7e5af7f,0.4935154097950396
7ef71a506bd0c097,0.5000772261878158
6579a7cabb72c91e,0.45876296198593647
fe1f42fe698f5916,0.490177048906028
9026cbca7f1ddc5e,0.5312547272153522
8889a8b19fa8d066,0.54044047785132
6a4f172e913a4acc,0.48340893992654066
cc7123dd4492d3b0,0.48923350386079745
8b059a6cc18632ae,0.48432146739076143
dd7e772efe3bc122,0.513510480955866
0c3463520e475f87,0.5058217636885393
31bc24240708373a,0.5129711803696612
5f9551060116e813,0.4755248777414144
2ec3a64eea0bafaa,0.4909198079383472
6cb400f0d7dd9655,0.5333622747363528
947cdf210b73b737,0.540239943096124
16ac8c4baf5c5422,0.5104352847802582
29f1b34fa4faafdc,0.43835580371737715
6db03c1d8b80c292,0.48642625142970886
4866bc471c9259a1,0.534234105059133
bf21474132488395,0.5536532028940792
6a11ccca9abbb306,0.4618828271978662
d4d8512095e22a0f,0.5225459101685668
052390a7a6493910,0.5017568882565426
341f23b769268f9f,0.5433244266184887
1d501f035d6e7ccc,0.5019560119633684
06007c447f2cccac,0.4912389344642173
4709364858f565d8,0.5187659278280744
fb44e340383d099e,0.3857790695752449
c7f0630f3279e9f1,0.4672967954246656
4ba848d8aeb926f8,0.4518463126280605
6db5c7e62fb37a7c,0.5469095775829527
acde4dc4f9522859,0.5132840595388627
f84c21fd184f6a6e,0.5127163808405243
84eda5eac182130f,0.5377703788676265
89ea70a39a52c4c7,0.5218920204975825
500d8c77485d9b73,0.518332239669569
288b7757085588c6,0.5050589301185476
9d3b5e14fc4b56a7,0.5433904349697163
f1d24c128cee1706,0.48463265139036715
a01159ae7dd7043a,0.5057529962656483
36e4bba59860dd31,0.5073785982804877
ac52abb277c4797d,0.5128821256447755
e79def4efe42dc17,0.4925520308328295
18747a00b4b32954,0.46344638405398575
05c8cd708347becd,0.5131369479156344
879ae7d438fc66fd,0.4864717432634966
bf814e3992159aed,0.48480521786143993
0e438fd7617224d6,0.498960600835465
4ede417b8544fc62,0.45737900370000717
cb0cfed6886ec838,0.4009206557293088
baf8614b00ed453a,0.4088221979895025
4abbbcf0dfb902da,0.5169011597739406
278842bb5c1c59a0,0.5455392698070245
5d82234736430c20,0.4029931928391638
c732f60eef2e4cdd,0.37810581631289675
463ab2f418a4bd1d,0.5419669221201617
fc6b176cbdae945d,0.5565662134787994
8725b31905573880,0.5435190893314835
c006da5e09818953,0.4131780044613368
3dfa2ed3bccfd2d6,0.4073191817740721
53f6c8ff3b42f0ac,0.4995847824630951
c137a06e6b9d7850,0.5045963133114071
f555f1c9db1bc90d,0.5234042968709067
7744b028fcc6ea39,0.522222026894745
c9f3db88fd5c0bf6,0.5341984496668343
c7320c9ddee70d4d,0.5122894792426724
43dbdf6a32f63353,0.49077422419626626
31b861312edb09c8,0.49534925639658833
6073e6b422dfa85d,0.5285401316013617
3c9f65a69d4e2e9d,0.5685798443060965
50fe7fc79a1b3fb2,0.49172697930588427
2e2d6c53aee1b1e3,0.4257143303972939
9657ba03e3534cfc,0.535184266821334
5634a188ec8fb951,0.5323057892383667
6cd7ad66ad1db5b9,0.5219430176663862
a6dfeb4c69a501af,0.4976543215376803
40223bf931b199ab,0.5345805208473987
3b6e94379dbc991c,0.527994032115333
53c654f76aa4000a,0.44275493748630634
d2aa1a6219e0c0fa,0.5043890014598653
37eca3f935fbd92c,0.5410176191393091
f85aad7593e0d89f,0.5455046002286086
9c84d59b7075b907,0.44340581541840485
2900a8bbe9a2c4a5,0.5260168365957383
72e8da98fe776d06,0.5122141262805306
ac5c7cde6431b609,0.46963883729343026
96f62e9e3d67c650,0.5265376145760308
b474c5ce873833f7,0.49431943905998466
b8790098213f287b,0.49567297670521215
01092ce8f84c53f2,0.49619777949984256
877dc8faea292933,0.492687493913303
1295b715b9f96606,0.4496465653560725
b31ba13e71acd297,0.5004815332056536
9053f89b1152bee5,0.5363724463954147
fc6912040c67c25b,0.5379325695481642
d9d96bfa5604cb2d,0.48000580926427494
bf4ca63389651278,0.49410268290688797
513d1b49e5d7a9f3,0.48318356988542566
6166dd482b422ab6,0.5194387243578159
09df7317d0d049b3,0.5049149216570742
3c80c1d7acef380e,0.49425609653450897
4d03fc0fa805d3eb,0.4790023461321492
cce4e4c1b53be42e,0.49284527753857554
ec6cfac6bc6a909e,0.5370653488398827
b19bddd38ba343fb,0.5339684486276364
49ce02ccd1318d13,0.5137873655768445
30413b327740d883,0.4291250552532766
e34ca6f9d2c70fd5,0.47864366917343426
41e4660361cbcd21,0.5261144664806532
08234715e07e8b6a,0.5524262477714046
2f3ce78e1d5a006e,0.45699863530881946
dfa8a7b706f0f837,0.5182641404967263
f4b6fdf5fc0ec582,0.49357558319356565
a00d26a8fc3ff32b,0.5366806661563983
1bb978e01a486a6e,0.49763037130792787
8cf6ccb1a67ebc07,0.496978179020784
9114536fac55c285,0.5101223023731203
a49ef357a5e25d32,0.38031769589240205
175359a501c1080d,0.4729979362501405
a22d68cd2c9c2740,0.45112123863060805
d4b4bb62e18451c6,0.5500562033415466
bc553fbe32eda03a,0.5162857365086821
45b4198fb922b0a8,0.5027187346480593
81d94f3887ad9396,0.5252317989956694
f960dbb92ce28cfa,0.5088209635052845
db002fbcfc0408a5,0.5249115439790046
435ac017092698ff,0.4973318392054531
df1e7bbd46853d10,0.5494890008382354
b1ea3480344da9a0,0.48573639882084785
095965f9b674ba6a,0.4794415464994184
4afe5d1079ee04c7,0.5015668843623502
8e060ee18091b02c,0.4955391105051814
633ff76ea5624460,0.4918424061074278
f15a1485e095fa01,0.4538684856082549
405ef118051dcbdd,0.5100243029401754
05067fef0d6458cd,0.4744331318499938
73f5880b57a52a56,0.4884287538819143
b6d0fca8b0238d8e,0.5173995122894222
6144dd7d2f01c67b,0.480834609644734
5ca331e568e26cb2,0.4316937711297961
aa8b8b04618403ef,0.4160643334027131
d402a6cd36dfbbeb,0.5139454445712964
328284c0a3401346,0.5437548475463732
653b9224b2e2035f,0.42778808506144783
1c3564a9e5a0f5b0,0.38353290631569836
798f93ec327ca27f,0.5366761023313085
606b2d88e7a113e7,0.5365633517770947
e4ae647574a3d8c6,0.547203697999419
d1a68ebabcef2eb9,0.424976637506865
6eaf86a329aba859,0.41622937321168174
8d8872219c622cfa,0.508181257742988
92ec72730146b75c,0.4982572069975003
e1e616210fda6c3c,0.5242761678945298
eddacb0ae2de1f83,0.5325345868520457
10295aa901bcef8d,0.5400790169386225
bc83684753efc6be,0.504281131177835
3883aa7caddf526b,0.4972287314283026
21017ed0bc61293f,0.48699384129032497
5f3d20bec177779e,0.5251006322229809
8d7ddfdb993fba81,0.5577775153555118
5a33270a5f8e65ac,0.48330870759368105
4e135f8759f92c89,0.42460141389138295
d6e63bc2834e3249,0.5362154330130072
33e38a5350ad4655,0.5377376633097553
f1f0d9a8b7b6c0b9,0.518207981358729
665592b39f7d2807,0.4956781659627221
0caf4f578e4731cf,0.5314456105230192
96478f1cc900c76c,0.5502342488036627
12674a91ca06d633,0.44600024393742843
1863be47a5c13c20,0.4732937395310842
3a6bf0d8c13f43d3,0.536828984769333
458bfcb8e666defb,0.5500360830792288
06c320d1cb3f8589,0.45426607405607444
c88cfd70a2fbea90,0.5216925779171564
0ae16608ab571b36,0.5389868519444758
0503ef2d7d529e5b,0.470482809653628
4bc6f40fce9765e7,0.5158557951407032
0c689d28f8095249,0.4889153049048145
cbc016895b7c8fb1,0.49863565287692335
fa1c4d9833172834,0.484149868689686
35d6970d728ed9b1,0.4965464946336622
c513d22632b112dd,0.4393120332726863
8231f655895e5185,0.5002475703011353
034414f095ec10c7,0.5349915749256576
77414b696091b1b3,0.5449095937841326
ac2b314a83270f68,0.47167160714674805
904925f9cbb7d12b,0.4919489940631325
cdf7146878dd8fc6,0.49111145920104726
599f60387c40ee6e,0.509906492469455
265da5505504afdb,0.49292642155616884
83bef090458a25d1,0.5085710181856924
d5522167eebfe90b,0.46389815222573905
ba8efa348d44cba7,0.4801787110311283
4a59e4aff72f4205,0.5508466599684927
4da5b75d3e430c31,0.5461614651431322
494809889bbd87af,0.522500386133762
667865c4831f1541,0.4413552547760412
0566559a0c9f183b,0.47006095070888765
cfca4372ab1b8808,0.5332648878296027
0d62e99afff2ca7c,0.5541063263806003
fe56efcdfd42e084,0.4737107115370194
ed8d359cb444959e,0.5043848665355494
44758451296a18e1,0.4984294334271979
b8619e8f19b5b234,0.5434699879845717
63f4189b73bd64ec,0.4860251345180566
ac999539b317633d,0.48972447459228097
e8d88d28ad455685,0.5157512104730371
a6831a3ac3afbc90,0.38639735823039534
961d5bf5ee4974ac,0.4781028908307915
2fedff16b0710bcd,0.4460896065454585
5aeafcc34c6d2a54,0.5554708518074956
95305a997372055f,0.517243130652536
38c51791d1a13555,0.5049841734112152
98c712da0a9bddd5,0.5267289163752595
a35b4d3451df8f14,0.521049851864447
be798ea83e116268,0.5171626863178655
ced0ca8d97f4187d,0.4982997428022792
5480b8ade49491fc,0.5481696944505076
b85fc8fe5453c34d,0.4859754102986249
e37dcf060ced53a3,0.47978572335767766
c047a757b7040ecd,0.5047185087408532
352088c825327156,0.492062039517176
6b834d0ec9461f90,0.49363278221077056
7b7e384fb618b3cd,0.4662721210666647
0c09c3600a0365c9,0.5117305009145252
cd355869414ffceb,0.4847157646868063
b7674abff7f9ad63,0.4886830702016882
daf16c5396bdb9f0,0.5192446360427412
a84fa54e3bc53ee8,0.48188757452636644
fe2300cf78ed4b43,0.4368249533734958
e18680d2a6593268,0.40431597522181817
e0a3794c5b817503,0.5207483569126046
02b57f0b4f692844,0.5454095157972874
906611f29346e2b4,0.4278318754723135
e23265012fd43bba,0.3704827814723154
b750c1d377154fe0,0.5299454248856093
48a43aba8e7a34b8,0.5298689895505682
71d2e38905136880,0.5533854800466829
f5ea42a03d206e36,0.43519008890224087
cdc1a04984eff2ce,0.4187321773319721
94171f8fc0d6e14f,0.5154883268691415
e8442be392478671,0.49405848446205625
262f213696a3789e,0.5305571712457131
2fffb62afb77ff50,0.5256885039703002
568a5ebfcc4a79bf,0.5418892267276667
63441a4b1bb64d51,0.5089964977754938
b611e67619d8a475,0.49732512873739154
86c627d472324ffe,0.48290848361826666
2fe54552c8ddaf22,0.5252226278502368
c29c3e1cbeaf23c8,0.5586325307464294
3aa24027d9a8995a,0.47737234226163683
9296f72de0e2d5e5,0.4262501367073196
8f16bee2a91f94fa,0.5317202313617516
e3694bb9d4955ba8,0.5325093607775256
a8806ce209353408,0.5199938389298872
b99ec01069c3319f,0.48392299734717403
05507a115e734395,0.5295035910868771
97ea37caf25c7cdb,0.553725651937873
c476050215d74324,0.4585106488823545
249d6dd6891ea2d2,0.47866567992838216
a4762d4e51328561,0.538363316543597
59b86c62fe94b4db,0.5565128021762786
628461bccf1b7a8f,0.4563311707592963
b06f71eb27f5a5ad,0.5217134128213046
60c77f3bf6334772,0.5355519173861208
d7f2f52c16f36beb,0.4633688390314892
1102be643af395c8,0.5148791505062031
8fa54bf80bfc4777,0.48763924466327646
91dbb16ed1a34c02,0.4800661653574
50e8403d64db2d99,0.48798589237318357
2c3704c5af31e878,0.49976321512043087
60cbcc1dddbfbf48,0.4497048655751842
bd076bee4e48a799,0.5033448539810141
70143dcbfcaf4b1a,0.5340411407280623
e86ec485354c7540,0.539450562574344
df7332c77bde9c52,0.47305313100723034
abfcefe841cc87a7,0.49059552121483874
d0c73ce30d5e58c6,0.49848012859080293
34381763faaa783b,0.5146741642837023
0007ffa3384fcc20,0.4930426673164978
88cfa6956f96eceb,0.4968508569597614
730f65a2c59d6d70,0.46585775828999487
eafd449fd81c5336,0.4818835128044011
21bb19a2b45ab2a6,0.5415395931169393
4de517dfb49db934,0.5418142452883652
c8dccf74643e44c7,0.5070083013230977
8801ccaa20c31bfd,0.4407120896390073
266eb198e3be37bd,0.46695512299161546
078807aeb6230573,0.5432113285655933
3b4133542ee9fc0d,0.5489746821292465
d5dd9ce044cb4108,0.4735712035166053
3e5bd4919b8b968e,0.5037169575870127
b8188e98c3714eed,0.4904504438020314
fa16597d9d0ec854,0.5473539035728439
30139109cc6ff065,0.47738001087017734
c3cbe0387ed595f0,0.4912572171108005
19160d8d70fa8858,0.518502704117112
7faaa3c6a9cb5c1a,0.3831308937984057
77f4c39a3361fa5c,0.47355309523996447
0ad81ef80561499b,0.45149713493396737
864a88b13b880096,0.5560470867412619
3a8360c11b28ba71,0.5253875587260741
fa58514258e6c5a4,0.5127553836841335
cd5ae40db07bd7ca,0.5352520755900012
91ff34682b8578ea,0.5201964073065533
4c6afc4ffbcd2dfd,0.5099397236554817
6b16ef1279021317,0.49121479722658357
70cf49a749c08328,0.5462466181712733
1da087f367f805a0,0.48317826774954753
29a5d0cc8b26572b,0.49757300725607945
56b7383fbc6bfae1,0.5028473455158939
7db9260caa531cf7,0.5051405841750598
724cbfc357d9876c,0.48834610858081384
e9436c2721471e92,0.4656995000216274
87caac5915ec7983,0.5079353387929977
d14444bb00f50715,0.48691532145022676
927b3b0703d57e8e,0.49993885040344244
79373137bf7aec80,0.5108063931970577
e86c62cba6efc1cc,0.482245772662488
16fad7d3cf65f0f0,0.4415304808004049
df756a153b0abac6,0.4156915396257792
64d21eee87f28174,0.5187272689436299
4a01038481db3f29,0.5418803396033331
89680f91ff61a2a3,0.4254297015541093
3b3c80a13c9eb4bb,0.370165926982746
725e4bd64df26cfa,0.533810102583637
8f5f5865b44f98e1,0.5365303264615038
48638215b8c0bd74,0.5544625884082686
8aeee4f24efc8bdf,0.42957637285255135
558025560139a8db,0.4198624006125229
e777df920a87c282,0.5145605416596712
e17024e31bcdf3a0,0.49365407030685715
b83c078e1b3731e6,0.5303310549189234
760d9c26e8f14c7e,0.5099337988123334
021a031da918d208,0.5307031789573184
85aee07e23fa6c64,0.5106486813093142
6307701fbbcbb52e,0.4978929414442659
ed1ee25b09cdd876,0.48907368273028806
45b09f8aef2040af,0.5201017013733513
aa4a13a066c8f93d,0.5582616843343955
52c9885c3062520f,0.48300140009807535
8b43ac2b596d83b4,0.4187793170177935
0db37ad62f78fa59,0.5244665681666495
827d8a6c4d78ad82,0.5299027814368094
3b159cff5a765854,0.5110464144948047
412267a2d1e119b3,0.49168136205424884
05ec68babde575de,0.5293939815093291
2ab470547cd88769,0.5484700322620915
4df17ddc80ad1ae5,0.47400226351758146
c79e0fcc5d601c36,0.4758107953035158
d518b19823bece7b,0.5398070739487746
6eb2d1c240c8ca99,0.5480239852979609
ef8a3d257130f0bb,0.46379286396567043
a73d2bfd8cf2ec0a,0.5244566713707746
1f36921630518955,0.5358379315062844
6ff146b5496fd1b7,0.45509466035162915
cf52fdc56d65ed83,0.5278530292425428
c07017fb857dfcd8,0.4802059133024772
699876e145e24378,0.47696493999414613
29e7352561d235fa,0.4867710663833942
3546b8412b0a0980,0.49855906229865066
9d7524447c78d269,0.45216316003166446
e9cb6a70b0782923,0.5030064235714964
fc74c1bc0d87045f,0.53759890539428
306f85086dd25cd0,0.5429237989671034
e3c9ac5b096d3c86,0.48065382443147864
dfbc44907c183de0,0.48295163636320404
94cd67f7c2c47aef,0.5024519176441696
24322e01fff09f60,0.5178800933908637
6785f6dbd5ce2f7e,0.48693440890250284
1f89491205c851f9,0.4938704947874133
2a41980d6c79bb91,0.4787327720408576
aaccc92ee85e2d10,0.4852016363895415
1ae7b49895767656,0.5448592427203439
264f7a6c9040ffbd,0.5391572453151138
d7ab4da04c77259a,0.51497924294684
bf291265147cabe4,0.4397228180550776
58410b659adde2a3,0.46769457912880796
bae16a52f65d9602,0.5444756465309082
fcc6039c91b7e8e2,0.5397889864242518
3d3eba84c5a5bf46,0.459437014200322
7c472735cf864ba3,0.48986839500311674
c2b0ab161f5e161b,0.49894324278427205
f31b003945e03fde,0.5495273917774139
cf0cd38293e4e89f,0.48638363487788583
0b6910adfadcfe4d,0.4884710372077796
7973f49699dc60b6,0.5049500135353405
73ec1c224f654885,0.39319000399856996
aa2b03e42ce0956d,0.46716317455951073
95a717e4a18c5586,0.45678811988790136
3d7401926c52f369,0.5539053190781997
a4cdd82389577a7d,0.529137634409106
4fdfa3837bb15708,0.510903332434125
f836824b2dc198c2,0.5121112150802827
6a7c7e829ddaa156,0.5289707464084875
6f801da5d889b7d1,0.5034827416909814
f7f2123eab9606cf,0.49189843643168474
a844c948e81b27e2,0.520982753398662
75d64234052e3166,0.4670294151479242
65975009fa676ef2,0.4700234771864078
74a04d5962a39644,0.4951441298031489
4089a5826bbc8a32,0.4932438432322953
f635b6eab70c9494,0.5041766326933061
c42a14c877a7c116,0.45117277089051844
11a2ca7200ea2dcf,0.5205804741841169
a4a4bf7a42e384a4,0.5047005838122822
0c1010178264d8fb,0.5019026473444015
a1f2c4301601f47c,0.5191147471178339
77b43efd01e90446,0.49001622242328036
306ae65c1ddf7acd,0.43462340099394436
41f87f15861cbfc9,0.4296772226720733
f4bc11133c332410,0.5105401044056463
a17056856373304a,0.5452391471412756
c8969de43976ed74,0.4342706579381831
73535b357d0af193,0.3941182124007886
5dcd60c738d110ee,0.51767607459858
d38c1b4aad51b82b,0.5424834463330069
88d300c6fd51160e,0.5577059143615217
cd984f587e4cbbad,0.46294254475290497
2b3ed23bbef03e3e,0.4355924091361938
c68f07b8d5979619,0.5168086214000448
2499c3b18767750e,0.5086540027598854
c1ff63c04ab3d2c2,0.5409056527081721
272b9ce015a4ebf4,0.5275131899056867
7363900fed00a29f,0.5350857544261861
abe1c871b7bebc94,0.5231823228373109
16bbdeb102a69000,0.5108636152828339
2b1535b32c29a661,0.4727221976159466
8cc48d0a727dbfe3,0.5184628748526232
e66380f1146fdc81,0.563994250248173
b8549772471a780a,0.4835183899348301
b641a797985b8136,0.43088016345132385
48a331232c56408f,0.511524636806796
f5be72b10687fab4,0.5095189484259088
647beac7829969c0,0.4951394038656495
3ae624905ab86011,0.4965386901921087
6ff008aee3b85c61,0.5122446865896646
8e0b583dbdf27762,0.5405583108354384
4e266c831116f5d2,0.4895076254144958
fed6a34b0abe31e2,0.46031658997238134
378cb012b30ba02f,0.5467254327904771
64685a0b08c7e680,0.563477218764028
c2172c3b423f861c,0.4582840105404724
7176f1f8e74c65f6,0.5260853654507892
c454d3dcef628ca7,0.5483346559064393
53edb518488adc8c,0.44571623902823987
4a655e1ff77083d2,0.5191191383126009
011e67e1fa17d552,0.4804251902924943
4a46ce75d34daa65,0.47587449010007554
655ba5fbcfdf599f,0.4892630344272825
3c066c2b5e3f6f63,0.48907258296686806
0fab14c314e84088,0.4573332266979778
b417cff9ff55a289,0.48274799970003524
cb576899136b2924,0.5346878498961227
5d9ec733a94a3b73,0.540925009465544
1a58fa7137c784fb,0.47225785480382587
6997f57552b83154,0.4872879997271039
3e381c0e6f77bd38,0.516273108759006
1e02491213b78902,0.514389205771324
cfcaf28fc1348984,0.4657945886423219
1d880404b5f092b7,0.506953769579959
857aa8baa1fa5f70,0.47171968682672283
4b1ac4cd805d7b57,0.4753637693979259
8dea5bf526020300,0.5399188475268156
d0488aa76f741228,0.5284238732815629
f6bb045809e8d724,0.5001333746213856
ca6d95e6713b3d71,0.43045807633987787
325e5b96bd2d8356,0.4877736606398315
b7ccb1701aca133d,0.5401903147319018
ffe8654bc2b7a0f0,0.5512207853394817
3872b5e8e4ba72f1,0.46003921020546823
ac7bb1d493b95398,0.4818892968554094
ced4fc13e906c178,0.4997641591444201
923d259448e89f3a,0.5618159338872307
7bcedff3c73761b3,0.4826431547141967
a68c3a9b2706d725,0.4766313052686294
f441426c6a6d454c,0.49885178109690353
8f46932cc6c8c5ac,0.39687746967258364
a21aa887ae0953db,0.45256275861044837
153752f55a6dcf02,0.4669776795630983
fd08d5283de9b918,0.5560573359085925
d0f48574e515c831,0.5265746501422917
80222afa07a17ea5,0.5333974661798095
85d86470d64f1fb6,0.5101750155643021
eaa581b09dae250f,0.5334047933466182
cd4e62e514925a3f,0.4889068402142289
36e104f677abfe86,0.4994259892435431
2171c0265fabfd60,0.5171608455585343
53fde8bc51e1e63e,0.47422331823581776
888ee5d92f8a1c60,0.48392681633304746
fa6b78a4ea5678fc,0.48939861548279884
ebf6d6079b774d8a,0.48242981928434525
7fac0142ef8f346a,0.512938533410517
1c019ac095115b72,0.45107889361025455
d9b90a0fc2af2148,0.5151276328489922
17fa37a19da38363,0.5203511357441803
d6d2f60860caf187,0.4840260035203574
8ca407a2026e5704,0.516419980973467
35ee0bdfc26726e5,0.4955077313192122
fb10e7179b465a4d,0.4447938783270503
8a0eed00672a4336,0.4283444974775219
aa430b5f8da813cf,0.5259683011424003
2b2a71cd6a0ce665,0.5446406812835296
402dd02889b1b41a,0.44136989836727947
7af958445b911014,0.39972080492484785
6cbf709990649dc1,0.5240127234204883
293348f5554b3ee3,0.553328099453334
a2c57c0dee14c645,0.5558897362772397
69156689d3b694f9,0.4589039944198364
6393f5f939502bab,0.42332033628964094
e06427dc7c616a80,0.5137352079401053
5079a91e6f9604eb,0.5180304606065855
6ba3beba536a6a89,0.5361567239867299
da996b5c3aaca490,0.52535371793831
1157b06f076cb8a7,0.5331587578137926
70cb67de73a67477,0.5320290851387379
3ca5ad324bb1f517,0.5200697912673701
87934c0d7a4b4890,0.4599657293211932
6d860c1f3d186c75,0.5202622105048911
4ee4715a9099457a,0.560105258144554
20dac3bc32320073,0.47764024377193914
b13811bfa629e1a9,0.41286038230957145
1e8aa9a19698c01a,0.5045009859035944
f4bd941f8ae96963,0.5074962396287012
89932bb6ddf4a86f,0.5201701022125789
a0131b3d23eba69b,0.49765953246729566
d590b10554492056,0.510329499528581
41ea34e0ddc9073e,0.5449692567063669
a3590d87b3fa4c4e,0.48956463868223454
99fd72526b1ad96e,0.4582243800724086
d85d2eefe74619a6,0.5539769033856897
0b91a5ae1428e8c6,0.5654007388388749
f756d80189e22e16,0.4688932703073987
1696a3db75c34a82,0.5083203142609587
631b5608a8d04fe5,0.5593177560816416
ff4ec99b339218ae,0.45845145968428624
9901a1c6318a7a1e,0.5191311658112685
edac6f6d6d1c8591,0.49587484469239873
60a80bb29592caea,0.49308150723664823
9d798c32ae47669e,0.4864389265949346
aa76fe8bda211b81,0.48279879326493713
97910d816efdb5bc,0.44281688691936827
d1d91bb6ce18edf5,0.4825655788211518
15d517c0ab81b9de,0.5305865615183389
65c872864ffbe2c8,0.5444858668040113
cd9e5e0b88d53fbf,0.47193260689380034
ba77105d8dfd68ac,0.5009107691191095
89c92c9ce82e3493,0.5070200071088774
cea9f57a85a4d3c6,0.519227776119456
605f46a58c70aea9,0.46987511833690565
c65802ca6879d95d,0.4924178429105788
6db9b778dcf6f422,0.476939196731484
930c280e870cb8cd,0.46235015006729685
15fad7ef57405d83,0.5435167474977142
dc200b4932f68c46,0.51618819673074
536348ab383c96d4,0.5083833461198286
cdf9614ae416b3e1,0.43679947924429274
2c9d96e0b65c6f4e,0.5032720937087285
fe06e5c435286b22,0.5338867328417376
87b33adb7fe38505,0.5524323648345131
4d178a9ca5edc9d5,0.46848956751995363
36de6bbbb656ad5e,0.4816002511018227
100d0b38764c600d,0.4950259896999091
1efa3220b8aba0f6,0.5613933706639143
5798c5843e989068,0.47879891501845584
7db78e78dbbab7c8,0.4769363624074494
2d66df335eddd6d2,0.48878338454523973
317443ac37f441be,0.38955441392738954
d396f187eaae8213,0.45578199559645594
d3ff990f361d9a56,0.4728025334807493
5b1694e45729306e,0.5606740182068979
e8230fe62f4382c0,0.5441148423905188
aae57d18e077f45d,0.5085564152779745
5a9c2e0f5fc8212b,0.5399413714542151
d56d6bff3c9ea5c1,0.5476218424872707
6cce7858bf812918,0.47685617945495395
8957c653ff4bd88d,0.4915543087448597
9a84092592fd21d9,0.5359259142325978
7fcdc1135af8ad0a,0.45280963609113856
dcdde2f8bb879781,0.48681518224880915
bfeba50fbc734303,0.49741426899764285
c915aa47bd6a6593,0.4881338020511048
5a1d2f84c85e1526,0.5138249959397736
4e61d63c18ae64c6,0.46135541166809557
77f70667122e958e,0.49034610740726614
34e1a645ef897468,0.5234308285430656
f28921874af5712a,0.4811429950264644
c8f5d994539931fd,0.5048130390230833
d6c51caf0570acc9,0.4902181008329973
dc706f1686d39d84,0.4670848257567346
d78174fdcc25171d,0.43926013386998686
350e2639f7bb8429,0.5308141149730189
1da68b238a7dbabd,0.5524507405002661
57c2073e6ffa9e8a,0.434229243274334
2eb09bf78c1b1104,0.389343801808713
189c62ae1149f196,0.5202506881749551
9a621736b395ab27,0.534917454951057
100d900abe58d105,0.5606665952176766
c3cc4de377a5991a,0.4625042852886936
c4f40de21bb1fce3,0.45169000845219376
be33f6f424df923a,0.5226114873474266
47d571464a57cc6e,0.5001422864854645
8adc7817ee7e2931,0.5386267940924621
7b1087d7a0400215,0.5088721910519336
6009ef70dc6fefe6,0.5142744670140544
d71eb4f5761cfcd2,0.5178935829298466
113ff25a353e4b4a,0.5097788144264517
81437ea6d74265f3,0.44945117888600294
daf58c2d82af3d4a,0.5131409058368877
f6c509a070c4042f,0.5783731099108695
65f6cecd6a1059b7,0.48133426419702063
21de13cea357690b,0.41969405578376007
aa109d06229f02e6,0.5165183835331324
b214661fbc8de73c,0.5219580458986324
c98acceba6c57ae4,0.5027176596433409
65c4be0a2cc42369,0.5098350313142332
07a0b19c660c7ad1,0.5097110377424117
00bbcbfa30067a3a,0.5550736767969497
ba8019f969f9191e,0.4998177475575758
eba7281edf101473,0.46023066765838017
89ab4d2afa21c81f,0.5408780278233078
9ea257e7fb037e10,0.5598819455634242
21b93ba3af889dcf,0.4553575237283325
782f17a0e3da454a,0.5239731268741932
24e0a3fda63aa5bd,0.5417484335478306
dcb7dc36097a434c,0.4484130353859559
bb683b17a9beed34,0.5329551321498143
8c052a77f1164c78,0.522340967795464
09cef332a174f8e3,0.5075342023271137
2437d323c648b63c,0.48745911356867255
1d583af17ce5d4a2,0.5171099541954114
519e3d7c13f410bf,0.4641440998070169
d51b4ceb79b04173,0.5047080636566494
56ab5ad7e380ec64,0.5416119592785307
54957464a2efccd6,0.538261252233375
9d57cd37cfa144ae,0.467584741794706
e1b0d9d29b345ed9,0.4946693118056129
11efc4ce5d3e8c39,0.519933334058645
5fe80bcdc7f1bde0,0.5348915097069016
6d41f83d4b97c004,0.46741377640790416
7edfc50a99fc75f8,0.5076173058345175
0f76e92b50319302,0.48250129754677373
ac948b84003c0359,0.4571836934765443
20fa38ec0f0cff3b,0.5272018261067369
494d4954022139bb,0.5074518429381185
efaa1cc7f59e249c,0.4956545381351486
1f9c9f315dafd91f,0.41971013024903314
09b84ddecff66b1a,0.4902657611327512
12707519e3ea2d2f,0.5383932767176538
a08804457b9b2445,0.5825133886296718
9dd9ef138f2f040d,0.47031387041610917
947b96c75329c464,0.47829504557117275
dbf2779f429eb9e4,0.4901886143647173
d03d2960d21d1b8b,0.5667753759458445
9094603e62e74ff1,0.4751689240046343
9f69e12bc06ded8e,0.4716320919236744
e8c28c8af5251540,0.47726779839380784
d69fbe58ef423a84,0.3763546488458227
ce22b00cc1b69c99,0.4566931675538689
5100aa002b5160cf,0.48712477242083563
5f1839a5447c017c,0.5533948810090104
0f79448594fd9896,0.5406202489719071
2abf6cea6c576e23,0.5073115725564732
e605c2db7a87fb19,0.5336392292230435
8b254cd80082d1ce,0.542797783495836
19dd804862cfe02f,0.4827266416842775
25d12a07a50065a9,0.4906159037461828
8b090d94ca27a454,0.5380659495141509
c5e9328eee2378e5,0.46176330493585027
a14d788fef68d40b,0.47748980266664853
c0e73e8063862bff,0.48725630116759866
e918933a52858b16,0.49809253029985745
a431767c2adfb080,0.5184508619237793
12ba37a22a7a94e1,0.4596815273892919
418a5859018a7a4e,0.4898801407283535
e1d64e69b96cb166,0.5199583745060873
032ed4453ca00ddf,0.47829078973594674
b808775048870c53,0.5018378178167842
49f482dde8a1f01a,0.4818374687031888
661979a7241c9e3a,0.4655514757081427
0f3366f15c5d0b6f,0.4439497582985332
c47256bd5f7b81f3,0.5184877678480153
9ce42e0f6006386b,0.5438226589600099
30e44976115a3c22,0.4385751439557447
ad9e218945aa8136,0.38566302645281114
65787ab9738e81c4,0.5206607233396037
8f81f76b366e358f,0.5376247575481292
23d44040d4044ff2,0.556082352818844
a45abd23f34a60c1,0.4685865811670331
a5761c27f1ac3a40,0.45517404564887354
80bb109bde7f656f,0.5166400550827853
e99d6d95365bae77,0.4942970870343556
1cf5726f3b1b7726,0.5373004040662539
d8e32feb8535d700,0.5135852763744293
089bf356fe8b69db,0.508368379865368
49616dab741a8276,0.5086262120078504
eb7f5e31fd1a9413,0.5074223165697863
536172b454d1b912,0.4570140780056041
aedea50eb84b86d2,0.5101807215345464
67872cb42a627c34,0.5797455440037594
e16960d1ea3c1eab,0.4741092812293761
ac3d96f13b9a08e9,0.4138984693738532
a2637e240969874d,0.5126884962496577
0b83f134ac8825f2,0.5200026942587814
00c9afcc6c9f7835,0.506297202442028
b1fdcce330a7d985,0.5055885534672254
6ae3e0e6e5118307,0.5154643865660925
865c8f1296294014,0.5557884902844566
7d5bd6dca80b52b2,0.4991426694230642
7e8b47a3aa78ac9c,0.4474224444185406
7956056ad7752d4c,0.5559968145490014
a717d593ce1037be,0.5709211974583138
a397d9e7be7d6306,0.4574385620765373
4706729e06057279,0.5314058039194853
f89df0554d974557,0.5391480650127669
f178e0dd17deab93,0.46205667196082223
5e48a3292751fbb6,0.5391694674158645
917767e714468e28,0.517353384811475
420641535e7b1f19,0.500657089955989
ac78a8010cc10849,0.5016581240618246
024ca0987ed2cbac,0.5127414630514119
d2395903d676b711,0.46765898747233225
7992639c9d26422d,0.5109995210585834
ac8d3c11dfb772c7,0.5314302432066988
067f4bcbd9c92028,0.536163140347288
ae3ef9397dffb6e6,0.4684864229714415
d50b6d948d401164,0.4946398736013693
82d574112b79e9ff,0.5253184819829301
b4eca25bf30c6e8b,0.5175429139876391
d3db4265223ce33c,0.4685733137009429
93e78fbefbd63419,0.5187988091457914
1a23d201e07eb01f,0.4791140528676989
f6c239b7e1ed998d,0.4574424922242515
52b8f7a1ef35a2a4,0.5305368814503866
184bd5810ffe9725,0.5101893700993052
566bbff4286cf8a0,0.49530224847609994
8083cdf1f78d34bc,0.4136984991397763
3558cda6e7219898,0.48439627930620577
adaa253bd37e9431,0.5423046283775524
6325868651efa5b7,0.5738480584030226
9a93b387d622347b,0.47154251358028865
24c1b3588475a8c5,0.4777786606319906
5050aca19ff12f22,0.4861931124828791
8286081b8a1202f9,0.5660803025396735
28fa6257e27724ba,0.47339004513486593
821da955f467571f,0.46088522574937085
3c5eb525ff6c25cb,0.492406283909402
bed2d379427d8751,0.3729198941312266
224830590b2a704f,0.46176494808920876
b2d46706c6af6691,0.49001698273582484
085f5508595c88c6,0.5580071333555658
f1fbf494d26ec60f,0.5339052436552453
4a3b120de896f876,0.532612574042423
bf292fa92d312165,0.5356700242330912
0f262e11f41fe47b,0.540176612879379
702592035469c07d,0.4913666429685002
2dfbb54facdb5eff,0.4884629145481678
e233d052acd8eb81,0.5335270027088226
7ca3693d006453d5,0.45457381068305724
d67de0044160f191,0.48090983666030684
30079c3fa676d3b7,0.4825709521201198
c2e060cc8a94a5a5,0.4946808224825958
ad4a7b43238628c8,0.5099553955186185
9c5780ede143a809,0.4583533939987535
ac1304b55cf59cc1,0.47115473141141606
d32be593016cfede,0.5134857148149645
6cb16ff3b56b2efb,0.475779438421543
402c88c8b865fd5e,0.4947131354431238
eae98a8a6d87a0b2,0.4935259945974294
cec8e6ff9302c459,0.4463720103126405
3317cb902026771d,0.4365564136025034
a2bf0b702a2688ee,0.522995325312474
7275f8f762f51b56,0.5445876694415015
f45418506184cec6,0.4649727840681488
4ce33ca0381e9e97,0.3871226020062368
390dd55d2fc9f810,0.5228271259881181
193d6f871432f357,0.5413115943392282
341f27a841319a5b,0.5581351482132773
79fa77951137dd07,0.47027577831385226
59cdd3be093cc76e,0.4341250057825101
198a3576fb0b8fe3,0.5164619972808722
9fcd51a6b7b2465d,0.5048521791355438
620f31994160723f,0.5366685100004498
ecba2e98464f482f,0.5230864872926688
3d315f15decdb86f,0.52227419915002
479e69f4b971f380,0.5152297766447541
0706eae3dfba38e5,0.5184502471937047
57051fe39ef54bcc,0.455393410610222
a52ecef1d3763c96,0.52413191670583
05cbc472f239d016,0.5684702139370008
caf6a926fdede680,0.4780532209962609
cda718f85d67fd38,0.4334480416255446
b3a6f19ad416767c,0.5189761007562673
605bcaee798e8d72,0.5047680669758172
06138a71aac7a3ba,0.4898236153982818
bea3b4743ef50ec4,0.5172414907796709
1b1b71005867a21b,0.5226361508113974
20f0e5dc359802f3,0.5467013415694465
e4397e25ee31d1eb,0.49584838390992414
62316d4f3700fadb,0.45688692033176836
3f738bd6fc506ed9,0.5552014293522036
3b5af1f1242930f4,0.5704879748532021
fa9726e6449d9305,0.4501521912966562
67501ff7d9c5e05f,0.5151953088863332
cbaae7bed1e51090,0.5508340180988845
60388883c26dbad4,0.4576213259495616
5320126edadc2cd7,0.5332830133329192
533431431e23f17b,0.5080621020188874
35bc3ce35e228c98,0.4935827875539174
25497ecc576ed4b9,0.5024430607345953
7760dd1fd376fd5b,0.4998151061410242
efc31f8639e26e48,0.47044565229659796
a06a378ffa01570d,0.507411089536575
dc0c819b889507db,0.5393326979084083
713369c87ca2acb8,0.534275347263216
0bfd97d01e9a39d1,0.47400317280833304
de3576e065921bb8,0.4997980982952448
edafa23dedd585a2,0.5300946392565213
7d7dec86bb56f869,0.5201025016290174
db1da9bfaf2809cd,0.47888463491223665
0262f95a2b16a2a8,0.5168711083900979
0f653fb77d5fbcd3,0.46971934329424947
d0915e780866eaa3,0.45402923394783834
8e5bf980c2fd3160,0.5295191354021748
10bff5018d9a1beb,0.5128788507100355
2d90c33fe51238ce,0.49476367484202255
bdf57851868a7c28,0.41034617187182465
b55a4e863095f087,0.4830652982884063
d87ea67586b770eb,0.5343478076032988
6df13c5adea3a499,0.5879402042337998
cd28600d8d2aa554,0.4697572313661599
85d6c7ba00a9e7d7,0.491895713084719
f485a9679ca55022,0.4851539103658512
4387c1ca8e74ebce,0.5776104724242954
4f71e3d6adb1c007,0.4789561590455359
c21a57e9e0a1e4e7,0.4707787688276909
a1d9a76c236824f5,0.5106507309183033
a585988f0d366a82,0.3628715201012186
c5c56af9cc4f791c,0.4595102127299585
d266265b56886f0c,0.4845077299403512
c2c242d8dfa3efc3,0.5575210050811167
68fa99e0e62f82bf,0.5362412845994151
2d4594224c6f8565,0.5253599045926851
9d396e64dcb8786d,0.5251083700670482
dfdb4a49750c4259,0.507872404287295
03906589759d1843,0.49799999310468535
48054c774934900f,0.5001905122633615
5e7fe645e162f394,0.532070594698286
16658ba978e496d9,0.47472797622931384
74ffee4ed16e4a97,0.46016842668314495
87ee6bbb98b81c9c,0.4779404425352767
d96570df98d3446e,0.5193249953830577
c6edf6a3bd35a333,0.5109906718588317
355207cdb5de5e09,0.43547533992354714
7d5f9a5bff20489d,0.47328110031050397
63dce0cde12c8772,0.5354366191181583
412e985f58c084a7,0.48164175652907804
98bf1b2a501af5e8,0.5029428528920173
09e73ffbfa1b4736,0.49803206878721584
75a916b90a76963f,0.45664848769957034
e59acceca0b0d0c9,0.4435827548892881
9e9fbb11d2e3270a,0.5207022367039065
8e1aee7003bba237,0.528401599868747
ee3f9719ba18778a,0.45782257662933346
e6520c3e5965cd73,0.39955260563872286
2abbb867a11b67b1,0.5659798405731475
8e0939c903c76a63,0.5285360049699459
c051fd7f89118513,0.5343852077241233
c26810dfafb5530b,0.4698996168132301
11bceb61cb7178b8,0.42734990106693604
1774dd80801ac645,0.5033432760365438
737f38530fe772a3,0.520751223260594
b8fe6c9c55a254ec,0.5506736933309746
785ddee37afb5f69,0.5319660817360019
5b1ede53c3856337,0.5326358917380289
c658e61a5f55ccd0,0.5325139015204636
d6515493522dff1e,0.5345160194416199
b4620d49d54bc783,0.4770492063480677
0e933888acc7e22f,0.5558102095935256
fde35b3cd4eb7b5e,0.5793455205229068
dd4c015ffe90da34,0.5023168111961627
a895477270a4027d,0.41724651277782965
640039026b1fa18c,0.5073820533212139
515ff0abb2fbd89b,0.5036549278798835
0fa80b39581d1ad6,0.5070797623132812
fab2f786fb09184a,0.5245181075184253
4c8878904bb209a4,0.4996911279370382
b8e8ea7744215795,0.5420786023096631
ec7c669500311267,0.4912024956832819
7a0c53c27ef69907,0.4477007400178815
ad32cc4eb13541a6,0.5455559603710392
4d17f5eb56f11fca,0.5512711063507277
0a5f1724c1b5e4a0,0.4832800745567929
aea02d13a28f8555,0.507799032712617
dec92da94e38a18a,0.5300527701728275
8ed073a95e3f70f4,0.47104979198318664
d149599569ebe0c8,0.5228723645351736
d54e582db259263e,0.5015297655934798
e3b58690f4151910,0.48428933892070813
a80534d3cdb189d5,0.5042417778691366
8bac4d9b2bea52c7,0.5030293070285712
eb511d1c73e597f9,0.47002624350963174
3dd9e90b0593fab3,0.5107155032973142
f173ae99adbae0df,0.5184548421016466
f076a1e5d7cf943a,0.5277558154172451
1cc6f72f4fc485e5,0.47632480004253785
3292cc30c3969c05,0.5006683163040868
e094f2feb03eb08d,0.5249705464506298
ba19a796946a9329,0.5225169587986034
a21a2bf6408d3915,0.46489977966318485
6a4b6e4a7233cba2,0.5267622582107877
17f2085c3e40ece2,0.4704722950732866
d7b1c854f43e1377,0.4562143706216649
20845d5f24aa4501,0.5073327520904736
c7f6d5d9b5cb2db8,0.5012687937026308
3149bfc5b647b552,0.48191888795669235
f8b1e19afb5ae0f7,0.4285863748435125
b6a6d0dc91a1b21e,0.5174123981299259
aae3aa464d10359c,0.5187955527002188
768ddcd311402d3d,0.5571146764057209
0944c7e2fc1dffd3,0.475156170391724
47ea154563c95b89,0.5016417294679348
c6daf9f7236bff19,0.5136965049699175
08a445f0f7c1837f,0.5445429433669067
54bd54adbbc2e8bd,0.4900015442012984
723a4d060ba91fd7,0.47749087757770947
b399a958b5934886,0.5269874849170781
861a84bbbb5f61d1,0.38456009287383175
1a4acca42dc028af,0.4696495819894959
5235756a3ddb7e24,0.4795480207198882
6257736c00a34dde,0.5505307171365892
4d174d8c9f5b7a43,0.5159346750737032
15cdc3a0c0b442b6,0.5549005450996234
833d0fef82c14fb0,0.5164893416888198
9b00f61c09c8fad2,0.5070442040082264
fbdfba8bbd4ea16c,0.523416010806686
602a532a3d6ee2a8,0.5025811893853007
67dfc81430b3bbdd,0.5246003463628353
43033881cd46b17a,0.49503737633657474
84151e5bb357e853,0.47134556106314274
1b369dba6cd2c5c0,0.481757778269877
13de3d26f8825670,0.5227734653012603
3d96e0b6c0f7f5f5,0.5103751247893161
a217582ebc7e72e1,0.43075518216914843
7b2c1e9de4ba6a1b,0.4674864482354184
60d11f1d4c592c79,0.5055839015701188
71d16db49cd6f5a2,0.47776853334439984
c199a5e3abc62672,0.4904513848448856
10c0466a6e0d23c8,0.4768691563791616
a69dac5acd52f456,0.45395641293459554
e9192381f1fbfa0b,0.44658543600911105
8d03bd0e427f5b57,0.5204365920443255
546a9d97632a4b50,0.5454711336904059
289d712c125d6617,0.4651777079928803
1dfb9e97a91adbb7,0.38188985237629036
fd5ebea13346eacd,0.5579890069034694
88cffeff55c3f1f9,0.5245099125404539
700cf0426549964b,0.5169292668279455
a63e899c4a0310ee,0.47821404661905176
1a03f0b0cd48fcd0,0.4410438117748269
ff51fda6b241cb58,0.4970410628770221
707c39f10784059d,0.5331497715587359
4ccca3ed218f5e74,0.5475717015281809
a47bc50c058756eb,0.5443697256744612
bd8513945e863f9f,0.5561689611016611
af09d54dd656bca2,0.5480559598487363
d68ec52de9875e13,0.5402716421841465
33fb36c181548c87,0.4908528330012919
024fbe5d9a26c5f7,0.5626635270699287
cecad27532e6b982,0.570769252946568
641a88e6e0e444d9,0.5178137488876937
507c93a4a6a23226,0.43633267247263785
dc306fe1acc044c8,0.5077647403287029
ffa560343a828452,0.4864405332445769
723f12c2c0cd3b74,0.5125761133485087
03bd9b457804b57a,0.5244970253381243
8fdfa90cba6da1c3,0.5048666084285846
2e5f5aa71fba6922,0.5225308959312236
5438f8bfcb0bcce1,0.49051791909469267
0d76baf9d32aca04,0.4780546869961566
04ac6a8bc5f849ec,0.5338706350147397
5643f87659b9c97d,0.5518280769987205
13934979849079bc,0.465154256309251
b232d2b3c5e97842,0.5102737486332857
f3e7db176061027e,0.5155562797774655
3635f5f3b3cc7e03,0.46469456698557066
2172620ac5aec1c6,0.5170260213796076
c8aeaef1fe106eff,0.5133097587017795
64b0c671701bd1c2,0.48135940249779874
307e26c48d09fe89,0.49398574533107475
92503fb219b44664,0.4863462662973682
3ffae38d37754547,0.479541843800142
208d259bf1da2114,0.49699972610314236
cab1feab24dcc9ed,0.5092015125968683
1df770468a67f54e,0.5310881181345011
167b2ac6b37684d5,0.4804750023777933
b680792674bc2ebd,0.5019243620023185
bc9cfdbd05d3f97f,0.5268060259409019
489ac1dd305a7851,0.5226621702524967
7cb31e1cd17f55af,0.4668773119222497
c1b3aca14818bb0b,0.544637879161489
e3a11feb0f47527b,0.464466054704489
2d8c2f688ee8ba8f,0.4606492825846582
8a5466b58d1a89bb,0.5087502736056636
1ba6e2f2d8ffac7b,0.5089230395748093
748a36b5045bb74d,0.49969778294700606
829dba43daa3a818,0.43419758119469
cfa382ef7927f4ac,0.5188048238897982
b553dc18b628fb3c,0.5109980916388333
c89fdcee9112b033,0.5610526605762836
8ef26e0e2c5147c5,0.474775234331713
c44643db00f79bef,0.5287152384576712
5651ac7a90c08302,0.5105196274170452
9078b7d0cdffd79d,0.543316360909683
7cdec70954c1ad67,0.5130457821901677
72e1e3b6e2a35067,0.4748019849859645
5124bf75fe4e0baf,0.5479176844848714
d6528eeda1158f4e,0.3819048532052214
f7411444ba0923f9,0.48050267467901997
c73c03d1a0ab0968,0.4769338251121811
25867303707b33f5,0.5583754552170066
e835323d0756f972,0.5249925883013065
88c017ecb76c952d,0.5550235061382873
675477569ba9fd3d,0.5125776637546888
a001fa4faa7a45d6,0.5032689100732467
e9555f2beb175402,0.5278558175259522
2c16c9dd6d1c330c,0.5216342863997439
6e7e3fd8977a555b,0.5298302334939347
8090fb079014017b,0.4920642281896842
779dc2eb868e5b23,0.46132381649166676
97004955212582d6,0.45900064089326464
b5bcc15e4451a539,0.5248132249704645
5983251801eaf72c,0.4998485491187947
44cdb3679bd8b00c,0.4445258846855704
d48f5f1ca9978b76,0.47730564120285357
e7a525e638e47604,0.4950525029345526
1e932da854eff6f4,0.47309902235124335
4a7e8071dbddd04c,0.49154191381141943
c7a2d60cb278252b,0.4742481420089054
b7be0c6d15190a3c,0.4498326885802497
fc803ad3985e0c6c,0.4295123037335772
835fda3a9c936ccf,0.4963141245383009
c4f73c1468f5599b,0.535355982271156
868526a8bc38b881,0.44765811135823264
3f5769030f2d920d,0.4168138600684368
0516c49cc0f567e9,0.5687208605533581
a13a457fc0bbf359,0.5077939136352139
fbd64d39c091381d,0.5070513437768684
b3307aae6c5cb441,0.4761221945303644
7b85b4265b84f120,0.4423054641985792
f6882bfd2b02c619,0.48848214080270524
4555c5e29c30b86e,0.5559843873288006
0270e1e348cc6c4e,0.5513050562170527
cb0fc1aa804c495c,0.5603200422911951
09dde953d8251162,0.5744738376167162
e9823e2110fd6f2c,0.5580924690134694
42f98b3b84c1046e,0.5489586370436583
b2c7919e33031cea,0.522347718512064
cd5686488b300b1b,0.5696639653274076
936e4c3a4d814ceb,0.5639116517741868
89e7e70e5c4ce9b0,0.5163516057479764
e78bd1af524ab7c4,0.4382119112536915
a89728aa14b4d09e,0.5055551591840531
19982980b86b6939,0.48708441686491766
be268bb151aea03f,0.5047023107935626
4702eeaaea9aa7bf,0.4916929077711564
f8db0c6d53dcc521,0.5081440081360121
0d83ea3ddf70dead,0.5100281810883762
f80db60df083ca54,0.48727567250069537
203d637cdd7cb91d,0.47727144494752827
73abf34c6275d7f1,0.5132469991538717
b1acd5aab2ae746e,0.526028159228435
44dce04404c5349a,0.48994994352006116
34cb7d19b3152cc5,0.5052170386719217
1ed9d59bcb76fee1,0.5109160017115387
b27dacc94737f182,0.478753856654653
86b3e11865c78bc8,0.5199719158446692
cf54f53b43f36d45,0.5061153870499916
37b33e428b84d104,0.47955925317397097
b9135bdd9e70a7ba,0.5036141879145939
856e0e0401513b8b,0.4810473602521448
609ed49d9577b0df,0.47868530326409053
b7c7ebe365aee119,0.5087678897023619
16858fb5a8dc4477,0.498425556293008
f3e6c240bd487b71,0.5174818532685899
1cfaeb28e04293ad,0.482323817534103
dffa8b8c90f0abfd,0.49773223661303634
eb3afb86c86fe1be,0.5146328214226565
bf639ef82fc998c2,0.5082493524897176
9b3fe2e467713a3d,0.46885617873803076
624375e1d1153486,0.5157387174674806
cd1792da414d9d9f,0.4712476839816713
847d0d2e11164023,0.46545744491644037
5a98000669a21521,0.5112069047436936
c8683c081047742b,0.5064348160878736
3ab841c84fafe8a3,0.5051922742165126
73bc397542eea5a1,0.46076296403799366
f917879afda32209,0.5582636935289695
a686369d7dbe3ed0,0.49912916145329345
5414f4b177ceab1e,0.5357354075912225
b2ae3b4934e2773b,0.48164832971742266
d007c9e48efe3b6c,0.5241476775957798
4dcf6ba0f5dde662,0.5264339545013512
d5b2f20108d54e71,0.539080802002355
4f7df4b9f3ff0ef4,0.509959134318067
b5c6fcdb8c50cbcc,0.48559148290577936
b717809f8b9382f5,0.5401140614802216
8d56aa3b1a27ba0a,0.40543920346587925
2093a356010275ee,0.47840748441775494
a75448008aa62fd5,0.4821239334937436
f31a7dca601e7e87,0.5231708552117539
74ff120cd933b7f3,0.5124050091770851
7806fb7b2246b51f,0.5489088931563114
74017bd1d421ee24,0.5064753835196192
e497a66e08e6ef93,0.4963587307828927
01a8a18c61c1693d,0.5307223415575343
eea1c896b1163bfa,0.5227018144309941
8423e2731d2aa800,0.5295031145449299
a1db46935b130c9a,0.4910168291012915
6a14b3a8f267581b,0.47152496012905964
88cf743ba6bd11f1,0.4616911395172909
9056587130163bd4,0.5204494390277741
9d8b77c8b2d112a0,0.49588276624689076
439b28726594d0a5,0.44805127339268
a6fe6b806e622c50,0.47589738833491335
1c967f831478df49,0.5108240480631459
80b4625fd2731a2e,0.4739012104331495
77bb385ff3463266,0.49179060948980113
d6319eaaec3387d3,0.47229334453247784
b03bb08152d9f9aa,0.4527570787341585
ed944b46996736a8,0.4297264659179416
f0102912c43ad802,0.5027611192208905
a89f7d6d96938d94,0.5310561909827878
1cd54470d419d268,0.4475555618230824
7f578527bbd7198a,0.4127591271336225
a68d0ac307f52a9a,0.5681023424996114
1e88cbd402d30171,0.5058039133634231
dc7b1d1a9275fa60,0.5029199204932953
1bda54a236288652,0.47617406702396636
808ec32ae9da7927,0.44154645178254337
9b867b15ed24657a,0.4943709861198572
c071c390ac4de521,0.5536115269179981
861da8ab0059cede,0.5531548837335252
5e20ae513c28d7e2,0.5633526876546594
7c22c8e1263d6e01,0.5827385643761588
09cd4c301f4a31e1,0.5613417726900379
6cc728c3682734b3,0.5559050549023128
d86d829aabefc7f6,0.5285829872850187
41cea8dec578aec6,0.5744100284782478
e5fd31773a170106,0.5753743218869668
bf212c089cd0eff9,0.5206846854049281
2efa5a787b0a417b,0.4244813032165464
711c60817311f060,0.507469671859328
295d9589f12df6dc,0.4835771911584069
eddb503d7c53c923,0.5011330907386436
c007ef2eaf592ecf,0.4971498982852598
24e71c6bf33ffb9e,0.5036873501619139
ab0082455c0ad1c1,0.5073615011628743
76d02f946d4cff70,0.46697508589187553
6dce60e77dd656ef,0.4767833310347227
4cbb1e539ecf4c2d,0.5173165455765115
707f9edf4200a6a5,0.528298741540622
5b27a4b2dec5935e,0.49033928264042037
9887d3d7f264605b,0.5014414685171262
fe0644cb2b50397e,0.5088662887295318
1dc3b51c9035c79e,0.4789486203182689
769ac59ae1dc721c,0.5175471539383634
a260889bb96cc780,0.5109426888992229
b123a94143b46d14,0.476865165894089
d11d36ec5942f00c,0.5130027954490733
dbd17049c3aeb909,0.4824137971136848
cf2b1aa492f9ec5e,0.48473739678178274
aa45ae9af768fe9e,0.5086193706830886
d0979b70f40ede5e,0.4961581637429088
e82f87b08c9c885d,0.5288140826112527
b7a75864e5b2af29,0.4808360714089188
40beb16a0dabdea2,0.5067406368995999
35bb9a08117e6882,0.5150350774145603
9c92bba885c537c2,0.5084740631907136
fe09e5fb3b3e91a0,0.4672872685274987
7f5471902a0cf499,0.5152415851402443
bdc709f72b83a1ac,0.46161363895235796
f172ddad55e8ca36,0.4648261176838059
6fbe8eff342105c7,0.5118048525499612
f2671313fb785ac4,0.5054772290036765
b98c46b6c6e35986,0.5063724913648351
16ed8730a0b8302d,0.46639849006039313
a806074f728b2d0f,0.5539158197119443
e890ea4974546e7a,0.5006507084604555
75521cddc673f036,0.5310639280306058
91010cb58cc6616a,0.4792128769889741
ac5fc65880a07239,0.5338552474042956
9e71e90b8df2c7d4,0.5260045681121133
da2ed98d7ca7c159,0.5409455169148374
03dd1a9b396ff2f7,0.5087728536925414
7bb344ebbdb31297,0.4851753673880844
f2dcd024bd221e09,0.546062319018179
85c9cdd78c26679a,0.4076013188167418
c1ebe724aa9515f1,0.4838908301496023
d0fe3629772c318f,0.46240110612732077
6c492a48ae526ae6,0.530933363282492
650389bdb5ee66ea,0.5060584080742369
e46ae4916a0337a3,0.554367289039899
6b040de789b2ab16,0.5039467088688021
96d543ed15e9a8bb,0.5013430348218381
0d512c57d8b12867,0.5287694355494073
e2e12f25b5d30a3d,0.5268914774265759
ee23aa8bb790cc34,0.524149272409058
28a08afac4f9a58e,0.486266715533614
758ce05f83a70d34,0.4724520107862006
1cb28425c405105b,0.47831760209927365
d24a8623aee67a96,0.5058986432321517
804df0b522595cfa,0.5107118607520659
7f391743eab39504,0.4464677531392064
5cbb832edaf64619,0.4703463460887283
a91a3ca5e7ec1d4e,0.5125942877008725
98e0d3a891e9a9bb,0.4622138674336521
84db9a6a804db38d,0.49567351812994254
3eb7a6ccae6d8f79,0.47570099967825374
ed95fb19072f5671,0.4679174807074953
3c5d7b84e87cc547,0.45464864645468817
020516cecb25d52d,0.5103470286453826
3c5b7cba1516b971,0.5403227072867445
0fe024a574f8875b,0.470527698211075
a845563eaf705a6d,0.4130570645802427
c4e61c8cf02e8cc5,0.5625134196834679
e740ebccff336ebc,0.5348042064245082
011624df2b97e566,0.5055253827989852
1204730d37410dcd,0.47651555828413317
8988d19eeec3fbae,0.455749663702794
327576e4fe3737c7,0.4985606639406296
53eeb2d2f5dac9d2,0.5424687038643585
b3068247c52a8af4,0.5483410605287804
bdfdd6f78d965922,0.5545450049368554
04ac7c48fffd6829,0.5705120015265306
dc83b8a861071e32,0.5555933532899959
39e7644adcdb7973,0.5329871088335707
c47054433a9cb2e2,0.5133213291637317
e71e9a6cef085a18,0.5664689814559551
96870ef5166ee471,0.5636911125511255
a10416c4fa701dc4,0.49963975279016004
e784de45b6982f27,0.4255096684016546
9d3ab146eed069e2,0.498252757529439
89c4d4ad56852c63,0.4802497588548347
d20e2a6d08e4f9d2,0.5008658698579682
7b2308dd067b6371,0.5103635446508167
0c3a7fa9013ff919,0.5011529879883523
132f8655226dbf2f,0.5284860610290891
b523a6aa1a2d5d5d,0.4648138168529855
f8eae6a0100856b2,0.47685666480669353
656220e99390b5e3,0.5302811647174399
b79bad848e32804a,0.544100276070671
e523ebd4e157fdc9,0.4773293468136881
c3a47fd52c548dd0,0.5078360551772563
bcdbdab5472edc68,0.5246045886225307
abb0f47df20a07de,0.4742310200577231
87454e8021d43301,0.5243320489210885
7e8f1ab7a739e7ae,0.5237645667015236
d1571584a358acd8,0.48591819274697834
d201d1477ea03df0,0.5108566696667461
6e543cf8ca0780c6,0.48287285646047706
29a928f4cb450f57,0.4967081446583227
0be253fd446530d6,0.5054199551270757
a94cd4c80055a7fe,0.5035419117581053
deba869ffae31494,0.5279957720912267
20119b0b2a14ca0b,0.48957522098855155
21b353a4325b2741,0.5029052031315068
f253f78206388177,0.5154652691602601
248a26b8d7d39735,0.512054901212643
626956b2ab3ce5c4,0.47812442941691613
cbb308cecd3aac03,0.5153453567718465
322064fcb191a3f5,0.4609417518349157
ff9605399893784a,0.4520381006983014
3c5fcb82e41c5978,0.5202847938617036
b5f5b286cde13f4a,0.4975472549875335
df2adc138c84b331,0.4958156574882949
c5183fceeb3b9bf6,0.45241196828036734
15c59a76cc0b96af,0.5348925352883296
5203b219494b9e79,0.5051633914087967
22a22e396a261285,0.5466224171825909
e0e50b7d7536b9fd,0.4859406212344365
ba2e4d2422d26f38,0.5165906120635018
94ab2a83c30ca126,0.5031914734143249
a35c4b3547bbf5a5,0.539252072789755
69064d09b9625199,0.5052108526301371
bd65155e5af5af1b,0.4683520725372683
e45c33fb8ccd3e43,0.5446456511155016
b9137cf33c227291,0.3887373440654903
79995713985d4c06,0.4785424469449707
b16b08cef257c1d2,0.4609544317314579
71b5509c80955b89,0.5374681598478339
bcb8ea04e4bbb7ee,0.5158030626444846
f4b0ce0ad063c123,0.540282781678008
bfc7bd396bb97c78,0.5032470915278706
bed21525ab767552,0.5022346867170266
f7c84b5b083fb850,0.5102354895345109
679b4d34b3bf5e22,0.5314230453777224
1a33ac5b7e05e04e,0.5234739437942216
766d3e1a1cc97bbd,0.49167908916435366
91a6ee3e40ae197c,0.4731053806236243
10b6055737be5c42,0.4750244475447867
fcef50328ae845ba,0.5277349704637969
347c944401cb0e70,0.49670529888894777
67745c0961735f8c,0.43919895181422697
b0a49087b7c45d40,0.4694488179346292
965d8313d0093fde,0.5098689880752266
6d28b70e95577e5f,0.4718353658124078
8135a8fb897ba72e,0.5198755648535915
08a91764071c5849,0.4776953947277528
f692e6361d6ce8aa,0.4752156630965194
cff9e350acff7382,0.4510035130445875
684f623a88d7daca,0.509332008478934
74dfd73703f1199e,0.5395979437136509
8782d6b5c5e0c879,0.4661196282863389
1f5b237acd1bd96b,0.4027368798737553
5d6c29d8c93a5e0e,0.5490724849259867
a83a3810f217eee7,0.5385053123721505
5988fd18fecabe58,0.5120123554383267
13d9f26cd3fc2a87,0.4816374386171055
960697e92d288dc8,0.44324908064210533
10999c8bbeba3880,0.5011051340494886
fe8bbc765b783f50,0.5399463757286168
850c6f89a48104da,0.5417750516332993
1ac9f86b4969d982,0.5465691462043325
9184a6f8d5984362,0.5603445232385611
f876f829e499bd83,0.551685235188172
111257f2b37bdf82,0.5242625540889772
c1741c627b989042,0.5041658882884648
6e96b266533a173c,0.5484320401717361
69d15d01feef111e,0.5681055622719402
c198bad831597b99,0.5035195228871517
a1873c29c0f8090d,0.42290240367085086
65d3f363aed1e8fb,0.5030921607339902
17ee124174f4789a,0.4937965378966609
322b75025c270d32,0.4950044133394529
73684375047d4845,0.5033138294155766
03a9649113c67593,0.4913083759114829
924358af9f2df60e,0.5288493335817435
8e7d48f632276ee7,0.4651813353188362
15056d6b5c824ce8,0.46999954445803815
3289a0abab5cfb6f,0.5343206589341165
2701dbbfa4fe19c5,0.5478688810205983
44b142ce74802b99,0.4634224205621361
69a574726bd2b6dd,0.5085460957241391
aae78845a0c144c8,0.5458136311068118
bed2fa2821b20465,0.44685733529209504
d7609bb266b28c12,0.522761149922481
1b95d2e07e4c9220,0.5198066982579043
4109c795ffd2df8a,0.472015040453437
76a37803c3bff7f5,0.5120176147157974
9158c6467077f5e1,0.48485186702131533
315ce910c90957e7,0.49560921121037027
d8f258f7eaa5f62c,0.5148656362217812
7aef7c7b70d7e272,0.5157673875774861
c20486458952501b,0.5380895064899959
0383d800a3e42413,0.47795065414410287
a638c843929a8a46,0.49399668030187127
b68ececb0dcae6ae,0.5097307895791233
05d51fa88c93dcee,0.5094089215524055
add772ac6eba4e96,0.4794008730682029
b6f77d142992383b,0.5126122631605106
c82b82bb4f1ee1fd,0.47458729165059554
ccd41abc43995ce1,0.4543878679608757
22b6fadc2ff4e029,0.5258266869219144
61570fe129d6f6bb,0.4975908923570177
363ea50387bf8e23,0.491772460545953
a9b482382e03fb67,0.4465365016124835
cd3eab1f3d819b3c,0.5289416948269914
e0cb4e4902369fa2,0.5074869318139168
80c6680c3b5211f9,0.5460094639620938
7a6437d34a938714,0.49266768383355486
57ce3d633e4b3d49,0.513797015643631
91965d7e65ef708f,0.499388077428802
978d7535e0db8943,0.5464601689754487
f6885ee871c4af56,0.49685618504680606
d04370505a576810,0.4631796160422793
7d7eed48251d90ca,0.5346314532749439
f711c60e605c16e0,0.39129795396991074
14bcb88940009bdd,0.4650201909688161
c8cb7c0b4ee905c7,0.45695593699956727
e3d9e459c020f66c,0.5601688208006057
bb9a1f93a49c32d4,0.5098924375766964
60c5550d6405a223,0.5237792713161322
d301fea6e82ab14d,0.5062276498460055
d112b7ee28d0d890,0.5095511944089508
04cfa6d18f54f428,0.5188481455439675
6b957b84ecc3204f,0.5267054072360869
9f870f03bce7f01e,0.5223144316870929
d31850547acb1044,0.4916798900231749
4704b78a130c4bf2,0.4669442455550469
d0f69d4e476031db,0.4819911524049991
63392cad5d61d440,0.5348376445356633
ae3f6cc72fb83606,0.49261579358166263
bd9cef82c9573817,0.43255844697213797
81cb1dc07d4699a4,0.47268326133619487
2feb96a479ad8ad4,0.5077611901391272
7cb76d1f43219aad,0.47514091884850185
74f6ad620911de97,0.5150173586918536
d744eea9b0776ef9,0.47784612721543795
8f0382fc65aec722,0.47610319514182076
ac2bd805d48e2032,0.4398648520578565
0b0910d1564618d2,0.4985684239553516
69070464930fd277,0.5282923115148727
27b37a2f737d0e2b,0.46241400061271987
dd9140d429c6944f,0.4216461857803331
61e1ebe8caf7a68e,0.5513633670893052
81729f31d9da72b1,0.5332087298896806
fcda9ec8e41abcdf,0.519198007304079
81b8ba24dbae12e2,0.4748090791940034
1ff109ecdc553743,0.44560128231896956
26b34b7c053d7a99,0.5038876413168688
790bc71a2b8f1bf4,0.5383875150356083
dda35e28b046657e,0.5520836328135588
d6628bf8482ded64,0.5553081039323842
44392e5971ddae4d,0.5630911858740063
e549f7d31a449968,0.5391131744101341
62695a8bdeff99b7,0.5230234611983705
925c2bff593b2322,0.4969082151967036
089d0f38359fd0c9,0.5492464404946503
a18d77796368f8e4,0.5704706257576604
7a126bc1fa9f3d0b,0.5109218780741428
90cdc4577853146d,0.4212860540803415
5c34392186e1daac,0.5117706298869481
8e5ad908609313e1,0.4992668058155688
90ed5f51490d9eec,0.4940743728077587
a4938f8939704130,0.49394812351922
859f074d41e0acd8,0.4908290982519773
ef4e3f9ea20f11df,0.5299407648015315
89eadd2a24881893,0.46388596746577904
785b22a537b2d885,0.4692208629341126
75520413430f76b4,0.5348810100329091
2b07ad9483d77f68,0.5499464532590128
01df4c5e14458d47,0.4663810006667146
8370851209bb8c40,0.5068319396273594
066f82cc57e4cd34,0.5522936831991658
1624da1af896014d,0.4533234961501693
2b4fe6bbb25e757a,0.5201371352776134
3e8c40d4d9f3adaa,0.5083249550908229
476cc3124e024047,0.4720635963424705
d3368057fd77c13a,0.5105723851147477
e01e5bc03cd27775,0.4927238662280702
372a3f873bc3f444,0.4883938117530495
5771defc2344791d,0.5121832632087238
ef2de2057b857204,0.5087206636042285
efd6348884e91f93,0.5315886515245418
9a0ecc93899258be,0.46993189218894316
a56eb14dfbb5ce17,0.49542336426930766
23d373ff173de2ba,0.5098829934386537
bff7d6c0fef42962,0.505247681042774
a4a12b4342d29563,0.47473231180792264
2e4ef0bc9004e9fb,0.51162653165913
1afa495e23249d57,0.4763374412721645
63daffc87b847019,0.45390559203695535
2560775472b8fe1f,0.5258821967021161
bf35f88c5f68599a,0.49328152630890243
cd0e8d9b35a94554,0.4903578106723987
17ec0f3dcb64f49e,0.461483583176272
9149095d7341f8e3,0.5291643722935425
3a5b31fbf24f469b,0.5117822567633177
3c656706111e037f,0.5496990305652798
42f55a6b71843ec5,0.48125731670776284
2f18b841f6814547,0.5211735362219055
51f476c900e5b7b5,0.511869474368994
1515e98549e84a99,0.5390581266287697
7782b935aa865394,0.49560116698227663
3d98f6d648d574d0,0.4631838536334707
85598c359b6672a7,0.535254175165203
3c915889b8358839,0.40572798221607886
d8a8eac12792af93,0.4719006150100954
b40cea51b63aa165,0.4563694763349999
69e231e73ee69ba0,0.5586994407896824
c4c1c46f95c1a76f,0.5113060463970021
20b728f824d5b4d3,0.5483126759209652
9e668f7d005eabcc,0.5138232283008286
854e26b59063d473,0.5064646114684294
378605d6eff730c3,0.5084795128141438
4b4bdc7d4bc2bd12,0.536520345922465
96657679e3b483bd,0.529525972525487
c26df5d03dc6c55f,0.4936148869871848
1e284509524afbaa,0.4663709070233619
aeb4ef9ff54a6c6b,0.4933788257416112
ceaafeb4010c9fa8,0.5266275394019511
59dbfd3a757faccc,0.4988170847511004
941cda66c1c17f9a,0.42795578558468195
8cc709cd2809b50e,0.47464970764866843
0f25b2c12879619a,0.4991769523967854
7f584acd7645fc57,0.46143251008103325
ed7c08f7e09f26c7,0.510769078571581
d6981060d56e14e2,0.48599356934948057
f9ccdaf569605c9c,0.4596615525473102
b70f64bef9da3f9a,0.4325647608642098
a424c391631c007c,0.493515657412549
3842fbe37da71ded,0.5296999822881481
6361b514bb0fcca1,0.45790101644972103
be4ac250f2dc6735,0.41907970549709417
c03edc171f8125a0,0.55858810004963
adc72914c8cf3388,0.5351873497947638
23a9265b447599c2,0.5154340615635524
518577dfa79968bf,0.4689772089152159
5a65a5a10558ae5b,0.43131824387476037
69c383aafa231dac,0.4985812058728005
1a648752ce88a538,0.5404641437805155
d4e7e7b71473ce71,0.5444742407839549
47c8256db950e0d2,0.5580722375445197
55a3b5a0a2ed9846,0.5619395146280979
435ece3603f0fdee,0.5426204172850576
204227f319528b71,0.5308852822441248
88884fac58af11af,0.5002081901860277
96e88613df3aa168,0.5498758196761551
f11c0c27f40b9ba3,0.5672553827068333
7446df1a453c61cd,0.5095406761608883
6d87f6ce7502577a,0.42094847945475955
ebd791bcf56761e4,0.5137807336814286
b13e69f5f73b8294,0.4955752972560873
0fc07329c4fa62f5,0.49175969926665264
a60a4280476de458,0.48644721323833395
b7e904363f3153f3,0.49146637687296757
5eb60d71224be847,0.5197805300220291
077e14552ce06622,0.4634473047018046
05c54aab64ffafb5,0.46914476518537873
531f6eccccac8694,0.5275879940284516
33c06307849415e9,0.5410513048220225
737e0d90bf8de013,0.45811175040505303
e5edae0f14ec063c,0.5025309532109444
f6f53f29dce5152a,0.5553924073538608
7025c0582781964c,0.4472521926687758
583e0c53728d234e,0.5224945096472764
91cb1a8a5e4fed3f,0.5107422217647565
6df02c343bd8565f,0.4687003301647359
85a780a473949dad,0.5170171425993602
536cc2e3a180409c,0.5004072094789981
b3100130be26f8a1,0.4812031348110887
06cf596c06dd598c,0.5041286649872108
3d2cc6e74b107a4b,0.5076055057094158
69412ddb5367bed1,0.5343116491645223
5d5a88c8ebc0e580,0.4876701159404462
6272a5c73778d6d1,0.4922929785066018
4c2213e7efe8129f,0.509719902156164
3bd3877d7825ceb5,0.5032402855116487
e2644d0bf650a29f,0.4905839027875257
6fcf02e7bc84d91f,0.5138101297910087
eecb2f139a575b27,0.46703886616365875
ec4e5f2ce0c67171,0.4542005418396997
4ce36ef68525d1f8,0.5238772431107421
127158d6832bde29,0.48642099617495915
3bd2b9314c4b1c0b,0.496433365256439
b872406b17f5377d,0.4552838345806267
80c1680bd579189c,0.5319075297101789
066cf24bec07bb33,0.5111962577092796
828f41f694982a49,0.5475664052426665
01c7892c3ee99c34,0.48870576689068446
48b06ea7f654e6b6,0.5118521195805152
0f6c42023124db63,0.5160640403924952
920998fea8cf0483,0.5505033317149808
0fe7db93a7b8d7ff,0.5068225522912547
fd5e5def0b029dc9,0.47057237528032747
f9b84be3e2c3abe4,0.5286113788521709
0aa394f6e39fdc69,0.4086704070803806
1c88562199ace1da,0.476037827024135
7e54f8638b38781b,0.4551897161781647
9aa6b5acebcfaa3b,0.5620117328305196
2d85403b9821ed31,0.504859855819676
224d444bb21f834d,0.5452176010281489
a3ca5bffc2b574fe,0.5112823172963302
5b927d7a6ee19a61,0.5038644816810409
98d14746aa7518e0,0.5165267488193119
e227ba9eba4cc41b,0.5135635884479566
cb042cd160904487,0.5292070810530247
0ac47d47a64f6953,0.4743023922932499
fe5a84d7ce2e08e9,0.46396502470488565
2feafefe13523350,0.47975475893079733
1586e6fe3655bac3,0.5338712809578705
ecf111298c654318,0.5025231651387675
0061d9bb0a6ea08b,0.43154117959426097
a0cb272a889f3490,0.4828812298228543
54912e69728dcea8,0.5058554116969091
15f9004e10b829c1,0.4594453292046494
96977e31ce3aa61f,0.5060385551414726
89b0971674cb95fc,0.48513362288298223
926bef6a1fab93ea,0.46131714978333593
19783403f5c652a8,0.4372357510020385
0fa4d7f199f6afc6,0.5048926970195071
088dff35ce391ca8,0.5326436101572405
9a4eb3b2028277d7,0.4574406972077152
d7eca9fb5ce9b7b7,0.41466433700586913
ee9adc12cd136b59,0.5623251552333114
4fd0356a4410b318,0.5327115735984094
8b879984e49f73bd,0.5137546057943567
f786e338741d3292,0.4595051696289376
96a49bb74e9592bf,0.42327687133947023
8e4b35bf09e15c80,0.5002552172280839
6f2e5b03661c8d54,0.5396354425188308
a73e2344663a48ba,0.5454386152377069
58262dfa1b7cfa33,0.5568100503391915
82497223343c419b,0.5670581930925209
b37e5bae7998fa3e,0.540081065955741
2cc73d3999ce5458,0.5347027096178264
94548bbeb2851910,0.49887758650042013
e51960173285d93a,0.547704428776457
569a568306479516,0.5695530484211039
a629e0589b1c2a5c,0.51485049192156
798fdf258c6134a4,0.4220272015613712
cb6bd1e6abd90b1b,0.5172504129504873
a4161659dbbe0186,0.49754172053031054
b99e1da033296a07,0.48290630238636567
f94a139c8f39e27c,0.492399641893732
9af0196d0bd5ba90,0.5027845651062254
293c7e3afbd29701,0.5183017807472682
04ba11eba2a636a9,0.4670926872695922
03536436334523db,0.4921906442651939
5905424363fbe99a,0.5450157398832262
be086cf1cb58fd72,0.5484428501786724
50f06f40f038e87d,0.45964129506498785
b22ac26ba1881f4d,0.4964716188038778
daadd4dde0a0195c,0.5549512384570133
b9619210e481b46f,0.4495360784985878
6124ae9e9a4de921,0.520153427845857
cd5912d8534f2e40,0.5190737962349419
cb23e741c3599595,0.48027620237641133
31acf11be7aa5a26,0.5123717611756915
511a5c6a8f515e60,0.4960193322142704
510e36c0cd3d1e75,0.4898503628584898
a4c49054db610f23,0.5094276439916051
60b4f04d1d2e8ac1,0.5148955101417076
f39a2902d2a2f3f1,0.5330667356960221
76f6c5b998c4c868,0.4910683403524032
90ef28a223fbe45b,0.49476214686499875
941c6e7b6a0a5de1,0.5179056447511017
e0c1ace72ac919ab,0.5100472178236639
136b650e7a1dcca9,0.46992929512497006
5de2bb9728f2fa62,0.5176295638955939
947171e4b1c66c51,0.4693543153612665
dec2b4308570c7b6,0.4568055686919973
8a9620833b370aab,0.5276657188326448
94369ecc150e25ee,0.47531523505967355
a0814ca95a89f93b,0.47874581934430616
083d04842d23af27,0.4529886834004053
b2ee2fccc099e443,0.530281672322929
ff18fcd808380ae4,0.506494269792872
e6300d18a7b8d390,0.550848606428294
0511a3fedd0a00f3,0.48968778373342503
632f25798c0e3f51,0.5081565441930509
46325024aded02c9,0.5198584821293167
eedf3c9d12c35e6e,0.5552794217167347
9fe01e1c5d672c9f,0.5030568794279419
c1d80984da5b46d4,0.47058982600814714
0647f3437a4a9f9a,0.5293003950569473
a839053716c91ad3,0.41176793650291077
3e4f8c3f290c9490,0.4735192801408392
bd80a97bd626bffd,0.45654638483142385
3271ef231d81e6c4,0.5681336743349426
d678c524aa7783bc,0.5093677078015717
a74e99de8e3c6843,0.546191201897936
a5bc2239676992b8,0.5144080612545676
2811b418f2cbad8d,0.5158962245686396
b0bfad75294b2baf,0.5154036180454908
aa2f7fd0705c8c79,0.51593671749081
5bb516006d525f6d,0.5283431896441159
98db1ab15b946c23,0.46120285901034463
d7fce59ef7d12040,0.4719860530932496
204ac71c6a562b06,0.4805840458021612
ac7085e1e3bbe1b0,0.528580438001623
c12fde53c74f73b2,0.5036708313130538
73a247ed406a4219,0.4352873556454654
d7194ca8f31010da,0.4951584828258758
3096e2ee7faf696f,0.5123440723749548
094783b917ad1013,0.4755172742020586
29d13d4765d8cf2a,0.5258733346583453
d8dd3937e20f3da6,0.47671771596372536
5fd16f98c1e0c4aa,0.44674782165120874
25bde39f2feebb3e,0.4351196063337551
6aa3607fe70daeec,0.5091821125667482
a83f6bcd261591b9,0.536168001399087
a7db90e75e53632a,0.4436779871427894
f9ac85e85f9a2f29,0.413347481051517
005ce78b42db5383,0.5548760063549076
bfcd528e4ca06e5d,0.5328651706795247
d7ceae935b1f46f4,0.5271858040533293
09db3e0de6843f74,0.46696194150420056
f6e225b1b90baddc,0.44096930702761084
9cf50a74d819d1fd,0.5073032600273992
f3f7c05a77ba3481,0.5456125161804954
21662d2261819865,0.5420061495070533
63cddb02ee1ea820,0.5544846145119107
26829c44db540dc4,0.5577427874307186
5cbbdababebf7629,0.5373397623163204
f271772682cd005b,0.528375312650842
bb08e8ebde97aa5e,0.5031318249084968
9c5e0ecd5f2b91a6,0.5484744706837826
0e63333b94be61a6,0.5759527445466307
07d5eb1025b0f508,0.49702164587548714
d2d6c3c235a052ce,0.4304852636374409
18991a3ff7f25942,0.503425906224399
1f81cb8e5ab3d7f5,0.47872098348232583
e3bdda81d4d1856c,0.48599619630438906
1566672ae4a8e2a1,0.4928869738855366
7c4dc90935b34824,0.5071825027257002
411f8e9c45049884,0.5288427852895138
e8b4aa55beef2a58,0.4665248118184866
6ddb767290e61989,0.497434180550014
b9dfcc759aa37925,0.5439908469466312
8aacfa486b31da4f,0.545518539723495
0817edfff04801a2,0.4467355855496632
1010803b38a8ea52,0.5023600233422467
691b68eb442b9eb8,0.5427972184560867
43b7f2a90f56a138,0.4367826528040153
7f611ab65fcfb28e,0.5370379044485891
bc79b702546d75dd,0.5224350920552906
d5b38928bf09ebbe,0.4878030246754722
607d9109da440d5f,0.5187282696083296
28382136f764b6fa,0.49361439978141863
543c0335984278ca,0.46989379847938306
812da15117336d17,0.5102453564358449
8a0359e67d2216e2,0.5130758032571097
f531fab75c091c8e,0.5484983210511613
b1d13a4392c71bd9,0.49560186997800926
831c9ccfaaa2c6d1,0.4883632015865441
6e23deafe2b1572d,0.5075971238054597
d9a1bd21fb9e24de,0.5177168443369864
c4b751870e2465dc,0.4615990661099093
57a7259ea803d39c,0.5187751106318996
e4691f4fef41d0bc,0.4581805255186867
366a79c5a844e8fc,0.4533862575298987
49bb7c48a8e42e81,0.5199820642415531
55ac1c99f0cd38d3,0.4771249237269285
5373f40d5d18f9c7,0.4739393510544919
6fd16c42b0bc84b3,0.4560395423463941
2f78f719fcc61324,0.5299481541204212
9291a6223465e56e,0.5200695951183463
46d4effe927cb0bb,0.553209384604574
90e04c5b5900dff1,0.503276589309968
0dd1e1bcedd3490f,0.504403348006206
cb18c96fcdcc5250,0.5155344532153106
a04191e6168dd94d,0.5473989041972788
da5e3e3b44c9e920,0.4936379294281419
c127cf70f6ff85de,0.4747665161485277
0f43eeb64a42a57f,0.5261315852144778
a7f6f3efc2b198b3,0.4006623864032729
10e2c24f0f9d601c,0.462307260846506
fd00f9e82c603d82,0.46304899313602077
c44928424c106b57,0.5463923112284389
176ceb87bd017a29,0.5182606998118201
f94dbc170fe4d62d,0.5371840704914955
9353757417584694,0.5128161520504664
ebee858b306521a8,0.5215780790340945
1188d475c8b4c788,0.5207768917372924
7749ecceddc66521,0.5113708684319116
da72e8dc571eb16e,0.5245280302704627
d316ba978ff5eefc,0.45965628633834954
db516a7f481a2d2a,0.47757460897742077
56f93bc454e2906e,0.4909419429701454
e8d81d932b1dfd6e,0.5377132067040197
9e6c06fe51727751,0.5084952682858458
86bcf4e3fc705c39,0.4350603383920757
e4df53e8f52e51b4,0.49057401380943144
af64ef419def4895,0.4914504274921504
a4a6b2480466e7a0,0.4718962547862312
38957cb2fabb4d0f,0.5204298407319944
dc9677fd86cdab81,0.47696619874041146
f7e656651737f099,0.43532980627156426
f40ad6d6f07614fc,0.43417319868656856
280b6d31c7cc583c,0.5210979136502671
a1966536f973228d,0.5368216256689196
aad5c380ba4eba59,0.4594486678819898
df5bb150f5048990,0.3957273113212152
71ac26f99e0bc804,0.5577691056558431
945626bca2fa51d3,0.5174357698312294
27f020c02230ce56,0.5266657926900793
07ae90476af3165d,0.44377652246406973
3b2127a263d95ab4,0.4121377230756069
00b1ef774546e60b,0.5117694237455304
57e9f742c8d86ec1,0.548614122701749
aa0653888cef67fd,0.540247249875353
60ebd3c99342f1b1,0.5514666479151351
40be8902f2a7caa8,0.5501881389353616
07d0ee2a586daadd,0.5415113279776897
6e424c8c3d16b155,0.5240927103706341
5b37c7ccaf72580d,0.5068269613228461
043fdda5a1fb1e41,0.5596541378898527
ea0dd96e83f944cd,0.575470718921095
ebdfc34d0208d09c,0.4926833002964137
9e8895d21aa9f23a,0.4164200189612146
91926891b6f213d1,0.5126217057813538
e69ad8178be9a35f,0.4922320498867182
94c9e01e099c95d3,0.48989218109834987
b7b630682a4d1315,0.4990118637930393
0b0d08406fa3afa2,0.5089613373504868
cf0f3154bcb43058,0.5375500002268649
d69f8de215915d42,0.4596092816764217
f0e91e9cff87fee0,0.5180125100072659
b9f55804f0044fbe,0.5453163407257365
8a49279061b46aee,0.5510930917497243
2456daec3c46d79d,0.45027209031431226
4f423cc03395aa6e,0.49568803239802117
24c42cc3254d615c,0.5501564988483096
eb4f965066482e2c,0.4472769083700784
3e3f9852bb86d45f,0.5285646433299254
e962c498dba0a175,0.527406240100263
9974c66113749785,0.49109429543299477
2a1bf71837b676d3,0.5042001940360046
e5782c7e772ec5f7,0.4989204956545993
fc3e90a1946659f9,0.46858029487188135
311db6df2d8b890c,0.5084886065243908
334ba6ddffb72469,0.5144256404996532
00b158c567854d77,0.5432747151973037
48c137cf5457c70d,0.49631584423515207
a5918382303ed8cb,0.48946214360837625
0476bda69920479d,0.5043210882222322
08018fbd3a601231,0.5096627945438732
e85f646e84cef8ed,0.4681266379104736
1b962db58f339bda,0.5244811466043278
070d193df28a11c0,0.4683013591942108
ff8e9bf8e1636de3,0.4599254297233659
0ab21ae506b80727,0.5191992157068648
0d444e315ea4fd36,0.4869420366810536
b5ae1ac4064f63b2,0.47869384239142887
57819caa395ce662,0.4435596837471594
53f7b27876017a2c,0.5106204251823099
9f9168438e7b888a,0.5209649280017552
54ae6883066ce4fb,0.5586302652121845
909198ee512fb3c0,0.4836226502326313
0d99ba4b7661f1b3,0.5107685873125706
5ef3f2674c98eedf,0.5119249283979537
d1950b8a8f7fc61b,0.550642908995103
998c594670725449,0.49566634206850757
0b575e6de8ad3e8a,0.4765052945682162
a8deba7676f7934b,0.5316467687309862
2f026ce20ffe47a4,0.38613039244280545
3ae83a4400992df1,0.4632071998771653
2369589d88433869,0.453378917605866
23da2f4018a880ff,0.5627695168723608
18bea4ea6aa13c64,0.5231514105822161
032928cf72a76eae,0.5466272967400488
221bb01891376cb2,0.5076716921303219
c49f7b58a3f9be9f,0.5145141102508745
ede326d314c0b836,0.5144438515865603
9f06fabaee69b1e9,0.5122474233855014
b14c712c49e2080f,0.5263260728123716
7c07629eb11c46da,0.46445205535824785
e323911f6706fbac,0.4757403678170534
33be587ae3df7d59,0.4966546562872187
a6235f68df9e1de5,0.5326256422245748
1322da78e7431adc,0.507771184238415
cf7f7e70308bf6a6,0.42717020691481755
d96420415c11a558,0.4924011558665796
044ce6ad9727a497,0.4966099629669547
a82f90dca5beb65e,0.47802571554265016
393f89fdd54a7560,0.5252260761029433
52241d7c591b501e,0.4844568656452888
4605697aa6fd07d0,0.44474829118995385
234d914397e443d7,0.4353485949611816
3a2e1d2462de9e46,0.5188726371253112
58c97c918954a176,0.5381065555072567
915aceb85bb51979,0.4481380297607723
30741d5a29017e82,0.409447124882381
0772b85210db699e,0.5574405100161808
211588d7ec88e7b8,0.5238533724926021
c84459bd43b513a5,0.5272391394666556
7d060054fd2b0eb9,0.45214002292073463
df4971c068342fd3,0.41571275946018527
9899086ee24f5dd3,0.5132727117284068
eebbc4fbdf9b1b35,0.5515581258488504
823bbc56a35da4b5,0.5423861543707307
c87b1c0d07877fce,0.5501374134940658
342925c67b134427,0.559783202897669
7fd1253ce77429a9,0.5396153370239449
fa1030dd6494b454,0.5298643656325106
86f5ff9e613cad3f,0.50174167061134
081e6b45493136f3,0.5638110412641499
cd6d97cf56db3c52,0.5748182964157211
3fac3651301d177f,0.5057595044361087
383a3f1f997fa03b,0.42130155787314916
ee31b2c8c4f4a503,0.511327791908086
8f0d1842465c728f,0.48782135069764065
0af7c3f6bf4c2dd5,0.5005311615722903
6334e0c34351f2b8,0.5018231497398282
d7b4a4197de0e605,0.503891247740514
3580975b7ad96d51,0.5403380793329355
14cd3f9c0ab6c8b1,0.46406158928276287
22406189db17fabd,0.5199800072275402
1ada27cd55ea754a,0.5508672990397504
69ab58447b3a197d,0.5526326831456607
a9efc8339c3aebab,0.4590489028611666
0b795f38cbfdae52,0.4931880389323583
cdfa1cca45450b38,0.541121324242072
d9a39ff04f6b4efd,0.45114351714743917
e452be0e2cdfb3ef,0.5236072164917849
4765ffb66984da96,0.5268478705473593
42dd6ecc134c6b64,0.4946333481853886
811388220e15a7a6,0.4959077271874601
2247c7204c3ced12,0.49697342325015414
bc7892ac8cc45a72,0.4726474401572298
b5df1d55956c89ca,0.5029362409896171
2e2193bd84200370,0.5177007879683739
ca62b65f8d14c81d,0.5335577338255717
a0e6f74373233bbb,0.49505022743553184
c47add518d7c9ace,0.48951460629233745
ebd5616f1414e27b,0.503061645510005
8f11c319daffc6fb,0.5118641257219345
a8734a3b3a91f2cd,0.47137873770633953
65c7d975410a0e71,0.5232745816464586
290899c7c29de543,0.4657958519158898
d527d514f866f86e,0.45886993079367344
7aa1096ba3f45f58,0.5136075749344065
a31e348f7ec2b615,0.5028583708546559
863f1082c02e9036,0.4708878062474644
c93db7c30bfa6f7b,0.4384705599379102
395efd943aa2b7ae,0.5049084362714322
54aa48226973574c,0.5170616377447106
a7447e55ead6e908,0.558888050949332
9c45eb8e4fadae02,0.487831706391725
a53657069cfad96f,0.510966278254901
1e181ce206baa3bb,0.5050316646654831
a2ee4a4c617a9cfd,0.5516232323751504
c156cd09577155c1,0.4959373411508612
2eb0c55e739e9c47,0.4748913042220223
860e0daee1efd600,0.523328513097653
42f41b7a7e325961,0.3810042426003072
997d3735f21970ac,0.4690024637024782
4882c11722d768e6,0.45293198884513486
06ea75a5fb7e0daa,0.5546257813764472
2d1e41c57e35032d,0.532091126696743
17781db1b24c6732,0.5420486431959559
c66bb992479021b2,0.5156432856936243
34d12c536acae1c4,0.5128415667568056
c251b0b1fc388c3e,0.5303267222779368
9f565f0efb55d5be,0.5151513776020842
a6fd6eacc6922e25,0.5239430509183687
07f567dab47cd294,0.46702605976720446
64da580719173b8d,0.46392919391467846
cdbd0fe7a0575b60,0.48030781580746806
79428bdc9ca89925,0.5363271414780522
1fbc2de21d294167,0.5059386825091021
7b0c820088e68cd5,0.4306346011894432
46d689a1a9f81df8,0.4857826384887569
79b17cfdf7da2b7b,0.4807432004283798
c688c4e45d4fa314,0.44592057817618413
20cb09fcef8b51e9,0.5163296768897934
217066fac82c05a7,0.4717400827151055
73e21d153bfbc927,0.44265914859459576
bd609b01277c3cc8,0.42309459069716837
b8cf4fd941be9d23,0.5047484216659732
4444911b7f2d89e3,0.5421325066458369
f468cf3fa6bbe9d1,0.44499435293966605
0c40dd55d0047899,0.39179114926082304
7778f2915a103498,0.5328524717319647
152f6a0b099df465,0.5362521864826968
17c2dbc8c9474e2b,0.5373423395233745
dd2f09b252ca6958,0.4454265226517381
8bb85c31bd45e762,0.4396133136882161
55162b1037201430,0.5070060897903192
e37f8fdedd433dca,0.531274579149466
d5913f0109c5611a,0.5326025298373445
8487bfd5c26639c9,0.542039567040503
3358fb8d08bcf626,0.5438718722152498
26a1a2771e5bee13,0.5365487169401364
17e423c48352340e,0.5308631287241832
81b3066dc9c5c6d1,0.4879550245853629
4be1ea29ea924bd6,0.5474890502932056
61d246f95a2ab206,0.5721808445651602
43ddcef574a90051,0.5120207655904352
3497747db918d0c9,0.4306129993792709
085eb578b2cb47fe,0.5236695049926926
bc75236bad03fb08,0.4985593000723041
e00f3753e31d4373,0.4947044677643895
863287c52a004bd5,0.4971061244825902
54e5a0a7ceff6323,0.5083090896759974
7171f9554290c776,0.5291571879414549
67c7e8dbdd29bd47,0.4656998375984617
b1120764d17530f0,0.51434406113757
c4ee04b33c45a9af,0.5390576418690161
446931cffd8c22dc,0.5418131736286256
9004d8cad192dcd8,0.47222435384787376
dad5bf891eba5337,0.4977655001549788
b48d4449b8a0c196,0.5376723631144158
47c699f8d07424c1,0.44184307961979297
98bcdfe7ec996a93,0.5186423608885184
0a3ef35024266417,0.5095540590538175
1e7c564c8e1dfc5e,0.4951009203372787
4f85bb87857c63cd,0.5129767589029909
0aed60a959ba1453,0.49716263759163437
469e398fd8e492e9,0.46878570431008204
381e2512ff5ff52d,0.5047785347601272
6da401d969804d61,0.5084289971604429
4a1441f2ab1127ba,0.5255438529194367
7de1e7e746bf5a9f,0.4893223815857215
da57cef11f19e2e5,0.488728572853947
855a67e6c3b99908,0.5129729756881283
b06b6e355f3e14f3,0.5027156603925802
46afbfd5a84ca8c4,0.4765674274084286
6f8766663e2b678c,0.5171087890274444
05ecba1648fff085,0.47335727463152
f3049900afa402ca,0.46569096764219653
f74f76f06350fdac,0.5202799420337942
738683f01713b7af,0.507296014472781
786188332c480c37,0.479968000897673
2cc77baea87b836c,0.43999430609686874
79ce92c2d7f94aed,0.5099953208084398
9249739e46041419,0.5222450842371229
c145e76d5e46da3a,0.5419548581014506
e6d28912c1ce7d94,0.47114194453992997
ba5b65558d7b055b,0.553587228255372
8b08f581534f58c4,0.521379240118706
696144d23690281e,0.5476228928470614
6252c779f4e5839b,0.5072476269796603
2194ac1a61b09831,0.48653729477426655
3f3c5cba16a6f1ad,0.5502361732023229
3c06126a33940d3f,0.3913065938011283
56d5f5402e8d641f,0.4592892728974741
38ccedc93c04963a,0.45999689362201823
2750d2699db7cfe8,0.5451691445261218
44947e7d8178be74,0.5219093924721625
a2c22ee4c55377e4,0.5376315177871185
e097410740c80a38,0.5154370410943315
4c3d4cefd835bec6,0.5112984419973291
e9c5277a294417ca,0.527473081948013
929c21613a1489c5,0.5137597570398478
4283f645ed57dbb5,0.532938002882233
4c0c2f1a1666d85b,0.47010104761918137
f0a5c7c00ba704af,0.46543813716849425
4496b1a0fc2b2446,0.47520370314313676
52b0cbebea7677fa,0.5416983366547059
82c97fd2c14147bd,0.505405666389896
aac11321d024d5cb,0.4341638560079655
ad16ac15d19889fa,0.4873648283078724
03f1a36a080f2467,0.4786256448101246
9c76072354b91aac,0.45098194109118683
a2b3cae9abd60138,0.519057389834465
84f12bf8f6a49106,0.4701557745905447
e3b08130a1092b4f,0.4393075150108896
f74a6e9eaba84859,0.4262922163431193
d39e605c3983d68d,0.5140703336889748
a029cbb2d69edd10,0.5427029054685127
9433ba680971c091,0.45313071130494365
c9cac1b96a2da6cb,0.40103172207751636
728176ba07d62f24,0.5353739845143
2550b30373dc409b,0.5362606895591395
630403a7120999d1,0.5341534857847616
c553aa5da937d5e2,0.44858548479395444
c13772263d43fe48,0.44354666539602294
d8a1eb6337210d94,0.5044485241824312
3ad2b6e21347abd4,0.5302297265405121
d4562ec69a7845ef,0.53091792466627
844d6e83fcc6fcff,0.5453669759131201
41cf0d67fbac9a17,0.5454998889044981
743681edaa249677,0.5367317284307247
afe568a5b7d0d39b,0.5342586363611354
a2309a267f9fc180,0.4898655546337052
6d1e7d6df2844d5b,0.5519042315617935
209821b19aced05c,0.5705361518893854
67525397f9667526,0.5143334153375256
8a855e8513164f0c,0.4262180238484419
65d8b912be1178b0,0.522331865256924
8a0f4d9aea03b06e,0.497612339848969
5f0cbe20894a27b1,0.48327355799062943
ecdf1446a8757a1b,0.48999897490851607
10bf0f0e4b6fdd1f,0.5059643165844115
a5a5881b4c366cf8,0.5261842635796603
f01f444362faf18c,0.45620788669541334
80b9581fab336e41,0.5141472338139084
82256040791d50b3,0.5371640263793717
aad6f45c365a8fcf,0.5406603860110433
cad0230b19c1e418,0.4726537576544694
f9365f71da0e8e32,0.49505051704748126
189da56f54e07c9f,0.5364505336129208
1512b551c3335a95,0.44606203794444066
7146ff5417f75d4a,0.5193190856208557
07562903d1e70011,0.5070343032496348
d55044584051d77c,0.49326101289191426
9afa7eb7e37c47e0,0.5158364206910593
b18b25a0cce6cca9,0.499253640379806
db37c1e9f7f684c5,0.4724233369940699
146b3c21fe89ab2e,0.5057438675637622
884e932f186e815b,0.510057620024573
28764f0676ce4e4f,0.5099605233618613
822e998e99acefbe,0.4931987521368959
cdc66a02a465e034,0.4905205883194731
049e05171d1f489a,0.5079730929411557
e679d4d07f192676,0.49471209589579546
1db7a0f5c2348a40,0.4753206403176775
faae793c07269d63,0.5174555950025373
8935ab4dd5af1f0f,0.47578983043934187
88146e14ab9c5773,0.47179459455944994
75af0f4ce65e36d7,0.514570143474214
5e6215d130734d98,0.5051383194196791
ef11fd0a8e3a02aa,0.4795315721717768
05c50dc8d7d8f7c8,0.4380491955172783
1cb505e255af8783,0.5134697968945034
15e9810f9bed7531,0.5132567684663787
76ab6d7f54f4ada7,0.5460657556717279
dc9f8debd85a90b4,0.4726644474675421
e109c9cd16bb691c,0.5569581310098051
7da45dd0fe2b051c,0.5255506783582616
03631bb7937f2c0e,0.5474216525676288
14c2430000df17ca,0.5184300977599833
0c32415c715b3c43,0.48956516407672135
4d4e798b680500eb,0.5537647311543239
8e31f78322b19bc4,0.39314009926285554
a9b15663c8cd7a2c,0.4607705663782542
ce9d2fae0b697fb2,0.45867998038340396
0a19f93cac65973e,0.5372585681244537
ed18dce67daf926f,0.5243793985240537
c5b6dda438e581ba,0.539826544104112
457ef51dd0122131,0.510420404268433
643bb90789ce72f7,0.5118880276170985
2169984c6c83fb2a,0.527682378810322
9f55571951d5cae5,0.5152605232739647
9673e2c689a2777a,0.5267572050929057
6125dc4a4d99072f,0.4733157294352822
f96866e53dfe947c,0.4754039595212305
941c1e602d8ff08d,0.4874778101579118
7fda4a0a2b1b05b9,0.5366338975180618
b8beaaa60ad16552,0.5045965591562044
bc3b886103916643,0.4391644333255259
8bb088133a3d5042,0.4943573582569327
bc0d87582e19b64b,0.4831150320133991
666cf697c4d00219,0.4409271735189546
5fead4a8b2650553,0.512820837997397
140dc4c3894ae14e,0.4711676087246368
9a3950df5a0752b1,0.44981138776984186
0be4dd064654c9d7,0.426895005046644
ca0e4db5829d8acf,0.5152166145555047
83570cecf6dbf730,0.5412485233714223
2bd6ccc966886e87,0.4474133119857634
3bba088e69af66e7,0.39322450683441157
9f0745de8e89feaa,0.5319637299381252
d84379fbcd64b4b0,0.534249094614174
3bb2bb39aef58229,0.5270137156674457
ef9a989ea84db0a4,0.45037870610731545
14dbffafe65a97db,0.443972619068694
8a8b7e8e2e5b6013,0.5017152738430862
1525ab7923ebfcdb,0.5384399083457163
e6b3e1e43532aa43,0.5295139224955041
21e9ee7c536b0b1d,0.5391403389722225
61b52f9ab2592906,0.5443816735292955
b0b57b11ec1e7c97,0.5443032962048009
e9573ce8411a358c,0.5330171178636738
2667017f18796ea5,0.4851423694287196
e37f6a01662ed0b1,0.549688974635719
f1fdf6551f4c6f65,0.5634852822511051
471c603f907201c8,0.5018626740856781
a7e5b72170b79af6,0.42031916776441003
2b7f14a6ed90f59a,0.5178113218611127
fb9320e672099261,0.5050499521526983
530a532cd948f9c2,0.4814438559946854
fbde4b7b478d9d81,0.49286218224307443
5f3f3632a6433ad8,0.5225318340860214
bb1a1107bc4f3c56,0.5298387351500398
17fbff6d9db6d8a0,0.4608287445119952
df48e1e9736872e0,0.5205683708444333
5e41ae22cf671144,0.5386857001089005
bb6fdf9c4dd4c7da,0.5253583688810745
1b0053818e001f63,0.4723470164528937
dce2f85c6ece2b3a,0.4988706418715445
36729d948ee0d261,0.5392632361584242
85fcbc8f0925bb3b,0.4488371077948846
8489d10180945387,0.5256961614623215
4b9443e3306be134,0.5136276571130634
fceb6f938f89a1f7,0.5007423037403357
c350b84d97313c3a,0.510076502398485
4515ac22d71ffde4,0.4954929484972699
8bc81a6d4755e7de,0.4699854624016444
33afcfa05274b971,0.5079371116507018
9f4f82575709ce25,0.5099556897517674
882e5b841bd470ba,0.5188319302957388
a872cc889dd300f2,0.49125757858333996
6d80a8868f83c468,0.48406542199252056
a9278ed525d582e3,0.5129227412062254
cd0db3a0695e6514,0.5066753844670466
9e33a7d36f93e641,0.47542906857763967
053e4069ea5828c9,0.5185023637388266
c230f659f121d5a6,0.48104074049894696
97ef65d706cc728a,0.46940676728971953
0f8eac597e2a2d2c,0.5182643536716314
31145e277c9b8d3b,0.5066509411279274
1ae5b13fc9d57331,0.48844606549476555
188a283a3a2f86c4,0.4469248458491224
eb173f433de00845,0.4993961795137093
540ed7fc766660db,0.5094175483560128
442a9e2db69cc2b1,0.5428604969827655
81f84f3f2dc0387d,0.4812078635411383
e654f8bbbfa81761,0.5391146236268693
623abbbb92990701,0.5110059918530722
8d6df8042ffb9ab6,0.5519387626521692
8c9dc61e149775a1,0.5054203132481974
3bc42508e0edbe36,0.4865245840735054
da3f2b67641eafac,0.5377005642451619
7a0d80a2777f339e,0.39140348168604744
579c345908e12f98,0.47090138589238106
0e348e7f0aad4da2,0.4619865464367794
8a0592309bbb7184,0.5467260679415267
40c890dec54fbb54,0.5202433748567858
50a58ef77354be78,0.535799559926369
924c7451d07d80b5,0.5204784373564142
b1c5b58c2f4986df,0.5211171922324176
2a06ccc6c7f72f8d,0.5273210028820934
51aaaf282b109a56,0.5148313686932307
2b63a4aefa61cbef,0.5292882256580004
462a18e228015797,0.4807614302290705
34edaa6b8692786d,0.4738446255880995
bcb2242de07558f3,0.4750194888346211
f69bb3c5c6e16b0b,0.5277075098423731
04b1f95c969aca48,0.504639335074833
d935ae5f5ce15d9b,0.43593271430692726
1004e69b7b2e7d46,0.49162874600349415
eb7b798af0e57571,0.47464979762854764
067e61a247af5eca,0.4413204211242754
d32ed148e91d9979,0.5209742473585792
dbecb7dd5f4aa4d6,0.4625639257065385
0c137ee749e78234,0.4367848314848134
db1ea4453080a64b,0.43144213011098786
67c7e05d91bc1ea8,0.5200223624239864
293ba2a40f39bc13,0.5453325605293807
2b13f43e891d56e5,0.43527941482940913
9cd8becf95f7ba59,0.40080052797588683
a1201678f81e675c,0.5181144754156104
f1f25be770814d33,0.5454585886769996
496c9f4353b45a5a,0.5326046154824242
690892c2012f871b,0.4554524484919339
cfa63dafa4af65ef,0.41414150872484856
fea2013a15b3f447,0.5034315745948074
5e7ba8a3a1b414a1,0.5256954137405903
30ccde668df053a1,0.5431047441056014
936793fc41060bff,0.5337215438331535
7819016d7d506c3a,0.5289192046203288
21bd1e6c1e88a2b0,0.5368634231095886
553d5b66f98c9d8a,0.5340705685516232
1b58eee516e05d8c,0.48184823046730296
b17195ff35867e53,0.5261782596006941
e5b99515ec9271a1,0.5624182980236905
82984cdea8ca81e7,0.5078407940775229
b8ec9565d4c51af3,0.41426354403824917
89c1181d63e2c964,0.5193408130304384
502dcf13e0b3fce3,0.5126073799834856
d7baef754ee873d3,0.493309643509076
f77b3ebfd06babb0,0.4973099906767754
40e5ac5e3341f9a6,0.5210419801178215
049503e1a0fce0b6,0.5409509017515546
b9e538e8a7985366,0.45722620791706114
1d68c5ecbad8069a,0.5002885538527335
b1875917cd05b5aa,0.5381578257222345
3f7759633b8bddc8,0.5300440196311242
6a2884e84db3b523,0.46965162632979685
d763acce6f4cc6cf,0.494693709113995
e3dad98b2344b775,0.5382280171482245
087ac58d0661f9d6,0.455303562481578
fbd1ad3750c19895,0.5315990008720534
42d9345a7a5d0a6d,0.49772801948556666
9235ec08f1f07419,0.49559293244292724
45fb0249b933595e,0.5106665242860526
76441b9caa62d4dc,0.49946689974597924
fa9c779559800bc9,0.4715226518845055
377a526f8a9e9c0d,0.5006469037069867
5c3edd4c2d949bf6,0.5153452110667581
5e3fff8cbcc34fa1,0.5304885720435318
b8e18f78a3efe086,0.48288575148256596
55f628e2355412d1,0.48305686382206225
5bc5fa91f6f40f2f,0.5069408279437099
ea2335dc56eafff7,0.507915635502652
e508ac3e800bccf2,0.4717474267860384
312679a101442b39,0.5174876206452536
59c18e10de37f84f,0.4580238500921391
dda150c893c328b6,0.4624216657309532
9771de929e59a77b,0.517428783212146
196ad37a730d200e,0.4910594107458335
fd516323bd709e9f,0.4938889524365213
9653a62bdfee5c9c,0.44188186943261487
36062af779f6e793,0.5103143524059189
8d3fe23f9be2da8d,0.5233518198335658
55a09ca743466690,0.547492429209139
e11eabf0927061d2,0.48657602523347965
b599810727f93847,0.5202831256337306
8d11352a2e4ab3da,0.514158516993007
00121b2735847c7c,0.5389752561796513
36a94e9dca26846a,0.5100685195433159
d23c799716c0dcd0,0.49001861558055126
d1b45c4d1acdfd60,0.5335176001069497
e54c9e2976d1841f,0.39818168418442057
f1f8b9931cd9e77f,0.4693795671028892
4b158581811e3c2c,0.46302344915628924
779e7fa663cdb21f,0.5582243627464732
c8ce08461167202a,0.519490011432404
abe64300fbcf4c0a,0.5349551776012695
f4fa9ce541419b34,0.5145498942452911
92d61f4512cf4986,0.5217119455183044
571c92befdbbd1a0,0.511007798965015
bad98caebbc2f48a,0.5215291039431946
989d06d807cf2e11,0.519178253122264
479bffd489d2281e,0.48362224135846155
6d419f5b57d531d7,0.48959418577959934
39f4eecfb7ba3ebf,0.4748607164940404
19bafeed3884c1a5,0.5347868056664578
3b6e7fb6f3d9aa0e,0.5055716023964472
55c6b824c9ba60f9,0.43765587972526365
d42683e0976356bd,0.48372688854210244
611e2df376d6a76f,0.4899033347559021
cb61c9bc4a6bcae8,0.44400339448299153
a54021b0c527193a,0.5305242641001519
3810350cd76289a4,0.46520738777751935
49a87585416fb271,0.44833974212180405
ab33e5ed42e27bf9,0.4285261679570067
082554f2d852129e,0.5141540903625139
db2610a724610bf2,0.5287034310848453
a8999c0a12b4d7dd,0.4358678964944792
fc64292a0a0e7aa6,0.399224402312933
2e9133026a27f62c,0.5311328589219854
2fa85c41de16aef0,0.5307198569926272
148c13621c0cb0ea,0.5402270762545882
6e95e9fc747cbad4,0.44744982222151874
5c9f4127346e0bfb,0.42364099070239847
c63d0c087c13ff27,0.5096349741355175
59989bc3c80b8cf7,0.5271031344445272
b507cd26d02e941d,0.5445998703389807
9c6549370ffa3e88,0.5286098853361783
bf31f17ed90b15c3,0.5335711353033916
1e3fa211efb01b03,0.5311537533682555
c8c207b6a80c615b,0.5334533165629494
0637a3e89277eb48,0.4861056436320199
44a048d70e2f4749,0.5405750453391265
1661ea5f334229d9,0.5564839416588754
15eee8c3aa456ee6,0.5086557192820245
13663417648d78eb,0.4132435900240279
e28b241bad8c4e66,0.5257704050031868
672f8a95b25f49cb,0.5138580452400412
5fe38587c94f87d9,0.48792499211885576
790ce4f511c9be8b,0.5006610858767526
5bd911b68c0cbf5b,0.5203594546637087
18a65524288d39be,0.532280516038232
ed35f2d075737432,0.4678491358148412
7ed14715f8252eb6,0.5019612054519018
76b213d28e2d7ff6,0.5417786902560129
26cf3f2d3e2065a0,0.5340819421275429
cb679c83e97f7f37,0.4652487773262569
210eadb38704f788,0.5036797289015583
1ec50bd12f46a5ba,0.5388194841258713
dac2dd1e60b261e2,0.45678510248060533
964b9acd6237d444,0.5289512376616328
bc168025164cee82,0.49757986147533895
0f1cc91d2ee65bbc,0.48947362818740126
3125538e734d950e,0.5097816029675959
9a9fd3ed835eb281,0.5002446139749348
4d71c08ae39aba2e,0.4661537165738807
e1b486c0ec6027ff,0.5062770638310634
7299d548dba68acb,0.5016046087503009
254c048ec9d92de4,0.5477055457630888
b1af74c590ee3059,0.47213417453334383
629b0e70adb879e0,0.4669795973769364
4895aa1ebc6fd622,0.5066460248402487
9459b0ff7ece7528,0.5043484900705247
dbb01dc3ae9d16be,0.46931215467671594
682be0a3fe24971b,0.52049252706787
4b9b3ec43b4bf64d,0.4800456842892583
d8b99c00629035b4,0.4469337999892862
879162d9aeb8ccfb,0.5271965039345511
0686f7bd69e912fe,0.4776730615435556
1fad94781d55f596,0.49395284079912427
9a15e54422f1a0b5,0.44481550296260497
9cc576d4e7847f2f,0.5050087878496474
ffcbdc95c2b44d71,0.5222554011077547
4b12e3aebcbda370,0.5368011085918575
bf049c68b1f65fed,0.48059281241507135
04582ff3c9c67dce,0.5264165769487477
cb694d4fcbf8548e,0.5314544926856887
cb20fa1d04060773,0.5442460758019301
d07117eb6e5d60c7,0.5102463109724436
db757770ef255320,0.4700813275408189
e726cc7f3ab1f08a,0.5318263304606281
6a450ecde1c87e17,0.3898196280587223
3d10f0e41a81cc09,0.468349390375733
a40362eb8a364232,0.4603774532928403
f8f4b65cc162352b,0.5598790283102464
f05879d2eec13f54,0.5253418827069392
a034bd1fb43edf58,0.5307390646317109
5257b007c6ed7741,0.5144954031379594
937412a0537b3874,0.5279899277739144
a13b07559b48c47f,0.5130597605441634
a6412dbc5f3d7df5,0.5185367520827033
b701c598fd2ba392,0.5367017727190699
8808a3477b4e1ec2,0.4850088582070732
6aaf9729864d6748,0.4777306998921613
f5a107ef059e3f09,0.4830756587121623
787e70493d689646,0.549031082742163
80c197a4179e0407,0.5007711553971439
5caebe8a5afc54d0,0.46265669988420366
5472e11ae56feb6d,0.4758539300734145
67558ca2a2816c9e,0.48973403777647495
0c4fb07ccb68d602,0.4466023570494575
16e5e85293c417d5,0.5205881994849282
b88e43dd73eb721c,0.45835283267806604
91400a8e252f1b48,0.4398937188838712
7ead2d1845f64b9c,0.4341783732142226
4136a1552be01b51,0.5177076735244204
03ae5058cc3962cb,0.5345942531133736
fd3138e40a9e4a68,0.4443089966417475
59dbc17681df79de,0.41077236605873035
934ca4e4342b7a92,0.5296763502905497
92e080bea6a3557e,0.5307931676520669
77f0e14ee78a6644,0.5316552028029549
50d989870eeac72c,0.4496133691207007
f60bd6dd7be6acde,0.4252637974215311
1190f256bcca6e7d,0.5125205688334074
d2571dfc5b3fc595,0.5287476458092276
4b7d483296a084f0,0.5335457287863663
c49355e26144c28f,0.5186646347912611
6044b3cd1ca540ab,0.525980931437769
e54ccf31fa7b8945,0.5266129530565646
65dbf09f821fc638,0.5252091787252136
dd3c0123f9565cc5,0.4965864698543164
ebc23639655ae1eb,0.5227148033763918
9b40dbd8f1fce780,0.5341146346963421
421a35f8535064f4,0.5218750729528567
4449015c2136001a,0.4096476781254631
8b152a282c2bffeb,0.520556888459824
921f25ddd827dff9,0.5212855604956393
ec0bb63f1194ba54,0.4820453663560468
7a95adfd6143fee9,0.48906077426074035
fe8f9d9619d09e1e,0.5301159354653313
381e1c7d031fdbb9,0.5133319673176173
395607dfe96eea77,0.45227475788329274
7dfe8ca4a8692505,0.49673088473311355
b3f07a2c26f017df,0.5517696357822848
9b9c0749d057aa63,0.5339656347983344
e873bbe0dc46ac6b,0.4696322168923769
4ff93afa3ce69e1b,0.5021018590737982
f874a5f30beec013,0.5367771366533649
68a6289449bd7767,0.4621253296360073
174286af35aec75f,0.5217193002775934
d2cb5b0013427d1a,0.5029760234333541
f8faab0d25a586b9,0.4847666048769059
b8fb975e9f6a1f1d,0.5221414317059403
a3357fab106f7098,0.5061629675972359
16714b1dcb8c3b65,0.4716860600249603
74f6adeeab72d283,0.513814275488802
3ca27116008a35b6,0.5060095773322493
588af1c62392c3e5,0.5496548116910125
9e62d191947a8281,0.4770691992782925
40fc02060235c1a9,0.46036917330035665
7a34712ca856c42c,0.50713099549486
790b49ed92eafce8,0.5138582909764698
1c4dfc8fd0327b60,0.46667385609311496
5507d925f6a4ad73,0.520505079092212
48f1cf57c96a799d,0.4859887390352913
d8e5ac88dfd119a9,0.47315716799663954
4a4d5a1fdb0d0a2e,0.5325331387507239
8a22dd107c444e40,0.4844048133630263
24adee0461d59503,0.49423851533826013
f715a86bbf97cc2b,0.4379498974416173
911429cb2c75340f,0.5215473958200085
84d3d89c58fc1db3,0.5075141331654027
1c05255463cae279,0.5521684106612404
f1f7b4758115a2bd,0.4813232069368112
c358adddb9781361,0.5414171835817394
094a2e09c8488552,0.5401291393788041
78030371f4eeb4bf,0.5600372326047839
07c4b9093ec6edbf,0.5300870606089569
7507f605df9593b1,0.4807847920553521
96d31ba1679062a9,0.5432705604552412
2b987438a3730f10,0.40483894599429715
117f2ff48618bb55,0.47083294804200815
fb751d21cb69cd77,0.4542887141270783
72bf10f54fd218cc,0.536762188489808
6bb44d8611133d19,0.5406462091992067
0509c118d0a9ac7b,0.5273226921242458
3ee39cb09151aeb1,0.5083719579943573
2120ca51f115c5d3,0.5257437671156286
a01e6fdb72b14836,0.5158422477851111
9806f57230905e6b,0.5140209280493668
697f681c207d8fb3,0.5296587799522741
9c1a700be0448866,0.49082817755458974
f48ba777972ad146,0.4797070839241935
625ea9ca491bd4e0,0.48347224671982914
3c08fa4c9b241d98,0.5447105946404226
ba989398d7f0c4b4,0.49893779623123313
63d38e2f0565dcbd,0.4710927788133712
59b2d5099bf2356b,0.4853852408125814
3e1d83f3fa7b7e5b,0.49500520136823256
8dd25b27874d44d0,0.4474175762604098
c6a3af14c3c05afc,0.5181071558590071
2c1041f99a0179e4,0.46088088277782724
b2e8d87a77603afe,0.44331651773259584
43a746a1772cb112,0.4232350257809897
1e6bd33bc467635e,0.52329904368028
297cb9af89078297,0.5313335750150558
a99bec16019d907e,0.43745534131044395
872d4a78720561d3,0.40336629564980975
80cc35adb5970bcf,0.5278408310091326
038bc544291f6a5d,0.518415978109628
6f41c40bb96b984e,0.5299239334842066
e75aecd76f6442e9,0.43464581815338743
c3453a045475a37a,0.42520422909586764
38fc6d81a9149250,0.5155154865796195
0ff93102f14dff6c,0.5303826022369189
629828c33cfe9f83,0.5354975628576283
f4d33d500567960c,0.5303977792103963
bf5d77ea4bafbea6,0.5334446919529786
02c1062c42caf2c1,0.531204853363874
0c02227b4dacc543,0.5285976522905864
e05aa0588ea5c0fc,0.5003021398103232
2372b4e649317e62,0.5193213404504822
49e567c814df204d,0.5363970467245214
b125f6c0784d0e4f,0.5238006174709073
bf4be5f4f595a53a,0.4096184647756491
35cfd81f2b7fe9ff,0.5180383851416446
b9324003268e279f,0.5191415650289177
bf5c6d67e2730e35,0.4769123346926697
cb674d77fcb61623,0.4919051988204217
a85133c14bb090ba,0.5295593353465188
ed1fd0329e2f07e4,0.5253374079474304
12053bc7a32bb48c,0.45714863615266976
142c2cf136e5d8c3,0.48600612166425383
6e4025996cac585e,0.54879825431152
108f3fe25914471f,0.530940534973518
76f9acaca478464a,0.4613571408541154
1a593bb91429a8b4,0.4941830220550726
b7b8c2805035149e,0.5373837378612627
c795b77e923ee2b4,0.4658719428391592
7c3fd69f9108c30d,0.5150233046765407
8c3b6e3cb755072f,0.5049970885987172
2bb58733e45c535b,0.4868656817727539
df3f27a8686c1bcb,0.5182781115850996
6f039e500140dd7d,0.5010600260767559
e79477a540bf87a3,0.4752146224630581
8efad34767959031,0.5081305611352442
91cbc9634f850253,0.50908157568638
403a6c02a7be6f79,0.5506896181689583
bb07ef0de9f80286,0.4785316706481654
44e8f5434a884083,0.4630067870961353
0694939ce6c7103a,0.5050713234090165
c36cf88275b4b7de,0.5157286331898818
bf9bddad2a717594,0.46394240457409097
7cbb8ec91072a5e2,0.5236257858230435
d93eda95f01df3bf,0.48475530974594805
70efa1f2edef80cc,0.46878414607715935
23a3fbc1bb6519d2,0.5273955585478065
dc35c4dda9f883e7,0.48254532536135863
7d13a830619c8d18,0.48855829837279063
bb28c5e4251ab179,0.4280909119172749
a6261528dc3bfe5c,0.5218142321246618
5b6975f471ee8703,0.5062489996526076
b68ed5e69473664b,0.554094343365122
8d21bee709758dad,0.471269710991129
ca7795809dd29b2f,0.5405992252270859
9e08ae15bb5cb9be,0.5397360876607273
a9be9f32c77a7a92,0.5601566930056114
e5b75870df887df4,0.5268298823546321
8cac6537806df137,0.48094547348131367
86e1fa7f5e04a80f,0.5430272179605695
3e0c03ba2f3b15ea,0.4029668501012701
8974769be6a0e4ee,0.47569710830713363
73d13f6cc1dc0607,0.4526215348574586
c4b152ac05887b5a,0.54230469690685
5cfadc0667d0b5ea,0.5405638465885096
33f72c4cda8ea978,0.5351848978866758
87218b43d44a641f,0.50660484525735
a464a3a88e62b8fa,0.5234742850758922
27b36da3f59ba908,0.5105216168684442
f4e5c88b144882bf,0.5078414631371702
130171ad8798ca48,0.5278230041793963
2eb4b18187d332ff,0.4853912916776857
8917ab60767f378b,0.4913621169419574
22c354277950ecfc,0.4838695018910102
d1a3f8e612f710b1,0.5409042449441877
45c8a6e1c76cd5bf,0.49855995594084523
247c7937eca81d2f,0.4657009854175965
549fbe51dc26d2f8,0.48207544367730804
ada35e0553d07e9a,0.5027026199493205
5b94d3fd8760c6c4,0.4487276418896946
40c01d8dc3c845f6,0.5264900266678777
e97b645b43e9648c,0.4609998975123809
d6151bef61ff1bf0,0.4381024977621113
3fa336bb36e2e257,0.41992015386049797
abfc135bfe611611,0.5294186026677685
6c98a32985b7d163,0.5394563249824329
d713ff16c69eb1a1,0.4365352677032933
a9d8b02a0879e9f7,0.41609381499447595
ba06dc840025f81e,0.5274029567772154
7af1fb6a39ca5f96,0.5248474946080213
4ae7ed303d672679,0.5349744386409783
0f87a303c9cfa37a,0.44422621563727316
7b009cb1f14a649a,0.425074806074758
6cfbe1de1b4a6e09,0.5302337764070306
58fc89946294e375,0.531403357602569
b5d3937f2601684f,0.5352538955189623
ec01369cc37248bb,0.5297852337390363
584a19568d441ef5,0.5314489543857608
4447e54b21ad92a6,0.5226578727800353
ce6ee832fb6f14ad,0.5326468890897533
9822b4f9f7e1279a,0.4965233234528711
2a05b81d1d92e0fa,0.5273156747073511
445b7a9dc806966d,0.5344149321047307
34f34f69bf792186,0.5179950512733731
94d26914cf98eb8c,0.41990769822280394
cf959126b64b1b0c,0.5091849982061769
2918c5bd17ee706f,0.5224261274932837
c1e937364f46ef78,0.48376357105312207
3b2500750961d821,0.4837681326095159
8ff6526766e9ddab,0.519017714841498
4d54004e528aea0e,0.5286536287045862
4b8fe24c8aa47013,0.45753566007384305
195100369280b379,0.49216899832494754
457b5a58c789441b,0.5507694348358196
6ba6d792b0961da7,0.5438465183627186
60c4253295b8e287,0.4577823734459876
b8f69bfa660eca6c,0.5025175732358789
4b3cc4445aedce50,0.5262293116229169
c25a517e766eaa92,0.4600190774081774
4c141ab40b85d44c,0.5159226000621588
5fe4eca85aec9fb5,0.49951616581184655
eb8fbf0ccd97c100,0.4822910283497803
fc65801f66a72446,0.5218377369902539
7c55d513d9056957,0.5104975649386313
8548a0980a28b91c,0.4740569628877418
d8c815905247c414,0.5142260055836583
74924e0ce2a7ad0c,0.5125841544250278
8ff5c7ab2666746f,0.5475183701066282
a12da71f1f2f1f0c,0.4739839276309461
66a3e4942becdc9b,0.45576784120866387
8267fcd7de0ddf2d,0.5077667494859418
fe0e8c682dd01945,0.520645575119685
96e92deae9178eac,0.45694957056753194
54e5cc71f94402e4,0.5198835525083255
503c29250efd1f71,0.4799481350490069
de5a349207cc970e,0.4697621366546778
662fae982125aec4,0.5193744811962864
b5040635d37b7db4,0.476816468391152
f913a99bd76dc622,0.4941542127398817
92b1ead70e98e39c,0.44296009845794715
65bf4bfe3a490133,0.529524292910207
bac5d41d1f6d68c9,0.5074119925613795
35618073ed31a579,0.5460218005401649
362c0740f9e2b077,0.47472889127065643
7a1066021da0c8f0,0.5391822257884246
e6ebaef14b0ec788,0.5271079203568186
704082bab8b170e2,0.5616738358594126
9955658bc461421e,0.5264363899014555
b8e26c04c60e4dd0,0.4768653109444836
91deea5ee530d0ec,0.5418172334721286
12cd60e6db3db1aa,0.39782398288998566
c16de12adc542dd5,0.47506689934661217
8f3b7066089d41a9,0.4626818057339902
804ff5d58d9d1176,0.5371247839919406
880d363e60728ac8,0.5334369117978355
4bebd69814efc3b7,0.5344150781913914
8ea78d36a51537e2,0.5108177058750082
df6002d04a16ab5b,0.5161457933205096
78aaf3bed7f799eb,0.5182675953229932
c6dbe471fdb0ca03,0.5039402215768052
83ef5fd4b9b62421,0.5299201700763677
3a30de5596339e7f,0.4812970172972698
9eb19177950ef8b8,0.48606482552070174
d6ff8e3f4d5c206f,0.4867340437931993
57272340532bdf35,0.5485400772472426
bac3e1edd51ae882,0.49246752414699724
bf7236871d3115ce,0.45640309017861314
bbd0d91a5fa7fac5,0.4904873028880189
f936e4bb80b20c15,0.507034158192897
734fe988dbd9ca14,0.46121520777720093
fea3dbedeb737274,0.5172341699553885
feec9b836eb8368a,0.464585070496471
8d212d4631f34a52,0.43303240049203673
62d234eea19cbee0,0.42692885522931023
591b1a27d50af52e,0.5154409791383787
c02b40220dfaa420,0.5389234837896609
7ae2140cb89d3d93,0.45090618762527324
411e7d090f503c56,0.39569367338212025
3455cbc30d4aeefb,0.5228522691131903
f065036b0de5720c,0.5139947302761774
398f268623bc9ed7,0.530230667286493
22e49d4f6983d90c,0.43853423341749465
53c4dc61a90efe9d,0.4202954406454217
1e40d7f0c764e910,0.5325255016724704
16083260fa39609e,0.5178575242213311
5aec3a09029ddb08,0.5266216038375493
8d9e97cd98438127,0.5124030658836037
f5064c4e9cce0a31,0.5178732911941317
7792d2a08c3ec624,0.5127063810677588
470c2e758cfe0285,0.5277459887217983
1d7524c1ba82dc72,0.4897366855576304
374ec5556225b083,0.5250928184096234
9f0f63ff8d9cdd14,0.5223156300024409
6bd2cea92af4fc0b,0.5274587626327087
642aa973ebf8c95b,0.41024146467637745
bbfe46a350f8bcdf,0.5219477500245675
502f0de88866eb77,0.5235111260951144
49bc27d842c0d3a6,0.4887175430140813
8282216619f560f3,0.4879645854173038
6982f46d7947ac0e,0.5291643931055252
95bdd49fbecd9d63,0.5403248214602347
49696351440f4096,0.4598128277873177
29215661bcf059d4,0.487841331529395
0d01b5aa9578b82e,0.5536284794759266
ee46dfed714e9ad6,0.5525540606471281
edc1b21cfa53972d,0.46661065289409065
9c2fba44e5625e4f,0.5158881122422679
a28e3a6f8bf6a56f,0.5331442772316849
9010167409e71d05,0.45722505391005264
c22673139affadcf,0.5223044609901442
663ba1d074bc2fa3,0.5085525672932194
3208707ec87a076d,0.48810717694883843
dc80d7ef6bcc3e46,0.5198422719873297
9d3a310fca469282,0.5100309186174512
19253cab1ee4288f,0.4678775709292171
e87d2e7939274b69,0.5048847750615125
3f4df4df6d97aaa2,0.5220473427362667
aa8fe012677315c6,0.5511292177453319
0d513faec1195e94,0.4662304376578267
0c957049e045e1b6,0.4541207312414539
f9851c53118f392b,0.5097607226266987
c873a9c0b6ca8f39,0.5197612730482823
99097cdbb3308d4a,0.4704849431909981
3e9f46e4da94bd18,0.5122113080979602
d9cba1d37f070f0f,0.49246742621143424
e378766a99dbe0ec,0.4904679499809651
26688b17dfdd0d67,0.5100742311386732
4ca2677bc505a8fb,0.4816365265204099
cf5f7114c56edc62,0.49612256260955223
07365532a93bc2ec,0.45572995899090785
f4669812dd5e786d,0.5147742595945551
308238b0c259a220,0.5239937560094048
469233b86356f7ca,0.5480388361875959
913e07afbe12da11,0.4576406773653664
14a067fe0934c1a3,0.5350386046272416
bc62fa4640f950ef,0.5346840517231797
1b5d87db0a45f520,0.566025066878822
e5d01abc8ad6e809,0.5238226064828485
dc853c175e09630e,0.5023629748652874
afb23c5b90ef134a,0.5423846067340412
53165600eebb73f4,0.40175357493552655
0951f20111191d7f,0.47169541902938517
31a9f18d5b12e5b3,0.4625579912228094
a7879a695930ad2d,0.5348677410510303
ce0123d44160effd,0.5453194247071292
41fe4a722756e0d7,0.5285587017456987
48b466cbd371d426,0.5152201029095189
689e86e4b49d8916,0.5162488671685267
3a8f23558ef4a737,0.5160902767431139
aac55f543b3fc5dd,0.495406180185723
6cb54e590180c141,0.5284521234026938
e02a76742d6b04fe,0.47727037499104186
7f37cd87daafc90c,0.49265137392051983
785238fe583ce60e,0.49321279645534677
8fae5ef204df7866,0.547083108954207
0c7a4822ddd72389,0.5027031656319405
d8ca6d449d80f9c1,0.4517531635172506
7361d3b74a353484,0.4900538199335712
1e09dc2408887da8,0.496750818395732
7684a0752cfe2371,0.4716599631210562
5d26f3128dd37695,0.5194658876496951
3932a62e5099f32a,0.4669358591739894
ef4f1b6cc6071c3b,0.43320168612439935
a95d758da376ccef,0.436504341292166
e2b0a0e215197a8a,0.5165886916424831
906b1455416e497e,0.5335105167809124
55d4febcde5a852a,0.46152037408121904
33bea9b04f10ae7f,0.4009369931794733
dc4e40422452540c,0.518895770856304
dfa6654e8cd94278,0.5150071044052842
fe785dbc92f17e5e,0.5246028206309485
7b851a03bd724b68,0.4423963346780373
c4dbe7c22ba5b92a,0.4126533095551126
83d234fd080bb48e,0.5340004055899736
c033c676766a6b25,0.5185169268598281
1a24e98f7d3f2653,0.5234595126928063
3cf7f4c80fbb1575,0.5255535707711917
4a0a81a07bbe1889,0.5210499377252836
02ad8f180ad90009,0.5092611391133095
4044f1f45c0e6973,0.5252280296593044
91f0cb1f281cda55,0.49150608830457465
365d090419c5a61a,0.5290214802442528
70c09df0f130d806,0.5254279028878486
e21b1b29c163534e,0.5254967497886914
ad1e5ec3fb43492f,0.40595867252555284
778400e139de28a8,0.5187682736465359
9d4ce19c3e0c74bb,0.5249509609869694
994e635f6310f1db,0.484758940265402
b902f9ba860c5728,0.48332501979599807
047dea6d615f9c47,0.5358133239963682
80a18e50f250a25c,0.5262818217029478
2dd5d064a2c9d26f,0.45446745962614776
feb2d4f8bca1ccea,0.4847957894179158
ac6221bb91965521,0.5563182858615023
a14c4eafacb1650e,0.5519470571827545
4b56524037f3cfd4,0.4618351373499425
4f690b3cbd86457a,0.508517859126578
399c0584abef36b5,0.5356058072017484
bcb267806ce71d45,0.4661941568202248
21c23e506b38395d,0.5254674950031438
011d4e1c4e65eebd,0.504392145662792
1823e3afa7d700a5,0.4787747798660813
eb5d4bb89bc011a6,0.5136631756492049
2bf39925a4f9d55c,0.5120193196019942
13a754ba4afe45ab,0.46195262503596823
53c28e514764f01f,0.5077517362815593
1ddba725ec5079c0,0.5117733423711532
8907f54295cf636a,0.540933945845446
0c2ee6fa576ec6e1,0.4614709319996724
47408a6bbec2147c,0.45061343932653397
bd92332db2b5df88,0.4969968045000446
9f9b18156f054261,0.5189132833791015
63ca24c4a845ae44,0.4679541423479239
ff14a2f0cbfbd6c8,0.5090592353186206
1ea83d39ee6be541,0.4879242561666699
50eac42972c3a8fc,0.48291750353663687
9d59f46e594e6cba,0.5104373497286863
ae297021a3a4e9ff,0.47134867834601923
4b3f804a9339d639,0.4820125526065093
355b4a8f2cf7a0d4,0.4710505881943948
a0fc0cef25dc1677,0.5123004953379673
04219d6f7d431ab7,0.5175803515342543
7e7810d1f229121b,0.554676706782135
0989f0a56ddaf68b,0.46613465880936933
cd864c3331b83557,0.5297297020293185
d85ae5c0ae91a09a,0.5289307929996041
833ca4d54cb65622,0.5654987591602219
a6f921615352eba7,0.5214076031047782
59a54747c6cabfaa,0.5037372973922954
7f582f9d62b41d73,0.5338297283903799
bee273180c4533e5,0.3944308029985144
68c1c65c94271ca6,0.46842577282563413
e2d716b80fe6076c,0.4656550055115004
3c4139180c60bac6,0.5348363354579488
db98d10c8936a3fc,0.5347407646447552
a54031c30339f13d,0.5420220423469291
66f1e8c2bf412685,0.5042461196868111
cf7f9b4650988180,0.518416966140775
c0c960941c6124eb,0.5149234765165907
d1ff1fb4b9cb0c83,0.5050024152779419
6bc72f19e744e3fd,0.5333709745529154
b5765e065bdc3b96,0.48249804063573654
cc74e47fa6243b64,0.5100243197666274
121a17ba8eea0202,0.5000655619035952
f2790041ecf7081e,0.5450824022960841
176756086cddfea9,0.5004190544882748
32f1636dde054b22,0.45678692076579297
283cc21b363a8528,0.5003401314544339
e8c6b48c5be95635,0.5035538538166544
d05e2d7dfa852db8,0.46320389929739636
a256eb15dc2b3cb4,0.5318981471222657
4c1537f4ddd054bf,0.45949563427066653
998135323018ec18,0.44825242539305454
82e64e9e86ab3d23,0.427553862523227
797835f4d9fd3731,0.5230948636703706
e2d4efc8bc8a2627,0.5390397492339594
f5b9c23a0d389a1e,0.4602636133270316
6b6354fbeb70b406,0.41858393368723634
8e48d1b89ffb908d,0.5100656859898223
b4f7e879e3ec9ae8,0.510548530068613
216df07e8fd9640d,0.5361400377457675
49e2ab09e7a2634d,0.4405494348881809
fa0daaf7614c1c5f,0.4201171036062351
4082f8b453447f83,0.5317031140948856
fe113fe7fe3fc618,0.5251862157656791
2f196be4f485945b,0.529891893137543
dcff53a1ca5218f5,0.5197920209353
b4d9943ce57f7728,0.5155676372315328
f5222985bb534d7c,0.5068267474193296
8eb03dc5812670c1,0.5320513320408
093ef1d6fdcfc53e,0.48246716314682736
b5e8a3297e6cade9,0.5356987519409424
a2de6cb5d2ba850e,0.5198122901570239
603f9062f25e9f0b,0.515185775297555
8fc8ea7d39bd6476,0.42444092178193005
99d54e64d5a8b435,0.5173462910606202
57de00806e4d0747,0.5145532819673668
18701385637822d4,0.48742768580643103
21e037a9ad4aed12,0.48309115642215783
b93fff205df9cd1e,0.5307421968984991
910442243ab60863,0.5217003576985199
a0e97bb67d00aa5d,0.4615022938069192
121574b029c4a72f,0.47743815459570227
efc7c60343f9185c,0.5457145048324734
d3326a0652e4880a,0.5512387520215507
e947530ced089297,0.47232522882790495
153f17e9d4cbb8cb,0.5125605903789301
78439be805ace162,0.5522138498622695
eecf1f5a77c30768,0.46246924643001686
510efc8817c0abf6,0.5111371160318521
03b8527906ffafbf,0.5015431582170291
db5e28b31be5697e,0.48112076176759055
4428e95f9104e7ce,0.5003599629271116
20d7a6e7f5411256,0.5087773643314981
55f89c4e86a029b0,0.46545916880110016
7552f63c1db909fd,0.5157997719161547
c19bf336906ec8cc,0.5050693984399581
93eb658587bb7045,0.5396731794445718
e386474ae53f0409,0.46880278275661647
e871233b88324f8e,0.4515406273389363
c5a6ef75d206a6ba,0.5042514815497876
c32242a8eaf19bbb,0.5294932536628723
6549fb70e87eb2b3,0.47588489727920025
da79e17fbe9a954f,0.5080051002567336
384a2cddb0bc6212,0.48944980063666177
94cd6cedfe0fba1a,0.4877197266584392
64bd9a196729e433,0.5128040312518234
14e1ceef922d5e47,0.47644122924343646
6718c8fc43d01371,0.4947045278399793
68fa1cc8bb6222b8,0.4706963022168631
e21469062e13feef,0.5089238049938632
36c5757a7c0027e5,0.5143757990997554
f57855d08bd3660b,0.5556924773583866
02b3396d062604cb,0.4729097824183609
3f4fdd3132d0eb95,0.5272604419259626
9d3ae1c7320a25ae,0.5280747730767072
800a97c1baa00b7e,0.5694119436482116
589655e328a0d7d9,0.5203838497348638
5bcccccf81b30122,0.4801785818602695
7ed0d4fe33774a72,0.5493506117625655
c3e40c757bf31ef9,0.38628636977890085
dcab663646a9145a,0.47911350957604437
71ad8e9a9898bf83,0.46965709379502096
ed31f6e2ca00a1f9,0.5362148554472463
8205b1197f70be4c,0.5401099049091735
91bcc5779e03f120,0.5373579193707688
915debb087429ce6,0.5078201080706555
9724fba4e4cdfd02,0.4861775402772285
95eb5a03f7cf2e35,0.517317545444316
428a22adace0f345,0.5085887199383178
94e9ed402ff35524,0.5289452676007214
475f76f045f54ce5,0.4690349931430876
652c04db91b8a7d5,0.5078810854493903
3fb30d8c27546983,0.4977723274475613
6ad7dc8f10bbe927,0.5624452152110784
17ca8b6d86b75401,0.5030250505407745
fed186a743c9c13e,0.47134268149639325
49e17ebf94ebac13,0.49473570176581516
8fceb2030017b465,0.5029736101139075
9b0cd2a8aa67b305,0.45946779377857383
d60aadd46290e74f,0.5316494391196918
72525b8abf3f6db5,0.460347613572187
5d5801865f2bd853,0.4813764337559786
6947f16c265cf000,0.4346640410520919
1ba330d3fee1af47,0.5315978959736436
24593f865251c88a,0.5392732271024538
50f7efeec3ca566b,0.4686216972894707
8d06dcf9ce3e3241,0.41723459055803014
40abdd083e8d1330,0.5193681590407098
11dabdbbbb6500d9,0.5085602447979757
b76886db0f35bbb2,0.5090091105476893
37478d8cd10e6622,0.46287721459121733
94c7232c701a41b4,0.42458267542929473
6a7d003b0c5312ab,0.5239938196180155
53a52f1a929a0cc4,0.5160466578975105
d49f258e0cb51209,0.5285974190516712
9291645c886c6980,0.5193552078518833
ce7259dbd1132a08,0.5194057096420946
2d4b1f311b4ed0e1,0.5162212228340681
cc787ce09105c880,0.5275474941751849
60d1287cb993eaa7,0.48564419733279185
e0f2f0c462f82447,0.548970081063481
55804b2ed42fa506,0.5192883129955066
5547a52912f81348,0.5174025037176198
c8989a161bf19d60,0.41895300858566653
b97c0c90e21ec596,0.515305341060937
d607185eeb8148d0,0.5155559980692455
c542e9e3943425c9,0.4944219215543677
05511bbb6c3630ea,0.48155562486423964
44ef83c6270d5d8c,0.5283903716781708
f2a273d84c7467d6,0.5212669719214742
50eb5df942ac47ff,0.4673191190525531
a7a5a7f9b63dab3a,0.4919931789784935
9f876da041856684,0.537337085932956
3779e08a699e31e1,0.5485240236533275
051e1b63befc7814,0.479394782078321
e9b3c6931bbc808d,0.5197946257883638
0da01b50cd666bf9,0.5495487954630509
bcf6e20ec60f1c7c,0.4579819464688193
48671780ebe16022,0.5159268647618851
49d77c43dfd3fbdc,0.4983418405576887
ff96ec7f723297ba,0.47743712267841143
3a6202591c5b0cdc,0.49988407262456014
8df14b51c4f06ca3,0.5137430425159121
b42f7a6c07b1da8a,0.4583442198399166
7547381aa5253dcb,0.5150143254118338
ebd003e5d140a0e6,0.5041932612206994
def9f3d05cf5dc52,0.505001037394536
7346eab2b80d8042,0.48680775990179437
f9e5cb2ba1bad626,0.45108975662235906
25a82ba06bc73dda,0.5027357021582295
32d36f9e619d8c13,0.5194577964150375
2772f4423069a944,0.4762799763294162
2e51079da5079f1d,0.4999358008590271
221362d38f06d1f5,0.48825731249232174
7a54f8913835c644,0.47811360198959085
c3485ec1175a43b1,0.5156543372695768
1ee5c20c061c0d12,0.4791132441807169
8f6207f1550f0874,0.4980986540995558
4d8bed407689ca76,0.4721580809236342
5827c2a02ccadcdd,0.5149325214993088
f8f7f517c4b414b4,0.5197020794636074
e36f02f12f93778d,0.5489869006557292
862fa4bed2976b7f,0.4685323083844525
1cb33bb5c76a8326,0.5370262483365624
58091f12d0e2131c,0.5301496368497816
45270d2dbf3fa005,0.5657219568336614
bbaba4b8b8b60657,0.5299443907957397
cdbf99fb2a0f92bd,0.4831442828875714
e75ef36c48691b1f,0.5517573970196473
34baa835bfa19598,0.38792570919670466
df4424823db4fe21,0.48073089642808275
b3a1866721e275e8,0.47292646517975534
1b1ee0239015e877,0.5276684507921572
02e5bb7181f7f4d2,0.5370070830619341
e5a917bde5c40224,0.5572889319233028
ab8af2fe451d81e1,0.5196129192305887
6ee9b391c56b6b00,0.49746758301757177
a05aece5b110a097,0.5170716850534178
c96dcefbad6dccf9,0.4997941613896886
62b29029f0f001f4,0.5297024139392974
3b94b8554994f8d7,0.4652872015073608
86b0e94cfed59f64,0.5092593995765793
8d19ea1531aedb23,0.48282313987086645
f727a0ff9746b3d2,0.5608960208706231
290348020acb2dc4,0.48873885167395836
505d12a262a70c4b,0.46960259498268464
8f10049b44e72307,0.49180955220203726
ac39b9771a589d2d,0.507094626161153
dfdefb5c7efbda9e,0.4666737950144896
a14ed65ef9260b19,0.5096348044387196
ae0f2e91faa732ff,0.4565423689230297
b17fe521c5248052,0.46899097968687864
c939c67e9dd6ed2f,0.4345625536828761
65c978ae24d05841,0.5240339219955081
dc74b5599e78fb8f,0.5226426206356044
3c16790d2c6485be,0.46307704521218207
04f320a771642d79,0.40609046840661756
5e9528e4f0a9a4b4,0.5290530088834131
40c39724d5841663,0.5088321217826335
398e049ca060b6d7,0.5122603209665598
1ac3edb0b0ef0d61,0.4611680456579841
3dbd2f03de89c1fa,0.42190488423091654
dd6b01220e06a98f,0.5177196782035213
e58e3b11eefbdce3,0.5140431317493027
0b985c25c9b2e4c6,0.5235712031606643
f8e92728eaba02ed,0.5183581958628276
13a8b6b81c445b95,0.5283332179413669
d0c88d5481f51ad7,0.5140513957750535
7f4b468832c25314,0.542582874338418
7d0a0e4966408d18,0.49656738078378926
5c2955c5863439bf,0.5488793960106171
9932a57d3fceb0a6,0.5171930194085792
8e7cf224ab5fefb3,0.5239878819774411
38918b150672feda,0.4223693587417514
42bb0e48718ebb08,0.512551124457286
2c8969f7f14624b0,0.5041663385051003
316dafab4a091b61,0.48531972484923913
bfdc54339bc49f5d,0.48232143135119177
a910a8a2f098f960,0.5275988931855911
fad180a7052ba31a,0.5375635456829158
74410af293f7d2e9,0.4741294198641668
0e67af2b6549af94,0.5106659120478734
13ed1b2cec1357b3,0.5205998129380811
025b175e96414c65,0.5358316668517262
f50039e7e1238d5d,0.48723601923784665
526e3e77c6e01d5a,0.5181646775732707
4e71165e5aeb65a3,0.5475273300694128
4d59498672aead51,0.47273903490034574
00eb96cf8b936b47,0.5029277254056931
3787e71db418e136,0.4963193579085743
8fe3702f6ae32694,0.4747836090038564
44febe1d802a331a,0.4915345293952412
7572d099c4e56738,0.5132302553283354
c5ec24b418eb7c54,0.4581779046476818
b98bb956092603f8,0.5153532121325626
ebfdfe91dfe34350,0.4964284258456606
f15e76d6f1373e32,0.508566748504212
0c156d0de16d604d,0.47830915803132634
85a8281f9e5c7e5e,0.4601421571391845
29a182642a50e506,0.5044873210547446
39ac586b1d2c577f,0.5110358986641437
34fcb7d73f43d527,0.46617177574852575
470901f747e613f9,0.5027701487245225
9d24372d82e3441a,0.48740296973594543
6d6a1557445ad38e,0.4688466302855627
086fc8adec4c7c80,0.51241166799437
cc7a0d9b27524686,0.4837100530377917
23dcae7eafd92c82,0.5024744335802023
f6b894fee4770eca,0.4734683932618331
522d33466147895d,0.5356175655709018
b7b023822a14440d,0.522606551147792
1d67e5695e97d6cb,0.5418298354724665
deeb2d1d9f2fe29d,0.47322440423221956
0d75a52e84db9bcb,0.5286660166201668
0429d04a9e24a606,0.526468734925003
1d40ffc377eb23b1,0.5662892277912934
8902835125be9487,0.5199002417432642
490b67e30bde007f,0.48570500181394105
12141a96e3842517,0.5567222540594619
40d4223decaf210c,0.394665400844741
b9126d98982870a7,0.4777055569710773
034dde7e49c737d0,0.4644759923424825
0b06d4d1eecfdf43,0.5269406778974149
3ef1a0f1782c63bd,0.5232441364986993
3172019313581b30,0.5485714644122182
cdda8127a95f2215,0.5294213164775085
ace5dfcb72b89bfb,0.49623394378896113
5dc4462d2a1f0143,0.5157715744268578
6f6e57f9e596dbcb,0.5023866441199283
8b8d2c5cb15fcff3,0.5348849708931364
f73f27acb3c07f50,0.4792343508535879
9628bea44e1751e9,0.5249168229879244
5c5144027c2669d9,0.48207094961148855
b197ed694829b244,0.565560611685882
be7676fe238e1e94,0.4831466663012324
4b894b8e06e9514d,0.4668239016862006
7cba71f2e370c080,0.49021982271150844
e29da9b10e43c63d,0.4934338645752291
1dad626a83c46b38,0.4520339414088852
65bf4429b11f8426,0.49152131067927063
9ce985802c03fa71,0.4449336119496561
34b02fc669fa9f52,0.46106649826215673
cb68ad9a544f308a,0.42368102676472297
cba3cd5f6caf425e,0.5179314237148519
b80d46b53c9065b0,0.520883697279724
74f473b30725ec8b,0.44692360505382167
65d36a09edc4f85d,0.4247258649146136
d083898263464c24,0.5326215543156534
52b730354bd9f0a0,0.5246971668768836
fecfd76b5b5af4a7,0.5119694021229739
c13a7d6455e5ff1d,0.461329223195754
6a3f8fc49649e233,0.4425269546852607
a964376bbdff06f4,0.511908004367525
b1484a45c9183401,0.5090162060990632
0c736c54a7561148,0.5379712469364716
f681518f48fcd005,0.5276088184152287
c83b9c2ac29fe4f1,0.5292527423085568
2a1f9fef10c997bf,0.514292498799267
97aa6af89aca6ea8,0.5410875792832176
a2343769612785fd,0.5034359918661772
1410802d7e1a9c75,0.5523479802951541
bf4c60699d330f28,0.5367592537038091
7c33c36590d7fbde,0.5137870246152935
666c5ed0ebb7b636,0.42215179545252757
fd6324413acd3678,0.5290975553332053
d1d52132b55a5f7b,0.5064495527579038
de727da878c8d661,0.49654562615315745
d23c9e2de50b58db,0.494906021365799
8d2554af31613680,0.5338687363299692
e662bd31c8b15ba0,0.534537788884826
55de3c7ac7a7e5e5,0.47265908843709314
2db22af92f23b0c5,0.5152246295662251
95c1a1a52b428caa,0.5235940782828475
25c527535050b28f,0.5421699602077378
217b55510ac22395,0.47971085473895914
062af05138156790,0.5086565175890615
36e76d7e14ea7360,0.5439591331447993
bd79767018e6ab66,0.474763043398446
eb4854f397d6fa58,0.508288322263823
0bc1850251b4eb70,0.4913045786063701
31ed4d4bfddab7e8,0.4744216544641241
67d52700911a4aa0,0.4963384186607924
617baa22c5c9276e,0.5148386739531684
e1397cc647ad48ae,0.45401900865584355
b5a54f41b72dd1c9,0.5257370583877197
4f522c13562fb77f,0.49376731557812337
61d8cc2f2de2679d,0.5166730091723883
0bbc290b78970a94,0.4709515866773457
c31ae77196232ccd,0.4614657689904391
bebead0663e822d5,0.49714414908674687
3346dd14a9dbfd92,0.5185378741705684
a2d4a6c704d7ab3b,0.47282493005402293
190742bcf4b6b3ae,0.4894121399489689
0653ec8c1e89039a,0.4960962577243402
74eabe7e6ab99288,0.4740523416602246
f8e58a212fc484c6,0.522632261650805
e0a5096af2032dcb,0.49895424412128564
03de4c97f98bf34f,0.5021672277344416
77c4f91290b2b589,0.4858349475563727
b33580b9d1b72513,0.5037876838870523
b4db231be564697f,0.5201528629298577
5d4b7f5a7e1fb3cb,0.5260909628596329
a4532755dde9a148,0.47754465358275267
901bc9c22541e49c,0.5228421004127346
1026c2e2f7271edc,0.5161898955530275
d4ad35ccba393666,0.555669953696533
93061b4641058d8c,0.5101884851638948
45c1e2932c4cbf25,0.4842708928412254
f875aa16bed2a81d,0.5362056516227656
581b56af9ada9a7a,0.3993294012711469
61fd0d5f981d1776,0.4835942276139753
e99572dad4842e8f,0.46870137892404706
3fa86c55e5cc8cfa,0.5384388383879903
b418fa34eaa0bc6e,0.5235802272169328
5f1450549233cfa6,0.5511170980809228
820aabcc94a2fc23,0.5233311291089686
7c8fcd4c53c91ca7,0.4953788202434328
a4b9e0784d68a336,0.514429167941539
4a26a172b734eb80,0.4898772903233811
355d1fdba68fb8d4,0.5338141941894093
99248f4e176da847,0.4822646654841548
f126bd144a4e2f6a,0.5308949933168177
856d451b33f42492,0.4854423687232098
efe568538373679b,0.5548117257150947
31235753d154a1a6,0.4741071700679438
b1c8524976b8aa41,0.46041208390721877
2c01d53175708aca,0.4921349636135064
1f1d578f6cc582c3,0.4796870385662104
32258d4b1c338872,0.4631734743822893
7d798bbb482958ac,0.48998686741702246
4f7ebb8a372ed5e5,0.45033055107506537
ab8182bb352820ea,0.45920381600173354
2bcc0f46d61c0d6f,0.4275416274834999
fd295f61906f4767,0.5163548506626587
bc5f76bfcab5afea,0.5232823021081526
2f6fd829779228e8,0.44742606903362814
9a87b7db7d43fd9b,0.43862134493440086
a70fa3d2b8218efe,0.5323599631544216
70df8078b6c40f31,0.5181859623753553
dfef9728857d2a10,0.5070104388298374
a35cadcd78667786,0.4584846637743447
935884c0b185a5ed,0.4382830453491595
47b3ad9a53d0d2ed,0.5014266119501307
5e6208f57fb1f113,0.5152884434200782
c3da04f2fced0f35,0.5366753938868487
d07b69c8e12ce307,0.5300888805210864
c1b3ab78b0aeb433,0.5205458720127096
f6473890ef55352b,0.5140753103993128
c700be6d4e6d89a2,0.5497329626348906
d08aa6078a04cb84,0.49846014165826436
5e035e940bf84a38,0.5491032967548535
92459deb63dc5ee4,0.5528222955234006
db9e9b89a7eede84,0.5112375522196508
99bb6dd672099c17,0.42114494291667026
456ce050eab1abdd,0.5324705935919551
ab52c949de38c2f4,0.5105813253281417
714e98ace7aa8d15,0.5008764740116465
f6d29be079ad84ad,0.4940286000213272
45ce188080368bbe,0.5347195706076948
36aa52b02fd8e835,0.5353767909539426
d64fc65a3e5feea0,0.47719954691623967
16d101b1c67d9feb,0.5170888919301512
0e4c457c9f4ee47d,0.5295088922028768
dba1e559935b5bb8,0.5484585219821864
abbe7a36054f43d4,0.4872272958776157
b513166a2c373f07,0.5151199446549655
29b060a0f56a1bd3,0.5313894120071476
35a867c5180155ef,0.4803389510624728
d9274f1d3d640e0d,0.49631718605569763
a5a36b71983f1c8d,0.48991880692269385
c3bed538e770d14b,0.45944687657450645
1aa2ba006f5b074b,0.5033586510080534
11202262e31b1b17,0.5178595612360917
a9e383cc9c35304c,0.4601782386693416
b1135e8fca78ebd9,0.5215347017201468
763a65b37289c532,0.4923334519568261
a227affe086bc748,0.5088310238281912
a06b1e8320c65aef,0.46316102024488637
7cc6f8f6f8206d64,0.4575070626352349
0041a952b79746a4,0.5008908953806512
0e4e43b71ff0b76e,0.5128881122543401
d6ff6c9a304bc369,0.47529373896861127
251801b5b41b9eaa,0.5026852794879962
9964c0d327e5b479,0.49360641291513463
6f445b1da52f1197,0.4742796708393552
6658d4c68cfcc78c,0.5137099156027882
23a411e06564933e,0.49675970559926275
c925c172ffbf4b47,0.4937715027742974
c460cf6a96304ef4,0.49025358520807394
f991c77c29dea5a6,0.5210859944460466
40ef43142a44171d,0.5184517206728768
748217b0d8ab6ce9,0.5290061073646424
44adf70d3f955035,0.47174240649549803
e3ab5676d31ad9d3,0.5228713488599879
1be69d6d3eb45815,0.5216709139005915
5ff34feaa0815c82,0.5509642146065996
6b4168e767499491,0.5039118155573405
523db477c2bf80a3,0.4834528294676018
3b7866f6ababad80,0.5431162662664959
4568455157e1f72a,0.3972421572464796
f280a3939eb472a4,0.48969604438556225
21b945846e41731b,0.45904502741682385
14d89f7b5d66c6fa,0.5434777027867964
53a49691293339d8,0.5284211505386935
f528063ca0fa0bfe,0.5489092128550849
49b7a72d827b1ab2,0.5231517093087259
9559278ccc8577ac,0.5026958353881286
dcd14279119b3a22,0.5171687700519789
96d741f58dfcb315,0.49798958596414067
1dd266cefa073ba7,0.5397826601173266
b914e9baf054fd54,0.467228356508422
508f86c9526ad244,0.5287105955529792
e2dbde5df8e9a23b,0.4883063001265796
5fc0c04dc16b0ff1,0.5570749408397542
7f700cc1389afb37,0.5009018204396636
03cef2a5167b6c4a,0.45926752977327023
a395706902a55c99,0.5091604355671726
3d2e4b72b6aefc7a,0.4962857827175563
e0b1aebeafeafa66,0.45649434509849673
042b6a3bc70c3ed7,0.4908560460763365
c816963f3d138c7d,0.44630828420932356
bdefd86801ef8a01,0.449170960253682
6c5bf8880854e286,0.4317782920793346
0f0bedd0c233120d,0.5278844669058116
e94d091db0ff58c3,0.5314904469047994
a89eb927a997f464,0.45829065258325374
4ef42891f64f0454,0.4297268355605566
e3932ac7b388dcb7,0.5247062653654151
5e5bf61ff0309a51,0.514421641893211
1a8f5f355c511879,0.5137361573804304
294676bd77d644bc,0.4587264787416302
725746a23657887e,0.44439233090941577
1d47bc134187956f,0.5149140652976654
3d606294d46dec81,0.505510002196103
82869904472c5d0c,0.5264399878000685
40146b8f81e433fe,0.5005019656938463
7b2c55d206c4cacd,0.49856736061516305
bca8ffd7e66d4461,0.5040801014435944
6cad124b900b010a,0.525541729041961
293150da213760b4,0.48403404540055583
bd135bf4538f4625,0.5271072844692533
77fb84bde2580214,0.5450623339750914
1bc7a35a0aaa5e7d,0.5128326965174999
c752f2705f22b7ff,0.4006539962407537
7278e3602ee8e5f4,0.5353759474010009
77a979d84e057819,0.5262672253360885
9407a0ac34b89bb9,0.5123341519163013
6a1045dabb0ffbba,0.5095006874974121
ffab4d9463ce3a4e,0.550240129989032
deca16942aae771a,0.5313500892884893
8a3eb50b37b2cea3,0.4626192995596784
4edce3240ffc22e6,0.49632828134047635
8788bafd66ab3c25,0.5281607204026241
39803b9d93bff1e4,0.5113891243390243
5b0d436507c71294,0.47879166212751334
afdb6e0d539b7608,0.5017206499031519
1922a05e3817754f,0.5385037824035929
ed75843bd8cc71c9,0.4699722124564879
3fb4533c863c8c93,0.5153522420986774
a12847a9465b105d,0.4990992334457677
23edcc7689f26c56,0.47328963769085275
34ea304c7357747f,0.4982730594605149
9e58e1c6835a76d9,0.5128566505680985
14ccd84d48ac9a34,0.46871792125814793
62be374837547fb3,0.5266635159321429
e1d52cbf22e62c15,0.5151142920936639
5292c3aaac8096fc,0.5197026290441537
812bfb34b85bd24e,0.46937566705422895
44f530e7483b337a,0.4766411337936147
e3e79502ea08f1b7,0.5224027083442648
0b77761a6a349cdf,0.5282561427337479
6a18ddd1133cfee2,0.48042144357698713
49797a874fc89f41,0.5001232903789486
1d3f75f4bb506701,0.49837997764018727
82ee0e069eaa821e,0.4674442732795858
4902c10bb70530b0,0.5251705866819414
7bf96dd42f1e2fae,0.5088763753011982
b1c31580fb81e118,0.4917711461098784
21d952bad5fa8efd,0.4657754269110308
5ee753e060be4190,0.5126192372052676
ca79d8edcde083e2,0.5358581644977911
08589a5672e035df,0.534716403005005
7a4bcde943cd1876,0.47443197863573827
236e66f985d61697,0.5142424436091175
ddb230279ee340fb,0.5068521371979761
39de0e31041b942e,0.5469453753013447
76cf81b7414e3924,0.4968152912163293
00b5989f24722f1c,0.4953338119749746
a150f7355fb3fa9f,0.5383231566889236
8324285f0fe8879f,0.38950883062328157
6e6393d99e384828,0.4845266707052883
a553642c9a880ddc,0.4560267612340694
3880bdbc3f5286bf,0.5463584639185435
44d826af7641c2d8,0.5236961223593088
38d330ae5d8effd3,0.5479124868506229
f4f78ca3b6cd98f6,0.5180514132842853
b742ee7f51657a9a,0.5021279047648991
dacf8aad91248ab5,0.5135321803537338
1bb459b8a7a99b0b,0.49053743245755543
08b2c6cc20672835,0.5347115849170027
ffad54b152971ac4,0.4720517022484272
aff15b4a09ac25a1,0.5189310252610103
fcfbc0d81cb15494,0.49087217170264485
b02f33d24257fb84,0.5609584565648265
e4e073018cb947c7,0.5011620167985756
7394b9c2adb5954a,0.45949010712736826
d17eaf2833f1de8e,0.509269884799002
511bfd97a1307c34,0.4974030479506628
0146a60991873aba,0.4660433916821549
7e1e8235160e2315,0.49110268191469975
f2e9b28ab8ef75a1,0.44535973053965394
e83e7bb1822fb382,0.44925483898168384
258d3f0f38628245,0.4283249895769129
87fb27baefd1a983,0.5220476942803497
bd212d76d0e061e2,0.527780005744741
77df2efaa7aa915f,0.4488518945323926
261a2044a8d81942,0.4253558279469406
73a65e5c52981999,0.5263802527057717
d717cabc55de733f,0.5124332837369187
5026c324f17fa101,0.5130398739776387
478a4dab42103408,0.45953270438308425
149218de1d5d891a,0.4431813647403233
f92a5602c63847cf,0.515367311023348
c451a1e84f32419d,0.5045019852388237
3b9b5ebadbb2d800,0.5210552768496712
80bf4f99400be488,0.49942417446612386
ebb8958b457086c7,0.49963354588130837
90f04932a792f8c3,0.5019424061496884
85b2d2ae5ceee523,0.5303009307555786
abe2e25531395cc6,0.4861425397847603
9fb5cc877fd985c4,0.5245535971983515
d93f9899a48563dd,0.544906225269679
6a8e7fb2748f9dc9,0.5161573744607666
766a50bc54da01ac,0.38647688919718204
4d7370371cfa0fdc,0.5412312118455902
d6c1315df56087e4,0.5201606365546477
c4970ed5ab91296e,0.5142444344908332
12f85f601e6376c9,0.4968698001813443
30f2ec5c6818750b,0.5513520626443495
e997d1ac8766c101,0.530619785667843
7f679da3333649a4,0.462057534714306
0d8e5a2ca45ae22c,0.48871380590638414
c34596761d1369ff,0.5346459194265967
44059cb6bd8b19b4,0.5158455408370919
bcf4ffa9be0886ac,0.47886665290168706
dafbba544237e6c6,0.5004915695871021
ed64746d0466dc3b,0.538804224789339
73df4e68f4c94dd0,0.4734810287629285
ffd798ed73fcffa6,0.5164349249820464
0157df4fd5605453,0.4960088383636433
e461f1f86a694811,0.477786216341628
348d6bcf10494447,0.4994572735890944
a2732c95d4f1973f,0.5128190829290772
2810515869dec589,0.471803134368571
362081f3f3890564,0.5301929417176678
426dd50c6555f30a,0.5038930231633154
f96084a41dbd900a,0.5269710526057267
a1e2f8738db60ac3,0.46522789289646926
902460723616be71,0.4732823159046865
48dad7f768bfeb09,0.5259860366014719
7807e20c51d8ad2b,0.527478897642002
6f51da070060899b,0.4733844343290694
768b0bbbbfe0dfd8,0.49813307772402515
cf13fd53b50be930,0.49484927673335166
df64220bb8c86c62,0.4569838988137668
3eaf7cf9f9bc4cbe,0.5348339516695652
5783e1123072dd31,0.512479730191697
6c4e9f6feab6c947,0.4886627759472775
ad5e571632792eb8,0.46835795362938626
55446c231f906703,0.5178764154997801
62d585d96cd075bc,0.5317738249208812
92aeb1d38f0fb9fb,0.536240924305787
ce71c484dd848e76,0.4737978026830747
9d101b6c0a7f6633,0.5308826383042851
31b5b899ac98845c,0.5116538467103549
090eca315c265ef0,0.5411384658692977
ceca343319095f00,0.4998075258018708
08fb48c5269dd38a,0.4932000934642532
c657656739286012,0.5348069440884633
51a25ae3a36b1029,0.399238580284174
520bc1db56e0842c,0.48687990586571095
92a9761ca439a162,0.458929711778681
06cb033540a26533,0.5403773734923336
09e12b5ce6be5024,0.5230585275126209
1315c0bd5949e9d5,0.5510201107280037
0af3882014b41f89,0.51914945943598
4bbfaec98042f4f2,0.49358266769687176
e2b6b0f5c1ff121b,0.5142347782598156
6673baa027d72dc0,0.4891225534284249
4e64f9c4c6ce969a,0.5385722930597558
fe175e14c2653ff1,0.4756550232014871
543b1152a2b2cebf,0.5168589594913924
285a60b4d8171e8d,0.49314995412229523
385ba91b8c643725,0.5706010763134803
e3a85b76ef9904c5,0.49638972839818907
92d8cec062eeb90e,0.4510387674168249
f3a0375bd6df8ce9,0.5018130823941657
faeb5d12d3f00824,0.5096388254983947
f08820c0a42deffe,0.4695424780814743
3a816a3f41c778ed,0.4858774845291244
b43e8d80ad370cb7,0.45295225144984763
6bba9b39a0c864b6,0.4570214061025766
1d6ea30aac0c75cf,0.43894548781404885
a9276b288d991704,0.516548667114197
7dc2d840eeacd7b2,0.5268299359613342
d01ad99247c4f439,0.45729550423837484
6c98c4645419bae4,0.41629781576482827
da77df458753127a,0.5219504058862576
1262b2446d727747,0.5154909867071678
040cbee7e9bce27c,0.5024486980793013
547a65db4abddfc8,0.45872845152732533
0456843dcc6e2103,0.4459627672673493
827a2e2c4e393fb8,0.5145152533716429
b70deb2e2bec673b,0.5071299281923818
4d6de3e409deedc0,0.5424730103345072
508217172acc7dd0,0.5232154311989521
e52c56ab32eb153a,0.5079272993726702
a7654db4fed43b21,0.5084698492908102
9fc154f2b9e708e2,0.5341679003367503
f5a974be43c8234c,0.4935784163836754
44389f8641f755da,0.5329207597217056
361edaf91e71a0cd,0.5272047223208418
89ad533a4bc4c32d,0.5203515075576541
be82a3822e5c96ee,0.4029817375408311
702aaafc85934a8a,0.5340554851361153
a6510b3c4b12ab32,0.5289037815188437
b04063751ff53804,0.5125578989963417
3387fe0bba39f8af,0.511381261638113
cf0cdf281b27f509,0.5521368246958276
27175e11f8f38bce,0.5291075612224072
e0aba69fa7bfdab5,0.4599675381257431
f19892c71c3a0ad7,0.5003113095368373
ace64eedbd8483f1,0.5334933407938813
326fc053b8c3d452,0.5185243482920515
61fca95b1c2b3e41,0.4858216954043135
e9ace09a478369ab,0.5044435931025534
5a3131a960818574,0.5227470889298593
0d0163e7a0c55b1a,0.47370593813266426
d296cf5da9b9a764,0.5080924716469677
d2784866d6652981,0.49911685947188034
97960ef41db8b18b,0.47974257674860454
684bc834bd079587,0.5028494481714201
5d3f05c3be5c204d,0.5097487565258623
e0d44d8a0d04c791,0.4700024524582441
1caaa75c476fa98e,0.5232992413083353
50b8ce4055dbd7ed,0.4976696732722006
66708805a4c86727,0.5100323812815832
8b84b21347e2df31,0.4569401901010237
167fca9bb1888e4c,0.46545992558826366
ccf9cba6957ba4b3,0.529216878152426
35023dca1481c3c0,0.5277284736201299
39b8dd855445fbf9,0.47848847829562646
6244e24551613896,0.4970117643657973
9d3d881f143bc950,0.49904948798499604
9a162917354e9092,0.46539079632389535
9814a20ccf6a172c,0.54015892413028
5f8e21f454baad0b,0.5119727406623079
d6eef8bf7ae92b3b,0.4887251998955884
c5d8b5501be5c836,0.4714700774890551
13fc03e68752b9a1,0.5165525037818455
e9f3a9856e26e18d,0.5301048724478951
572419e34cd8c297,0.5288328261289857
ab24c527f655ed90,0.4834884027334113
c74729b5e674ffde,0.5295323077931391
794b214e10a18b0f,0.5104970755705364
6ea2739c2478e056,0.5413168832399562
93a503a1aade76cc,0.5143722091119478
379bf5877d6fe3f6,0.4946039059960221
8db99802d9ae8ff0,0.5337813726415104
802037e8b04388a6,0.3968688938524283
cc72d013af9e39aa,0.48309434946461993
fd9d86fb11c2fe1a,0.45647126149752104
3709edbce7dc5953,0.5160922395267344
53eec2b5bb4b0b3d,0.5202644879890724
853a5938e0aed273,0.554105762761459
35d8e1036d4b765c,0.519321103659597
c539206ef4856d9b,0.5072227689723993
776cad6c5607bc38,0.5180621583449831
95e4629266ec5b8b,0.5005801270889472
a7af840272b2366e,0.5449564338447255
4d9809064c0e75ed,0.4746839298600928
879fc40789a13d6a,0.5186976874059441
381bb58e23c3cf72,0.47491767298639487
13833454e6ec849e,0.5752269311025544
c0bdc6377931949d,0.4897162342462852
313a80355c292d22,0.45272005074439436
d6ea4b772f7159d4,0.4872470724808202
de0f5b5e3d5bdd2b,0.4865641952909101
66bab8c821eaa2a0,0.4678723244462579
4db07dd4aec80456,0.48113094381224397
d721c2476cffafae,0.4559676319348921
f44bdec7e6987dd1,0.4660128796934735
958949dc79c376d8,0.4293857795172653
3ebd7e1c9c16c1f8,0.5208251915572409
6c9d26c1313b50cc,0.5274464324876883
6f405c8d7085a6ed,0.45774592189884955
f350454a4933159f,0.4153347838702792
9bed11bba5b4b2d2,0.5280702278517919
70c90965fc2a60af,0.5165586814391588
a1434a360ba66617,0.49858538422552034
0c8559ebb878f5ec,0.47172496653360096
eabea6424800c24d,0.4285062812085898
d6191b07572d3290,0.508306513390359
4218f3d99de1ab5d,0.5090044383199358
ccabbc72ae023eb7,0.5387077215704874
be92c6060354860c,0.5267954369953194
09ad00d9105fc666,0.508804085264355
b4192fef7b053c17,0.5151179516215795
d2c53a75c627adb3,0.5211687681839752
4c93e6c2bb223136,0.5013796076641187
6325b8213d14edd7,0.5348373116343306
430c2374b2e274fa,0.5342400086126146
9f8bb0d2a390e963,0.5202749262269594
c8c5b4829259a61a,0.40039429011774563
dd82da9f532898ef,0.5119856441251989
5d189d2c0735b391,0.5177539618708717
88ede095c9909190,0.5136892289219506
dafc3f19362f6f24,0.5106038708911415
31f24a6e731114f3,0.5419225189959048
f982c244a6db4183,0.5376167891872268
cf59725cb4464480,0.4660920239670344
e2d89fde40dbbd44,0.505963552147706
a805941c00cccd06,0.524811223995145
d2fccfd91cfac4e6,0.5151659630292842
c0289022c6fa4c86,0.4822936619660756
bd9192a60bb8e62c,0.49749588992209604
3dd64234101bc034,0.5262373874268986
6768e19882aee2b7,0.4718644076245775
b1a4be835e397fee,0.5180053729861065
cb0041daf7c156da,0.5003075623284636
419c9d9798db25bc,0.47384318949568727
b71a3c65e114e0ec,0.5049311387881219
3b459a065aa6a9d1,0.5073325387034977
9379b0d7bc57946b,0.46728172727408
8d5add7121bca59d,0.5202618204595985
8add212ae60c8213,0.49582507238961115
83ae9b760dc73748,0.5097891473296716
57ed24aeded4362f,0.4686171098192242
7d2369a2903c30ee,0.47214208070509367
b77ea347b42b6633,0.526083286116985
afacce49f628025c,0.5327913737912069
d33898ee7117bd7d,0.47902456620822953
5663f93ad7d36571,0.5114891118825378
0a2426685ec62d4e,0.49056557183277405
7e3080da095df481,0.4701466221156052
3dde7b3004604717,0.5371957338841646
ce546c514e802ab6,0.5071029256758992
fe51ba61e8d33d91,0.4928229474462482
fe8995ab5608a503,0.4823293107425046
417d06c8d0728cb0,0.5257997635580632
f986b27a636df835,0.5295775880495062
193f49a4f7a5f65d,0.5274436680671217
76e1d0ee9088ae0d,0.47575894728879475
04815d02496229ef,0.5252070022648123
0e6c7983a7b26d02,0.5049410847867215
f828ac5fbfbdfcac,0.5390664706240533
de710c86fa21ab5c,0.5255562631835398
98814b1fb8cd943d,0.48982622866197145
e1ac105baec3ef4a,0.5357208273655527
0869ee3da9d2ee00,0.4004742172468252
dd8111422ddea5d0,0.48357571594062687
a557d0ead5d765d4,0.47137192232525127
af7c7f8e8f4f8020,0.524866950256827
5e553e9216735abf,0.519239375711452
f21ebd7c0cfcd4ad,0.5606666000334497
632f9a622a7c5f31,0.5192981186461785
5d6b5ac4a457fe97,0.5030765752857971
92d9601127573646,0.5210040148736103
b1d18772fc47076d,0.4929820884301408
bed9e2e016317dc3,0.5395296129913023
e09799ed3bff4da7,0.48671837460670686
016801bb2a2f4cfa,0.5232451180705395
3f872c646a17dc29,0.4767167286948837
0a589720ee785c90,0.5749043583395427
45933b790ae6bced,0.4848615160414569
dba0faf4ff31cdde,0.4470219754488366
b92782c7a8f00083,0.4871824188167846
6c043092e889aa99,0.5032318564799935
1c4b6b8f5f5afd2e,0.4850107635496934
1d286d11ac1c6848,0.47657851804038964
0468a14a5934283c,0.4533828962907229
8482c1791d103348,0.47083475135651764
53801cd46fecaa74,0.4205289403691873
bc14048c3fdb013c,0.5123462975061003
f18809eb869f5b27,0.5109434671551274
47321652124a9b11,0.440440600577116
94dbfeb630c61ba3,0.4058872016835662
be475d34e99a2e4c,0.5335684790674784
6e2c1f6c44ecf592,0.5154405024994275
5c98a4ccd8c456d2,0.4910064249469712
abdc66fbca970622,0.44940549303676613
7f33daef1d99bb41,0.42039576006611334
2d90065196d39b97,0.5066291606385798
a44a729442d5eedc,0.5204965685124292
980775450d4dc6b3,0.5450731131747601
e3a612bf2cc76cd1,0.5473586760257483
3429ef59141b443b,0.5321331277454255
d891bf8803e22d0c,0.5271549680238532
fe2512f4600be514,0.5419898104581817
46cb513bf624a24b,0.4999387859402822
334038342e33cdfa,0.5526668420785417
d3e024e28d042048,0.5518585770572382
030b5f5ddd99f765,0.5250588983385172
11d9ee83515a9147,0.4088748009905485
417526ee439e629e,0.5011948384633786
23e46c8446ed6caa,0.5181997023386461
e5991478163214fd,0.5065228496560846
5a7afe5977219db4,0.5008623857087684
f21656ed4fd7b0d6,0.5385384966455209
4b1dac023f2a5834,0.5350769326084734
733ea4a0d53ce24c,0.472767696374892
aacde0ed7d55b298,0.5175481691804773
956f4533d0a6bbec,0.5216248532096452
660086f502675b22,0.5035697082053439
82547c3e9e855e94,0.47725550035381104
7d48cc5d91ccf68b,0.5033541650178055
56b23d79e04e1ac0,0.5062214202574913
0e1e7050860065f0,0.46815271061649444
83fd8a70dc3e751e,0.511430530825743
bdb764e3a862a048,0.49204400077573207
af962ceadefa6a26,0.4610708301369084
fa822a9c87be1869,0.5030808300595965
da452a9576c7608e,0.5102366615437792
eb285c3eb108c748,0.44448708816459737
2e7e5b620e47d70d,0.5249666067762981
87750ed8248e53d1,0.49386268086529006
0f0db9efe8f60feb,0.5087634028663202
1a33267c2c8b1ac5,0.470790909123202
fea1a589574c301a,0.4643625159994891
1441eda618a8628b,0.5275038740095632
c64dafc36cc2ec8b,0.5272618968144582
dec2ed0f704c867f,0.47152886810402483
92d972f7c5b492ff,0.5106856404601783
abac35250aa08069,0.47511556606268557
abd1baaf010cc5c6,0.47627817370229353
590e7e45c52debfe,0.5391064925369802
7e71b788ca7ed601,0.5082349751378092
2ff37435aa83dc97,0.4875119583560721
5a143726059ac96a,0.49226169647466
ae8544cf00ad6f20,0.5222663731784984
e5ba35f9abe116db,0.5323588795616843
94ea476d3151522d,0.5220582507158711
70573054933348d2,0.4714592514634549
076eccb65ebe1f00,0.5254015346340366
d1802a43e97d3e66,0.5145203427391726
5e9b00172fd8bb90,0.5312205840926664
c486edfac8084c09,0.5292499894044312
504c79ea9bf4d9da,0.494713568954428
551bf83962e9b4f3,0.5329102212027655
474bbdc6d881f795,0.4055560524567208
c65f2a41aafe7dee,0.49552360888050173
07faa0052bbc869f,0.47611947472873106
4bd77297ccd8b524,0.5285786542758442
d1d3d5ec858e852f,0.51241726207038
4f836645a6619e70,0.5753480866363423
a7eca3a2940f41a4,0.5072686895291623
37a8fc37a36f7d01,0.5176725899338783
5e0f7b79b5dfff05,0.5207884535891606
985d4df9c0f80cb3,0.4909042594201347
0ee6ecb5408a9066,0.5382953204765631
ca2af601699e6f33,0.4794821238369109
6f1091b59e3b1899,0.5355065521006841
fac11bb61961fc52,0.463323632067137
692a595e176a2151,0.5769423969162948
78a73a99d4549310,0.49699674997589804
d694eb2bf116a823,0.4456471307856744
db889c919aece2bc,0.48410942512831234
e6428125563a04bd,0.48205664810636883
873d2de4f1a7ee15,0.458554138392263
bfbc637131d8eb70,0.4762516447134426
e99c23a16ba20a92,0.4533949202455061
2644159fe948e7b3,0.429721968160622
59d79a52baa59a74,0.4071001214905664
c9415a3a07d5b9aa,0.5344882000721836
16ce9181a1ce33ee,0.5388185397492644
2143446026f08b2e,0.43102309679116235
14f85055ce16ca71,0.4042245901389555
63385def50b5d8be,0.5203982167206981
c20870a2b728036d,0.5344073711787775
1e12bf659b584213,0.5172747413179134
e7c8abc760d71885,0.43212972000295324
9d38d302a86fb1ac,0.43775309609719304
2c646c377b92326b,0.5371826075644048
680f1abbb1c13f14,0.505398696730862
7d3c1de590c66a24,0.558120601800776
c0a66002c2fd4c53,0.541746924286994
fb1494527d5b7fb3,0.5274365582582858
2659eb97ac523fa9,0.5232702344457868
25714b352c07b32d,0.5310858216292098
8069a092ba0595f7,0.508498542215772
2357a5eab7e108be,0.5393049340243636
c722955d66198fc3,0.5381058656653639
ed3e0d0eb2c313bb,0.5193064410200465
b1439efdbaa49381,0.3880817507221517
ed10994de274f7c6,0.5147831884887814
0d022b2293f31f7a,0.5264763868707469
455d730834234bbe,0.5025346486373532
bab6f99ef39c9f3b,0.500113996498665
97660c0e89e70927,0.5312917299765147
990f4ca142d48bdb,0.5465882098182413
750f216699d0fe95,0.477822549269318
87718381ddbb2e56,0.4995994858199423
ca1765f1116897b0,0.5325584370428821
a6bb917d9b8d2a9b,0.519764137120607
0b30f30abe18fa72,0.4626190820359113
25786fab324aa533,0.5070156460776027
aaf2a0a54a360b35,0.535676161969838
57151f6cf4a345b2,0.47218799683709833
cf8f673081468041,0.5070772311229449
6aeda5ef3771dd6d,0.49732145060807453
7d848e682513fd03,0.4690427784443536
bdfb6d193268c0ed,0.5153953380700605
361b46ebb3205459,0.5103630092207859
ca43affaa05a13be,0.45135774353734914
985f53cdec41e412,0.5292296663098874
6a120d9451074fb7,0.5082998723153573
a2a10f2c369c58b1,0.5171812783622243
f31cdd8ae9a7aa6f,0.46647278661541225
f1f6fc947490a13d,0.46258137747946193
7f253d7a749f39f4,0.5260480640782659
eac4601cebcb6af3,0.5449781568204386
1f50341a8a316202,0.47233861754254314
b9ee93e567b65a10,0.5083336926282469
2e3aa0fed1334314,0.49239951712468566
d3fa0c6d4fb5b163,0.46212931854373573
508e8652d52ef8a2,0.5229886117717892
5ff8dc3d69cc517f,0.5065703900715963
0e8d0fc77e957350,0.4938659025075849
5ea5f48fb2ce7c3e,0.48204612503338795
344d5bc55fa2e935,0.5082020210161615
291cb7bab037fca6,0.5400510917103118
1cdb206c720cce3a,0.541064752500845
b8f061db0cb7f274,0.480568150800063
f4379f8a4605bf24,0.5208298715668991
f1895e999e228a46,0.49861148909216046
289bd87963fe9e50,0.5252064589117691
3367f7695642eb7d,0.513202303468542
3948e67cf198e98c,0.48847902428533596
1781e8670ec41418,0.5407879796394983
6ebbded6a0d4602a,0.3873437464253934
71620da61fd3445c,0.4984810278649122
527fc55ed67e7073,0.47622712996334127
50b8b918b74e255a,0.5279688787413999
7354baaa26ae4c44,0.5416543719389946
0c1721bd3a6d6abf,0.5722839633656756
174a6caa2f33cbb3,0.5117017925801646
10640541e4ee0f37,0.5173819900171525
4d5d871c0447ecfb,0.5142974003620642
6286cb9f1015518b,0.48553705385252777
0cb02c9c37422232,0.5405218966383145
49accfe8124aa48a,0.47854736725618796
f5228f987d0fc4d6,0.5398773497916272
95b6b42f3a53d703,0.47197677321063836
bebcf4d518534783,0.5585955865462766
c875a75679f4c838,0.48983665793241316
949e2d0e79f0d35f,0.462016368273354
7b4508218f35bf8d,0.49928317425470015
a87685f6d496f5f2,0.47118163813724734
c05d4b303d801bc6,0.4590666232612812
192e7f2a5078a0d9,0.4787331600707442
25fd26b559f900a0,0.46072507039545907
d03895609f16ff5e,0.4186539737818058
42be4f866a063248,0.4124904624631972
bd2a1876000e105c,0.5383341701437765
7a7e858aa02bfd23,0.5414690807244682
47c760b01cfe5822,0.4399200684381409
1ed104f3734d1aea,0.4029577861840865
321365209646c0a3,0.5133034107145165
dd8082b90555517a,0.5296259203726512
d0ed6b097f870ca9,0.5196607591599296
d6a4877bc1287ecd,0.4415149577677173
420589ddf1a650c7,0.43947556777016217
1024090f60035b50,0.5399588372269888
48d686cf114a9368,0.5099712798873498
708bb20628483e43,0.5662754809418264
55d35a1c898fac44,0.5418195585093173
417a0d2ac76feae0,0.5189725902736422
4219b5e084a52143,0.5229386082926444
de74b7facad13c14,0.5320003805682805
af55fadfe9310558,0.5005964446079403
b434b95044d11959,0.5400773646047955
b0df73e48f110bf5,0.5368848657034874
1bc024a6f4595aa9,0.5086258662817347
e14ab0f6d3a10efa,0.3886207187340308
c1342d120c498852,0.5229989336045877
05c7291ef25f584c,0.5295569841242989
e62ad335d6bb6ba8,0.5032734931596274
1f3b282c977b03a3,0.48718244014807544
61fbc0de9c88e8a7,0.5394752813926031
060b39c458c582cf,0.5420887024024361
818221a7a9953d5a,0.4823665329267124
43b5e0d2f8a5c40e,0.501843875008108
22df2bcedefeb122,0.5325584214384107
1e8eedca91a99f4a,0.517784001131185
9544b1f9fe54ee5b,0.4676387923845
40c7c7758d4404ed,0.5031252108093793
94e39fbda56beaeb,0.5341681829797946
4692c3b179bf504d,0.47796444319420794
172754beb652cfcf,0.5026406649345433
6e06aa8876e6025a,0.4861105744793319
59ef227a1e00d16b,0.4706036490433927
d6e28f8afe5c2142,0.5111616648770201
7e7003937094ed2b,0.509517047726644
002547667a6a34d5,0.4625951873562646
7f4eeb742ad035b4,0.5300547700063953
5ed47a2bb1a4c9ae,0.5108462373972201
e6f27dfdcc693f85,0.5190443107504492
93730ca5eeb4eccc,0.4681198206906788
93c768f53ee6a6a2,0.459590173434795
fd1d49d8cccf390a,0.5268823665761875
71e2532ed29f0bf7,0.5442783629492405
821f67c35f3e952b,0.48121064158313165
79a8b79f98fea1ad,0.5107734995116743
9062204209e44ad0,0.5021337406834465
93087a13cf6fe7a9,0.46735534571868587
312d9e942e14880b,0.5265384452366592
0ab44218566b5ad9,0.5108907574611178
3f1c07d99908b473,0.4971541829121794
5be48133eafdb02d,0.47636586680239046
fc8d06c86d18cecb,0.5179957661305449
48d2c5150458153f,0.5437870547833288
3fd5ec0c1be6e3b0,0.538346475071571
011335cfd868ff7e,0.46314177363772935
24d549e96cc52a97,0.5097821348901281
d19fd15c0e27e816,0.48829417098983763
90260f2b63c51a82,0.5403802807680148
d4f6dec325be68a1,0.49796844466529566
cd53f81e34a13754,0.4943842665993283
bca9cdb36bb3d9d7,0.5223281215341429
8d41bdf627ad9f94,0.3827712983667789
34c98a7eb0013c08,0.5081900976020496
b7f7d5dd4d4973e7,0.483808751268615
19ff26396e3754b8,0.5310195679973714
7e4b399e0760892e,0.5447358633661721
6d627112b2d06a37,0.572629774829075
4d80affc81e38fa2,0.5131896881112943
194bd32df5500deb,0.5179680938724907
65f2c20625da3fa7,0.5184207673856892
4bf385a8b6aa55cd,0.4828953692162331
c67e3904e4f3f531,0.5353811616640796
25b58c97385f5ff6,0.48088331119849315
887048aaf2a77e8f,0.5420239202669811
903b7ccc0358e4fc,0.47208551686669775
ce03a59cfca4db65,0.5631956269434184
62da6907954a29e6,0.4898798987749706
45b4c92481f55545,0.4500514234160409
1e6efc541886977e,0.4931371338799466
6f5ce2668784ee97,0.4844359259433024
85498e9b34a91641,0.46656447742905516
f5fb07777bb09afb,0.48545748334794125
09d4d2f89b9c66e6,0.45750307781512256
42e612741f0d20c0,0.43037124411287797
2694d70d45da1e9a,0.4179740708966224
d52bf67572421ea6,0.539335442186476
2710a035cbb54e17,0.5410605524335245
55a27995f367c8a8,0.4407992895429438
ac9628b505caa34b,0.4106959393626697
b53dbb82f8507156,0.517975293542011
faf4dcff9888b290,0.5267806777857049
329d011f0d6fc606,0.5209070184937121
55d62cccfea345e7,0.4391682700092847
1240b89b702ddc9b,0.4468619064587287
acde26ba271fb265,0.5269549521468107
525f3638b21279db,0.5039392105239011
4641af471fe5db93,0.5561320773174849
e1d327adc8863c95,0.542482084676631
7080318c0550e096,0.5244769306705628
d0816b7d1f2ec907,0.5157098886314324
496e49fafe1fa4c8,0.5383254420075657
500782dd9e2bc098,0.5079891512373491
9b383a34252c15af,0.5405785317215066
3595a919e57f13bd,0.5350647947959455
840b9278b480117b,0.5183271495827886
d5216afc085231f1,0.38659012695181905
3050268021937ea3,0.5191191114048279
abbeed8f9fd99b9a,0.5276807510198475
99ec754ffeda6560,0.5072612086082031
c395513b7ae926d1,0.49198974863717226
ce55a04b7934a19d,0.5388383420635288
833f30d9713131fc,0.5350773292870579
489eabc09a7f49a5,0.4837912878334494
54a67b63491b4aaa,0.4882577386969026
777f78a198e761a0,0.5361815980311981
8055fb16034ed1a8,0.5259460680414223
7e9f013103ca0782,0.4699287729510637
46ee3587ffc3f82e,0.5045040808058827
b4f806f5f3314383,0.5316858396266568
d2dfdd65025f5668,0.47834207850901334
fa032665cb282515,0.5024243891139057
3df690743ee1b991,0.4841523984387295
98f30d887f334638,0.46158440868560335
ab7842c81034af48,0.5118282868854727
89560b08fa98acdd,0.5137567525955737
d22223ad71a9bca2,0.4595134811389997
b3250e8fa530422a,0.5304976110111068
c9902ffa58555d47,0.5081942434801247
324c0cac0772f736,0.5210344116964627
dd9b3d39387ceeef,0.46422460586318914
88b6483f39364ccf,0.4617638391525617
73841b4798ae811a,0.5207798765825439
0eafea5508dae4b1,0.542639351683266
e159c99f02181dc7,0.47637528289027853
44a590f5ae3d5a37,0.5132270773781196
a8c1f84c6a81cbae,0.4878138069176058
0035f475c8e8ee34,0.4564584349834869
704ced764fbaf2a5,0.5210948408236589
d9754be6fcb71f6a,0.5186905230180491
9caae2d8557475d7,0.5100595533593102
58e15328e33a6b42,0.48708326187775053
ba1ace25bbce0266,0.5175927185170595
257293569675ad4d,0.542721814955464
021801866f1d5e19,0.5457878314826492
14d254b3c508d3aa,0.4667402073803514
696f5021b7d971f9,0.5198525762448092
68205d03a1887072,0.4980028164314395
efdecc89861fea1b,0.5478289214625843
5db15441153b2feb,0.5100849910379079
efd9ebc29284a1a1,0.490371590676808
9e2dd45506b40377,0.5347728500407476
6b55e05240863cc1,0.3775394634362955
0eadbb07884850cb,0.5109870344606426
9b689ee34644aeff,0.48172302238789655
5c81c18444aed54a,0.5183430842323659
c77541e4e3ea9fb8,0.5495740221348981
f64d80c1c830fe29,0.5544031587701453
32a4242b98b84cb4,0.5137956962518924
1df778a5df4ce411,0.5182053986053212
40db52fb1a89d87e,0.5046256816418786
3796ef5daa33f420,0.49778978691281217
940bc53922ff7f51,0.5470308987900464
868fc50248afadac,0.4838189269235741
368f9e9d9813c67a,0.5460532220246751
abe2926d2a225a6b,0.490451945194915
d348d22369192e9c,0.5628729087334792
24fe37d999d19103,0.5000193258810566
19a8cb45ea10191d,0.449547489714208
f8518217c13c1744,0.5063180568319053
ec0db7f828067f96,0.46618427988246947
9eda54bf60ef8946,0.466314056231956
98803b099d0aee73,0.4895711907787448
278304877b370962,0.45723229721390857
e3c7d934c1dac3e2,0.42722413004635107
c80ce5da16e203c0,0.4245987221979113
45f8955c7df3cb98,0.539258685569225
260448ba023fb6a8,0.5503848402056983
1874b990b359f5a8,0.4553729497116674
3ded9d4239f1b0a8,0.4194693167005714
8074428c4e0fc2c3,0.5120568555257592
a2188abe1a210d44,0.5335003755928602
aad71f58900cd432,0.5125384717936641
0cfc0bba49ca7b8d,0.44626706103344593
551dcb3545201e7a,0.44466808478216435
8d96ab03ace8c28a,0.5450734200545622
52d11c58c46daf1c,0.49529902839242845
8ec53d079c7823da,0.5559493543799738
d3dbcf4d90732f8c,0.5364742298238078
e5537673a7928a18,0.5177698419013661
e376170fe2175b35,0.5118215792490235
7a00ac254d0d8328,0.5360869145354963
e9cb247dbf730145,0.49071476773903633
59d3eea0e0f00a12,0.532527244968352
6ad35c5b63604b5c,0.5307968968927121
b567a275e15a3a53,0.5102757059954459
c624743221a17efd,0.37865301134502705
6791e6fbe5e9ca86,0.5321161496215217
875879cf444704cf,0.5208188617617566
5c60860c9e27d3fb,0.5088535511936823
d8a1bf1b07ae4118,0.4998792032863021
d0cbcda958615b74,0.5417378866637221
0837e54578937ab8,0.5336652596278566
9945d9a905b444bd,0.4802889999379396
9a14f186e6093631,0.4743071844428234
b5c807ff753a11d5,0.5495858140201129
62e46bb96dd6d2e9,0.531665651806952
0dcd58ecec1ac06e,0.4650479763403492
c844f9b9b7ae1294,0.49961666748655775
5c7dff75b88a02f7,0.5470561604074905
b16ed5c526cf713f,0.4768704966073163
a64319ade2df7759,0.5130832877975096
5ec6d0e7c348831f,0.4934049322800883
fdb94070893c0339,0.4609677458622986
737761c4c3dbf97e,0.508197453432994
9a69510ea5191c86,0.5143587005898064
c444877c1744d9bb,0.4598134044784308
a1e7bc9aa5afac4e,0.511943820246016
b9b288a634ad57b1,0.5192820431667865
d10922b6ad9e3fa8,0.5173782868776644
e9a589dd6ae4be47,0.4581234604878144
c328fc29e5eb9d82,0.462632188975854
b32c520ab402d67e,0.5198303814762555
1f9c17d837293b2e,0.5446139592179542
02783c1a67f2c756,0.4760262365703498
00f17e7992795c08,0.5175949509736819
0a21c632927d9010,0.48425921083226076
764ec3cd52fb226d,0.46523502727046695
95af0dc0f10899ce,0.5093814268526151
9017502faf23f34e,0.5142741133243794
b19df3ab103d24c3,0.5030603743922115
47ee2f03045fbbc6,0.4702651605912854
8c492828c9b26758,0.5069019908800474
7f656632cac53c8c,0.5430001925353838
25dff4ddeb6f8590,0.5420086600105105
a54dd7fdc5da1671,0.462285960513968
b707b7bfb9e4d882,0.5098350781520367
ac35492b0337984e,0.4901114563217631
56848ec08b5b68a7,0.5356909321019971
4c99c277be997481,0.510683084879236
00a351af7c125efe,0.4870779512907337
76ee7979c8d34b4d,0.5231588103868439
f3d6e477105223a7,0.37464923158082464
50ad396954a4dd42,0.4958788350229745
38c3dbb221484c15,0.48069161498820545
8d53e5d83cf33515,0.5046716068531482
009765330cf8d8ae,0.5474829599726423
1f6ac68b5159e8d9,0.5736086805682497
7a4a5995e33a5c66,0.5246983305720709
2733281a58ec75cb,0.5297680807802392
a3d6714169b613ae,0.5031609529662326
0f78f9816e644270,0.4954491769569046
cf6a5f61d78ef437,0.5361614316814359
55597eef74ff7c59,0.4898167972333737
0c5e2d5bd02344f3,0.545664950254372
eca6c095c8f1ffca,0.48193001497248866
52701a19ec20affc,0.5556227251715959
1847747c0726edd4,0.4854560995401631
910e08e3f083ce99,0.45121324456769385
20cfc9d99786a2c8,0.4852265217980418
d4db8fda1fe0d639,0.44900627402107784
6c7201863c0e475b,0.4700337109702736
18982757d1920bf8,0.47739354083860563
d0af5b5f5d6a8edf,0.4605730829858006
b98702ffa6c3409a,0.43191033467278406
193e9fa51f58a34b,0.43257946179199713
8b2b653ae3661cda,0.5362668715167094
d42092df5d8050b5,0.546439071964394
19c088b224ee5803,0.4445862093649485
e282e37522c2611e,0.4196132015315863
13ff8c83b221b4ac,0.5229169218417049
f6dd711c43fca26e,0.5350477630451367
fd7d1be44e87ef05,0.524612526327439
4d92159f166b8d2e,0.44973022174432187
620e455b0283cb45,0.4653869216638028
851571aacfeb2c11,0.545158058457324
0dfb0a528393f372,0.4949699354155668
1f3a0e0fdb68e6a3,0.535903906505435
4efcb5b4ca9beb0e,0.5290472402090893
f7ac3923c3fd09ee,0.519227231656127
15858c2840e8d926,0.5136724668103083
f00e9e06e4790b43,0.517386648683468
04c88d053e8a3607,0.4968307409906618
c83a5289c10262e0,0.5249757912564808
d3841501ab65ab94,0.542945857795144
f66ea12f6a572a4a,0.511893805679368
33f17acfbf1a9915,0.37515218852826726
eff24f24e01118ed,0.51370131455054
0668e38bc282a8f4,0.5261977427104609
0a48fcd3a2505d7f,0.5074975525668475
89e070a97d248d71,0.49823829101270956
97e1f2621c29d414,0.5424909687882833
a3661065f3ca8c4d,0.5412680240560761
d2867bf9e5718769,0.4727043367671241
f6f76221ce0d8b03,0.5003517376428303
67f013810e2e2ae6,0.5432292437540164
b7ee5953d6ec76d8,0.5484663908896817
1addfee3e87f13a2,0.4648009866554397
c539ea974f6b3f70,0.48829552113968955
15141bcdab29f371,0.5371977230433855
196f9bb6206f19d2,0.48167645049221974
724cae8a069f4ace,0.521360661545578
e0abb0093c36f95f,0.4865945844947315
c5c98988011865b2,0.46478614845771693
4cd500ec7003b6c1,0.5218656380342337
09c61c03bac3af20,0.515885541741923
8c6227e819acb7ca,0.4525654219872448
dfaa70f72bac3b73,0.5298475817495387
364f64fdce1ac4be,0.5222854058713785
8c354ceb7f1dae42,0.5301769267924523
36da70f20a16d3b0,0.4497470666712615
4c8eb3a5f22deaa7,0.4612142943624479
28692771aa7d13bf,0.5293474730975349
c12309c007c2c8d5,0.5483961759539135
4ce55ecd49e86e5a,0.4805754939837571
34c7e6b587a320d6,0.5245829614874107
ed49fa48284c6dc3,0.4897158682307152
b2c506ef375b3675,0.4695103920497592
4a2f03067add6f19,0.5233886841879363
bc6f37cfdec77a9e,0.4981406304256355
d1a68dbf2932de2c,0.503001325417066
4d3fdeeff854ee9e,0.4730993236438391
45afd46736d7322d,0.515038305313782
76991e748c11ea79,0.5504017243799388
0b0b20c3b2458236,0.5491508017348505
668319a4229dcfdd,0.47198352980710423
5a8871631df7f587,0.5163380850571637
131db450f2be5ce3,0.4817519118663054
36ec6de64faebcbc,0.5512159237158829
50d5a9580328ed15,0.5088470058805732
796e7408cf8f7e56,0.49719169683090825
0802cf3d47c32eb3,0.52392833183293
55f3e54cf916f112,0.3621914115614412
6e7130fe16cf814a,0.48701053971629515
653ec225df0c636f,0.4672836242710632
1a9cf08b43a1d51c,0.5127975143331012
186ee289d939bb95,0.5470919411745256
abd770fa12172ee3,0.5335246960145008
d43d6d18c8263dec,0.5312317726689226
74ef731e4dac24de,0.5278277847730257
b0d87e2df0c6a768,0.4885633654303644
cd7f5f65c60d5011,0.504998763803638
451ed354c29ac7b0,0.548348448278558
dd4c62459c4b985d,0.48519296157290204
54dcf20f34fdc420,0.5364514842724943
0b85e756bc2bc99f,0.4882614647979049
c136e52f9d532fe0,0.5528679565198231
6f729fb66a1653d4,0.5015688717725438
057aca98bb166569,0.44786232321821173
366ddd098554f983,0.4956493530288444
72cfa83f94d96760,0.4547002088900792
165b8828b9cfcc03,0.48510064093866034
f11e75e2aadace2f,0.4909176742466793
a6ac246fdea9cb6d,0.46312314154664436
cf866e33f86733f8,0.4206035521019045
4517ef50716f5927,0.43009274178424006
91fcf800eea22ac0,0.5348403562760313
7b9b62258d5d0f37,0.552943122344777
bdf9d5ff40fda46e,0.42964942843763754
d19a8ccb8d06b9ce,0.40831038138427656
f3f021d7fdf3cd7b,0.5082286522892082
05cb5876fd11b4bb,0.5508696582816681
5547c9360a78a8f9,0.5206544156930131
071e55b3257f154a,0.43176686509469064
f662f9f037d967c8,0.45267991796750806
863367eb1057f8c6,0.551734567287891
21079671985de88b,0.4940572018537466
ab7e255a4c6364f2,0.5504513994053237
9dc43d52246f3a31,0.524496433241655
f76c55f155897ddc,0.5216546733677048
2edc3594c19e4b38,0.5072457940084265
d171d2b0df3ae372,0.5192939114757423
e4dbc3866ea71de9,0.48395091761048903
7a24ac4f9400eeb5,0.514777460862467
b1d3b3fe1585484f,0.5446278682264667
71d24240e34fa9ce,0.49864446845731203
756e56d47e5a59a1,0.3685297052638079
21a4ee1f99e6cbb5,0.533785424061507
085ae33ba5a15b08,0.5138206509680263
ea396c490a32669c,0.5142368208427248
835368cdcb2653bd,0.5063557992716927
f174ba04514c0cac,0.5288675665305492
1480e4335abb7234,0.5411085113356423
46a03d883bdc2d15,0.4814250169844213
63bcab15d9485daa,0.4716193257991208
8f52f1fae91bac48,0.5596185588108391
f767a5ec99b5f17e,0.5653515793358962
ae50830d7c79e1b2,0.4689257283463588
60ef8fc5d611c24f,0.4987145855084685
e9c6a36bfedc7297,0.5440272786233321
ced6b1866c284904,0.47618336773503844
f235151aabec871d,0.5379046508117944
b9c4eda1bdfadeab,0.4913344293338745
0981c1fa1a37aefb,0.46603700739160925
0a37690e25e10fed,0.5267635663879635
e5202fe06b49a761,0.5186900583274774
c5a7df7ba2883039,0.44614777265271754
09566d668dd83448,0.5437608693765048
7d9891bb5c1a84a8,0.5298035713745628
6f0f31a3dec8f68d,0.5314777015262988
aa85eb4b66bd1108,0.4469073938476674
ee9bff1a83c9fd8c,0.4625626984135548
4537e8d099e3eee7,0.5243936405049063
47b20f92ceb28119,0.5493418710894826
88a3ed679766b8fb,0.4896234063685174
b977b2b8b590b7a5,0.527741575282418
4f5ce4d4ff7522e7,0.5005844810735337
127ed3c9bdb74db4,0.47193424665111183
e3e14cd8d48d44c0,0.533347341898446
981dc148d436dd9f,0.5066910268565579
d05e67ffd370e460,0.49643062414673556
816d2e832846d45f,0.4630781790936709
9a69a43f7535a68d,0.4926294115889158
7281fe97b40285a0,0.5550769719298562
a450424f4a8fb21d,0.5516986552520046
1c230ee2e8bab190,0.45704191087408996
f214b0fe740606d7,0.4907867376036976
2eb0266d96d8d198,0.4624978546904268
d68eb24a8b63d1ba,0.5431345503293393
aab82b77233cd399,0.4878405737405691
ca3e7d699349480c,0.5049629257352941
c6d3296f8159e75a,0.5066573398430215
1cbc497d3dbe352a,0.3681570063595079
6e61c1501e763533,0.49461966581000105
aa3715e27f5847a5,0.47377921988034755
d22d06426f8c3dba,0.5177582614076561
1beb09c0b133df30,0.5640055471355206
25fe44ae3e7225eb,0.5335081042324339
3c5e408cd794bf90,0.5236452642991996
0250b173e908533d,0.5313279804755999
77a7e8e8c1f97c24,0.49171957319607174
6bbe1468f1a25ea7,0.5003021994284114
1b0bd15500025206,0.5512065871480755
e5cd083cdf836489,0.49470875910995826
b47d70c24a8ab1e7,0.5279894588304624
978470d7f9831712,0.4915326529652605
42d56281fd52ade8,0.5525609527859378
8c2af57401165440,0.5023939503258613
7d5834c41ecf8cb7,0.45509478863163944
f251fff8defb64f5,0.5118084853315712
c779445ee79c6d4a,0.43945967861428403
83df07cd973201dd,0.4872252975396576
81764ba2c0812407,0.5014956363820854
aa72d1aead58d4fb,0.4707462196347777
a8a38d249b1d5160,0.3999199451493566
7bee34bfaa804343,0.4290410754633319
03f1ca19a59cc354,0.5365428603666547
203303f079f7d684,0.5472319148212751
fd0ed5e796541cbf,0.42653459994914766
9565c03f52300231,0.4135994971256811
858815bae66dca12,0.5043639443443682
76eb8d8081d754ea,0.5473246779064
45f3dd4798db9eb1,0.5231202791442648
896341551df2dc7f,0.44073648028471624
45b86a2f4a2b18fc,0.4505705251687745
f0d1cb8fa98f76ae,0.5461238685780238
5569e879e8933d3f,0.4894949166851126
861c55406b5c3d8b,0.5390631203261209
bc74ef69a6a26162,0.5178273792363128
4a29c51df3cd5173,0.519358699894825
564e5a63f642e604,0.5066885930842331
b26d644517364fa7,0.520619897963615
0ba9cfc1cc3d4cb1,0.48052247958557137
914d85e2459efd57,0.5353575270601791
5ed84508df91f3de,0.5503214101538663
1498f2b2efbfa611,0.5020244352099617
c1ace25433f3a3c6,0.36582042268166926
019b741ea23f376a,0.5327771011829533
e4b5704984aae369,0.5214850919843316
d52b06b898942e54,0.5158002255196867
abdc9d38bff77559,0.49486540358065945
8d1c7d1a745754e5,0.5204181892740778
2288a2b12ac739ea,0.538454178095772
13d46faf3f9bbac3,0.4738817416593337
380588ab4b3887ee,0.48681579156625887
2e020984f7915149,0.557364107083292
646431e6c712bde1,0.5634059902415272
4e8889b4b76cd31e,0.4817037327929167
db5de31fc947addd,0.4954774456107355
2d618dc3d2ae2374,0.5400632628761715
ca9f8c6f221e9302,0.4810964093440173
4492b9a69340ce60,0.5339993521851584
5d48464fb4f9973d,0.4886316443672608
4496288431ea7c27,0.470920461354551
c06dc0541fc08801,0.5276407937485368
16a6424ab80c3457,0.5107156868166424
3128682ff570bf04,0.4505137368895228
fd339db7ad7ea1a3,0.5482296077258664
9402039f5bcf34b9,0.5240374338667921
17740b18fdb5471f,0.5295359521819347
1f11d2298d97e971,0.44805429901214466
81e93c3c4dd8807d,0.4685791767883689
6d9099103261ee2d,0.5157385668767864
6a58c37fa9a5eb50,0.5453897161200003
5e8fe004f28083fc,0.4877265879110282
d55058281687f81a,0.5267510877158013
502f203fefd845c8,0.4963677000465877
2e1e20e0296acea6,0.47064246844739
e9729764243d8357,0.5219653989119384
1d75d9d369a2a5d7,0.5094884255712334
02a3f9d361c2790f,0.501523987857812
a8cc4077a2a5cb31,0.4580509161399623
b2933611df2bec29,0.4891040134321982
69322325972925cc,0.5580226221920483
f7564505608d1631,0.5504017707883508
814737578e74e319,0.4519798096409786
31b4e9bca9af0da7,0.4876940210558134
80e8ad18c0e467a6,0.4693791898514843
49eafd89492b244b,0.5253095792599296
fbedde581ca3399c,0.4883815756981651
a3031e631c474912,0.5001334197534099
5343e41e16c25af4,0.5062135619932737
87bf91b73fc42da2,0.36192392380642724
fb319a55247a3a5a,0.4999253769729708
e98d567396515dcf,0.46516453189421036
5c9bf92c3a5bb1b5,0.5079331330081494
f46c9babe1822d7b,0.55854675570263
cece9963ae78e811,0.5552698523751587
313a5be83cfd0784,0.525142240258725
fc7b35c3b071da3a,0.5270612184290054
05686e5a8e07661b,0.4893156210303552
60afa1b2b22f8740,0.5026757200013645
5bb3cb306466997d,0.5443550315354337
41d046c739fa5bd3,0.4872255560512132
2c8f3feb2a375810,0.5392141654028688
d83711284dc5ee08,0.4792456091122599
6eb224ae41b1e0a2,0.5513462426966114
a30f6116d8354a59,0.4880640433540002
4092b0ea1aa7679a,0.450036801671023
0c82cc6f75552fe1,0.5087057171768805
6f6cd40929f335f3,0.49907706748412417
7d38ee05feae7a94,0.4433670426752122
da271c82ed91ec73,0.48856997321374696
adbb847a4b474ded,0.47394003850073374
8791ddc3e31045b5,0.4098356935639168
d994b52f9b942d3b,0.43290974474899857
91f118e03b0b7061,0.5405656403216081
6ee01362e899f096,0.5576477007281109
9be1c54c2881d9ff,0.4262970818865258
9f6024d125db9f94,0.40246647299833227
e5338573f9d1753b,0.5069624375388537
87d503e4e98f6c52,0.5395060602362776
6e51714ad157e4cb,0.5249817364888036
86d2474264be50f4,0.4378160691258012
49e65a1188fece3c,0.46057717744828075
19d47d40cacdd427,0.5394582084036177
09185018b484d09d,0.494066387807752
ca43aa1be6e19c1b,0.5435679138337615
22db873099f69fd0,0.521641489004834
07661b1c17eb3454,0.5052484652607768
92324ad1fb7493a2,0.5054686512144817
83416a634650e2d0,0.5303130316419815
9aa23ec4bdf1584b,0.4888185676503095
dae70e5cf326120c,0.5379119448460435
560cfecf474c8f64,0.5571357100578316
312bd8fc8a56f263,0.496958415603717
e59e1b064fafe72c,0.37100229377377303
fd98c73e55faf76d,0.5246885969388103
45b9ad251b8be132,0.516969740716737
328eed90b73fdf93,0.519297777248986
f68ad43627586e90,0.48494202337392345
01ee11ca801c668c,0.5232607520566626
d54bb53cf2c549ca,0.5352855021879138
b1a1095814dfccf5,0.4731517993525489
c1bc091f585aea5d,0.4929082850715446
ac4b71ca236cfa65,0.5563953884528359
cba3deef48f00165,0.5574673055793424
3ad832ab8eba134d,0.47046267669711805
33af3569e741f3c1,0.4972885563246613
fce9a24eaadd4750,0.5349752776884893
6266e6d62055af66,0.4857459636089959
28a8c00f89818c9c,0.5281969664380693
5d3f5719286b6622,0.48758068792934794
1d555b19afae8b50,0.4704371574512972
b41f9b6d75acc174,0.5292563691196043
a62f0c39281a8b8b,0.5193346565425263
622991a7f827b0b0,0.4579555166846928
0772a42117961cdb,0.5491780662389111
e45b17d00d5412c1,0.5241651212532573
9566bc88efd0f5a5,0.5337295961861004
b2c21aff484e4ecb,0.46206546238614665
d8a8c01ce0dc7b1c,0.4656130884676417
e38a525e2166cbcc,0.5224316639842645
322d97837c32eb5d,0.5505695160266135
cbd7983d718a441a,0.485290974750505
fcdec71de1fe5446,0.527199840134013
664d0960c14530f5,0.5002726427467665
8067d04dae3919ad,0.4638755535205089
46c7fe977636c2b2,0.5204863647290925
25f39250cccaccf3,0.5042310262292387
25a9e6b06734c4ea,0.4972900062383232
99394a0dc9df8192,0.4639883799601183
c39cf0de1dddcab7,0.4965780768338801
1eedd75f0805f18d,0.5554590205216141
6134455d1f8f97cc,0.5418566888413222
e944acaf9b60ae83,0.4660502375390252
509af64cab914543,0.4917933675955517
9fbdddcf7631eb3c,0.46599248422503203
022142743089f140,0.5340156428939775
e8efa25caf5f22e1,0.48944666848612794
e2dfb979a9aefd91,0.49898246245942146
d16bb989b721972b,0.5054507870574168
adbe0c21397ea42d,0.3658631406078381
84f04bed15f9c6f9,0.49946108126358246
8939f4e4d13e067d,0.4665081970464462
d1c43fd7aa973e97,0.4918176825687308
5fa28850187df746,0.5559299362413154
9a4abb2de18802f9,0.5623783399201808
678811577afcb1c7,0.5196604691393529
a318ad624bd6936d,0.5264418428321613
896425123028d886,0.489529611764007
f4b538dac5f0aefe,0.4783476337432344
83ff5ed921e3950d,0.5366822895346555
38609041952b728a,0.47945129620740234
922470e49526343a,0.5377019196171988
572fd938af9cd3ae,0.4766843702109076
9f1d2564c35edd0f,0.5424293121929784
74dba4c59da9e5ff,0.5005504120271086
9767ae3003694efc,0.459439097345857
45f7514f2c4267f5,0.5132625439083567
33c27f2d81bf0082,0.5427570692795141
fd7ef74ba9cf97b0,0.47695313333972267
860bb9775ff5d519,0.4839067032903499
e6b350596f328934,0.4712065706237717
6a4ccf8cc15f4081,0.4275109954121996
811fc2ddcbc571e2,0.47119741563659734
b62261074eac06f0,0.5293119370366286
8c56fc7f5bfbd12d,0.5502432056028955
20006be0b18df6bc,0.4297477012513702
a5ced8ab6f2f7a18,0.44310224677529964
c69c9c6baa3fe593,0.5038379651717414
d23854e02f775bd5,0.5221673322299956
32b78a6ceba213af,0.5266647616486428
469270bdff6ebedd,0.428373016492279
2873ab0ebc5fab9c,0.4738924871248572
1ff21df93efb1ad8,0.5374107515475535
dbb9c651cb2dffcb,0.4914880414356373
49bd0180c68e0aa5,0.5442860502538215
9159bfc83a45be28,0.5107715475147625
b29e2c14ad67f929,0.4997092326749557
f8dfc436f0df9bc9,0.4997147869174636
806c6533c58a3f10,0.524849495276806
7bcf7411d2eb8999,0.4887656283551468
34974070d633ad11,0.523831069855689
a73705c4110c4c12,0.5442775311127132
4d5c26ccd87ac994,0.4905720565055447
a28ff44b10f8aa19,0.38498504601878947
d36062e4aa9e47ad,0.49124812352567493
36a472a08733e5c5,0.5145113633783855
7736559c16ac56b2,0.5136117390130983
0f5ee0089db7adad,0.5040595675757635
164c025de8b4cf59,0.5135995757471513
77f90ea09b416ce1,0.5383505244419124
2b5ea2dce6d753d0,0.4683611582894862
86e450a3a3a53bb9,0.4870163498864991
fef32fe01ae024cc,0.5402186564533271
fb4a806b3d6b9762,0.5524121572293501
29da3c600762d4e5,0.46817285633585515
a68bfdd92c8c059d,0.5053082577147306
90c3e5ce6a806c98,0.5346930137384649
3cf6fd664938e5de,0.4867701049626024
9991ad1c27a5e01c,0.5253722446550548
5327e6e45c4499b6,0.5018278637706581
ff3540b4812b78ee,0.47494413591161533
308782f2e5488085,0.53874152971305
ce5e590756b1567b,0.5105975569113943
be0c785377d5d38e,0.46556749866735814
df674ba5c3632dee,0.5454218168732108
cea526474d0d1ccb,0.5288003662630766
90368fd583ceac25,0.5246780889292737
83a7f1c418869797,0.45687840652752043
c7d9b38b7bd99218,0.4670897721138486
8035249fb25d31da,0.5226367941092338
888c6b15d9ba0cbc,0.5474320605279951
417781b27dee8231,0.47592362562680623
1cd73382ecebb97d,0.5259961382704772
1e9a82be4eb979c4,0.504106389158634
477dae2df2095a96,0.4597741100884334
ef123b12d2d0e334,0.5281246589422508
059020501e24fcc0,0.4940915625845501
f23487fe881a4cac,0.4979790647792445
82772d477d9419ef,0.4677892542689157
fa0cd8bca936170c,0.5088468186381823
bcb4c5976f388eb6,0.5627494836109808
c6fc1d51b6fa692d,0.5468873401130436
b105d77c79eb7e92,0.46242974197914455
b0b86b3db861e439,0.4984296881764094
24ad0bd4ae292b6d,0.4668536772914095
46fec367aea3f070,0.5313969833196565
d1e54839c580dff9,0.4937294204611016
aed0490d38af57c2,0.48975069758016976
edabfb16db0192b2,0.5129040473901212
9407f3393ac09028,0.37501410412967773
ea271259e8d2a3ea,0.4946750652180111
cbbbc471ca81e64b,0.47118133700470466
7c853cd4663a6391,0.49655917740687516
f862bc39e94d9164,0.5580229632108302
e32129b6f41f9639,0.5334703903490505
d37edf8dee873647,0.5280564341875784
58ed1ddd476e1a18,0.5240209286059061
a8676c1343f9b68a,0.46900883599267684
08e6c6937f6266bb,0.4861809827525049
434d79271fc74797,0.5377593844319947
f65589375385295c,0.4753519649307203
5f28565aedf5be42,0.5346057526260481
ba4950f4852deee0,0.4833108739444175
bdd7bd6fa595049c,0.5287909498142773
d620b2cf7426ce7b,0.5027799570834908
294406746df8a728,0.4453768454999101
c499e91ffaeb3807,0.506856879672682
0290c4214f6acc45,0.5332186811236138
85fe02ea854c0bb4,0.4915884496258971
9313bcb425f04ed5,0.507021210474694
7040cb2f9df091db,0.4759204330477971
1a9abb25437e83a8,0.4279670538485032
8becda69f26db75a,0.4725086854803666
0354fb6f20fdbf96,0.544219586874513
a727c1f77c067002,0.5438722652967996
943f0e36894e34e3,0.4307617013800553
e153a1b1df079d5e,0.46635543332414486
11f9a8806a57a843,0.5029952294378406
71ee0cf790762665,0.5272865756172331
b7bf05527bbdce6f,0.5308220752355909
e54e1becf4187dbd,0.4440260395255333
38df70373b8c3ccf,0.4807135700180569
af7732e9c39a8079,0.5413430801268047
ec16a5f6ba8798aa,0.48145511971741806
8e8e4eaa5218393f,0.5366012299456173
d258e8d596a164e0,0.5000651533324908
7eb7b58d29c6d094,0.49435978252657753
01b9745f8d0f4b32,0.49810915594018224
18d5b0bc9581af7b,0.5050191411507174
5a5dcb655f7ee537,0.46576627761849787
eda89c3094de432f,0.5115429087489447
2aa23b112c365950,0.534418863710945
e4494455f8577549,0.4891281601568416
ed8bf730286ec6fd,0.38051394431519947
6eeb9694d7952511,0.5197278587686553
189117df2a9b4de3,0.521356987358266
d90fd2d129d62ace,0.5138400006776243
2778f766846646e1,0.49462801361802666
68555cdf849a76dc,0.5274761630673579
7efa0100caeb673f,0.541591299714765
30e6c49213694843,0.4764565819958091
5a2acd05ecd70a9b,0.4770852520205966
fedf05e878b53d01,0.5575048734655204
2e9d2959a091ae8f,0.5591341667830378
3a2b10a8056dc304,0.4801115435164257
25e28b84fb230796,0.5149210417040658
733792046ee414a1,0.549608117521907
794abaae283dd1ee,0.47860875428950655
8878e5bc927d3353,0.5371959890221452
474c3a15a6da9530,0.4958722569579944
3da77bbf03b1d33c,0.4824452159285221
d8d819a700e2ad7e,0.5342896773950787
e6794cc75ff7ffb2,0.5087837405617182
979bc2b66d128c53,0.46136862253863176
860853e4888ab059,0.5506314145521781
2cf3dc445f37b0e9,0.522935047111245
29aacd868605ba17,0.5126006659364566
81ba465249401597,0.4613231338793923
a35871a41296ac24,0.46902722790431517
da40cceb7a0823ea,0.5213826504775301
50a993acbc541c74,0.5394569511077392
ccfc61f8cca2fbbe,0.47913395056327424
6ee4265d837dfa99,0.5203732450300175
869d618d46604efb,0.49601320488495904
aaba9f1938fc306d,0.46981789835625465
20ca878a70cce20b,0.5358435345997042
0d7aab3fc4c623a0,0.5032980591118077
b9a9d6ed1ddfe1f5,0.5016725716968191
2af99cdc2943c1d9,0.4584602169638239
59dac1df6e18339a,0.48312645341012583
1453896a4da7ab65,0.5687435058055349
78bf58daa5b422a4,0.5543287351096913
24140c390415f5ea,0.46533273120401253
354ee5351606dc71,0.4822882374795352
3b7e0342c219153a,0.461865129289438
c56c4566a3d0d46c,0.5364248950136465
6d116e02df927f75,0.4766543093525104
db220d3b0025f470,0.4862804620226522
e58b9ae7bf1de4d7,0.5012247085853949
495864746ca6956b,0.37623765613552407
e4a297974b9d3d45,0.4930630589980579
ea09c3e3c31b5595,0.47320809802660824
223de7500bb1e238,0.49009464176918294
8ad83f0487c65f9d,0.5572566158296749
3df9c7636d5ece80,0.5492231717160305
de6a40a5c8ae7ed5,0.5226148512851261
bbfb43c8305c1958,0.5238047211168122
66902ab763e641aa,0.494521979611394
52a4ddbdb6eb4bca,0.4644430184109215
5117a45c1db392e6,0.537639811049677
828b3b573e47fc13,0.48666811752296024
c1a358993fab35cc,0.5288091816028726
d7bd666b47059dc1,0.4694666236405769
43c13e642a4820b6,0.5443286088175692
2130b4fba9df027f,0.4867566484014284
75833e1b73800f0f,0.47734275562087125
9f871d7b4cbe1c86,0.48987366586782644
644c09d9a0cb3572,0.5631657577963678
fd064888209e7720,0.5013652268940266
22f8b1fd4d690d5a,0.4837011563321043
436026114011d6d0,0.4733693637594977
4e69a099d3441927,0.4296855030985669
783822eebc3daa22,0.4701418195197875
002eb0b0d8bdca40,0.5362539370707
adf2c326c59adfc1,0.5335355631749804
9a8796fbfb0028bc,0.43419391907606786
8146f72b0779ec73,0.46616894003726794
dea7bfd6832b5e81,0.5309770787228943
b8605aa4f069972a,0.5120859959838316
49c68f84edfc35f2,0.5291387799107587
fe22e24c5a46e4ae,0.4486055867539258
0e7e83be922b32b7,0.47341812589526666
183cefabc5409c3f,0.5342341376788321
48ab5e1b389701b2,0.5119285280707088
75f5c13d5540b4e4,0.5459995613054762
dfa0a65131ef42e0,0.535846830844026
8926bbd991edfb24,0.5201334765896277
6abf6f5651c442e1,0.5148928411656948
14591b56fdb21914,0.5255982159224534
a911adf51c9c4fbd,0.4908934245270825
2a4a823edce00194,0.5412604654506176
479a848d3a08d79e,0.5595021296142564
56c6038a13f3b437,0.5050393926122303
c9a5e58a47f036e3,0.3962409306143587
4fe70f68dfa32ca7,0.4998203515111199
f9a26570a7936457,0.5085363798976554
836ab954466288b3,0.49858218623727013
885750aac4f43bc0,0.48568910092190687
1554b98dd27dab5c,0.536172197503457
85289ce32a39be3d,0.5425730786294568
38b7d4f3f4ac16f3,0.48323279306627565
dc107835c0284729,0.4801166023776263
c13ee06d6ec65de4,0.5171528115192693
abcfd9895b9c773a,0.5223748839944959
4d455b86aa0043b0,0.4877369778827989
18139f5c5705e401,0.5135629318276677
887f9ca055049370,0.5220143059738925
b6c7be03bc117ab4,0.48104796721304643
a14b455386f4bc82,0.5012606719712027
1ad17d4380f1755b,0.4727521014237419
05f29c008a291e4d,0.4620731578999573
a408cd7ee522b12e,0.5167395905190374
35ab9c37da9ad2d3,0.5037440189217727
9a3bc7360bde47e7,0.46925846647209324
98116e074902f54d,0.5384655372624556
2b661236e43f19c7,0.5168317191650211
eac4a8e25b5fbb47,0.5398541591312294
4fefe5870146f713,0.4442449053624855
e58166abc39a5f14,0.47091435284846317
d7b20059e01135ed,0.5243125489540387
3325137a5c720819,0.5401074221959895
507048dd124bada7,0.4705948702547331
864f13d1b596054b,0.5253451184464768
4a3fb9de2890bb4f,0.49368873131297164
eb72bd1e9f1f6c70,0.4598990085245913
54f9de933d95ad72,0.524626773746468
532571ecb2885acd,0.4957819851898765
266df5c8f470c780,0.5162430479964992
2374424f077eb1fd,0.4685367744332306
1e37141eadadbc37,0.5035303641189058
1f2a70d57755c403,0.5596385580893015
c8b0587a0b48235e,0.5334566643097719
fde766e9d4813642,0.46767540261492024
467c131125786a84,0.49018084822827557
ff253e1b2560454c,0.479621993380822
c623ffc61d11d71d,0.5209721035483796
ce2ebdd907fa707c,0.4987101462302821
03a4a359d50dd23a,0.4883708465749239
15c709c2d56dc644,0.505570400089928
42f6d524eb43619d,0.38457216702964014
57ccd9d1e30b281a,0.49403585886900836
bd12023c8758d2af,0.4782096928195039
2566577f0589813a,0.5125869999372183
d20a87a8855b5706,0.5508688967524119
ce4280be012b5d56,0.5513554907695493
00aa81a6ad831b15,0.5266661051852763
5b888015b06462b5,0.5293336431285636
c72e04e47107f771,0.48866588956134116
492bc6792e7677a3,0.468452134227318
605df5c9870dde80,0.5287076257698546
36f6f51b8bfc1d8d,0.49457688971384883
6a140cb1cdc6fde4,0.5275920972194557
fa53680c6f34f018,0.4706925882659505
6481dba1735b7b36,0.547408640767853
5fa583f71f336a60,0.4881794359423446
d6af13c90ad22455,0.478643387628759
42a58b7a9becb081,0.4873161555683527
f2765573c9540fff,0.5646567700162937
b27b3563bad8a0ed,0.485483304094006
361563097cfb9635,0.49754636906863925
e07772e6774ad47b,0.48419688679395834
065b0f5a89d027d6,0.43145263364736564
df7cbc30619bfd8b,0.474764922261938
cd6701914816c0d6,0.5435190377411847
1f50563ee13868f5,0.5369680022696791
e24e07101d0bdd78,0.43751647711624475
278e857f72cb45b4,0.4536097289132057
5ea7602b97626ecd,0.5150059733521497
a2cf8d155558f06a,0.5135011154279917
203a08704f45edc7,0.5365031207751949
f655380b85c486d4,0.4481009377071671
8adde611bcd45785,0.4750304301384791
5747116440366298,0.544360175267689
5344efb422c2268b,0.5153365659692931
6989639579aed032,0.564979599848551
ee6328a17cdc6911,0.5179745948989429
9e5054c296c1d2f2,0.51777931818558
1b6797eb5d9c5705,0.509121773427414
310017f3ab9f0446,0.5124574575176941
7583173b971b8d51,0.4907309702166909
dd8c7fa17bedf712,0.5383152919352114
0e75a3d1d754012f,0.5608283137782651
18115a76d0192aae,0.4921640188687947
394bccfca68ef8fa,0.38324020007677595
6921f8841d81f48e,0.49715413564352295
7c207e234676f620,0.5093693421071469
65cbeebc62ea7dbc,0.4921721475729962
33a7dfca298a19e7,0.4847092116059709
3deb31a20e779c39,0.5349709975363195
d7d89ba6e6cc958e,0.5461034368911957
29882930c799fc8f,0.4878301665307061
b36d375ba9bc4f81,0.496604499699997
dc2cfea4029b4109,0.5245300305218052
e6c971f2bb336a69,0.5228514066296299
a58a9b2d3057e169,0.4746615737402491
37f2a5c8e1439119,0.5112719360045366
eaf2773affee9734,0.5201032899464932
4259664358cfc142,0.48468184805387626
4850b7baf69486dd,0.501433908042565
b2a74c39c4db06e3,0.4766938061410032
31b50c8a3f305378,0.46002079398137397
4bffb43a1ef77d31,0.5208839797206533
99ee26e29d7e6aec,0.5077582458478503
ed3a0c4d75ab2e5a,0.4753552014290192
d16cd9ecb5247ca6,0.5323918663198641
d14c47be34d34e1a,0.5178698183331322
a8866772d19613d7,0.5430947689706751
be9640dab9955ffb,0.4462798292606165
2523cb24635b7fd9,0.46599994377941356
54a42ef3c61c0b09,0.5240332820376727
79f89391e9dc8724,0.5464619332022543
3357e9d22e8cf0d1,0.4723804819346935
06387332df5150a4,0.5228366481475638
3be514dd9e1ed16b,0.49508389259371166
5ddfe8637b10919e,0.4568719719630855
dcae98d1ae31296a,0.5245995111053832
2e8eb9e1fc1eb30a,0.49078513699760784
987d83f24cdf3ef7,0.5222720503903595
c41e934396d2f9b2,0.48330633944663004
36c2f02268d20947,0.5031127997264672
b69d1ea9a2be843e,0.5654189433119821
76329158fb6309c0,0.5387356598245077
034b076ce9e62651,0.47538933069008227
b123cf1e36fb5573,0.4924406653826141
ca42813a5a86d590,0.4758350806469712
26e7cd9d01c714f3,0.5233648983649796
eae7c30f73127943,0.49101148647809933
49956684278c0b92,0.48264425094190166
a2adf3df8ae2da71,0.5069807131032082
2e779f676dd5ecb0,0.3842950443033457
87afa61023dca8f0,0.49806040982438593
4c651c15dfab8c23,0.482650591627538
7c725ed9e5f62738,0.4994320452655404
01b311ededd95653,0.5533374559720411
61e7b4655050a48b,0.551190018424073
0e82db878385d7a6,0.5126540209970082
cba5d55cbb2f3e8b,0.5325159779315405
c766b43bf6f994b3,0.4952419564007835
4b65632fe0387a9d,0.48051507161034157
dddebafe91dd8b30,0.5191779114836027
859b4c20f1a199ae,0.49962595691089984
d393316dcd44b698,0.5240115337621187
1dec3a029b6ab3e2,0.46484371753548603
57a5256a5a75a715,0.5480594790327217
e2d84eecf9de23fd,0.49231969004119014
c78b2ee2ffa567cf,0.4768735059704312
9f59eb2aa5028021,0.4935295624493665
b29a1da18a716574,0.5561318637721416
cb00ed5c50effaf2,0.4842430216368123
1c2200898e138dcf,0.5058145346565337
42647a5712aca36d,0.4717395984883741
7457144385fb902f,0.4354971803103428
03c3c3370a72654b,0.4781502930653396
2db484ffe74c0021,0.5454410494712087
bcafc41767b83c17,0.5414454654166847
f9141920570f6c99,0.4405838948000764
945c863b35d88058,0.4629438819025523
6123b1f01277b79d,0.5058518693981118
c117cd9a695b2489,0.5027182736821765
7ad560f3dc8deb79,0.5445701757159247
2265f81ff3d62bf8,0.44934579629178284
0a3b223aa4a11316,0.4818157831654919
76a3b9048866fe0a,0.5571861469277111
4932b33c4eca3d50,0.5075974625291793
13f0f38b0c0da9ad,0.5480209591631353
be315bf9934b9d5c,0.5183408356548482
1903297dac6d9a52,0.5093949338298267
503a076ee25996d7,0.5029892630309942
251c135e9102f9e8,0.514956137595532
22c6d5700e9c3114,0.49012956964957666
4651a403b72335b1,0.5359522006805548
95f27d2c9e5e448d,0.5642498769596505
1385b25547138f1a,0.4867208492143944
56177c8f54372de5,0.3764972160755651
f44cc58df8b48a7a,0.4908388668613992
f05dbce7f9aa6983,0.5129219292935174
6d29a45eaf714547,0.5041668876494861
c00108044b833517,0.4987161251501262
89032f449dcc13a5,0.5336718660437494
60ebf7790cd93ee4,0.5535322030179665
480d4afe7995b081,0.4888295463253166
8b6daa748322e10f,0.4952143919964451
47f94f52e028527f,0.5211642957678855
6c987d0d50b96943,0.5220310104995025
23ce974ecae9df8d,0.4551827230981752
4ffac93aeabef377,0.5105448931437149
c69b28a778867275,0.5235885185959073
ecd23e6ce42bd6c6,0.49439905453647004
0649e9e4aea6bc08,0.511830707587893
9aff1bf65f081e3d,0.4888426096373818
2cc41764ce0ef972,0.4774355249132656
91b05632d1a10226,0.5275250665480458
c0b694d5326333bc,0.49382531593001855
76d428490c658ea9,0.47747073847582056
5cfc7e8bde34057d,0.5342104150253197
e70cb405fe3fa784,0.5212414244979847
bfbe23bfa1cca0bd,0.5411958534399013
e6d49ccb98c69cd0,0.44460483036706044
1d67238074631087,0.465050115940419
51294ec7798e550b,0.52847580851631
6be104401dfa6fc9,0.5506656457025236
e94d97a7813208ba,0.481346199887132
062a93cb4c86d084,0.5214079825789281
d28fae541790bb04,0.4824768181456799
a5fdad2e3329d426,0.4378528293359655
21f326595807e8f6,0.5231224423791484
7f0041dbe35c8b1e,0.4923280721470822
1d61b5f4a259271d,0.5167786782038601
f465ad94639970f5,0.48489662399813105
89cde9441fc3268c,0.5089877041040225
05a14a77659205a4,0.5703404262969327
dd5e2fa07720986f,0.5466626153180428
2c47dc236efab325,0.47652496282412193
f0caf4cf652e8a4c,0.48662590692744356
3208721bd4d9ba2b,0.4885040856332843
b5db3008bd756fbe,0.5358099468068735
65e2789359e52e0d,0.496288584494216
d9dc4d98d95367d0,0.465007960747574
2d16f4675650151b,0.5000852333904875
d4854214b0c65cb8,0.37310840910986887
590beee0b6999609,0.5028366331188915
002241d7d842c805,0.4783523522060428
fda2ec87f126ea46,0.502478934424214
e7a9d2fdeb9bf146,0.5481806590715386
003b8f28e3abf05d,0.5675740765834569
1b8eba18900c8b07,0.5170554173007427
1b31f836d976daff,0.5468487128702864
4fc61b191ac46a6c,0.48585150575217706
62fb83010fb42bd2,0.4889149403498496
0d4a9e083515f60b,0.5149972744360296
4ed1a233992252a2,0.5189865195973132
81effa83b90b1fe6,0.5314633386613086
5c20cbb0bd9110e0,0.45668368944717397
b2b3fa22b1fe95d3,0.5382032741519415
b2c4c3f98f46746b,0.47944013529919405
921a29b2bd5c4a1e,0.48192201473109975
66f34577f102aa9a,0.49238814631692474
b1840afc647f2173,0.5313225035389695
e1cdd57f9fe8d30f,0.48690897162484703
d34c97ec7c8b4e7e,0.4997347148357729
6cb679a3b12e6183,0.44754282993691463
468725e2149a68da,0.4168901676658161
8953f9ab6ed042a7,0.47287686144550856
210be5e30435b9c6,0.5515766308637768
5c074caf49018b11,0.5518941358271545
dc7cf21a4348eccc,0.4332578937157493
a58631435bae8598,0.43687229438701003
8bddcddfc7c04aba,0.5087528816648061
68726c8cd7189fa5,0.5115257607865387
dde0ce625b62be18,0.5406397549144979
2a94322222a5204c,0.4463701501600974
24df063e13ffdce6,0.4664198052596753
993500dceefb344e,0.5567725601352318
3e021148929d4029,0.5225316822980941
8d47bef75fec71d0,0.5408473392802186
399d174270f4cfcc,0.5234751065067
68bb1bf4edf2851d,0.5085730716621075
94276b70bb1113fa,0.5104918081527385
70b2155ca7af9330,0.5106799774732176
71fc75537e01cac6,0.4831864441214102
212cf73a7be9c1e0,0.5285340797964153
f5951c844c08c16f,0.553970145244395
4d14551ae5d0d326,0.48313710072292415
763f66982199369a,0.3772332553540616
4d5c4dd0a69d3e51,0.4934948158148834
003f0a4143924180,0.5206975143569632
7441415152fffcf6,0.5087957241164878
fa863a668186dafd,0.4840728396601415
0b982f5646e613f0,0.5324845859116885
e6189dc9fee3ed2a,0.5519839156328552
36e7942d7b1a1fe0,0.48132290866265803
9b241dca8ab38090,0.4863236191242988
79f0f97e8bf2a6d2,0.5213525360719267
477810157f0eb7c1,0.5154131071231598
972846a2110a71e8,0.4675372216304421
f6642b5a21c9b460,0.5112981368658962
51a251d7f673ab07,0.5170588277960743
e987d9ad6e5acf58,0.5103140685783498
85f8da3f22063352,0.5255445385249605
ce58ff56e7514dfe,0.4739616028688518
72ba3d947eb5a71a,0.45745482141523475
7791a2abec4e40f5,0.5262335385276704
31d94b9af50789c0,0.49651208091974375
6146cbc360d7d389,0.4618275351738219
f761352ba2800ae3,0.5449581134174479
9411a1e0836f0bb8,0.5276335769575404
025ae3f9cf6c3fa6,0.5376060618806162
e9ccee3747142ad3,0.4383952031264734
a0a61e9a3d891395,0.46111757439106593
8e7f1190df9f8f54,0.510834295981911
a98ee4ca2d5bd789,0.5551467430426147
a1f9aa2551ba9319,0.47523073374149183
ffdae3eda065ec06,0.5185663153053519
6e3396614ced58c4,0.4828732926411603
e98489ad0cf3b569,0.43363124955554266
da8b7c752f1f6839,0.5184946870051601
77b826f56064b369,0.4893725208570183
ad797d86da8cc5c2,0.5095585490392298
e2ffde9109e7e2ef,0.48679977218607506
ce166bfa84630bf0,0.5172067868592538
dfe5a59ca8a79c6a,0.5702840844965181
4b421ed746805f23,0.5585496536882363
759ef37b8d68a113,0.4785278181733691
42c7b99729e0367f,0.4772459153136521
bae221065bfeb090,0.4728149647407831
fe961b48688b1561,0.530445894794368
bda13071bd7d9760,0.4874307080565168
4dd9a6d8b70e1838,0.46090786712656495
68694dd46e0b9095,0.49304917936527437
7fe21861697a3f59,0.35974413532594396
26fa14f3518086ac,0.5007656044875585
b4ebecbf13df6fc3,0.4688333112613896
047dfb24f086d02c,0.5126531463010064
bd665dc992e2f704,0.5525882973360081
9cb5daa25343d627,0.547473107993417
ae494fe19a2d8525,0.513336468361875
010d63f6e36867ff,0.5435727302732147
6838c87a2074c3aa,0.4734014015908182
0abc429a4554d3bb,0.4932728411611853
bb968977f72a6d17,0.5244962761338228
fe10e68a418c801d,0.5263988084766809
92f67b9ff2fa8ec7,0.5301675058801466
ccfd0a4ec95f4fb8,0.45265466882192174
b830daeaa38ca9e1,0.52768079578619
66b22ee41e77a8c3,0.4836803502262972
69374a62dce1fb20,0.47907635434980433
9555c153ba37711c,0.4961805883213718
d1505ba80f975317,0.5447455483142853
43949de6d936221f,0.48497917343973196
0691dd620783397a,0.5014644714339381
ed3f070001079299,0.45105810959348747
441117b7e9902a7f,0.4466647149031857
974b503f386b2c96,0.46815660423139294
4e81bfaad5d7e346,0.5583542605280052
560d3d44015b80f0,0.54757616096484
48a3aeeba360dcea,0.43105816283954657
6c1f03f777ad6cc9,0.4454052895234921
22c843f6c522f483,0.5079467879628092
2cdc90e103b1764a,0.5215605130316721
43c74f8cc1046a98,0.5352974326121548
02d86dfca02fb345,0.4477713304148856
4a64bb1584a3c31e,0.4721044309669282
5e55b1c39401e1fa,0.5585236719500237
563b3261624d2e63,0.5129398091288805
f4d8aeefe692ed0a,0.5468715182489186
137686442ff95601,0.5080637212623265
406571befd1ada9b,0.4997666826738426
35ae7431fdf25a22,0.5020624917557446
c0711c0c747c05f9,0.5033217291824872
ec69ecd7b6ebb7ed,0.48079939665877536
a9e73176808792ab,0.5212989582291543
dac68cf47263c1cd,0.5501579484945623
5a23db9ea46f5c08,0.4891719971641526
ad15c4d2d18f960b,0.38109490183019257
5d3942ba9b8725c3,0.49589965942506886
d680ffdef68183f2,0.5339424647862183
5c2fd427756a5892,0.519243069551621
3c29f07dd3d26025,0.48635469436067336
d80d247caf4fb850,0.5389133991431974
0c71196583b1bbe5,0.5455502673338517
d94b69517e9b64fd,0.47300085404348424
53129d0e9e4a0782,0.4796759849972425
b3893ea575648b5a,0.5461269485048044
3fe1c5f27bc9b9ef,0.5359313765463339
59e94c645340aaff,0.46237159652022797
977a9886307a1b07,0.5161379464725824
bda39fd701f196b5,0.5255540201592579
69bc17b274aaed31,0.5217041929467887
f1e1ee01c21eb7a4,0.5310905794402953
7d541b539594d6b1,0.4773471766279609
017c2729e9a1462a,0.4636142249036629
6371cfbfd1f18c56,0.5340153424795147
747d6eaa59e5ee64,0.49176586800868094
d8e165c542baf56d,0.4554241449985674
df70506322b835a4,0.5481422085398993
e39bc0c5b3725be8,0.5265708995296972
29a848a0c6820e02,0.539571526011337
25256c8a3c583841,0.45064165647153087
3af2a840ca3b63be,0.4573892043573884
51d3043bc71ccc46,0.508187935182522
d2b7fb359ed1ad65,0.5617594813047042
d31c7d8cadda513a,0.4851624324577981
40fad588b1471935,0.5222727257352884
b77e59428b990c27,0.4753336778002145
7ea30b0759237e6d,0.43919549604121966
3949f66252a17112,0.5268066379944876
6f9416581ebdd512,0.49679984590798676
149cc1f534f24f5e,0.5164084167281238
898325a12e45117c,0.4841672224495118
6f5a9041553552ef,0.4993921184301414
efe5f2cef932be17,0.5696570817622842
d576cc6cfc52b82e,0.555807469022281
441ebd8cb30d9e46,0.48428182334112657
2427c47cfe3a52ea,0.46545688613355995
c51efa31b9920697,0.45289983220705865
0138cd20076d3736,0.5357726279016453
f2448b867542bd2f,0.47167369149250216
ef6dd956f737ec4e,0.4501060795829379
d289dd28025bd1b8,0.4858351160907648
0645f6f11190193d,0.37075317748320913
db33fce996630a86,0.517168614663341
6e269600dfd244dc,0.46181235862426795
ef277d1087e4af88,0.5173335339214913
792baa7581b72bd0,0.5457955415963525
755cc301e2c63776,0.5423878717545383
d67dd6631f3c4435,0.5072013505175622
2810ac3b21ece296,0.5478787198295824
98556591c8346195,0.4826632603079739
d3b583476ffa86aa,0.4905181393196455
279c7cca56dc702d,0.5224468818022374
b68d3b15795be548,0.5114084004107613
9ae84b0054bf7410,0.5233020853552663
11e5a812bbcaa767,0.4565717673826918
e9c37c5161d1c329,0.5227890655776608
578d434eb8699344,0.4763296065357767
3c1b8b0aa1712b62,0.4842156749092723
2b6fa1c5cd27f0bf,0.4994401468666232
475cfa36dbfbf399,0.5391482772776124
f082a72e53f3f3c7,0.48206117728262665
23959988c11c4de5,0.5053363703835363
d6e68eadfaf67a31,0.4490219036566482
90394a2a4e6763c7,0.43274442727835827
4cf8f7cb4f7847c5,0.44709135300853664
09ab9de64a6ef839,0.5495087234083901
a042ea3e6ec2f0f3,0.5553130444590333
45350d618ff6d4d2,0.44612450024619377
893571a4f4159fd5,0.45952518975724077
03b00b5540f486ea,0.5039018881957037
83d314f43b995b58,0.5316584514340253
476179b4cdcf216e,0.5265285096507446
6cfa32d3e9a47fd2,0.4185462332529224
018c0cd2eb00ee67,0.4532048015015042
abdef574f1669aca,0.5594251623065172
b0739db989adc9c4,0.5090514683181522
a2c74e3383e64922,0.5361232653318393
a957a77462b269f7,0.5160752042352292
129c7b2063389459,0.4935287989797795
7ec22b14f490b317,0.5033134697057762
eec74e27f867d021,0.5091449598911348
28bf9547c2114ab8,0.4857856036524001
10ee92e234eb84b3,0.5189677554390357
92efe130b29d0d93,0.5573294253518948
51c0d05322c13eb2,0.4837548583640766
969f83a9d5ab9503,0.392028427026174
de77ee50efd5294b,0.502278469173773
0d772cefff4862e8,0.5406850246416699
7baa3201443d4c88,0.506662429829194
160530051a40bc35,0.47157308278299903
86dd9dcb9a794009,0.5531533274250617
7d4100369385d1ff,0.5564977091703827
c860b301405a96ed,0.4716999742936997
59a757c99f7e117f,0.47485835679848776
16ece7b05216b368,0.5304960066936371
e29f0cbef4baa399,0.5232308775618492
1c86079c973a3f59,0.4661337207232066
950a797db71535b9,0.5114034848203571
e22fd940812393ca,0.5231167675057589
f09983161f31b4ae,0.49793046098987415
98912a3141cc3927,0.5348808050387832
d3b87c5c89f832db,0.47467351202197916
192fe916b0e4d185,0.4571656883560705
76f10d8f719808ef,0.5221189540469413
8afa46f9447d140b,0.49564240618207356
807432e1aa50113b,0.44242691399918577
db222b59fa092cd8,0.5393074151821595
e9e502a5e0906f41,0.5220356541096232
2b6b9cb87e5a03e9,0.5451041686302156
2308e738662c4dfd,0.45639806186649534
761a77d7077910a4,0.4643511819891746
e09c96224df65caa,0.5044603731989534
31b161e0e8e31b29,0.557092463417189
5a6033f7b75fb233,0.48814125900320293
0406a0850a81e97d,0.5157434506011391
0b88f4a651b9bbf7,0.47633787429558305
1637183f67cb184c,0.44262819869355474
54e5890a69ffc66d,0.519984219921459
569c8081fc69f882,0.5076970528170859
d1ce3dde3d91e382,0.5188699247923472
829c3d5288122222,0.4802531441490627
cb9a609d387beeab,0.5085520611886266
044ff84f8ce54236,0.5682435855999446
3cf31818a5d68b74,0.5507481371348043
dd2ba06a34d35022,0.4774901129420812
960986b0cf3fad00,0.4764722173322715
7a76f63a2af883e4,0.4771318650774151
d9af3c4409494d25,0.5184314852680211
a0bba5f589d41394,0.47919138221322544
f2f615fa2d4ca493,0.4546350357802176
5302fcaf07594228,0.4884830447568089
80b898d32f969e99,0.3750943124883752
9a7767479e6ebeec,0.4994603045342012
29db90152f7b940c,0.4567783620776591
ef590aaf0e1607da,0.5087096338237496
fa9036505d9c7d1d,0.5542155616476176
1649b9978d941ebf,0.5440982115737605
0db0e29e066dc11d,0.5048600906281792
649bd1892e4f28ed,0.5367051801784886
43b0a3cabbfd0333,0.482695740236327
29789c46b5d2cb70,0.5020489341663257
aeb9165999b0c092,0.522407896423659
6bb03b181c5e410a,0.5216047761163483
0fddbb510911cb57,0.5298429091738043
e2b7ab24413c24cb,0.45252616674742385
af19c023226fd1d1,0.5255236654837279
8f89fc5577f2db52,0.4744568818923025
6c76372454f9f63d,0.4834931163873313
2f969ed2a24d37dd,0.5015273347972158
d573892e097ef09c,0.5435652624001723
3f0a196f4782fc33,0.4752401677017577
115e4ede98f5c715,0.5041627135122958
f4c01f68799c1a34,0.45387432019715057
18e1942e980808aa,0.4539335407434302
d087164e0137e70d,0.4408673729214828
88729057c86dc728,0.5519706526210083
7ba68f265cc31aa7,0.5336628596054641
561b220713d6628a,0.4397834263683459
171b9ce474738089,0.4600693806049575
83e2f76836c8c189,0.5041074169528676
e16977fb0f033594,0.5399943216673001
f8cfc7939f8cffa2,0.5192941032791323
6054f6a982830488,0.42061952345412235
686ca0c9455a7649,0.4563470748007994
c2defc09636c03ae,0.5393252382666816
c261659c8fe98e36,0.5147697663445572
031e4ba4acfa6388,0.5359520546478199
1df9a0176ed66749,0.5207641586015682
771cb9453a3842fb,0.4979750083662666
01e55f837954f98b,0.5061021790248873
f737108bc46ed3a9,0.5205655204305711
a293b47b9fe23842,0.49052631389873635
c2893bc5108a9efa,0.525640566428749
0866cf6cb8229b34,0.5440340738926271
322f3dabe4d3fd6d,0.48919801535400753
f066c6fa0acce85e,0.38892419559332403
7adeffe67cbd62b2,0.503541443424959
96cbf3af2c74aee8,0.5518224575522521
5d1e701e84c3f9e7,0.5166178447962055
46ceb88e87d1f93f,0.48328899405811376
78ede4956e0bce69,0.5610537779263156
d929f8f85d83b3f8,0.5536956478395847
35dea7281153b407,0.46307878518931467
f8d11750bd11de2c,0.48451976840135735
13c8095ab2770d75,0.5370055370986226
6f7d2b63dc434647,0.5271209158000671
320db6691a904e5e,0.4716358225905827
36b0b2a374a36a7f,0.5163726931574895
27902ca69c19c86a,0.5238052327366376
1afc5f56e8885ba1,0.47218519438051487
cd449db770b71a3b,0.5350087527347527
1223d5078766b7cf,0.4812005923530087
b4ff2c54cc7f1539,0.4667439641667973
1fb2c9446dbb9bdd,0.5221910951245642
5c282611a538ceb6,0.49899704356574426
2f57c6d4db673fed,0.44920271480690954
fe40fbe765f3ed9c,0.5484603630704046
109feb291d1c2874,0.5055686551332819
27ef303c8ce80e12,0.5434911869401777
e9ea170f07ae91e2,0.4523194128377803
d4816192665ed5ab,0.4694011919779575
14847e88d6a6a21a,0.5073930501611679
8e11a1bf2740b721,0.5469435981294894
b8f9e6edb1c9c637,0.4902208400421282
5954d32ead8ecfde,0.49807581671681334
c9b4b21a27992b6b,0.48372135880458966
29653717ad657441,0.439703621532037
5f55a9ce691b66c8,0.5275984987586066
8de709d5c7cd611e,0.5223397590759886
e67796aec311671b,0.5286173254690165
14c6df4a5282f774,0.48688652790091413
60b27ec2f4870247,0.5134033857712839
977977f3c882194d,0.5535664058249766
cbc976c049a33d34,0.5431670221551078
666a0bb2fc529cba,0.47985042617588003
002baf747abbbf39,0.4875457650044277
35a01aa51598ecd3,0.4786215309205546
7a87f75b299dbddb,0.5228284502462655
9bfaa481ac023573,0.4895435873548091
d39d7ef5062b6895,0.457127121521963
f0e47df2ead4af92,0.4963224356487731
030657852533a5af,0.3791455167261488
42d316f5d595f9dc,0.4849706020569954
68c1c822be0deb14,0.4441781768652716
af82c71e14a460f6,0.5181472833611833
9345328b9e8d23d4,0.5423553763335146
c36e2db719b95c16,0.5666270413758148
c2455bd76760804e,0.4952831729856796
3b0f603da041508f,0.5419343690185101
eee5ffc2dfd3f6e6,0.49262137685118956
e60b8b3bc28960a4,0.5070888042199307
13facc6e0bce5a77,0.5226843371797196
abbb57c5322ccffd,0.5219143963212549
df8cf44c84f83063,0.5229788727328795
9eea5bc98a0d42a2,0.45023415685205215
82b522d90f697418,0.5429388607933039
751b5773a507e1bc,0.4763276146869144
15606261b79e5253,0.4882107200438548
0ba63dbd90c1372e,0.4924774930480228
0f0500fe2d8cdb92,0.5369175929833017
c7c98a9fd1571e33,0.4792677413428861
d569e484d8334448,0.5055692421835996
41f50ce97f801e65,0.4572666468814707
98215c8d8d0789c8,0.4671269186222592
da8dce755eb43d52,0.4104939556412611
461fff75de2658bf,0.5423003726135618
d1d4d25843c70fec,0.5376607058180891
fd76dcffec5e1b32,0.4448566763651127
bd2b9ce3eefd3874,0.4032801918601501
8df0458231ef1c64,0.4999928783229496
9197d3d859e5f9dc,0.5424295357731648
48024febb90a7bfd,0.5324285288860281
b3efa8c76e4d67c3,0.4266401198214831
a5e661ebc308a400,0.4498857344758973
efb5d267c80974aa,0.5424163177707676
8eb58403793313bf,0.5060408732728465
2ea6bde1d8d556ce,0.5367669992374506
2137bfb6db0f87bc,0.5113549866244163
80b5b9e4fa992de8,0.5111773527341854
312d0f77d0e9ceea,0.5114332182706455
0b271b40b30e4282,0.5158106747097626
b345160c1752e0e4,0.48578268744870634
ceef7ec89e8de1e4,0.5271576879363693
dcd55d6c205966ac,0.5416364795166662
01302d9284b7b8ba,0.500899414962268
1222ed8fff17db79,0.38720459506662497
e793578477b1b327,0.5119586292509789
3a19364417237e3a,0.5487670697423292
4389e646d8756467,0.5146983668319383
eae3feb4b5974344,0.47559029543972264
c2a83535fc224e5b,0.5595345700332788
7c3ce1b3e2afbe75,0.5547407240249923
a15d6e8868a93272,0.45498224003537435
1bf79360696a201a,0.47473252626857376
fa011e873b2565c0,0.5202088796137065
85d39e1271818e91,0.5159719254667304
9f9eff6883cd6b90,0.46907649028878917
b54265ee3dc2a115,0.5203389252759449
c7e762bf1d1f5e6a,0.5334151832892027
f0fb08325226205a,0.4825513405110381
29761d8e98a62e52,0.537611152472492
0bec134ca8989c50,0.48980472695863697
47eafdd36c51a28f,0.4701353444453966
9e59246a87627cd6,0.5261793314778702
3baa471a866df387,0.4992670164569283
73416ebe50a08efa,0.44796545967054224
04983896071f14f0,0.5463655230111224
d704db9ca7e95dc1,0.5098705133427842
fc2ab05f78572827,0.5426214518263752
483e03d151a3b543,0.4633203775152638
5531d6cc66f6a1bf,0.4796000091130287
ecc31fe2027e7142,0.513594991964659
57ba4bb0392777c0,0.5453713121496573
72874ad7c7befd50,0.4860811462439698
82e1906ebc8da6a6,0.49740920583431536
74a5417288dea5d2,0.48054604042688887
dcb9000a7bd64f34,0.42848269524313054
5868794bd35011a6,0.5310725300021272
59920230e4469c06,0.523231903604745
e42a2ad61a18d21a,0.5263412361313075
3d97b55982024416,0.49323583301456386
b822891cae6ce2ca,0.517717396557846
3ef326f0b9faeea2,0.5414700415497409
f27813489feefaf9,0.5413766190971936
72410a1459c79c09,0.488657359659072
16eeef11267f794b,0.49927409006337387
6f19e7803c9b5260,0.4915403887353097
157b6414d5c931e1,0.5179344671823192
f1748c589c805aff,0.4930600212333619
57d43aaff0f70efa,0.44986011308970686
a4bd54b61ce8d19f,0.5015224186574265
83544dbd0aadc7c6,0.38446261250818003
5acdb79ae9c6444b,0.48513500818291
b1606270be2b699e,0.44003285820157223
223ed1b3a15c9ed3,0.5363364005686846
5d5e28a68e04a43b,0.5416284220198798
ba7cc85b593cd7b5,0.5408442617063749
fc267b4baef0f785,0.5086298703548287
1a3b143a3a7cf8e5,0.5422487440087154
8f3b25a4a8028d71,0.4783736427380312
41bb2bc75375f6ee,0.5096047527104384
9129cb69267d3410,0.5147342420388992
06565d57b9883063,0.5176734191570083
d1bfec5b1434aae9,0.5289087269620505
54e69664e74ff299,0.45459383644180285
7814e44993eca5da,0.5342481048815837
6e03e4a557dbc1f6,0.4744853811165033
d28bbd93793f8a32,0.4776612200423156
c9e2d92bc5741480,0.5279173640557375
af5f85743db510bb,0.5302774252169353
393b5c3f971e3c8a,0.49535312908259876
c86785b91798508c,0.5226008112903876
5bb334dc1c38e624,0.45661610611878456
1ba625d9999b4595,0.480968624210384
d2e6f4b77d5b5acf,0.410124390813552
a6c94eecba18808a,0.5502580950232034
724b5855feb30afd,0.5429305173581774
8d13a7053c94c157,0.4396137940873155
5517d5141a4d1fad,0.39231700040295236
1189ea99ae644af0,0.48153608076018495
1e6044d46a6a2298,0.5551379643562544
30e51c809953a6be,0.5334858149723007
ab3529da30a22c9f,0.4180726814470188
a6aeb2729758bab7,0.4568054409154475
517edcd16ff5401b,0.5454270496640529
d25b26f438d280ef,0.4932043846324923
e90d197bff8deac1,0.5371161004205692
363ebe6564ae30fe,0.49246286493713143
e755ccab3e7920ac,0.5024337228115621
02ab643c9e486030,0.4995437528828006
48ff02362cd9ba0a,0.4972388267156359
3d83e992affab4bc,0.47428380999812636
08e8c583176532da,0.5050585055428386
e6b3278112d58ab1,0.5247353257758613
bc88abf5872b0ddb,0.48311746663792277
91be24359774e9f4,0.39011973810467304
7d1a7629cac9c4c3,0.5304038449231843
6dbec4e7c7bf67a1,0.5536482817778656
b85415c2be8ed09e,0.5208777319482645
df2b986af51b0988,0.46703146136169926
88694ffc8496fa31,0.5597680907279379
14a76bc7bdd0b8a0,0.554009971420715
f30213f7a2964d68,0.4566666792642927
d41e828da1041066,0.4725416597505444
42131ceedfd59186,0.5402715680175126
6e9b7150d0b231e7,0.5358242714066992
83ada7b470d8238d,0.46285764882058456
5323322b68be92e1,0.5235257670364237
fc9ef47faf883149,0.5367679007999064
5c0cce4e6e1dee36,0.46908082023023145
054f4d950f9e626e,0.5480372786598191
bc2764bd14623bab,0.49636227344012174
9f9b1fd2e5f6ff33,0.4755298782225047
bfe75ee9a0adebe3,0.5371496620636311
88f0cc509fb00091,0.49975080315333276
54614b46a5329086,0.4547374387274725
2a16f8f2129f2632,0.5481203071862635
9fc03495007113b5,0.5199465714414216
a176f41172e2239a,0.5343305764850163
930df06801d8dfa8,0.4779097618602205
18e9f6a3ac6541a5,0.4789009242190221
202cb1482aaa86ce,0.5057698165775599
1a608234c35cd176,0.5471288855528591
9133cb9c4fda893a,0.4931725189212208
a9bac87e3d8d74ff,0.5011123308461738
727841443a777699,0.4737556281306011
476f9a13533d21c3,0.43069683211184606
0353ed19524930a0,0.5427469069385462
4ed66ed044de6c9c,0.5268837659629251
1872e73ef963c0f0,0.5305026876023012
eefc8c9ff903debf,0.48141569093647685
7f0eaafd8711d170,0.5095743361670813
9bcb68c38ae12643,0.5557964508725726
625f4390c182649f,0.5618825603393083
fc6cfd17c3ab33c5,0.47736485555577424
267a1c0f90d4b719,0.4778279265720312
3f6713564f293c07,0.48409214205946094
f522d82ce94cbfc8,0.5342564220018113
b6dcc2781d426730,0.47733938214372995
af0b9dd25869d0f5,0.4486193529223268
844d42cee82b31b2,0.5040821699104323
035273842c7d00e2,0.38283990573364424
3db86236c6b2bb72,0.46394882900260725
4e76b056cb490f70,0.44329979894939553
b2c58914e2ffdbd8,0.5289885880610168
29e78cea2d6de657,0.5369488624724109
184980f2b88bf1a2,0.5395128631348445
64d52c17c9da761a,0.5176717498745329
5007a446fbc5a355,0.5473926158005062
a6a224d054921c7d,0.48353355137564025
6ed305de7c68c5de,0.4993848710108082
df244dbcd9fcf8e6,0.5152715691755614
083eefe610ad0b79,0.5143315389843388
bebfa73ba08ce2d9,0.521023360592695
f0213a35010be8b1,0.4519626116316341
4cfe6993fbffc293,0.5256358760966289
8a885ecae0382153,0.46950486152209625
8bb2a653f0d3e9c6,0.47328281207286815
41c1954fa9f81696,0.53560998444798
c2055d0412a879cd,0.5320269584891439
0cc51bdc8916861e,0.5116249712256924
bb21801d2cc6e18c,0.5288582031860511
27708c54f9980543,0.4571575321719671
ac0ae2d4dac815ad,0.4836446924848393
3421d903765811a3,0.40439621082624344
2867fbf66eb7dd06,0.5479583876408003
94a89bdcab8ab234,0.5420404138761692
082c55a322ad1814,0.43229333524202107
8206c68324195368,0.40183036913320436
439519f944b12320,0.4929542625888693
25eae09c64358f43,0.5500126775957033
235d680b37cb4e31,0.5332369986677008
16ba757940c1e26e,0.41882617647297826
0b47abd2e957f133,0.4568108213855371
644c0f14564ed6f5,0.5457067303436149
b5faa7a2e48b9e6f,0.4941592619764492
ade590ff33dd8cb9,0.5460743447559125
0ac517cd4a1ccc5f,0.4946886624381186
db41df7b36be56b6,0.5055122180797673
49d330a56d8c2c0c,0.5040267248925214
aaf030dec095c5c8,0.49942235771173304
dce53c1b1d57ef91,0.4699108917899921
ccfad36844c9208e,0.5168348611889486
f4761ea2ef795f46,0.524726915986385
f9a32cb9e81d997a,0.4885741441741641
6e0717e5b63f526a,0.3913609785927733
204364da8e3a2066,0.5291192977606771
56c8826932b0aae5,0.554689246857002
2cd6b91abd5a8be0,0.5305621091240862
36dc0c3fa87fb1d5,0.46064572304642404
25fe2be22d586e88,0.566453759625947
918e1ed1d7d7324f,0.5556753607111578
3fb4629d1b786175,0.45502241224055295
b20cc2e0a9358b4b,0.4795298819077277
f4e834427793e415,0.5367481655161481
63b832a99ec29a6a,0.5356144716466176
b7c21aa19eaf9b27,0.46689254892449417
56d7987a4a93c5f2,0.5162645782574521
29d382ac6d51f0f2,0.5339801062423468
df701661a4b0900e,0.4717557018545584
ec989166c37a7687,0.5432345576059529
bb25d74e9537e566,0.49637833346574
4704f716df5ad378,0.47138341581686005
0c1ac444d59ef662,0.5342598300505937
813256f606b71786,0.504914899004105
2440042b88bfdbee,0.4477408618436536
cebf29b08f1773d0,0.5493085747973352
93283341f42d933d,0.5190583677195589
9e54e15bdc358101,0.5368698889875676
ec0077a3e6754814,0.4749460423552557
c5cba44c9049bbef,0.4810956161083726
902979c8b8ff6fa5,0.5077343982912328
40bfebe5ab121b3c,0.544506761266767
481a1924123fe25a,0.49508216362060886
e94a34a39c630bcc,0.5026271100510733
e9d5e5bc741289dc,0.46587284680583785
c534c27c55a61112,0.4365241840213918
bfc061ee60df39bb,0.5385554974046944
1f96f26a2bbfa189,0.5300789939734398
cc8bc30fc0575be6,0.5228813379457977
229b0626ce4d462f,0.46045555601706056
35909bd63d389d7e,0.5003721672835754
5986c920e265fbbc,0.5568995609485059
7e76e1557f6e2ee2,0.5626341941281767
28f24a7a3f31f5cc,0.4699153213911561
e9b692dec378a2ec,0.4856026825615831
e5cfb496843832f1,0.4853482925823447
2f22d1942f0d4595,0.5406885936871229
febeb04be26c87de,0.4749760222904522
5accae83e379195e,0.4439248716857316
92efb6f8905e38fa,0.5160649464560725
9749babcb8ce426b,0.3882863565024055
d630094a111b0acc,0.4720880997693494
41cb732f7ef0710a,0.44675538169562257
75a3e6adf54fe6ae,0.537370389040893
604090b32298c340,0.5421478404581783
00f4b4c1454e8c97,0.5393103928224572
5203c7d2a31ab3c8,0.5207745323438802
1a72c785f34d54c4,0.544391974757317
04a38848f67c7e0e,0.4710481689542394
a5d7a194f2cb0278,0.49849035604989755
39caee6ce5192e77,0.5193520982064725
676194c8ece882ec,0.5105761803091553
ce5fa48db6825720,0.5260255915551201
ef9526ef19a4ae9a,0.47169265499860413
2057e1e26ff2a92e,0.5306518183417488
b5dd70830d33d196,0.475359108707188
89bd5b66dc88b12f,0.4786642780796214
9e3b598b7c47e9a4,0.5344180442785647
5a437004d25ad499,0.5285340177456905
0461877c4b3f19aa,0.5044213605129666
f67492c2f98e5eac,0.5241343085242995
1eb3e2e8eac29089,0.45295653461518015
a690c94a5f09a79c,0.47561831850788283
1304a2c702053f72,0.4029601716463539
817ec55bded39448,0.5425311620552872
a1e2597ff4cb1205,0.5471896442560363
d00e52c82bd89e33,0.4515696086207973
44c32d10f8dbe9f5,0.3870925674533561
e0df48ea95b6270b,0.4881817554005714
1f25fc8a197fbe4a,0.5549015214874393
e6474936c8ae2bb8,0.5328412416960198
6284284b89ffe0cd,0.420456494942278
fe3c4a93162208cc,0.4577419850597465
4f1b3e7e8bb8d470,0.5591958888919708
6dbccf6623b81147,0.4957584840578185
2222052462686c27,0.56205143459585
e8ca32f6cab4f830,0.4977863158703758
1ff6f9250ec8b8e4,0.49817700270052634
fea8ed178bb1d9a7,0.4939130781520574
e626275ee4a424d9,0.4851173454964097
0ce369fb46c38bf6,0.473300228978759
6c859b3ae6dd8081,0.5066407384428782
f4431c39cb0cd91e,0.5291772032234812
e52993c173898bfd,0.4810636845272146
531776636c2a9160,0.3926940347202651
3907a0cc3c2f8f6f,0.5334166978439335
be62b8e071f7606c,0.5328945322072447
664e9a862bfa1c6f,0.5440339300660192
45d988a2a9c9dea4,0.4565156832262819
ce0972769043fa1a,0.5404120912560755
72a83bd592d0e9af,0.5578150179867971
19c566aab0dd7115,0.46127626846007497
365ea365484bb471,0.4812338345139302
6739ba6c8d20833b,0.5439709062839584
873cc5ead67794b3,0.5520634709877339
faa15c0a94c88c9d,0.4684023167676379
5565d23ec068ef7b,0.5143951856119089
4760ce20211f0e72,0.5318808065379503
9307198515c2b7fe,0.4604497581376691
f9a7312787dc170b,0.5470631592441622
ffa8ef39cb67b415,0.501251978098554
14f7d34f1a37ea43,0.4781217684039234
65e6f7cfaf67f122,0.5314230339486489
3402cff83c722c16,0.5105200652178764
97b7b2639cc1c4cf,0.44095109457673254
352a6ff075793c7e,0.5558069897347049
cfb77997215dad07,0.5189744228447388
b56bc212daf62d5d,0.5343746662153925
af2356904138038d,0.4703174505272216
5980966d64d6372d,0.4925670640609733
3f205c9f0f341bde,0.5071256366158647
f33fa296ebe835c1,0.5368031896682025
1c7b81d898aca3d9,0.4864531255475575
96c26538ef4033f4,0.49470022539908864
94feca7ae7e67d7f,0.4870231328660817
02b26491c6f7ba54,0.44576546905134473
c66a4050ad7e55b8,0.5335874914448326
9a5206417aa9575d,0.5221862852865862
796a0714ce78e88e,0.5244063907324992
f84f916aa6f92370,0.45467105358099813
aa9897212737ad5e,0.5005833993267325
a35b8737c8ff0d76,0.5597358327880513
48cee1935362a530,0.5685094997059927
c4112323b2c041b9,0.464785718332285
cdea7f6dfb253214,0.4745513220438832
5dbe738a06ca90ce,0.4739488557025531
b81a837d358e33a8,0.5529802226051376
93c90941535ed3d3,0.4719945835805882
fd4789d7b8078f61,0.4579657127919472
e7f0cd5dd4a39b1e,0.4968348969089591
b7c19edc6fc64b07,0.38195545640365114
94a31379111c878c,0.457521345946865
f11e86444bb44e26,0.4524349586782789
036700a337d24424,0.5323874968894713
9db69d14eb2e86f5,0.531686840322852
dd96c1c028b4ce5c,0.5387092669010225
162f23265ba2624e,0.5265503069491415
2e247583975d2033,0.5576865790727932
714603269d948e3f,0.47630192508642255
05c7476ce76fd3cd,0.480992165150151
d66ef1c9a6c5ddd5,0.517305877211865
afed968ca221ff91,0.5000170683613689
2aff33550957c1d0,0.5181384242073919
ef15a8ec934488f5,0.4762112654209941
35cb3d527fd7d156,0.5319202818724849
11dc7bc96387d7eb,0.48482972048729756
bc776a0f3f544f12,0.49688159301976
dfa917e12bc60434,0.5365949798833676
5cf6575a8cc643b6,0.5304288481832449
318fe6d70d8c07ed,0.5050697147815006
31e1674eb09a8727,0.5254393048557549
8d1447f1ddc739ee,0.4504256381552615
7517adfba8db9509,0.43822223007767014
7e4bbba4dfab9749,0.40485274732302867
9f1d0cf9551ef390,0.5462786529737254
eeb6e987cb905ec6,0.5429186942282067
4f4cfcad97272508,0.4336850333953154
c2bc2beb5c31bc68,0.3983709283518625
c39b5311fbb64dae,0.4959386447044345
30b65f16cdf692aa,0.5548513661537289
e3ea4cd78fa18e3f,0.5395259615259698
59398497c6c632e2,0.4138735510167093
f36e991beb2e3197,0.4588764546893114
1120a7cccbd68ada,0.5595964713520842
522f8341c92d524c,0.4958894433653198
9b0146bb2e2fb4dd,0.5527795678069494
0114250455827b77,0.49955236800190495
3b36c688bcd54bdb,0.4996594842050287
1f60b378bee3578f,0.4968753451567953
976cc6f9ac928652,0.4932209165836837
63696cc356131836,0.4832702564718455
cb9fc80311587d52,0.5052545308007662
0bedcab84b23f1ca,0.5265789887568488
8a2ab8a2c7d93957,0.4802542958963312
7224210e60b3e82b,0.3905803101156383
2ed1651ba75c72d9,0.5484588688881584
be22c3aacd8d2d42,0.5359464490472363
6b0410bf3ca99548,0.5171648853796437
25dafcd65e27f3c1,0.4589860496046735
650366df6cfe6c77,0.5387659382571263
fc3e0318c1a8ed28,0.5512622525839239
ae5d7d01461f1359,0.46186623929771153
f2f7dffc764631e1,0.48412742469469405
adb52c9e904c6fae,0.5407376352816401
a3ba0d6ea2fd5b6c,0.5463939149713524
786ca325c211ffa5,0.4747440529303897
04be387de3df94c3,0.5021845554610999
022ab2fb91a97a4b,0.5303235161713025
bf50c54beed0e128,0.4734546223471203
23d7a0c3076545f1,0.5443026986531209
e1e79d721e7e9030,0.5169811758188692
ec6baf56b36b881a,0.48714950035796456
0fd118e059e247d9,0.5347001210562086
8c61f3bd8a6f040b,0.5152185173744372
f6fd78e0fa7bc4dc,0.4485091871755509
bd14de7fdf5a49a8,0.5535753662019035
3d74b7898637d9e9,0.5257534052484036
4ccabcb1288fd4ea,0.5395340852775539
f01a7af6a45ee6ec,0.45763532537125595
2df0bfa334cdcd12,0.4896082517679069
4756bcf22455159c,0.5063778049050843
04816266a130c433,0.5389027506147768
e4a27ab3e43a61af,0.478292329882255
4a43633f26689705,0.49191181566827413
e819e22cfe486fe8,0.48658773206748185
6c9032e495ebb591,0.4385876639196127
44ab94f3fad5fd43,0.5351547830789037
0bb5b5b69f00de64,0.507266981965464
86adceb4e73df789,0.5050833677160271
4449a30ea137ea8e,0.45480320458822754
534b7e3d557f3b9b,0.5026491479047693
543f5fe57b9a1f85,0.5543827246814219
20112cba76106628,0.5684486235921768
2efa361674de1cbe,0.44921326881265855
93f415061637d157,0.4799355204240203
037fc31b051f4d12,0.48163774021618333
84fb65a4a2b6e54b,0.5416420765095815
5bba8a905a58f3ca,0.48431440688092176
ad83d2c665c6e3ad,0.46444484665030905
3c9acfe2cf53a527,0.4992304148762807
f108d5a309b32e0e,0.3864926663659999
e9a6ac9a992cf630,0.46996300342374664
f6f0a7e207fd6e76,0.4525116256453312
76de36ded7d7fa1d,0.5359548944043333
6f9c99b939726399,0.5339642814904966
1af773d02227a4dd,0.5381799340573434
56d831526939f07b,0.5127932672596622
f32ab16a82576bf9,0.5528651624080148
c0fc9d2b7bb0cb51,0.4814798866198582
3c9ec3f7369dbae7,0.48058760715669113
d1d92bdc76d29049,0.5118595019904693
fcda613684b555a1,0.5059290593799157
b42e93f7905d7a02,0.529177607972068
78913d46659eca75,0.4692002281531381
ebbca1e3d1ce7f79,0.5191307191624392
c62830481bd1c982,0.49582909759200766
4cbe186c474afce4,0.4976395952442685
2a6026f0e6661230,0.539270891060906
d27793b33a20905b,0.5454943349750511
9d727eb95c86e383,0.515708159191895
06629e5c3d450b4c,0.521525589789695
a4870b9be9e05771,0.4463168032560312
e121c4e90bc86711,0.43420977669064764
67f5d219d45fad18,0.39799186719197543
4768711550c21d66,0.5544917407293393
aed53d73ea6a351c,0.5305859061987779
3d881e6bdce12a87,0.4472045904169013
9563920460086486,0.393171021578277
03903fc3b81a99f9,0.49664832625070976
1872e9a4873b0ae8,0.5539588972019898
831be702feb54be2,0.5456810278112905
43a1d34c8fbd64ae,0.4196997402587399
2306ed3e99c507ec,0.4711483943464486
08961b5134331442,0.5474429888993235
b47266a2fb2b2cc3,0.502950086677025
0a8c8fbf792261f8,0.5577248462141022
6e2033504c4a057d,0.514908900452659
47b6c2fd39a489bb,0.4989140430646497
3e3106abd909cfbb,0.49771894483198176
60d77ed3438a7629,0.5090103959552519
25fd59ce0de97970,0.482301383759849
6039dc3fa12618ba,0.5107296612988472
debd449a45d43c1e,0.5296030193204468
b790cdab22bfd2e4,0.48767333766842536
49b1185187ac0d15,0.38386155486895923
2389ea1659b203d0,0.539566036809134
4a332d27dee69f98,0.5425994471405009
69c44ce7c562c18d,0.5019144448996903
e30fdcadb41e5b1a,0.467622130351557
e933c5f61d158517,0.5427620403995086
fce70aae333aa95a,0.5581285161361351
57b4e1e9ae4565af,0.46176335895302845
975094ac9c7b157c,0.47779518470591054
e9166fb6a17729b9,0.5415828943267296
aac67270d6c45ca1,0.5410802754070041
79994f16792d5b41,0.4656792961516353
8b4036d41f6a90d2,0.512623358214323
3011bfb3d3e44887,0.5350660486025185
2d3aceef4a20d471,0.46292825195855736
3ed6b302bc91018a,0.549458625398392
7f9a654197e93d29,0.5051657288063682
d265f3cedfb35c30,0.4833702590103002
c2786de24687f4b4,0.5380097886816673
9ba9d51ad7de1fbb,0.4999881123910829
18277a0607e215d2,0.4528426278613633
1d9ae9d1c80ae406,0.5545789766238127
ebeacf8696f9233f,0.5165418275009386
6c548fc6334e1ffe,0.5373184556343169
d04a3cec881bc5f2,0.46371693673184133
f6567ff429ea2cc3,0.48805591710362417
94c58a0e7828b07f,0.516375430534253
c9ff7ea04b1a07f8,0.5425354121765996
1faaa9b171e51f8a,0.48039683959948265
3bf3139ac976de38,0.49617726922819083
5a619067484efa83,0.4715517283867343
7b3cc16d19ef0fcf,0.43524817233293256
8da19d23bf1a8801,0.5371704003601026
0d5fade9b20523e8,0.5023817270464666
d19deb32c79ca325,0.5053112558751447
d0d89df4b9d74c02,0.4532186783683473
f9cded3ec2fecd65,0.5010757693241091
ddfc8edafcc5fcb9,0.5622801809065712
2a6f56dd79bbe290,0.5657296515485052
a1fdb6da511b4848,0.46243155132055636
3c4604189f8db6f0,0.4824461541711329
11bc5a24ad5773dc,0.48190745171411864
c9f700585d37dc3a,0.5442295210720223
4dd41104a1fa2e1b,0.482427007134298
faea9f84a6f50106,0.459230997322288
28b47b5cdd107433,0.49819995894941416
e92b1939c5254e29,0.3838745517692699
9ada445934a0fa74,0.4599414832996066
86faf32c3e945fa0,0.4539695762449929
0bd9575f19f64aa5,0.5369811533766433
de75e9ac9582607e,0.5341877401721824
89753d25795403b1,0.5442469610496812
6e282c749b340d5e,0.5169814451769441
d09e68b1150353cc,0.5637857002671327
14d57ef230557410,0.47664644971928904
6523cdb3db836629,0.48316069479638646
fe4e20b184f58d77,0.5077108818990408
4867030efbeca8cf,0.5001603091266718
2d3ff6ff8586188e,0.5249699707260598
02ecb0d50c608901,0.4733910678648179
c5507bc56f21c50e,0.5124342399990561
5da8af5494150f8c,0.5095057425480931
77bbc58634d03b5a,0.4932879963265463
54295cbbb4a122a0,0.5398890482475251
fa579c45fe38d365,0.550148624756752
dce47e00a694fbd7,0.518175673207465
caf6e195bf07aff0,0.5371801344887261
bf8d54804f56f788,0.4541202785592211
9d2edc9e5e5fc9d7,0.43777872441147925
f5df7c4ee56a28cf,0.4048137032355522
83045741d5697f17,0.5528507666538871
09ac0bafbbfbbcde,0.541949446147245
703326e294ba9dda,0.4484330810924273
cde4c210f40dc4a2,0.3904486094164292
81b6a62d1280bdd8,0.49664565857040077
42d8374cdc6282ce,0.5513762544878755
c1fd6d192cbfd425,0.5548710380349247
9fd996c54658df00,0.4049681718219691
a2895e0c748ae21c,0.469353169388661
72ad63c0938774c0,0.5567228619785849
709f92d615b1e0b5,0.502073339049792
cf23bc6879371bb0,0.562685242360643
057e382a03dc75cd,0.4988917695431905
b761fbfe80abe3df,0.49512133475500886
625686cc52bfdcdc,0.4896427045711632
5bc833ced62ff1a1,0.5023181742339944
21cbac221e552749,0.4687535902448231
de24242a4f5f2f9c,0.506254696851715
868f3936a6612de5,0.5384866532485684
e42ade09fac73670,0.48426174330150995
254887cb730a6baa,0.3849504664454393
db13c81062275b17,0.5377969306405432
75ccf123c0f26d36,0.5466373602453067
2ad856349de1ad0e,0.5006059718317581
ae8271c468eaaeac,0.4774617463789599
f7699ca64741381e,0.5622506610258255
65b72b89831cc85a,0.56527377532604
de4c518e5a14b1d6,0.467342773294542
9ce1d187686366db,0.47518414870364567
f697e8871dbf71b6,0.5415739847046666
b0079ba7ca409ef9,0.5481362655536879
e29c0ce496371611,0.45284738031940164
56f656772fc47ced,0.5233467316880417
dda779d2375b14b0,0.5353346259240248
fd22bf7ade4babb3,0.45903131379256756
6229d73cab8c5a7d,0.5449527767606677
674faa5ea77b5d1c,0.5036750277117914
2de73ad36504aedc,0.48899438033804765
33d7b9a4aec0828d,0.5401596139031793
68c1a0098fdb71b9,0.4985982737136677
daba4e27bc9161e4,0.4491981640475955
7a8fe41889344552,0.5530666464001921
4c9d02cc97cc5b31,0.5268652395991199
174c704a2daacdf0,0.5339526933602725
6421d50f74cd2138,0.45783807381230945
3cc370e6989ebe78,0.4868691105471722
e11af830f6a26a9f,0.520605027670905
9c59ec13fcbf9d8d,0.551392630354393
55a4d00bab2feead,0.4764614861931975
b81b2622c5129766,0.4884238842873483
160becd96b853e03,0.4744215963550704
317feccf49e0c215,0.4279954822173798
7a6a8fd4a26227ee,0.5362215761562907
c14aa2d08f0e0a87,0.5011983643603758
216ed1a06b814346,0.5012879866371603
35e0518fef5aeb47,0.45091939698729455
c105a32b79b23e8e,0.5048440273106631
93300266cb735ae2,0.5552761707306901
94887f78878d1461,0.567696579289986
ae7d271f7b73da3f,0.4685966509414713
d79570fbf5997dc5,0.48758825948788465
bbb3b67f3af50003,0.48262285508269875
8cff3029b265b555,0.5441269139562894
503b1ada25641286,0.4789741035749824
fc8e311fc429d262,0.46237454184025806
3c00baf0f61e0e92,0.48897417539941823
f12f45cdcf905584,0.3705280824607806
4bef9d9158796468,0.4683212129432146
32eb131372f4d7ca,0.45882422254319843
329d27b0ddf9fefa,0.5296219120690606
062804b18f51ab82,0.5357316807876515
d6e490c0fcbd0d53,0.5382546312943621
75b432cf689d85c3,0.5222278739773618
cd696850bb094d99,0.5666282880604466
cb820fa381011dbf,0.4823332828872998
faf0a16e9024965c,0.47406292422290663
4e8a433ff7549631,0.5105769794817032
40bd5219eb7fbcb9,0.4975526026759265
7c76b2b3de52f179,0.5252945590436671
67177854cf40014d,0.4794891629613851
c1d17a93f3949f20,0.5130454211220372
7514e08d93367c12,0.5030028805251299
93fed0eb03c7f0f8,0.48933646086072524
c6e8ba0d05f7505f,0.5251081808612431
919c3be7c0b7f39a,0.5481538001883316
db28c62b9f47890a,0.5033219127266828
7b2b868c9a5861e7,0.5036295006799769
c8faafd4f35ed9dc,0.45590897796866847
dcd98ff1a64bdc19,0.4498206353500427
31b8bdfd9b637001,0.39191692613068785
9258acfd4915aee0,0.5537474899029089
c8fdec23ec10c47c,0.5442066163649331
350df6a8aabadb61,0.4556221098854667
88fb89a34e44004e,0.3887335863316328
4462b4452b7959b1,0.5027194015428488
c98c83ebae8af3f0,0.5560057327763055
222c83813b08a95a,0.5542583989412166
a849b7e547faa1e9,0.4074517324811049
72033d0403dc1507,0.46935882863967004
7ca342761b3799c3,0.5498147704082428
7268f2f5be4306f7,0.5037241286789922
3cb7fb06683c2cc8,0.5636686194809755
0727de76e3a43471,0.5050606994292137
ef3ac91001317253,0.5056982049355279
f8b35483b75e6b63,0.4972134028023798
72a23cd927606ca6,0.5113724873034236
20c2863092f6c72d,0.4821451524854945
5e4d629989cbbc48,0.5143546128316696
3d68318e67368a03,0.5298557399828843
43f96913990eda66,0.49558634193781825
941e7ddef3e0c016,0.38323092797180014
d1567830a6f24eee,0.5441695428449884
d9405ea70be75863,0.5444537649979437
3cb01dc23f22dfbe,0.5020762908138863
c670c907cd5f9d44,0.46474911519041995
9e4a5e27def255a1,0.5508826152879165
13b4768f399c21f7,0.5599325800271993
1c0c57a3e1695908,0.4597257021370823
d44b91625e51f4dd,0.46666182848986093
7c116f83d66d4d7e,0.5358695724581746
9a2aa08afc43200d,0.5444753328308225
08ca9cd07a7409a8,0.45527303397406427
fd977996413ba530,0.5293102169580748
d46cd573a30bc5c5,0.5335755671626071
accd7da07699cd97,0.4703356092466655
f4ef27311a20d2ee,0.5454227793466435
90f9ec62bb09cae4,0.49003666402561585
3e4bd7cb180c036c,0.4819500107342666
3b10e5400d9c5a18,0.5284955210834401
307c68261a521348,0.5038003975476134
5fbd5dc44968f5a5,0.4492087134218108
c31376bf321ed9fb,0.5610092333854961
040a6cba68800f26,0.5224851862223228
60032482ec6de708,0.539845514400336
7a9bba85218d432c,0.4574049874039595
223feb6ea3e2e4a0,0.48677116392638453
537434208e811aad,0.5121362558761371
78eebca6471a8b0d,0.543941670783608
4aae94e198fe377b,0.47507230558807545
6bd54790ac40e4b2,0.49003799926172753
23baacad12ef3c64,0.4763300171006597
660783e59c46c780,0.43542917192587827
fddcd5877b12fa38,0.5380635929294488
2a4da298c365ed9a,0.5044469714027435
ebab433f41481d6f,0.5022665693947527
36ebaec849ee8d1c,0.4568416339470698
15d9ef85da6c3fae,0.5009534067348741
ce7275bccf210c92,0.5489544760708264
e7979f38e353a11a,0.5646965524886247
cdd651b39b843e00,0.4671145081187933
589385d11510519a,0.4925812350757546
4c200fb6846bf07b,0.4868483847256534
704bf91d653f6f0c,0.5524923236195085
c14a30aac9d76317,0.4886698012956372
31dd0171e3407d1a,0.46406601892205857
4d01873d35be9819,0.4929864287900315
92013ed2b01ebbb9,0.3658993468793026
100609e51fe04569,0.4757407768629621
cf0640b57fb8e2f6,0.4530050313157886
f364cffceb00831a,0.5305401840621324
26d85ac7e6fc02df,0.5294971653981931
e192c324392b0d42,0.5405083959155046
72c243968a3f5900,0.5213505157049187
5bf6c9e9dfa3a06b,0.5587076396133478
1c5de71c18566fbe,0.4778666782047246
a9540a5076bacefe,0.4715920025366235
b88788d88ccde5ad,0.5123900559655263
b0e1c22f101ce22a,0.4981444078597398
bf6c23c8661af307,0.5190256706384391
0d66f32f2dbd6147,0.4711457566227042
04ebc29f9906d80e,0.5230922967979857
78ccb147e0a632f3,0.5066153746318399
3764a072e82cfdac,0.49281230745390103
83064911369f1386,0.5142943814917704
9996f771614fdb97,0.5588187206408527
af47c1ab4837a625,0.5154961239867325
10aea2a50788974e,0.5059889885400621
b4ede160ab875a1f,0.45809239084065645
a1de67396c55e8aa,0.4342069667795001
857b741c367a82d6,0.3951497898517735
c4a81c1656dec606,0.5506794936486825
95e9d2d188b4b944,0.5363949373108134
5421ae40430b53d2,0.43723453444154803
1c412429675d823c,0.3853979560139552
7b5bd7db8c1f9ccb,0.5045566721646303
ee803ca31a34f9d8,0.5545603031059876
8139337694b85693,0.5507206084028192
e86d24c4fbb487d7,0.4075484461039942
74f4ad503e30983b,0.4675143547790138
09963b8511d41c4d,0.5542365886013984
fd60da10e1a248e8,0.5008502598777407
ef8b20ad1d697b69,0.5655576198469635
7a45eb25d683b360,0.5173827305425802
2f1a482a94d9f6d2,0.5117619952189272
2f5dcae7f1308d2f,0.5056526224270432
1b10c98e15fba2ed,0.5134769322268815
b2fc1c144aa1c3df,0.47819703578304695
3f7b6ec19bb36165,0.5302800567532601
cff5303bdc5b16cc,0.5364589918900193
8939a9f4b04c42f6,0.4853822770097058
6221c1fd2f01792a,0.3832287963003579
a05406ecaf8b3eb4,0.5360274401108555
4bc1287bfb8a2117,0.5444070439707357
6181d9d027921875,0.49346340909016084
38981709e0999ae1,0.4606473241249185
6c6ed440afeea44d,0.5425941713783595
536ba1f009451cbc,0.5661844794350284
cd3b741238270ce6,0.46124671635706416
294ef0c26a68ed32,0.4733604030606485
f1f001c5ee3c8adb,0.5451326155416323
05c8e7132711f993,0.5559693716604652
73577596830d2e7c,0.4480859864841169
b8730cc5a7bb7c91,0.5238339262973803
c551dcf84d38d961,0.5435562575718714
4328e4af4497e6e5,0.47119588257590783
6f2058de05e01367,0.5526393634155159
8bebd6c681d0ae49,0.48877983862091556
bb165dc9b960502c,0.48147072977086036
089ea4552e4ae0d9,0.5198217369433374
20d0f63a731fdf30,0.500439955347711
d004e2d45f63f6ed,0.44848414707011675
ca46e27956882999,0.5351149397880418
ce4e40f17bf7da07,0.5267171717649126
a6f4383005f44e02,0.5344493354166922
25e983491981460b,0.4589110927869442
7c453e6ebec4300a,0.4878120874565086
6b621f45dc01ef16,0.5129487065673841
77c9de975bd8fd5d,0.5475854486517615
8a10f94e8cc92490,0.4828840271955982
b2219d11f7012434,0.4896857005660322
1763f3f177f52e38,0.4699311453322873
313a9deee29fc2ac,0.43300890334539444
6494461148302b4d,0.5427828031762465
8dc86df1ebe62e38,0.4920166936160153
07f40d377aed06f0,0.49576055066396685
85db23368b2b79fc,0.4728526404196597
54c8c6a10a93f5f3,0.49353806885857177
46a9df3eb3da23e0,0.5509126282213148
fbd1ac25489c2be4,0.5709476800981828
a32c650eb0b802ad,0.47055456284357144
a12f5bfe33040eda,0.47945604725913327
76f098cd25dcb4f6,0.4704089314162987
9196fc0f20e47400,0.540666512339594
52125785ad990d57,0.48532154558633556
bc9b8dd8e57ed9f9,0.45289380993064265
b07e5404715d8704,0.49170632643112167
393ee12d679202f4,0.3704325978391032
5b4963a8932251cc,0.46777707803727253
4159e884ad7ada0d,0.4573545386233637
cf35c8bf8faba8bd,0.5274042956216207
5b91cc7c133f3372,0.5321393812098609
